2026-08-20T18:14:03.085542235Z GetCartAsync called with userId=0728d167-2761-48a1-aeec-e206b6deb841
2026-08-20T18:14:03.565376663Z GetCartAsync called with userId=ed2bd629-462b-4498-b459-53ecfb2738ff
2026-08-20T18:14:03.755786724Z GetCartAsync called with userId=e35cdbc1-2ed0-4bec-bc66-901678ac7395
2026-08-20T18:14:04.284526043Z GetCartAsync called with userId=f1f7dda7-81d8-47cb-ab27-9aab5835a795
2026-08-20T18:14:04.557505921Z GetCartAsync called with userId=b23ae0af-66fc-48c3-982a-ce2e587a4f74
2026-08-20T18:14:04.585601538Z GetCartAsync called with userId=1a181e6f-68e2-4fd1-accf-0d94e94e749b
2026-08-20T18:14:05.082643181Z GetCartAsync called with userId=a582456c-5e50-4b48-9272-8e09a6ab3449
2026-08-20T18:14:06.531623486Z GetCartAsync called with userId=b23ae0af-66fc-48c3-982a-ce2e587a4f74
2026-08-20T18:14:06.753743297Z GetCartAsync called with userId=8494152f-8303-4d94-92cf-65c48088bbe8
2026-08-20T18:14:07.112186586Z GetCartAsync called with userId=1a181e6f-68e2-4fd1-accf-0d94e94e749b
2026-08-20T18:14:07.256391723Z Checking CartService Health
2026-08-20T18:14:07.264406897Z Checking CartService Health
2026-08-20T18:14:07.957207846Z GetCartAsync called with userId=13964ae0-2c1b-42fd-9617-4df3670f57f2
2026-08-20T18:14:08.299622386Z GetCartAsync called with userId=6fa6405a-d852-42c5-817f-c0cd16c5c2e8
2026-08-20T18:14:08.333643123Z AddItemAsync called with userId=6fa6405a-d852-42c5-817f-c0cd16c5c2e8, productId=6E92ZMYYFZ, quantity=2
2026-08-20T18:14:08.348242799Z GetCartAsync called with userId=6fa6405a-d852-42c5-817f-c0cd16c5c2e8
2026-08-20T18:14:08.813287251Z GetCartAsync called with userId=70df1040-b24f-4a7c-be0d-307211fdf697
2026-08-20T18:14:09.060642231Z GetCartAsync called with userId=1a181e6f-68e2-4fd1-accf-0d94e94e749b
2026-08-20T18:14:09.075915088Z AddItemAsync called with userId=1a181e6f-68e2-4fd1-accf-0d94e94e749b, productId=2ZYFJ3GM2N, quantity=3
2026-08-20T18:14:09.081123221Z GetCartAsync called with userId=1a181e6f-68e2-4fd1-accf-0d94e94e749b
2026-08-20T18:14:09.246252202Z GetCartAsync called with userId=cba1eabe-9fa2-4ea5-94da-7b5449b2a8b1
2026-08-20T18:14:09.263750430Z AddItemAsync called with userId=cba1eabe-9fa2-4ea5-94da-7b5449b2a8b1, productId=OLJCESPC7Z, quantity=10
2026-08-20T18:14:09.270049296Z GetCartAsync called with userId=cba1eabe-9fa2-4ea5-94da-7b5449b2a8b1
2026-08-20T18:14:09.417643544Z GetCartAsync called with userId=eced0255-1d22-451f-a10a-ade79d3edfea
2026-08-20T18:14:09.556942384Z GetCartAsync called with userId=13964ae0-2c1b-42fd-9617-4df3670f57f2
2026-08-20T18:14:09.570124287Z GetCartAsync called with userId=11b93b3f-3a87-4cb6-881f-9bf889b50835
2026-08-20T18:14:09.877054412Z GetCartAsync called with userId=f1f7dda7-81d8-47cb-ab27-9aab5835a795
2026-08-20T18:14:11.447628803Z GetCartAsync called with userId=0728d167-2761-48a1-aeec-e206b6deb841
2026-08-20T18:14:11.545040849Z GetCartAsync called with userId=6fa6405a-d852-42c5-817f-c0cd16c5c2e8
2026-08-20T18:14:11.648177291Z GetCartAsync called with userId=e35cdbc1-2ed0-4bec-bc66-901678ac7395
2026-08-20T18:14:12.410288969Z GetCartAsync called with userId=1a181e6f-68e2-4fd1-accf-0d94e94e749b
2026-08-20T18:14:12.453523927Z AddItemAsync called with userId=1a181e6f-68e2-4fd1-accf-0d94e94e749b, productId=LS4PSXUNUM, quantity=9
2026-08-20T18:14:12.524541175Z GetCartAsync called with userId=1a181e6f-68e2-4fd1-accf-0d94e94e749b
2026-08-20T18:14:12.656729843Z GetCartAsync called with userId=1a181e6f-68e2-4fd1-accf-0d94e94e749b
2026-08-20T18:14:12.737891632Z EmptyCartAsync called with userId=1a181e6f-68e2-4fd1-accf-0d94e94e749b
2026-08-20T18:14:12.851380999Z GetCartAsync called with userId=a582456c-5e50-4b48-9272-8e09a6ab3449
2026-08-20T18:14:13.011199767Z GetCartAsync called with userId=13964ae0-2c1b-42fd-9617-4df3670f57f2
2026-08-20T18:14:13.346276904Z GetCartAsync called with userId=b23ae0af-66fc-48c3-982a-ce2e587a4f74
2026-08-20T18:14:13.591127537Z GetCartAsync called with userId=8870cb35-48e5-45ab-94ac-5eb0b9d3dc41
2026-08-20T18:14:14.246222558Z GetCartAsync called with userId=0728d167-2761-48a1-aeec-e206b6deb841
2026-08-20T18:14:14.917265842Z GetCartAsync called with userId=11b93b3f-3a87-4cb6-881f-9bf889b50835
2026-08-20T18:14:15.093559238Z GetCartAsync called with userId=ed2bd629-462b-4498-b459-53ecfb2738ff
2026-08-20T18:14:15.322204777Z GetCartAsync called with userId=f1f7dda7-81d8-47cb-ab27-9aab5835a795
2026-08-20T18:14:16.075581293Z GetCartAsync called with userId=8494152f-8303-4d94-92cf-65c48088bbe8
2026-08-20T18:14:16.230349040Z GetCartAsync called with userId=70df1040-b24f-4a7c-be0d-307211fdf697
2026-08-20T18:14:16.723889579Z GetCartAsync called with userId=1a181e6f-68e2-4fd1-accf-0d94e94e749b
2026-08-20T18:14:16.843521502Z GetCartAsync called with userId=a582456c-5e50-4b48-9272-8e09a6ab3449
2026-08-20T18:14:17.255859547Z Checking CartService Health
2026-08-20T18:14:17.261975900Z Checking CartService Health
2026-08-20T18:14:18.003645776Z GetCartAsync called with userId=11b93b3f-3a87-4cb6-881f-9bf889b50835
2026-08-20T18:14:18.110491225Z GetCartAsync called with userId=70df1040-b24f-4a7c-be0d-307211fdf697
2026-08-20T18:14:18.455151441Z GetCartAsync called with userId=13964ae0-2c1b-42fd-9617-4df3670f57f2
2026-08-20T18:14:18.483622745Z GetCartAsync called with userId=cba1eabe-9fa2-4ea5-94da-7b5449b2a8b1
2026-08-20T18:14:18.702976441Z GetCartAsync called with userId=8494152f-8303-4d94-92cf-65c48088bbe8
2026-08-20T18:14:19.783218683Z GetCartAsync called with userId=6fa6405a-d852-42c5-817f-c0cd16c5c2e8
2026-08-20T18:14:19.783936972Z GetCartAsync called with userId=e35cdbc1-2ed0-4bec-bc66-901678ac7395
2026-08-20T18:14:19.783948073Z GetCartAsync called with userId=f1f7dda7-81d8-47cb-ab27-9aab5835a795
2026-08-20T18:14:20.178777364Z GetCartAsync called with userId=8494152f-8303-4d94-92cf-65c48088bbe8
2026-08-20T18:14:20.337559905Z GetCartAsync called with userId=8870cb35-48e5-45ab-94ac-5eb0b9d3dc41
2026-08-20T18:14:20.752437551Z GetCartAsync called with userId=eced0255-1d22-451f-a10a-ade79d3edfea
2026-08-20T18:14:21.276988640Z GetCartAsync called with userId=ed2bd629-462b-4498-b459-53ecfb2738ff
2026-08-20T18:14:21.283491837Z GetCartAsync called with userId=11b93b3f-3a87-4cb6-881f-9bf889b50835
2026-08-20T18:14:21.348549511Z GetCartAsync called with userId=8494152f-8303-4d94-92cf-65c48088bbe8
2026-08-20T18:14:21.361526601Z AddItemAsync called with userId=ed2bd629-462b-4498-b459-53ecfb2738ff, productId=OLJCESPC7Z, quantity=9
2026-08-20T18:14:21.444492069Z GetCartAsync called with userId=ed2bd629-462b-4498-b459-53ecfb2738ff
2026-08-20T18:14:21.551104036Z GetCartAsync called with userId=0728d167-2761-48a1-aeec-e206b6deb841
2026-08-20T18:14:21.651922892Z AddItemAsync called with userId=8494152f-8303-4d94-92cf-65c48088bbe8, productId=L9ECAV7KIM, quantity=5
2026-08-20T18:14:21.747829847Z GetCartAsync called with userId=ed2bd629-462b-4498-b459-53ecfb2738ff
2026-08-20T18:14:21.763295742Z GetCartAsync called with userId=8494152f-8303-4d94-92cf-65c48088bbe8
2026-08-20T18:14:21.763367251Z GetCartAsync called with userId=cba1eabe-9fa2-4ea5-94da-7b5449b2a8b1
2026-08-20T18:14:21.843698496Z EmptyCartAsync called with userId=ed2bd629-462b-4498-b459-53ecfb2738ff
2026-08-20T18:14:22.048072344Z GetCartAsync called with userId=8494152f-8303-4d94-92cf-65c48088bbe8
2026-08-20T18:14:22.147010270Z EmptyCartAsync called with userId=8494152f-8303-4d94-92cf-65c48088bbe8
2026-08-20T18:14:22.377437111Z GetCartAsync called with userId=70df1040-b24f-4a7c-be0d-307211fdf697
2026-08-20T18:14:22.391893783Z GetCartAsync called with userId=b23ae0af-66fc-48c3-982a-ce2e587a4f74
2026-08-20T18:14:22.644313220Z GetCartAsync called with userId=a582456c-5e50-4b48-9272-8e09a6ab3449
2026-08-20T18:14:23.207758876Z GetCartAsync called with userId=e35cdbc1-2ed0-4bec-bc66-901678ac7395
2026-08-20T18:14:23.269680065Z GetCartAsync called with userId=1a181e6f-68e2-4fd1-accf-0d94e94e749b
2026-08-20T18:14:23.433613157Z GetCartAsync called with userId=8494152f-8303-4d94-92cf-65c48088bbe8
2026-08-20T18:14:23.742208778Z GetCartAsync called with userId=0728d167-2761-48a1-aeec-e206b6deb841
2026-08-20T18:14:24.601084042Z GetCartAsync called with userId=8870cb35-48e5-45ab-94ac-5eb0b9d3dc41
2026-08-20T18:14:24.691606036Z GetCartAsync called with userId=70df1040-b24f-4a7c-be0d-307211fdf697
2026-08-20T18:14:25.545207354Z GetCartAsync called with userId=eced0255-1d22-451f-a10a-ade79d3edfea
2026-08-20T18:14:25.629504185Z GetCartAsync called with userId=ed2bd629-462b-4498-b459-53ecfb2738ff
2026-08-20T18:14:26.771382134Z GetCartAsync called with userId=f1f7dda7-81d8-47cb-ab27-9aab5835a795
2026-08-20T18:14:27.261372888Z Checking CartService Health
2026-08-20T18:14:27.267366622Z Checking CartService Health
2026-08-20T18:14:27.517547484Z GetCartAsync called with userId=e35cdbc1-2ed0-4bec-bc66-901678ac7395
2026-08-20T18:14:28.104506722Z GetCartAsync called with userId=cba1eabe-9fa2-4ea5-94da-7b5449b2a8b1
2026-08-20T18:14:28.145155904Z AddItemAsync called with userId=cba1eabe-9fa2-4ea5-94da-7b5449b2a8b1, productId=L9ECAV7KIM, quantity=2
2026-08-20T18:14:28.156659314Z GetCartAsync called with userId=cba1eabe-9fa2-4ea5-94da-7b5449b2a8b1
2026-08-20T18:14:28.473086395Z GetCartAsync called with userId=13964ae0-2c1b-42fd-9617-4df3670f57f2
2026-08-20T18:14:29.201274464Z GetCartAsync called with userId=6fa6405a-d852-42c5-817f-c0cd16c5c2e8
2026-08-20T18:14:29.861072399Z GetCartAsync called with userId=a582456c-5e50-4b48-9272-8e09a6ab3449
2026-08-20T18:14:29.965893195Z GetCartAsync called with userId=b23ae0af-66fc-48c3-982a-ce2e587a4f74
2026-08-20T18:14:30.703175371Z GetCartAsync called with userId=8494152f-8303-4d94-92cf-65c48088bbe8
2026-08-20T18:14:30.866367202Z GetCartAsync called with userId=11b93b3f-3a87-4cb6-881f-9bf889b50835
2026-08-20T18:14:30.878289478Z AddItemAsync called with userId=11b93b3f-3a87-4cb6-881f-9bf889b50835, productId=L9ECAV7KIM, quantity=5
2026-08-20T18:14:30.881971003Z GetCartAsync called with userId=11b93b3f-3a87-4cb6-881f-9bf889b50835
2026-08-20T18:14:31.762919357Z GetCartAsync called with userId=8870cb35-48e5-45ab-94ac-5eb0b9d3dc41
2026-08-20T18:14:31.775440702Z AddItemAsync called with userId=8870cb35-48e5-45ab-94ac-5eb0b9d3dc41, productId=L9ECAV7KIM, quantity=10
2026-08-20T18:14:31.779362654Z GetCartAsync called with userId=8870cb35-48e5-45ab-94ac-5eb0b9d3dc41
2026-08-20T18:14:31.947101510Z GetCartAsync called with userId=1a181e6f-68e2-4fd1-accf-0d94e94e749b
2026-08-20T18:14:32.004075084Z GetCartAsync called with userId=8494152f-8303-4d94-92cf-65c48088bbe8
2026-08-20T18:14:32.205312205Z GetCartAsync called with userId=13964ae0-2c1b-42fd-9617-4df3670f57f2
2026-08-20T18:14:32.284560050Z GetCartAsync called with userId=0728d167-2761-48a1-aeec-e206b6deb841
2026-08-20T18:14:32.299044821Z AddItemAsync called with userId=0728d167-2761-48a1-aeec-e206b6deb841, productId=2ZYFJ3GM2N, quantity=9
2026-08-20T18:14:32.304098804Z GetCartAsync called with userId=0728d167-2761-48a1-aeec-e206b6deb841
2026-08-20T18:14:32.323240713Z GetCartAsync called with userId=0728d167-2761-48a1-aeec-e206b6deb841
2026-08-20T18:14:32.329382033Z EmptyCartAsync called with userId=0728d167-2761-48a1-aeec-e206b6deb841
2026-08-20T18:14:33.931102259Z GetCartAsync called with userId=70df1040-b24f-4a7c-be0d-307211fdf697
2026-08-20T18:14:34.245552143Z GetCartAsync called with userId=eced0255-1d22-451f-a10a-ade79d3edfea
2026-08-20T18:14:34.423253049Z GetCartAsync called with userId=ed2bd629-462b-4498-b459-53ecfb2738ff
2026-08-20T18:14:35.791070983Z GetCartAsync called with userId=0728d167-2761-48a1-aeec-e206b6deb841
2026-08-20T18:14:35.812512358Z GetCartAsync called with userId=f1f7dda7-81d8-47cb-ab27-9aab5835a795
2026-08-20T18:14:36.175129501Z GetCartAsync called with userId=e35cdbc1-2ed0-4bec-bc66-901678ac7395
2026-08-20T18:14:36.953598089Z GetCartAsync called with userId=8870cb35-48e5-45ab-94ac-5eb0b9d3dc41
2026-08-20T18:14:37.254803697Z Checking CartService Health
2026-08-20T18:14:37.258074478Z Checking CartService Health
2026-08-20T18:14:37.835425573Z GetCartAsync called with userId=b23ae0af-66fc-48c3-982a-ce2e587a4f74
2026-08-20T18:14:38.143445876Z GetCartAsync called with userId=cba1eabe-9fa2-4ea5-94da-7b5449b2a8b1
2026-08-20T18:14:39.523366018Z GetCartAsync called with userId=a582456c-5e50-4b48-9272-8e09a6ab3449
2026-08-20T18:14:39.978047815Z GetCartAsync called with userId=1a181e6f-68e2-4fd1-accf-0d94e94e749b
2026-08-20T18:14:40.048147485Z GetCartAsync called with userId=0728d167-2761-48a1-aeec-e206b6deb841
2026-08-20T18:14:40.307091167Z GetCartAsync called with userId=11b93b3f-3a87-4cb6-881f-9bf889b50835
2026-08-20T18:14:40.470538119Z GetCartAsync called with userId=cba1eabe-9fa2-4ea5-94da-7b5449b2a8b1
2026-08-20T18:14:40.627648131Z GetCartAsync called with userId=8870cb35-48e5-45ab-94ac-5eb0b9d3dc41
2026-08-20T18:14:41.162481171Z GetCartAsync called with userId=13964ae0-2c1b-42fd-9617-4df3670f57f2
2026-08-20T18:14:42.411797289Z GetCartAsync called with userId=70df1040-b24f-4a7c-be0d-307211fdf697
2026-08-20T18:14:42.975116549Z GetCartAsync called with userId=8494152f-8303-4d94-92cf-65c48088bbe8
2026-08-20T18:14:43.077972838Z GetCartAsync called with userId=6fa6405a-d852-42c5-817f-c0cd16c5c2e8
2026-08-20T18:14:43.079328396Z AddItemAsync called with userId=8494152f-8303-4d94-92cf-65c48088bbe8, productId=LS4PSXUNUM, quantity=6
2026-08-20T18:14:43.142351242Z GetCartAsync called with userId=8494152f-8303-4d94-92cf-65c48088bbe8
2026-08-20T18:14:43.300354858Z GetCartAsync called with userId=ed2bd629-462b-4498-b459-53ecfb2738ff
2026-08-20T18:14:43.992703857Z GetCartAsync called with userId=eced0255-1d22-451f-a10a-ade79d3edfea
2026-08-20T18:14:44.834435585Z GetCartAsync called with userId=f1f7dda7-81d8-47cb-ab27-9aab5835a795
2026-08-20T18:14:45.217602607Z GetCartAsync called with userId=13964ae0-2c1b-42fd-9617-4df3670f57f2
2026-08-20T18:14:45.690765967Z GetCartAsync called with userId=11b93b3f-3a87-4cb6-881f-9bf889b50835
2026-08-20T18:14:45.709788337Z AddItemAsync called with userId=11b93b3f-3a87-4cb6-881f-9bf889b50835, productId=1YMWWN1N4O, quantity=1
2026-08-20T18:14:45.714553606Z GetCartAsync called with userId=11b93b3f-3a87-4cb6-881f-9bf889b50835
2026-08-20T18:14:46.101202143Z GetCartAsync called with userId=eced0255-1d22-451f-a10a-ade79d3edfea
2026-08-20T18:14:46.145145487Z GetCartAsync called with userId=b23ae0af-66fc-48c3-982a-ce2e587a4f74
2026-08-20T18:14:46.378834572Z GetCartAsync called with userId=13964ae0-2c1b-42fd-9617-4df3670f57f2
2026-08-20T18:14:46.828785663Z GetCartAsync called with userId=1a181e6f-68e2-4fd1-accf-0d94e94e749b
2026-08-20T18:14:47.183624805Z GetCartAsync called with userId=cba1eabe-9fa2-4ea5-94da-7b5449b2a8b1
2026-08-20T18:14:47.252014565Z Checking CartService Health
2026-08-20T18:14:47.258149197Z Checking CartService Health
2026-08-20T18:14:48.068037838Z GetCartAsync called with userId=e35cdbc1-2ed0-4bec-bc66-901678ac7395
2026-08-20T18:14:48.141223771Z GetCartAsync called with userId=8870cb35-48e5-45ab-94ac-5eb0b9d3dc41
2026-08-20T18:14:48.284222235Z GetCartAsync called with userId=ed2bd629-462b-4498-b459-53ecfb2738ff
2026-08-20T18:14:48.346136323Z AddItemAsync called with userId=ed2bd629-462b-4498-b459-53ecfb2738ff, productId=2ZYFJ3GM2N, quantity=3
2026-08-20T18:14:48.357808816Z GetCartAsync called with userId=ed2bd629-462b-4498-b459-53ecfb2738ff
2026-08-20T18:14:48.569659395Z GetCartAsync called with userId=a582456c-5e50-4b48-9272-8e09a6ab3449
2026-08-20T18:14:48.796720889Z GetCartAsync called with userId=13964ae0-2c1b-42fd-9617-4df3670f57f2
2026-08-20T18:14:49.202295785Z GetCartAsync called with userId=0728d167-2761-48a1-aeec-e206b6deb841
2026-08-20T18:14:50.021527341Z GetCartAsync called with userId=6fa6405a-d852-42c5-817f-c0cd16c5c2e8
2026-08-20T18:14:50.129292500Z GetCartAsync called with userId=8494152f-8303-4d94-92cf-65c48088bbe8
2026-08-20T18:14:50.511673928Z GetCartAsync called with userId=70df1040-b24f-4a7c-be0d-307211fdf697
2026-08-20T18:14:51.493539890Z GetCartAsync called with userId=8870cb35-48e5-45ab-94ac-5eb0b9d3dc41
2026-08-20T18:14:52.392475457Z GetCartAsync called with userId=cba1eabe-9fa2-4ea5-94da-7b5449b2a8b1
2026-08-20T18:14:52.551423124Z GetCartAsync called with userId=ed2bd629-462b-4498-b459-53ecfb2738ff
2026-08-20T18:14:52.628824645Z GetCartAsync called with userId=11b93b3f-3a87-4cb6-881f-9bf889b50835
2026-08-20T18:14:53.092850489Z GetCartAsync called with userId=6fa6405a-d852-42c5-817f-c0cd16c5c2e8
2026-08-20T18:14:53.215653289Z GetCartAsync called with userId=8870cb35-48e5-45ab-94ac-5eb0b9d3dc41
2026-08-20T18:14:54.040574343Z GetCartAsync called with userId=e35cdbc1-2ed0-4bec-bc66-901678ac7395
2026-08-20T18:14:54.042055298Z GetCartAsync called with userId=eced0255-1d22-451f-a10a-ade79d3edfea
2026-08-20T18:14:54.192103160Z GetCartAsync called with userId=f1f7dda7-81d8-47cb-ab27-9aab5835a795
2026-08-20T18:14:54.362743085Z GetCartAsync called with userId=b23ae0af-66fc-48c3-982a-ce2e587a4f74
2026-08-20T18:14:54.444739998Z AddItemAsync called with userId=b23ae0af-66fc-48c3-982a-ce2e587a4f74, productId=2ZYFJ3GM2N, quantity=10
2026-08-20T18:14:54.449920342Z GetCartAsync called with userId=b23ae0af-66fc-48c3-982a-ce2e587a4f74
2026-08-20T18:14:54.506946233Z GetCartAsync called with userId=cba1eabe-9fa2-4ea5-94da-7b5449b2a8b1
2026-08-20T18:14:54.544802309Z GetCartAsync called with userId=6fa6405a-d852-42c5-817f-c0cd16c5c2e8
2026-08-20T18:14:55.373099618Z GetCartAsync called with userId=1a181e6f-68e2-4fd1-accf-0d94e94e749b
2026-08-20T18:14:55.450026699Z AddItemAsync called with userId=1a181e6f-68e2-4fd1-accf-0d94e94e749b, productId=OLJCESPC7Z, quantity=3
2026-08-20T18:14:55.456893420Z GetCartAsync called with userId=1a181e6f-68e2-4fd1-accf-0d94e94e749b
2026-08-20T18:14:55.542153876Z GetCartAsync called with userId=0728d167-2761-48a1-aeec-e206b6deb841
2026-08-20T18:14:56.394576919Z GetCartAsync called with userId=8870cb35-48e5-45ab-94ac-5eb0b9d3dc41
2026-08-20T18:14:56.583699485Z GetCartAsync called with userId=a582456c-5e50-4b48-9272-8e09a6ab3449
2026-08-20T18:14:56.676846870Z GetCartAsync called with userId=b23ae0af-66fc-48c3-982a-ce2e587a4f74
2026-08-20T18:14:57.255479052Z Checking CartService Health
2026-08-20T18:14:57.263198263Z Checking CartService Health
2026-08-20T18:14:57.719093253Z GetCartAsync called with userId=f1f7dda7-81d8-47cb-ab27-9aab5835a795
2026-08-20T18:14:57.763422909Z GetCartAsync called with userId=70df1040-b24f-4a7c-be0d-307211fdf697
2026-08-20T18:14:58.495119270Z GetCartAsync called with userId=13964ae0-2c1b-42fd-9617-4df3670f57f2
2026-08-20T18:14:59.591984991Z GetCartAsync called with userId=8494152f-8303-4d94-92cf-65c48088bbe8
2026-08-20T18:15:00.487731684Z GetCartAsync called with userId=eced0255-1d22-451f-a10a-ade79d3edfea
2026-08-20T18:15:01.023300892Z GetCartAsync called with userId=11b93b3f-3a87-4cb6-881f-9bf889b50835
2026-08-20T18:15:01.033324993Z GetCartAsync called with userId=0728d167-2761-48a1-aeec-e206b6deb841
2026-08-20T18:15:01.045927522Z GetCartAsync called with userId=f1f7dda7-81d8-47cb-ab27-9aab5835a795
2026-08-20T18:15:01.243182473Z AddItemAsync called with userId=f1f7dda7-81d8-47cb-ab27-9aab5835a795, productId=L9ECAV7KIM, quantity=2
2026-08-20T18:15:01.342277122Z GetCartAsync called with userId=f1f7dda7-81d8-47cb-ab27-9aab5835a795
2026-08-20T18:15:01.443564680Z GetCartAsync called with userId=cba1eabe-9fa2-4ea5-94da-7b5449b2a8b1
2026-08-20T18:15:01.444445524Z GetCartAsync called with userId=70df1040-b24f-4a7c-be0d-307211fdf697
2026-08-20T18:15:01.569288959Z GetCartAsync called with userId=13964ae0-2c1b-42fd-9617-4df3670f57f2
2026-08-20T18:15:01.582195503Z AddItemAsync called with userId=13964ae0-2c1b-42fd-9617-4df3670f57f2, productId=2ZYFJ3GM2N, quantity=9
2026-08-20T18:15:01.622799731Z GetCartAsync called with userId=13964ae0-2c1b-42fd-9617-4df3670f57f2
2026-08-20T18:15:01.653470763Z GetCartAsync called with userId=13964ae0-2c1b-42fd-9617-4df3670f57f2
2026-08-20T18:15:01.667913684Z EmptyCartAsync called with userId=13964ae0-2c1b-42fd-9617-4df3670f57f2
2026-08-20T18:15:02.972666946Z GetCartAsync called with userId=0728d167-2761-48a1-aeec-e206b6deb841
2026-08-20T18:15:03.346098395Z GetCartAsync called with userId=e35cdbc1-2ed0-4bec-bc66-901678ac7395
2026-08-20T18:15:03.793513439Z GetCartAsync called with userId=1a181e6f-68e2-4fd1-accf-0d94e94e749b
2026-08-20T18:15:04.568081420Z GetCartAsync called with userId=6fa6405a-d852-42c5-817f-c0cd16c5c2e8
2026-08-20T18:15:04.686022310Z GetCartAsync called with userId=ed2bd629-462b-4498-b459-53ecfb2738ff
2026-08-20T18:15:05.202236589Z GetCartAsync called with userId=a582456c-5e50-4b48-9272-8e09a6ab3449
2026-08-20T18:15:05.769181902Z GetCartAsync called with userId=8870cb35-48e5-45ab-94ac-5eb0b9d3dc41
2026-08-20T18:15:05.876277751Z GetCartAsync called with userId=0728d167-2761-48a1-aeec-e206b6deb841
2026-08-20T18:15:05.986192240Z GetCartAsync called with userId=cba1eabe-9fa2-4ea5-94da-7b5449b2a8b1
2026-08-20T18:15:06.032566956Z AddItemAsync called with userId=cba1eabe-9fa2-4ea5-94da-7b5449b2a8b1, productId=6E92ZMYYFZ, quantity=10
2026-08-20T18:15:06.037848419Z GetCartAsync called with userId=cba1eabe-9fa2-4ea5-94da-7b5449b2a8b1
2026-08-20T18:15:06.538995646Z GetCartAsync called with userId=b23ae0af-66fc-48c3-982a-ce2e587a4f74
2026-08-20T18:15:07.114699197Z GetCartAsync called with userId=eced0255-1d22-451f-a10a-ade79d3edfea
2026-08-20T18:15:07.242999704Z Checking CartService Health
2026-08-20T18:15:07.249185213Z Checking CartService Health
2026-08-20T18:15:07.499096593Z GetCartAsync called with userId=1a181e6f-68e2-4fd1-accf-0d94e94e749b
2026-08-20T18:15:07.541933832Z AddItemAsync called with userId=1a181e6f-68e2-4fd1-accf-0d94e94e749b, productId=66VCHSJNUP, quantity=4
2026-08-20T18:15:07.546541463Z GetCartAsync called with userId=1a181e6f-68e2-4fd1-accf-0d94e94e749b
2026-08-20T18:15:07.562234746Z GetCartAsync called with userId=1a181e6f-68e2-4fd1-accf-0d94e94e749b
2026-08-20T18:15:07.572071937Z EmptyCartAsync called with userId=1a181e6f-68e2-4fd1-accf-0d94e94e749b
2026-08-20T18:15:07.588139340Z GetCartAsync called with userId=cba1eabe-9fa2-4ea5-94da-7b5449b2a8b1
2026-08-20T18:15:08.100100207Z GetCartAsync called with userId=8494152f-8303-4d94-92cf-65c48088bbe8
2026-08-20T18:15:08.622278694Z GetCartAsync called with userId=11b93b3f-3a87-4cb6-881f-9bf889b50835
2026-08-20T18:15:08.633966410Z AddItemAsync called with userId=11b93b3f-3a87-4cb6-881f-9bf889b50835, productId=6E92ZMYYFZ, quantity=1
2026-08-20T18:15:08.638441883Z GetCartAsync called with userId=11b93b3f-3a87-4cb6-881f-9bf889b50835
2026-08-20T18:15:08.721972178Z GetCartAsync called with userId=11b93b3f-3a87-4cb6-881f-9bf889b50835
2026-08-20T18:15:08.722002004Z GetCartAsync called with userId=70df1040-b24f-4a7c-be0d-307211fdf697
2026-08-20T18:15:08.742006718Z EmptyCartAsync called with userId=11b93b3f-3a87-4cb6-881f-9bf889b50835
2026-08-20T18:15:09.254023163Z GetCartAsync called with userId=f1f7dda7-81d8-47cb-ab27-9aab5835a795
2026-08-20T18:15:09.683431913Z GetCartAsync called with userId=1a181e6f-68e2-4fd1-accf-0d94e94e749b
2026-08-20T18:15:10.015460681Z GetCartAsync called with userId=6fa6405a-d852-42c5-817f-c0cd16c5c2e8
2026-08-20T18:15:10.328723507Z GetCartAsync called with userId=8494152f-8303-4d94-92cf-65c48088bbe8
2026-08-20T18:15:10.329048988Z GetCartAsync called with userId=13964ae0-2c1b-42fd-9617-4df3670f57f2
2026-08-20T18:15:10.331693677Z GetCartAsync called with userId=ed2bd629-462b-4498-b459-53ecfb2738ff
2026-08-20T18:15:11.128700680Z GetCartAsync called with userId=e35cdbc1-2ed0-4bec-bc66-901678ac7395
2026-08-20T18:15:11.501500434Z GetCartAsync called with userId=13964ae0-2c1b-42fd-9617-4df3670f57f2
2026-08-20T18:15:12.487161015Z GetCartAsync called with userId=0728d167-2761-48a1-aeec-e206b6deb841
2026-08-20T18:15:12.574221064Z GetCartAsync called with userId=a582456c-5e50-4b48-9272-8e09a6ab3449
2026-08-20T18:15:12.586613089Z AddItemAsync called with userId=a582456c-5e50-4b48-9272-8e09a6ab3449, productId=66VCHSJNUP, quantity=3
2026-08-20T18:15:12.592235956Z GetCartAsync called with userId=a582456c-5e50-4b48-9272-8e09a6ab3449
2026-08-20T18:15:13.416643573Z GetCartAsync called with userId=13964ae0-2c1b-42fd-9617-4df3670f57f2
2026-08-20T18:15:14.133860828Z GetCartAsync called with userId=70df1040-b24f-4a7c-be0d-307211fdf697
2026-08-20T18:15:14.595599416Z GetCartAsync called with userId=cba1eabe-9fa2-4ea5-94da-7b5449b2a8b1
2026-08-20T18:15:14.610257149Z AddItemAsync called with userId=cba1eabe-9fa2-4ea5-94da-7b5449b2a8b1, productId=1YMWWN1N4O, quantity=6
2026-08-20T18:15:14.614508751Z GetCartAsync called with userId=cba1eabe-9fa2-4ea5-94da-7b5449b2a8b1
2026-08-20T18:15:14.621656996Z GetCartAsync called with userId=6fa6405a-d852-42c5-817f-c0cd16c5c2e8
2026-08-20T18:15:14.644816934Z GetCartAsync called with userId=cba1eabe-9fa2-4ea5-94da-7b5449b2a8b1
2026-08-20T18:15:14.724150013Z EmptyCartAsync called with userId=cba1eabe-9fa2-4ea5-94da-7b5449b2a8b1
2026-08-20T18:15:14.866464038Z GetCartAsync called with userId=b23ae0af-66fc-48c3-982a-ce2e587a4f74
2026-08-20T18:15:15.223615061Z GetCartAsync called with userId=1a181e6f-68e2-4fd1-accf-0d94e94e749b
2026-08-20T18:15:15.285909025Z GetCartAsync called with userId=11b93b3f-3a87-4cb6-881f-9bf889b50835
2026-08-20T18:15:15.311630766Z AddItemAsync called with userId=11b93b3f-3a87-4cb6-881f-9bf889b50835, productId=L9ECAV7KIM, quantity=2
2026-08-20T18:15:15.323314247Z GetCartAsync called with userId=11b93b3f-3a87-4cb6-881f-9bf889b50835
2026-08-20T18:15:15.413296085Z GetCartAsync called with userId=11b93b3f-3a87-4cb6-881f-9bf889b50835
2026-08-20T18:15:15.437278321Z EmptyCartAsync called with userId=11b93b3f-3a87-4cb6-881f-9bf889b50835
2026-08-20T18:15:15.752910835Z GetCartAsync called with userId=8494152f-8303-4d94-92cf-65c48088bbe8
2026-08-20T18:15:15.820635642Z GetCartAsync called with userId=eced0255-1d22-451f-a10a-ade79d3edfea
2026-08-20T18:15:16.024563050Z GetCartAsync called with userId=f1f7dda7-81d8-47cb-ab27-9aab5835a795
2026-08-20T18:15:16.271976200Z GetCartAsync called with userId=b23ae0af-66fc-48c3-982a-ce2e587a4f74
2026-08-20T18:15:16.820093151Z GetCartAsync called with userId=1a181e6f-68e2-4fd1-accf-0d94e94e749b
2026-08-20T18:15:17.244270441Z Checking CartService Health
2026-08-20T18:15:17.245771075Z GetCartAsync called with userId=70df1040-b24f-4a7c-be0d-307211fdf697
2026-08-20T18:15:17.249334579Z Checking CartService Health
2026-08-20T18:15:17.453762290Z GetCartAsync called with userId=b23ae0af-66fc-48c3-982a-ce2e587a4f74
2026-08-20T18:15:17.987709426Z GetCartAsync called with userId=13964ae0-2c1b-42fd-9617-4df3670f57f2
2026-08-20T18:15:18.135938309Z GetCartAsync called with userId=ed2bd629-462b-4498-b459-53ecfb2738ff
2026-08-20T18:15:18.491856280Z GetCartAsync called with userId=8870cb35-48e5-45ab-94ac-5eb0b9d3dc41
2026-08-20T18:15:18.505911814Z AddItemAsync called with userId=8870cb35-48e5-45ab-94ac-5eb0b9d3dc41, productId=1YMWWN1N4O, quantity=1
2026-08-20T18:15:18.510456133Z GetCartAsync called with userId=8870cb35-48e5-45ab-94ac-5eb0b9d3dc41
2026-08-20T18:15:18.532148091Z GetCartAsync called with userId=8870cb35-48e5-45ab-94ac-5eb0b9d3dc41
2026-08-20T18:15:18.545269731Z EmptyCartAsync called with userId=8870cb35-48e5-45ab-94ac-5eb0b9d3dc41
2026-08-20T18:15:18.979712356Z GetCartAsync called with userId=a582456c-5e50-4b48-9272-8e09a6ab3449
2026-08-20T18:15:19.199604096Z GetCartAsync called with userId=8494152f-8303-4d94-92cf-65c48088bbe8
2026-08-20T18:15:19.726139703Z GetCartAsync called with userId=e35cdbc1-2ed0-4bec-bc66-901678ac7395
2026-08-20T18:15:20.283007916Z GetCartAsync called with userId=0728d167-2761-48a1-aeec-e206b6deb841
2026-08-20T18:15:20.314989919Z GetCartAsync called with userId=a582456c-5e50-4b48-9272-8e09a6ab3449
2026-08-20T18:15:20.480416863Z GetCartAsync called with userId=8870cb35-48e5-45ab-94ac-5eb0b9d3dc41
2026-08-20T18:15:21.373301545Z GetCartAsync called with userId=0728d167-2761-48a1-aeec-e206b6deb841
2026-08-20T18:15:21.394310515Z AddItemAsync called with userId=0728d167-2761-48a1-aeec-e206b6deb841, productId=2ZYFJ3GM2N, quantity=10
2026-08-20T18:15:21.401549071Z GetCartAsync called with userId=0728d167-2761-48a1-aeec-e206b6deb841
2026-08-20T18:15:21.454944615Z GetCartAsync called with userId=0728d167-2761-48a1-aeec-e206b6deb841
2026-08-20T18:15:21.480200779Z EmptyCartAsync called with userId=0728d167-2761-48a1-aeec-e206b6deb841
2026-08-20T18:15:21.622032461Z GetCartAsync called with userId=11b93b3f-3a87-4cb6-881f-9bf889b50835
2026-08-20T18:15:21.638722608Z AddItemAsync called with userId=11b93b3f-3a87-4cb6-881f-9bf889b50835, productId=9SIQT8TOJO, quantity=6
2026-08-20T18:15:21.643067642Z GetCartAsync called with userId=11b93b3f-3a87-4cb6-881f-9bf889b50835
2026-08-20T18:15:22.604293778Z GetCartAsync called with userId=13964ae0-2c1b-42fd-9617-4df3670f57f2
2026-08-20T18:15:22.638414684Z GetCartAsync called with userId=6fa6405a-d852-42c5-817f-c0cd16c5c2e8
2026-08-20T18:15:22.887658817Z GetCartAsync called with userId=a582456c-5e50-4b48-9272-8e09a6ab3449
2026-08-20T18:15:23.205417076Z GetCartAsync called with userId=1a181e6f-68e2-4fd1-accf-0d94e94e749b
2026-08-20T18:15:23.430786929Z GetCartAsync called with userId=cba1eabe-9fa2-4ea5-94da-7b5449b2a8b1
2026-08-20T18:15:23.500721856Z GetCartAsync called with userId=8870cb35-48e5-45ab-94ac-5eb0b9d3dc41
2026-08-20T18:15:24.209006718Z GetCartAsync called with userId=13964ae0-2c1b-42fd-9617-4df3670f57f2
2026-08-20T18:15:24.691127039Z GetCartAsync called with userId=8494152f-8303-4d94-92cf-65c48088bbe8
2026-08-20T18:15:25.273244138Z GetCartAsync called with userId=f1f7dda7-81d8-47cb-ab27-9aab5835a795
2026-08-20T18:15:25.471183482Z GetCartAsync called with userId=cba1eabe-9fa2-4ea5-94da-7b5449b2a8b1
2026-08-20T18:15:25.574207116Z GetCartAsync called with userId=eced0255-1d22-451f-a10a-ade79d3edfea
2026-08-20T18:15:25.932586232Z GetCartAsync called with userId=70df1040-b24f-4a7c-be0d-307211fdf697
2026-08-20T18:15:26.181292258Z GetCartAsync called with userId=8494152f-8303-4d94-92cf-65c48088bbe8
2026-08-20T18:15:26.232518392Z AddItemAsync called with userId=8494152f-8303-4d94-92cf-65c48088bbe8, productId=9SIQT8TOJO, quantity=1
2026-08-20T18:15:26.247717323Z GetCartAsync called with userId=8494152f-8303-4d94-92cf-65c48088bbe8
2026-08-20T18:15:26.261591903Z GetCartAsync called with userId=b23ae0af-66fc-48c3-982a-ce2e587a4f74
2026-08-20T18:15:26.339524279Z GetCartAsync called with userId=ed2bd629-462b-4498-b459-53ecfb2738ff
2026-08-20T18:15:26.456282677Z GetCartAsync called with userId=a582456c-5e50-4b48-9272-8e09a6ab3449
2026-08-20T18:15:27.163280699Z GetCartAsync called with userId=13964ae0-2c1b-42fd-9617-4df3670f57f2
2026-08-20T18:15:27.244371535Z Checking CartService Health
2026-08-20T18:15:27.249626433Z Checking CartService Health
2026-08-20T18:15:27.256125373Z GetCartAsync called with userId=f1f7dda7-81d8-47cb-ab27-9aab5835a795
2026-08-20T18:15:27.902824627Z GetCartAsync called with userId=ed2bd629-462b-4498-b459-53ecfb2738ff
2026-08-20T18:15:28.236517733Z GetCartAsync called with userId=e35cdbc1-2ed0-4bec-bc66-901678ac7395
2026-08-20T18:15:28.243573836Z GetCartAsync called with userId=70df1040-b24f-4a7c-be0d-307211fdf697
2026-08-20T18:15:29.334706408Z GetCartAsync called with userId=f1f7dda7-81d8-47cb-ab27-9aab5835a795
2026-08-20T18:15:29.447784687Z GetCartAsync called with userId=cba1eabe-9fa2-4ea5-94da-7b5449b2a8b1
2026-08-20T18:15:30.021797162Z GetCartAsync called with userId=ed2bd629-462b-4498-b459-53ecfb2738ff
2026-08-20T18:15:30.338086485Z GetCartAsync called with userId=11b93b3f-3a87-4cb6-881f-9bf889b50835
2026-08-20T18:15:30.413388262Z GetCartAsync called with userId=0728d167-2761-48a1-aeec-e206b6deb841
2026-08-20T18:15:30.517184783Z GetCartAsync called with userId=6fa6405a-d852-42c5-817f-c0cd16c5c2e8
2026-08-20T18:15:30.615978435Z GetCartAsync called with userId=1a181e6f-68e2-4fd1-accf-0d94e94e749b
2026-08-20T18:15:30.660742233Z GetCartAsync called with userId=f1f7dda7-81d8-47cb-ab27-9aab5835a795
2026-08-20T18:15:31.055018538Z GetCartAsync called with userId=8870cb35-48e5-45ab-94ac-5eb0b9d3dc41
2026-08-20T18:15:31.330271988Z GetCartAsync called with userId=ed2bd629-462b-4498-b459-53ecfb2738ff
2026-08-20T18:15:32.019095739Z GetCartAsync called with userId=13964ae0-2c1b-42fd-9617-4df3670f57f2
2026-08-20T18:15:32.593528715Z GetCartAsync called with userId=e35cdbc1-2ed0-4bec-bc66-901678ac7395
2026-08-20T18:15:32.929215466Z GetCartAsync called with userId=a582456c-5e50-4b48-9272-8e09a6ab3449
2026-08-20T18:15:33.813985384Z GetCartAsync called with userId=11b93b3f-3a87-4cb6-881f-9bf889b50835
2026-08-20T18:15:33.814064585Z GetCartAsync called with userId=70df1040-b24f-4a7c-be0d-307211fdf697
2026-08-20T18:15:34.181101540Z GetCartAsync called with userId=8494152f-8303-4d94-92cf-65c48088bbe8
2026-08-20T18:15:34.196260412Z AddItemAsync called with userId=8494152f-8303-4d94-92cf-65c48088bbe8, productId=9SIQT8TOJO, quantity=6
2026-08-20T18:15:34.201735174Z GetCartAsync called with userId=8494152f-8303-4d94-92cf-65c48088bbe8
2026-08-20T18:15:34.926714182Z GetCartAsync called with userId=cba1eabe-9fa2-4ea5-94da-7b5449b2a8b1
2026-08-20T18:15:35.011648444Z GetCartAsync called with userId=eced0255-1d22-451f-a10a-ade79d3edfea
2026-08-20T18:15:35.308740908Z AddItemAsync called with userId=cba1eabe-9fa2-4ea5-94da-7b5449b2a8b1, productId=OLJCESPC7Z, quantity=8
2026-08-20T18:15:35.319895734Z GetCartAsync called with userId=cba1eabe-9fa2-4ea5-94da-7b5449b2a8b1
2026-08-20T18:15:35.420448872Z GetCartAsync called with userId=cba1eabe-9fa2-4ea5-94da-7b5449b2a8b1
2026-08-20T18:15:35.446304365Z EmptyCartAsync called with userId=cba1eabe-9fa2-4ea5-94da-7b5449b2a8b1
2026-08-20T18:15:35.664736638Z GetCartAsync called with userId=f1f7dda7-81d8-47cb-ab27-9aab5835a795
2026-08-20T18:15:35.891647807Z GetCartAsync called with userId=8494152f-8303-4d94-92cf-65c48088bbe8
2026-08-20T18:15:35.960585588Z GetCartAsync called with userId=11b93b3f-3a87-4cb6-881f-9bf889b50835
2026-08-20T18:15:36.623610695Z GetCartAsync called with userId=8870cb35-48e5-45ab-94ac-5eb0b9d3dc41
2026-08-20T18:15:36.639305972Z AddItemAsync called with userId=8870cb35-48e5-45ab-94ac-5eb0b9d3dc41, productId=LS4PSXUNUM, quantity=6
2026-08-20T18:15:36.643369818Z GetCartAsync called with userId=8870cb35-48e5-45ab-94ac-5eb0b9d3dc41
2026-08-20T18:15:37.238505757Z Checking CartService Health
2026-08-20T18:15:37.245754239Z Checking CartService Health
2026-08-20T18:15:37.537915947Z GetCartAsync called with userId=13964ae0-2c1b-42fd-9617-4df3670f57f2
2026-08-20T18:15:37.556340555Z AddItemAsync called with userId=13964ae0-2c1b-42fd-9617-4df3670f57f2, productId=66VCHSJNUP, quantity=8
2026-08-20T18:15:37.561176110Z GetCartAsync called with userId=13964ae0-2c1b-42fd-9617-4df3670f57f2
2026-08-20T18:15:38.854322751Z GetCartAsync called with userId=b23ae0af-66fc-48c3-982a-ce2e587a4f74
2026-08-20T18:15:39.268000735Z GetCartAsync called with userId=8494152f-8303-4d94-92cf-65c48088bbe8
2026-08-20T18:15:39.313982756Z GetCartAsync called with userId=0728d167-2761-48a1-aeec-e206b6deb841
2026-08-20T18:15:39.413097478Z GetCartAsync called with userId=f1f7dda7-81d8-47cb-ab27-9aab5835a795
2026-08-20T18:15:39.509202366Z GetCartAsync called with userId=a582456c-5e50-4b48-9272-8e09a6ab3449
2026-08-20T18:15:39.747452063Z GetCartAsync called with userId=8870cb35-48e5-45ab-94ac-5eb0b9d3dc41
2026-08-20T18:15:39.781300447Z GetCartAsync called with userId=e35cdbc1-2ed0-4bec-bc66-901678ac7395
2026-08-20T18:15:40.666305267Z GetCartAsync called with userId=70df1040-b24f-4a7c-be0d-307211fdf697
2026-08-20T18:15:40.868777295Z GetCartAsync called with userId=ed2bd629-462b-4498-b459-53ecfb2738ff
2026-08-20T18:15:40.871647579Z GetCartAsync called with userId=cba1eabe-9fa2-4ea5-94da-7b5449b2a8b1
2026-08-20T18:15:41.007256258Z GetCartAsync called with userId=8870cb35-48e5-45ab-94ac-5eb0b9d3dc41
2026-08-20T18:15:41.726921476Z GetCartAsync called with userId=eced0255-1d22-451f-a10a-ade79d3edfea
2026-08-20T18:15:41.943233513Z GetCartAsync called with userId=6fa6405a-d852-42c5-817f-c0cd16c5c2e8
2026-08-20T18:15:42.417361743Z GetCartAsync called with userId=11b93b3f-3a87-4cb6-881f-9bf889b50835
2026-08-20T18:15:42.875935446Z GetCartAsync called with userId=1a181e6f-68e2-4fd1-accf-0d94e94e749b
2026-08-20T18:15:46.088226199Z GetCartAsync called with userId=11b93b3f-3a87-4cb6-881f-9bf889b50835
2026-08-20T18:15:46.107544235Z GetCartAsync called with userId=e35cdbc1-2ed0-4bec-bc66-901678ac7395
2026-08-20T18:15:46.906703201Z GetCartAsync called with userId=13964ae0-2c1b-42fd-9617-4df3670f57f2
2026-08-20T18:15:47.211154184Z GetCartAsync called with userId=a582456c-5e50-4b48-9272-8e09a6ab3449
2026-08-20T18:15:47.245326714Z Checking CartService Health
2026-08-20T18:15:47.249991592Z Checking CartService Health
2026-08-20T18:15:47.307622225Z GetCartAsync called with userId=cba1eabe-9fa2-4ea5-94da-7b5449b2a8b1
2026-08-20T18:15:47.573454829Z GetCartAsync called with userId=1a181e6f-68e2-4fd1-accf-0d94e94e749b
2026-08-20T18:15:47.599383138Z GetCartAsync called with userId=8870cb35-48e5-45ab-94ac-5eb0b9d3dc41
2026-08-20T18:15:47.615638950Z GetCartAsync called with userId=8494152f-8303-4d94-92cf-65c48088bbe8
2026-08-20T18:15:47.631968671Z GetCartAsync called with userId=b23ae0af-66fc-48c3-982a-ce2e587a4f74
2026-08-20T18:15:48.183991898Z GetCartAsync called with userId=0728d167-2761-48a1-aeec-e206b6deb841
2026-08-20T18:15:48.196748377Z GetCartAsync called with userId=f1f7dda7-81d8-47cb-ab27-9aab5835a795
2026-08-20T18:15:49.316801640Z GetCartAsync called with userId=11b93b3f-3a87-4cb6-881f-9bf889b50835
2026-08-20T18:15:49.792281173Z GetCartAsync called with userId=6fa6405a-d852-42c5-817f-c0cd16c5c2e8
2026-08-20T18:15:50.607025483Z GetCartAsync called with userId=ed2bd629-462b-4498-b459-53ecfb2738ff
2026-08-20T18:15:50.730868437Z GetCartAsync called with userId=e35cdbc1-2ed0-4bec-bc66-901678ac7395
2026-08-20T18:15:51.262803868Z GetCartAsync called with userId=70df1040-b24f-4a7c-be0d-307211fdf697
2026-08-20T18:15:51.419934781Z GetCartAsync called with userId=eced0255-1d22-451f-a10a-ade79d3edfea
2026-08-20T18:15:52.690252240Z GetCartAsync called with userId=e35cdbc1-2ed0-4bec-bc66-901678ac7395
2026-08-20T18:15:52.813841350Z GetCartAsync called with userId=6fa6405a-d852-42c5-817f-c0cd16c5c2e8
2026-08-20T18:15:53.049533219Z GetCartAsync called with userId=8494152f-8303-4d94-92cf-65c48088bbe8
2026-08-20T18:15:53.127701908Z GetCartAsync called with userId=1a181e6f-68e2-4fd1-accf-0d94e94e749b
2026-08-20T18:15:53.127746815Z GetCartAsync called with userId=f1f7dda7-81d8-47cb-ab27-9aab5835a795
2026-08-20T18:15:53.610018503Z GetCartAsync called with userId=8870cb35-48e5-45ab-94ac-5eb0b9d3dc41
2026-08-20T18:15:53.814125602Z GetCartAsync called with userId=cba1eabe-9fa2-4ea5-94da-7b5449b2a8b1
2026-08-20T18:15:54.413487296Z GetCartAsync called with userId=13964ae0-2c1b-42fd-9617-4df3670f57f2
2026-08-20T18:15:54.735152581Z GetCartAsync called with userId=a582456c-5e50-4b48-9272-8e09a6ab3449
2026-08-20T18:15:55.018090781Z GetCartAsync called with userId=ed2bd629-462b-4498-b459-53ecfb2738ff
2026-08-20T18:15:55.207287445Z GetCartAsync called with userId=0728d167-2761-48a1-aeec-e206b6deb841
2026-08-20T18:15:56.087352560Z GetCartAsync called with userId=11b93b3f-3a87-4cb6-881f-9bf889b50835
2026-08-20T18:15:56.974467051Z GetCartAsync called with userId=70df1040-b24f-4a7c-be0d-307211fdf697
2026-08-20T18:15:57.104382848Z GetCartAsync called with userId=b23ae0af-66fc-48c3-982a-ce2e587a4f74
2026-08-20T18:15:57.237082232Z Checking CartService Health
2026-08-20T18:15:57.243092482Z Checking CartService Health
2026-08-20T18:15:58.037090097Z GetCartAsync called with userId=ed2bd629-462b-4498-b459-53ecfb2738ff
2026-08-20T18:15:58.472213815Z GetCartAsync called with userId=8494152f-8303-4d94-92cf-65c48088bbe8
2026-08-20T18:15:58.581540015Z GetCartAsync called with userId=70df1040-b24f-4a7c-be0d-307211fdf697
2026-08-20T18:15:58.914007499Z GetCartAsync called with userId=0728d167-2761-48a1-aeec-e206b6deb841
2026-08-20T18:15:59.612520333Z GetCartAsync called with userId=f1f7dda7-81d8-47cb-ab27-9aab5835a795
2026-08-20T18:16:01.024059236Z GetCartAsync called with userId=f1f7dda7-81d8-47cb-ab27-9aab5835a795
2026-08-20T18:16:01.110310904Z GetCartAsync called with userId=8494152f-8303-4d94-92cf-65c48088bbe8
2026-08-20T18:16:01.240829207Z GetCartAsync called with userId=eced0255-1d22-451f-a10a-ade79d3edfea
2026-08-20T18:16:01.388535812Z GetCartAsync called with userId=1a181e6f-68e2-4fd1-accf-0d94e94e749b
2026-08-20T18:16:01.523115724Z GetCartAsync called with userId=6fa6405a-d852-42c5-817f-c0cd16c5c2e8
2026-08-20T18:16:01.912142989Z GetCartAsync called with userId=11b93b3f-3a87-4cb6-881f-9bf889b50835
2026-08-20T18:16:02.574471985Z GetCartAsync called with userId=13964ae0-2c1b-42fd-9617-4df3670f57f2
2026-08-20T18:16:02.927333631Z GetCartAsync called with userId=f1f7dda7-81d8-47cb-ab27-9aab5835a795
2026-08-20T18:16:03.490921493Z GetCartAsync called with userId=cba1eabe-9fa2-4ea5-94da-7b5449b2a8b1
2026-08-20T18:16:03.858762057Z GetCartAsync called with userId=8870cb35-48e5-45ab-94ac-5eb0b9d3dc41
2026-08-20T18:16:04.235367351Z GetCartAsync called with userId=1a181e6f-68e2-4fd1-accf-0d94e94e749b
2026-08-20T18:16:04.444464682Z GetCartAsync called with userId=b23ae0af-66fc-48c3-982a-ce2e587a4f74
2026-08-20T18:16:04.552987841Z AddItemAsync called with userId=b23ae0af-66fc-48c3-982a-ce2e587a4f74, productId=6E92ZMYYFZ, quantity=9
2026-08-20T18:16:04.560778102Z GetCartAsync called with userId=b23ae0af-66fc-48c3-982a-ce2e587a4f74
2026-08-20T18:16:05.328450551Z GetCartAsync called with userId=cba1eabe-9fa2-4ea5-94da-7b5449b2a8b1
2026-08-20T18:16:05.831161337Z GetCartAsync called with userId=e35cdbc1-2ed0-4bec-bc66-901678ac7395
2026-08-20T18:16:06.755188931Z GetCartAsync called with userId=70df1040-b24f-4a7c-be0d-307211fdf697
2026-08-20T18:16:07.093211875Z GetCartAsync called with userId=f1f7dda7-81d8-47cb-ab27-9aab5835a795
2026-08-20T18:16:07.233203086Z Checking CartService Health
2026-08-20T18:16:07.239281824Z Checking CartService Health
2026-08-20T18:16:07.424496747Z GetCartAsync called with userId=0728d167-2761-48a1-aeec-e206b6deb841
2026-08-20T18:16:07.492625722Z GetCartAsync called with userId=1a181e6f-68e2-4fd1-accf-0d94e94e749b
2026-08-20T18:16:07.748140062Z GetCartAsync called with userId=a582456c-5e50-4b48-9272-8e09a6ab3449
2026-08-20T18:16:07.796615135Z GetCartAsync called with userId=ed2bd629-462b-4498-b459-53ecfb2738ff
2026-08-20T18:16:08.242204387Z GetCartAsync called with userId=eced0255-1d22-451f-a10a-ade79d3edfea
2026-08-20T18:16:08.366974398Z GetCartAsync called with userId=b23ae0af-66fc-48c3-982a-ce2e587a4f74
2026-08-20T18:16:08.440222616Z GetCartAsync called with userId=8494152f-8303-4d94-92cf-65c48088bbe8
2026-08-20T18:16:08.453908004Z AddItemAsync called with userId=8494152f-8303-4d94-92cf-65c48088bbe8, productId=2ZYFJ3GM2N, quantity=9
2026-08-20T18:16:08.457938024Z GetCartAsync called with userId=8494152f-8303-4d94-92cf-65c48088bbe8
2026-08-20T18:16:09.435961616Z GetCartAsync called with userId=11b93b3f-3a87-4cb6-881f-9bf889b50835
2026-08-20T18:16:09.449376748Z AddItemAsync called with userId=11b93b3f-3a87-4cb6-881f-9bf889b50835, productId=1YMWWN1N4O, quantity=3
2026-08-20T18:16:09.453896268Z GetCartAsync called with userId=11b93b3f-3a87-4cb6-881f-9bf889b50835
2026-08-20T18:16:09.695180810Z GetCartAsync called with userId=e35cdbc1-2ed0-4bec-bc66-901678ac7395
2026-08-20T18:16:10.109777150Z GetCartAsync called with userId=13964ae0-2c1b-42fd-9617-4df3670f57f2
2026-08-20T18:16:10.109807156Z GetCartAsync called with userId=cba1eabe-9fa2-4ea5-94da-7b5449b2a8b1
2026-08-20T18:16:10.220532607Z GetCartAsync called with userId=a582456c-5e50-4b48-9272-8e09a6ab3449
2026-08-20T18:16:10.839024773Z GetCartAsync called with userId=f1f7dda7-81d8-47cb-ab27-9aab5835a795
2026-08-20T18:16:11.113726121Z GetCartAsync called with userId=6fa6405a-d852-42c5-817f-c0cd16c5c2e8
2026-08-20T18:16:11.459587561Z GetCartAsync called with userId=cba1eabe-9fa2-4ea5-94da-7b5449b2a8b1
2026-08-20T18:16:11.655099781Z GetCartAsync called with userId=13964ae0-2c1b-42fd-9617-4df3670f57f2
2026-08-20T18:16:11.774333665Z GetCartAsync called with userId=eced0255-1d22-451f-a10a-ade79d3edfea
2026-08-20T18:16:12.024693055Z GetCartAsync called with userId=ed2bd629-462b-4498-b459-53ecfb2738ff
2026-08-20T18:16:12.220616758Z GetCartAsync called with userId=b23ae0af-66fc-48c3-982a-ce2e587a4f74
2026-08-20T18:16:12.452934773Z GetCartAsync called with userId=70df1040-b24f-4a7c-be0d-307211fdf697
2026-08-20T18:16:12.654325690Z GetCartAsync called with userId=1a181e6f-68e2-4fd1-accf-0d94e94e749b
2026-08-20T18:16:12.773896828Z GetCartAsync called with userId=8494152f-8303-4d94-92cf-65c48088bbe8
2026-08-20T18:16:12.864334547Z GetCartAsync called with userId=8870cb35-48e5-45ab-94ac-5eb0b9d3dc41
2026-08-20T18:16:13.038967485Z GetCartAsync called with userId=13964ae0-2c1b-42fd-9617-4df3670f57f2
2026-08-20T18:16:13.407470465Z GetCartAsync called with userId=eced0255-1d22-451f-a10a-ade79d3edfea
2026-08-20T18:16:16.128380442Z GetCartAsync called with userId=13964ae0-2c1b-42fd-9617-4df3670f57f2
2026-08-20T18:16:16.290845548Z GetCartAsync called with userId=0728d167-2761-48a1-aeec-e206b6deb841
2026-08-20T18:16:16.303243428Z AddItemAsync called with userId=0728d167-2761-48a1-aeec-e206b6deb841, productId=OLJCESPC7Z, quantity=8
2026-08-20T18:16:16.306219748Z GetCartAsync called with userId=0728d167-2761-48a1-aeec-e206b6deb841
2026-08-20T18:16:16.639988099Z GetCartAsync called with userId=11b93b3f-3a87-4cb6-881f-9bf889b50835
2026-08-20T18:16:17.231773240Z Checking CartService Health
2026-08-20T18:16:17.237659365Z Checking CartService Health
2026-08-20T18:16:17.246893987Z GetCartAsync called with userId=8494152f-8303-4d94-92cf-65c48088bbe8
2026-08-20T18:16:17.808654880Z GetCartAsync called with userId=6fa6405a-d852-42c5-817f-c0cd16c5c2e8
2026-08-20T18:16:17.860625794Z GetCartAsync called with userId=a582456c-5e50-4b48-9272-8e09a6ab3449
2026-08-20T18:16:18.137402287Z GetCartAsync called with userId=ed2bd629-462b-4498-b459-53ecfb2738ff
2026-08-20T18:16:18.427344919Z GetCartAsync called with userId=cba1eabe-9fa2-4ea5-94da-7b5449b2a8b1
2026-08-20T18:16:18.506553801Z GetCartAsync called with userId=1a181e6f-68e2-4fd1-accf-0d94e94e749b
2026-08-20T18:16:18.964272745Z GetCartAsync called with userId=0728d167-2761-48a1-aeec-e206b6deb841
2026-08-20T18:16:19.004137441Z GetCartAsync called with userId=eced0255-1d22-451f-a10a-ade79d3edfea
2026-08-20T18:16:19.204328197Z GetCartAsync called with userId=6fa6405a-d852-42c5-817f-c0cd16c5c2e8
2026-08-20T18:16:19.814813929Z GetCartAsync called with userId=70df1040-b24f-4a7c-be0d-307211fdf697
2026-08-20T18:16:20.221466947Z GetCartAsync called with userId=b23ae0af-66fc-48c3-982a-ce2e587a4f74
2026-08-20T18:16:20.420799025Z GetCartAsync called with userId=f1f7dda7-81d8-47cb-ab27-9aab5835a795
2026-08-20T18:16:20.420843334Z GetCartAsync called with userId=1a181e6f-68e2-4fd1-accf-0d94e94e749b
2026-08-20T18:16:21.190909375Z GetCartAsync called with userId=70df1040-b24f-4a7c-be0d-307211fdf697
2026-08-20T18:16:21.468628115Z GetCartAsync called with userId=0728d167-2761-48a1-aeec-e206b6deb841
2026-08-20T18:16:21.524153519Z AddItemAsync called with userId=0728d167-2761-48a1-aeec-e206b6deb841, productId=6E92ZMYYFZ, quantity=10
2026-08-20T18:16:21.535771426Z GetCartAsync called with userId=0728d167-2761-48a1-aeec-e206b6deb841
2026-08-20T18:16:21.626080036Z GetCartAsync called with userId=11b93b3f-3a87-4cb6-881f-9bf889b50835
2026-08-20T18:16:21.828447464Z GetCartAsync called with userId=0728d167-2761-48a1-aeec-e206b6deb841
2026-08-20T18:16:21.842549986Z EmptyCartAsync called with userId=0728d167-2761-48a1-aeec-e206b6deb841
2026-08-20T18:16:21.952116986Z GetCartAsync called with userId=8870cb35-48e5-45ab-94ac-5eb0b9d3dc41
2026-08-20T18:16:22.225503828Z GetCartAsync called with userId=a582456c-5e50-4b48-9272-8e09a6ab3449
2026-08-20T18:16:22.744168788Z GetCartAsync called with userId=e35cdbc1-2ed0-4bec-bc66-901678ac7395
2026-08-20T18:16:24.263333036Z GetCartAsync called with userId=13964ae0-2c1b-42fd-9617-4df3670f57f2
2026-08-20T18:16:24.350112316Z GetCartAsync called with userId=eced0255-1d22-451f-a10a-ade79d3edfea
2026-08-20T18:16:24.428131780Z AddItemAsync called with userId=eced0255-1d22-451f-a10a-ade79d3edfea, productId=L9ECAV7KIM, quantity=10
2026-08-20T18:16:24.444029074Z GetCartAsync called with userId=eced0255-1d22-451f-a10a-ade79d3edfea
2026-08-20T18:16:24.653491471Z GetCartAsync called with userId=f1f7dda7-81d8-47cb-ab27-9aab5835a795
2026-08-20T18:16:24.666287222Z AddItemAsync called with userId=f1f7dda7-81d8-47cb-ab27-9aab5835a795, productId=LS4PSXUNUM, quantity=10
2026-08-20T18:16:24.669683926Z GetCartAsync called with userId=f1f7dda7-81d8-47cb-ab27-9aab5835a795
2026-08-20T18:16:24.683041994Z GetCartAsync called with userId=f1f7dda7-81d8-47cb-ab27-9aab5835a795
2026-08-20T18:16:24.691341713Z EmptyCartAsync called with userId=f1f7dda7-81d8-47cb-ab27-9aab5835a795
2026-08-20T18:16:25.127968776Z GetCartAsync called with userId=8494152f-8303-4d94-92cf-65c48088bbe8
2026-08-20T18:16:25.178024547Z GetCartAsync called with userId=70df1040-b24f-4a7c-be0d-307211fdf697
2026-08-20T18:16:25.225590602Z GetCartAsync called with userId=0728d167-2761-48a1-aeec-e206b6deb841
2026-08-20T18:16:25.293626198Z AddItemAsync called with userId=0728d167-2761-48a1-aeec-e206b6deb841, productId=66VCHSJNUP, quantity=8
2026-08-20T18:16:25.302373810Z GetCartAsync called with userId=0728d167-2761-48a1-aeec-e206b6deb841
2026-08-20T18:16:25.329053738Z GetCartAsync called with userId=0728d167-2761-48a1-aeec-e206b6deb841
2026-08-20T18:16:25.334664600Z EmptyCartAsync called with userId=0728d167-2761-48a1-aeec-e206b6deb841
2026-08-20T18:16:25.722131878Z GetCartAsync called with userId=13964ae0-2c1b-42fd-9617-4df3670f57f2
2026-08-20T18:16:25.803320899Z GetCartAsync called with userId=cba1eabe-9fa2-4ea5-94da-7b5449b2a8b1
2026-08-20T18:16:25.901991742Z GetCartAsync called with userId=1a181e6f-68e2-4fd1-accf-0d94e94e749b
2026-08-20T18:16:25.911354182Z AddItemAsync called with userId=1a181e6f-68e2-4fd1-accf-0d94e94e749b, productId=LS4PSXUNUM, quantity=6
2026-08-20T18:16:25.914674770Z GetCartAsync called with userId=1a181e6f-68e2-4fd1-accf-0d94e94e749b
2026-08-20T18:16:25.925419996Z GetCartAsync called with userId=1a181e6f-68e2-4fd1-accf-0d94e94e749b
2026-08-20T18:16:25.931453046Z EmptyCartAsync called with userId=1a181e6f-68e2-4fd1-accf-0d94e94e749b
2026-08-20T18:16:26.152466337Z GetCartAsync called with userId=a582456c-5e50-4b48-9272-8e09a6ab3449
2026-08-20T18:16:27.008812859Z GetCartAsync called with userId=8494152f-8303-4d94-92cf-65c48088bbe8
2026-08-20T18:16:27.235226068Z Checking CartService Health
2026-08-20T18:16:27.240693901Z Checking CartService Health
2026-08-20T18:16:27.277616051Z GetCartAsync called with userId=f1f7dda7-81d8-47cb-ab27-9aab5835a795
2026-08-20T18:16:27.503450741Z AddItemAsync called with userId=f1f7dda7-81d8-47cb-ab27-9aab5835a795, productId=2ZYFJ3GM2N, quantity=1
2026-08-20T18:16:27.503487348Z GetCartAsync called with userId=b23ae0af-66fc-48c3-982a-ce2e587a4f74
2026-08-20T18:16:27.521948773Z GetCartAsync called with userId=f1f7dda7-81d8-47cb-ab27-9aab5835a795
2026-08-20T18:16:27.533834236Z AddItemAsync called with userId=b23ae0af-66fc-48c3-982a-ce2e587a4f74, productId=9SIQT8TOJO, quantity=6
2026-08-20T18:16:27.636313168Z GetCartAsync called with userId=e35cdbc1-2ed0-4bec-bc66-901678ac7395
2026-08-20T18:16:27.636360978Z GetCartAsync called with userId=b23ae0af-66fc-48c3-982a-ce2e587a4f74
2026-08-20T18:16:27.758936473Z GetCartAsync called with userId=b23ae0af-66fc-48c3-982a-ce2e587a4f74
2026-08-20T18:16:28.363567644Z GetCartAsync called with userId=6fa6405a-d852-42c5-817f-c0cd16c5c2e8
2026-08-20T18:16:28.372296152Z EmptyCartAsync called with userId=b23ae0af-66fc-48c3-982a-ce2e587a4f74
2026-08-20T18:16:28.561742803Z GetCartAsync called with userId=0728d167-2761-48a1-aeec-e206b6deb841
2026-08-20T18:16:28.751073529Z GetCartAsync called with userId=eced0255-1d22-451f-a10a-ade79d3edfea
2026-08-20T18:16:29.790144955Z GetCartAsync called with userId=70df1040-b24f-4a7c-be0d-307211fdf697
2026-08-20T18:16:30.492794351Z GetCartAsync called with userId=11b93b3f-3a87-4cb6-881f-9bf889b50835
2026-08-20T18:16:30.507105848Z AddItemAsync called with userId=11b93b3f-3a87-4cb6-881f-9bf889b50835, productId=66VCHSJNUP, quantity=10
2026-08-20T18:16:30.512061516Z GetCartAsync called with userId=11b93b3f-3a87-4cb6-881f-9bf889b50835
2026-08-20T18:16:30.533336473Z GetCartAsync called with userId=11b93b3f-3a87-4cb6-881f-9bf889b50835
2026-08-20T18:16:30.547985136Z EmptyCartAsync called with userId=11b93b3f-3a87-4cb6-881f-9bf889b50835
2026-08-20T18:16:30.786549551Z GetCartAsync called with userId=f1f7dda7-81d8-47cb-ab27-9aab5835a795
2026-08-20T18:16:30.920764076Z GetCartAsync called with userId=a582456c-5e50-4b48-9272-8e09a6ab3449
2026-08-20T18:16:30.924742553Z GetCartAsync called with userId=ed2bd629-462b-4498-b459-53ecfb2738ff
2026-08-20T18:16:31.031246764Z AddItemAsync called with userId=a582456c-5e50-4b48-9272-8e09a6ab3449, productId=1YMWWN1N4O, quantity=3
2026-08-20T18:16:31.121653629Z GetCartAsync called with userId=a582456c-5e50-4b48-9272-8e09a6ab3449
2026-08-20T18:16:31.400414598Z GetCartAsync called with userId=cba1eabe-9fa2-4ea5-94da-7b5449b2a8b1
2026-08-20T18:16:31.892138680Z GetCartAsync called with userId=8870cb35-48e5-45ab-94ac-5eb0b9d3dc41
2026-08-20T18:16:32.704213362Z GetCartAsync called with userId=6fa6405a-d852-42c5-817f-c0cd16c5c2e8
2026-08-20T18:16:32.721484937Z AddItemAsync called with userId=6fa6405a-d852-42c5-817f-c0cd16c5c2e8, productId=LS4PSXUNUM, quantity=9
2026-08-20T18:16:32.726089737Z GetCartAsync called with userId=6fa6405a-d852-42c5-817f-c0cd16c5c2e8
2026-08-20T18:16:33.075657341Z GetCartAsync called with userId=11b93b3f-3a87-4cb6-881f-9bf889b50835
2026-08-20T18:16:33.171415852Z GetCartAsync called with userId=f1f7dda7-81d8-47cb-ab27-9aab5835a795
2026-08-20T18:16:33.314186749Z GetCartAsync called with userId=1a181e6f-68e2-4fd1-accf-0d94e94e749b
2026-08-20T18:16:33.429875455Z GetCartAsync called with userId=13964ae0-2c1b-42fd-9617-4df3670f57f2
2026-08-20T18:16:33.568666474Z GetCartAsync called with userId=0728d167-2761-48a1-aeec-e206b6deb841
2026-08-20T18:16:33.870320617Z GetCartAsync called with userId=a582456c-5e50-4b48-9272-8e09a6ab3449
2026-08-20T18:16:34.018952759Z AddItemAsync called with userId=a582456c-5e50-4b48-9272-8e09a6ab3449, productId=LS4PSXUNUM, quantity=9
2026-08-20T18:16:34.022896230Z GetCartAsync called with userId=a582456c-5e50-4b48-9272-8e09a6ab3449
2026-08-20T18:16:34.512402778Z GetCartAsync called with userId=e35cdbc1-2ed0-4bec-bc66-901678ac7395
2026-08-20T18:16:34.896142160Z GetCartAsync called with userId=eced0255-1d22-451f-a10a-ade79d3edfea
2026-08-20T18:16:35.006346894Z GetCartAsync called with userId=ed2bd629-462b-4498-b459-53ecfb2738ff
2026-08-20T18:16:35.113256684Z GetCartAsync called with userId=70df1040-b24f-4a7c-be0d-307211fdf697
2026-08-20T18:16:35.207835764Z GetCartAsync called with userId=cba1eabe-9fa2-4ea5-94da-7b5449b2a8b1
2026-08-20T18:16:35.297325050Z AddItemAsync called with userId=cba1eabe-9fa2-4ea5-94da-7b5449b2a8b1, productId=0PUK6V6EV0, quantity=10
2026-08-20T18:16:35.316346267Z GetCartAsync called with userId=cba1eabe-9fa2-4ea5-94da-7b5449b2a8b1
2026-08-20T18:16:35.404924975Z GetCartAsync called with userId=cba1eabe-9fa2-4ea5-94da-7b5449b2a8b1
2026-08-20T18:16:35.418434115Z EmptyCartAsync called with userId=cba1eabe-9fa2-4ea5-94da-7b5449b2a8b1
2026-08-20T18:16:35.607557769Z GetCartAsync called with userId=8494152f-8303-4d94-92cf-65c48088bbe8
2026-08-20T18:16:36.285420522Z GetCartAsync called with userId=b23ae0af-66fc-48c3-982a-ce2e587a4f74
2026-08-20T18:16:36.310681658Z GetCartAsync called with userId=e35cdbc1-2ed0-4bec-bc66-901678ac7395
2026-08-20T18:16:36.729540902Z GetCartAsync called with userId=f1f7dda7-81d8-47cb-ab27-9aab5835a795
2026-08-20T18:16:37.227686260Z Checking CartService Health
2026-08-20T18:16:37.233536308Z Checking CartService Health
2026-08-20T18:16:38.365090583Z GetCartAsync called with userId=13964ae0-2c1b-42fd-9617-4df3670f57f2
2026-08-20T18:16:38.797724928Z GetCartAsync called with userId=6fa6405a-d852-42c5-817f-c0cd16c5c2e8
2026-08-20T18:16:38.812605850Z AddItemAsync called with userId=6fa6405a-d852-42c5-817f-c0cd16c5c2e8, productId=9SIQT8TOJO, quantity=2
2026-08-20T18:16:38.816800273Z GetCartAsync called with userId=6fa6405a-d852-42c5-817f-c0cd16c5c2e8
2026-08-20T18:16:39.040799554Z GetCartAsync called with userId=a582456c-5e50-4b48-9272-8e09a6ab3449
2026-08-20T18:16:39.053447437Z AddItemAsync called with userId=a582456c-5e50-4b48-9272-8e09a6ab3449, productId=6E92ZMYYFZ, quantity=7
2026-08-20T18:16:39.057327099Z GetCartAsync called with userId=a582456c-5e50-4b48-9272-8e09a6ab3449
2026-08-20T18:16:39.283561819Z GetCartAsync called with userId=8870cb35-48e5-45ab-94ac-5eb0b9d3dc41
2026-08-20T18:16:39.616199330Z GetCartAsync called with userId=ed2bd629-462b-4498-b459-53ecfb2738ff
2026-08-20T18:16:39.630964029Z GetCartAsync called with userId=11b93b3f-3a87-4cb6-881f-9bf889b50835
2026-08-20T18:16:39.644398967Z AddItemAsync called with userId=11b93b3f-3a87-4cb6-881f-9bf889b50835, productId=LS4PSXUNUM, quantity=6
2026-08-20T18:16:39.649052981Z GetCartAsync called with userId=11b93b3f-3a87-4cb6-881f-9bf889b50835
2026-08-20T18:16:39.955815312Z GetCartAsync called with userId=cba1eabe-9fa2-4ea5-94da-7b5449b2a8b1
2026-08-20T18:16:40.182631446Z GetCartAsync called with userId=70df1040-b24f-4a7c-be0d-307211fdf697
2026-08-20T18:16:40.775621776Z GetCartAsync called with userId=eced0255-1d22-451f-a10a-ade79d3edfea
2026-08-20T18:16:40.834336404Z AddItemAsync called with userId=eced0255-1d22-451f-a10a-ade79d3edfea, productId=0PUK6V6EV0, quantity=8
2026-08-20T18:16:40.839158751Z GetCartAsync called with userId=eced0255-1d22-451f-a10a-ade79d3edfea
2026-08-20T18:16:41.178790636Z GetCartAsync called with userId=8870cb35-48e5-45ab-94ac-5eb0b9d3dc41
2026-08-20T18:16:41.215041454Z GetCartAsync called with userId=0728d167-2761-48a1-aeec-e206b6deb841
2026-08-20T18:16:41.646887644Z GetCartAsync called with userId=1a181e6f-68e2-4fd1-accf-0d94e94e749b
2026-08-20T18:16:41.658494723Z AddItemAsync called with userId=1a181e6f-68e2-4fd1-accf-0d94e94e749b, productId=6E92ZMYYFZ, quantity=5
2026-08-20T18:16:41.662821173Z GetCartAsync called with userId=1a181e6f-68e2-4fd1-accf-0d94e94e749b
2026-08-20T18:16:41.989796372Z GetCartAsync called with userId=11b93b3f-3a87-4cb6-881f-9bf889b50835
2026-08-20T18:16:42.329686808Z GetCartAsync called with userId=b23ae0af-66fc-48c3-982a-ce2e587a4f74
2026-08-20T18:16:42.822668202Z GetCartAsync called with userId=e35cdbc1-2ed0-4bec-bc66-901678ac7395
2026-08-20T18:16:43.002564923Z GetCartAsync called with userId=cba1eabe-9fa2-4ea5-94da-7b5449b2a8b1
2026-08-20T18:16:43.291099475Z GetCartAsync called with userId=eced0255-1d22-451f-a10a-ade79d3edfea
2026-08-20T18:16:43.336101411Z GetCartAsync called with userId=6fa6405a-d852-42c5-817f-c0cd16c5c2e8
2026-08-20T18:16:44.229902504Z GetCartAsync called with userId=8494152f-8303-4d94-92cf-65c48088bbe8
2026-08-20T18:16:44.325998772Z GetCartAsync called with userId=b23ae0af-66fc-48c3-982a-ce2e587a4f74
2026-08-20T18:16:44.415717688Z GetCartAsync called with userId=a582456c-5e50-4b48-9272-8e09a6ab3449
2026-08-20T18:16:45.146790354Z GetCartAsync called with userId=cba1eabe-9fa2-4ea5-94da-7b5449b2a8b1
2026-08-20T18:16:45.220343675Z GetCartAsync called with userId=ed2bd629-462b-4498-b459-53ecfb2738ff
2026-08-20T18:16:45.220529512Z GetCartAsync called with userId=e35cdbc1-2ed0-4bec-bc66-901678ac7395
2026-08-20T18:16:45.727541331Z GetCartAsync called with userId=0728d167-2761-48a1-aeec-e206b6deb841
2026-08-20T18:16:45.817726791Z GetCartAsync called with userId=8870cb35-48e5-45ab-94ac-5eb0b9d3dc41
2026-08-20T18:16:47.028633564Z GetCartAsync called with userId=13964ae0-2c1b-42fd-9617-4df3670f57f2
2026-08-20T18:16:47.042676898Z GetCartAsync called with userId=70df1040-b24f-4a7c-be0d-307211fdf697
2026-08-20T18:16:47.229345744Z Checking CartService Health
2026-08-20T18:16:47.236273893Z Checking CartService Health
2026-08-20T18:16:48.032444114Z GetCartAsync called with userId=cba1eabe-9fa2-4ea5-94da-7b5449b2a8b1
2026-08-20T18:16:48.065027958Z GetCartAsync called with userId=f1f7dda7-81d8-47cb-ab27-9aab5835a795
2026-08-20T18:16:48.469352884Z GetCartAsync called with userId=e35cdbc1-2ed0-4bec-bc66-901678ac7395
2026-08-20T18:16:48.475408263Z GetCartAsync called with userId=1a181e6f-68e2-4fd1-accf-0d94e94e749b
2026-08-20T18:16:49.687561879Z GetCartAsync called with userId=b23ae0af-66fc-48c3-982a-ce2e587a4f74
2026-08-20T18:16:49.887516812Z GetCartAsync called with userId=a582456c-5e50-4b48-9272-8e09a6ab3449
2026-08-20T18:16:50.029026165Z GetCartAsync called with userId=8870cb35-48e5-45ab-94ac-5eb0b9d3dc41
2026-08-20T18:16:50.689496264Z GetCartAsync called with userId=11b93b3f-3a87-4cb6-881f-9bf889b50835
2026-08-20T18:16:50.761170519Z GetCartAsync called with userId=8494152f-8303-4d94-92cf-65c48088bbe8
2026-08-20T18:16:50.892578605Z GetCartAsync called with userId=70df1040-b24f-4a7c-be0d-307211fdf697
2026-08-20T18:16:51.017378305Z AddItemAsync called with userId=70df1040-b24f-4a7c-be0d-307211fdf697, productId=9SIQT8TOJO, quantity=9
2026-08-20T18:16:51.024712833Z GetCartAsync called with userId=70df1040-b24f-4a7c-be0d-307211fdf697
2026-08-20T18:16:51.578122686Z GetCartAsync called with userId=b23ae0af-66fc-48c3-982a-ce2e587a4f74
2026-08-20T18:16:51.607759457Z GetCartAsync called with userId=ed2bd629-462b-4498-b459-53ecfb2738ff
2026-08-20T18:16:52.529717670Z GetCartAsync called with userId=1a181e6f-68e2-4fd1-accf-0d94e94e749b
2026-08-20T18:16:52.637690793Z GetCartAsync called with userId=cba1eabe-9fa2-4ea5-94da-7b5449b2a8b1
2026-08-20T18:16:52.969998524Z GetCartAsync called with userId=6fa6405a-d852-42c5-817f-c0cd16c5c2e8
2026-08-20T18:16:53.076929147Z GetCartAsync called with userId=8494152f-8303-4d94-92cf-65c48088bbe8
2026-08-20T18:16:53.276679035Z GetCartAsync called with userId=eced0255-1d22-451f-a10a-ade79d3edfea
2026-08-20T18:16:54.064868539Z GetCartAsync called with userId=ed2bd629-462b-4498-b459-53ecfb2738ff
2026-08-20T18:16:54.306164803Z GetCartAsync called with userId=8494152f-8303-4d94-92cf-65c48088bbe8
2026-08-20T18:16:54.804213357Z GetCartAsync called with userId=a582456c-5e50-4b48-9272-8e09a6ab3449
2026-08-20T18:16:54.833756638Z GetCartAsync called with userId=cba1eabe-9fa2-4ea5-94da-7b5449b2a8b1
2026-08-20T18:16:55.314736266Z GetCartAsync called with userId=0728d167-2761-48a1-aeec-e206b6deb841
2026-08-20T18:16:56.212954379Z GetCartAsync called with userId=13964ae0-2c1b-42fd-9617-4df3670f57f2
2026-08-20T18:16:56.424729765Z GetCartAsync called with userId=eced0255-1d22-451f-a10a-ade79d3edfea
2026-08-20T18:16:56.500536210Z GetCartAsync called with userId=8494152f-8303-4d94-92cf-65c48088bbe8
2026-08-20T18:16:56.519096622Z GetCartAsync called with userId=11b93b3f-3a87-4cb6-881f-9bf889b50835
2026-08-20T18:16:57.029573725Z GetCartAsync called with userId=e35cdbc1-2ed0-4bec-bc66-901678ac7395
2026-08-20T18:16:57.215237958Z GetCartAsync called with userId=cba1eabe-9fa2-4ea5-94da-7b5449b2a8b1
2026-08-20T18:16:57.226452755Z Checking CartService Health
2026-08-20T18:16:57.232088457Z Checking CartService Health
2026-08-20T18:16:57.543748288Z GetCartAsync called with userId=1a181e6f-68e2-4fd1-accf-0d94e94e749b
2026-08-20T18:16:58.329143744Z GetCartAsync called with userId=8870cb35-48e5-45ab-94ac-5eb0b9d3dc41
2026-08-20T18:16:58.933097994Z GetCartAsync called with userId=0728d167-2761-48a1-aeec-e206b6deb841
2026-08-20T18:16:59.461043073Z GetCartAsync called with userId=6fa6405a-d852-42c5-817f-c0cd16c5c2e8
2026-08-20T18:16:59.479826613Z GetCartAsync called with userId=8494152f-8303-4d94-92cf-65c48088bbe8
2026-08-20T18:16:59.483910422Z AddItemAsync called with userId=6fa6405a-d852-42c5-817f-c0cd16c5c2e8, productId=OLJCESPC7Z, quantity=5
2026-08-20T18:16:59.490506044Z GetCartAsync called with userId=6fa6405a-d852-42c5-817f-c0cd16c5c2e8
2026-08-20T18:16:59.636992995Z GetCartAsync called with userId=6fa6405a-d852-42c5-817f-c0cd16c5c2e8
2026-08-20T18:16:59.709037672Z EmptyCartAsync called with userId=6fa6405a-d852-42c5-817f-c0cd16c5c2e8
2026-08-20T18:16:59.947818323Z GetCartAsync called with userId=70df1040-b24f-4a7c-be0d-307211fdf697
2026-08-20T18:16:59.962656071Z AddItemAsync called with userId=70df1040-b24f-4a7c-be0d-307211fdf697, productId=9SIQT8TOJO, quantity=9
2026-08-20T18:16:59.967796112Z GetCartAsync called with userId=70df1040-b24f-4a7c-be0d-307211fdf697
2026-08-20T18:17:00.367838755Z GetCartAsync called with userId=1a181e6f-68e2-4fd1-accf-0d94e94e749b
2026-08-20T18:17:00.465690147Z GetCartAsync called with userId=ed2bd629-462b-4498-b459-53ecfb2738ff
2026-08-20T18:17:00.631990667Z GetCartAsync called with userId=cba1eabe-9fa2-4ea5-94da-7b5449b2a8b1
2026-08-20T18:17:00.688011747Z GetCartAsync called with userId=13964ae0-2c1b-42fd-9617-4df3670f57f2
2026-08-20T18:17:00.703396664Z AddItemAsync called with userId=13964ae0-2c1b-42fd-9617-4df3670f57f2, productId=1YMWWN1N4O, quantity=1
2026-08-20T18:17:00.709705850Z GetCartAsync called with userId=13964ae0-2c1b-42fd-9617-4df3670f57f2
2026-08-20T18:17:01.004590668Z GetCartAsync called with userId=a582456c-5e50-4b48-9272-8e09a6ab3449
2026-08-20T18:17:01.357220287Z GetCartAsync called with userId=b23ae0af-66fc-48c3-982a-ce2e587a4f74
2026-08-20T18:17:01.621272087Z GetCartAsync called with userId=eced0255-1d22-451f-a10a-ade79d3edfea
2026-08-20T18:17:01.847318117Z GetCartAsync called with userId=8494152f-8303-4d94-92cf-65c48088bbe8
2026-08-20T18:17:02.066516004Z GetCartAsync called with userId=f1f7dda7-81d8-47cb-ab27-9aab5835a795
2026-08-20T18:17:02.148885940Z GetCartAsync called with userId=a582456c-5e50-4b48-9272-8e09a6ab3449
2026-08-20T18:17:02.732667522Z GetCartAsync called with userId=1a181e6f-68e2-4fd1-accf-0d94e94e749b
2026-08-20T18:17:03.314456464Z GetCartAsync called with userId=13964ae0-2c1b-42fd-9617-4df3670f57f2
2026-08-20T18:17:03.561262544Z GetCartAsync called with userId=b23ae0af-66fc-48c3-982a-ce2e587a4f74
2026-08-20T18:17:03.670107066Z GetCartAsync called with userId=ed2bd629-462b-4498-b459-53ecfb2738ff
2026-08-20T18:17:03.978022486Z GetCartAsync called with userId=0728d167-2761-48a1-aeec-e206b6deb841
2026-08-20T18:17:04.216342668Z GetCartAsync called with userId=6fa6405a-d852-42c5-817f-c0cd16c5c2e8
2026-08-20T18:17:04.260500316Z AddItemAsync called with userId=6fa6405a-d852-42c5-817f-c0cd16c5c2e8, productId=L9ECAV7KIM, quantity=2
2026-08-20T18:17:04.269110024Z GetCartAsync called with userId=6fa6405a-d852-42c5-817f-c0cd16c5c2e8
2026-08-20T18:17:04.315325065Z GetCartAsync called with userId=6fa6405a-d852-42c5-817f-c0cd16c5c2e8
2026-08-20T18:17:04.323607043Z EmptyCartAsync called with userId=6fa6405a-d852-42c5-817f-c0cd16c5c2e8
2026-08-20T18:17:04.878134024Z GetCartAsync called with userId=b23ae0af-66fc-48c3-982a-ce2e587a4f74
2026-08-20T18:17:05.601742585Z GetCartAsync called with userId=0728d167-2761-48a1-aeec-e206b6deb841
2026-08-20T18:17:05.820023786Z GetCartAsync called with userId=11b93b3f-3a87-4cb6-881f-9bf889b50835
2026-08-20T18:17:05.985030083Z GetCartAsync called with userId=e35cdbc1-2ed0-4bec-bc66-901678ac7395
2026-08-20T18:17:06.016961982Z GetCartAsync called with userId=13964ae0-2c1b-42fd-9617-4df3670f57f2
2026-08-20T18:17:06.300606022Z GetCartAsync called with userId=f1f7dda7-81d8-47cb-ab27-9aab5835a795
2026-08-20T18:17:07.163103327Z GetCartAsync called with userId=8870cb35-48e5-45ab-94ac-5eb0b9d3dc41
2026-08-20T18:17:07.221626024Z Checking CartService Health
2026-08-20T18:17:07.229223937Z Checking CartService Health
2026-08-20T18:17:07.489223456Z GetCartAsync called with userId=8494152f-8303-4d94-92cf-65c48088bbe8
2026-08-20T18:17:07.709459841Z GetCartAsync called with userId=1a181e6f-68e2-4fd1-accf-0d94e94e749b
2026-08-20T18:17:07.709969189Z AddItemAsync called with userId=8494152f-8303-4d94-92cf-65c48088bbe8, productId=1YMWWN1N4O, quantity=1
2026-08-20T18:17:07.713449516Z GetCartAsync called with userId=8494152f-8303-4d94-92cf-65c48088bbe8
2026-08-20T18:17:07.730450312Z GetCartAsync called with userId=8494152f-8303-4d94-92cf-65c48088bbe8
2026-08-20T18:17:07.741979595Z EmptyCartAsync called with userId=8494152f-8303-4d94-92cf-65c48088bbe8
2026-08-20T18:17:08.201358640Z GetCartAsync called with userId=f1f7dda7-81d8-47cb-ab27-9aab5835a795
2026-08-20T18:17:08.235238722Z AddItemAsync called with userId=f1f7dda7-81d8-47cb-ab27-9aab5835a795, productId=OLJCESPC7Z, quantity=5
2026-08-20T18:17:08.243484596Z GetCartAsync called with userId=f1f7dda7-81d8-47cb-ab27-9aab5835a795
2026-08-20T18:17:08.701674429Z GetCartAsync called with userId=cba1eabe-9fa2-4ea5-94da-7b5449b2a8b1
2026-08-20T18:17:08.993604220Z GetCartAsync called with userId=e35cdbc1-2ed0-4bec-bc66-901678ac7395
2026-08-20T18:17:09.220932811Z GetCartAsync called with userId=8870cb35-48e5-45ab-94ac-5eb0b9d3dc41
2026-08-20T18:17:09.288556291Z GetCartAsync called with userId=70df1040-b24f-4a7c-be0d-307211fdf697
2026-08-20T18:17:09.393485411Z GetCartAsync called with userId=ed2bd629-462b-4498-b459-53ecfb2738ff
2026-08-20T18:17:09.850276689Z GetCartAsync called with userId=6fa6405a-d852-42c5-817f-c0cd16c5c2e8
2026-08-20T18:17:10.345768866Z GetCartAsync called with userId=11b93b3f-3a87-4cb6-881f-9bf889b50835
2026-08-20T18:17:10.737224389Z GetCartAsync called with userId=a582456c-5e50-4b48-9272-8e09a6ab3449
2026-08-20T18:17:10.762367766Z AddItemAsync called with userId=a582456c-5e50-4b48-9272-8e09a6ab3449, productId=LS4PSXUNUM, quantity=5
2026-08-20T18:17:10.810081443Z GetCartAsync called with userId=a582456c-5e50-4b48-9272-8e09a6ab3449
2026-08-20T18:17:10.813684113Z GetCartAsync called with userId=eced0255-1d22-451f-a10a-ade79d3edfea
2026-08-20T18:17:10.920834446Z AddItemAsync called with userId=eced0255-1d22-451f-a10a-ade79d3edfea, productId=2ZYFJ3GM2N, quantity=6
2026-08-20T18:17:10.929142792Z GetCartAsync called with userId=eced0255-1d22-451f-a10a-ade79d3edfea
2026-08-20T18:17:11.116201191Z GetCartAsync called with userId=eced0255-1d22-451f-a10a-ade79d3edfea
2026-08-20T18:17:11.142120912Z EmptyCartAsync called with userId=eced0255-1d22-451f-a10a-ade79d3edfea
2026-08-20T18:17:12.621318790Z GetCartAsync called with userId=1a181e6f-68e2-4fd1-accf-0d94e94e749b
2026-08-20T18:17:12.642560342Z AddItemAsync called with userId=1a181e6f-68e2-4fd1-accf-0d94e94e749b, productId=OLJCESPC7Z, quantity=10
2026-08-20T18:17:12.648117876Z GetCartAsync called with userId=1a181e6f-68e2-4fd1-accf-0d94e94e749b
2026-08-20T18:17:12.717178123Z GetCartAsync called with userId=13964ae0-2c1b-42fd-9617-4df3670f57f2
2026-08-20T18:17:12.835795190Z GetCartAsync called with userId=f1f7dda7-81d8-47cb-ab27-9aab5835a795
2026-08-20T18:17:13.014977223Z GetCartAsync called with userId=11b93b3f-3a87-4cb6-881f-9bf889b50835
2026-08-20T18:17:13.216363487Z GetCartAsync called with userId=8494152f-8303-4d94-92cf-65c48088bbe8
2026-08-20T18:17:13.662738627Z GetCartAsync called with userId=b23ae0af-66fc-48c3-982a-ce2e587a4f74
2026-08-20T18:17:13.985819430Z GetCartAsync called with userId=13964ae0-2c1b-42fd-9617-4df3670f57f2
2026-08-20T18:17:13.999645303Z AddItemAsync called with userId=13964ae0-2c1b-42fd-9617-4df3670f57f2, productId=LS4PSXUNUM, quantity=10
2026-08-20T18:17:14.004057523Z GetCartAsync called with userId=13964ae0-2c1b-42fd-9617-4df3670f57f2
2026-08-20T18:17:14.176452594Z GetCartAsync called with userId=8870cb35-48e5-45ab-94ac-5eb0b9d3dc41
2026-08-20T18:17:14.383293773Z GetCartAsync called with userId=ed2bd629-462b-4498-b459-53ecfb2738ff
2026-08-20T18:17:15.183730480Z GetCartAsync called with userId=0728d167-2761-48a1-aeec-e206b6deb841
2026-08-20T18:17:15.472325868Z GetCartAsync called with userId=6fa6405a-d852-42c5-817f-c0cd16c5c2e8
2026-08-20T18:17:15.810727721Z GetCartAsync called with userId=1a181e6f-68e2-4fd1-accf-0d94e94e749b
2026-08-20T18:17:16.385176287Z GetCartAsync called with userId=f1f7dda7-81d8-47cb-ab27-9aab5835a795
2026-08-20T18:17:16.399506753Z AddItemAsync called with userId=f1f7dda7-81d8-47cb-ab27-9aab5835a795, productId=L9ECAV7KIM, quantity=2
2026-08-20T18:17:16.403395476Z GetCartAsync called with userId=f1f7dda7-81d8-47cb-ab27-9aab5835a795
2026-08-20T18:17:16.420018669Z GetCartAsync called with userId=f1f7dda7-81d8-47cb-ab27-9aab5835a795
2026-08-20T18:17:16.430614240Z EmptyCartAsync called with userId=f1f7dda7-81d8-47cb-ab27-9aab5835a795
2026-08-20T18:17:16.517341674Z GetCartAsync called with userId=a582456c-5e50-4b48-9272-8e09a6ab3449
2026-08-20T18:17:16.534073286Z AddItemAsync called with userId=a582456c-5e50-4b48-9272-8e09a6ab3449, productId=LS4PSXUNUM, quantity=2
2026-08-20T18:17:16.538757458Z GetCartAsync called with userId=a582456c-5e50-4b48-9272-8e09a6ab3449
2026-08-20T18:17:16.619163016Z GetCartAsync called with userId=a582456c-5e50-4b48-9272-8e09a6ab3449
2026-08-20T18:17:16.635662485Z EmptyCartAsync called with userId=a582456c-5e50-4b48-9272-8e09a6ab3449
2026-08-20T18:17:17.221146190Z Checking CartService Health
2026-08-20T18:17:17.227047293Z Checking CartService Health
2026-08-20T18:17:17.274310722Z GetCartAsync called with userId=70df1040-b24f-4a7c-be0d-307211fdf697
2026-08-20T18:17:18.568681023Z GetCartAsync called with userId=8870cb35-48e5-45ab-94ac-5eb0b9d3dc41
2026-08-20T18:17:18.837651169Z GetCartAsync called with userId=8494152f-8303-4d94-92cf-65c48088bbe8
2026-08-20T18:17:20.248272186Z GetCartAsync called with userId=ed2bd629-462b-4498-b459-53ecfb2738ff
2026-08-20T18:17:20.586209716Z GetCartAsync called with userId=cba1eabe-9fa2-4ea5-94da-7b5449b2a8b1
2026-08-20T18:17:20.746499460Z GetCartAsync called with userId=a582456c-5e50-4b48-9272-8e09a6ab3449
2026-08-20T18:17:20.874073892Z GetCartAsync called with userId=eced0255-1d22-451f-a10a-ade79d3edfea
2026-08-20T18:17:21.603065975Z GetCartAsync called with userId=e35cdbc1-2ed0-4bec-bc66-901678ac7395
2026-08-20T18:17:21.628492825Z AddItemAsync called with userId=e35cdbc1-2ed0-4bec-bc66-901678ac7395, productId=66VCHSJNUP, quantity=2
2026-08-20T18:17:21.638444184Z GetCartAsync called with userId=e35cdbc1-2ed0-4bec-bc66-901678ac7395
2026-08-20T18:17:21.725414531Z GetCartAsync called with userId=e35cdbc1-2ed0-4bec-bc66-901678ac7395
2026-08-20T18:17:21.739378739Z EmptyCartAsync called with userId=e35cdbc1-2ed0-4bec-bc66-901678ac7395
2026-08-20T18:17:22.132957063Z GetCartAsync called with userId=11b93b3f-3a87-4cb6-881f-9bf889b50835
2026-08-20T18:17:22.340628558Z GetCartAsync called with userId=b23ae0af-66fc-48c3-982a-ce2e587a4f74
2026-08-20T18:17:22.349218763Z GetCartAsync called with userId=6fa6405a-d852-42c5-817f-c0cd16c5c2e8
2026-08-20T18:17:22.511574193Z AddItemAsync called with userId=b23ae0af-66fc-48c3-982a-ce2e587a4f74, productId=6E92ZMYYFZ, quantity=7
2026-08-20T18:17:22.521843811Z GetCartAsync called with userId=b23ae0af-66fc-48c3-982a-ce2e587a4f74
2026-08-20T18:17:22.617784334Z GetCartAsync called with userId=a582456c-5e50-4b48-9272-8e09a6ab3449
2026-08-20T18:17:23.070322572Z GetCartAsync called with userId=1a181e6f-68e2-4fd1-accf-0d94e94e749b
2026-08-20T18:17:23.081430547Z GetCartAsync called with userId=f1f7dda7-81d8-47cb-ab27-9aab5835a795
2026-08-20T18:17:23.173450537Z AddItemAsync called with userId=1a181e6f-68e2-4fd1-accf-0d94e94e749b, productId=L9ECAV7KIM, quantity=9
2026-08-20T18:17:23.217739311Z GetCartAsync called with userId=1a181e6f-68e2-4fd1-accf-0d94e94e749b
2026-08-20T18:17:23.291396971Z GetCartAsync called with userId=13964ae0-2c1b-42fd-9617-4df3670f57f2
2026-08-20T18:17:23.317159384Z GetCartAsync called with userId=0728d167-2761-48a1-aeec-e206b6deb841
2026-08-20T18:17:23.514439237Z GetCartAsync called with userId=70df1040-b24f-4a7c-be0d-307211fdf697
2026-08-20T18:17:24.306472297Z GetCartAsync called with userId=eced0255-1d22-451f-a10a-ade79d3edfea
2026-08-20T18:17:25.222058421Z GetCartAsync called with userId=8870cb35-48e5-45ab-94ac-5eb0b9d3dc41
2026-08-20T18:17:25.572403384Z GetCartAsync called with userId=b23ae0af-66fc-48c3-982a-ce2e587a4f74
2026-08-20T18:17:26.452295128Z GetCartAsync called with userId=cba1eabe-9fa2-4ea5-94da-7b5449b2a8b1
2026-08-20T18:17:26.452325433Z GetCartAsync called with userId=ed2bd629-462b-4498-b459-53ecfb2738ff
2026-08-20T18:17:26.870556023Z GetCartAsync called with userId=70df1040-b24f-4a7c-be0d-307211fdf697
2026-08-20T18:17:27.222341914Z Checking CartService Health
2026-08-20T18:17:27.227992407Z Checking CartService Health
2026-08-20T18:17:27.323205453Z GetCartAsync called with userId=13964ae0-2c1b-42fd-9617-4df3670f57f2
2026-08-20T18:17:27.336107191Z AddItemAsync called with userId=13964ae0-2c1b-42fd-9617-4df3670f57f2, productId=OLJCESPC7Z, quantity=1
2026-08-20T18:17:27.340803334Z GetCartAsync called with userId=13964ae0-2c1b-42fd-9617-4df3670f57f2
2026-08-20T18:17:27.449970685Z GetCartAsync called with userId=6fa6405a-d852-42c5-817f-c0cd16c5c2e8
2026-08-20T18:17:27.707231138Z GetCartAsync called with userId=1a181e6f-68e2-4fd1-accf-0d94e94e749b
2026-08-20T18:17:28.770851516Z GetCartAsync called with userId=eced0255-1d22-451f-a10a-ade79d3edfea
2026-08-20T18:17:29.633645258Z GetCartAsync called with userId=13964ae0-2c1b-42fd-9617-4df3670f57f2
2026-08-20T18:17:29.973141507Z GetCartAsync called with userId=8494152f-8303-4d94-92cf-65c48088bbe8
2026-08-20T18:17:30.003074537Z GetCartAsync called with userId=11b93b3f-3a87-4cb6-881f-9bf889b50835
2026-08-20T18:17:30.539985582Z GetCartAsync called with userId=1a181e6f-68e2-4fd1-accf-0d94e94e749b
2026-08-20T18:17:31.165479125Z GetCartAsync called with userId=a582456c-5e50-4b48-9272-8e09a6ab3449
2026-08-20T18:17:31.217079579Z GetCartAsync called with userId=e35cdbc1-2ed0-4bec-bc66-901678ac7395
2026-08-20T18:17:32.127471943Z GetCartAsync called with userId=eced0255-1d22-451f-a10a-ade79d3edfea
2026-08-20T18:17:32.236634393Z GetCartAsync called with userId=0728d167-2761-48a1-aeec-e206b6deb841
2026-08-20T18:17:32.418762787Z GetCartAsync called with userId=f1f7dda7-81d8-47cb-ab27-9aab5835a795
2026-08-20T18:17:32.578492028Z GetCartAsync called with userId=8870cb35-48e5-45ab-94ac-5eb0b9d3dc41
2026-08-20T18:17:33.328801998Z GetCartAsync called with userId=a582456c-5e50-4b48-9272-8e09a6ab3449
2026-08-20T18:17:33.676589254Z GetCartAsync called with userId=ed2bd629-462b-4498-b459-53ecfb2738ff
2026-08-20T18:17:34.334676100Z GetCartAsync called with userId=6fa6405a-d852-42c5-817f-c0cd16c5c2e8
2026-08-20T18:17:34.599868606Z GetCartAsync called with userId=8494152f-8303-4d94-92cf-65c48088bbe8
2026-08-20T18:17:34.649921263Z GetCartAsync called with userId=cba1eabe-9fa2-4ea5-94da-7b5449b2a8b1
2026-08-20T18:17:34.663994738Z AddItemAsync called with userId=cba1eabe-9fa2-4ea5-94da-7b5449b2a8b1, productId=L9ECAV7KIM, quantity=1
2026-08-20T18:17:34.668779201Z GetCartAsync called with userId=cba1eabe-9fa2-4ea5-94da-7b5449b2a8b1
2026-08-20T18:17:35.886637978Z GetCartAsync called with userId=13964ae0-2c1b-42fd-9617-4df3670f57f2
2026-08-20T18:17:37.215472167Z Checking CartService Health
2026-08-20T18:17:37.222276742Z Checking CartService Health
2026-08-20T18:17:37.530343709Z GetCartAsync called with userId=70df1040-b24f-4a7c-be0d-307211fdf697
2026-08-20T18:17:37.779987359Z GetCartAsync called with userId=e35cdbc1-2ed0-4bec-bc66-901678ac7395
2026-08-20T18:17:38.595788892Z GetCartAsync called with userId=eced0255-1d22-451f-a10a-ade79d3edfea
2026-08-20T18:17:38.683576427Z GetCartAsync called with userId=0728d167-2761-48a1-aeec-e206b6deb841
2026-08-20T18:17:39.000080059Z GetCartAsync called with userId=b23ae0af-66fc-48c3-982a-ce2e587a4f74
2026-08-20T18:17:39.056544969Z GetCartAsync called with userId=e35cdbc1-2ed0-4bec-bc66-901678ac7395
2026-08-20T18:17:39.441731184Z GetCartAsync called with userId=6fa6405a-d852-42c5-817f-c0cd16c5c2e8
2026-08-20T18:17:39.763708818Z GetCartAsync called with userId=ed2bd629-462b-4498-b459-53ecfb2738ff
2026-08-20T18:17:39.772983129Z GetCartAsync called with userId=11b93b3f-3a87-4cb6-881f-9bf889b50835
2026-08-20T18:17:40.019700817Z GetCartAsync called with userId=cba1eabe-9fa2-4ea5-94da-7b5449b2a8b1
2026-08-20T18:17:40.036150523Z AddItemAsync called with userId=cba1eabe-9fa2-4ea5-94da-7b5449b2a8b1, productId=6E92ZMYYFZ, quantity=6
2026-08-20T18:17:40.042026447Z GetCartAsync called with userId=cba1eabe-9fa2-4ea5-94da-7b5449b2a8b1
2026-08-20T18:17:40.110882939Z GetCartAsync called with userId=cba1eabe-9fa2-4ea5-94da-7b5449b2a8b1
2026-08-20T18:17:40.121888546Z EmptyCartAsync called with userId=cba1eabe-9fa2-4ea5-94da-7b5449b2a8b1
2026-08-20T18:17:40.670069438Z GetCartAsync called with userId=8870cb35-48e5-45ab-94ac-5eb0b9d3dc41
2026-08-20T18:17:40.776962125Z GetCartAsync called with userId=a582456c-5e50-4b48-9272-8e09a6ab3449
2026-08-20T18:17:40.919084991Z GetCartAsync called with userId=f1f7dda7-81d8-47cb-ab27-9aab5835a795
2026-08-20T18:17:42.320493474Z GetCartAsync called with userId=1a181e6f-68e2-4fd1-accf-0d94e94e749b
2026-08-20T18:17:42.852599370Z GetCartAsync called with userId=8494152f-8303-4d94-92cf-65c48088bbe8
2026-08-20T18:17:45.380019182Z GetCartAsync called with userId=cba1eabe-9fa2-4ea5-94da-7b5449b2a8b1
2026-08-20T18:17:45.644205189Z GetCartAsync called with userId=13964ae0-2c1b-42fd-9617-4df3670f57f2
2026-08-20T18:17:45.761476939Z GetCartAsync called with userId=70df1040-b24f-4a7c-be0d-307211fdf697
2026-08-20T18:17:46.293811183Z GetCartAsync called with userId=b23ae0af-66fc-48c3-982a-ce2e587a4f74
2026-08-20T18:17:46.426840332Z GetCartAsync called with userId=0728d167-2761-48a1-aeec-e206b6deb841
2026-08-20T18:17:46.546963780Z GetCartAsync called with userId=eced0255-1d22-451f-a10a-ade79d3edfea
2026-08-20T18:17:47.218831534Z Checking CartService Health
2026-08-20T18:17:47.224748573Z Checking CartService Health
2026-08-20T18:17:47.392071502Z GetCartAsync called with userId=f1f7dda7-81d8-47cb-ab27-9aab5835a795
2026-08-20T18:17:47.510560307Z AddItemAsync called with userId=f1f7dda7-81d8-47cb-ab27-9aab5835a795, productId=66VCHSJNUP, quantity=7
2026-08-20T18:17:47.608805175Z GetCartAsync called with userId=f1f7dda7-81d8-47cb-ab27-9aab5835a795
2026-08-20T18:17:48.276959952Z GetCartAsync called with userId=70df1040-b24f-4a7c-be0d-307211fdf697
2026-08-20T18:17:48.503135101Z GetCartAsync called with userId=ed2bd629-462b-4498-b459-53ecfb2738ff
2026-08-20T18:17:48.988518757Z GetCartAsync called with userId=eced0255-1d22-451f-a10a-ade79d3edfea
2026-08-20T18:17:49.009716722Z AddItemAsync called with userId=eced0255-1d22-451f-a10a-ade79d3edfea, productId=9SIQT8TOJO, quantity=2
2026-08-20T18:17:49.017597734Z GetCartAsync called with userId=eced0255-1d22-451f-a10a-ade79d3edfea
2026-08-20T18:17:49.086641975Z GetCartAsync called with userId=13964ae0-2c1b-42fd-9617-4df3670f57f2
2026-08-20T18:17:49.188315974Z GetCartAsync called with userId=11b93b3f-3a87-4cb6-881f-9bf889b50835
2026-08-20T18:17:49.393145856Z GetCartAsync called with userId=8870cb35-48e5-45ab-94ac-5eb0b9d3dc41
2026-08-20T18:17:49.685112248Z GetCartAsync called with userId=a582456c-5e50-4b48-9272-8e09a6ab3449
2026-08-20T18:17:49.876606073Z GetCartAsync called with userId=8494152f-8303-4d94-92cf-65c48088bbe8
2026-08-20T18:17:50.005485389Z GetCartAsync called with userId=e35cdbc1-2ed0-4bec-bc66-901678ac7395
2026-08-20T18:17:50.822582990Z GetCartAsync called with userId=1a181e6f-68e2-4fd1-accf-0d94e94e749b
2026-08-20T18:17:51.043055172Z GetCartAsync called with userId=8494152f-8303-4d94-92cf-65c48088bbe8
2026-08-20T18:17:51.366997297Z GetCartAsync called with userId=6fa6405a-d852-42c5-817f-c0cd16c5c2e8
2026-08-20T18:17:52.496621834Z GetCartAsync called with userId=8494152f-8303-4d94-92cf-65c48088bbe8
2026-08-20T18:17:52.609314946Z AddItemAsync called with userId=8494152f-8303-4d94-92cf-65c48088bbe8, productId=0PUK6V6EV0, quantity=4
2026-08-20T18:17:52.616423110Z GetCartAsync called with userId=8494152f-8303-4d94-92cf-65c48088bbe8
2026-08-20T18:17:54.104563602Z GetCartAsync called with userId=0728d167-2761-48a1-aeec-e206b6deb841
2026-08-20T18:17:54.387161298Z GetCartAsync called with userId=11b93b3f-3a87-4cb6-881f-9bf889b50835
2026-08-20T18:17:54.404341493Z GetCartAsync called with userId=8494152f-8303-4d94-92cf-65c48088bbe8
2026-08-20T18:17:54.545272521Z GetCartAsync called with userId=8870cb35-48e5-45ab-94ac-5eb0b9d3dc41
2026-08-20T18:17:54.645364416Z GetCartAsync called with userId=a582456c-5e50-4b48-9272-8e09a6ab3449
2026-08-20T18:17:55.174337462Z GetCartAsync called with userId=cba1eabe-9fa2-4ea5-94da-7b5449b2a8b1
2026-08-20T18:17:55.693942010Z GetCartAsync called with userId=e35cdbc1-2ed0-4bec-bc66-901678ac7395
2026-08-20T18:17:55.800583862Z GetCartAsync called with userId=f1f7dda7-81d8-47cb-ab27-9aab5835a795
2026-08-20T18:17:55.868379964Z GetCartAsync called with userId=70df1040-b24f-4a7c-be0d-307211fdf697
2026-08-20T18:17:55.998002422Z GetCartAsync called with userId=b23ae0af-66fc-48c3-982a-ce2e587a4f74
2026-08-20T18:17:57.188723718Z GetCartAsync called with userId=11b93b3f-3a87-4cb6-881f-9bf889b50835
2026-08-20T18:17:57.216226026Z Checking CartService Health
2026-08-20T18:17:57.221939863Z Checking CartService Health
2026-08-20T18:17:57.344423041Z GetCartAsync called with userId=0728d167-2761-48a1-aeec-e206b6deb841
2026-08-20T18:17:57.592599324Z GetCartAsync called with userId=eced0255-1d22-451f-a10a-ade79d3edfea
2026-08-20T18:17:58.278937834Z GetCartAsync called with userId=13964ae0-2c1b-42fd-9617-4df3670f57f2
2026-08-20T18:17:58.296035537Z AddItemAsync called with userId=13964ae0-2c1b-42fd-9617-4df3670f57f2, productId=6E92ZMYYFZ, quantity=2
2026-08-20T18:17:58.301396616Z GetCartAsync called with userId=13964ae0-2c1b-42fd-9617-4df3670f57f2
2026-08-20T18:17:58.396371485Z GetCartAsync called with userId=ed2bd629-462b-4498-b459-53ecfb2738ff
2026-08-20T18:17:58.733889414Z GetCartAsync called with userId=e35cdbc1-2ed0-4bec-bc66-901678ac7395
2026-08-20T18:17:59.570077288Z GetCartAsync called with userId=6fa6405a-d852-42c5-817f-c0cd16c5c2e8
2026-08-20T18:17:59.982283760Z GetCartAsync called with userId=e35cdbc1-2ed0-4bec-bc66-901678ac7395
2026-08-20T18:18:00.127825918Z GetCartAsync called with userId=1a181e6f-68e2-4fd1-accf-0d94e94e749b
2026-08-20T18:18:00.638711367Z GetCartAsync called with userId=ed2bd629-462b-4498-b459-53ecfb2738ff
2026-08-20T18:18:00.669962990Z AddItemAsync called with userId=ed2bd629-462b-4498-b459-53ecfb2738ff, productId=LS4PSXUNUM, quantity=9
2026-08-20T18:18:00.707136584Z GetCartAsync called with userId=ed2bd629-462b-4498-b459-53ecfb2738ff
2026-08-20T18:18:00.707763186Z GetCartAsync called with userId=b23ae0af-66fc-48c3-982a-ce2e587a4f74
2026-08-20T18:18:00.721872499Z GetCartAsync called with userId=8870cb35-48e5-45ab-94ac-5eb0b9d3dc41
2026-08-20T18:18:00.727607739Z GetCartAsync called with userId=11b93b3f-3a87-4cb6-881f-9bf889b50835
2026-08-20T18:18:00.818999021Z GetCartAsync called with userId=ed2bd629-462b-4498-b459-53ecfb2738ff
2026-08-20T18:18:00.892491968Z EmptyCartAsync called with userId=ed2bd629-462b-4498-b459-53ecfb2738ff
2026-08-20T18:18:01.542912290Z GetCartAsync called with userId=70df1040-b24f-4a7c-be0d-307211fdf697
2026-08-20T18:18:01.829508772Z GetCartAsync called with userId=0728d167-2761-48a1-aeec-e206b6deb841
2026-08-20T18:18:03.177332732Z GetCartAsync called with userId=a582456c-5e50-4b48-9272-8e09a6ab3449
2026-08-20T18:18:03.405422022Z GetCartAsync called with userId=eced0255-1d22-451f-a10a-ade79d3edfea
2026-08-20T18:18:03.523725415Z AddItemAsync called with userId=eced0255-1d22-451f-a10a-ade79d3edfea, productId=6E92ZMYYFZ, quantity=4
2026-08-20T18:18:03.583598130Z GetCartAsync called with userId=eced0255-1d22-451f-a10a-ade79d3edfea
2026-08-20T18:18:03.603431381Z GetCartAsync called with userId=eced0255-1d22-451f-a10a-ade79d3edfea
2026-08-20T18:18:03.615316329Z EmptyCartAsync called with userId=eced0255-1d22-451f-a10a-ade79d3edfea
2026-08-20T18:18:03.690203706Z GetCartAsync called with userId=8494152f-8303-4d94-92cf-65c48088bbe8
2026-08-20T18:18:03.872154132Z GetCartAsync called with userId=e35cdbc1-2ed0-4bec-bc66-901678ac7395
2026-08-20T18:18:04.474227629Z GetCartAsync called with userId=13964ae0-2c1b-42fd-9617-4df3670f57f2
2026-08-20T18:18:04.657896837Z GetCartAsync called with userId=f1f7dda7-81d8-47cb-ab27-9aab5835a795
2026-08-20T18:18:04.734933166Z GetCartAsync called with userId=cba1eabe-9fa2-4ea5-94da-7b5449b2a8b1
2026-08-20T18:18:04.757679694Z AddItemAsync called with userId=cba1eabe-9fa2-4ea5-94da-7b5449b2a8b1, productId=LS4PSXUNUM, quantity=3
2026-08-20T18:18:04.768245427Z GetCartAsync called with userId=cba1eabe-9fa2-4ea5-94da-7b5449b2a8b1
2026-08-20T18:18:05.300710296Z GetCartAsync called with userId=70df1040-b24f-4a7c-be0d-307211fdf697
2026-08-20T18:18:05.505386703Z GetCartAsync called with userId=8494152f-8303-4d94-92cf-65c48088bbe8
2026-08-20T18:18:06.813381055Z GetCartAsync called with userId=11b93b3f-3a87-4cb6-881f-9bf889b50835
2026-08-20T18:18:06.907492797Z GetCartAsync called with userId=13964ae0-2c1b-42fd-9617-4df3670f57f2
2026-08-20T18:18:07.213714722Z Checking CartService Health
2026-08-20T18:18:07.223999886Z Checking CartService Health
2026-08-20T18:18:07.291786313Z GetCartAsync called with userId=ed2bd629-462b-4498-b459-53ecfb2738ff
2026-08-20T18:18:07.330812407Z AddItemAsync called with userId=ed2bd629-462b-4498-b459-53ecfb2738ff, productId=66VCHSJNUP, quantity=8
2026-08-20T18:18:07.339499597Z GetCartAsync called with userId=ed2bd629-462b-4498-b459-53ecfb2738ff
2026-08-20T18:18:07.869865567Z GetCartAsync called with userId=8870cb35-48e5-45ab-94ac-5eb0b9d3dc41
2026-08-20T18:18:09.091921179Z GetCartAsync called with userId=6fa6405a-d852-42c5-817f-c0cd16c5c2e8
2026-08-20T18:18:09.431711261Z GetCartAsync called with userId=eced0255-1d22-451f-a10a-ade79d3edfea
2026-08-20T18:18:10.133173478Z GetCartAsync called with userId=b23ae0af-66fc-48c3-982a-ce2e587a4f74
2026-08-20T18:18:10.774815635Z GetCartAsync called with userId=ed2bd629-462b-4498-b459-53ecfb2738ff
2026-08-20T18:18:10.876107809Z AddItemAsync called with userId=ed2bd629-462b-4498-b459-53ecfb2738ff, productId=LS4PSXUNUM, quantity=1
2026-08-20T18:18:10.886333763Z GetCartAsync called with userId=ed2bd629-462b-4498-b459-53ecfb2738ff
2026-08-20T18:18:10.909089166Z GetCartAsync called with userId=ed2bd629-462b-4498-b459-53ecfb2738ff
2026-08-20T18:18:10.919595769Z EmptyCartAsync called with userId=ed2bd629-462b-4498-b459-53ecfb2738ff
2026-08-20T18:18:11.031333034Z GetCartAsync called with userId=0728d167-2761-48a1-aeec-e206b6deb841
2026-08-20T18:18:11.460092977Z GetCartAsync called with userId=b23ae0af-66fc-48c3-982a-ce2e587a4f74
2026-08-20T18:18:12.051336989Z GetCartAsync called with userId=f1f7dda7-81d8-47cb-ab27-9aab5835a795
2026-08-20T18:18:12.373236502Z GetCartAsync called with userId=8870cb35-48e5-45ab-94ac-5eb0b9d3dc41
2026-08-20T18:18:12.482262903Z AddItemAsync called with userId=8870cb35-48e5-45ab-94ac-5eb0b9d3dc41, productId=OLJCESPC7Z, quantity=10
2026-08-20T18:18:12.487507803Z GetCartAsync called with userId=11b93b3f-3a87-4cb6-881f-9bf889b50835
2026-08-20T18:18:12.503441436Z GetCartAsync called with userId=8870cb35-48e5-45ab-94ac-5eb0b9d3dc41
2026-08-20T18:18:12.708361184Z GetCartAsync called with userId=8870cb35-48e5-45ab-94ac-5eb0b9d3dc41
2026-08-20T18:18:12.789461795Z EmptyCartAsync called with userId=8870cb35-48e5-45ab-94ac-5eb0b9d3dc41
2026-08-20T18:18:12.928483341Z GetCartAsync called with userId=1a181e6f-68e2-4fd1-accf-0d94e94e749b
2026-08-20T18:18:14.063452759Z GetCartAsync called with userId=13964ae0-2c1b-42fd-9617-4df3670f57f2
2026-08-20T18:18:14.241253292Z GetCartAsync called with userId=70df1040-b24f-4a7c-be0d-307211fdf697
2026-08-20T18:18:14.340637695Z GetCartAsync called with userId=cba1eabe-9fa2-4ea5-94da-7b5449b2a8b1
2026-08-20T18:18:15.219135123Z GetCartAsync called with userId=0728d167-2761-48a1-aeec-e206b6deb841
2026-08-20T18:18:15.600973585Z GetCartAsync called with userId=cba1eabe-9fa2-4ea5-94da-7b5449b2a8b1
2026-08-20T18:18:15.887880723Z GetCartAsync called with userId=a582456c-5e50-4b48-9272-8e09a6ab3449
2026-08-20T18:18:15.984437131Z AddItemAsync called with userId=a582456c-5e50-4b48-9272-8e09a6ab3449, productId=LS4PSXUNUM, quantity=2
2026-08-20T18:18:16.010955374Z GetCartAsync called with userId=a582456c-5e50-4b48-9272-8e09a6ab3449
2026-08-20T18:18:16.084616173Z GetCartAsync called with userId=8494152f-8303-4d94-92cf-65c48088bbe8
2026-08-20T18:18:16.189043658Z AddItemAsync called with userId=8494152f-8303-4d94-92cf-65c48088bbe8, productId=LS4PSXUNUM, quantity=10
2026-08-20T18:18:16.206375693Z GetCartAsync called with userId=8494152f-8303-4d94-92cf-65c48088bbe8
2026-08-20T18:18:16.293832207Z GetCartAsync called with userId=8494152f-8303-4d94-92cf-65c48088bbe8
2026-08-20T18:18:16.315935177Z EmptyCartAsync called with userId=8494152f-8303-4d94-92cf-65c48088bbe8
2026-08-20T18:18:16.385546667Z GetCartAsync called with userId=e35cdbc1-2ed0-4bec-bc66-901678ac7395
2026-08-20T18:18:16.637827442Z GetCartAsync called with userId=eced0255-1d22-451f-a10a-ade79d3edfea
2026-08-20T18:18:17.214982204Z Checking CartService Health
2026-08-20T18:18:17.221022962Z Checking CartService Health
2026-08-20T18:18:17.511642551Z GetCartAsync called with userId=0728d167-2761-48a1-aeec-e206b6deb841
2026-08-20T18:18:17.614408845Z GetCartAsync called with userId=70df1040-b24f-4a7c-be0d-307211fdf697
2026-08-20T18:18:17.803400139Z AddItemAsync called with userId=70df1040-b24f-4a7c-be0d-307211fdf697, productId=9SIQT8TOJO, quantity=4
2026-08-20T18:18:17.809279768Z GetCartAsync called with userId=70df1040-b24f-4a7c-be0d-307211fdf697
2026-08-20T18:18:17.825470203Z GetCartAsync called with userId=ed2bd629-462b-4498-b459-53ecfb2738ff
2026-08-20T18:18:17.962986483Z GetCartAsync called with userId=a582456c-5e50-4b48-9272-8e09a6ab3449
2026-08-20T18:18:18.237113784Z GetCartAsync called with userId=6fa6405a-d852-42c5-817f-c0cd16c5c2e8
2026-08-20T18:18:19.120098798Z GetCartAsync called with userId=70df1040-b24f-4a7c-be0d-307211fdf697
2026-08-20T18:18:19.328756134Z GetCartAsync called with userId=cba1eabe-9fa2-4ea5-94da-7b5449b2a8b1
2026-08-20T18:18:19.919384356Z GetCartAsync called with userId=8494152f-8303-4d94-92cf-65c48088bbe8
2026-08-20T18:18:19.919485274Z GetCartAsync called with userId=11b93b3f-3a87-4cb6-881f-9bf889b50835
2026-08-20T18:18:19.985492432Z GetCartAsync called with userId=e35cdbc1-2ed0-4bec-bc66-901678ac7395
2026-08-20T18:18:20.009841495Z AddItemAsync called with userId=e35cdbc1-2ed0-4bec-bc66-901678ac7395, productId=66VCHSJNUP, quantity=9
2026-08-20T18:18:20.013960116Z GetCartAsync called with userId=e35cdbc1-2ed0-4bec-bc66-901678ac7395
2026-08-20T18:18:20.260535993Z GetCartAsync called with userId=8870cb35-48e5-45ab-94ac-5eb0b9d3dc41
2026-08-20T18:18:20.316490291Z AddItemAsync called with userId=8870cb35-48e5-45ab-94ac-5eb0b9d3dc41, productId=66VCHSJNUP, quantity=1
2026-08-20T18:18:20.383963005Z GetCartAsync called with userId=8870cb35-48e5-45ab-94ac-5eb0b9d3dc41
2026-08-20T18:18:20.401816232Z GetCartAsync called with userId=f1f7dda7-81d8-47cb-ab27-9aab5835a795
2026-08-20T18:18:20.401853938Z GetCartAsync called with userId=70df1040-b24f-4a7c-be0d-307211fdf697
2026-08-20T18:18:20.700008746Z GetCartAsync called with userId=1a181e6f-68e2-4fd1-accf-0d94e94e749b
2026-08-20T18:18:20.790894961Z GetCartAsync called with userId=0728d167-2761-48a1-aeec-e206b6deb841
2026-08-20T18:18:20.887376355Z GetCartAsync called with userId=13964ae0-2c1b-42fd-9617-4df3670f57f2
2026-08-20T18:18:20.900806907Z AddItemAsync called with userId=13964ae0-2c1b-42fd-9617-4df3670f57f2, productId=2ZYFJ3GM2N, quantity=7
2026-08-20T18:18:20.988516055Z GetCartAsync called with userId=13964ae0-2c1b-42fd-9617-4df3670f57f2
2026-08-20T18:18:21.986594493Z GetCartAsync called with userId=eced0255-1d22-451f-a10a-ade79d3edfea
2026-08-20T18:18:22.201508446Z GetCartAsync called with userId=b23ae0af-66fc-48c3-982a-ce2e587a4f74
2026-08-20T18:18:22.873485053Z GetCartAsync called with userId=6fa6405a-d852-42c5-817f-c0cd16c5c2e8
2026-08-20T18:18:23.324366929Z GetCartAsync called with userId=11b93b3f-3a87-4cb6-881f-9bf889b50835
2026-08-20T18:18:23.522292422Z GetCartAsync called with userId=ed2bd629-462b-4498-b459-53ecfb2738ff
2026-08-20T18:18:23.729209682Z GetCartAsync called with userId=13964ae0-2c1b-42fd-9617-4df3670f57f2
2026-08-20T18:18:25.257127056Z GetCartAsync called with userId=8870cb35-48e5-45ab-94ac-5eb0b9d3dc41
2026-08-20T18:18:25.508395945Z GetCartAsync called with userId=70df1040-b24f-4a7c-be0d-307211fdf697
2026-08-20T18:18:26.678610881Z GetCartAsync called with userId=f1f7dda7-81d8-47cb-ab27-9aab5835a795
2026-08-20T18:18:26.916916611Z GetCartAsync called with userId=11b93b3f-3a87-4cb6-881f-9bf889b50835
2026-08-20T18:18:27.211424036Z Checking CartService Health
2026-08-20T18:18:27.216876586Z Checking CartService Health
2026-08-20T18:18:27.596854906Z GetCartAsync called with userId=eced0255-1d22-451f-a10a-ade79d3edfea
2026-08-20T18:18:27.699983478Z GetCartAsync called with userId=cba1eabe-9fa2-4ea5-94da-7b5449b2a8b1
2026-08-20T18:18:27.700022585Z AddItemAsync called with userId=eced0255-1d22-451f-a10a-ade79d3edfea, productId=6E92ZMYYFZ, quantity=1
2026-08-20T18:18:27.705972622Z GetCartAsync called with userId=eced0255-1d22-451f-a10a-ade79d3edfea
2026-08-20T18:18:27.791166969Z GetCartAsync called with userId=eced0255-1d22-451f-a10a-ade79d3edfea
2026-08-20T18:18:27.804670222Z EmptyCartAsync called with userId=eced0255-1d22-451f-a10a-ade79d3edfea
2026-08-20T18:18:27.958141368Z GetCartAsync called with userId=a582456c-5e50-4b48-9272-8e09a6ab3449
2026-08-20T18:18:28.061914553Z GetCartAsync called with userId=1a181e6f-68e2-4fd1-accf-0d94e94e749b
2026-08-20T18:18:28.195579847Z GetCartAsync called with userId=13964ae0-2c1b-42fd-9617-4df3670f57f2
2026-08-20T18:18:28.208419484Z AddItemAsync called with userId=13964ae0-2c1b-42fd-9617-4df3670f57f2, productId=0PUK6V6EV0, quantity=1
2026-08-20T18:18:28.213065094Z GetCartAsync called with userId=13964ae0-2c1b-42fd-9617-4df3670f57f2
2026-08-20T18:18:28.324412299Z GetCartAsync called with userId=8494152f-8303-4d94-92cf-65c48088bbe8
2026-08-20T18:18:28.367034927Z GetCartAsync called with userId=8870cb35-48e5-45ab-94ac-5eb0b9d3dc41
2026-08-20T18:18:29.788905131Z GetCartAsync called with userId=b23ae0af-66fc-48c3-982a-ce2e587a4f74
2026-08-20T18:18:29.849603853Z GetCartAsync called with userId=e35cdbc1-2ed0-4bec-bc66-901678ac7395
2026-08-20T18:18:30.190313470Z GetCartAsync called with userId=eced0255-1d22-451f-a10a-ade79d3edfea
2026-08-20T18:18:30.221485168Z GetCartAsync called with userId=cba1eabe-9fa2-4ea5-94da-7b5449b2a8b1
2026-08-20T18:18:30.231578852Z AddItemAsync called with userId=cba1eabe-9fa2-4ea5-94da-7b5449b2a8b1, productId=L9ECAV7KIM, quantity=7
2026-08-20T18:18:30.234802589Z GetCartAsync called with userId=cba1eabe-9fa2-4ea5-94da-7b5449b2a8b1
2026-08-20T18:18:30.390658680Z GetCartAsync called with userId=11b93b3f-3a87-4cb6-881f-9bf889b50835
2026-08-20T18:18:30.583204989Z GetCartAsync called with userId=a582456c-5e50-4b48-9272-8e09a6ab3449
2026-08-20T18:18:30.888880864Z GetCartAsync called with userId=0728d167-2761-48a1-aeec-e206b6deb841
2026-08-20T18:18:31.737252640Z GetCartAsync called with userId=13964ae0-2c1b-42fd-9617-4df3670f57f2
2026-08-20T18:18:32.296377081Z GetCartAsync called with userId=a582456c-5e50-4b48-9272-8e09a6ab3449
2026-08-20T18:18:32.434328086Z GetCartAsync called with userId=ed2bd629-462b-4498-b459-53ecfb2738ff
2026-08-20T18:18:32.845395637Z GetCartAsync called with userId=6fa6405a-d852-42c5-817f-c0cd16c5c2e8
2026-08-20T18:18:33.212800406Z GetCartAsync called with userId=0728d167-2761-48a1-aeec-e206b6deb841
2026-08-20T18:18:33.492627370Z GetCartAsync called with userId=e35cdbc1-2ed0-4bec-bc66-901678ac7395
2026-08-20T18:18:33.583839981Z GetCartAsync called with userId=8494152f-8303-4d94-92cf-65c48088bbe8
2026-08-20T18:18:34.015458058Z GetCartAsync called with userId=1a181e6f-68e2-4fd1-accf-0d94e94e749b
2026-08-20T18:18:34.487117013Z GetCartAsync called with userId=70df1040-b24f-4a7c-be0d-307211fdf697
2026-08-20T18:18:34.598486085Z GetCartAsync called with userId=13964ae0-2c1b-42fd-9617-4df3670f57f2
2026-08-20T18:18:34.749894634Z GetCartAsync called with userId=8870cb35-48e5-45ab-94ac-5eb0b9d3dc41
2026-08-20T18:18:36.101684961Z GetCartAsync called with userId=8494152f-8303-4d94-92cf-65c48088bbe8
2026-08-20T18:18:36.180907172Z GetCartAsync called with userId=ed2bd629-462b-4498-b459-53ecfb2738ff
2026-08-20T18:18:36.253606796Z GetCartAsync called with userId=eced0255-1d22-451f-a10a-ade79d3edfea
2026-08-20T18:18:36.531237294Z GetCartAsync called with userId=cba1eabe-9fa2-4ea5-94da-7b5449b2a8b1
2026-08-20T18:18:37.136807134Z GetCartAsync called with userId=f1f7dda7-81d8-47cb-ab27-9aab5835a795
2026-08-20T18:18:37.210846458Z Checking CartService Health
2026-08-20T18:18:37.215776705Z Checking CartService Health
2026-08-20T18:18:37.740674208Z GetCartAsync called with userId=6fa6405a-d852-42c5-817f-c0cd16c5c2e8
2026-08-20T18:18:38.324604956Z GetCartAsync called with userId=eced0255-1d22-451f-a10a-ade79d3edfea
2026-08-20T18:18:38.877090401Z GetCartAsync called with userId=a582456c-5e50-4b48-9272-8e09a6ab3449
2026-08-20T18:18:38.892939925Z GetCartAsync called with userId=b23ae0af-66fc-48c3-982a-ce2e587a4f74
2026-08-20T18:18:39.095324304Z GetCartAsync called with userId=0728d167-2761-48a1-aeec-e206b6deb841
2026-08-20T18:18:39.203844753Z GetCartAsync called with userId=11b93b3f-3a87-4cb6-881f-9bf889b50835
2026-08-20T18:18:39.630307341Z GetCartAsync called with userId=8870cb35-48e5-45ab-94ac-5eb0b9d3dc41
2026-08-20T18:18:39.643096039Z GetCartAsync called with userId=1a181e6f-68e2-4fd1-accf-0d94e94e749b
2026-08-20T18:18:39.795611948Z AddItemAsync called with userId=1a181e6f-68e2-4fd1-accf-0d94e94e749b, productId=0PUK6V6EV0, quantity=9
2026-08-20T18:18:39.796904470Z GetCartAsync called with userId=cba1eabe-9fa2-4ea5-94da-7b5449b2a8b1
2026-08-20T18:18:39.894239497Z AddItemAsync called with userId=8870cb35-48e5-45ab-94ac-5eb0b9d3dc41, productId=9SIQT8TOJO, quantity=1
2026-08-20T18:18:39.894722380Z GetCartAsync called with userId=1a181e6f-68e2-4fd1-accf-0d94e94e749b
2026-08-20T18:18:39.899020619Z GetCartAsync called with userId=8870cb35-48e5-45ab-94ac-5eb0b9d3dc41
2026-08-20T18:18:39.995685831Z GetCartAsync called with userId=1a181e6f-68e2-4fd1-accf-0d94e94e749b
2026-08-20T18:18:40.008010349Z EmptyCartAsync called with userId=1a181e6f-68e2-4fd1-accf-0d94e94e749b
2026-08-20T18:18:40.144877970Z GetCartAsync called with userId=b23ae0af-66fc-48c3-982a-ce2e587a4f74
2026-08-20T18:18:40.658667164Z GetCartAsync called with userId=f1f7dda7-81d8-47cb-ab27-9aab5835a795
2026-08-20T18:18:40.880072913Z GetCartAsync called with userId=70df1040-b24f-4a7c-be0d-307211fdf697
2026-08-20T18:18:41.295975285Z GetCartAsync called with userId=b23ae0af-66fc-48c3-982a-ce2e587a4f74
2026-08-20T18:18:42.130334169Z GetCartAsync called with userId=e35cdbc1-2ed0-4bec-bc66-901678ac7395
2026-08-20T18:18:42.288072377Z GetCartAsync called with userId=6fa6405a-d852-42c5-817f-c0cd16c5c2e8
2026-08-20T18:18:42.315677220Z AddItemAsync called with userId=6fa6405a-d852-42c5-817f-c0cd16c5c2e8, productId=2ZYFJ3GM2N, quantity=10
2026-08-20T18:18:42.321253879Z GetCartAsync called with userId=6fa6405a-d852-42c5-817f-c0cd16c5c2e8
2026-08-20T18:18:42.734987079Z GetCartAsync called with userId=0728d167-2761-48a1-aeec-e206b6deb841
2026-08-20T18:18:43.570163803Z GetCartAsync called with userId=eced0255-1d22-451f-a10a-ade79d3edfea
2026-08-20T18:18:43.731347103Z GetCartAsync called with userId=13964ae0-2c1b-42fd-9617-4df3670f57f2
2026-08-20T18:18:44.408926244Z GetCartAsync called with userId=8494152f-8303-4d94-92cf-65c48088bbe8
2026-08-20T18:18:44.595673437Z AddItemAsync called with userId=8494152f-8303-4d94-92cf-65c48088bbe8, productId=2ZYFJ3GM2N, quantity=6
2026-08-20T18:18:44.615627766Z GetCartAsync called with userId=8494152f-8303-4d94-92cf-65c48088bbe8
2026-08-20T18:18:44.700960430Z GetCartAsync called with userId=1a181e6f-68e2-4fd1-accf-0d94e94e749b
2026-08-20T18:18:45.552602858Z GetCartAsync called with userId=70df1040-b24f-4a7c-be0d-307211fdf697
2026-08-20T18:18:45.851795207Z GetCartAsync called with userId=ed2bd629-462b-4498-b459-53ecfb2738ff
2026-08-20T18:18:46.072774197Z GetCartAsync called with userId=a582456c-5e50-4b48-9272-8e09a6ab3449
2026-08-20T18:18:46.082910868Z AddItemAsync called with userId=a582456c-5e50-4b48-9272-8e09a6ab3449, productId=L9ECAV7KIM, quantity=5
2026-08-20T18:18:46.086101925Z GetCartAsync called with userId=a582456c-5e50-4b48-9272-8e09a6ab3449
2026-08-20T18:18:46.099081591Z GetCartAsync called with userId=a582456c-5e50-4b48-9272-8e09a6ab3449
2026-08-20T18:18:46.108176880Z EmptyCartAsync called with userId=a582456c-5e50-4b48-9272-8e09a6ab3449
2026-08-20T18:18:46.160737459Z GetCartAsync called with userId=cba1eabe-9fa2-4ea5-94da-7b5449b2a8b1
2026-08-20T18:18:46.473740619Z GetCartAsync called with userId=11b93b3f-3a87-4cb6-881f-9bf889b50835
2026-08-20T18:18:47.137821490Z GetCartAsync called with userId=8870cb35-48e5-45ab-94ac-5eb0b9d3dc41
2026-08-20T18:18:47.141513135Z GetCartAsync called with userId=f1f7dda7-81d8-47cb-ab27-9aab5835a795
2026-08-20T18:18:47.206830741Z Checking CartService Health
2026-08-20T18:18:47.213004219Z Checking CartService Health
2026-08-20T18:18:47.485648432Z GetCartAsync called with userId=a582456c-5e50-4b48-9272-8e09a6ab3449
2026-08-20T18:18:47.605051584Z GetCartAsync called with userId=6fa6405a-d852-42c5-817f-c0cd16c5c2e8
2026-08-20T18:18:48.890720404Z GetCartAsync called with userId=a582456c-5e50-4b48-9272-8e09a6ab3449
2026-08-20T18:18:49.240107419Z GetCartAsync called with userId=8494152f-8303-4d94-92cf-65c48088bbe8
2026-08-20T18:18:49.312646286Z GetCartAsync called with userId=eced0255-1d22-451f-a10a-ade79d3edfea
2026-08-20T18:18:49.527452899Z GetCartAsync called with userId=e35cdbc1-2ed0-4bec-bc66-901678ac7395
2026-08-20T18:18:49.550612043Z GetCartAsync called with userId=f1f7dda7-81d8-47cb-ab27-9aab5835a795
2026-08-20T18:18:49.596960337Z AddItemAsync called with userId=e35cdbc1-2ed0-4bec-bc66-901678ac7395, productId=LS4PSXUNUM, quantity=10
2026-08-20T18:18:49.606351677Z GetCartAsync called with userId=e35cdbc1-2ed0-4bec-bc66-901678ac7395
2026-08-20T18:18:49.717862050Z GetCartAsync called with userId=e35cdbc1-2ed0-4bec-bc66-901678ac7395
2026-08-20T18:18:49.741109510Z EmptyCartAsync called with userId=e35cdbc1-2ed0-4bec-bc66-901678ac7395
2026-08-20T18:18:49.966078097Z GetCartAsync called with userId=11b93b3f-3a87-4cb6-881f-9bf889b50835
2026-08-20T18:18:50.497315169Z GetCartAsync called with userId=0728d167-2761-48a1-aeec-e206b6deb841
2026-08-20T18:18:51.299937733Z GetCartAsync called with userId=8494152f-8303-4d94-92cf-65c48088bbe8
2026-08-20T18:18:51.327613466Z AddItemAsync called with userId=8494152f-8303-4d94-92cf-65c48088bbe8, productId=6E92ZMYYFZ, quantity=2
2026-08-20T18:18:51.333071719Z GetCartAsync called with userId=8494152f-8303-4d94-92cf-65c48088bbe8
2026-08-20T18:18:51.510975587Z GetCartAsync called with userId=8494152f-8303-4d94-92cf-65c48088bbe8
2026-08-20T18:18:51.579774702Z EmptyCartAsync called with userId=8494152f-8303-4d94-92cf-65c48088bbe8
2026-08-20T18:18:51.782418090Z GetCartAsync called with userId=eced0255-1d22-451f-a10a-ade79d3edfea
2026-08-20T18:18:52.279558007Z GetCartAsync called with userId=a582456c-5e50-4b48-9272-8e09a6ab3449
2026-08-20T18:18:52.372842198Z GetCartAsync called with userId=8870cb35-48e5-45ab-94ac-5eb0b9d3dc41
2026-08-20T18:18:53.377748342Z GetCartAsync called with userId=13964ae0-2c1b-42fd-9617-4df3670f57f2
2026-08-20T18:18:53.835874184Z GetCartAsync called with userId=6fa6405a-d852-42c5-817f-c0cd16c5c2e8
2026-08-20T18:18:54.283843453Z GetCartAsync called with userId=f1f7dda7-81d8-47cb-ab27-9aab5835a795
2026-08-20T18:18:54.697597652Z GetCartAsync called with userId=1a181e6f-68e2-4fd1-accf-0d94e94e749b
2026-08-20T18:18:54.796792062Z GetCartAsync called with userId=b23ae0af-66fc-48c3-982a-ce2e587a4f74
2026-08-20T18:18:54.796867775Z GetCartAsync called with userId=70df1040-b24f-4a7c-be0d-307211fdf697
2026-08-20T18:18:54.796883177Z GetCartAsync called with userId=cba1eabe-9fa2-4ea5-94da-7b5449b2a8b1
2026-08-20T18:18:54.998817515Z AddItemAsync called with userId=b23ae0af-66fc-48c3-982a-ce2e587a4f74, productId=2ZYFJ3GM2N, quantity=4
2026-08-20T18:18:55.077592661Z GetCartAsync called with userId=b23ae0af-66fc-48c3-982a-ce2e587a4f74
2026-08-20T18:18:55.582610685Z GetCartAsync called with userId=e35cdbc1-2ed0-4bec-bc66-901678ac7395
2026-08-20T18:18:56.083531395Z GetCartAsync called with userId=a582456c-5e50-4b48-9272-8e09a6ab3449
2026-08-20T18:18:56.578104197Z GetCartAsync called with userId=0728d167-2761-48a1-aeec-e206b6deb841
2026-08-20T18:18:56.850659857Z GetCartAsync called with userId=8870cb35-48e5-45ab-94ac-5eb0b9d3dc41
2026-08-20T18:18:56.883262646Z AddItemAsync called with userId=8870cb35-48e5-45ab-94ac-5eb0b9d3dc41, productId=LS4PSXUNUM, quantity=2
2026-08-20T18:18:56.889302300Z GetCartAsync called with userId=8870cb35-48e5-45ab-94ac-5eb0b9d3dc41
2026-08-20T18:18:57.211124857Z Checking CartService Health
2026-08-20T18:18:57.227886982Z Checking CartService Health
2026-08-20T18:18:58.279087814Z GetCartAsync called with userId=ed2bd629-462b-4498-b459-53ecfb2738ff
2026-08-20T18:18:58.976831469Z GetCartAsync called with userId=eced0255-1d22-451f-a10a-ade79d3edfea
2026-08-20T18:18:59.037220107Z GetCartAsync called with userId=70df1040-b24f-4a7c-be0d-307211fdf697
2026-08-20T18:18:59.425260119Z GetCartAsync called with userId=6fa6405a-d852-42c5-817f-c0cd16c5c2e8
2026-08-20T18:19:00.180157347Z GetCartAsync called with userId=13964ae0-2c1b-42fd-9617-4df3670f57f2
2026-08-20T18:19:00.190984436Z GetCartAsync called with userId=8870cb35-48e5-45ab-94ac-5eb0b9d3dc41
2026-08-20T18:19:00.477655260Z GetCartAsync called with userId=a582456c-5e50-4b48-9272-8e09a6ab3449
2026-08-20T18:19:00.477773880Z GetCartAsync called with userId=8494152f-8303-4d94-92cf-65c48088bbe8
2026-08-20T18:19:01.234664373Z GetCartAsync called with userId=b23ae0af-66fc-48c3-982a-ce2e587a4f74
2026-08-20T18:19:01.666687925Z GetCartAsync called with userId=cba1eabe-9fa2-4ea5-94da-7b5449b2a8b1
2026-08-20T18:19:01.711504855Z GetCartAsync called with userId=6fa6405a-d852-42c5-817f-c0cd16c5c2e8
2026-08-20T18:19:01.797015713Z GetCartAsync called with userId=11b93b3f-3a87-4cb6-881f-9bf889b50835
2026-08-20T18:19:02.643933266Z GetCartAsync called with userId=1a181e6f-68e2-4fd1-accf-0d94e94e749b
2026-08-20T18:19:02.770651240Z GetCartAsync called with userId=8870cb35-48e5-45ab-94ac-5eb0b9d3dc41
2026-08-20T18:19:03.062749870Z GetCartAsync called with userId=6fa6405a-d852-42c5-817f-c0cd16c5c2e8
2026-08-20T18:19:03.201322462Z GetCartAsync called with userId=e35cdbc1-2ed0-4bec-bc66-901678ac7395
2026-08-20T18:19:03.376319655Z GetCartAsync called with userId=eced0255-1d22-451f-a10a-ade79d3edfea
2026-08-20T18:19:03.653824600Z GetCartAsync called with userId=0728d167-2761-48a1-aeec-e206b6deb841
2026-08-20T18:19:03.849624534Z GetCartAsync called with userId=1a181e6f-68e2-4fd1-accf-0d94e94e749b
2026-08-20T18:19:04.207322532Z GetCartAsync called with userId=b23ae0af-66fc-48c3-982a-ce2e587a4f74
2026-08-20T18:19:04.303472802Z AddItemAsync called with userId=b23ae0af-66fc-48c3-982a-ce2e587a4f74, productId=9SIQT8TOJO, quantity=10
2026-08-20T18:19:04.312795889Z GetCartAsync called with userId=b23ae0af-66fc-48c3-982a-ce2e587a4f74
2026-08-20T18:19:04.921375699Z GetCartAsync called with userId=f1f7dda7-81d8-47cb-ab27-9aab5835a795
2026-08-20T18:19:05.310925920Z GetCartAsync called with userId=13964ae0-2c1b-42fd-9617-4df3670f57f2
2026-08-20T18:19:05.819371082Z GetCartAsync called with userId=cba1eabe-9fa2-4ea5-94da-7b5449b2a8b1
2026-08-20T18:19:05.835326699Z AddItemAsync called with userId=cba1eabe-9fa2-4ea5-94da-7b5449b2a8b1, productId=66VCHSJNUP, quantity=10
2026-08-20T18:19:05.842401403Z GetCartAsync called with userId=cba1eabe-9fa2-4ea5-94da-7b5449b2a8b1
2026-08-20T18:19:06.421616014Z GetCartAsync called with userId=6fa6405a-d852-42c5-817f-c0cd16c5c2e8
2026-08-20T18:19:07.205797921Z Checking CartService Health
2026-08-20T18:19:07.224308072Z Checking CartService Health
2026-08-20T18:19:07.495897810Z GetCartAsync called with userId=a582456c-5e50-4b48-9272-8e09a6ab3449
2026-08-20T18:19:08.053480938Z GetCartAsync called with userId=e35cdbc1-2ed0-4bec-bc66-901678ac7395
2026-08-20T18:19:08.092274943Z GetCartAsync called with userId=ed2bd629-462b-4498-b459-53ecfb2738ff
2026-08-20T18:19:08.768962048Z GetCartAsync called with userId=8870cb35-48e5-45ab-94ac-5eb0b9d3dc41
2026-08-20T18:19:08.902879348Z GetCartAsync called with userId=8494152f-8303-4d94-92cf-65c48088bbe8
2026-08-20T18:19:09.057119907Z GetCartAsync called with userId=70df1040-b24f-4a7c-be0d-307211fdf697
2026-08-20T18:19:10.027734388Z GetCartAsync called with userId=1a181e6f-68e2-4fd1-accf-0d94e94e749b
2026-08-20T18:19:10.938373706Z GetCartAsync called with userId=11b93b3f-3a87-4cb6-881f-9bf889b50835
2026-08-20T18:19:11.115686827Z GetCartAsync called with userId=cba1eabe-9fa2-4ea5-94da-7b5449b2a8b1
2026-08-20T18:19:11.165980826Z GetCartAsync called with userId=eced0255-1d22-451f-a10a-ade79d3edfea
2026-08-20T18:19:11.851450450Z GetCartAsync called with userId=13964ae0-2c1b-42fd-9617-4df3670f57f2
2026-08-20T18:19:12.516642826Z GetCartAsync called with userId=b23ae0af-66fc-48c3-982a-ce2e587a4f74
2026-08-20T18:19:12.887499007Z GetCartAsync called with userId=f1f7dda7-81d8-47cb-ab27-9aab5835a795
2026-08-20T18:19:13.034261384Z GetCartAsync called with userId=cba1eabe-9fa2-4ea5-94da-7b5449b2a8b1
2026-08-20T18:19:13.071070723Z GetCartAsync called with userId=ed2bd629-462b-4498-b459-53ecfb2738ff
2026-08-20T18:19:13.331384966Z GetCartAsync called with userId=0728d167-2761-48a1-aeec-e206b6deb841
2026-08-20T18:19:13.360843920Z AddItemAsync called with userId=0728d167-2761-48a1-aeec-e206b6deb841, productId=6E92ZMYYFZ, quantity=8
2026-08-20T18:19:13.390719146Z GetCartAsync called with userId=8870cb35-48e5-45ab-94ac-5eb0b9d3dc41
2026-08-20T18:19:13.392775606Z GetCartAsync called with userId=0728d167-2761-48a1-aeec-e206b6deb841
2026-08-20T18:19:13.498780452Z GetCartAsync called with userId=0728d167-2761-48a1-aeec-e206b6deb841
2026-08-20T18:19:13.510115635Z EmptyCartAsync called with userId=0728d167-2761-48a1-aeec-e206b6deb841
2026-08-20T18:19:13.903691691Z GetCartAsync called with userId=6fa6405a-d852-42c5-817f-c0cd16c5c2e8
2026-08-20T18:19:14.008389608Z AddItemAsync called with userId=6fa6405a-d852-42c5-817f-c0cd16c5c2e8, productId=LS4PSXUNUM, quantity=3
2026-08-20T18:19:14.298470558Z GetCartAsync called with userId=6fa6405a-d852-42c5-817f-c0cd16c5c2e8
2026-08-20T18:19:14.299238793Z GetCartAsync called with userId=eced0255-1d22-451f-a10a-ade79d3edfea
2026-08-20T18:19:15.148978356Z GetCartAsync called with userId=8494152f-8303-4d94-92cf-65c48088bbe8
2026-08-20T18:19:15.933439798Z GetCartAsync called with userId=8870cb35-48e5-45ab-94ac-5eb0b9d3dc41
2026-08-20T18:19:16.027285916Z GetCartAsync called with userId=e35cdbc1-2ed0-4bec-bc66-901678ac7395
2026-08-20T18:19:16.244763064Z GetCartAsync called with userId=eced0255-1d22-451f-a10a-ade79d3edfea
2026-08-20T18:19:16.659012038Z GetCartAsync called with userId=f1f7dda7-81d8-47cb-ab27-9aab5835a795
2026-08-20T18:19:16.875747356Z GetCartAsync called with userId=0728d167-2761-48a1-aeec-e206b6deb841
2026-08-20T18:19:16.904761032Z GetCartAsync called with userId=70df1040-b24f-4a7c-be0d-307211fdf697
2026-08-20T18:19:16.949839618Z GetCartAsync called with userId=cba1eabe-9fa2-4ea5-94da-7b5449b2a8b1
2026-08-20T18:19:17.033209604Z AddItemAsync called with userId=70df1040-b24f-4a7c-be0d-307211fdf697, productId=66VCHSJNUP, quantity=6
2026-08-20T18:19:17.094320575Z GetCartAsync called with userId=70df1040-b24f-4a7c-be0d-307211fdf697
2026-08-20T18:19:17.095134317Z GetCartAsync called with userId=a582456c-5e50-4b48-9272-8e09a6ab3449
2026-08-20T18:19:17.203084987Z Checking CartService Health
2026-08-20T18:19:17.209146641Z Checking CartService Health
2026-08-20T18:19:17.353004254Z GetCartAsync called with userId=6fa6405a-d852-42c5-817f-c0cd16c5c2e8
2026-08-20T18:19:17.994013411Z GetCartAsync called with userId=11b93b3f-3a87-4cb6-881f-9bf889b50835
2026-08-20T18:19:18.002834145Z AddItemAsync called with userId=11b93b3f-3a87-4cb6-881f-9bf889b50835, productId=6E92ZMYYFZ, quantity=3
2026-08-20T18:19:18.006653809Z GetCartAsync called with userId=11b93b3f-3a87-4cb6-881f-9bf889b50835
2026-08-20T18:19:18.205727923Z GetCartAsync called with userId=e35cdbc1-2ed0-4bec-bc66-901678ac7395
2026-08-20T18:19:18.518492705Z GetCartAsync called with userId=70df1040-b24f-4a7c-be0d-307211fdf697
2026-08-20T18:19:18.622481387Z GetCartAsync called with userId=1a181e6f-68e2-4fd1-accf-0d94e94e749b
2026-08-20T18:19:18.765655981Z GetCartAsync called with userId=0728d167-2761-48a1-aeec-e206b6deb841
2026-08-20T18:19:19.421317886Z GetCartAsync called with userId=11b93b3f-3a87-4cb6-881f-9bf889b50835
2026-08-20T18:19:19.916889254Z GetCartAsync called with userId=13964ae0-2c1b-42fd-9617-4df3670f57f2
2026-08-20T18:19:20.640601190Z GetCartAsync called with userId=b23ae0af-66fc-48c3-982a-ce2e587a4f74
2026-08-20T18:19:20.732012585Z GetCartAsync called with userId=8870cb35-48e5-45ab-94ac-5eb0b9d3dc41
2026-08-20T18:19:20.912681199Z GetCartAsync called with userId=8494152f-8303-4d94-92cf-65c48088bbe8
2026-08-20T18:19:22.230261595Z GetCartAsync called with userId=1a181e6f-68e2-4fd1-accf-0d94e94e749b
2026-08-20T18:19:22.387462828Z GetCartAsync called with userId=ed2bd629-462b-4498-b459-53ecfb2738ff
2026-08-20T18:19:22.490882611Z AddItemAsync called with userId=ed2bd629-462b-4498-b459-53ecfb2738ff, productId=L9ECAV7KIM, quantity=4
2026-08-20T18:19:22.499988794Z GetCartAsync called with userId=ed2bd629-462b-4498-b459-53ecfb2738ff
2026-08-20T18:19:22.752578914Z GetCartAsync called with userId=e35cdbc1-2ed0-4bec-bc66-901678ac7395
2026-08-20T18:19:23.309801101Z GetCartAsync called with userId=f1f7dda7-81d8-47cb-ab27-9aab5835a795
2026-08-20T18:19:24.049515820Z GetCartAsync called with userId=cba1eabe-9fa2-4ea5-94da-7b5449b2a8b1
2026-08-20T18:19:25.756489761Z GetCartAsync called with userId=11b93b3f-3a87-4cb6-881f-9bf889b50835
2026-08-20T18:19:25.764263603Z GetCartAsync called with userId=70df1040-b24f-4a7c-be0d-307211fdf697
2026-08-20T18:19:25.891912205Z GetCartAsync called with userId=ed2bd629-462b-4498-b459-53ecfb2738ff
2026-08-20T18:19:26.019030522Z GetCartAsync called with userId=f1f7dda7-81d8-47cb-ab27-9aab5835a795
2026-08-20T18:19:26.047057902Z GetCartAsync called with userId=6fa6405a-d852-42c5-817f-c0cd16c5c2e8
2026-08-20T18:19:26.343417869Z GetCartAsync called with userId=0728d167-2761-48a1-aeec-e206b6deb841
2026-08-20T18:19:26.441896709Z GetCartAsync called with userId=13964ae0-2c1b-42fd-9617-4df3670f57f2
2026-08-20T18:19:26.578382123Z GetCartAsync called with userId=eced0255-1d22-451f-a10a-ade79d3edfea
2026-08-20T18:19:26.688753763Z AddItemAsync called with userId=eced0255-1d22-451f-a10a-ade79d3edfea, productId=L9ECAV7KIM, quantity=9
2026-08-20T18:19:26.775349404Z GetCartAsync called with userId=eced0255-1d22-451f-a10a-ade79d3edfea
2026-08-20T18:19:26.873391874Z GetCartAsync called with userId=eced0255-1d22-451f-a10a-ade79d3edfea
2026-08-20T18:19:26.978254834Z EmptyCartAsync called with userId=eced0255-1d22-451f-a10a-ade79d3edfea
2026-08-20T18:19:27.122465983Z GetCartAsync called with userId=f1f7dda7-81d8-47cb-ab27-9aab5835a795
2026-08-20T18:19:27.201817566Z Checking CartService Health
2026-08-20T18:19:27.209162940Z Checking CartService Health
2026-08-20T18:19:27.435831068Z GetCartAsync called with userId=ed2bd629-462b-4498-b459-53ecfb2738ff
2026-08-20T18:19:28.731581165Z GetCartAsync called with userId=13964ae0-2c1b-42fd-9617-4df3670f57f2
2026-08-20T18:19:28.731602869Z GetCartAsync called with userId=0728d167-2761-48a1-aeec-e206b6deb841
2026-08-20T18:19:28.731639475Z GetCartAsync called with userId=11b93b3f-3a87-4cb6-881f-9bf889b50835
2026-08-20T18:19:28.731646576Z GetCartAsync called with userId=b23ae0af-66fc-48c3-982a-ce2e587a4f74
2026-08-20T18:19:28.832880456Z GetCartAsync called with userId=70df1040-b24f-4a7c-be0d-307211fdf697
2026-08-20T18:19:28.832925763Z GetCartAsync called with userId=8870cb35-48e5-45ab-94ac-5eb0b9d3dc41
2026-08-20T18:19:28.856219386Z AddItemAsync called with userId=b23ae0af-66fc-48c3-982a-ce2e587a4f74, productId=OLJCESPC7Z, quantity=7
2026-08-20T18:19:28.889811255Z GetCartAsync called with userId=b23ae0af-66fc-48c3-982a-ce2e587a4f74
2026-08-20T18:19:29.745205872Z GetCartAsync called with userId=6fa6405a-d852-42c5-817f-c0cd16c5c2e8
2026-08-20T18:19:30.463155320Z GetCartAsync called with userId=8494152f-8303-4d94-92cf-65c48088bbe8
2026-08-20T18:19:31.065457385Z GetCartAsync called with userId=1a181e6f-68e2-4fd1-accf-0d94e94e749b
2026-08-20T18:19:31.178986130Z GetCartAsync called with userId=a582456c-5e50-4b48-9272-8e09a6ab3449
2026-08-20T18:19:31.312714704Z GetCartAsync called with userId=cba1eabe-9fa2-4ea5-94da-7b5449b2a8b1
2026-08-20T18:19:31.582024448Z GetCartAsync called with userId=13964ae0-2c1b-42fd-9617-4df3670f57f2
2026-08-20T18:19:32.090425504Z GetCartAsync called with userId=0728d167-2761-48a1-aeec-e206b6deb841
2026-08-20T18:19:32.229268896Z GetCartAsync called with userId=70df1040-b24f-4a7c-be0d-307211fdf697
2026-08-20T18:19:32.524877436Z GetCartAsync called with userId=8870cb35-48e5-45ab-94ac-5eb0b9d3dc41
2026-08-20T18:19:33.011927281Z GetCartAsync called with userId=f1f7dda7-81d8-47cb-ab27-9aab5835a795
2026-08-20T18:19:33.792150468Z GetCartAsync called with userId=cba1eabe-9fa2-4ea5-94da-7b5449b2a8b1
2026-08-20T18:19:34.052918559Z GetCartAsync called with userId=6fa6405a-d852-42c5-817f-c0cd16c5c2e8
2026-08-20T18:19:34.132484171Z GetCartAsync called with userId=eced0255-1d22-451f-a10a-ade79d3edfea
2026-08-20T18:19:34.750796158Z GetCartAsync called with userId=a582456c-5e50-4b48-9272-8e09a6ab3449
2026-08-20T18:19:35.216558884Z GetCartAsync called with userId=11b93b3f-3a87-4cb6-881f-9bf889b50835
2026-08-20T18:19:35.432883530Z GetCartAsync called with userId=ed2bd629-462b-4498-b459-53ecfb2738ff
2026-08-20T18:19:35.467015481Z GetCartAsync called with userId=0728d167-2761-48a1-aeec-e206b6deb841
2026-08-20T18:19:36.261998723Z GetCartAsync called with userId=e35cdbc1-2ed0-4bec-bc66-901678ac7395
2026-08-20T18:19:36.675254170Z GetCartAsync called with userId=70df1040-b24f-4a7c-be0d-307211fdf697
2026-08-20T18:19:36.972851325Z GetCartAsync called with userId=13964ae0-2c1b-42fd-9617-4df3670f57f2
2026-08-20T18:19:36.999648027Z AddItemAsync called with userId=13964ae0-2c1b-42fd-9617-4df3670f57f2, productId=L9ECAV7KIM, quantity=6
2026-08-20T18:19:37.006221288Z GetCartAsync called with userId=13964ae0-2c1b-42fd-9617-4df3670f57f2
2026-08-20T18:19:37.073777010Z GetCartAsync called with userId=a582456c-5e50-4b48-9272-8e09a6ab3449
2026-08-20T18:19:37.197814671Z Checking CartService Health
2026-08-20T18:19:37.204772076Z Checking CartService Health
2026-08-20T18:19:37.273541338Z GetCartAsync called with userId=8494152f-8303-4d94-92cf-65c48088bbe8
2026-08-20T18:19:37.648960304Z GetCartAsync called with userId=6fa6405a-d852-42c5-817f-c0cd16c5c2e8
2026-08-20T18:19:38.041020596Z GetCartAsync called with userId=1a181e6f-68e2-4fd1-accf-0d94e94e749b
2026-08-20T18:19:38.055691395Z AddItemAsync called with userId=1a181e6f-68e2-4fd1-accf-0d94e94e749b, productId=L9ECAV7KIM, quantity=7
2026-08-20T18:19:38.060180514Z GetCartAsync called with userId=1a181e6f-68e2-4fd1-accf-0d94e94e749b
2026-08-20T18:19:38.089997967Z GetCartAsync called with userId=1a181e6f-68e2-4fd1-accf-0d94e94e749b
2026-08-20T18:19:38.100447677Z EmptyCartAsync called with userId=1a181e6f-68e2-4fd1-accf-0d94e94e749b
2026-08-20T18:19:38.471468133Z GetCartAsync called with userId=cba1eabe-9fa2-4ea5-94da-7b5449b2a8b1
2026-08-20T18:19:38.671530896Z GetCartAsync called with userId=b23ae0af-66fc-48c3-982a-ce2e587a4f74
2026-08-20T18:19:39.339634248Z GetCartAsync called with userId=13964ae0-2c1b-42fd-9617-4df3670f57f2
2026-08-20T18:19:39.497657544Z GetCartAsync called with userId=eced0255-1d22-451f-a10a-ade79d3edfea
2026-08-20T18:19:40.918569055Z GetCartAsync called with userId=8494152f-8303-4d94-92cf-65c48088bbe8
2026-08-20T18:19:42.487802295Z GetCartAsync called with userId=f1f7dda7-81d8-47cb-ab27-9aab5835a795
2026-08-20T18:19:43.024077384Z GetCartAsync called with userId=1a181e6f-68e2-4fd1-accf-0d94e94e749b
2026-08-20T18:19:43.142923680Z GetCartAsync called with userId=b23ae0af-66fc-48c3-982a-ce2e587a4f74
2026-08-20T18:19:43.439699262Z GetCartAsync called with userId=ed2bd629-462b-4498-b459-53ecfb2738ff
2026-08-20T18:19:43.654969550Z GetCartAsync called with userId=8870cb35-48e5-45ab-94ac-5eb0b9d3dc41
2026-08-20T18:19:44.280421668Z GetCartAsync called with userId=0728d167-2761-48a1-aeec-e206b6deb841
2026-08-20T18:19:44.487624551Z GetCartAsync called with userId=eced0255-1d22-451f-a10a-ade79d3edfea
2026-08-20T18:19:44.666714739Z GetCartAsync called with userId=ed2bd629-462b-4498-b459-53ecfb2738ff
2026-08-20T18:19:44.836521509Z GetCartAsync called with userId=e35cdbc1-2ed0-4bec-bc66-901678ac7395
2026-08-20T18:19:44.941175934Z GetCartAsync called with userId=70df1040-b24f-4a7c-be0d-307211fdf697
2026-08-20T18:19:45.237677368Z GetCartAsync called with userId=b23ae0af-66fc-48c3-982a-ce2e587a4f74
2026-08-20T18:19:46.045466039Z GetCartAsync called with userId=a582456c-5e50-4b48-9272-8e09a6ab3449
2026-08-20T18:19:46.239721468Z GetCartAsync called with userId=eced0255-1d22-451f-a10a-ade79d3edfea
2026-08-20T18:19:46.476890369Z GetCartAsync called with userId=11b93b3f-3a87-4cb6-881f-9bf889b50835
2026-08-20T18:19:46.590492852Z GetCartAsync called with userId=13964ae0-2c1b-42fd-9617-4df3670f57f2
2026-08-20T18:19:46.912812682Z GetCartAsync called with userId=6fa6405a-d852-42c5-817f-c0cd16c5c2e8
2026-08-20T18:19:47.200739923Z Checking CartService Health
2026-08-20T18:19:47.205576765Z Checking CartService Health
2026-08-20T18:19:47.650103176Z GetCartAsync called with userId=8494152f-8303-4d94-92cf-65c48088bbe8
2026-08-20T18:19:47.956780882Z GetCartAsync called with userId=eced0255-1d22-451f-a10a-ade79d3edfea
2026-08-20T18:19:47.957014823Z GetCartAsync called with userId=70df1040-b24f-4a7c-be0d-307211fdf697
2026-08-20T18:19:47.971807899Z AddItemAsync called with userId=70df1040-b24f-4a7c-be0d-307211fdf697, productId=LS4PSXUNUM, quantity=9
2026-08-20T18:19:47.976382396Z GetCartAsync called with userId=70df1040-b24f-4a7c-be0d-307211fdf697
2026-08-20T18:19:47.999831479Z GetCartAsync called with userId=70df1040-b24f-4a7c-be0d-307211fdf697
2026-08-20T18:19:48.012644711Z EmptyCartAsync called with userId=70df1040-b24f-4a7c-be0d-307211fdf697
2026-08-20T18:19:48.136181224Z GetCartAsync called with userId=ed2bd629-462b-4498-b459-53ecfb2738ff
2026-08-20T18:19:48.486974812Z GetCartAsync called with userId=cba1eabe-9fa2-4ea5-94da-7b5449b2a8b1
2026-08-20T18:19:48.599818463Z GetCartAsync called with userId=1a181e6f-68e2-4fd1-accf-0d94e94e749b
2026-08-20T18:19:48.600635705Z GetCartAsync called with userId=f1f7dda7-81d8-47cb-ab27-9aab5835a795
2026-08-20T18:19:49.953588098Z GetCartAsync called with userId=13964ae0-2c1b-42fd-9617-4df3670f57f2
2026-08-20T18:19:51.893274466Z GetCartAsync called with userId=8494152f-8303-4d94-92cf-65c48088bbe8
2026-08-20T18:19:51.917429325Z AddItemAsync called with userId=8494152f-8303-4d94-92cf-65c48088bbe8, productId=2ZYFJ3GM2N, quantity=8
2026-08-20T18:19:51.927155700Z GetCartAsync called with userId=8494152f-8303-4d94-92cf-65c48088bbe8
2026-08-20T18:19:52.156217839Z GetCartAsync called with userId=8870cb35-48e5-45ab-94ac-5eb0b9d3dc41
2026-08-20T18:19:52.874922683Z GetCartAsync called with userId=eced0255-1d22-451f-a10a-ade79d3edfea
2026-08-20T18:19:53.567338701Z GetCartAsync called with userId=cba1eabe-9fa2-4ea5-94da-7b5449b2a8b1
2026-08-20T18:19:53.730468688Z GetCartAsync called with userId=0728d167-2761-48a1-aeec-e206b6deb841
2026-08-20T18:19:53.937181980Z GetCartAsync called with userId=b23ae0af-66fc-48c3-982a-ce2e587a4f74
2026-08-20T18:19:54.024349388Z GetCartAsync called with userId=e35cdbc1-2ed0-4bec-bc66-901678ac7395
2026-08-20T18:19:54.070869197Z GetCartAsync called with userId=70df1040-b24f-4a7c-be0d-307211fdf697
2026-08-20T18:19:54.330074226Z GetCartAsync called with userId=a582456c-5e50-4b48-9272-8e09a6ab3449
2026-08-20T18:19:55.616810372Z GetCartAsync called with userId=11b93b3f-3a87-4cb6-881f-9bf889b50835
2026-08-20T18:19:55.705395925Z GetCartAsync called with userId=1a181e6f-68e2-4fd1-accf-0d94e94e749b
2026-08-20T18:19:55.767997303Z GetCartAsync called with userId=cba1eabe-9fa2-4ea5-94da-7b5449b2a8b1
2026-08-20T18:19:55.785983300Z GetCartAsync called with userId=0728d167-2761-48a1-aeec-e206b6deb841
2026-08-20T18:19:55.787812615Z AddItemAsync called with userId=1a181e6f-68e2-4fd1-accf-0d94e94e749b, productId=9SIQT8TOJO, quantity=9
2026-08-20T18:19:55.792726161Z GetCartAsync called with userId=1a181e6f-68e2-4fd1-accf-0d94e94e749b
2026-08-20T18:19:55.798939131Z AddItemAsync called with userId=cba1eabe-9fa2-4ea5-94da-7b5449b2a8b1, productId=66VCHSJNUP, quantity=1
2026-08-20T18:19:55.886867370Z GetCartAsync called with userId=cba1eabe-9fa2-4ea5-94da-7b5449b2a8b1
2026-08-20T18:19:55.988675499Z GetCartAsync called with userId=ed2bd629-462b-4498-b459-53ecfb2738ff
2026-08-20T18:19:57.207061647Z Checking CartService Health
2026-08-20T18:19:57.214338576Z Checking CartService Health
2026-08-20T18:19:57.288225110Z GetCartAsync called with userId=8870cb35-48e5-45ab-94ac-5eb0b9d3dc41
2026-08-20T18:19:58.151902686Z GetCartAsync called with userId=8494152f-8303-4d94-92cf-65c48088bbe8
2026-08-20T18:19:58.184827290Z GetCartAsync called with userId=eced0255-1d22-451f-a10a-ade79d3edfea
2026-08-20T18:19:58.521524680Z GetCartAsync called with userId=13964ae0-2c1b-42fd-9617-4df3670f57f2
2026-08-20T18:19:58.533742940Z AddItemAsync called with userId=13964ae0-2c1b-42fd-9617-4df3670f57f2, productId=L9ECAV7KIM, quantity=4
2026-08-20T18:19:58.537595532Z GetCartAsync called with userId=13964ae0-2c1b-42fd-9617-4df3670f57f2
2026-08-20T18:19:58.671851474Z GetCartAsync called with userId=f1f7dda7-81d8-47cb-ab27-9aab5835a795
2026-08-20T18:19:59.646587630Z GetCartAsync called with userId=e35cdbc1-2ed0-4bec-bc66-901678ac7395
2026-08-20T18:20:00.505205059Z GetCartAsync called with userId=11b93b3f-3a87-4cb6-881f-9bf889b50835
2026-08-20T18:20:01.005631755Z GetCartAsync called with userId=6fa6405a-d852-42c5-817f-c0cd16c5c2e8
2026-08-20T18:20:01.536389223Z GetCartAsync called with userId=70df1040-b24f-4a7c-be0d-307211fdf697
2026-08-20T18:20:01.848364056Z GetCartAsync called with userId=11b93b3f-3a87-4cb6-881f-9bf889b50835
2026-08-20T18:20:02.775612191Z GetCartAsync called with userId=8870cb35-48e5-45ab-94ac-5eb0b9d3dc41
2026-08-20T18:20:03.395898890Z GetCartAsync called with userId=b23ae0af-66fc-48c3-982a-ce2e587a4f74
2026-08-20T18:20:03.447375263Z GetCartAsync called with userId=0728d167-2761-48a1-aeec-e206b6deb841
2026-08-20T18:20:03.867936360Z GetCartAsync called with userId=70df1040-b24f-4a7c-be0d-307211fdf697
2026-08-20T18:20:04.059566228Z GetCartAsync called with userId=eced0255-1d22-451f-a10a-ade79d3edfea
2026-08-20T18:20:04.245903620Z GetCartAsync called with userId=13964ae0-2c1b-42fd-9617-4df3670f57f2
2026-08-20T18:20:04.257465296Z AddItemAsync called with userId=13964ae0-2c1b-42fd-9617-4df3670f57f2, productId=OLJCESPC7Z, quantity=4
2026-08-20T18:20:04.261683035Z GetCartAsync called with userId=13964ae0-2c1b-42fd-9617-4df3670f57f2
2026-08-20T18:20:04.292275041Z GetCartAsync called with userId=13964ae0-2c1b-42fd-9617-4df3670f57f2
2026-08-20T18:20:04.384386002Z EmptyCartAsync called with userId=13964ae0-2c1b-42fd-9617-4df3670f57f2
2026-08-20T18:20:04.818075276Z GetCartAsync called with userId=f1f7dda7-81d8-47cb-ab27-9aab5835a795
2026-08-20T18:20:04.895087609Z AddItemAsync called with userId=f1f7dda7-81d8-47cb-ab27-9aab5835a795, productId=0PUK6V6EV0, quantity=1
2026-08-20T18:20:04.902145110Z GetCartAsync called with userId=f1f7dda7-81d8-47cb-ab27-9aab5835a795
2026-08-20T18:20:04.982303945Z GetCartAsync called with userId=f1f7dda7-81d8-47cb-ab27-9aab5835a795
2026-08-20T18:20:04.989526567Z EmptyCartAsync called with userId=f1f7dda7-81d8-47cb-ab27-9aab5835a795
2026-08-20T18:20:05.305813898Z GetCartAsync called with userId=cba1eabe-9fa2-4ea5-94da-7b5449b2a8b1
2026-08-20T18:20:05.419537321Z GetCartAsync called with userId=1a181e6f-68e2-4fd1-accf-0d94e94e749b
2026-08-20T18:20:05.498309897Z AddItemAsync called with userId=1a181e6f-68e2-4fd1-accf-0d94e94e749b, productId=2ZYFJ3GM2N, quantity=9
2026-08-20T18:20:05.515160916Z GetCartAsync called with userId=1a181e6f-68e2-4fd1-accf-0d94e94e749b
2026-08-20T18:20:06.302689547Z GetCartAsync called with userId=e35cdbc1-2ed0-4bec-bc66-901678ac7395
2026-08-20T18:20:06.325113898Z GetCartAsync called with userId=11b93b3f-3a87-4cb6-881f-9bf889b50835
2026-08-20T18:20:06.741955424Z GetCartAsync called with userId=70df1040-b24f-4a7c-be0d-307211fdf697
2026-08-20T18:20:06.885385115Z GetCartAsync called with userId=8494152f-8303-4d94-92cf-65c48088bbe8
2026-08-20T18:20:07.089753501Z GetCartAsync called with userId=1a181e6f-68e2-4fd1-accf-0d94e94e749b
2026-08-20T18:20:07.094853454Z GetCartAsync called with userId=8870cb35-48e5-45ab-94ac-5eb0b9d3dc41
2026-08-20T18:20:07.107866530Z AddItemAsync called with userId=8870cb35-48e5-45ab-94ac-5eb0b9d3dc41, productId=9SIQT8TOJO, quantity=1
2026-08-20T18:20:07.111220891Z GetCartAsync called with userId=8870cb35-48e5-45ab-94ac-5eb0b9d3dc41
2026-08-20T18:20:07.127301781Z GetCartAsync called with userId=8870cb35-48e5-45ab-94ac-5eb0b9d3dc41
2026-08-20T18:20:07.138365532Z EmptyCartAsync called with userId=8870cb35-48e5-45ab-94ac-5eb0b9d3dc41
2026-08-20T18:20:07.189554294Z Checking CartService Health
2026-08-20T18:20:07.196245314Z Checking CartService Health
2026-08-20T18:20:07.697132398Z GetCartAsync called with userId=a582456c-5e50-4b48-9272-8e09a6ab3449
2026-08-20T18:20:08.110110377Z GetCartAsync called with userId=b23ae0af-66fc-48c3-982a-ce2e587a4f74
2026-08-20T18:20:09.593414592Z GetCartAsync called with userId=6fa6405a-d852-42c5-817f-c0cd16c5c2e8
2026-08-20T18:20:09.702465433Z GetCartAsync called with userId=ed2bd629-462b-4498-b459-53ecfb2738ff
2026-08-20T18:20:11.197867872Z GetCartAsync called with userId=cba1eabe-9fa2-4ea5-94da-7b5449b2a8b1
2026-08-20T18:20:11.213256946Z GetCartAsync called with userId=8494152f-8303-4d94-92cf-65c48088bbe8
2026-08-20T18:20:11.480965826Z GetCartAsync called with userId=1a181e6f-68e2-4fd1-accf-0d94e94e749b
2026-08-20T18:20:11.935531862Z GetCartAsync called with userId=70df1040-b24f-4a7c-be0d-307211fdf697
2026-08-20T18:20:13.055050726Z GetCartAsync called with userId=0728d167-2761-48a1-aeec-e206b6deb841
2026-08-20T18:20:13.085197868Z AddItemAsync called with userId=0728d167-2761-48a1-aeec-e206b6deb841, productId=9SIQT8TOJO, quantity=5
2026-08-20T18:20:13.096082089Z GetCartAsync called with userId=0728d167-2761-48a1-aeec-e206b6deb841
2026-08-20T18:20:13.166175714Z GetCartAsync called with userId=f1f7dda7-81d8-47cb-ab27-9aab5835a795
2026-08-20T18:20:13.459226214Z GetCartAsync called with userId=eced0255-1d22-451f-a10a-ade79d3edfea
2026-08-20T18:20:13.762268043Z AddItemAsync called with userId=eced0255-1d22-451f-a10a-ade79d3edfea, productId=66VCHSJNUP, quantity=4
2026-08-20T18:20:13.780896517Z GetCartAsync called with userId=eced0255-1d22-451f-a10a-ade79d3edfea
2026-08-20T18:20:14.153571709Z GetCartAsync called with userId=70df1040-b24f-4a7c-be0d-307211fdf697
2026-08-20T18:20:14.157242234Z GetCartAsync called with userId=13964ae0-2c1b-42fd-9617-4df3670f57f2
2026-08-20T18:20:14.623038491Z GetCartAsync called with userId=cba1eabe-9fa2-4ea5-94da-7b5449b2a8b1
2026-08-20T18:20:14.632536809Z GetCartAsync called with userId=0728d167-2761-48a1-aeec-e206b6deb841
2026-08-20T18:20:15.021442166Z GetCartAsync called with userId=a582456c-5e50-4b48-9272-8e09a6ab3449
2026-08-20T18:20:15.273286672Z GetCartAsync called with userId=f1f7dda7-81d8-47cb-ab27-9aab5835a795
2026-08-20T18:20:15.757220019Z GetCartAsync called with userId=e35cdbc1-2ed0-4bec-bc66-901678ac7395
2026-08-20T18:20:15.775297099Z GetCartAsync called with userId=8870cb35-48e5-45ab-94ac-5eb0b9d3dc41
2026-08-20T18:20:15.865766812Z GetCartAsync called with userId=b23ae0af-66fc-48c3-982a-ce2e587a4f74
2026-08-20T18:20:16.193922419Z GetCartAsync called with userId=11b93b3f-3a87-4cb6-881f-9bf889b50835
2026-08-20T18:20:16.392026870Z GetCartAsync called with userId=0728d167-2761-48a1-aeec-e206b6deb841
2026-08-20T18:20:17.197058222Z Checking CartService Health
2026-08-20T18:20:17.208103303Z Checking CartService Health
2026-08-20T18:20:17.480707546Z GetCartAsync called with userId=0728d167-2761-48a1-aeec-e206b6deb841
2026-08-20T18:20:17.633062503Z GetCartAsync called with userId=8494152f-8303-4d94-92cf-65c48088bbe8
2026-08-20T18:20:17.675021251Z AddItemAsync called with userId=8494152f-8303-4d94-92cf-65c48088bbe8, productId=L9ECAV7KIM, quantity=7
2026-08-20T18:20:17.679270775Z GetCartAsync called with userId=8494152f-8303-4d94-92cf-65c48088bbe8
2026-08-20T18:20:17.690403272Z GetCartAsync called with userId=f1f7dda7-81d8-47cb-ab27-9aab5835a795
2026-08-20T18:20:18.106841620Z GetCartAsync called with userId=e35cdbc1-2ed0-4bec-bc66-901678ac7395
2026-08-20T18:20:18.185694254Z AddItemAsync called with userId=e35cdbc1-2ed0-4bec-bc66-901678ac7395, productId=9SIQT8TOJO, quantity=5
2026-08-20T18:20:18.199461199Z GetCartAsync called with userId=e35cdbc1-2ed0-4bec-bc66-901678ac7395
2026-08-20T18:20:18.733914753Z GetCartAsync called with userId=eced0255-1d22-451f-a10a-ade79d3edfea
2026-08-20T18:20:19.038928918Z GetCartAsync called with userId=1a181e6f-68e2-4fd1-accf-0d94e94e749b
2026-08-20T18:20:19.148408569Z GetCartAsync called with userId=0728d167-2761-48a1-aeec-e206b6deb841
2026-08-20T18:20:19.316243863Z GetCartAsync called with userId=6fa6405a-d852-42c5-817f-c0cd16c5c2e8
2026-08-20T18:20:19.486278832Z GetCartAsync called with userId=ed2bd629-462b-4498-b459-53ecfb2738ff
2026-08-20T18:20:19.578589159Z AddItemAsync called with userId=ed2bd629-462b-4498-b459-53ecfb2738ff, productId=0PUK6V6EV0, quantity=4
2026-08-20T18:20:19.583179141Z GetCartAsync called with userId=ed2bd629-462b-4498-b459-53ecfb2738ff
2026-08-20T18:20:21.059373737Z GetCartAsync called with userId=e35cdbc1-2ed0-4bec-bc66-901678ac7395
2026-08-20T18:20:21.160702600Z GetCartAsync called with userId=cba1eabe-9fa2-4ea5-94da-7b5449b2a8b1
2026-08-20T18:20:21.809223263Z GetCartAsync called with userId=ed2bd629-462b-4498-b459-53ecfb2738ff
2026-08-20T18:20:21.888309698Z GetCartAsync called with userId=a582456c-5e50-4b48-9272-8e09a6ab3449
2026-08-20T18:20:22.226104410Z GetCartAsync called with userId=8494152f-8303-4d94-92cf-65c48088bbe8
2026-08-20T18:20:22.455455963Z GetCartAsync called with userId=70df1040-b24f-4a7c-be0d-307211fdf697
2026-08-20T18:20:22.588485931Z GetCartAsync called with userId=eced0255-1d22-451f-a10a-ade79d3edfea
2026-08-20T18:20:22.665738752Z GetCartAsync called with userId=11b93b3f-3a87-4cb6-881f-9bf889b50835
2026-08-20T18:20:22.778419737Z AddItemAsync called with userId=11b93b3f-3a87-4cb6-881f-9bf889b50835, productId=9SIQT8TOJO, quantity=3
2026-08-20T18:20:22.785140587Z GetCartAsync called with userId=11b93b3f-3a87-4cb6-881f-9bf889b50835
2026-08-20T18:20:22.865871304Z GetCartAsync called with userId=11b93b3f-3a87-4cb6-881f-9bf889b50835
2026-08-20T18:20:22.879121272Z EmptyCartAsync called with userId=11b93b3f-3a87-4cb6-881f-9bf889b50835
2026-08-20T18:20:23.684355385Z GetCartAsync called with userId=a582456c-5e50-4b48-9272-8e09a6ab3449
2026-08-20T18:20:23.698069032Z AddItemAsync called with userId=a582456c-5e50-4b48-9272-8e09a6ab3449, productId=L9ECAV7KIM, quantity=4
2026-08-20T18:20:23.703191509Z GetCartAsync called with userId=a582456c-5e50-4b48-9272-8e09a6ab3449
2026-08-20T18:20:24.100100138Z GetCartAsync called with userId=e35cdbc1-2ed0-4bec-bc66-901678ac7395
2026-08-20T18:20:24.905126815Z GetCartAsync called with userId=b23ae0af-66fc-48c3-982a-ce2e587a4f74
2026-08-20T18:20:24.987053037Z GetCartAsync called with userId=8870cb35-48e5-45ab-94ac-5eb0b9d3dc41
2026-08-20T18:20:25.106785229Z AddItemAsync called with userId=8870cb35-48e5-45ab-94ac-5eb0b9d3dc41, productId=OLJCESPC7Z, quantity=2
2026-08-20T18:20:25.191443718Z GetCartAsync called with userId=8870cb35-48e5-45ab-94ac-5eb0b9d3dc41
2026-08-20T18:20:25.481230914Z GetCartAsync called with userId=a582456c-5e50-4b48-9272-8e09a6ab3449
2026-08-20T18:20:25.484171517Z GetCartAsync called with userId=8494152f-8303-4d94-92cf-65c48088bbe8
2026-08-20T18:20:25.589957822Z GetCartAsync called with userId=f1f7dda7-81d8-47cb-ab27-9aab5835a795
2026-08-20T18:20:26.679848153Z GetCartAsync called with userId=8494152f-8303-4d94-92cf-65c48088bbe8
2026-08-20T18:20:26.692215069Z AddItemAsync called with userId=8494152f-8303-4d94-92cf-65c48088bbe8, productId=2ZYFJ3GM2N, quantity=4
2026-08-20T18:20:26.696530408Z GetCartAsync called with userId=8494152f-8303-4d94-92cf-65c48088bbe8
2026-08-20T18:20:27.189866140Z Checking CartService Health
2026-08-20T18:20:27.195928378Z Checking CartService Health
2026-08-20T18:20:27.261704435Z GetCartAsync called with userId=13964ae0-2c1b-42fd-9617-4df3670f57f2
2026-08-20T18:20:28.402885044Z GetCartAsync called with userId=70df1040-b24f-4a7c-be0d-307211fdf697
2026-08-20T18:20:28.481412884Z AddItemAsync called with userId=70df1040-b24f-4a7c-be0d-307211fdf697, productId=6E92ZMYYFZ, quantity=1
2026-08-20T18:20:28.484733852Z GetCartAsync called with userId=70df1040-b24f-4a7c-be0d-307211fdf697
2026-08-20T18:20:28.500621572Z GetCartAsync called with userId=70df1040-b24f-4a7c-be0d-307211fdf697
2026-08-20T18:20:28.508461013Z EmptyCartAsync called with userId=70df1040-b24f-4a7c-be0d-307211fdf697
2026-08-20T18:20:28.698016455Z GetCartAsync called with userId=cba1eabe-9fa2-4ea5-94da-7b5449b2a8b1
2026-08-20T18:20:28.717695123Z GetCartAsync called with userId=e35cdbc1-2ed0-4bec-bc66-901678ac7395
2026-08-20T18:20:30.004684683Z GetCartAsync called with userId=6fa6405a-d852-42c5-817f-c0cd16c5c2e8
2026-08-20T18:20:30.209818061Z GetCartAsync called with userId=eced0255-1d22-451f-a10a-ade79d3edfea
2026-08-20T18:20:30.384438135Z GetCartAsync called with userId=1a181e6f-68e2-4fd1-accf-0d94e94e749b
2026-08-20T18:20:30.631505462Z GetCartAsync called with userId=a582456c-5e50-4b48-9272-8e09a6ab3449
2026-08-20T18:20:30.818877411Z GetCartAsync called with userId=ed2bd629-462b-4498-b459-53ecfb2738ff
2026-08-20T18:20:31.581642470Z GetCartAsync called with userId=b23ae0af-66fc-48c3-982a-ce2e587a4f74
2026-08-20T18:20:31.595613552Z AddItemAsync called with userId=b23ae0af-66fc-48c3-982a-ce2e587a4f74, productId=9SIQT8TOJO, quantity=9
2026-08-20T18:20:31.599567026Z GetCartAsync called with userId=b23ae0af-66fc-48c3-982a-ce2e587a4f74
2026-08-20T18:20:31.621349240Z GetCartAsync called with userId=11b93b3f-3a87-4cb6-881f-9bf889b50835
2026-08-20T18:20:31.622665365Z GetCartAsync called with userId=b23ae0af-66fc-48c3-982a-ce2e587a4f74
2026-08-20T18:20:31.636538730Z EmptyCartAsync called with userId=b23ae0af-66fc-48c3-982a-ce2e587a4f74
2026-08-20T18:20:32.300180988Z GetCartAsync called with userId=8494152f-8303-4d94-92cf-65c48088bbe8
2026-08-20T18:20:32.584668218Z GetCartAsync called with userId=0728d167-2761-48a1-aeec-e206b6deb841
2026-08-20T18:20:32.860469545Z GetCartAsync called with userId=b23ae0af-66fc-48c3-982a-ce2e587a4f74
2026-08-20T18:20:33.125958813Z GetCartAsync called with userId=8870cb35-48e5-45ab-94ac-5eb0b9d3dc41
2026-08-20T18:20:33.825827248Z GetCartAsync called with userId=e35cdbc1-2ed0-4bec-bc66-901678ac7395
2026-08-20T18:20:33.986171588Z GetCartAsync called with userId=ed2bd629-462b-4498-b459-53ecfb2738ff
2026-08-20T18:20:34.025986677Z GetCartAsync called with userId=1a181e6f-68e2-4fd1-accf-0d94e94e749b
2026-08-20T18:20:34.520075023Z GetCartAsync called with userId=11b93b3f-3a87-4cb6-881f-9bf889b50835
2026-08-20T18:20:34.909920196Z GetCartAsync called with userId=6fa6405a-d852-42c5-817f-c0cd16c5c2e8
2026-08-20T18:20:35.269935482Z GetCartAsync called with userId=f1f7dda7-81d8-47cb-ab27-9aab5835a795
2026-08-20T18:20:35.269992392Z GetCartAsync called with userId=70df1040-b24f-4a7c-be0d-307211fdf697
2026-08-20T18:20:35.907067219Z GetCartAsync called with userId=1a181e6f-68e2-4fd1-accf-0d94e94e749b
2026-08-20T18:20:36.072621047Z GetCartAsync called with userId=cba1eabe-9fa2-4ea5-94da-7b5449b2a8b1
2026-08-20T18:20:36.297985674Z AddItemAsync called with userId=cba1eabe-9fa2-4ea5-94da-7b5449b2a8b1, productId=0PUK6V6EV0, quantity=5
2026-08-20T18:20:36.375492490Z GetCartAsync called with userId=8870cb35-48e5-45ab-94ac-5eb0b9d3dc41
2026-08-20T18:20:36.561103238Z GetCartAsync called with userId=cba1eabe-9fa2-4ea5-94da-7b5449b2a8b1
2026-08-20T18:20:36.663982680Z GetCartAsync called with userId=13964ae0-2c1b-42fd-9617-4df3670f57f2
2026-08-20T18:20:36.842165862Z GetCartAsync called with userId=a582456c-5e50-4b48-9272-8e09a6ab3449
2026-08-20T18:20:37.190075384Z Checking CartService Health
2026-08-20T18:20:37.195258868Z Checking CartService Health
2026-08-20T18:20:37.732283202Z GetCartAsync called with userId=b23ae0af-66fc-48c3-982a-ce2e587a4f74
2026-08-20T18:20:37.788561216Z AddItemAsync called with userId=b23ae0af-66fc-48c3-982a-ce2e587a4f74, productId=1YMWWN1N4O, quantity=4
2026-08-20T18:20:37.862324518Z GetCartAsync called with userId=b23ae0af-66fc-48c3-982a-ce2e587a4f74
2026-08-20T18:20:38.353927203Z GetCartAsync called with userId=6fa6405a-d852-42c5-817f-c0cd16c5c2e8
2026-08-20T18:20:38.535854283Z GetCartAsync called with userId=eced0255-1d22-451f-a10a-ade79d3edfea
2026-08-20T18:20:38.664445952Z GetCartAsync called with userId=70df1040-b24f-4a7c-be0d-307211fdf697
2026-08-20T18:20:39.461987903Z GetCartAsync called with userId=0728d167-2761-48a1-aeec-e206b6deb841
2026-08-20T18:20:39.701840679Z GetCartAsync called with userId=8494152f-8303-4d94-92cf-65c48088bbe8
2026-08-20T18:20:39.998460354Z GetCartAsync called with userId=b23ae0af-66fc-48c3-982a-ce2e587a4f74
2026-08-20T18:20:40.924624179Z GetCartAsync called with userId=ed2bd629-462b-4498-b459-53ecfb2738ff
2026-08-20T18:20:40.949014446Z AddItemAsync called with userId=ed2bd629-462b-4498-b459-53ecfb2738ff, productId=L9ECAV7KIM, quantity=2
2026-08-20T18:20:40.956875589Z GetCartAsync called with userId=ed2bd629-462b-4498-b459-53ecfb2738ff
2026-08-20T18:20:41.920532419Z GetCartAsync called with userId=1a181e6f-68e2-4fd1-accf-0d94e94e749b
2026-08-20T18:20:42.020410982Z GetCartAsync called with userId=13964ae0-2c1b-42fd-9617-4df3670f57f2
2026-08-20T18:20:42.044295863Z AddItemAsync called with userId=13964ae0-2c1b-42fd-9617-4df3670f57f2, productId=66VCHSJNUP, quantity=5
2026-08-20T18:20:42.078711942Z GetCartAsync called with userId=13964ae0-2c1b-42fd-9617-4df3670f57f2
2026-08-20T18:20:42.915879963Z GetCartAsync called with userId=b23ae0af-66fc-48c3-982a-ce2e587a4f74
2026-08-20T18:20:43.648873087Z GetCartAsync called with userId=8870cb35-48e5-45ab-94ac-5eb0b9d3dc41
2026-08-20T18:20:43.666796349Z AddItemAsync called with userId=8870cb35-48e5-45ab-94ac-5eb0b9d3dc41, productId=66VCHSJNUP, quantity=4
2026-08-20T18:20:43.671448644Z GetCartAsync called with userId=8870cb35-48e5-45ab-94ac-5eb0b9d3dc41
2026-08-20T18:20:43.687048109Z GetCartAsync called with userId=e35cdbc1-2ed0-4bec-bc66-901678ac7395
2026-08-20T18:20:44.286208669Z GetCartAsync called with userId=a582456c-5e50-4b48-9272-8e09a6ab3449
2026-08-20T18:20:44.665012784Z GetCartAsync called with userId=0728d167-2761-48a1-aeec-e206b6deb841
2026-08-20T18:20:44.802987656Z GetCartAsync called with userId=cba1eabe-9fa2-4ea5-94da-7b5449b2a8b1
2026-08-20T18:20:44.817641159Z GetCartAsync called with userId=8870cb35-48e5-45ab-94ac-5eb0b9d3dc41
2026-08-20T18:20:45.119290593Z GetCartAsync called with userId=f1f7dda7-81d8-47cb-ab27-9aab5835a795
2026-08-20T18:20:45.881454395Z GetCartAsync called with userId=8494152f-8303-4d94-92cf-65c48088bbe8
2026-08-20T18:20:47.181002700Z GetCartAsync called with userId=e35cdbc1-2ed0-4bec-bc66-901678ac7395
2026-08-20T18:20:47.188875644Z Checking CartService Health
2026-08-20T18:20:47.195604694Z Checking CartService Health
2026-08-20T18:20:47.211943485Z GetCartAsync called with userId=6fa6405a-d852-42c5-817f-c0cd16c5c2e8
2026-08-20T18:20:47.381087780Z GetCartAsync called with userId=b23ae0af-66fc-48c3-982a-ce2e587a4f74
2026-08-20T18:20:47.645088580Z GetCartAsync called with userId=1a181e6f-68e2-4fd1-accf-0d94e94e749b
2026-08-20T18:20:47.769543641Z GetCartAsync called with userId=11b93b3f-3a87-4cb6-881f-9bf889b50835
2026-08-20T18:20:47.861235305Z GetCartAsync called with userId=70df1040-b24f-4a7c-be0d-307211fdf697
2026-08-20T18:20:47.891974056Z AddItemAsync called with userId=70df1040-b24f-4a7c-be0d-307211fdf697, productId=L9ECAV7KIM, quantity=10
2026-08-20T18:20:47.897088930Z GetCartAsync called with userId=70df1040-b24f-4a7c-be0d-307211fdf697
2026-08-20T18:20:48.061247473Z GetCartAsync called with userId=eced0255-1d22-451f-a10a-ade79d3edfea
2026-08-20T18:20:48.185728139Z GetCartAsync called with userId=8494152f-8303-4d94-92cf-65c48088bbe8
2026-08-20T18:20:48.688540935Z GetCartAsync called with userId=ed2bd629-462b-4498-b459-53ecfb2738ff
2026-08-20T18:20:48.698964816Z AddItemAsync called with userId=ed2bd629-462b-4498-b459-53ecfb2738ff, productId=LS4PSXUNUM, quantity=5
2026-08-20T18:20:48.702386900Z GetCartAsync called with userId=ed2bd629-462b-4498-b459-53ecfb2738ff
2026-08-20T18:20:48.720830451Z GetCartAsync called with userId=ed2bd629-462b-4498-b459-53ecfb2738ff
2026-08-20T18:20:48.729212183Z EmptyCartAsync called with userId=ed2bd629-462b-4498-b459-53ecfb2738ff
2026-08-20T18:20:49.625520001Z GetCartAsync called with userId=8870cb35-48e5-45ab-94ac-5eb0b9d3dc41
2026-08-20T18:20:49.642874466Z AddItemAsync called with userId=8870cb35-48e5-45ab-94ac-5eb0b9d3dc41, productId=1YMWWN1N4O, quantity=2
2026-08-20T18:20:49.647165399Z GetCartAsync called with userId=8870cb35-48e5-45ab-94ac-5eb0b9d3dc41
2026-08-20T18:20:49.978056525Z GetCartAsync called with userId=f1f7dda7-81d8-47cb-ab27-9aab5835a795
2026-08-20T18:20:50.055918927Z AddItemAsync called with userId=f1f7dda7-81d8-47cb-ab27-9aab5835a795, productId=6E92ZMYYFZ, quantity=9
2026-08-20T18:20:50.060279872Z GetCartAsync called with userId=f1f7dda7-81d8-47cb-ab27-9aab5835a795
2026-08-20T18:20:50.443345612Z GetCartAsync called with userId=13964ae0-2c1b-42fd-9617-4df3670f57f2
2026-08-20T18:20:51.023642345Z GetCartAsync called with userId=0728d167-2761-48a1-aeec-e206b6deb841
2026-08-20T18:20:52.020386320Z GetCartAsync called with userId=cba1eabe-9fa2-4ea5-94da-7b5449b2a8b1
2026-08-20T18:20:52.076532012Z GetCartAsync called with userId=70df1040-b24f-4a7c-be0d-307211fdf697
2026-08-20T18:20:52.090082127Z AddItemAsync called with userId=70df1040-b24f-4a7c-be0d-307211fdf697, productId=L9ECAV7KIM, quantity=4
2026-08-20T18:20:52.094242137Z GetCartAsync called with userId=70df1040-b24f-4a7c-be0d-307211fdf697
2026-08-20T18:20:52.243771882Z GetCartAsync called with userId=ed2bd629-462b-4498-b459-53ecfb2738ff
2026-08-20T18:20:52.958150620Z GetCartAsync called with userId=1a181e6f-68e2-4fd1-accf-0d94e94e749b
2026-08-20T18:20:52.993939334Z AddItemAsync called with userId=1a181e6f-68e2-4fd1-accf-0d94e94e749b, productId=L9ECAV7KIM, quantity=4
2026-08-20T18:20:53.060243861Z GetCartAsync called with userId=1a181e6f-68e2-4fd1-accf-0d94e94e749b
2026-08-20T18:20:53.290122046Z GetCartAsync called with userId=6fa6405a-d852-42c5-817f-c0cd16c5c2e8
2026-08-20T18:20:53.380286026Z GetCartAsync called with userId=a582456c-5e50-4b48-9272-8e09a6ab3449
2026-08-20T18:20:53.487008293Z GetCartAsync called with userId=0728d167-2761-48a1-aeec-e206b6deb841
2026-08-20T18:20:53.562409788Z GetCartAsync called with userId=e35cdbc1-2ed0-4bec-bc66-901678ac7395
2026-08-20T18:20:53.584700040Z AddItemAsync called with userId=e35cdbc1-2ed0-4bec-bc66-901678ac7395, productId=6E92ZMYYFZ, quantity=5
2026-08-20T18:20:53.588319750Z GetCartAsync called with userId=e35cdbc1-2ed0-4bec-bc66-901678ac7395
2026-08-20T18:20:54.334765918Z GetCartAsync called with userId=70df1040-b24f-4a7c-be0d-307211fdf697
2026-08-20T18:20:54.988789526Z GetCartAsync called with userId=b23ae0af-66fc-48c3-982a-ce2e587a4f74
2026-08-20T18:20:55.181648695Z GetCartAsync called with userId=11b93b3f-3a87-4cb6-881f-9bf889b50835
2026-08-20T18:20:55.234855353Z GetCartAsync called with userId=8494152f-8303-4d94-92cf-65c48088bbe8
2026-08-20T18:20:55.285603396Z AddItemAsync called with userId=8494152f-8303-4d94-92cf-65c48088bbe8, productId=1YMWWN1N4O, quantity=1
2026-08-20T18:20:55.294709529Z GetCartAsync called with userId=8494152f-8303-4d94-92cf-65c48088bbe8
2026-08-20T18:20:55.904073819Z GetCartAsync called with userId=70df1040-b24f-4a7c-be0d-307211fdf697
2026-08-20T18:20:55.985643252Z GetCartAsync called with userId=eced0255-1d22-451f-a10a-ade79d3edfea
2026-08-20T18:20:56.772177169Z GetCartAsync called with userId=1a181e6f-68e2-4fd1-accf-0d94e94e749b
2026-08-20T18:20:56.945312217Z GetCartAsync called with userId=6fa6405a-d852-42c5-817f-c0cd16c5c2e8
2026-08-20T18:20:57.189480024Z Checking CartService Health
2026-08-20T18:20:57.197768419Z Checking CartService Health
2026-08-20T18:20:57.254051995Z GetCartAsync called with userId=70df1040-b24f-4a7c-be0d-307211fdf697
2026-08-20T18:20:57.361795434Z GetCartAsync called with userId=eced0255-1d22-451f-a10a-ade79d3edfea
2026-08-20T18:20:58.833422790Z GetCartAsync called with userId=a582456c-5e50-4b48-9272-8e09a6ab3449
2026-08-20T18:20:59.163451152Z GetCartAsync called with userId=8870cb35-48e5-45ab-94ac-5eb0b9d3dc41
2026-08-20T18:20:59.626131247Z GetCartAsync called with userId=8494152f-8303-4d94-92cf-65c48088bbe8
2026-08-20T18:20:59.632369897Z GetCartAsync called with userId=13964ae0-2c1b-42fd-9617-4df3670f57f2
2026-08-20T18:20:59.897158476Z GetCartAsync called with userId=ed2bd629-462b-4498-b459-53ecfb2738ff
2026-08-20T18:20:59.921175019Z AddItemAsync called with userId=ed2bd629-462b-4498-b459-53ecfb2738ff, productId=OLJCESPC7Z, quantity=8
2026-08-20T18:20:59.929775167Z GetCartAsync called with userId=ed2bd629-462b-4498-b459-53ecfb2738ff
2026-08-20T18:21:00.024703749Z GetCartAsync called with userId=f1f7dda7-81d8-47cb-ab27-9aab5835a795
2026-08-20T18:21:00.595000061Z GetCartAsync called with userId=11b93b3f-3a87-4cb6-881f-9bf889b50835
2026-08-20T18:21:00.682164636Z GetCartAsync called with userId=cba1eabe-9fa2-4ea5-94da-7b5449b2a8b1
2026-08-20T18:21:00.784174310Z GetCartAsync called with userId=eced0255-1d22-451f-a10a-ade79d3edfea
2026-08-20T18:21:00.876613772Z GetCartAsync called with userId=e35cdbc1-2ed0-4bec-bc66-901678ac7395
2026-08-20T18:21:00.885767713Z AddItemAsync called with userId=eced0255-1d22-451f-a10a-ade79d3edfea, productId=0PUK6V6EV0, quantity=4
2026-08-20T18:21:00.892666475Z GetCartAsync called with userId=eced0255-1d22-451f-a10a-ade79d3edfea
2026-08-20T18:21:00.997352399Z GetCartAsync called with userId=eced0255-1d22-451f-a10a-ade79d3edfea
2026-08-20T18:21:01.013054043Z EmptyCartAsync called with userId=eced0255-1d22-451f-a10a-ade79d3edfea
2026-08-20T18:21:01.233754799Z GetCartAsync called with userId=0728d167-2761-48a1-aeec-e206b6deb841
2026-08-20T18:21:01.338783215Z GetCartAsync called with userId=70df1040-b24f-4a7c-be0d-307211fdf697
2026-08-20T18:21:01.691972074Z GetCartAsync called with userId=8870cb35-48e5-45ab-94ac-5eb0b9d3dc41
2026-08-20T18:21:01.787672428Z AddItemAsync called with userId=8870cb35-48e5-45ab-94ac-5eb0b9d3dc41, productId=OLJCESPC7Z, quantity=2
2026-08-20T18:21:01.797904338Z GetCartAsync called with userId=8870cb35-48e5-45ab-94ac-5eb0b9d3dc41
2026-08-20T18:21:02.782844044Z GetCartAsync called with userId=a582456c-5e50-4b48-9272-8e09a6ab3449
2026-08-20T18:21:02.799202618Z GetCartAsync called with userId=11b93b3f-3a87-4cb6-881f-9bf889b50835
2026-08-20T18:21:04.066164721Z GetCartAsync called with userId=b23ae0af-66fc-48c3-982a-ce2e587a4f74
2026-08-20T18:21:04.076710980Z AddItemAsync called with userId=b23ae0af-66fc-48c3-982a-ce2e587a4f74, productId=2ZYFJ3GM2N, quantity=6
2026-08-20T18:21:04.080220632Z GetCartAsync called with userId=b23ae0af-66fc-48c3-982a-ce2e587a4f74
2026-08-20T18:21:04.723922092Z GetCartAsync called with userId=11b93b3f-3a87-4cb6-881f-9bf889b50835
2026-08-20T18:21:05.165805103Z GetCartAsync called with userId=e35cdbc1-2ed0-4bec-bc66-901678ac7395
2026-08-20T18:21:05.806247850Z GetCartAsync called with userId=13964ae0-2c1b-42fd-9617-4df3670f57f2
2026-08-20T18:21:06.264332210Z GetCartAsync called with userId=6fa6405a-d852-42c5-817f-c0cd16c5c2e8
2026-08-20T18:21:06.422198044Z GetCartAsync called with userId=8494152f-8303-4d94-92cf-65c48088bbe8
2026-08-20T18:21:06.464462693Z GetCartAsync called with userId=1a181e6f-68e2-4fd1-accf-0d94e94e749b
2026-08-20T18:21:06.511597507Z GetCartAsync called with userId=a582456c-5e50-4b48-9272-8e09a6ab3449
2026-08-20T18:21:06.557103466Z AddItemAsync called with userId=a582456c-5e50-4b48-9272-8e09a6ab3449, productId=1YMWWN1N4O, quantity=8
2026-08-20T18:21:06.562124055Z GetCartAsync called with userId=a582456c-5e50-4b48-9272-8e09a6ab3449
2026-08-20T18:21:06.584105913Z GetCartAsync called with userId=a582456c-5e50-4b48-9272-8e09a6ab3449
2026-08-20T18:21:06.594354426Z EmptyCartAsync called with userId=a582456c-5e50-4b48-9272-8e09a6ab3449
2026-08-20T18:21:06.694836232Z GetCartAsync called with userId=70df1040-b24f-4a7c-be0d-307211fdf697
2026-08-20T18:21:06.750553897Z GetCartAsync called with userId=8870cb35-48e5-45ab-94ac-5eb0b9d3dc41
2026-08-20T18:21:07.183801650Z Checking CartService Health
2026-08-20T18:21:07.191416648Z Checking CartService Health
2026-08-20T18:21:07.789550339Z GetCartAsync called with userId=8870cb35-48e5-45ab-94ac-5eb0b9d3dc41
2026-08-20T18:21:08.338320765Z GetCartAsync called with userId=ed2bd629-462b-4498-b459-53ecfb2738ff
2026-08-20T18:21:08.390942743Z GetCartAsync called with userId=f1f7dda7-81d8-47cb-ab27-9aab5835a795
2026-08-20T18:21:08.904455523Z GetCartAsync called with userId=cba1eabe-9fa2-4ea5-94da-7b5449b2a8b1
2026-08-20T18:21:09.866735031Z GetCartAsync called with userId=11b93b3f-3a87-4cb6-881f-9bf889b50835
2026-08-20T18:21:09.895824462Z GetCartAsync called with userId=eced0255-1d22-451f-a10a-ade79d3edfea
2026-08-20T18:21:10.329452869Z GetCartAsync called with userId=6fa6405a-d852-42c5-817f-c0cd16c5c2e8
2026-08-20T18:21:10.340718479Z AddItemAsync called with userId=6fa6405a-d852-42c5-817f-c0cd16c5c2e8, productId=OLJCESPC7Z, quantity=9
2026-08-20T18:21:10.344166263Z GetCartAsync called with userId=6fa6405a-d852-42c5-817f-c0cd16c5c2e8
2026-08-20T18:21:10.954149666Z GetCartAsync called with userId=a582456c-5e50-4b48-9272-8e09a6ab3449
2026-08-20T18:21:11.095480524Z GetCartAsync called with userId=0728d167-2761-48a1-aeec-e206b6deb841
2026-08-20T18:21:11.979902148Z GetCartAsync called with userId=1a181e6f-68e2-4fd1-accf-0d94e94e749b
2026-08-20T18:21:12.265830717Z GetCartAsync called with userId=13964ae0-2c1b-42fd-9617-4df3670f57f2
2026-08-20T18:21:12.417225781Z GetCartAsync called with userId=b23ae0af-66fc-48c3-982a-ce2e587a4f74
2026-08-20T18:21:12.472031972Z GetCartAsync called with userId=0728d167-2761-48a1-aeec-e206b6deb841
2026-08-20T18:21:13.095654987Z GetCartAsync called with userId=a582456c-5e50-4b48-9272-8e09a6ab3449
2026-08-20T18:21:13.110342876Z AddItemAsync called with userId=a582456c-5e50-4b48-9272-8e09a6ab3449, productId=LS4PSXUNUM, quantity=6
2026-08-20T18:21:13.114945257Z GetCartAsync called with userId=a582456c-5e50-4b48-9272-8e09a6ab3449
2026-08-20T18:21:13.130554503Z GetCartAsync called with userId=a582456c-5e50-4b48-9272-8e09a6ab3449
2026-08-20T18:21:13.138541957Z EmptyCartAsync called with userId=a582456c-5e50-4b48-9272-8e09a6ab3449
2026-08-20T18:21:13.403689204Z GetCartAsync called with userId=e35cdbc1-2ed0-4bec-bc66-901678ac7395
2026-08-20T18:21:14.463486457Z GetCartAsync called with userId=11b93b3f-3a87-4cb6-881f-9bf889b50835
2026-08-20T18:21:14.748787920Z GetCartAsync called with userId=8870cb35-48e5-45ab-94ac-5eb0b9d3dc41
2026-08-20T18:21:15.043327950Z GetCartAsync called with userId=1a181e6f-68e2-4fd1-accf-0d94e94e749b
2026-08-20T18:21:15.156010751Z GetCartAsync called with userId=e35cdbc1-2ed0-4bec-bc66-901678ac7395
2026-08-20T18:21:15.284437622Z AddItemAsync called with userId=e35cdbc1-2ed0-4bec-bc66-901678ac7395, productId=9SIQT8TOJO, quantity=6
2026-08-20T18:21:15.298038327Z GetCartAsync called with userId=e35cdbc1-2ed0-4bec-bc66-901678ac7395
2026-08-20T18:21:15.477576862Z GetCartAsync called with userId=8494152f-8303-4d94-92cf-65c48088bbe8
2026-08-20T18:21:16.140968218Z GetCartAsync called with userId=0728d167-2761-48a1-aeec-e206b6deb841
2026-08-20T18:21:16.277828018Z AddItemAsync called with userId=0728d167-2761-48a1-aeec-e206b6deb841, productId=LS4PSXUNUM, quantity=6
2026-08-20T18:21:16.286982170Z GetCartAsync called with userId=0728d167-2761-48a1-aeec-e206b6deb841
2026-08-20T18:21:16.577060043Z GetCartAsync called with userId=eced0255-1d22-451f-a10a-ade79d3edfea
2026-08-20T18:21:16.692210863Z GetCartAsync called with userId=f1f7dda7-81d8-47cb-ab27-9aab5835a795
2026-08-20T18:21:16.707498555Z GetCartAsync called with userId=70df1040-b24f-4a7c-be0d-307211fdf697
2026-08-20T18:21:16.784345481Z AddItemAsync called with userId=70df1040-b24f-4a7c-be0d-307211fdf697, productId=66VCHSJNUP, quantity=4
2026-08-20T18:21:16.802141098Z GetCartAsync called with userId=70df1040-b24f-4a7c-be0d-307211fdf697
2026-08-20T18:21:17.188135231Z Checking CartService Health
2026-08-20T18:21:17.190644056Z Checking CartService Health
2026-08-20T18:21:17.496013839Z GetCartAsync called with userId=6fa6405a-d852-42c5-817f-c0cd16c5c2e8
2026-08-20T18:21:17.726314184Z GetCartAsync called with userId=ed2bd629-462b-4498-b459-53ecfb2738ff
2026-08-20T18:21:18.577379102Z GetCartAsync called with userId=70df1040-b24f-4a7c-be0d-307211fdf697
2026-08-20T18:21:18.996946252Z GetCartAsync called with userId=ed2bd629-462b-4498-b459-53ecfb2738ff
2026-08-20T18:21:19.014210972Z GetCartAsync called with userId=13964ae0-2c1b-42fd-9617-4df3670f57f2
2026-08-20T18:21:19.016327730Z AddItemAsync called with userId=ed2bd629-462b-4498-b459-53ecfb2738ff, productId=0PUK6V6EV0, quantity=3
2026-08-20T18:21:19.072741969Z GetCartAsync called with userId=ed2bd629-462b-4498-b459-53ecfb2738ff
2026-08-20T18:21:19.749530217Z GetCartAsync called with userId=8494152f-8303-4d94-92cf-65c48088bbe8
2026-08-20T18:21:20.165586974Z GetCartAsync called with userId=e35cdbc1-2ed0-4bec-bc66-901678ac7395
2026-08-20T18:21:20.561716460Z GetCartAsync called with userId=b23ae0af-66fc-48c3-982a-ce2e587a4f74
2026-08-20T18:21:20.715848125Z GetCartAsync called with userId=8870cb35-48e5-45ab-94ac-5eb0b9d3dc41
2026-08-20T18:21:20.742261791Z AddItemAsync called with userId=8870cb35-48e5-45ab-94ac-5eb0b9d3dc41, productId=LS4PSXUNUM, quantity=8
2026-08-20T18:21:20.748716783Z GetCartAsync called with userId=8870cb35-48e5-45ab-94ac-5eb0b9d3dc41
2026-08-20T18:21:20.775258371Z GetCartAsync called with userId=8870cb35-48e5-45ab-94ac-5eb0b9d3dc41
2026-08-20T18:21:20.784256893Z EmptyCartAsync called with userId=8870cb35-48e5-45ab-94ac-5eb0b9d3dc41
2026-08-20T18:21:20.869730747Z GetCartAsync called with userId=cba1eabe-9fa2-4ea5-94da-7b5449b2a8b1
2026-08-20T18:21:21.496806288Z GetCartAsync called with userId=11b93b3f-3a87-4cb6-881f-9bf889b50835
2026-08-20T18:21:21.563624187Z GetCartAsync called with userId=a582456c-5e50-4b48-9272-8e09a6ab3449
2026-08-20T18:21:21.578256661Z AddItemAsync called with userId=a582456c-5e50-4b48-9272-8e09a6ab3449, productId=1YMWWN1N4O, quantity=1
2026-08-20T18:21:21.582389760Z GetCartAsync called with userId=a582456c-5e50-4b48-9272-8e09a6ab3449
2026-08-20T18:21:21.920583750Z GetCartAsync called with userId=0728d167-2761-48a1-aeec-e206b6deb841
2026-08-20T18:21:22.067969273Z GetCartAsync called with userId=8870cb35-48e5-45ab-94ac-5eb0b9d3dc41
2026-08-20T18:21:22.312704159Z GetCartAsync called with userId=1a181e6f-68e2-4fd1-accf-0d94e94e749b
2026-08-20T18:21:23.763528398Z GetCartAsync called with userId=b23ae0af-66fc-48c3-982a-ce2e587a4f74
2026-08-20T18:21:24.367821887Z GetCartAsync called with userId=f1f7dda7-81d8-47cb-ab27-9aab5835a795
2026-08-20T18:21:25.747171202Z GetCartAsync called with userId=eced0255-1d22-451f-a10a-ade79d3edfea
2026-08-20T18:21:26.019917753Z GetCartAsync called with userId=8494152f-8303-4d94-92cf-65c48088bbe8
2026-08-20T18:21:26.189340260Z GetCartAsync called with userId=13964ae0-2c1b-42fd-9617-4df3670f57f2
2026-08-20T18:21:26.708088609Z GetCartAsync called with userId=70df1040-b24f-4a7c-be0d-307211fdf697
2026-08-20T18:21:26.975567642Z GetCartAsync called with userId=ed2bd629-462b-4498-b459-53ecfb2738ff
2026-08-20T18:21:27.187631071Z Checking CartService Health
2026-08-20T18:21:27.191757711Z Checking CartService Health
2026-08-20T18:21:27.411212387Z GetCartAsync called with userId=6fa6405a-d852-42c5-817f-c0cd16c5c2e8
2026-08-20T18:21:27.591617300Z GetCartAsync called with userId=b23ae0af-66fc-48c3-982a-ce2e587a4f74
2026-08-20T18:21:27.697523245Z GetCartAsync called with userId=eced0255-1d22-451f-a10a-ade79d3edfea
2026-08-20T18:21:27.853228222Z GetCartAsync called with userId=11b93b3f-3a87-4cb6-881f-9bf889b50835
2026-08-20T18:21:28.798544007Z GetCartAsync called with userId=e35cdbc1-2ed0-4bec-bc66-901678ac7395
2026-08-20T18:21:28.805526591Z GetCartAsync called with userId=cba1eabe-9fa2-4ea5-94da-7b5449b2a8b1
2026-08-20T18:21:28.873948415Z GetCartAsync called with userId=0728d167-2761-48a1-aeec-e206b6deb841
2026-08-20T18:21:30.430664035Z GetCartAsync called with userId=8870cb35-48e5-45ab-94ac-5eb0b9d3dc41
2026-08-20T18:21:30.679182024Z GetCartAsync called with userId=8494152f-8303-4d94-92cf-65c48088bbe8
2026-08-20T18:21:30.889397466Z GetCartAsync called with userId=1a181e6f-68e2-4fd1-accf-0d94e94e749b
2026-08-20T18:21:30.899588148Z AddItemAsync called with userId=1a181e6f-68e2-4fd1-accf-0d94e94e749b, productId=LS4PSXUNUM, quantity=10
2026-08-20T18:21:30.903738292Z GetCartAsync called with userId=1a181e6f-68e2-4fd1-accf-0d94e94e749b
2026-08-20T18:21:31.033366520Z GetCartAsync called with userId=a582456c-5e50-4b48-9272-8e09a6ab3449
2026-08-20T18:21:31.044766191Z AddItemAsync called with userId=a582456c-5e50-4b48-9272-8e09a6ab3449, productId=9SIQT8TOJO, quantity=1
2026-08-20T18:21:31.048276436Z GetCartAsync called with userId=a582456c-5e50-4b48-9272-8e09a6ab3449
2026-08-20T18:21:31.113146208Z GetCartAsync called with userId=0728d167-2761-48a1-aeec-e206b6deb841
2026-08-20T18:21:31.939653445Z GetCartAsync called with userId=e35cdbc1-2ed0-4bec-bc66-901678ac7395
2026-08-20T18:21:32.103125728Z GetCartAsync called with userId=cba1eabe-9fa2-4ea5-94da-7b5449b2a8b1
2026-08-20T18:21:32.258899416Z GetCartAsync called with userId=ed2bd629-462b-4498-b459-53ecfb2738ff
2026-08-20T18:21:32.774872747Z GetCartAsync called with userId=6fa6405a-d852-42c5-817f-c0cd16c5c2e8
2026-08-20T18:21:33.929368021Z GetCartAsync called with userId=a582456c-5e50-4b48-9272-8e09a6ab3449
2026-08-20T18:21:34.324296565Z GetCartAsync called with userId=f1f7dda7-81d8-47cb-ab27-9aab5835a795
2026-08-20T18:21:34.666351479Z GetCartAsync called with userId=11b93b3f-3a87-4cb6-881f-9bf889b50835
2026-08-20T18:21:34.677040057Z GetCartAsync called with userId=8494152f-8303-4d94-92cf-65c48088bbe8
2026-08-20T18:21:35.416357772Z GetCartAsync called with userId=eced0255-1d22-451f-a10a-ade79d3edfea
2026-08-20T18:21:35.469427223Z GetCartAsync called with userId=70df1040-b24f-4a7c-be0d-307211fdf697
2026-08-20T18:21:35.879553043Z GetCartAsync called with userId=13964ae0-2c1b-42fd-9617-4df3670f57f2
2026-08-20T18:21:36.395802463Z GetCartAsync called with userId=b23ae0af-66fc-48c3-982a-ce2e587a4f74
2026-08-20T18:21:37.180965732Z Checking CartService Health
2026-08-20T18:21:37.186306721Z Checking CartService Health
2026-08-20T18:21:37.717522491Z GetCartAsync called with userId=a582456c-5e50-4b48-9272-8e09a6ab3449
2026-08-20T18:21:37.719451104Z GetCartAsync called with userId=8870cb35-48e5-45ab-94ac-5eb0b9d3dc41
2026-08-20T18:21:38.519746442Z GetCartAsync called with userId=11b93b3f-3a87-4cb6-881f-9bf889b50835
2026-08-20T18:21:38.636031463Z GetCartAsync called with userId=1a181e6f-68e2-4fd1-accf-0d94e94e749b
2026-08-20T18:21:39.563867463Z GetCartAsync called with userId=0728d167-2761-48a1-aeec-e206b6deb841
2026-08-20T18:21:39.795325683Z GetCartAsync called with userId=e35cdbc1-2ed0-4bec-bc66-901678ac7395
2026-08-20T18:21:39.883237976Z AddItemAsync called with userId=e35cdbc1-2ed0-4bec-bc66-901678ac7395, productId=9SIQT8TOJO, quantity=5
2026-08-20T18:21:39.965468143Z GetCartAsync called with userId=e35cdbc1-2ed0-4bec-bc66-901678ac7395
2026-08-20T18:21:39.987729597Z GetCartAsync called with userId=1a181e6f-68e2-4fd1-accf-0d94e94e749b
2026-08-20T18:21:39.989965144Z GetCartAsync called with userId=e35cdbc1-2ed0-4bec-bc66-901678ac7395
2026-08-20T18:21:40.005699679Z EmptyCartAsync called with userId=e35cdbc1-2ed0-4bec-bc66-901678ac7395
2026-08-20T18:21:40.570292829Z GetCartAsync called with userId=8870cb35-48e5-45ab-94ac-5eb0b9d3dc41
2026-08-20T18:21:40.660102131Z GetCartAsync called with userId=cba1eabe-9fa2-4ea5-94da-7b5449b2a8b1
2026-08-20T18:21:40.789334880Z GetCartAsync called with userId=ed2bd629-462b-4498-b459-53ecfb2738ff
2026-08-20T18:21:41.067990703Z GetCartAsync called with userId=13964ae0-2c1b-42fd-9617-4df3670f57f2
2026-08-20T18:21:42.100893954Z GetCartAsync called with userId=1a181e6f-68e2-4fd1-accf-0d94e94e749b
2026-08-20T18:21:42.274337418Z GetCartAsync called with userId=6fa6405a-d852-42c5-817f-c0cd16c5c2e8
2026-08-20T18:21:42.733606956Z GetCartAsync called with userId=eced0255-1d22-451f-a10a-ade79d3edfea
2026-08-20T18:21:42.866861407Z GetCartAsync called with userId=b23ae0af-66fc-48c3-982a-ce2e587a4f74
2026-08-20T18:21:42.957497322Z GetCartAsync called with userId=8494152f-8303-4d94-92cf-65c48088bbe8
2026-08-20T18:21:42.973185659Z AddItemAsync called with userId=8494152f-8303-4d94-92cf-65c48088bbe8, productId=L9ECAV7KIM, quantity=10
2026-08-20T18:21:42.980564447Z GetCartAsync called with userId=8494152f-8303-4d94-92cf-65c48088bbe8
2026-08-20T18:21:43.157731761Z GetCartAsync called with userId=11b93b3f-3a87-4cb6-881f-9bf889b50835
2026-08-20T18:21:43.257509871Z GetCartAsync called with userId=70df1040-b24f-4a7c-be0d-307211fdf697
2026-08-20T18:21:43.822050977Z GetCartAsync called with userId=e35cdbc1-2ed0-4bec-bc66-901678ac7395
2026-08-20T18:21:43.961361685Z AddItemAsync called with userId=e35cdbc1-2ed0-4bec-bc66-901678ac7395, productId=0PUK6V6EV0, quantity=3
2026-08-20T18:21:43.966077108Z GetCartAsync called with userId=e35cdbc1-2ed0-4bec-bc66-901678ac7395
2026-08-20T18:21:44.134450187Z GetCartAsync called with userId=f1f7dda7-81d8-47cb-ab27-9aab5835a795
2026-08-20T18:21:44.679732533Z GetCartAsync called with userId=0728d167-2761-48a1-aeec-e206b6deb841
2026-08-20T18:21:44.692920635Z AddItemAsync called with userId=0728d167-2761-48a1-aeec-e206b6deb841, productId=OLJCESPC7Z, quantity=8
2026-08-20T18:21:44.695947763Z GetCartAsync called with userId=0728d167-2761-48a1-aeec-e206b6deb841
2026-08-20T18:21:45.606746587Z GetCartAsync called with userId=eced0255-1d22-451f-a10a-ade79d3edfea
2026-08-20T18:21:47.183100644Z Checking CartService Health
2026-08-20T18:21:47.187486909Z Checking CartService Health
2026-08-20T18:21:47.256605670Z GetCartAsync called with userId=cba1eabe-9fa2-4ea5-94da-7b5449b2a8b1
2026-08-20T18:21:47.256738293Z GetCartAsync called with userId=11b93b3f-3a87-4cb6-881f-9bf889b50835
2026-08-20T18:21:47.256752195Z GetCartAsync called with userId=8494152f-8303-4d94-92cf-65c48088bbe8
2026-08-20T18:21:47.332607831Z AddItemAsync called with userId=8494152f-8303-4d94-92cf-65c48088bbe8, productId=LS4PSXUNUM, quantity=7
2026-08-20T18:21:47.365840030Z GetCartAsync called with userId=8494152f-8303-4d94-92cf-65c48088bbe8
2026-08-20T18:21:47.639670810Z GetCartAsync called with userId=8870cb35-48e5-45ab-94ac-5eb0b9d3dc41
2026-08-20T18:21:47.754168189Z GetCartAsync called with userId=e35cdbc1-2ed0-4bec-bc66-901678ac7395
2026-08-20T18:21:47.904609039Z GetCartAsync called with userId=6fa6405a-d852-42c5-817f-c0cd16c5c2e8
2026-08-20T18:21:48.212482160Z GetCartAsync called with userId=a582456c-5e50-4b48-9272-8e09a6ab3449
2026-08-20T18:21:48.356745032Z GetCartAsync called with userId=70df1040-b24f-4a7c-be0d-307211fdf697
2026-08-20T18:21:48.578868990Z GetCartAsync called with userId=11b93b3f-3a87-4cb6-881f-9bf889b50835
2026-08-20T18:21:48.728875365Z GetCartAsync called with userId=13964ae0-2c1b-42fd-9617-4df3670f57f2
2026-08-20T18:21:48.861176550Z GetCartAsync called with userId=f1f7dda7-81d8-47cb-ab27-9aab5835a795
2026-08-20T18:21:49.168057197Z GetCartAsync called with userId=e35cdbc1-2ed0-4bec-bc66-901678ac7395
2026-08-20T18:21:49.414585915Z GetCartAsync called with userId=b23ae0af-66fc-48c3-982a-ce2e587a4f74
2026-08-20T18:21:50.478279839Z GetCartAsync called with userId=ed2bd629-462b-4498-b459-53ecfb2738ff
2026-08-20T18:21:50.692989442Z GetCartAsync called with userId=1a181e6f-68e2-4fd1-accf-0d94e94e749b
2026-08-20T18:21:50.750982382Z GetCartAsync called with userId=e35cdbc1-2ed0-4bec-bc66-901678ac7395
2026-08-20T18:21:50.821132206Z GetCartAsync called with userId=8494152f-8303-4d94-92cf-65c48088bbe8
2026-08-20T18:21:52.187040132Z GetCartAsync called with userId=cba1eabe-9fa2-4ea5-94da-7b5449b2a8b1
2026-08-20T18:21:53.408417085Z GetCartAsync called with userId=0728d167-2761-48a1-aeec-e206b6deb841
2026-08-20T18:21:53.907542738Z GetCartAsync called with userId=6fa6405a-d852-42c5-817f-c0cd16c5c2e8
2026-08-20T18:21:55.905376780Z GetCartAsync called with userId=a582456c-5e50-4b48-9272-8e09a6ab3449
2026-08-20T18:21:56.159365716Z GetCartAsync called with userId=70df1040-b24f-4a7c-be0d-307211fdf697
2026-08-20T18:21:56.623126307Z GetCartAsync called with userId=11b93b3f-3a87-4cb6-881f-9bf889b50835
2026-08-20T18:21:57.185104534Z Checking CartService Health
2026-08-20T18:21:57.187946521Z Checking CartService Health
2026-08-20T18:21:57.553187962Z GetCartAsync called with userId=8494152f-8303-4d94-92cf-65c48088bbe8
2026-08-20T18:21:57.572036433Z GetCartAsync called with userId=b23ae0af-66fc-48c3-982a-ce2e587a4f74
2026-08-20T18:21:57.745979427Z GetCartAsync called with userId=ed2bd629-462b-4498-b459-53ecfb2738ff
2026-08-20T18:21:57.921273928Z GetCartAsync called with userId=cba1eabe-9fa2-4ea5-94da-7b5449b2a8b1
2026-08-20T18:21:58.143396062Z GetCartAsync called with userId=f1f7dda7-81d8-47cb-ab27-9aab5835a795
2026-08-20T18:21:58.263069090Z GetCartAsync called with userId=0728d167-2761-48a1-aeec-e206b6deb841
2026-08-20T18:21:58.527257631Z GetCartAsync called with userId=13964ae0-2c1b-42fd-9617-4df3670f57f2
2026-08-20T18:21:59.040936075Z GetCartAsync called with userId=e35cdbc1-2ed0-4bec-bc66-901678ac7395
2026-08-20T18:22:00.286085335Z GetCartAsync called with userId=eced0255-1d22-451f-a10a-ade79d3edfea
2026-08-20T18:22:00.492445368Z GetCartAsync called with userId=1a181e6f-68e2-4fd1-accf-0d94e94e749b
2026-08-20T18:22:00.666895640Z GetCartAsync called with userId=0728d167-2761-48a1-aeec-e206b6deb841
2026-08-20T18:22:00.706248334Z AddItemAsync called with userId=0728d167-2761-48a1-aeec-e206b6deb841, productId=9SIQT8TOJO, quantity=7
2026-08-20T18:22:00.776741772Z GetCartAsync called with userId=0728d167-2761-48a1-aeec-e206b6deb841
2026-08-20T18:22:00.872961228Z GetCartAsync called with userId=70df1040-b24f-4a7c-be0d-307211fdf697
2026-08-20T18:22:00.972540996Z GetCartAsync called with userId=b23ae0af-66fc-48c3-982a-ce2e587a4f74
2026-08-20T18:22:00.992365215Z GetCartAsync called with userId=0728d167-2761-48a1-aeec-e206b6deb841
2026-08-20T18:22:01.057830787Z EmptyCartAsync called with userId=0728d167-2761-48a1-aeec-e206b6deb841
2026-08-20T18:22:01.165815735Z AddItemAsync called with userId=70df1040-b24f-4a7c-be0d-307211fdf697, productId=6E92ZMYYFZ, quantity=8
2026-08-20T18:22:01.189471338Z GetCartAsync called with userId=70df1040-b24f-4a7c-be0d-307211fdf697
2026-08-20T18:22:01.588713851Z GetCartAsync called with userId=11b93b3f-3a87-4cb6-881f-9bf889b50835
2026-08-20T18:22:01.641451084Z GetCartAsync called with userId=8870cb35-48e5-45ab-94ac-5eb0b9d3dc41
2026-08-20T18:22:01.653252181Z AddItemAsync called with userId=8870cb35-48e5-45ab-94ac-5eb0b9d3dc41, productId=6E92ZMYYFZ, quantity=8
2026-08-20T18:22:01.656072711Z GetCartAsync called with userId=8870cb35-48e5-45ab-94ac-5eb0b9d3dc41
2026-08-20T18:22:01.722971801Z GetCartAsync called with userId=6fa6405a-d852-42c5-817f-c0cd16c5c2e8
2026-08-20T18:22:02.261868385Z GetCartAsync called with userId=f1f7dda7-81d8-47cb-ab27-9aab5835a795
2026-08-20T18:22:03.136687609Z GetCartAsync called with userId=e35cdbc1-2ed0-4bec-bc66-901678ac7395
2026-08-20T18:22:03.198497724Z GetCartAsync called with userId=1a181e6f-68e2-4fd1-accf-0d94e94e749b
2026-08-20T18:22:03.487344621Z GetCartAsync called with userId=a582456c-5e50-4b48-9272-8e09a6ab3449
2026-08-20T18:22:04.342783121Z GetCartAsync called with userId=f1f7dda7-81d8-47cb-ab27-9aab5835a795
2026-08-20T18:22:04.422645185Z GetCartAsync called with userId=cba1eabe-9fa2-4ea5-94da-7b5449b2a8b1
2026-08-20T18:22:04.587369876Z GetCartAsync called with userId=6fa6405a-d852-42c5-817f-c0cd16c5c2e8
2026-08-20T18:22:04.968365009Z GetCartAsync called with userId=8494152f-8303-4d94-92cf-65c48088bbe8
2026-08-20T18:22:05.294981259Z GetCartAsync called with userId=b23ae0af-66fc-48c3-982a-ce2e587a4f74
2026-08-20T18:22:05.891827323Z GetCartAsync called with userId=a582456c-5e50-4b48-9272-8e09a6ab3449
2026-08-20T18:22:06.649816979Z GetCartAsync called with userId=70df1040-b24f-4a7c-be0d-307211fdf697
2026-08-20T18:22:06.716781383Z GetCartAsync called with userId=8494152f-8303-4d94-92cf-65c48088bbe8
2026-08-20T18:22:07.171804654Z Checking CartService Health
2026-08-20T18:22:07.177947364Z Checking CartService Health
2026-08-20T18:22:07.419985436Z GetCartAsync called with userId=ed2bd629-462b-4498-b459-53ecfb2738ff
2026-08-20T18:22:07.437332787Z GetCartAsync called with userId=8870cb35-48e5-45ab-94ac-5eb0b9d3dc41
2026-08-20T18:22:08.142606981Z GetCartAsync called with userId=13964ae0-2c1b-42fd-9617-4df3670f57f2
2026-08-20T18:22:08.151564953Z AddItemAsync called with userId=13964ae0-2c1b-42fd-9617-4df3670f57f2, productId=1YMWWN1N4O, quantity=10
2026-08-20T18:22:08.154272398Z GetCartAsync called with userId=13964ae0-2c1b-42fd-9617-4df3670f57f2
2026-08-20T18:22:08.166685838Z GetCartAsync called with userId=13964ae0-2c1b-42fd-9617-4df3670f57f2
2026-08-20T18:22:08.175088218Z EmptyCartAsync called with userId=13964ae0-2c1b-42fd-9617-4df3670f57f2
2026-08-20T18:22:08.378154187Z GetCartAsync called with userId=e35cdbc1-2ed0-4bec-bc66-901678ac7395
2026-08-20T18:22:09.662793485Z GetCartAsync called with userId=0728d167-2761-48a1-aeec-e206b6deb841
2026-08-20T18:22:09.673952418Z AddItemAsync called with userId=0728d167-2761-48a1-aeec-e206b6deb841, productId=6E92ZMYYFZ, quantity=9
2026-08-20T18:22:09.677224456Z GetCartAsync called with userId=0728d167-2761-48a1-aeec-e206b6deb841
2026-08-20T18:22:09.965852084Z GetCartAsync called with userId=11b93b3f-3a87-4cb6-881f-9bf889b50835
2026-08-20T18:22:10.080466518Z GetCartAsync called with userId=6fa6405a-d852-42c5-817f-c0cd16c5c2e8
2026-08-20T18:22:10.287276402Z GetCartAsync called with userId=8870cb35-48e5-45ab-94ac-5eb0b9d3dc41
2026-08-20T18:22:10.361683529Z AddItemAsync called with userId=8870cb35-48e5-45ab-94ac-5eb0b9d3dc41, productId=9SIQT8TOJO, quantity=1
2026-08-20T18:22:10.369387095Z GetCartAsync called with userId=8870cb35-48e5-45ab-94ac-5eb0b9d3dc41
2026-08-20T18:22:11.341308405Z GetCartAsync called with userId=eced0255-1d22-451f-a10a-ade79d3edfea
2026-08-20T18:22:11.360493058Z AddItemAsync called with userId=eced0255-1d22-451f-a10a-ade79d3edfea, productId=66VCHSJNUP, quantity=3
2026-08-20T18:22:11.367899375Z GetCartAsync called with userId=eced0255-1d22-451f-a10a-ade79d3edfea
2026-08-20T18:22:11.446118028Z GetCartAsync called with userId=1a181e6f-68e2-4fd1-accf-0d94e94e749b
2026-08-20T18:22:11.548826906Z GetCartAsync called with userId=13964ae0-2c1b-42fd-9617-4df3670f57f2
2026-08-20T18:22:11.792043772Z GetCartAsync called with userId=cba1eabe-9fa2-4ea5-94da-7b5449b2a8b1
2026-08-20T18:22:12.935403754Z GetCartAsync called with userId=f1f7dda7-81d8-47cb-ab27-9aab5835a795
2026-08-20T18:22:13.060061439Z GetCartAsync called with userId=e35cdbc1-2ed0-4bec-bc66-901678ac7395
2026-08-20T18:22:13.208690262Z GetCartAsync called with userId=0728d167-2761-48a1-aeec-e206b6deb841
2026-08-20T18:22:14.217691159Z GetCartAsync called with userId=a582456c-5e50-4b48-9272-8e09a6ab3449
2026-08-20T18:22:14.299954906Z GetCartAsync called with userId=eced0255-1d22-451f-a10a-ade79d3edfea
2026-08-20T18:22:14.483154220Z GetCartAsync called with userId=11b93b3f-3a87-4cb6-881f-9bf889b50835
2026-08-20T18:22:14.858662570Z GetCartAsync called with userId=b23ae0af-66fc-48c3-982a-ce2e587a4f74
2026-08-20T18:22:15.113652180Z GetCartAsync called with userId=70df1040-b24f-4a7c-be0d-307211fdf697
2026-08-20T18:22:15.139162043Z AddItemAsync called with userId=70df1040-b24f-4a7c-be0d-307211fdf697, productId=9SIQT8TOJO, quantity=8
2026-08-20T18:22:15.162025564Z GetCartAsync called with userId=70df1040-b24f-4a7c-be0d-307211fdf697
2026-08-20T18:22:15.656028115Z GetCartAsync called with userId=1a181e6f-68e2-4fd1-accf-0d94e94e749b
2026-08-20T18:22:15.772968657Z GetCartAsync called with userId=8494152f-8303-4d94-92cf-65c48088bbe8
2026-08-20T18:22:15.835594222Z GetCartAsync called with userId=ed2bd629-462b-4498-b459-53ecfb2738ff
2026-08-20T18:22:16.125477363Z GetCartAsync called with userId=11b93b3f-3a87-4cb6-881f-9bf889b50835
2026-08-20T18:22:17.171932433Z Checking CartService Health
2026-08-20T18:22:17.178362507Z Checking CartService Health
2026-08-20T18:22:17.890772356Z GetCartAsync called with userId=e35cdbc1-2ed0-4bec-bc66-901678ac7395
2026-08-20T18:22:18.086210615Z GetCartAsync called with userId=6fa6405a-d852-42c5-817f-c0cd16c5c2e8
2026-08-20T18:22:18.101528774Z GetCartAsync called with userId=f1f7dda7-81d8-47cb-ab27-9aab5835a795
2026-08-20T18:22:18.305079989Z GetCartAsync called with userId=cba1eabe-9fa2-4ea5-94da-7b5449b2a8b1
2026-08-20T18:22:18.506758891Z GetCartAsync called with userId=13964ae0-2c1b-42fd-9617-4df3670f57f2
2026-08-20T18:22:19.148186078Z GetCartAsync called with userId=6fa6405a-d852-42c5-817f-c0cd16c5c2e8
2026-08-20T18:22:19.774775485Z GetCartAsync called with userId=e35cdbc1-2ed0-4bec-bc66-901678ac7395
2026-08-20T18:22:19.797229437Z AddItemAsync called with userId=e35cdbc1-2ed0-4bec-bc66-901678ac7395, productId=L9ECAV7KIM, quantity=2
2026-08-20T18:22:19.804987734Z GetCartAsync called with userId=e35cdbc1-2ed0-4bec-bc66-901678ac7395
2026-08-20T18:22:20.110229741Z GetCartAsync called with userId=cba1eabe-9fa2-4ea5-94da-7b5449b2a8b1
2026-08-20T18:22:20.130606847Z AddItemAsync called with userId=cba1eabe-9fa2-4ea5-94da-7b5449b2a8b1, productId=6E92ZMYYFZ, quantity=7
2026-08-20T18:22:20.137943373Z GetCartAsync called with userId=cba1eabe-9fa2-4ea5-94da-7b5449b2a8b1
2026-08-20T18:22:20.304112541Z GetCartAsync called with userId=8870cb35-48e5-45ab-94ac-5eb0b9d3dc41
2026-08-20T18:22:21.163661177Z GetCartAsync called with userId=70df1040-b24f-4a7c-be0d-307211fdf697
2026-08-20T18:22:21.182199275Z AddItemAsync called with userId=70df1040-b24f-4a7c-be0d-307211fdf697, productId=LS4PSXUNUM, quantity=7
2026-08-20T18:22:21.187757704Z GetCartAsync called with userId=70df1040-b24f-4a7c-be0d-307211fdf697
2026-08-20T18:22:21.721652711Z GetCartAsync called with userId=a582456c-5e50-4b48-9272-8e09a6ab3449
2026-08-20T18:22:22.066633958Z GetCartAsync called with userId=1a181e6f-68e2-4fd1-accf-0d94e94e749b
2026-08-20T18:22:22.705727038Z GetCartAsync called with userId=0728d167-2761-48a1-aeec-e206b6deb841
2026-08-20T18:22:23.840050616Z GetCartAsync called with userId=b23ae0af-66fc-48c3-982a-ce2e587a4f74
2026-08-20T18:22:24.291322856Z GetCartAsync called with userId=eced0255-1d22-451f-a10a-ade79d3edfea
2026-08-20T18:22:24.347554068Z GetCartAsync called with userId=8494152f-8303-4d94-92cf-65c48088bbe8
2026-08-20T18:22:24.363992820Z AddItemAsync called with userId=8494152f-8303-4d94-92cf-65c48088bbe8, productId=LS4PSXUNUM, quantity=10
2026-08-20T18:22:24.369705976Z GetCartAsync called with userId=8494152f-8303-4d94-92cf-65c48088bbe8
2026-08-20T18:22:24.603552121Z GetCartAsync called with userId=e35cdbc1-2ed0-4bec-bc66-901678ac7395
2026-08-20T18:22:24.623043883Z AddItemAsync called with userId=e35cdbc1-2ed0-4bec-bc66-901678ac7395, productId=OLJCESPC7Z, quantity=10
2026-08-20T18:22:24.628590712Z GetCartAsync called with userId=e35cdbc1-2ed0-4bec-bc66-901678ac7395
2026-08-20T18:22:24.858702531Z GetCartAsync called with userId=cba1eabe-9fa2-4ea5-94da-7b5449b2a8b1
2026-08-20T18:22:24.901163239Z GetCartAsync called with userId=ed2bd629-462b-4498-b459-53ecfb2738ff
2026-08-20T18:22:24.905825919Z GetCartAsync called with userId=b23ae0af-66fc-48c3-982a-ce2e587a4f74
2026-08-20T18:22:25.278650127Z GetCartAsync called with userId=f1f7dda7-81d8-47cb-ab27-9aab5835a795
2026-08-20T18:22:25.661122550Z GetCartAsync called with userId=13964ae0-2c1b-42fd-9617-4df3670f57f2
2026-08-20T18:22:25.680189942Z AddItemAsync called with userId=13964ae0-2c1b-42fd-9617-4df3670f57f2, productId=2ZYFJ3GM2N, quantity=9
2026-08-20T18:22:25.685656157Z GetCartAsync called with userId=eced0255-1d22-451f-a10a-ade79d3edfea
2026-08-20T18:22:25.686656125Z GetCartAsync called with userId=13964ae0-2c1b-42fd-9617-4df3670f57f2
2026-08-20T18:22:25.773741502Z GetCartAsync called with userId=13964ae0-2c1b-42fd-9617-4df3670f57f2
2026-08-20T18:22:25.790817660Z EmptyCartAsync called with userId=13964ae0-2c1b-42fd-9617-4df3670f57f2
2026-08-20T18:22:25.976968321Z GetCartAsync called with userId=6fa6405a-d852-42c5-817f-c0cd16c5c2e8
2026-08-20T18:22:26.126258411Z GetCartAsync called with userId=cba1eabe-9fa2-4ea5-94da-7b5449b2a8b1
2026-08-20T18:22:26.142306497Z AddItemAsync called with userId=cba1eabe-9fa2-4ea5-94da-7b5449b2a8b1, productId=9SIQT8TOJO, quantity=8
2026-08-20T18:22:26.148007752Z GetCartAsync called with userId=cba1eabe-9fa2-4ea5-94da-7b5449b2a8b1
2026-08-20T18:22:26.946743354Z GetCartAsync called with userId=8870cb35-48e5-45ab-94ac-5eb0b9d3dc41
2026-08-20T18:22:27.174796729Z Checking CartService Health
2026-08-20T18:22:27.187509257Z Checking CartService Health
2026-08-20T18:22:28.049713884Z GetCartAsync called with userId=8870cb35-48e5-45ab-94ac-5eb0b9d3dc41
2026-08-20T18:22:28.065318596Z AddItemAsync called with userId=8870cb35-48e5-45ab-94ac-5eb0b9d3dc41, productId=66VCHSJNUP, quantity=7
2026-08-20T18:22:28.071193579Z GetCartAsync called with userId=8870cb35-48e5-45ab-94ac-5eb0b9d3dc41
2026-08-20T18:22:28.392540271Z GetCartAsync called with userId=a582456c-5e50-4b48-9272-8e09a6ab3449
2026-08-20T18:22:29.292049242Z GetCartAsync called with userId=e35cdbc1-2ed0-4bec-bc66-901678ac7395
2026-08-20T18:22:29.565351123Z GetCartAsync called with userId=11b93b3f-3a87-4cb6-881f-9bf889b50835
2026-08-20T18:22:30.026510070Z GetCartAsync called with userId=70df1040-b24f-4a7c-be0d-307211fdf697
2026-08-20T18:22:31.814000493Z GetCartAsync called with userId=f1f7dda7-81d8-47cb-ab27-9aab5835a795
2026-08-20T18:22:31.817678602Z GetCartAsync called with userId=ed2bd629-462b-4498-b459-53ecfb2738ff
2026-08-20T18:22:31.966605658Z GetCartAsync called with userId=1a181e6f-68e2-4fd1-accf-0d94e94e749b
2026-08-20T18:22:32.082674573Z GetCartAsync called with userId=6fa6405a-d852-42c5-817f-c0cd16c5c2e8
2026-08-20T18:22:32.082747285Z GetCartAsync called with userId=eced0255-1d22-451f-a10a-ade79d3edfea
2026-08-20T18:22:32.883174637Z GetCartAsync called with userId=cba1eabe-9fa2-4ea5-94da-7b5449b2a8b1
2026-08-20T18:22:32.889403568Z GetCartAsync called with userId=11b93b3f-3a87-4cb6-881f-9bf889b50835
2026-08-20T18:22:33.526610259Z GetCartAsync called with userId=eced0255-1d22-451f-a10a-ade79d3edfea
2026-08-20T18:22:33.673004195Z GetCartAsync called with userId=0728d167-2761-48a1-aeec-e206b6deb841
2026-08-20T18:22:34.299826167Z GetCartAsync called with userId=13964ae0-2c1b-42fd-9617-4df3670f57f2
2026-08-20T18:22:34.350177003Z GetCartAsync called with userId=8494152f-8303-4d94-92cf-65c48088bbe8
2026-08-20T18:22:34.462739638Z GetCartAsync called with userId=b23ae0af-66fc-48c3-982a-ce2e587a4f74
2026-08-20T18:22:34.830669150Z GetCartAsync called with userId=11b93b3f-3a87-4cb6-881f-9bf889b50835
2026-08-20T18:22:35.270689596Z GetCartAsync called with userId=70df1040-b24f-4a7c-be0d-307211fdf697
2026-08-20T18:22:35.794732553Z GetCartAsync called with userId=0728d167-2761-48a1-aeec-e206b6deb841
2026-08-20T18:22:35.821604402Z AddItemAsync called with userId=0728d167-2761-48a1-aeec-e206b6deb841, productId=6E92ZMYYFZ, quantity=4
2026-08-20T18:22:35.830172420Z GetCartAsync called with userId=0728d167-2761-48a1-aeec-e206b6deb841
2026-08-20T18:22:36.480533589Z GetCartAsync called with userId=a582456c-5e50-4b48-9272-8e09a6ab3449
2026-08-20T18:22:36.602221835Z GetCartAsync called with userId=8870cb35-48e5-45ab-94ac-5eb0b9d3dc41
2026-08-20T18:22:36.610060033Z GetCartAsync called with userId=f1f7dda7-81d8-47cb-ab27-9aab5835a795
2026-08-20T18:22:36.659369696Z GetCartAsync called with userId=6fa6405a-d852-42c5-817f-c0cd16c5c2e8
2026-08-20T18:22:36.978168074Z GetCartAsync called with userId=0728d167-2761-48a1-aeec-e206b6deb841
2026-08-20T18:22:37.034336273Z GetCartAsync called with userId=1a181e6f-68e2-4fd1-accf-0d94e94e749b
2026-08-20T18:22:37.169160293Z Checking CartService Health
2026-08-20T18:22:37.174897343Z Checking CartService Health
2026-08-20T18:22:37.631440861Z GetCartAsync called with userId=e35cdbc1-2ed0-4bec-bc66-901678ac7395
2026-08-20T18:22:37.969647952Z GetCartAsync called with userId=11b93b3f-3a87-4cb6-881f-9bf889b50835
2026-08-20T18:22:38.899719329Z GetCartAsync called with userId=a582456c-5e50-4b48-9272-8e09a6ab3449
2026-08-20T18:22:39.368788540Z GetCartAsync called with userId=ed2bd629-462b-4498-b459-53ecfb2738ff
2026-08-20T18:22:39.947730971Z GetCartAsync called with userId=8870cb35-48e5-45ab-94ac-5eb0b9d3dc41
2026-08-20T18:22:40.760283353Z GetCartAsync called with userId=e35cdbc1-2ed0-4bec-bc66-901678ac7395
2026-08-20T18:22:40.867387611Z GetCartAsync called with userId=8494152f-8303-4d94-92cf-65c48088bbe8
2026-08-20T18:22:41.047770187Z GetCartAsync called with userId=eced0255-1d22-451f-a10a-ade79d3edfea
2026-08-20T18:22:41.179971430Z GetCartAsync called with userId=70df1040-b24f-4a7c-be0d-307211fdf697
2026-08-20T18:22:42.094463509Z GetCartAsync called with userId=0728d167-2761-48a1-aeec-e206b6deb841
2026-08-20T18:22:42.430756081Z GetCartAsync called with userId=8494152f-8303-4d94-92cf-65c48088bbe8
2026-08-20T18:22:43.184110593Z GetCartAsync called with userId=cba1eabe-9fa2-4ea5-94da-7b5449b2a8b1
2026-08-20T18:22:43.196230514Z AddItemAsync called with userId=cba1eabe-9fa2-4ea5-94da-7b5449b2a8b1, productId=2ZYFJ3GM2N, quantity=3
2026-08-20T18:22:43.200257085Z GetCartAsync called with userId=cba1eabe-9fa2-4ea5-94da-7b5449b2a8b1
2026-08-20T18:22:43.310386048Z GetCartAsync called with userId=f1f7dda7-81d8-47cb-ab27-9aab5835a795
2026-08-20T18:22:43.343499169Z GetCartAsync called with userId=13964ae0-2c1b-42fd-9617-4df3670f57f2
2026-08-20T18:22:43.469438367Z GetCartAsync called with userId=ed2bd629-462b-4498-b459-53ecfb2738ff
2026-08-20T18:22:43.616849546Z GetCartAsync called with userId=b23ae0af-66fc-48c3-982a-ce2e587a4f74
2026-08-20T18:22:43.719847420Z GetCartAsync called with userId=e35cdbc1-2ed0-4bec-bc66-901678ac7395
2026-08-20T18:22:44.601589338Z GetCartAsync called with userId=11b93b3f-3a87-4cb6-881f-9bf889b50835
2026-08-20T18:22:45.110698225Z GetCartAsync called with userId=b23ae0af-66fc-48c3-982a-ce2e587a4f74
2026-08-20T18:22:45.584488280Z GetCartAsync called with userId=6fa6405a-d852-42c5-817f-c0cd16c5c2e8
2026-08-20T18:22:46.246984413Z GetCartAsync called with userId=1a181e6f-68e2-4fd1-accf-0d94e94e749b
2026-08-20T18:22:46.337259102Z GetCartAsync called with userId=eced0255-1d22-451f-a10a-ade79d3edfea
2026-08-20T18:22:47.171820795Z Checking CartService Health
2026-08-20T18:22:47.175869371Z Checking CartService Health
2026-08-20T18:22:47.445617559Z GetCartAsync called with userId=1a181e6f-68e2-4fd1-accf-0d94e94e749b
2026-08-20T18:22:47.580606021Z GetCartAsync called with userId=13964ae0-2c1b-42fd-9617-4df3670f57f2
2026-08-20T18:22:48.188340001Z GetCartAsync called with userId=cba1eabe-9fa2-4ea5-94da-7b5449b2a8b1
2026-08-20T18:22:48.248190405Z GetCartAsync called with userId=a582456c-5e50-4b48-9272-8e09a6ab3449
2026-08-20T18:22:48.344587517Z GetCartAsync called with userId=f1f7dda7-81d8-47cb-ab27-9aab5835a795
2026-08-20T18:22:48.477582547Z GetCartAsync called with userId=11b93b3f-3a87-4cb6-881f-9bf889b50835
2026-08-20T18:22:48.547957209Z GetCartAsync called with userId=0728d167-2761-48a1-aeec-e206b6deb841
2026-08-20T18:22:48.977169150Z GetCartAsync called with userId=70df1040-b24f-4a7c-be0d-307211fdf697
2026-08-20T18:22:49.158333431Z GetCartAsync called with userId=13964ae0-2c1b-42fd-9617-4df3670f57f2
2026-08-20T18:22:49.160525197Z GetCartAsync called with userId=8870cb35-48e5-45ab-94ac-5eb0b9d3dc41
2026-08-20T18:22:49.542510744Z GetCartAsync called with userId=a582456c-5e50-4b48-9272-8e09a6ab3449
2026-08-20T18:22:49.563709788Z AddItemAsync called with userId=a582456c-5e50-4b48-9272-8e09a6ab3449, productId=9SIQT8TOJO, quantity=10
2026-08-20T18:22:49.571105324Z GetCartAsync called with userId=a582456c-5e50-4b48-9272-8e09a6ab3449
2026-08-20T18:22:50.230344112Z GetCartAsync called with userId=1a181e6f-68e2-4fd1-accf-0d94e94e749b
2026-08-20T18:22:51.464246953Z GetCartAsync called with userId=8494152f-8303-4d94-92cf-65c48088bbe8
2026-08-20T18:22:51.912745618Z GetCartAsync called with userId=70df1040-b24f-4a7c-be0d-307211fdf697
2026-08-20T18:22:52.371124834Z GetCartAsync called with userId=6fa6405a-d852-42c5-817f-c0cd16c5c2e8
2026-08-20T18:22:52.533441164Z GetCartAsync called with userId=11b93b3f-3a87-4cb6-881f-9bf889b50835
2026-08-20T18:22:53.140577644Z GetCartAsync called with userId=e35cdbc1-2ed0-4bec-bc66-901678ac7395
2026-08-20T18:22:53.245482278Z GetCartAsync called with userId=ed2bd629-462b-4498-b459-53ecfb2738ff
2026-08-20T18:22:53.476214726Z GetCartAsync called with userId=eced0255-1d22-451f-a10a-ade79d3edfea
2026-08-20T18:22:53.501736764Z AddItemAsync called with userId=eced0255-1d22-451f-a10a-ade79d3edfea, productId=66VCHSJNUP, quantity=5
2026-08-20T18:22:53.507664148Z GetCartAsync called with userId=eced0255-1d22-451f-a10a-ade79d3edfea
2026-08-20T18:22:53.565114687Z GetCartAsync called with userId=eced0255-1d22-451f-a10a-ade79d3edfea
2026-08-20T18:22:53.580611660Z EmptyCartAsync called with userId=eced0255-1d22-451f-a10a-ade79d3edfea
2026-08-20T18:22:54.309023106Z GetCartAsync called with userId=cba1eabe-9fa2-4ea5-94da-7b5449b2a8b1
2026-08-20T18:22:54.437716074Z GetCartAsync called with userId=13964ae0-2c1b-42fd-9617-4df3670f57f2
2026-08-20T18:22:54.569450648Z GetCartAsync called with userId=b23ae0af-66fc-48c3-982a-ce2e587a4f74
2026-08-20T18:22:55.845064051Z GetCartAsync called with userId=f1f7dda7-81d8-47cb-ab27-9aab5835a795
2026-08-20T18:22:55.936650358Z GetCartAsync called with userId=a582456c-5e50-4b48-9272-8e09a6ab3449
2026-08-20T18:22:56.278014138Z GetCartAsync called with userId=70df1040-b24f-4a7c-be0d-307211fdf697
2026-08-20T18:22:56.427225814Z GetCartAsync called with userId=cba1eabe-9fa2-4ea5-94da-7b5449b2a8b1
2026-08-20T18:22:57.170405912Z Checking CartService Health
2026-08-20T18:22:57.184355528Z Checking CartService Health
2026-08-20T18:22:57.827061343Z GetCartAsync called with userId=8870cb35-48e5-45ab-94ac-5eb0b9d3dc41
2026-08-20T18:22:58.260944185Z GetCartAsync called with userId=ed2bd629-462b-4498-b459-53ecfb2738ff
2026-08-20T18:22:58.364006798Z AddItemAsync called with userId=ed2bd629-462b-4498-b459-53ecfb2738ff, productId=0PUK6V6EV0, quantity=1
2026-08-20T18:22:58.377086769Z GetCartAsync called with userId=ed2bd629-462b-4498-b459-53ecfb2738ff
2026-08-20T18:22:58.457249280Z GetCartAsync called with userId=6fa6405a-d852-42c5-817f-c0cd16c5c2e8
2026-08-20T18:22:58.564845345Z GetCartAsync called with userId=ed2bd629-462b-4498-b459-53ecfb2738ff
2026-08-20T18:22:58.565476950Z AddItemAsync called with userId=6fa6405a-d852-42c5-817f-c0cd16c5c2e8, productId=2ZYFJ3GM2N, quantity=4
2026-08-20T18:22:58.570293450Z GetCartAsync called with userId=6fa6405a-d852-42c5-817f-c0cd16c5c2e8
2026-08-20T18:22:58.575990596Z EmptyCartAsync called with userId=ed2bd629-462b-4498-b459-53ecfb2738ff
2026-08-20T18:22:59.152702553Z GetCartAsync called with userId=8494152f-8303-4d94-92cf-65c48088bbe8
2026-08-20T18:22:59.298995844Z GetCartAsync called with userId=cba1eabe-9fa2-4ea5-94da-7b5449b2a8b1
2026-08-20T18:22:59.800117550Z GetCartAsync called with userId=f1f7dda7-81d8-47cb-ab27-9aab5835a795
2026-08-20T18:22:59.805254903Z GetCartAsync called with userId=eced0255-1d22-451f-a10a-ade79d3edfea
2026-08-20T18:22:59.809065336Z GetCartAsync called with userId=13964ae0-2c1b-42fd-9617-4df3670f57f2
2026-08-20T18:22:59.818134342Z AddItemAsync called with userId=eced0255-1d22-451f-a10a-ade79d3edfea, productId=66VCHSJNUP, quantity=9
2026-08-20T18:22:59.821679030Z GetCartAsync called with userId=eced0255-1d22-451f-a10a-ade79d3edfea
2026-08-20T18:22:59.821980380Z AddItemAsync called with userId=13964ae0-2c1b-42fd-9617-4df3670f57f2, productId=2ZYFJ3GM2N, quantity=2
2026-08-20T18:22:59.857400061Z GetCartAsync called with userId=13964ae0-2c1b-42fd-9617-4df3670f57f2
2026-08-20T18:23:00.059076248Z GetCartAsync called with userId=0728d167-2761-48a1-aeec-e206b6deb841
2026-08-20T18:23:00.223727386Z GetCartAsync called with userId=70df1040-b24f-4a7c-be0d-307211fdf697
2026-08-20T18:23:00.876277936Z GetCartAsync called with userId=b23ae0af-66fc-48c3-982a-ce2e587a4f74
2026-08-20T18:23:01.665869002Z GetCartAsync called with userId=11b93b3f-3a87-4cb6-881f-9bf889b50835
2026-08-20T18:23:02.674307156Z GetCartAsync called with userId=e35cdbc1-2ed0-4bec-bc66-901678ac7395
2026-08-20T18:23:02.801155346Z GetCartAsync called with userId=8494152f-8303-4d94-92cf-65c48088bbe8
2026-08-20T18:23:03.099132077Z GetCartAsync called with userId=1a181e6f-68e2-4fd1-accf-0d94e94e749b
2026-08-20T18:23:03.413612274Z GetCartAsync called with userId=cba1eabe-9fa2-4ea5-94da-7b5449b2a8b1
2026-08-20T18:23:04.531142885Z GetCartAsync called with userId=13964ae0-2c1b-42fd-9617-4df3670f57f2
2026-08-20T18:23:04.544684573Z GetCartAsync called with userId=8870cb35-48e5-45ab-94ac-5eb0b9d3dc41
2026-08-20T18:23:05.292299933Z GetCartAsync called with userId=a582456c-5e50-4b48-9272-8e09a6ab3449
2026-08-20T18:23:05.414725908Z GetCartAsync called with userId=f1f7dda7-81d8-47cb-ab27-9aab5835a795
2026-08-20T18:23:05.456795303Z GetCartAsync called with userId=b23ae0af-66fc-48c3-982a-ce2e587a4f74
2026-08-20T18:23:05.845770633Z GetCartAsync called with userId=e35cdbc1-2ed0-4bec-bc66-901678ac7395
2026-08-20T18:23:06.821233397Z GetCartAsync called with userId=70df1040-b24f-4a7c-be0d-307211fdf697
2026-08-20T18:23:06.991015621Z GetCartAsync called with userId=6fa6405a-d852-42c5-817f-c0cd16c5c2e8
2026-08-20T18:23:07.164627864Z Checking CartService Health
2026-08-20T18:23:07.169314521Z Checking CartService Health
2026-08-20T18:23:07.490234159Z GetCartAsync called with userId=ed2bd629-462b-4498-b459-53ecfb2738ff
2026-08-20T18:23:07.954217204Z GetCartAsync called with userId=a582456c-5e50-4b48-9272-8e09a6ab3449
2026-08-20T18:23:08.113309202Z GetCartAsync called with userId=8494152f-8303-4d94-92cf-65c48088bbe8
2026-08-20T18:23:08.897620790Z GetCartAsync called with userId=eced0255-1d22-451f-a10a-ade79d3edfea
2026-08-20T18:23:09.241766478Z GetCartAsync called with userId=1a181e6f-68e2-4fd1-accf-0d94e94e749b
2026-08-20T18:23:09.553182401Z GetCartAsync called with userId=11b93b3f-3a87-4cb6-881f-9bf889b50835
2026-08-20T18:23:09.567187263Z AddItemAsync called with userId=11b93b3f-3a87-4cb6-881f-9bf889b50835, productId=2ZYFJ3GM2N, quantity=10
2026-08-20T18:23:09.572877822Z GetCartAsync called with userId=11b93b3f-3a87-4cb6-881f-9bf889b50835
2026-08-20T18:23:09.588874620Z GetCartAsync called with userId=11b93b3f-3a87-4cb6-881f-9bf889b50835
2026-08-20T18:23:09.596392787Z EmptyCartAsync called with userId=11b93b3f-3a87-4cb6-881f-9bf889b50835
2026-08-20T18:23:09.840495849Z GetCartAsync called with userId=0728d167-2761-48a1-aeec-e206b6deb841
2026-08-20T18:23:10.087968278Z GetCartAsync called with userId=f1f7dda7-81d8-47cb-ab27-9aab5835a795
2026-08-20T18:23:10.107702906Z GetCartAsync called with userId=b23ae0af-66fc-48c3-982a-ce2e587a4f74
2026-08-20T18:23:11.342202671Z GetCartAsync called with userId=0728d167-2761-48a1-aeec-e206b6deb841
2026-08-20T18:23:12.233831321Z GetCartAsync called with userId=8870cb35-48e5-45ab-94ac-5eb0b9d3dc41
2026-08-20T18:23:12.265556970Z AddItemAsync called with userId=8870cb35-48e5-45ab-94ac-5eb0b9d3dc41, productId=2ZYFJ3GM2N, quantity=6
2026-08-20T18:23:12.331747832Z GetCartAsync called with userId=8870cb35-48e5-45ab-94ac-5eb0b9d3dc41
2026-08-20T18:23:12.478312846Z GetCartAsync called with userId=1a181e6f-68e2-4fd1-accf-0d94e94e749b
2026-08-20T18:23:14.009316309Z GetCartAsync called with userId=cba1eabe-9fa2-4ea5-94da-7b5449b2a8b1
2026-08-20T18:23:14.022126969Z AddItemAsync called with userId=cba1eabe-9fa2-4ea5-94da-7b5449b2a8b1, productId=L9ECAV7KIM, quantity=5
2026-08-20T18:23:14.025770183Z GetCartAsync called with userId=cba1eabe-9fa2-4ea5-94da-7b5449b2a8b1
2026-08-20T18:23:14.257117094Z GetCartAsync called with userId=6fa6405a-d852-42c5-817f-c0cd16c5c2e8
2026-08-20T18:23:14.276831518Z AddItemAsync called with userId=6fa6405a-d852-42c5-817f-c0cd16c5c2e8, productId=2ZYFJ3GM2N, quantity=5
2026-08-20T18:23:14.282577387Z GetCartAsync called with userId=6fa6405a-d852-42c5-817f-c0cd16c5c2e8
2026-08-20T18:23:14.349895038Z GetCartAsync called with userId=13964ae0-2c1b-42fd-9617-4df3670f57f2
2026-08-20T18:23:14.487013159Z GetCartAsync called with userId=0728d167-2761-48a1-aeec-e206b6deb841
2026-08-20T18:23:14.555203158Z GetCartAsync called with userId=ed2bd629-462b-4498-b459-53ecfb2738ff
2026-08-20T18:23:14.656370217Z AddItemAsync called with userId=0728d167-2761-48a1-aeec-e206b6deb841, productId=66VCHSJNUP, quantity=6
2026-08-20T18:23:14.663673248Z GetCartAsync called with userId=0728d167-2761-48a1-aeec-e206b6deb841
2026-08-20T18:23:15.400442685Z GetCartAsync called with userId=a582456c-5e50-4b48-9272-8e09a6ab3449
2026-08-20T18:23:15.528981759Z GetCartAsync called with userId=e35cdbc1-2ed0-4bec-bc66-901678ac7395
2026-08-20T18:23:15.732490176Z GetCartAsync called with userId=cba1eabe-9fa2-4ea5-94da-7b5449b2a8b1
2026-08-20T18:23:15.890697353Z GetCartAsync called with userId=70df1040-b24f-4a7c-be0d-307211fdf697
2026-08-20T18:23:16.070398155Z GetCartAsync called with userId=eced0255-1d22-451f-a10a-ade79d3edfea
2026-08-20T18:23:17.068496557Z GetCartAsync called with userId=b23ae0af-66fc-48c3-982a-ce2e587a4f74
2026-08-20T18:23:17.162204659Z Checking CartService Health
2026-08-20T18:23:17.168310988Z Checking CartService Health
2026-08-20T18:23:17.727388860Z GetCartAsync called with userId=1a181e6f-68e2-4fd1-accf-0d94e94e749b
2026-08-20T18:23:17.913094719Z GetCartAsync called with userId=f1f7dda7-81d8-47cb-ab27-9aab5835a795
2026-08-20T18:23:17.948224708Z AddItemAsync called with userId=f1f7dda7-81d8-47cb-ab27-9aab5835a795, productId=6E92ZMYYFZ, quantity=9
2026-08-20T18:23:17.959413715Z GetCartAsync called with userId=f1f7dda7-81d8-47cb-ab27-9aab5835a795
2026-08-20T18:23:18.128874805Z GetCartAsync called with userId=8494152f-8303-4d94-92cf-65c48088bbe8
2026-08-20T18:23:19.049126287Z GetCartAsync called with userId=8870cb35-48e5-45ab-94ac-5eb0b9d3dc41
2026-08-20T18:23:19.049171095Z GetCartAsync called with userId=e35cdbc1-2ed0-4bec-bc66-901678ac7395
2026-08-20T18:23:19.581759090Z GetCartAsync called with userId=11b93b3f-3a87-4cb6-881f-9bf889b50835
2026-08-20T18:23:19.631994254Z GetCartAsync called with userId=ed2bd629-462b-4498-b459-53ecfb2738ff
2026-08-20T18:23:19.653894887Z AddItemAsync called with userId=ed2bd629-462b-4498-b459-53ecfb2738ff, productId=L9ECAV7KIM, quantity=9
2026-08-20T18:23:19.662355429Z GetCartAsync called with userId=ed2bd629-462b-4498-b459-53ecfb2738ff
2026-08-20T18:23:19.808859805Z GetCartAsync called with userId=f1f7dda7-81d8-47cb-ab27-9aab5835a795
2026-08-20T18:23:20.107865579Z GetCartAsync called with userId=8494152f-8303-4d94-92cf-65c48088bbe8
2026-08-20T18:23:20.190843025Z GetCartAsync called with userId=13964ae0-2c1b-42fd-9617-4df3670f57f2
2026-08-20T18:23:22.427526431Z GetCartAsync called with userId=6fa6405a-d852-42c5-817f-c0cd16c5c2e8
2026-08-20T18:23:22.541745302Z GetCartAsync called with userId=0728d167-2761-48a1-aeec-e206b6deb841
2026-08-20T18:23:22.894424827Z GetCartAsync called with userId=b23ae0af-66fc-48c3-982a-ce2e587a4f74
2026-08-20T18:23:23.121115973Z GetCartAsync called with userId=11b93b3f-3a87-4cb6-881f-9bf889b50835
2026-08-20T18:23:23.557637290Z GetCartAsync called with userId=a582456c-5e50-4b48-9272-8e09a6ab3449
2026-08-20T18:23:24.217679113Z GetCartAsync called with userId=6fa6405a-d852-42c5-817f-c0cd16c5c2e8
2026-08-20T18:23:24.437667416Z GetCartAsync called with userId=70df1040-b24f-4a7c-be0d-307211fdf697
2026-08-20T18:23:24.774246695Z GetCartAsync called with userId=b23ae0af-66fc-48c3-982a-ce2e587a4f74
2026-08-20T18:23:25.109028868Z GetCartAsync called with userId=8870cb35-48e5-45ab-94ac-5eb0b9d3dc41
2026-08-20T18:23:25.446824155Z GetCartAsync called with userId=cba1eabe-9fa2-4ea5-94da-7b5449b2a8b1
2026-08-20T18:23:25.537049337Z GetCartAsync called with userId=eced0255-1d22-451f-a10a-ade79d3edfea
2026-08-20T18:23:25.903846018Z GetCartAsync called with userId=13964ae0-2c1b-42fd-9617-4df3670f57f2
2026-08-20T18:23:26.562204843Z GetCartAsync called with userId=8494152f-8303-4d94-92cf-65c48088bbe8
2026-08-20T18:23:27.155220420Z GetCartAsync called with userId=1a181e6f-68e2-4fd1-accf-0d94e94e749b
2026-08-20T18:23:27.163024652Z Checking CartService Health
2026-08-20T18:23:27.170567539Z Checking CartService Health
2026-08-20T18:23:27.350789787Z GetCartAsync called with userId=e35cdbc1-2ed0-4bec-bc66-901678ac7395
2026-08-20T18:23:28.363054294Z GetCartAsync called with userId=ed2bd629-462b-4498-b459-53ecfb2738ff
2026-08-20T18:23:29.068895221Z GetCartAsync called with userId=13964ae0-2c1b-42fd-9617-4df3670f57f2
2026-08-20T18:23:29.130218683Z GetCartAsync called with userId=0728d167-2761-48a1-aeec-e206b6deb841
2026-08-20T18:23:29.140210688Z AddItemAsync called with userId=0728d167-2761-48a1-aeec-e206b6deb841, productId=6E92ZMYYFZ, quantity=6
2026-08-20T18:23:29.143471645Z GetCartAsync called with userId=0728d167-2761-48a1-aeec-e206b6deb841
2026-08-20T18:23:29.401873832Z GetCartAsync called with userId=70df1040-b24f-4a7c-be0d-307211fdf697
2026-08-20T18:23:29.555392024Z AddItemAsync called with userId=70df1040-b24f-4a7c-be0d-307211fdf697, productId=LS4PSXUNUM, quantity=5
2026-08-20T18:23:29.556389494Z GetCartAsync called with userId=f1f7dda7-81d8-47cb-ab27-9aab5835a795
2026-08-20T18:23:29.628987381Z GetCartAsync called with userId=70df1040-b24f-4a7c-be0d-307211fdf697
2026-08-20T18:23:29.629704703Z GetCartAsync called with userId=e35cdbc1-2ed0-4bec-bc66-901678ac7395
2026-08-20T18:23:30.750570939Z GetCartAsync called with userId=a582456c-5e50-4b48-9272-8e09a6ab3449
2026-08-20T18:23:31.270870409Z GetCartAsync called with userId=b23ae0af-66fc-48c3-982a-ce2e587a4f74
2026-08-20T18:23:31.287510148Z AddItemAsync called with userId=b23ae0af-66fc-48c3-982a-ce2e587a4f74, productId=L9ECAV7KIM, quantity=1
2026-08-20T18:23:31.295177556Z GetCartAsync called with userId=b23ae0af-66fc-48c3-982a-ce2e587a4f74
2026-08-20T18:23:31.358978442Z GetCartAsync called with userId=b23ae0af-66fc-48c3-982a-ce2e587a4f74
2026-08-20T18:23:31.376792681Z EmptyCartAsync called with userId=b23ae0af-66fc-48c3-982a-ce2e587a4f74
2026-08-20T18:23:31.679514830Z GetCartAsync called with userId=eced0255-1d22-451f-a10a-ade79d3edfea
2026-08-20T18:23:31.847440280Z GetCartAsync called with userId=8870cb35-48e5-45ab-94ac-5eb0b9d3dc41
2026-08-20T18:23:32.025117895Z GetCartAsync called with userId=0728d167-2761-48a1-aeec-e206b6deb841
2026-08-20T18:23:33.582854018Z GetCartAsync called with userId=8494152f-8303-4d94-92cf-65c48088bbe8
2026-08-20T18:23:34.228878157Z GetCartAsync called with userId=1a181e6f-68e2-4fd1-accf-0d94e94e749b
2026-08-20T18:23:35.281859935Z GetCartAsync called with userId=6fa6405a-d852-42c5-817f-c0cd16c5c2e8
2026-08-20T18:23:35.686757234Z GetCartAsync called with userId=8494152f-8303-4d94-92cf-65c48088bbe8
2026-08-20T18:23:35.815350581Z AddItemAsync called with userId=8494152f-8303-4d94-92cf-65c48088bbe8, productId=LS4PSXUNUM, quantity=3
2026-08-20T18:23:35.818269163Z GetCartAsync called with userId=8494152f-8303-4d94-92cf-65c48088bbe8
2026-08-20T18:23:35.834628566Z GetCartAsync called with userId=8494152f-8303-4d94-92cf-65c48088bbe8
2026-08-20T18:23:35.844293363Z EmptyCartAsync called with userId=8494152f-8303-4d94-92cf-65c48088bbe8
2026-08-20T18:23:36.391609593Z GetCartAsync called with userId=70df1040-b24f-4a7c-be0d-307211fdf697
2026-08-20T18:23:36.402407377Z AddItemAsync called with userId=70df1040-b24f-4a7c-be0d-307211fdf697, productId=9SIQT8TOJO, quantity=7
2026-08-20T18:23:36.407262379Z GetCartAsync called with userId=70df1040-b24f-4a7c-be0d-307211fdf697
2026-08-20T18:23:36.474717425Z GetCartAsync called with userId=f1f7dda7-81d8-47cb-ab27-9aab5835a795
2026-08-20T18:23:36.486765515Z AddItemAsync called with userId=f1f7dda7-81d8-47cb-ab27-9aab5835a795, productId=1YMWWN1N4O, quantity=1
2026-08-20T18:23:36.491527902Z GetCartAsync called with userId=f1f7dda7-81d8-47cb-ab27-9aab5835a795
2026-08-20T18:23:36.501196200Z GetCartAsync called with userId=cba1eabe-9fa2-4ea5-94da-7b5449b2a8b1
2026-08-20T18:23:36.510745077Z GetCartAsync called with userId=f1f7dda7-81d8-47cb-ab27-9aab5835a795
2026-08-20T18:23:36.527276609Z EmptyCartAsync called with userId=f1f7dda7-81d8-47cb-ab27-9aab5835a795
2026-08-20T18:23:36.608645853Z GetCartAsync called with userId=ed2bd629-462b-4498-b459-53ecfb2738ff
2026-08-20T18:23:36.785106208Z GetCartAsync called with userId=e35cdbc1-2ed0-4bec-bc66-901678ac7395
2026-08-20T18:23:37.111620456Z GetCartAsync called with userId=11b93b3f-3a87-4cb6-881f-9bf889b50835
2026-08-20T18:23:37.161286863Z Checking CartService Health
2026-08-20T18:23:37.165807810Z Checking CartService Health
2026-08-20T18:23:37.392755007Z GetCartAsync called with userId=13964ae0-2c1b-42fd-9617-4df3670f57f2
2026-08-20T18:23:37.444169302Z GetCartAsync called with userId=0728d167-2761-48a1-aeec-e206b6deb841
2026-08-20T18:23:37.685353351Z GetCartAsync called with userId=b23ae0af-66fc-48c3-982a-ce2e587a4f74
2026-08-20T18:23:38.063834485Z GetCartAsync called with userId=e35cdbc1-2ed0-4bec-bc66-901678ac7395
2026-08-20T18:23:38.345690955Z GetCartAsync called with userId=a582456c-5e50-4b48-9272-8e09a6ab3449
2026-08-20T18:23:39.776189308Z GetCartAsync called with userId=8870cb35-48e5-45ab-94ac-5eb0b9d3dc41
2026-08-20T18:23:39.890452787Z GetCartAsync called with userId=13964ae0-2c1b-42fd-9617-4df3670f57f2
2026-08-20T18:23:40.305436353Z GetCartAsync called with userId=11b93b3f-3a87-4cb6-881f-9bf889b50835
2026-08-20T18:23:40.422239951Z GetCartAsync called with userId=eced0255-1d22-451f-a10a-ade79d3edfea
2026-08-20T18:23:40.840483855Z GetCartAsync called with userId=8494152f-8303-4d94-92cf-65c48088bbe8
2026-08-20T18:23:41.392409647Z GetCartAsync called with userId=11b93b3f-3a87-4cb6-881f-9bf889b50835
2026-08-20T18:23:41.485763671Z GetCartAsync called with userId=b23ae0af-66fc-48c3-982a-ce2e587a4f74
2026-08-20T18:23:42.003384926Z GetCartAsync called with userId=6fa6405a-d852-42c5-817f-c0cd16c5c2e8
2026-08-20T18:23:42.060520545Z AddItemAsync called with userId=6fa6405a-d852-42c5-817f-c0cd16c5c2e8, productId=L9ECAV7KIM, quantity=1
2026-08-20T18:23:42.132407795Z GetCartAsync called with userId=6fa6405a-d852-42c5-817f-c0cd16c5c2e8
2026-08-20T18:23:42.350097979Z GetCartAsync called with userId=6fa6405a-d852-42c5-817f-c0cd16c5c2e8
2026-08-20T18:23:42.353007659Z GetCartAsync called with userId=1a181e6f-68e2-4fd1-accf-0d94e94e749b
2026-08-20T18:23:42.439509818Z EmptyCartAsync called with userId=6fa6405a-d852-42c5-817f-c0cd16c5c2e8
2026-08-20T18:23:42.712762462Z GetCartAsync called with userId=a582456c-5e50-4b48-9272-8e09a6ab3449
2026-08-20T18:23:43.611560622Z GetCartAsync called with userId=cba1eabe-9fa2-4ea5-94da-7b5449b2a8b1
2026-08-20T18:23:43.624041479Z AddItemAsync called with userId=cba1eabe-9fa2-4ea5-94da-7b5449b2a8b1, productId=2ZYFJ3GM2N, quantity=3
2026-08-20T18:23:43.628298981Z GetCartAsync called with userId=cba1eabe-9fa2-4ea5-94da-7b5449b2a8b1
2026-08-20T18:23:43.645983996Z GetCartAsync called with userId=cba1eabe-9fa2-4ea5-94da-7b5449b2a8b1
2026-08-20T18:23:43.658553368Z EmptyCartAsync called with userId=cba1eabe-9fa2-4ea5-94da-7b5449b2a8b1
2026-08-20T18:23:43.997503042Z GetCartAsync called with userId=1a181e6f-68e2-4fd1-accf-0d94e94e749b
2026-08-20T18:23:44.333884792Z GetCartAsync called with userId=b23ae0af-66fc-48c3-982a-ce2e587a4f74
2026-08-20T18:23:44.513967277Z GetCartAsync called with userId=ed2bd629-462b-4498-b459-53ecfb2738ff
2026-08-20T18:23:44.530681632Z AddItemAsync called with userId=ed2bd629-462b-4498-b459-53ecfb2738ff, productId=66VCHSJNUP, quantity=10
2026-08-20T18:23:44.535842583Z GetCartAsync called with userId=ed2bd629-462b-4498-b459-53ecfb2738ff
2026-08-20T18:23:44.867582768Z GetCartAsync called with userId=6fa6405a-d852-42c5-817f-c0cd16c5c2e8
2026-08-20T18:23:45.397308189Z GetCartAsync called with userId=a582456c-5e50-4b48-9272-8e09a6ab3449
2026-08-20T18:23:45.952709943Z GetCartAsync called with userId=70df1040-b24f-4a7c-be0d-307211fdf697
2026-08-20T18:23:45.967374060Z AddItemAsync called with userId=70df1040-b24f-4a7c-be0d-307211fdf697, productId=6E92ZMYYFZ, quantity=4
2026-08-20T18:23:45.973012290Z GetCartAsync called with userId=70df1040-b24f-4a7c-be0d-307211fdf697
2026-08-20T18:23:46.220948360Z GetCartAsync called with userId=11b93b3f-3a87-4cb6-881f-9bf889b50835
2026-08-20T18:23:46.303686699Z GetCartAsync called with userId=f1f7dda7-81d8-47cb-ab27-9aab5835a795
2026-08-20T18:23:46.316416497Z GetCartAsync called with userId=8870cb35-48e5-45ab-94ac-5eb0b9d3dc41
2026-08-20T18:23:46.886324942Z GetCartAsync called with userId=e35cdbc1-2ed0-4bec-bc66-901678ac7395
2026-08-20T18:23:47.160881901Z Checking CartService Health
2026-08-20T18:23:47.166451319Z Checking CartService Health
2026-08-20T18:23:47.760225898Z GetCartAsync called with userId=b23ae0af-66fc-48c3-982a-ce2e587a4f74
2026-08-20T18:23:48.439973750Z GetCartAsync called with userId=0728d167-2761-48a1-aeec-e206b6deb841
2026-08-20T18:23:49.438343824Z GetCartAsync called with userId=13964ae0-2c1b-42fd-9617-4df3670f57f2
2026-08-20T18:23:49.552142982Z AddItemAsync called with userId=13964ae0-2c1b-42fd-9617-4df3670f57f2, productId=OLJCESPC7Z, quantity=7
2026-08-20T18:23:49.560581473Z GetCartAsync called with userId=13964ae0-2c1b-42fd-9617-4df3670f57f2
2026-08-20T18:23:50.160781449Z GetCartAsync called with userId=8494152f-8303-4d94-92cf-65c48088bbe8
2026-08-20T18:23:50.187067269Z GetCartAsync called with userId=b23ae0af-66fc-48c3-982a-ce2e587a4f74
2026-08-20T18:23:50.187153981Z GetCartAsync called with userId=1a181e6f-68e2-4fd1-accf-0d94e94e749b
2026-08-20T18:23:50.296911194Z GetCartAsync called with userId=70df1040-b24f-4a7c-be0d-307211fdf697
2026-08-20T18:23:51.901579247Z GetCartAsync called with userId=eced0255-1d22-451f-a10a-ade79d3edfea
2026-08-20T18:23:52.219390708Z GetCartAsync called with userId=ed2bd629-462b-4498-b459-53ecfb2738ff
2026-08-20T18:23:52.402067062Z GetCartAsync called with userId=cba1eabe-9fa2-4ea5-94da-7b5449b2a8b1
2026-08-20T18:23:53.414562777Z GetCartAsync called with userId=f1f7dda7-81d8-47cb-ab27-9aab5835a795
2026-08-20T18:23:53.575278406Z GetCartAsync called with userId=6fa6405a-d852-42c5-817f-c0cd16c5c2e8
2026-08-20T18:23:53.735499768Z GetCartAsync called with userId=a582456c-5e50-4b48-9272-8e09a6ab3449
2026-08-20T18:23:54.557409840Z GetCartAsync called with userId=8870cb35-48e5-45ab-94ac-5eb0b9d3dc41
2026-08-20T18:23:54.658336837Z AddItemAsync called with userId=8870cb35-48e5-45ab-94ac-5eb0b9d3dc41, productId=66VCHSJNUP, quantity=8
2026-08-20T18:23:54.663917906Z GetCartAsync called with userId=8870cb35-48e5-45ab-94ac-5eb0b9d3dc41
2026-08-20T18:23:55.145880769Z GetCartAsync called with userId=1a181e6f-68e2-4fd1-accf-0d94e94e749b
2026-08-20T18:23:55.160146034Z GetCartAsync called with userId=11b93b3f-3a87-4cb6-881f-9bf889b50835
2026-08-20T18:23:56.050772168Z GetCartAsync called with userId=13964ae0-2c1b-42fd-9617-4df3670f57f2
2026-08-20T18:23:56.073012230Z GetCartAsync called with userId=b23ae0af-66fc-48c3-982a-ce2e587a4f74
2026-08-20T18:23:56.816063044Z GetCartAsync called with userId=6fa6405a-d852-42c5-817f-c0cd16c5c2e8
2026-08-20T18:23:56.878655463Z GetCartAsync called with userId=0728d167-2761-48a1-aeec-e206b6deb841
2026-08-20T18:23:57.162189304Z Checking CartService Health
2026-08-20T18:23:57.237334251Z Checking CartService Health
2026-08-20T18:23:57.634463350Z GetCartAsync called with userId=8494152f-8303-4d94-92cf-65c48088bbe8
2026-08-20T18:23:57.931538337Z GetCartAsync called with userId=70df1040-b24f-4a7c-be0d-307211fdf697
2026-08-20T18:23:58.459113682Z GetCartAsync called with userId=b23ae0af-66fc-48c3-982a-ce2e587a4f74
2026-08-20T18:23:58.985459852Z GetCartAsync called with userId=ed2bd629-462b-4498-b459-53ecfb2738ff
2026-08-20T18:23:59.636220556Z GetCartAsync called with userId=e35cdbc1-2ed0-4bec-bc66-901678ac7395
2026-08-20T18:23:59.728131821Z GetCartAsync called with userId=eced0255-1d22-451f-a10a-ade79d3edfea
2026-08-20T18:24:00.003437591Z GetCartAsync called with userId=1a181e6f-68e2-4fd1-accf-0d94e94e749b
2026-08-20T18:24:00.218033284Z GetCartAsync called with userId=13964ae0-2c1b-42fd-9617-4df3670f57f2
2026-08-20T18:24:00.233041293Z AddItemAsync called with userId=13964ae0-2c1b-42fd-9617-4df3670f57f2, productId=9SIQT8TOJO, quantity=3
2026-08-20T18:24:00.239607791Z GetCartAsync called with userId=13964ae0-2c1b-42fd-9617-4df3670f57f2
2026-08-20T18:24:00.419907108Z GetCartAsync called with userId=f1f7dda7-81d8-47cb-ab27-9aab5835a795
2026-08-20T18:24:00.605746660Z GetCartAsync called with userId=cba1eabe-9fa2-4ea5-94da-7b5449b2a8b1
2026-08-20T18:24:00.981799230Z GetCartAsync called with userId=8494152f-8303-4d94-92cf-65c48088bbe8
2026-08-20T18:24:01.054475531Z AddItemAsync called with userId=8494152f-8303-4d94-92cf-65c48088bbe8, productId=66VCHSJNUP, quantity=2
2026-08-20T18:24:01.148784641Z GetCartAsync called with userId=8494152f-8303-4d94-92cf-65c48088bbe8
2026-08-20T18:24:01.463815216Z GetCartAsync called with userId=8870cb35-48e5-45ab-94ac-5eb0b9d3dc41
2026-08-20T18:24:01.766361035Z GetCartAsync called with userId=0728d167-2761-48a1-aeec-e206b6deb841
2026-08-20T18:24:02.449590135Z GetCartAsync called with userId=a582456c-5e50-4b48-9272-8e09a6ab3449
2026-08-20T18:24:02.531477693Z GetCartAsync called with userId=70df1040-b24f-4a7c-be0d-307211fdf697
2026-08-20T18:24:03.348655573Z GetCartAsync called with userId=f1f7dda7-81d8-47cb-ab27-9aab5835a795
2026-08-20T18:24:03.510013343Z GetCartAsync called with userId=8494152f-8303-4d94-92cf-65c48088bbe8
2026-08-20T18:24:03.828278417Z GetCartAsync called with userId=e35cdbc1-2ed0-4bec-bc66-901678ac7395
2026-08-20T18:24:03.843514851Z AddItemAsync called with userId=e35cdbc1-2ed0-4bec-bc66-901678ac7395, productId=2ZYFJ3GM2N, quantity=8
2026-08-20T18:24:03.847848872Z GetCartAsync called with userId=e35cdbc1-2ed0-4bec-bc66-901678ac7395
2026-08-20T18:24:04.128720783Z GetCartAsync called with userId=13964ae0-2c1b-42fd-9617-4df3670f57f2
2026-08-20T18:24:04.389598169Z GetCartAsync called with userId=70df1040-b24f-4a7c-be0d-307211fdf697
2026-08-20T18:24:04.479762464Z GetCartAsync called with userId=11b93b3f-3a87-4cb6-881f-9bf889b50835
2026-08-20T18:24:04.748594573Z GetCartAsync called with userId=b23ae0af-66fc-48c3-982a-ce2e587a4f74
2026-08-20T18:24:05.930498099Z GetCartAsync called with userId=6fa6405a-d852-42c5-817f-c0cd16c5c2e8
2026-08-20T18:24:05.963348229Z GetCartAsync called with userId=8870cb35-48e5-45ab-94ac-5eb0b9d3dc41
2026-08-20T18:24:06.024081297Z GetCartAsync called with userId=ed2bd629-462b-4498-b459-53ecfb2738ff
2026-08-20T18:24:06.610471347Z GetCartAsync called with userId=cba1eabe-9fa2-4ea5-94da-7b5449b2a8b1
2026-08-20T18:24:07.152278799Z Checking CartService Health
2026-08-20T18:24:07.159617967Z Checking CartService Health
2026-08-20T18:24:07.949439002Z GetCartAsync called with userId=70df1040-b24f-4a7c-be0d-307211fdf697
2026-08-20T18:24:08.208915309Z GetCartAsync called with userId=13964ae0-2c1b-42fd-9617-4df3670f57f2
2026-08-20T18:24:08.321763573Z GetCartAsync called with userId=e35cdbc1-2ed0-4bec-bc66-901678ac7395
2026-08-20T18:24:08.581118561Z GetCartAsync called with userId=eced0255-1d22-451f-a10a-ade79d3edfea
2026-08-20T18:24:08.706556830Z GetCartAsync called with userId=ed2bd629-462b-4498-b459-53ecfb2738ff
2026-08-20T18:24:09.518483884Z GetCartAsync called with userId=b23ae0af-66fc-48c3-982a-ce2e587a4f74
2026-08-20T18:24:09.891082599Z GetCartAsync called with userId=1a181e6f-68e2-4fd1-accf-0d94e94e749b
2026-08-20T18:24:10.047017023Z GetCartAsync called with userId=11b93b3f-3a87-4cb6-881f-9bf889b50835
2026-08-20T18:24:10.419982496Z GetCartAsync called with userId=a582456c-5e50-4b48-9272-8e09a6ab3449
2026-08-20T18:24:10.757647150Z GetCartAsync called with userId=13964ae0-2c1b-42fd-9617-4df3670f57f2
2026-08-20T18:24:11.445019476Z GetCartAsync called with userId=e35cdbc1-2ed0-4bec-bc66-901678ac7395
2026-08-20T18:24:11.455143287Z AddItemAsync called with userId=e35cdbc1-2ed0-4bec-bc66-901678ac7395, productId=9SIQT8TOJO, quantity=6
2026-08-20T18:24:11.458383903Z GetCartAsync called with userId=e35cdbc1-2ed0-4bec-bc66-901678ac7395
2026-08-20T18:24:11.474285235Z GetCartAsync called with userId=ed2bd629-462b-4498-b459-53ecfb2738ff
2026-08-20T18:24:11.562553686Z GetCartAsync called with userId=0728d167-2761-48a1-aeec-e206b6deb841
2026-08-20T18:24:11.772097444Z GetCartAsync called with userId=f1f7dda7-81d8-47cb-ab27-9aab5835a795
2026-08-20T18:24:11.850082459Z AddItemAsync called with userId=f1f7dda7-81d8-47cb-ab27-9aab5835a795, productId=1YMWWN1N4O, quantity=4
2026-08-20T18:24:11.856549889Z GetCartAsync called with userId=f1f7dda7-81d8-47cb-ab27-9aab5835a795
2026-08-20T18:24:11.960010759Z GetCartAsync called with userId=11b93b3f-3a87-4cb6-881f-9bf889b50835
2026-08-20T18:24:12.841404971Z GetCartAsync called with userId=a582456c-5e50-4b48-9272-8e09a6ab3449
2026-08-20T18:24:13.055313824Z GetCartAsync called with userId=8494152f-8303-4d94-92cf-65c48088bbe8
2026-08-20T18:24:13.276235894Z GetCartAsync called with userId=8870cb35-48e5-45ab-94ac-5eb0b9d3dc41
2026-08-20T18:24:13.788511836Z GetCartAsync called with userId=0728d167-2761-48a1-aeec-e206b6deb841
2026-08-20T18:24:15.199490108Z GetCartAsync called with userId=eced0255-1d22-451f-a10a-ade79d3edfea
2026-08-20T18:24:15.259764481Z GetCartAsync called with userId=f1f7dda7-81d8-47cb-ab27-9aab5835a795
2026-08-20T18:24:16.249986632Z GetCartAsync called with userId=b23ae0af-66fc-48c3-982a-ce2e587a4f74
2026-08-20T18:24:17.114417167Z GetCartAsync called with userId=1a181e6f-68e2-4fd1-accf-0d94e94e749b
2026-08-20T18:24:17.151950878Z Checking CartService Health
2026-08-20T18:24:17.157519199Z Checking CartService Health
2026-08-20T18:24:17.178851129Z GetCartAsync called with userId=70df1040-b24f-4a7c-be0d-307211fdf697
2026-08-20T18:24:17.348705234Z GetCartAsync called with userId=ed2bd629-462b-4498-b459-53ecfb2738ff
2026-08-20T18:24:18.021656786Z GetCartAsync called with userId=13964ae0-2c1b-42fd-9617-4df3670f57f2
2026-08-20T18:24:18.136638912Z GetCartAsync called with userId=8870cb35-48e5-45ab-94ac-5eb0b9d3dc41
2026-08-20T18:24:18.471579634Z GetCartAsync called with userId=eced0255-1d22-451f-a10a-ade79d3edfea
2026-08-20T18:24:18.556896051Z AddItemAsync called with userId=eced0255-1d22-451f-a10a-ade79d3edfea, productId=LS4PSXUNUM, quantity=7
2026-08-20T18:24:18.562417065Z GetCartAsync called with userId=eced0255-1d22-451f-a10a-ade79d3edfea
2026-08-20T18:24:19.192796172Z GetCartAsync called with userId=e35cdbc1-2ed0-4bec-bc66-901678ac7395
2026-08-20T18:24:19.686830219Z GetCartAsync called with userId=70df1040-b24f-4a7c-be0d-307211fdf697
2026-08-20T18:24:19.698000968Z GetCartAsync called with userId=cba1eabe-9fa2-4ea5-94da-7b5449b2a8b1
2026-08-20T18:24:19.781596100Z GetCartAsync called with userId=6fa6405a-d852-42c5-817f-c0cd16c5c2e8
2026-08-20T18:24:20.405755078Z GetCartAsync called with userId=8494152f-8303-4d94-92cf-65c48088bbe8
2026-08-20T18:24:20.647362157Z GetCartAsync called with userId=f1f7dda7-81d8-47cb-ab27-9aab5835a795
2026-08-20T18:24:21.012272538Z GetCartAsync called with userId=0728d167-2761-48a1-aeec-e206b6deb841
2026-08-20T18:24:21.086975899Z GetCartAsync called with userId=11b93b3f-3a87-4cb6-881f-9bf889b50835
2026-08-20T18:24:21.367683847Z GetCartAsync called with userId=b23ae0af-66fc-48c3-982a-ce2e587a4f74
2026-08-20T18:24:21.837831258Z GetCartAsync called with userId=eced0255-1d22-451f-a10a-ade79d3edfea
2026-08-20T18:24:22.469286396Z GetCartAsync called with userId=e35cdbc1-2ed0-4bec-bc66-901678ac7395
2026-08-20T18:24:22.627093621Z GetCartAsync called with userId=a582456c-5e50-4b48-9272-8e09a6ab3449
2026-08-20T18:24:22.634772793Z GetCartAsync called with userId=ed2bd629-462b-4498-b459-53ecfb2738ff
2026-08-20T18:24:23.538221759Z GetCartAsync called with userId=8870cb35-48e5-45ab-94ac-5eb0b9d3dc41
2026-08-20T18:24:23.616658445Z AddItemAsync called with userId=8870cb35-48e5-45ab-94ac-5eb0b9d3dc41, productId=9SIQT8TOJO, quantity=5
2026-08-20T18:24:23.621697479Z GetCartAsync called with userId=8870cb35-48e5-45ab-94ac-5eb0b9d3dc41
2026-08-20T18:24:24.673650430Z GetCartAsync called with userId=70df1040-b24f-4a7c-be0d-307211fdf697
2026-08-20T18:24:24.734362081Z GetCartAsync called with userId=ed2bd629-462b-4498-b459-53ecfb2738ff
2026-08-20T18:24:25.123189652Z GetCartAsync called with userId=b23ae0af-66fc-48c3-982a-ce2e587a4f74
2026-08-20T18:24:25.233109449Z GetCartAsync called with userId=8870cb35-48e5-45ab-94ac-5eb0b9d3dc41
2026-08-20T18:24:25.373944765Z AddItemAsync called with userId=8870cb35-48e5-45ab-94ac-5eb0b9d3dc41, productId=9SIQT8TOJO, quantity=4
2026-08-20T18:24:25.378477215Z GetCartAsync called with userId=8870cb35-48e5-45ab-94ac-5eb0b9d3dc41
2026-08-20T18:24:25.564044636Z GetCartAsync called with userId=e35cdbc1-2ed0-4bec-bc66-901678ac7395
2026-08-20T18:24:26.630736627Z GetCartAsync called with userId=1a181e6f-68e2-4fd1-accf-0d94e94e749b
2026-08-20T18:24:26.943261966Z GetCartAsync called with userId=6fa6405a-d852-42c5-817f-c0cd16c5c2e8
2026-08-20T18:24:27.108212074Z GetCartAsync called with userId=11b93b3f-3a87-4cb6-881f-9bf889b50835
2026-08-20T18:24:27.151740980Z Checking CartService Health
2026-08-20T18:24:27.157778780Z Checking CartService Health
2026-08-20T18:24:27.247909601Z AddItemAsync called with userId=11b93b3f-3a87-4cb6-881f-9bf889b50835, productId=2ZYFJ3GM2N, quantity=10
2026-08-20T18:24:27.251047420Z GetCartAsync called with userId=11b93b3f-3a87-4cb6-881f-9bf889b50835
2026-08-20T18:24:27.447691875Z GetCartAsync called with userId=eced0255-1d22-451f-a10a-ade79d3edfea
2026-08-20T18:24:27.513676399Z GetCartAsync called with userId=f1f7dda7-81d8-47cb-ab27-9aab5835a795
2026-08-20T18:24:27.638735102Z GetCartAsync called with userId=13964ae0-2c1b-42fd-9617-4df3670f57f2
2026-08-20T18:24:27.740006868Z GetCartAsync called with userId=b23ae0af-66fc-48c3-982a-ce2e587a4f74
2026-08-20T18:24:28.095369398Z GetCartAsync called with userId=8870cb35-48e5-45ab-94ac-5eb0b9d3dc41
2026-08-20T18:24:28.337497583Z GetCartAsync called with userId=8494152f-8303-4d94-92cf-65c48088bbe8
2026-08-20T18:24:28.575111220Z AddItemAsync called with userId=8494152f-8303-4d94-92cf-65c48088bbe8, productId=LS4PSXUNUM, quantity=5
2026-08-20T18:24:28.578999264Z GetCartAsync called with userId=8494152f-8303-4d94-92cf-65c48088bbe8
2026-08-20T18:24:28.877454373Z GetCartAsync called with userId=6fa6405a-d852-42c5-817f-c0cd16c5c2e8
2026-08-20T18:24:29.297177759Z GetCartAsync called with userId=b23ae0af-66fc-48c3-982a-ce2e587a4f74
2026-08-20T18:24:29.535480210Z GetCartAsync called with userId=ed2bd629-462b-4498-b459-53ecfb2738ff
2026-08-20T18:24:29.638562775Z GetCartAsync called with userId=0728d167-2761-48a1-aeec-e206b6deb841
2026-08-20T18:24:30.019217096Z GetCartAsync called with userId=13964ae0-2c1b-42fd-9617-4df3670f57f2
2026-08-20T18:24:30.571134054Z GetCartAsync called with userId=a582456c-5e50-4b48-9272-8e09a6ab3449
2026-08-20T18:24:30.699123663Z GetCartAsync called with userId=e35cdbc1-2ed0-4bec-bc66-901678ac7395
2026-08-20T18:24:31.106506898Z GetCartAsync called with userId=cba1eabe-9fa2-4ea5-94da-7b5449b2a8b1
2026-08-20T18:24:32.071612141Z GetCartAsync called with userId=b23ae0af-66fc-48c3-982a-ce2e587a4f74
2026-08-20T18:24:32.892229865Z GetCartAsync called with userId=70df1040-b24f-4a7c-be0d-307211fdf697
2026-08-20T18:24:33.062688902Z GetCartAsync called with userId=6fa6405a-d852-42c5-817f-c0cd16c5c2e8
2026-08-20T18:24:33.809662055Z GetCartAsync called with userId=f1f7dda7-81d8-47cb-ab27-9aab5835a795
2026-08-20T18:24:34.853386282Z GetCartAsync called with userId=8494152f-8303-4d94-92cf-65c48088bbe8
2026-08-20T18:24:34.900548912Z GetCartAsync called with userId=eced0255-1d22-451f-a10a-ade79d3edfea
2026-08-20T18:24:35.905022849Z GetCartAsync called with userId=1a181e6f-68e2-4fd1-accf-0d94e94e749b
2026-08-20T18:24:36.028428461Z GetCartAsync called with userId=a582456c-5e50-4b48-9272-8e09a6ab3449
2026-08-20T18:24:36.132660848Z GetCartAsync called with userId=e35cdbc1-2ed0-4bec-bc66-901678ac7395
2026-08-20T18:24:36.399638340Z GetCartAsync called with userId=8870cb35-48e5-45ab-94ac-5eb0b9d3dc41
2026-08-20T18:24:36.728644002Z GetCartAsync called with userId=13964ae0-2c1b-42fd-9617-4df3670f57f2
2026-08-20T18:24:36.879381065Z GetCartAsync called with userId=11b93b3f-3a87-4cb6-881f-9bf889b50835
2026-08-20T18:24:37.091351698Z AddItemAsync called with userId=11b93b3f-3a87-4cb6-881f-9bf889b50835, productId=0PUK6V6EV0, quantity=7
2026-08-20T18:24:37.099732375Z GetCartAsync called with userId=11b93b3f-3a87-4cb6-881f-9bf889b50835
2026-08-20T18:24:37.150564628Z Checking CartService Health
2026-08-20T18:24:37.156613122Z Checking CartService Health
2026-08-20T18:24:37.240224462Z GetCartAsync called with userId=ed2bd629-462b-4498-b459-53ecfb2738ff
2026-08-20T18:24:37.479954457Z GetCartAsync called with userId=0728d167-2761-48a1-aeec-e206b6deb841
2026-08-20T18:24:37.938911495Z GetCartAsync called with userId=a582456c-5e50-4b48-9272-8e09a6ab3449
2026-08-20T18:24:38.305288960Z GetCartAsync called with userId=cba1eabe-9fa2-4ea5-94da-7b5449b2a8b1
2026-08-20T18:24:39.114073147Z GetCartAsync called with userId=70df1040-b24f-4a7c-be0d-307211fdf697
2026-08-20T18:24:39.301494662Z GetCartAsync called with userId=8870cb35-48e5-45ab-94ac-5eb0b9d3dc41
2026-08-20T18:24:39.314163604Z AddItemAsync called with userId=70df1040-b24f-4a7c-be0d-307211fdf697, productId=66VCHSJNUP, quantity=2
2026-08-20T18:24:39.317614060Z GetCartAsync called with userId=70df1040-b24f-4a7c-be0d-307211fdf697
2026-08-20T18:24:39.553526392Z GetCartAsync called with userId=6fa6405a-d852-42c5-817f-c0cd16c5c2e8
2026-08-20T18:24:40.020575687Z GetCartAsync called with userId=f1f7dda7-81d8-47cb-ab27-9aab5835a795
2026-08-20T18:24:40.163249788Z GetCartAsync called with userId=13964ae0-2c1b-42fd-9617-4df3670f57f2
2026-08-20T18:24:41.697655755Z GetCartAsync called with userId=11b93b3f-3a87-4cb6-881f-9bf889b50835
2026-08-20T18:24:41.762926277Z GetCartAsync called with userId=8494152f-8303-4d94-92cf-65c48088bbe8
2026-08-20T18:24:41.918616177Z AddItemAsync called with userId=11b93b3f-3a87-4cb6-881f-9bf889b50835, productId=L9ECAV7KIM, quantity=3
2026-08-20T18:24:41.923588778Z GetCartAsync called with userId=11b93b3f-3a87-4cb6-881f-9bf889b50835
2026-08-20T18:24:41.984734736Z AddItemAsync called with userId=8494152f-8303-4d94-92cf-65c48088bbe8, productId=2ZYFJ3GM2N, quantity=6
2026-08-20T18:24:41.988645066Z GetCartAsync called with userId=8494152f-8303-4d94-92cf-65c48088bbe8
2026-08-20T18:24:42.085195031Z GetCartAsync called with userId=b23ae0af-66fc-48c3-982a-ce2e587a4f74
2026-08-20T18:24:42.223385010Z GetCartAsync called with userId=8494152f-8303-4d94-92cf-65c48088bbe8
2026-08-20T18:24:42.249143762Z EmptyCartAsync called with userId=8494152f-8303-4d94-92cf-65c48088bbe8
2026-08-20T18:24:43.411005270Z GetCartAsync called with userId=0728d167-2761-48a1-aeec-e206b6deb841
2026-08-20T18:24:43.565771320Z GetCartAsync called with userId=a582456c-5e50-4b48-9272-8e09a6ab3449
2026-08-20T18:24:43.857202103Z GetCartAsync called with userId=6fa6405a-d852-42c5-817f-c0cd16c5c2e8
2026-08-20T18:24:43.996993239Z GetCartAsync called with userId=1a181e6f-68e2-4fd1-accf-0d94e94e749b
2026-08-20T18:24:44.433865269Z GetCartAsync called with userId=8870cb35-48e5-45ab-94ac-5eb0b9d3dc41
2026-08-20T18:24:44.666126112Z GetCartAsync called with userId=f1f7dda7-81d8-47cb-ab27-9aab5835a795
2026-08-20T18:24:44.769934348Z GetCartAsync called with userId=eced0255-1d22-451f-a10a-ade79d3edfea
2026-08-20T18:24:45.049182466Z AddItemAsync called with userId=eced0255-1d22-451f-a10a-ade79d3edfea, productId=66VCHSJNUP, quantity=3
2026-08-20T18:24:45.055543892Z GetCartAsync called with userId=eced0255-1d22-451f-a10a-ade79d3edfea
2026-08-20T18:24:45.947796927Z GetCartAsync called with userId=70df1040-b24f-4a7c-be0d-307211fdf697
2026-08-20T18:24:45.976302839Z GetCartAsync called with userId=1a181e6f-68e2-4fd1-accf-0d94e94e749b
2026-08-20T18:24:46.045117732Z GetCartAsync called with userId=ed2bd629-462b-4498-b459-53ecfb2738ff
2026-08-20T18:24:46.319927933Z AddItemAsync called with userId=70df1040-b24f-4a7c-be0d-307211fdf697, productId=2ZYFJ3GM2N, quantity=2
2026-08-20T18:24:46.328125631Z GetCartAsync called with userId=70df1040-b24f-4a7c-be0d-307211fdf697
2026-08-20T18:24:46.330790953Z AddItemAsync called with userId=ed2bd629-462b-4498-b459-53ecfb2738ff, productId=2ZYFJ3GM2N, quantity=1
2026-08-20T18:24:46.334340314Z AddItemAsync called with userId=1a181e6f-68e2-4fd1-accf-0d94e94e749b, productId=0PUK6V6EV0, quantity=3
2026-08-20T18:24:46.336587470Z GetCartAsync called with userId=ed2bd629-462b-4498-b459-53ecfb2738ff
2026-08-20T18:24:46.339721366Z GetCartAsync called with userId=1a181e6f-68e2-4fd1-accf-0d94e94e749b
2026-08-20T18:24:46.681715502Z GetCartAsync called with userId=ed2bd629-462b-4498-b459-53ecfb2738ff
2026-08-20T18:24:46.683990362Z GetCartAsync called with userId=70df1040-b24f-4a7c-be0d-307211fdf697
2026-08-20T18:24:46.693268131Z EmptyCartAsync called with userId=ed2bd629-462b-4498-b459-53ecfb2738ff
2026-08-20T18:24:46.706549733Z EmptyCartAsync called with userId=70df1040-b24f-4a7c-be0d-307211fdf697
2026-08-20T18:24:46.817383777Z GetCartAsync called with userId=8494152f-8303-4d94-92cf-65c48088bbe8
2026-08-20T18:24:47.157700548Z Checking CartService Health
2026-08-20T18:24:47.159307902Z Checking CartService Health
2026-08-20T18:24:47.570934960Z GetCartAsync called with userId=11b93b3f-3a87-4cb6-881f-9bf889b50835
2026-08-20T18:24:47.875450263Z AddItemAsync called with userId=11b93b3f-3a87-4cb6-881f-9bf889b50835, productId=6E92ZMYYFZ, quantity=8
2026-08-20T18:24:47.882853235Z GetCartAsync called with userId=11b93b3f-3a87-4cb6-881f-9bf889b50835
2026-08-20T18:24:48.149152589Z GetCartAsync called with userId=6fa6405a-d852-42c5-817f-c0cd16c5c2e8
2026-08-20T18:24:48.968481784Z GetCartAsync called with userId=13964ae0-2c1b-42fd-9617-4df3670f57f2
2026-08-20T18:24:49.142674757Z GetCartAsync called with userId=eced0255-1d22-451f-a10a-ade79d3edfea
2026-08-20T18:24:49.617204273Z GetCartAsync called with userId=f1f7dda7-81d8-47cb-ab27-9aab5835a795
2026-08-20T18:24:49.813587259Z GetCartAsync called with userId=e35cdbc1-2ed0-4bec-bc66-901678ac7395
2026-08-20T18:24:50.238854776Z GetCartAsync called with userId=b23ae0af-66fc-48c3-982a-ce2e587a4f74
2026-08-20T18:24:51.056212959Z GetCartAsync called with userId=0728d167-2761-48a1-aeec-e206b6deb841
2026-08-20T18:24:51.297501654Z GetCartAsync called with userId=cba1eabe-9fa2-4ea5-94da-7b5449b2a8b1
2026-08-20T18:24:51.328611378Z AddItemAsync called with userId=0728d167-2761-48a1-aeec-e206b6deb841, productId=66VCHSJNUP, quantity=4
2026-08-20T18:24:51.331571247Z GetCartAsync called with userId=0728d167-2761-48a1-aeec-e206b6deb841
2026-08-20T18:24:51.642240624Z GetCartAsync called with userId=0728d167-2761-48a1-aeec-e206b6deb841
2026-08-20T18:24:51.710528634Z EmptyCartAsync called with userId=0728d167-2761-48a1-aeec-e206b6deb841
2026-08-20T18:24:52.503643579Z GetCartAsync called with userId=8870cb35-48e5-45ab-94ac-5eb0b9d3dc41
2026-08-20T18:24:52.721603381Z GetCartAsync called with userId=e35cdbc1-2ed0-4bec-bc66-901678ac7395
2026-08-20T18:24:52.742467684Z GetCartAsync called with userId=f1f7dda7-81d8-47cb-ab27-9aab5835a795
2026-08-20T18:24:52.926361493Z GetCartAsync called with userId=70df1040-b24f-4a7c-be0d-307211fdf697
2026-08-20T18:24:53.049499285Z AddItemAsync called with userId=e35cdbc1-2ed0-4bec-bc66-901678ac7395, productId=9SIQT8TOJO, quantity=1
2026-08-20T18:24:53.066012099Z GetCartAsync called with userId=e35cdbc1-2ed0-4bec-bc66-901678ac7395
2026-08-20T18:24:53.122934809Z GetCartAsync called with userId=1a181e6f-68e2-4fd1-accf-0d94e94e749b
2026-08-20T18:24:53.231269458Z GetCartAsync called with userId=11b93b3f-3a87-4cb6-881f-9bf889b50835
2026-08-20T18:24:53.322505000Z GetCartAsync called with userId=a582456c-5e50-4b48-9272-8e09a6ab3449
2026-08-20T18:24:54.967352829Z GetCartAsync called with userId=ed2bd629-462b-4498-b459-53ecfb2738ff
2026-08-20T18:24:55.246091679Z GetCartAsync called with userId=6fa6405a-d852-42c5-817f-c0cd16c5c2e8
2026-08-20T18:24:55.344523735Z GetCartAsync called with userId=a582456c-5e50-4b48-9272-8e09a6ab3449
2026-08-20T18:24:55.785491234Z GetCartAsync called with userId=70df1040-b24f-4a7c-be0d-307211fdf697
2026-08-20T18:24:56.546883418Z GetCartAsync called with userId=8494152f-8303-4d94-92cf-65c48088bbe8
2026-08-20T18:24:56.963255780Z GetCartAsync called with userId=cba1eabe-9fa2-4ea5-94da-7b5449b2a8b1
2026-08-20T18:24:57.149944845Z GetCartAsync called with userId=6fa6405a-d852-42c5-817f-c0cd16c5c2e8
2026-08-20T18:24:57.165164758Z Checking CartService Health
2026-08-20T18:24:57.168480061Z Checking CartService Health
2026-08-20T18:24:57.281903394Z GetCartAsync called with userId=b23ae0af-66fc-48c3-982a-ce2e587a4f74
2026-08-20T18:24:57.440522294Z GetCartAsync called with userId=a582456c-5e50-4b48-9272-8e09a6ab3449
2026-08-20T18:24:58.259251490Z GetCartAsync called with userId=eced0255-1d22-451f-a10a-ade79d3edfea
2026-08-20T18:24:58.843617676Z GetCartAsync called with userId=13964ae0-2c1b-42fd-9617-4df3670f57f2
2026-08-20T18:24:59.694175608Z GetCartAsync called with userId=f1f7dda7-81d8-47cb-ab27-9aab5835a795
2026-08-20T18:25:00.221778570Z GetCartAsync called with userId=eced0255-1d22-451f-a10a-ade79d3edfea
2026-08-20T18:25:00.829042436Z GetCartAsync called with userId=11b93b3f-3a87-4cb6-881f-9bf889b50835
2026-08-20T18:25:01.922512739Z GetCartAsync called with userId=0728d167-2761-48a1-aeec-e206b6deb841
2026-08-20T18:25:02.325350006Z GetCartAsync called with userId=e35cdbc1-2ed0-4bec-bc66-901678ac7395
2026-08-20T18:25:02.424616680Z GetCartAsync called with userId=a582456c-5e50-4b48-9272-8e09a6ab3449
2026-08-20T18:25:02.424688888Z GetCartAsync called with userId=1a181e6f-68e2-4fd1-accf-0d94e94e749b
2026-08-20T18:25:02.522201739Z GetCartAsync called with userId=8870cb35-48e5-45ab-94ac-5eb0b9d3dc41
2026-08-20T18:25:03.033346992Z AddItemAsync called with userId=a582456c-5e50-4b48-9272-8e09a6ab3449, productId=0PUK6V6EV0, quantity=6
2026-08-20T18:25:03.035499838Z AddItemAsync called with userId=1a181e6f-68e2-4fd1-accf-0d94e94e749b, productId=L9ECAV7KIM, quantity=9
2026-08-20T18:25:03.044301945Z GetCartAsync called with userId=a582456c-5e50-4b48-9272-8e09a6ab3449
2026-08-20T18:25:03.138262390Z GetCartAsync called with userId=1a181e6f-68e2-4fd1-accf-0d94e94e749b
2026-08-20T18:25:03.554216557Z GetCartAsync called with userId=cba1eabe-9fa2-4ea5-94da-7b5449b2a8b1
2026-08-20T18:25:03.569095758Z GetCartAsync called with userId=a582456c-5e50-4b48-9272-8e09a6ab3449
2026-08-20T18:25:03.572226516Z GetCartAsync called with userId=1a181e6f-68e2-4fd1-accf-0d94e94e749b
2026-08-20T18:25:03.580328543Z EmptyCartAsync called with userId=a582456c-5e50-4b48-9272-8e09a6ab3449
2026-08-20T18:25:03.587555269Z EmptyCartAsync called with userId=1a181e6f-68e2-4fd1-accf-0d94e94e749b
2026-08-20T18:25:03.931886146Z GetCartAsync called with userId=8494152f-8303-4d94-92cf-65c48088bbe8
2026-08-20T18:25:04.757170422Z GetCartAsync called with userId=ed2bd629-462b-4498-b459-53ecfb2738ff
2026-08-20T18:25:04.876510370Z GetCartAsync called with userId=6fa6405a-d852-42c5-817f-c0cd16c5c2e8
2026-08-20T18:25:05.232016124Z AddItemAsync called with userId=ed2bd629-462b-4498-b459-53ecfb2738ff, productId=9SIQT8TOJO, quantity=8
2026-08-20T18:25:05.240594205Z GetCartAsync called with userId=ed2bd629-462b-4498-b459-53ecfb2738ff
2026-08-20T18:25:05.335800692Z GetCartAsync called with userId=f1f7dda7-81d8-47cb-ab27-9aab5835a795
2026-08-20T18:25:05.454162828Z GetCartAsync called with userId=70df1040-b24f-4a7c-be0d-307211fdf697
2026-08-20T18:25:05.724365927Z GetCartAsync called with userId=ed2bd629-462b-4498-b459-53ecfb2738ff
2026-08-20T18:25:05.752917792Z EmptyCartAsync called with userId=ed2bd629-462b-4498-b459-53ecfb2738ff
2026-08-20T18:25:05.752961497Z AddItemAsync called with userId=f1f7dda7-81d8-47cb-ab27-9aab5835a795, productId=6E92ZMYYFZ, quantity=10
2026-08-20T18:25:05.833207874Z GetCartAsync called with userId=f1f7dda7-81d8-47cb-ab27-9aab5835a795
2026-08-20T18:25:05.912390229Z GetCartAsync called with userId=a582456c-5e50-4b48-9272-8e09a6ab3449
2026-08-20T18:25:06.188480402Z GetCartAsync called with userId=13964ae0-2c1b-42fd-9617-4df3670f57f2
2026-08-20T18:25:06.457901312Z GetCartAsync called with userId=f1f7dda7-81d8-47cb-ab27-9aab5835a795
2026-08-20T18:25:06.471779899Z EmptyCartAsync called with userId=f1f7dda7-81d8-47cb-ab27-9aab5835a795
2026-08-20T18:25:06.531929277Z GetCartAsync called with userId=b23ae0af-66fc-48c3-982a-ce2e587a4f74
2026-08-20T18:25:06.939953238Z AddItemAsync called with userId=b23ae0af-66fc-48c3-982a-ce2e587a4f74, productId=9SIQT8TOJO, quantity=2
2026-08-20T18:25:07.019484333Z GetCartAsync called with userId=b23ae0af-66fc-48c3-982a-ce2e587a4f74
2026-08-20T18:25:07.144360113Z Checking CartService Health
2026-08-20T18:25:07.150670435Z Checking CartService Health
2026-08-20T18:25:07.417365233Z GetCartAsync called with userId=b23ae0af-66fc-48c3-982a-ce2e587a4f74
2026-08-20T18:25:07.427474489Z EmptyCartAsync called with userId=b23ae0af-66fc-48c3-982a-ce2e587a4f74
2026-08-20T18:25:07.681022384Z GetCartAsync called with userId=1a181e6f-68e2-4fd1-accf-0d94e94e749b
2026-08-20T18:25:07.752480055Z GetCartAsync called with userId=a582456c-5e50-4b48-9272-8e09a6ab3449
2026-08-20T18:25:08.252494835Z GetCartAsync called with userId=e35cdbc1-2ed0-4bec-bc66-901678ac7395
2026-08-20T18:25:10.296754279Z GetCartAsync called with userId=a582456c-5e50-4b48-9272-8e09a6ab3449
2026-08-20T18:25:10.333812539Z GetCartAsync called with userId=6fa6405a-d852-42c5-817f-c0cd16c5c2e8
2026-08-20T18:25:11.015378267Z GetCartAsync called with userId=eced0255-1d22-451f-a10a-ade79d3edfea
2026-08-20T18:25:11.434208915Z GetCartAsync called with userId=11b93b3f-3a87-4cb6-881f-9bf889b50835
2026-08-20T18:25:11.869034964Z GetCartAsync called with userId=8870cb35-48e5-45ab-94ac-5eb0b9d3dc41
2026-08-20T18:25:12.168169393Z GetCartAsync called with userId=0728d167-2761-48a1-aeec-e206b6deb841
2026-08-20T18:25:12.187333730Z GetCartAsync called with userId=70df1040-b24f-4a7c-be0d-307211fdf697
2026-08-20T18:25:12.708684995Z GetCartAsync called with userId=1a181e6f-68e2-4fd1-accf-0d94e94e749b
2026-08-20T18:25:12.955521590Z GetCartAsync called with userId=6fa6405a-d852-42c5-817f-c0cd16c5c2e8
2026-08-20T18:25:13.109561909Z GetCartAsync called with userId=cba1eabe-9fa2-4ea5-94da-7b5449b2a8b1
2026-08-20T18:25:13.532249208Z GetCartAsync called with userId=8494152f-8303-4d94-92cf-65c48088bbe8
2026-08-20T18:25:13.874246577Z GetCartAsync called with userId=f1f7dda7-81d8-47cb-ab27-9aab5835a795
2026-08-20T18:25:13.986444630Z AddItemAsync called with userId=8494152f-8303-4d94-92cf-65c48088bbe8, productId=9SIQT8TOJO, quantity=8
2026-08-20T18:25:13.992279915Z GetCartAsync called with userId=8494152f-8303-4d94-92cf-65c48088bbe8
2026-08-20T18:25:14.077626432Z GetCartAsync called with userId=b23ae0af-66fc-48c3-982a-ce2e587a4f74
2026-08-20T18:25:14.554364961Z GetCartAsync called with userId=6fa6405a-d852-42c5-817f-c0cd16c5c2e8
2026-08-20T18:25:15.145734253Z GetCartAsync called with userId=a582456c-5e50-4b48-9272-8e09a6ab3449
2026-08-20T18:25:16.235638156Z GetCartAsync called with userId=ed2bd629-462b-4498-b459-53ecfb2738ff
2026-08-20T18:25:16.280625055Z GetCartAsync called with userId=eced0255-1d22-451f-a10a-ade79d3edfea
2026-08-20T18:25:16.778072882Z AddItemAsync called with userId=eced0255-1d22-451f-a10a-ade79d3edfea, productId=OLJCESPC7Z, quantity=2
2026-08-20T18:25:16.783925371Z GetCartAsync called with userId=eced0255-1d22-451f-a10a-ade79d3edfea
2026-08-20T18:25:17.104940195Z GetCartAsync called with userId=b23ae0af-66fc-48c3-982a-ce2e587a4f74
2026-08-20T18:25:17.147534490Z Checking CartService Health
2026-08-20T18:25:17.153333270Z Checking CartService Health
2026-08-20T18:25:17.251715388Z GetCartAsync called with userId=eced0255-1d22-451f-a10a-ade79d3edfea
2026-08-20T18:25:17.262808862Z EmptyCartAsync called with userId=eced0255-1d22-451f-a10a-ade79d3edfea
2026-08-20T18:25:17.310128655Z GetCartAsync called with userId=a582456c-5e50-4b48-9272-8e09a6ab3449
2026-08-20T18:25:18.145916752Z GetCartAsync called with userId=8494152f-8303-4d94-92cf-65c48088bbe8
2026-08-20T18:25:18.191882907Z GetCartAsync called with userId=11b93b3f-3a87-4cb6-881f-9bf889b50835
2026-08-20T18:25:18.382116640Z GetCartAsync called with userId=e35cdbc1-2ed0-4bec-bc66-901678ac7395
2026-08-20T18:25:19.086381376Z GetCartAsync called with userId=0728d167-2761-48a1-aeec-e206b6deb841
2026-08-20T18:25:19.709218303Z GetCartAsync called with userId=13964ae0-2c1b-42fd-9617-4df3670f57f2
2026-08-20T18:25:19.812274431Z GetCartAsync called with userId=70df1040-b24f-4a7c-be0d-307211fdf697
2026-08-20T18:25:20.094813644Z GetCartAsync called with userId=b23ae0af-66fc-48c3-982a-ce2e587a4f74
2026-08-20T18:25:20.479330580Z GetCartAsync called with userId=8494152f-8303-4d94-92cf-65c48088bbe8
2026-08-20T18:25:20.961259970Z AddItemAsync called with userId=8494152f-8303-4d94-92cf-65c48088bbe8, productId=LS4PSXUNUM, quantity=5
2026-08-20T18:25:20.964822448Z GetCartAsync called with userId=e35cdbc1-2ed0-4bec-bc66-901678ac7395
2026-08-20T18:25:21.036219747Z GetCartAsync called with userId=8494152f-8303-4d94-92cf-65c48088bbe8
2026-08-20T18:25:21.540421078Z AddItemAsync called with userId=e35cdbc1-2ed0-4bec-bc66-901678ac7395, productId=OLJCESPC7Z, quantity=10
2026-08-20T18:25:21.555730094Z GetCartAsync called with userId=8494152f-8303-4d94-92cf-65c48088bbe8
2026-08-20T18:25:21.631016934Z EmptyCartAsync called with userId=8494152f-8303-4d94-92cf-65c48088bbe8
2026-08-20T18:25:21.631931808Z GetCartAsync called with userId=e35cdbc1-2ed0-4bec-bc66-901678ac7395
2026-08-20T18:25:21.926628336Z GetCartAsync called with userId=8870cb35-48e5-45ab-94ac-5eb0b9d3dc41
2026-08-20T18:25:22.208511825Z GetCartAsync called with userId=b23ae0af-66fc-48c3-982a-ce2e587a4f74
2026-08-20T18:25:22.208540130Z GetCartAsync called with userId=6fa6405a-d852-42c5-817f-c0cd16c5c2e8
2026-08-20T18:25:22.654255422Z GetCartAsync called with userId=70df1040-b24f-4a7c-be0d-307211fdf697
2026-08-20T18:25:22.913352971Z GetCartAsync called with userId=1a181e6f-68e2-4fd1-accf-0d94e94e749b
2026-08-20T18:25:23.332786657Z GetCartAsync called with userId=cba1eabe-9fa2-4ea5-94da-7b5449b2a8b1
2026-08-20T18:25:23.370589257Z GetCartAsync called with userId=13964ae0-2c1b-42fd-9617-4df3670f57f2
2026-08-20T18:25:23.634681257Z GetCartAsync called with userId=f1f7dda7-81d8-47cb-ab27-9aab5835a795
2026-08-20T18:25:23.713269725Z GetCartAsync called with userId=11b93b3f-3a87-4cb6-881f-9bf889b50835
2026-08-20T18:25:23.900849752Z AddItemAsync called with userId=13964ae0-2c1b-42fd-9617-4df3670f57f2, productId=0PUK6V6EV0, quantity=4
2026-08-20T18:25:23.904580962Z GetCartAsync called with userId=13964ae0-2c1b-42fd-9617-4df3670f57f2
2026-08-20T18:25:24.049923545Z GetCartAsync called with userId=8494152f-8303-4d94-92cf-65c48088bbe8
2026-08-20T18:25:24.518073610Z GetCartAsync called with userId=70df1040-b24f-4a7c-be0d-307211fdf697
2026-08-20T18:25:24.569971094Z GetCartAsync called with userId=a582456c-5e50-4b48-9272-8e09a6ab3449
2026-08-20T18:25:25.001556195Z GetCartAsync called with userId=eced0255-1d22-451f-a10a-ade79d3edfea
2026-08-20T18:25:25.532828783Z AddItemAsync called with userId=eced0255-1d22-451f-a10a-ade79d3edfea, productId=2ZYFJ3GM2N, quantity=4
2026-08-20T18:25:25.616727862Z GetCartAsync called with userId=eced0255-1d22-451f-a10a-ade79d3edfea
2026-08-20T18:25:26.398631489Z GetCartAsync called with userId=ed2bd629-462b-4498-b459-53ecfb2738ff
2026-08-20T18:25:26.495923657Z GetCartAsync called with userId=e35cdbc1-2ed0-4bec-bc66-901678ac7395
2026-08-20T18:25:27.016300429Z GetCartAsync called with userId=8870cb35-48e5-45ab-94ac-5eb0b9d3dc41
2026-08-20T18:25:27.016341236Z GetCartAsync called with userId=f1f7dda7-81d8-47cb-ab27-9aab5835a795
2026-08-20T18:25:27.149586368Z Checking CartService Health
2026-08-20T18:25:27.150922885Z Checking CartService Health
2026-08-20T18:25:27.563887139Z AddItemAsync called with userId=8870cb35-48e5-45ab-94ac-5eb0b9d3dc41, productId=2ZYFJ3GM2N, quantity=5
2026-08-20T18:25:27.637643968Z GetCartAsync called with userId=8870cb35-48e5-45ab-94ac-5eb0b9d3dc41
2026-08-20T18:25:27.675830997Z GetCartAsync called with userId=a582456c-5e50-4b48-9272-8e09a6ab3449
2026-08-20T18:25:27.815618496Z GetCartAsync called with userId=0728d167-2761-48a1-aeec-e206b6deb841
2026-08-20T18:25:28.208091507Z AddItemAsync called with userId=a582456c-5e50-4b48-9272-8e09a6ab3449, productId=6E92ZMYYFZ, quantity=5
2026-08-20T18:25:28.213919958Z GetCartAsync called with userId=a582456c-5e50-4b48-9272-8e09a6ab3449
2026-08-20T18:25:28.860614132Z GetCartAsync called with userId=a582456c-5e50-4b48-9272-8e09a6ab3449
2026-08-20T18:25:28.883034288Z EmptyCartAsync called with userId=a582456c-5e50-4b48-9272-8e09a6ab3449
2026-08-20T18:25:29.319821927Z GetCartAsync called with userId=cba1eabe-9fa2-4ea5-94da-7b5449b2a8b1
2026-08-20T18:25:29.347819194Z GetCartAsync called with userId=13964ae0-2c1b-42fd-9617-4df3670f57f2
2026-08-20T18:25:30.571140914Z GetCartAsync called with userId=6fa6405a-d852-42c5-817f-c0cd16c5c2e8
2026-08-20T18:25:30.829734890Z GetCartAsync called with userId=e35cdbc1-2ed0-4bec-bc66-901678ac7395
2026-08-20T18:25:30.920784440Z GetCartAsync called with userId=1a181e6f-68e2-4fd1-accf-0d94e94e749b
2026-08-20T18:25:31.022120568Z GetCartAsync called with userId=11b93b3f-3a87-4cb6-881f-9bf889b50835
2026-08-20T18:25:31.252682472Z GetCartAsync called with userId=13964ae0-2c1b-42fd-9617-4df3670f57f2
2026-08-20T18:25:31.784750251Z GetCartAsync called with userId=eced0255-1d22-451f-a10a-ade79d3edfea
2026-08-20T18:25:32.195806393Z GetCartAsync called with userId=b23ae0af-66fc-48c3-982a-ce2e587a4f74
2026-08-20T18:25:32.558923913Z GetCartAsync called with userId=8494152f-8303-4d94-92cf-65c48088bbe8
2026-08-20T18:25:32.801603594Z GetCartAsync called with userId=a582456c-5e50-4b48-9272-8e09a6ab3449
2026-08-20T18:25:33.024570459Z GetCartAsync called with userId=70df1040-b24f-4a7c-be0d-307211fdf697
2026-08-20T18:25:33.087036047Z AddItemAsync called with userId=8494152f-8303-4d94-92cf-65c48088bbe8, productId=OLJCESPC7Z, quantity=2
2026-08-20T18:25:33.094466959Z GetCartAsync called with userId=8494152f-8303-4d94-92cf-65c48088bbe8
2026-08-20T18:25:33.418780654Z GetCartAsync called with userId=f1f7dda7-81d8-47cb-ab27-9aab5835a795
2026-08-20T18:25:33.462394767Z GetCartAsync called with userId=1a181e6f-68e2-4fd1-accf-0d94e94e749b
2026-08-20T18:25:33.521685837Z GetCartAsync called with userId=eced0255-1d22-451f-a10a-ade79d3edfea
2026-08-20T18:25:33.608729934Z GetCartAsync called with userId=8494152f-8303-4d94-92cf-65c48088bbe8
2026-08-20T18:25:33.615415124Z EmptyCartAsync called with userId=8494152f-8303-4d94-92cf-65c48088bbe8
2026-08-20T18:25:33.897127934Z GetCartAsync called with userId=8870cb35-48e5-45ab-94ac-5eb0b9d3dc41
2026-08-20T18:25:33.900096375Z AddItemAsync called with userId=f1f7dda7-81d8-47cb-ab27-9aab5835a795, productId=OLJCESPC7Z, quantity=4
2026-08-20T18:25:33.929416633Z GetCartAsync called with userId=f1f7dda7-81d8-47cb-ab27-9aab5835a795
2026-08-20T18:25:34.037923360Z GetCartAsync called with userId=11b93b3f-3a87-4cb6-881f-9bf889b50835
2026-08-20T18:25:34.347607989Z GetCartAsync called with userId=ed2bd629-462b-4498-b459-53ecfb2738ff
2026-08-20T18:25:34.905199263Z GetCartAsync called with userId=cba1eabe-9fa2-4ea5-94da-7b5449b2a8b1
2026-08-20T18:25:36.185674180Z GetCartAsync called with userId=8494152f-8303-4d94-92cf-65c48088bbe8
2026-08-20T18:25:36.817923551Z GetCartAsync called with userId=13964ae0-2c1b-42fd-9617-4df3670f57f2
2026-08-20T18:25:37.130876265Z GetCartAsync called with userId=8870cb35-48e5-45ab-94ac-5eb0b9d3dc41
2026-08-20T18:25:37.140000321Z Checking CartService Health
2026-08-20T18:25:37.149414721Z Checking CartService Health
2026-08-20T18:25:37.167467704Z GetCartAsync called with userId=b23ae0af-66fc-48c3-982a-ce2e587a4f74
2026-08-20T18:25:37.901114646Z GetCartAsync called with userId=a582456c-5e50-4b48-9272-8e09a6ab3449
2026-08-20T18:25:38.201503292Z GetCartAsync called with userId=e35cdbc1-2ed0-4bec-bc66-901678ac7395
2026-08-20T18:25:38.287260839Z GetCartAsync called with userId=0728d167-2761-48a1-aeec-e206b6deb841
2026-08-20T18:25:38.678303259Z GetCartAsync called with userId=f1f7dda7-81d8-47cb-ab27-9aab5835a795
2026-08-20T18:25:39.440470540Z GetCartAsync called with userId=cba1eabe-9fa2-4ea5-94da-7b5449b2a8b1
2026-08-20T18:25:39.757615477Z GetCartAsync called with userId=8494152f-8303-4d94-92cf-65c48088bbe8
2026-08-20T18:25:39.910386683Z GetCartAsync called with userId=70df1040-b24f-4a7c-be0d-307211fdf697
2026-08-20T18:25:40.099416379Z GetCartAsync called with userId=11b93b3f-3a87-4cb6-881f-9bf889b50835
2026-08-20T18:25:40.510947545Z AddItemAsync called with userId=70df1040-b24f-4a7c-be0d-307211fdf697, productId=66VCHSJNUP, quantity=6
2026-08-20T18:25:40.523052244Z GetCartAsync called with userId=70df1040-b24f-4a7c-be0d-307211fdf697
2026-08-20T18:25:41.490349513Z GetCartAsync called with userId=b23ae0af-66fc-48c3-982a-ce2e587a4f74
2026-08-20T18:25:41.695765844Z GetCartAsync called with userId=ed2bd629-462b-4498-b459-53ecfb2738ff
2026-08-20T18:25:42.378937130Z GetCartAsync called with userId=0728d167-2761-48a1-aeec-e206b6deb841
2026-08-20T18:25:42.455391032Z GetCartAsync called with userId=1a181e6f-68e2-4fd1-accf-0d94e94e749b
2026-08-20T18:25:42.715309674Z GetCartAsync called with userId=70df1040-b24f-4a7c-be0d-307211fdf697
2026-08-20T18:25:42.950347689Z GetCartAsync called with userId=a582456c-5e50-4b48-9272-8e09a6ab3449
2026-08-20T18:25:43.481023801Z GetCartAsync called with userId=f1f7dda7-81d8-47cb-ab27-9aab5835a795
2026-08-20T18:25:43.545233224Z GetCartAsync called with userId=6fa6405a-d852-42c5-817f-c0cd16c5c2e8
2026-08-20T18:25:43.933450791Z GetCartAsync called with userId=11b93b3f-3a87-4cb6-881f-9bf889b50835
2026-08-20T18:25:43.933487198Z AddItemAsync called with userId=f1f7dda7-81d8-47cb-ab27-9aab5835a795, productId=1YMWWN1N4O, quantity=3
2026-08-20T18:25:44.027304288Z GetCartAsync called with userId=eced0255-1d22-451f-a10a-ade79d3edfea
2026-08-20T18:25:44.029590295Z GetCartAsync called with userId=f1f7dda7-81d8-47cb-ab27-9aab5835a795
2026-08-20T18:25:44.095989808Z GetCartAsync called with userId=13964ae0-2c1b-42fd-9617-4df3670f57f2
2026-08-20T18:25:44.740121804Z AddItemAsync called with userId=13964ae0-2c1b-42fd-9617-4df3670f57f2, productId=1YMWWN1N4O, quantity=3
2026-08-20T18:25:44.747601135Z GetCartAsync called with userId=13964ae0-2c1b-42fd-9617-4df3670f57f2
2026-08-20T18:25:46.127827888Z GetCartAsync called with userId=8870cb35-48e5-45ab-94ac-5eb0b9d3dc41
2026-08-20T18:25:46.483187310Z GetCartAsync called with userId=ed2bd629-462b-4498-b459-53ecfb2738ff
2026-08-20T18:25:47.139631397Z Checking CartService Health
2026-08-20T18:25:47.145263899Z Checking CartService Health
2026-08-20T18:25:47.837144590Z GetCartAsync called with userId=e35cdbc1-2ed0-4bec-bc66-901678ac7395
2026-08-20T18:25:48.123837295Z GetCartAsync called with userId=eced0255-1d22-451f-a10a-ade79d3edfea
2026-08-20T18:25:49.468872988Z GetCartAsync called with userId=70df1040-b24f-4a7c-be0d-307211fdf697
2026-08-20T18:25:49.605612014Z GetCartAsync called with userId=cba1eabe-9fa2-4ea5-94da-7b5449b2a8b1
2026-08-20T18:25:49.695706443Z GetCartAsync called with userId=a582456c-5e50-4b48-9272-8e09a6ab3449
2026-08-20T18:25:49.774756907Z GetCartAsync called with userId=8494152f-8303-4d94-92cf-65c48088bbe8
2026-08-20T18:25:49.834693034Z GetCartAsync called with userId=6fa6405a-d852-42c5-817f-c0cd16c5c2e8
2026-08-20T18:25:49.915025196Z GetCartAsync called with userId=13964ae0-2c1b-42fd-9617-4df3670f57f2
2026-08-20T18:25:49.998707806Z GetCartAsync called with userId=f1f7dda7-81d8-47cb-ab27-9aab5835a795
2026-08-20T18:25:50.123512754Z AddItemAsync called with userId=70df1040-b24f-4a7c-be0d-307211fdf697, productId=66VCHSJNUP, quantity=4
2026-08-20T18:25:50.133231946Z GetCartAsync called with userId=70df1040-b24f-4a7c-be0d-307211fdf697
2026-08-20T18:25:50.652825876Z AddItemAsync called with userId=f1f7dda7-81d8-47cb-ab27-9aab5835a795, productId=LS4PSXUNUM, quantity=4
2026-08-20T18:25:50.660668261Z GetCartAsync called with userId=f1f7dda7-81d8-47cb-ab27-9aab5835a795
2026-08-20T18:25:51.174791194Z GetCartAsync called with userId=b23ae0af-66fc-48c3-982a-ce2e587a4f74
2026-08-20T18:25:51.351153389Z GetCartAsync called with userId=8870cb35-48e5-45ab-94ac-5eb0b9d3dc41
2026-08-20T18:25:51.419692618Z GetCartAsync called with userId=0728d167-2761-48a1-aeec-e206b6deb841
2026-08-20T18:25:51.742774852Z GetCartAsync called with userId=eced0255-1d22-451f-a10a-ade79d3edfea
2026-08-20T18:25:52.315540993Z GetCartAsync called with userId=13964ae0-2c1b-42fd-9617-4df3670f57f2
2026-08-20T18:25:52.796502293Z GetCartAsync called with userId=cba1eabe-9fa2-4ea5-94da-7b5449b2a8b1
2026-08-20T18:25:53.018036689Z GetCartAsync called with userId=b23ae0af-66fc-48c3-982a-ce2e587a4f74
2026-08-20T18:25:53.346937875Z GetCartAsync called with userId=1a181e6f-68e2-4fd1-accf-0d94e94e749b
2026-08-20T18:25:54.844675862Z GetCartAsync called with userId=e35cdbc1-2ed0-4bec-bc66-901678ac7395
2026-08-20T18:25:55.324010396Z GetCartAsync called with userId=ed2bd629-462b-4498-b459-53ecfb2738ff
2026-08-20T18:25:55.646362510Z GetCartAsync called with userId=8494152f-8303-4d94-92cf-65c48088bbe8
2026-08-20T18:25:55.857667129Z GetCartAsync called with userId=a582456c-5e50-4b48-9272-8e09a6ab3449
2026-08-20T18:25:56.044895805Z GetCartAsync called with userId=cba1eabe-9fa2-4ea5-94da-7b5449b2a8b1
2026-08-20T18:25:57.112663046Z GetCartAsync called with userId=eced0255-1d22-451f-a10a-ade79d3edfea
2026-08-20T18:25:57.128141682Z GetCartAsync called with userId=0728d167-2761-48a1-aeec-e206b6deb841
2026-08-20T18:25:57.141116008Z Checking CartService Health
2026-08-20T18:25:57.147013674Z Checking CartService Health
2026-08-20T18:25:57.458072037Z GetCartAsync called with userId=11b93b3f-3a87-4cb6-881f-9bf889b50835
2026-08-20T18:25:57.641140531Z GetCartAsync called with userId=8870cb35-48e5-45ab-94ac-5eb0b9d3dc41
2026-08-20T18:25:57.739715281Z GetCartAsync called with userId=8494152f-8303-4d94-92cf-65c48088bbe8
2026-08-20T18:25:58.516348441Z GetCartAsync called with userId=13964ae0-2c1b-42fd-9617-4df3670f57f2
2026-08-20T18:25:58.777162043Z GetCartAsync called with userId=e35cdbc1-2ed0-4bec-bc66-901678ac7395
2026-08-20T18:25:59.304642707Z GetCartAsync called with userId=0728d167-2761-48a1-aeec-e206b6deb841
2026-08-20T18:25:59.365307669Z GetCartAsync called with userId=cba1eabe-9fa2-4ea5-94da-7b5449b2a8b1
2026-08-20T18:25:59.421960012Z GetCartAsync called with userId=f1f7dda7-81d8-47cb-ab27-9aab5835a795
2026-08-20T18:25:59.425027709Z GetCartAsync called with userId=6fa6405a-d852-42c5-817f-c0cd16c5c2e8
2026-08-20T18:26:00.013049619Z AddItemAsync called with userId=0728d167-2761-48a1-aeec-e206b6deb841, productId=1YMWWN1N4O, quantity=7
2026-08-20T18:26:00.016471162Z GetCartAsync called with userId=0728d167-2761-48a1-aeec-e206b6deb841
2026-08-20T18:26:00.160955488Z GetCartAsync called with userId=70df1040-b24f-4a7c-be0d-307211fdf697
2026-08-20T18:26:00.342137270Z GetCartAsync called with userId=a582456c-5e50-4b48-9272-8e09a6ab3449
2026-08-20T18:26:01.068060752Z AddItemAsync called with userId=a582456c-5e50-4b48-9272-8e09a6ab3449, productId=66VCHSJNUP, quantity=8
2026-08-20T18:26:01.076484144Z GetCartAsync called with userId=a582456c-5e50-4b48-9272-8e09a6ab3449
2026-08-20T18:26:01.158522376Z GetCartAsync called with userId=e35cdbc1-2ed0-4bec-bc66-901678ac7395
2026-08-20T18:26:01.267340780Z GetCartAsync called with userId=cba1eabe-9fa2-4ea5-94da-7b5449b2a8b1
2026-08-20T18:26:01.693949270Z GetCartAsync called with userId=eced0255-1d22-451f-a10a-ade79d3edfea
2026-08-20T18:26:01.800643898Z GetCartAsync called with userId=b23ae0af-66fc-48c3-982a-ce2e587a4f74
2026-08-20T18:26:01.920451025Z GetCartAsync called with userId=a582456c-5e50-4b48-9272-8e09a6ab3449
2026-08-20T18:26:01.936985068Z EmptyCartAsync called with userId=a582456c-5e50-4b48-9272-8e09a6ab3449
2026-08-20T18:26:02.381701165Z GetCartAsync called with userId=ed2bd629-462b-4498-b459-53ecfb2738ff
2026-08-20T18:26:02.758028838Z GetCartAsync called with userId=11b93b3f-3a87-4cb6-881f-9bf889b50835
2026-08-20T18:26:04.157908768Z GetCartAsync called with userId=f1f7dda7-81d8-47cb-ab27-9aab5835a795
2026-08-20T18:26:05.086827859Z GetCartAsync called with userId=cba1eabe-9fa2-4ea5-94da-7b5449b2a8b1
2026-08-20T18:26:05.189116616Z GetCartAsync called with userId=13964ae0-2c1b-42fd-9617-4df3670f57f2
2026-08-20T18:26:05.621724884Z GetCartAsync called with userId=1a181e6f-68e2-4fd1-accf-0d94e94e749b
2026-08-20T18:26:05.832769480Z GetCartAsync called with userId=ed2bd629-462b-4498-b459-53ecfb2738ff
2026-08-20T18:26:05.840832025Z GetCartAsync called with userId=8494152f-8303-4d94-92cf-65c48088bbe8
2026-08-20T18:26:06.399294566Z AddItemAsync called with userId=1a181e6f-68e2-4fd1-accf-0d94e94e749b, productId=9SIQT8TOJO, quantity=3
2026-08-20T18:26:06.407370913Z GetCartAsync called with userId=1a181e6f-68e2-4fd1-accf-0d94e94e749b
2026-08-20T18:26:06.617762103Z AddItemAsync called with userId=8494152f-8303-4d94-92cf-65c48088bbe8, productId=OLJCESPC7Z, quantity=8
2026-08-20T18:26:06.627155553Z GetCartAsync called with userId=8494152f-8303-4d94-92cf-65c48088bbe8
2026-08-20T18:26:06.739225360Z GetCartAsync called with userId=8870cb35-48e5-45ab-94ac-5eb0b9d3dc41
2026-08-20T18:26:06.899010935Z GetCartAsync called with userId=70df1040-b24f-4a7c-be0d-307211fdf697
2026-08-20T18:26:07.134396684Z Checking CartService Health
2026-08-20T18:26:07.140108166Z Checking CartService Health
2026-08-20T18:26:07.181555166Z GetCartAsync called with userId=1a181e6f-68e2-4fd1-accf-0d94e94e749b
2026-08-20T18:26:07.189120235Z EmptyCartAsync called with userId=1a181e6f-68e2-4fd1-accf-0d94e94e749b
2026-08-20T18:26:07.413896046Z GetCartAsync called with userId=6fa6405a-d852-42c5-817f-c0cd16c5c2e8
2026-08-20T18:26:07.503017208Z AddItemAsync called with userId=8870cb35-48e5-45ab-94ac-5eb0b9d3dc41, productId=0PUK6V6EV0, quantity=8
2026-08-20T18:26:07.507354078Z GetCartAsync called with userId=8870cb35-48e5-45ab-94ac-5eb0b9d3dc41
2026-08-20T18:26:07.888772679Z GetCartAsync called with userId=a582456c-5e50-4b48-9272-8e09a6ab3449
2026-08-20T18:26:08.443067376Z GetCartAsync called with userId=eced0255-1d22-451f-a10a-ade79d3edfea
2026-08-20T18:26:08.648490698Z GetCartAsync called with userId=0728d167-2761-48a1-aeec-e206b6deb841
2026-08-20T18:26:08.976932118Z GetCartAsync called with userId=13964ae0-2c1b-42fd-9617-4df3670f57f2
2026-08-20T18:26:10.750120743Z GetCartAsync called with userId=cba1eabe-9fa2-4ea5-94da-7b5449b2a8b1
2026-08-20T18:26:11.675882904Z GetCartAsync called with userId=eced0255-1d22-451f-a10a-ade79d3edfea
2026-08-20T18:26:12.286795645Z GetCartAsync called with userId=ed2bd629-462b-4498-b459-53ecfb2738ff
2026-08-20T18:26:12.376522701Z GetCartAsync called with userId=e35cdbc1-2ed0-4bec-bc66-901678ac7395
2026-08-20T18:26:12.541494176Z GetCartAsync called with userId=f1f7dda7-81d8-47cb-ab27-9aab5835a795
2026-08-20T18:26:12.790658454Z GetCartAsync called with userId=11b93b3f-3a87-4cb6-881f-9bf889b50835
2026-08-20T18:26:13.224665775Z AddItemAsync called with userId=ed2bd629-462b-4498-b459-53ecfb2738ff, productId=1YMWWN1N4O, quantity=10
2026-08-20T18:26:13.268537050Z GetCartAsync called with userId=ed2bd629-462b-4498-b459-53ecfb2738ff
2026-08-20T18:26:13.576378689Z AddItemAsync called with userId=11b93b3f-3a87-4cb6-881f-9bf889b50835, productId=2ZYFJ3GM2N, quantity=6
2026-08-20T18:26:13.665198405Z GetCartAsync called with userId=11b93b3f-3a87-4cb6-881f-9bf889b50835
2026-08-20T18:26:13.825215615Z GetCartAsync called with userId=1a181e6f-68e2-4fd1-accf-0d94e94e749b
2026-08-20T18:26:13.907668831Z GetCartAsync called with userId=70df1040-b24f-4a7c-be0d-307211fdf697
2026-08-20T18:26:14.105890440Z GetCartAsync called with userId=ed2bd629-462b-4498-b459-53ecfb2738ff
2026-08-20T18:26:14.130730239Z EmptyCartAsync called with userId=ed2bd629-462b-4498-b459-53ecfb2738ff
2026-08-20T18:26:14.276490314Z GetCartAsync called with userId=b23ae0af-66fc-48c3-982a-ce2e587a4f74
2026-08-20T18:26:14.365539389Z GetCartAsync called with userId=8494152f-8303-4d94-92cf-65c48088bbe8
2026-08-20T18:26:14.435166717Z GetCartAsync called with userId=11b93b3f-3a87-4cb6-881f-9bf889b50835
2026-08-20T18:26:14.444489980Z EmptyCartAsync called with userId=11b93b3f-3a87-4cb6-881f-9bf889b50835
2026-08-20T18:26:14.599381088Z GetCartAsync called with userId=8870cb35-48e5-45ab-94ac-5eb0b9d3dc41
2026-08-20T18:26:15.228292089Z GetCartAsync called with userId=a582456c-5e50-4b48-9272-8e09a6ab3449
2026-08-20T18:26:15.389142633Z AddItemAsync called with userId=8870cb35-48e5-45ab-94ac-5eb0b9d3dc41, productId=1YMWWN1N4O, quantity=9
2026-08-20T18:26:15.402326702Z GetCartAsync called with userId=8870cb35-48e5-45ab-94ac-5eb0b9d3dc41
2026-08-20T18:26:16.151323649Z GetCartAsync called with userId=f1f7dda7-81d8-47cb-ab27-9aab5835a795
2026-08-20T18:26:16.493274315Z GetCartAsync called with userId=6fa6405a-d852-42c5-817f-c0cd16c5c2e8
2026-08-20T18:26:17.142905868Z Checking CartService Health
2026-08-20T18:26:17.143261524Z Checking CartService Health
2026-08-20T18:26:17.192255313Z GetCartAsync called with userId=e35cdbc1-2ed0-4bec-bc66-901678ac7395
2026-08-20T18:26:17.212693720Z GetCartAsync called with userId=eced0255-1d22-451f-a10a-ade79d3edfea
2026-08-20T18:26:17.673960211Z GetCartAsync called with userId=b23ae0af-66fc-48c3-982a-ce2e587a4f74
2026-08-20T18:26:17.864921581Z GetCartAsync called with userId=13964ae0-2c1b-42fd-9617-4df3670f57f2
2026-08-20T18:26:17.976916757Z AddItemAsync called with userId=e35cdbc1-2ed0-4bec-bc66-901678ac7395, productId=2ZYFJ3GM2N, quantity=3
2026-08-20T18:26:18.024142569Z GetCartAsync called with userId=e35cdbc1-2ed0-4bec-bc66-901678ac7395
2026-08-20T18:26:18.058475257Z AddItemAsync called with userId=eced0255-1d22-451f-a10a-ade79d3edfea, productId=66VCHSJNUP, quantity=5
2026-08-20T18:26:18.062203842Z GetCartAsync called with userId=eced0255-1d22-451f-a10a-ade79d3edfea
2026-08-20T18:26:18.535759761Z GetCartAsync called with userId=1a181e6f-68e2-4fd1-accf-0d94e94e749b
2026-08-20T18:26:18.971781090Z GetCartAsync called with userId=11b93b3f-3a87-4cb6-881f-9bf889b50835
2026-08-20T18:26:19.061486469Z GetCartAsync called with userId=0728d167-2761-48a1-aeec-e206b6deb841
2026-08-20T18:26:20.203280961Z GetCartAsync called with userId=cba1eabe-9fa2-4ea5-94da-7b5449b2a8b1
2026-08-20T18:26:20.408364647Z GetCartAsync called with userId=8870cb35-48e5-45ab-94ac-5eb0b9d3dc41
2026-08-20T18:26:20.495743960Z GetCartAsync called with userId=a582456c-5e50-4b48-9272-8e09a6ab3449
2026-08-20T18:26:20.809416488Z GetCartAsync called with userId=70df1040-b24f-4a7c-be0d-307211fdf697
2026-08-20T18:26:21.155222259Z GetCartAsync called with userId=f1f7dda7-81d8-47cb-ab27-9aab5835a795
2026-08-20T18:26:21.631070238Z AddItemAsync called with userId=a582456c-5e50-4b48-9272-8e09a6ab3449, productId=1YMWWN1N4O, quantity=1
2026-08-20T18:26:21.734492269Z GetCartAsync called with userId=a582456c-5e50-4b48-9272-8e09a6ab3449
2026-08-20T18:26:21.737979716Z GetCartAsync called with userId=6fa6405a-d852-42c5-817f-c0cd16c5c2e8
2026-08-20T18:26:22.025982133Z AddItemAsync called with userId=f1f7dda7-81d8-47cb-ab27-9aab5835a795, productId=6E92ZMYYFZ, quantity=1
2026-08-20T18:26:22.124287372Z GetCartAsync called with userId=f1f7dda7-81d8-47cb-ab27-9aab5835a795
2026-08-20T18:26:22.269921242Z GetCartAsync called with userId=ed2bd629-462b-4498-b459-53ecfb2738ff
2026-08-20T18:26:22.617238586Z GetCartAsync called with userId=a582456c-5e50-4b48-9272-8e09a6ab3449
2026-08-20T18:26:22.637575880Z GetCartAsync called with userId=eced0255-1d22-451f-a10a-ade79d3edfea
2026-08-20T18:26:22.710080166Z GetCartAsync called with userId=11b93b3f-3a87-4cb6-881f-9bf889b50835
2026-08-20T18:26:22.718175638Z EmptyCartAsync called with userId=a582456c-5e50-4b48-9272-8e09a6ab3449
2026-08-20T18:26:23.012210014Z GetCartAsync called with userId=8494152f-8303-4d94-92cf-65c48088bbe8
2026-08-20T18:26:23.817213634Z AddItemAsync called with userId=8494152f-8303-4d94-92cf-65c48088bbe8, productId=LS4PSXUNUM, quantity=9
2026-08-20T18:26:23.831837630Z GetCartAsync called with userId=8494152f-8303-4d94-92cf-65c48088bbe8
2026-08-20T18:26:25.064769054Z GetCartAsync called with userId=11b93b3f-3a87-4cb6-881f-9bf889b50835
2026-08-20T18:26:26.626456506Z GetCartAsync called with userId=e35cdbc1-2ed0-4bec-bc66-901678ac7395
2026-08-20T18:26:26.970479332Z GetCartAsync called with userId=13964ae0-2c1b-42fd-9617-4df3670f57f2
2026-08-20T18:26:27.134898953Z Checking CartService Health
2026-08-20T18:26:27.145586131Z Checking CartService Health
2026-08-20T18:26:27.405442640Z AddItemAsync called with userId=e35cdbc1-2ed0-4bec-bc66-901678ac7395, productId=2ZYFJ3GM2N, quantity=10
2026-08-20T18:26:27.418582003Z GetCartAsync called with userId=e35cdbc1-2ed0-4bec-bc66-901678ac7395
2026-08-20T18:26:27.475468137Z GetCartAsync called with userId=1a181e6f-68e2-4fd1-accf-0d94e94e749b
2026-08-20T18:26:27.637376463Z GetCartAsync called with userId=0728d167-2761-48a1-aeec-e206b6deb841
2026-08-20T18:26:28.058640520Z GetCartAsync called with userId=b23ae0af-66fc-48c3-982a-ce2e587a4f74
2026-08-20T18:26:28.647314867Z GetCartAsync called with userId=cba1eabe-9fa2-4ea5-94da-7b5449b2a8b1
2026-08-20T18:26:28.830716969Z AddItemAsync called with userId=b23ae0af-66fc-48c3-982a-ce2e587a4f74, productId=9SIQT8TOJO, quantity=1
2026-08-20T18:26:28.838052221Z GetCartAsync called with userId=b23ae0af-66fc-48c3-982a-ce2e587a4f74
2026-08-20T18:26:29.456949115Z GetCartAsync called with userId=ed2bd629-462b-4498-b459-53ecfb2738ff
2026-08-20T18:26:29.716849630Z GetCartAsync called with userId=6fa6405a-d852-42c5-817f-c0cd16c5c2e8
2026-08-20T18:26:30.490411336Z AddItemAsync called with userId=6fa6405a-d852-42c5-817f-c0cd16c5c2e8, productId=0PUK6V6EV0, quantity=3
2026-08-20T18:26:30.496699806Z GetCartAsync called with userId=6fa6405a-d852-42c5-817f-c0cd16c5c2e8
2026-08-20T18:26:31.133466499Z GetCartAsync called with userId=f1f7dda7-81d8-47cb-ab27-9aab5835a795
2026-08-20T18:26:31.325403797Z GetCartAsync called with userId=6fa6405a-d852-42c5-817f-c0cd16c5c2e8
2026-08-20T18:26:31.333203300Z GetCartAsync called with userId=8870cb35-48e5-45ab-94ac-5eb0b9d3dc41
2026-08-20T18:26:31.346035979Z EmptyCartAsync called with userId=6fa6405a-d852-42c5-817f-c0cd16c5c2e8
2026-08-20T18:26:31.516625285Z GetCartAsync called with userId=ed2bd629-462b-4498-b459-53ecfb2738ff
2026-08-20T18:26:31.661085662Z GetCartAsync called with userId=70df1040-b24f-4a7c-be0d-307211fdf697
2026-08-20T18:26:31.725896856Z GetCartAsync called with userId=eced0255-1d22-451f-a10a-ade79d3edfea
2026-08-20T18:26:32.472264788Z GetCartAsync called with userId=a582456c-5e50-4b48-9272-8e09a6ab3449
2026-08-20T18:26:32.510440575Z AddItemAsync called with userId=eced0255-1d22-451f-a10a-ade79d3edfea, productId=0PUK6V6EV0, quantity=7
2026-08-20T18:26:32.620267611Z GetCartAsync called with userId=eced0255-1d22-451f-a10a-ade79d3edfea
2026-08-20T18:26:32.622135899Z GetCartAsync called with userId=0728d167-2761-48a1-aeec-e206b6deb841
2026-08-20T18:26:32.727989822Z GetCartAsync called with userId=e35cdbc1-2ed0-4bec-bc66-901678ac7395
2026-08-20T18:26:33.565806919Z GetCartAsync called with userId=b23ae0af-66fc-48c3-982a-ce2e587a4f74
2026-08-20T18:26:33.748411578Z GetCartAsync called with userId=1a181e6f-68e2-4fd1-accf-0d94e94e749b
2026-08-20T18:26:34.199672865Z GetCartAsync called with userId=11b93b3f-3a87-4cb6-881f-9bf889b50835
2026-08-20T18:26:34.462408781Z GetCartAsync called with userId=8494152f-8303-4d94-92cf-65c48088bbe8
2026-08-20T18:26:34.709137428Z GetCartAsync called with userId=f1f7dda7-81d8-47cb-ab27-9aab5835a795
2026-08-20T18:26:35.526215326Z AddItemAsync called with userId=f1f7dda7-81d8-47cb-ab27-9aab5835a795, productId=6E92ZMYYFZ, quantity=9
2026-08-20T18:26:35.541923349Z GetCartAsync called with userId=f1f7dda7-81d8-47cb-ab27-9aab5835a795
2026-08-20T18:26:36.424973721Z GetCartAsync called with userId=13964ae0-2c1b-42fd-9617-4df3670f57f2
2026-08-20T18:26:36.505088375Z GetCartAsync called with userId=cba1eabe-9fa2-4ea5-94da-7b5449b2a8b1
2026-08-20T18:26:36.519690927Z GetCartAsync called with userId=f1f7dda7-81d8-47cb-ab27-9aab5835a795
2026-08-20T18:26:36.543295567Z EmptyCartAsync called with userId=f1f7dda7-81d8-47cb-ab27-9aab5835a795
2026-08-20T18:26:36.687924369Z GetCartAsync called with userId=6fa6405a-d852-42c5-817f-c0cd16c5c2e8
2026-08-20T18:26:37.131934138Z Checking CartService Health
2026-08-20T18:26:37.137942165Z Checking CartService Health
2026-08-20T18:26:37.286644096Z AddItemAsync called with userId=cba1eabe-9fa2-4ea5-94da-7b5449b2a8b1, productId=2ZYFJ3GM2N, quantity=4
2026-08-20T18:26:37.318938776Z GetCartAsync called with userId=cba1eabe-9fa2-4ea5-94da-7b5449b2a8b1
2026-08-20T18:26:37.631918239Z GetCartAsync called with userId=e35cdbc1-2ed0-4bec-bc66-901678ac7395
2026-08-20T18:26:38.142271828Z GetCartAsync called with userId=cba1eabe-9fa2-4ea5-94da-7b5449b2a8b1
2026-08-20T18:26:38.205950942Z GetCartAsync called with userId=8870cb35-48e5-45ab-94ac-5eb0b9d3dc41
2026-08-20T18:26:38.407427809Z AddItemAsync called with userId=e35cdbc1-2ed0-4bec-bc66-901678ac7395, productId=2ZYFJ3GM2N, quantity=5
2026-08-20T18:26:38.411002066Z GetCartAsync called with userId=e35cdbc1-2ed0-4bec-bc66-901678ac7395
2026-08-20T18:26:38.485865521Z GetCartAsync called with userId=b23ae0af-66fc-48c3-982a-ce2e587a4f74
2026-08-20T18:26:39.198612586Z GetCartAsync called with userId=f1f7dda7-81d8-47cb-ab27-9aab5835a795
2026-08-20T18:26:40.178814391Z GetCartAsync called with userId=8494152f-8303-4d94-92cf-65c48088bbe8
2026-08-20T18:26:40.559647482Z GetCartAsync called with userId=a582456c-5e50-4b48-9272-8e09a6ab3449
2026-08-20T18:26:40.714364269Z GetCartAsync called with userId=b23ae0af-66fc-48c3-982a-ce2e587a4f74
2026-08-20T18:26:40.952689573Z GetCartAsync called with userId=11b93b3f-3a87-4cb6-881f-9bf889b50835
2026-08-20T18:26:41.253629926Z GetCartAsync called with userId=e35cdbc1-2ed0-4bec-bc66-901678ac7395
2026-08-20T18:26:41.385969629Z GetCartAsync called with userId=1a181e6f-68e2-4fd1-accf-0d94e94e749b
2026-08-20T18:26:41.819405610Z GetCartAsync called with userId=0728d167-2761-48a1-aeec-e206b6deb841
2026-08-20T18:26:41.820754420Z AddItemAsync called with userId=11b93b3f-3a87-4cb6-881f-9bf889b50835, productId=9SIQT8TOJO, quantity=2
2026-08-20T18:26:41.823116487Z GetCartAsync called with userId=eced0255-1d22-451f-a10a-ade79d3edfea
2026-08-20T18:26:41.826263977Z GetCartAsync called with userId=11b93b3f-3a87-4cb6-881f-9bf889b50835
2026-08-20T18:26:41.930717739Z GetCartAsync called with userId=70df1040-b24f-4a7c-be0d-307211fdf697
2026-08-20T18:26:42.221429899Z AddItemAsync called with userId=1a181e6f-68e2-4fd1-accf-0d94e94e749b, productId=0PUK6V6EV0, quantity=2
2026-08-20T18:26:42.233754918Z GetCartAsync called with userId=1a181e6f-68e2-4fd1-accf-0d94e94e749b
2026-08-20T18:26:42.625752847Z GetCartAsync called with userId=11b93b3f-3a87-4cb6-881f-9bf889b50835
2026-08-20T18:26:42.640098581Z EmptyCartAsync called with userId=11b93b3f-3a87-4cb6-881f-9bf889b50835
2026-08-20T18:26:42.702467991Z AddItemAsync called with userId=70df1040-b24f-4a7c-be0d-307211fdf697, productId=L9ECAV7KIM, quantity=10
2026-08-20T18:26:42.719504243Z GetCartAsync called with userId=70df1040-b24f-4a7c-be0d-307211fdf697
2026-08-20T18:26:43.640270394Z GetCartAsync called with userId=b23ae0af-66fc-48c3-982a-ce2e587a4f74
2026-08-20T18:26:45.553621078Z GetCartAsync called with userId=ed2bd629-462b-4498-b459-53ecfb2738ff
2026-08-20T18:26:45.785748017Z GetCartAsync called with userId=cba1eabe-9fa2-4ea5-94da-7b5449b2a8b1
2026-08-20T18:26:45.888437604Z GetCartAsync called with userId=6fa6405a-d852-42c5-817f-c0cd16c5c2e8
2026-08-20T18:26:45.964381075Z GetCartAsync called with userId=f1f7dda7-81d8-47cb-ab27-9aab5835a795
2026-08-20T18:26:46.567854135Z AddItemAsync called with userId=cba1eabe-9fa2-4ea5-94da-7b5449b2a8b1, productId=66VCHSJNUP, quantity=5
2026-08-20T18:26:46.574703706Z GetCartAsync called with userId=cba1eabe-9fa2-4ea5-94da-7b5449b2a8b1
2026-08-20T18:26:46.935662245Z GetCartAsync called with userId=13964ae0-2c1b-42fd-9617-4df3670f57f2
2026-08-20T18:26:47.133909644Z Checking CartService Health
2026-08-20T18:26:47.136952119Z Checking CartService Health
2026-08-20T18:26:47.403181547Z GetCartAsync called with userId=0728d167-2761-48a1-aeec-e206b6deb841
2026-08-20T18:26:47.595280284Z GetCartAsync called with userId=e35cdbc1-2ed0-4bec-bc66-901678ac7395
2026-08-20T18:26:47.702184099Z AddItemAsync called with userId=13964ae0-2c1b-42fd-9617-4df3670f57f2, productId=2ZYFJ3GM2N, quantity=2
2026-08-20T18:26:47.705624337Z GetCartAsync called with userId=13964ae0-2c1b-42fd-9617-4df3670f57f2
2026-08-20T18:26:47.886033146Z GetCartAsync called with userId=ed2bd629-462b-4498-b459-53ecfb2738ff
2026-08-20T18:26:48.450558316Z GetCartAsync called with userId=1a181e6f-68e2-4fd1-accf-0d94e94e749b
2026-08-20T18:26:48.519570506Z GetCartAsync called with userId=8494152f-8303-4d94-92cf-65c48088bbe8
2026-08-20T18:26:48.545298729Z GetCartAsync called with userId=8870cb35-48e5-45ab-94ac-5eb0b9d3dc41
2026-08-20T18:26:48.638021627Z GetCartAsync called with userId=eced0255-1d22-451f-a10a-ade79d3edfea
2026-08-20T18:26:49.220070437Z AddItemAsync called with userId=1a181e6f-68e2-4fd1-accf-0d94e94e749b, productId=2ZYFJ3GM2N, quantity=7
2026-08-20T18:26:49.224757670Z GetCartAsync called with userId=1a181e6f-68e2-4fd1-accf-0d94e94e749b
2026-08-20T18:26:49.365418364Z GetCartAsync called with userId=a582456c-5e50-4b48-9272-8e09a6ab3449
2026-08-20T18:26:50.048717905Z GetCartAsync called with userId=0728d167-2761-48a1-aeec-e206b6deb841
2026-08-20T18:26:50.229221028Z GetCartAsync called with userId=cba1eabe-9fa2-4ea5-94da-7b5449b2a8b1
2026-08-20T18:26:50.922083165Z GetCartAsync called with userId=e35cdbc1-2ed0-4bec-bc66-901678ac7395
2026-08-20T18:26:50.932631414Z GetCartAsync called with userId=70df1040-b24f-4a7c-be0d-307211fdf697
2026-08-20T18:26:50.963477937Z GetCartAsync called with userId=11b93b3f-3a87-4cb6-881f-9bf889b50835
2026-08-20T18:26:51.693395967Z AddItemAsync called with userId=70df1040-b24f-4a7c-be0d-307211fdf697, productId=0PUK6V6EV0, quantity=10
2026-08-20T18:26:51.697387492Z GetCartAsync called with userId=70df1040-b24f-4a7c-be0d-307211fdf697
2026-08-20T18:26:51.741551997Z GetCartAsync called with userId=ed2bd629-462b-4498-b459-53ecfb2738ff
2026-08-20T18:26:52.297854481Z GetCartAsync called with userId=cba1eabe-9fa2-4ea5-94da-7b5449b2a8b1
2026-08-20T18:26:52.844860311Z GetCartAsync called with userId=0728d167-2761-48a1-aeec-e206b6deb841
2026-08-20T18:26:52.906935317Z GetCartAsync called with userId=11b93b3f-3a87-4cb6-881f-9bf889b50835
2026-08-20T18:26:53.071872507Z AddItemAsync called with userId=cba1eabe-9fa2-4ea5-94da-7b5449b2a8b1, productId=L9ECAV7KIM, quantity=9
2026-08-20T18:26:53.080447548Z GetCartAsync called with userId=cba1eabe-9fa2-4ea5-94da-7b5449b2a8b1
2026-08-20T18:26:53.268513954Z GetCartAsync called with userId=8494152f-8303-4d94-92cf-65c48088bbe8
2026-08-20T18:26:53.711409205Z GetCartAsync called with userId=b23ae0af-66fc-48c3-982a-ce2e587a4f74
2026-08-20T18:26:54.282990531Z GetCartAsync called with userId=6fa6405a-d852-42c5-817f-c0cd16c5c2e8
2026-08-20T18:26:54.621361426Z GetCartAsync called with userId=f1f7dda7-81d8-47cb-ab27-9aab5835a795
2026-08-20T18:26:54.838483175Z GetCartAsync called with userId=ed2bd629-462b-4498-b459-53ecfb2738ff
2026-08-20T18:26:55.607636431Z GetCartAsync called with userId=8494152f-8303-4d94-92cf-65c48088bbe8
2026-08-20T18:26:55.721950900Z AddItemAsync called with userId=ed2bd629-462b-4498-b459-53ecfb2738ff, productId=6E92ZMYYFZ, quantity=9
2026-08-20T18:26:55.740607800Z GetCartAsync called with userId=ed2bd629-462b-4498-b459-53ecfb2738ff
2026-08-20T18:26:56.511269291Z GetCartAsync called with userId=13964ae0-2c1b-42fd-9617-4df3670f57f2
2026-08-20T18:26:56.608100042Z GetCartAsync called with userId=b23ae0af-66fc-48c3-982a-ce2e587a4f74
2026-08-20T18:26:57.134293633Z Checking CartService Health
2026-08-20T18:26:57.139543949Z Checking CartService Health
2026-08-20T18:26:57.185697623Z GetCartAsync called with userId=8870cb35-48e5-45ab-94ac-5eb0b9d3dc41
2026-08-20T18:26:57.420672347Z GetCartAsync called with userId=eced0255-1d22-451f-a10a-ade79d3edfea
2026-08-20T18:26:57.526126839Z GetCartAsync called with userId=11b93b3f-3a87-4cb6-881f-9bf889b50835
2026-08-20T18:26:57.747585162Z GetCartAsync called with userId=1a181e6f-68e2-4fd1-accf-0d94e94e749b
2026-08-20T18:26:58.298708627Z AddItemAsync called with userId=11b93b3f-3a87-4cb6-881f-9bf889b50835, productId=L9ECAV7KIM, quantity=8
2026-08-20T18:26:58.307742132Z GetCartAsync called with userId=11b93b3f-3a87-4cb6-881f-9bf889b50835
2026-08-20T18:26:58.557222210Z AddItemAsync called with userId=1a181e6f-68e2-4fd1-accf-0d94e94e749b, productId=LS4PSXUNUM, quantity=9
2026-08-20T18:26:58.623235071Z GetCartAsync called with userId=1a181e6f-68e2-4fd1-accf-0d94e94e749b
2026-08-20T18:26:58.705613576Z GetCartAsync called with userId=a582456c-5e50-4b48-9272-8e09a6ab3449
2026-08-20T18:26:58.831598259Z GetCartAsync called with userId=6fa6405a-d852-42c5-817f-c0cd16c5c2e8
2026-08-20T18:26:59.153938063Z GetCartAsync called with userId=0728d167-2761-48a1-aeec-e206b6deb841
2026-08-20T18:26:59.748753820Z GetCartAsync called with userId=cba1eabe-9fa2-4ea5-94da-7b5449b2a8b1
2026-08-20T18:27:00.767465667Z GetCartAsync called with userId=13964ae0-2c1b-42fd-9617-4df3670f57f2
2026-08-20T18:27:01.481009179Z GetCartAsync called with userId=e35cdbc1-2ed0-4bec-bc66-901678ac7395
2026-08-20T18:27:01.829266512Z GetCartAsync called with userId=6fa6405a-d852-42c5-817f-c0cd16c5c2e8
2026-08-20T18:27:01.862547485Z GetCartAsync called with userId=70df1040-b24f-4a7c-be0d-307211fdf697
2026-08-20T18:27:02.630589220Z AddItemAsync called with userId=70df1040-b24f-4a7c-be0d-307211fdf697, productId=6E92ZMYYFZ, quantity=2
2026-08-20T18:27:02.636969681Z GetCartAsync called with userId=70df1040-b24f-4a7c-be0d-307211fdf697
2026-08-20T18:27:02.761467133Z GetCartAsync called with userId=b23ae0af-66fc-48c3-982a-ce2e587a4f74
2026-08-20T18:27:02.814785164Z GetCartAsync called with userId=13964ae0-2c1b-42fd-9617-4df3670f57f2
2026-08-20T18:27:02.953367537Z GetCartAsync called with userId=8870cb35-48e5-45ab-94ac-5eb0b9d3dc41
2026-08-20T18:27:03.635019309Z GetCartAsync called with userId=11b93b3f-3a87-4cb6-881f-9bf889b50835
2026-08-20T18:27:04.196308752Z GetCartAsync called with userId=0728d167-2761-48a1-aeec-e206b6deb841
2026-08-20T18:27:04.616735878Z GetCartAsync called with userId=ed2bd629-462b-4498-b459-53ecfb2738ff
2026-08-20T18:27:04.992671102Z GetCartAsync called with userId=f1f7dda7-81d8-47cb-ab27-9aab5835a795
2026-08-20T18:27:07.129263220Z Checking CartService Health
2026-08-20T18:27:07.133640679Z Checking CartService Health
2026-08-20T18:27:08.140858689Z GetCartAsync called with userId=ed2bd629-462b-4498-b459-53ecfb2738ff
2026-08-20T18:27:08.385631757Z GetCartAsync called with userId=1a181e6f-68e2-4fd1-accf-0d94e94e749b
2026-08-20T18:27:08.899865912Z GetCartAsync called with userId=cba1eabe-9fa2-4ea5-94da-7b5449b2a8b1
2026-08-20T18:27:09.135916767Z GetCartAsync called with userId=e35cdbc1-2ed0-4bec-bc66-901678ac7395
2026-08-20T18:27:09.148985135Z AddItemAsync called with userId=1a181e6f-68e2-4fd1-accf-0d94e94e749b, productId=9SIQT8TOJO, quantity=10
2026-08-20T18:27:09.152808011Z GetCartAsync called with userId=1a181e6f-68e2-4fd1-accf-0d94e94e749b
2026-08-20T18:27:09.698075640Z GetCartAsync called with userId=8494152f-8303-4d94-92cf-65c48088bbe8
2026-08-20T18:27:10.130945420Z GetCartAsync called with userId=a582456c-5e50-4b48-9272-8e09a6ab3449
2026-08-20T18:27:10.668710478Z GetCartAsync called with userId=6fa6405a-d852-42c5-817f-c0cd16c5c2e8
2026-08-20T18:27:10.993684677Z AddItemAsync called with userId=a582456c-5e50-4b48-9272-8e09a6ab3449, productId=66VCHSJNUP, quantity=3
2026-08-20T18:27:11.003166168Z GetCartAsync called with userId=a582456c-5e50-4b48-9272-8e09a6ab3449
2026-08-20T18:27:11.492820361Z GetCartAsync called with userId=eced0255-1d22-451f-a10a-ade79d3edfea
2026-08-20T18:27:11.498629875Z GetCartAsync called with userId=1a181e6f-68e2-4fd1-accf-0d94e94e749b
2026-08-20T18:27:11.602354484Z GetCartAsync called with userId=8870cb35-48e5-45ab-94ac-5eb0b9d3dc41
2026-08-20T18:27:11.869814840Z GetCartAsync called with userId=a582456c-5e50-4b48-9272-8e09a6ab3449
2026-08-20T18:27:11.914712599Z GetCartAsync called with userId=11b93b3f-3a87-4cb6-881f-9bf889b50835
2026-08-20T18:27:11.999501932Z GetCartAsync called with userId=0728d167-2761-48a1-aeec-e206b6deb841
2026-08-20T18:27:11.999536037Z GetCartAsync called with userId=70df1040-b24f-4a7c-be0d-307211fdf697
2026-08-20T18:27:12.003972635Z EmptyCartAsync called with userId=a582456c-5e50-4b48-9272-8e09a6ab3449
2026-08-20T18:27:12.130158176Z GetCartAsync called with userId=13964ae0-2c1b-42fd-9617-4df3670f57f2
2026-08-20T18:27:12.422864201Z AddItemAsync called with userId=1a181e6f-68e2-4fd1-accf-0d94e94e749b, productId=9SIQT8TOJO, quantity=7
2026-08-20T18:27:12.614041362Z GetCartAsync called with userId=f1f7dda7-81d8-47cb-ab27-9aab5835a795
2026-08-20T18:27:12.614075967Z GetCartAsync called with userId=1a181e6f-68e2-4fd1-accf-0d94e94e749b
2026-08-20T18:27:12.617684535Z GetCartAsync called with userId=e35cdbc1-2ed0-4bec-bc66-901678ac7395
2026-08-20T18:27:12.847822522Z AddItemAsync called with userId=0728d167-2761-48a1-aeec-e206b6deb841, productId=9SIQT8TOJO, quantity=5
2026-08-20T18:27:12.927948621Z GetCartAsync called with userId=0728d167-2761-48a1-aeec-e206b6deb841
2026-08-20T18:27:13.486617166Z GetCartAsync called with userId=1a181e6f-68e2-4fd1-accf-0d94e94e749b
2026-08-20T18:27:13.502957135Z EmptyCartAsync called with userId=1a181e6f-68e2-4fd1-accf-0d94e94e749b
2026-08-20T18:27:13.708472651Z GetCartAsync called with userId=0728d167-2761-48a1-aeec-e206b6deb841
2026-08-20T18:27:13.727085877Z EmptyCartAsync called with userId=0728d167-2761-48a1-aeec-e206b6deb841
2026-08-20T18:27:13.844322812Z GetCartAsync called with userId=eced0255-1d22-451f-a10a-ade79d3edfea
2026-08-20T18:27:14.117940335Z GetCartAsync called with userId=ed2bd629-462b-4498-b459-53ecfb2738ff
2026-08-20T18:27:14.615880331Z GetCartAsync called with userId=b23ae0af-66fc-48c3-982a-ce2e587a4f74
2026-08-20T18:27:14.902820950Z AddItemAsync called with userId=ed2bd629-462b-4498-b459-53ecfb2738ff, productId=L9ECAV7KIM, quantity=10
2026-08-20T18:27:14.918676243Z GetCartAsync called with userId=ed2bd629-462b-4498-b459-53ecfb2738ff
2026-08-20T18:27:15.962368353Z GetCartAsync called with userId=11b93b3f-3a87-4cb6-881f-9bf889b50835
2026-08-20T18:27:16.510949712Z GetCartAsync called with userId=a582456c-5e50-4b48-9272-8e09a6ab3449
2026-08-20T18:27:17.139876905Z Checking CartService Health
2026-08-20T18:27:17.143615893Z Checking CartService Health
2026-08-20T18:27:17.388153244Z GetCartAsync called with userId=e35cdbc1-2ed0-4bec-bc66-901678ac7395
2026-08-20T18:27:17.600634155Z GetCartAsync called with userId=8494152f-8303-4d94-92cf-65c48088bbe8
2026-08-20T18:27:17.812256830Z GetCartAsync called with userId=6fa6405a-d852-42c5-817f-c0cd16c5c2e8
2026-08-20T18:27:17.875600690Z GetCartAsync called with userId=cba1eabe-9fa2-4ea5-94da-7b5449b2a8b1
2026-08-20T18:27:18.366236707Z AddItemAsync called with userId=8494152f-8303-4d94-92cf-65c48088bbe8, productId=1YMWWN1N4O, quantity=2
2026-08-20T18:27:18.370607396Z GetCartAsync called with userId=8494152f-8303-4d94-92cf-65c48088bbe8
2026-08-20T18:27:18.507436767Z GetCartAsync called with userId=70df1040-b24f-4a7c-be0d-307211fdf697
2026-08-20T18:27:19.143273408Z GetCartAsync called with userId=f1f7dda7-81d8-47cb-ab27-9aab5835a795
2026-08-20T18:27:19.426487957Z GetCartAsync called with userId=8494152f-8303-4d94-92cf-65c48088bbe8
2026-08-20T18:27:19.439174057Z EmptyCartAsync called with userId=8494152f-8303-4d94-92cf-65c48088bbe8
2026-08-20T18:27:21.333421587Z GetCartAsync called with userId=13964ae0-2c1b-42fd-9617-4df3670f57f2
2026-08-20T18:27:21.382914190Z GetCartAsync called with userId=eced0255-1d22-451f-a10a-ade79d3edfea
2026-08-20T18:27:21.408049652Z GetCartAsync called with userId=8870cb35-48e5-45ab-94ac-5eb0b9d3dc41
2026-08-20T18:27:22.092261719Z GetCartAsync called with userId=f1f7dda7-81d8-47cb-ab27-9aab5835a795
2026-08-20T18:27:22.691916055Z GetCartAsync called with userId=ed2bd629-462b-4498-b459-53ecfb2738ff
2026-08-20T18:27:22.786816316Z GetCartAsync called with userId=11b93b3f-3a87-4cb6-881f-9bf889b50835
2026-08-20T18:27:22.918759617Z GetCartAsync called with userId=70df1040-b24f-4a7c-be0d-307211fdf697
2026-08-20T18:27:23.552131969Z AddItemAsync called with userId=11b93b3f-3a87-4cb6-881f-9bf889b50835, productId=2ZYFJ3GM2N, quantity=8
2026-08-20T18:27:23.554806791Z GetCartAsync called with userId=11b93b3f-3a87-4cb6-881f-9bf889b50835
2026-08-20T18:27:23.569433397Z GetCartAsync called with userId=1a181e6f-68e2-4fd1-accf-0d94e94e749b
2026-08-20T18:27:23.610500371Z GetCartAsync called with userId=6fa6405a-d852-42c5-817f-c0cd16c5c2e8
2026-08-20T18:27:23.714901830Z GetCartAsync called with userId=b23ae0af-66fc-48c3-982a-ce2e587a4f74
2026-08-20T18:27:24.519328249Z GetCartAsync called with userId=f1f7dda7-81d8-47cb-ab27-9aab5835a795
2026-08-20T18:27:24.519593791Z GetCartAsync called with userId=0728d167-2761-48a1-aeec-e206b6deb841
2026-08-20T18:27:24.519811325Z GetCartAsync called with userId=11b93b3f-3a87-4cb6-881f-9bf889b50835
2026-08-20T18:27:24.707875073Z EmptyCartAsync called with userId=11b93b3f-3a87-4cb6-881f-9bf889b50835
2026-08-20T18:27:25.617704409Z AddItemAsync called with userId=0728d167-2761-48a1-aeec-e206b6deb841, productId=L9ECAV7KIM, quantity=8
2026-08-20T18:27:25.633769842Z GetCartAsync called with userId=cba1eabe-9fa2-4ea5-94da-7b5449b2a8b1
2026-08-20T18:27:25.633833552Z GetCartAsync called with userId=0728d167-2761-48a1-aeec-e206b6deb841
2026-08-20T18:27:26.479626507Z GetCartAsync called with userId=0728d167-2761-48a1-aeec-e206b6deb841
2026-08-20T18:27:26.484534274Z EmptyCartAsync called with userId=0728d167-2761-48a1-aeec-e206b6deb841
2026-08-20T18:27:27.125189512Z Checking CartService Health
2026-08-20T18:27:27.131768241Z Checking CartService Health
2026-08-20T18:27:27.199373908Z GetCartAsync called with userId=13964ae0-2c1b-42fd-9617-4df3670f57f2
2026-08-20T18:27:27.327408521Z GetCartAsync called with userId=8494152f-8303-4d94-92cf-65c48088bbe8
2026-08-20T18:27:27.742685431Z GetCartAsync called with userId=eced0255-1d22-451f-a10a-ade79d3edfea
2026-08-20T18:27:28.507880036Z GetCartAsync called with userId=70df1040-b24f-4a7c-be0d-307211fdf697
2026-08-20T18:27:28.589755033Z GetCartAsync called with userId=0728d167-2761-48a1-aeec-e206b6deb841
2026-08-20T18:27:29.386916435Z GetCartAsync called with userId=a582456c-5e50-4b48-9272-8e09a6ab3449
2026-08-20T18:27:29.514802224Z GetCartAsync called with userId=b23ae0af-66fc-48c3-982a-ce2e587a4f74
2026-08-20T18:27:30.051387496Z GetCartAsync called with userId=13964ae0-2c1b-42fd-9617-4df3670f57f2
2026-08-20T18:27:30.132183225Z GetCartAsync called with userId=ed2bd629-462b-4498-b459-53ecfb2738ff
2026-08-20T18:27:30.611419232Z GetCartAsync called with userId=f1f7dda7-81d8-47cb-ab27-9aab5835a795
2026-08-20T18:27:30.913896811Z AddItemAsync called with userId=ed2bd629-462b-4498-b459-53ecfb2738ff, productId=LS4PSXUNUM, quantity=2
2026-08-20T18:27:30.920803991Z GetCartAsync called with userId=ed2bd629-462b-4498-b459-53ecfb2738ff
2026-08-20T18:27:31.306204932Z GetCartAsync called with userId=e35cdbc1-2ed0-4bec-bc66-901678ac7395
2026-08-20T18:27:31.383749952Z AddItemAsync called with userId=f1f7dda7-81d8-47cb-ab27-9aab5835a795, productId=0PUK6V6EV0, quantity=3
2026-08-20T18:27:31.388906758Z GetCartAsync called with userId=f1f7dda7-81d8-47cb-ab27-9aab5835a795
2026-08-20T18:27:31.617262352Z GetCartAsync called with userId=70df1040-b24f-4a7c-be0d-307211fdf697
2026-08-20T18:27:31.817863807Z GetCartAsync called with userId=ed2bd629-462b-4498-b459-53ecfb2738ff
2026-08-20T18:27:31.833130593Z EmptyCartAsync called with userId=ed2bd629-462b-4498-b459-53ecfb2738ff
2026-08-20T18:27:32.184859371Z GetCartAsync called with userId=f1f7dda7-81d8-47cb-ab27-9aab5835a795
2026-08-20T18:27:32.214405289Z EmptyCartAsync called with userId=f1f7dda7-81d8-47cb-ab27-9aab5835a795
2026-08-20T18:27:32.966284098Z GetCartAsync called with userId=8870cb35-48e5-45ab-94ac-5eb0b9d3dc41
2026-08-20T18:27:33.129667236Z GetCartAsync called with userId=6fa6405a-d852-42c5-817f-c0cd16c5c2e8
2026-08-20T18:27:33.156679858Z GetCartAsync called with userId=1a181e6f-68e2-4fd1-accf-0d94e94e749b
2026-08-20T18:27:33.586242602Z GetCartAsync called with userId=b23ae0af-66fc-48c3-982a-ce2e587a4f74
2026-08-20T18:27:33.730171499Z GetCartAsync called with userId=ed2bd629-462b-4498-b459-53ecfb2738ff
2026-08-20T18:27:33.992984574Z GetCartAsync called with userId=11b93b3f-3a87-4cb6-881f-9bf889b50835
2026-08-20T18:27:34.380928755Z AddItemAsync called with userId=b23ae0af-66fc-48c3-982a-ce2e587a4f74, productId=LS4PSXUNUM, quantity=4
2026-08-20T18:27:34.416243961Z GetCartAsync called with userId=8494152f-8303-4d94-92cf-65c48088bbe8
2026-08-20T18:27:34.416297769Z GetCartAsync called with userId=b23ae0af-66fc-48c3-982a-ce2e587a4f74
2026-08-20T18:27:34.897761130Z GetCartAsync called with userId=eced0255-1d22-451f-a10a-ade79d3edfea
2026-08-20T18:27:35.689721798Z AddItemAsync called with userId=eced0255-1d22-451f-a10a-ade79d3edfea, productId=0PUK6V6EV0, quantity=10
2026-08-20T18:27:35.719372820Z GetCartAsync called with userId=eced0255-1d22-451f-a10a-ade79d3edfea
2026-08-20T18:27:35.734458272Z GetCartAsync called with userId=1a181e6f-68e2-4fd1-accf-0d94e94e749b
2026-08-20T18:27:35.819462424Z GetCartAsync called with userId=6fa6405a-d852-42c5-817f-c0cd16c5c2e8
2026-08-20T18:27:35.916685182Z GetCartAsync called with userId=ed2bd629-462b-4498-b459-53ecfb2738ff
2026-08-20T18:27:36.605911933Z GetCartAsync called with userId=eced0255-1d22-451f-a10a-ade79d3edfea
2026-08-20T18:27:36.704892164Z AddItemAsync called with userId=1a181e6f-68e2-4fd1-accf-0d94e94e749b, productId=L9ECAV7KIM, quantity=10
2026-08-20T18:27:36.709656807Z EmptyCartAsync called with userId=eced0255-1d22-451f-a10a-ade79d3edfea
2026-08-20T18:27:36.791535472Z GetCartAsync called with userId=1a181e6f-68e2-4fd1-accf-0d94e94e749b
2026-08-20T18:27:36.957647769Z GetCartAsync called with userId=13964ae0-2c1b-42fd-9617-4df3670f57f2
2026-08-20T18:27:37.125324110Z Checking CartService Health
2026-08-20T18:27:37.129264424Z Checking CartService Health
2026-08-20T18:27:38.159737376Z GetCartAsync called with userId=cba1eabe-9fa2-4ea5-94da-7b5449b2a8b1
2026-08-20T18:27:38.439816241Z GetCartAsync called with userId=a582456c-5e50-4b48-9272-8e09a6ab3449
2026-08-20T18:27:38.450614824Z GetCartAsync called with userId=0728d167-2761-48a1-aeec-e206b6deb841
2026-08-20T18:27:38.996766770Z GetCartAsync called with userId=f1f7dda7-81d8-47cb-ab27-9aab5835a795
2026-08-20T18:27:39.213153805Z AddItemAsync called with userId=0728d167-2761-48a1-aeec-e206b6deb841, productId=LS4PSXUNUM, quantity=3
2026-08-20T18:27:39.217053613Z GetCartAsync called with userId=0728d167-2761-48a1-aeec-e206b6deb841
2026-08-20T18:27:39.389162245Z GetCartAsync called with userId=8494152f-8303-4d94-92cf-65c48088bbe8
2026-08-20T18:27:39.603576672Z GetCartAsync called with userId=70df1040-b24f-4a7c-be0d-307211fdf697
2026-08-20T18:27:40.188837015Z GetCartAsync called with userId=1a181e6f-68e2-4fd1-accf-0d94e94e749b
2026-08-20T18:27:41.142453485Z GetCartAsync called with userId=e35cdbc1-2ed0-4bec-bc66-901678ac7395
2026-08-20T18:27:41.519906030Z GetCartAsync called with userId=eced0255-1d22-451f-a10a-ade79d3edfea
2026-08-20T18:27:41.581089769Z GetCartAsync called with userId=b23ae0af-66fc-48c3-982a-ce2e587a4f74
2026-08-20T18:27:41.836743825Z GetCartAsync called with userId=ed2bd629-462b-4498-b459-53ecfb2738ff
2026-08-20T18:27:41.929200740Z AddItemAsync called with userId=e35cdbc1-2ed0-4bec-bc66-901678ac7395, productId=66VCHSJNUP, quantity=1
2026-08-20T18:27:41.945111720Z GetCartAsync called with userId=e35cdbc1-2ed0-4bec-bc66-901678ac7395
2026-08-20T18:27:42.218559037Z GetCartAsync called with userId=8870cb35-48e5-45ab-94ac-5eb0b9d3dc41
2026-08-20T18:27:42.284297181Z AddItemAsync called with userId=eced0255-1d22-451f-a10a-ade79d3edfea, productId=1YMWWN1N4O, quantity=8
2026-08-20T18:27:42.292326032Z GetCartAsync called with userId=eced0255-1d22-451f-a10a-ade79d3edfea
2026-08-20T18:27:42.943551618Z GetCartAsync called with userId=11b93b3f-3a87-4cb6-881f-9bf889b50835
2026-08-20T18:27:44.715456947Z GetCartAsync called with userId=a582456c-5e50-4b48-9272-8e09a6ab3449
2026-08-20T18:27:44.862523365Z GetCartAsync called with userId=8870cb35-48e5-45ab-94ac-5eb0b9d3dc41
2026-08-20T18:27:45.230912374Z GetCartAsync called with userId=8494152f-8303-4d94-92cf-65c48088bbe8
2026-08-20T18:27:45.443483801Z GetCartAsync called with userId=e35cdbc1-2ed0-4bec-bc66-901678ac7395
2026-08-20T18:27:45.525756222Z AddItemAsync called with userId=a582456c-5e50-4b48-9272-8e09a6ab3449, productId=OLJCESPC7Z, quantity=6
2026-08-20T18:27:45.611789329Z GetCartAsync called with userId=a582456c-5e50-4b48-9272-8e09a6ab3449
2026-08-20T18:27:46.568823471Z GetCartAsync called with userId=0728d167-2761-48a1-aeec-e206b6deb841
2026-08-20T18:27:47.131778800Z Checking CartService Health
2026-08-20T18:27:47.142944340Z Checking CartService Health
2026-08-20T18:27:47.365427411Z GetCartAsync called with userId=8870cb35-48e5-45ab-94ac-5eb0b9d3dc41
2026-08-20T18:27:47.421502950Z GetCartAsync called with userId=f1f7dda7-81d8-47cb-ab27-9aab5835a795
2026-08-20T18:27:47.594783654Z GetCartAsync called with userId=ed2bd629-462b-4498-b459-53ecfb2738ff
2026-08-20T18:27:47.895163164Z GetCartAsync called with userId=70df1040-b24f-4a7c-be0d-307211fdf697
2026-08-20T18:27:47.994809393Z GetCartAsync called with userId=cba1eabe-9fa2-4ea5-94da-7b5449b2a8b1
2026-08-20T18:27:49.007650931Z GetCartAsync called with userId=1a181e6f-68e2-4fd1-accf-0d94e94e749b
2026-08-20T18:27:49.158705071Z GetCartAsync called with userId=6fa6405a-d852-42c5-817f-c0cd16c5c2e8
2026-08-20T18:27:49.662818431Z GetCartAsync called with userId=8870cb35-48e5-45ab-94ac-5eb0b9d3dc41
2026-08-20T18:27:50.008140145Z GetCartAsync called with userId=b23ae0af-66fc-48c3-982a-ce2e587a4f74
2026-08-20T18:27:50.258178742Z GetCartAsync called with userId=ed2bd629-462b-4498-b459-53ecfb2738ff
2026-08-20T18:27:50.373486215Z GetCartAsync called with userId=eced0255-1d22-451f-a10a-ade79d3edfea
2026-08-20T18:27:50.483376767Z GetCartAsync called with userId=13964ae0-2c1b-42fd-9617-4df3670f57f2
2026-08-20T18:27:50.787224010Z AddItemAsync called with userId=b23ae0af-66fc-48c3-982a-ce2e587a4f74, productId=0PUK6V6EV0, quantity=7
2026-08-20T18:27:50.812327114Z GetCartAsync called with userId=b23ae0af-66fc-48c3-982a-ce2e587a4f74
2026-08-20T18:27:51.015570213Z GetCartAsync called with userId=8494152f-8303-4d94-92cf-65c48088bbe8
2026-08-20T18:27:51.233587850Z GetCartAsync called with userId=a582456c-5e50-4b48-9272-8e09a6ab3449
2026-08-20T18:27:51.248925874Z AddItemAsync called with userId=13964ae0-2c1b-42fd-9617-4df3670f57f2, productId=OLJCESPC7Z, quantity=3
2026-08-20T18:27:51.254448011Z GetCartAsync called with userId=13964ae0-2c1b-42fd-9617-4df3670f57f2
2026-08-20T18:27:51.665681227Z GetCartAsync called with userId=b23ae0af-66fc-48c3-982a-ce2e587a4f74
2026-08-20T18:27:51.716138873Z EmptyCartAsync called with userId=b23ae0af-66fc-48c3-982a-ce2e587a4f74
2026-08-20T18:27:51.793319168Z AddItemAsync called with userId=8494152f-8303-4d94-92cf-65c48088bbe8, productId=9SIQT8TOJO, quantity=2
2026-08-20T18:27:51.797998278Z GetCartAsync called with userId=8494152f-8303-4d94-92cf-65c48088bbe8
2026-08-20T18:27:52.421738696Z GetCartAsync called with userId=6fa6405a-d852-42c5-817f-c0cd16c5c2e8
2026-08-20T18:27:52.522936331Z GetCartAsync called with userId=0728d167-2761-48a1-aeec-e206b6deb841
2026-08-20T18:27:52.622211574Z GetCartAsync called with userId=cba1eabe-9fa2-4ea5-94da-7b5449b2a8b1
2026-08-20T18:27:52.722764812Z GetCartAsync called with userId=8494152f-8303-4d94-92cf-65c48088bbe8
2026-08-20T18:27:52.808609320Z EmptyCartAsync called with userId=8494152f-8303-4d94-92cf-65c48088bbe8
2026-08-20T18:27:53.041714043Z GetCartAsync called with userId=11b93b3f-3a87-4cb6-881f-9bf889b50835
2026-08-20T18:27:54.681168377Z GetCartAsync called with userId=eced0255-1d22-451f-a10a-ade79d3edfea
2026-08-20T18:27:54.805844470Z GetCartAsync called with userId=1a181e6f-68e2-4fd1-accf-0d94e94e749b
2026-08-20T18:27:55.449080943Z GetCartAsync called with userId=ed2bd629-462b-4498-b459-53ecfb2738ff
2026-08-20T18:27:55.453226171Z AddItemAsync called with userId=eced0255-1d22-451f-a10a-ade79d3edfea, productId=L9ECAV7KIM, quantity=4
2026-08-20T18:27:55.456980840Z GetCartAsync called with userId=eced0255-1d22-451f-a10a-ade79d3edfea
2026-08-20T18:27:55.924894545Z GetCartAsync called with userId=70df1040-b24f-4a7c-be0d-307211fdf697
2026-08-20T18:27:55.951537982Z GetCartAsync called with userId=6fa6405a-d852-42c5-817f-c0cd16c5c2e8
2026-08-20T18:27:56.224032374Z GetCartAsync called with userId=e35cdbc1-2ed0-4bec-bc66-901678ac7395
2026-08-20T18:27:56.224675872Z AddItemAsync called with userId=ed2bd629-462b-4498-b459-53ecfb2738ff, productId=6E92ZMYYFZ, quantity=5
2026-08-20T18:27:56.319736477Z GetCartAsync called with userId=ed2bd629-462b-4498-b459-53ecfb2738ff
2026-08-20T18:27:56.329938623Z GetCartAsync called with userId=eced0255-1d22-451f-a10a-ade79d3edfea
2026-08-20T18:27:56.410014757Z EmptyCartAsync called with userId=eced0255-1d22-451f-a10a-ade79d3edfea
2026-08-20T18:27:56.685905664Z GetCartAsync called with userId=8870cb35-48e5-45ab-94ac-5eb0b9d3dc41
2026-08-20T18:27:56.714711629Z AddItemAsync called with userId=70df1040-b24f-4a7c-be0d-307211fdf697, productId=9SIQT8TOJO, quantity=4
2026-08-20T18:27:56.794576532Z GetCartAsync called with userId=70df1040-b24f-4a7c-be0d-307211fdf697
2026-08-20T18:27:57.108316874Z GetCartAsync called with userId=ed2bd629-462b-4498-b459-53ecfb2738ff
2026-08-20T18:27:57.126277396Z Checking CartService Health
2026-08-20T18:27:57.129579496Z Checking CartService Health
2026-08-20T18:27:57.362039822Z EmptyCartAsync called with userId=ed2bd629-462b-4498-b459-53ecfb2738ff
2026-08-20T18:27:57.627026376Z GetCartAsync called with userId=70df1040-b24f-4a7c-be0d-307211fdf697
2026-08-20T18:27:57.658911308Z EmptyCartAsync called with userId=70df1040-b24f-4a7c-be0d-307211fdf697
2026-08-20T18:27:57.987740737Z GetCartAsync called with userId=b23ae0af-66fc-48c3-982a-ce2e587a4f74
2026-08-20T18:27:58.050990320Z GetCartAsync called with userId=11b93b3f-3a87-4cb6-881f-9bf889b50835
2026-08-20T18:27:58.193347686Z GetCartAsync called with userId=8494152f-8303-4d94-92cf-65c48088bbe8
2026-08-20T18:27:58.446951372Z GetCartAsync called with userId=0728d167-2761-48a1-aeec-e206b6deb841
2026-08-20T18:27:58.982630139Z AddItemAsync called with userId=8494152f-8303-4d94-92cf-65c48088bbe8, productId=L9ECAV7KIM, quantity=5
2026-08-20T18:27:59.020933442Z GetCartAsync called with userId=8494152f-8303-4d94-92cf-65c48088bbe8
2026-08-20T18:27:59.210690922Z AddItemAsync called with userId=0728d167-2761-48a1-aeec-e206b6deb841, productId=2ZYFJ3GM2N, quantity=8
2026-08-20T18:27:59.214401416Z GetCartAsync called with userId=0728d167-2761-48a1-aeec-e206b6deb841
2026-08-20T18:27:59.527191188Z GetCartAsync called with userId=8870cb35-48e5-45ab-94ac-5eb0b9d3dc41
2026-08-20T18:27:59.601248354Z GetCartAsync called with userId=a582456c-5e50-4b48-9272-8e09a6ab3449
2026-08-20T18:28:00.351035645Z GetCartAsync called with userId=11b93b3f-3a87-4cb6-881f-9bf889b50835
2026-08-20T18:28:00.476016696Z GetCartAsync called with userId=f1f7dda7-81d8-47cb-ab27-9aab5835a795
2026-08-20T18:28:00.650624958Z GetCartAsync called with userId=cba1eabe-9fa2-4ea5-94da-7b5449b2a8b1
2026-08-20T18:28:01.174450845Z GetCartAsync called with userId=ed2bd629-462b-4498-b459-53ecfb2738ff
2026-08-20T18:28:02.016162583Z GetCartAsync called with userId=13964ae0-2c1b-42fd-9617-4df3670f57f2
2026-08-20T18:28:02.558150197Z GetCartAsync called with userId=e35cdbc1-2ed0-4bec-bc66-901678ac7395
2026-08-20T18:28:03.533650259Z GetCartAsync called with userId=1a181e6f-68e2-4fd1-accf-0d94e94e749b
2026-08-20T18:28:05.168885514Z GetCartAsync called with userId=f1f7dda7-81d8-47cb-ab27-9aab5835a795
2026-08-20T18:28:05.246915210Z GetCartAsync called with userId=eced0255-1d22-451f-a10a-ade79d3edfea
2026-08-20T18:28:05.364938534Z GetCartAsync called with userId=11b93b3f-3a87-4cb6-881f-9bf889b50835
2026-08-20T18:28:05.559897107Z GetCartAsync called with userId=70df1040-b24f-4a7c-be0d-307211fdf697
2026-08-20T18:28:05.692990239Z GetCartAsync called with userId=6fa6405a-d852-42c5-817f-c0cd16c5c2e8
2026-08-20T18:28:06.031108485Z AddItemAsync called with userId=eced0255-1d22-451f-a10a-ade79d3edfea, productId=1YMWWN1N4O, quantity=1
2026-08-20T18:28:06.040391006Z GetCartAsync called with userId=eced0255-1d22-451f-a10a-ade79d3edfea
2026-08-20T18:28:06.361870648Z AddItemAsync called with userId=70df1040-b24f-4a7c-be0d-307211fdf697, productId=0PUK6V6EV0, quantity=5
2026-08-20T18:28:06.416883121Z GetCartAsync called with userId=70df1040-b24f-4a7c-be0d-307211fdf697
2026-08-20T18:28:06.511748886Z AddItemAsync called with userId=6fa6405a-d852-42c5-817f-c0cd16c5c2e8, productId=66VCHSJNUP, quantity=7
2026-08-20T18:28:06.516629820Z GetCartAsync called with userId=6fa6405a-d852-42c5-817f-c0cd16c5c2e8
2026-08-20T18:28:07.034707226Z GetCartAsync called with userId=0728d167-2761-48a1-aeec-e206b6deb841
2026-08-20T18:28:07.117222534Z Checking CartService Health
2026-08-20T18:28:07.123329152Z Checking CartService Health
2026-08-20T18:28:07.334026436Z GetCartAsync called with userId=f1f7dda7-81d8-47cb-ab27-9aab5835a795
2026-08-20T18:28:08.469301752Z GetCartAsync called with userId=eced0255-1d22-451f-a10a-ade79d3edfea
2026-08-20T18:28:08.637384528Z GetCartAsync called with userId=ed2bd629-462b-4498-b459-53ecfb2738ff
2026-08-20T18:28:08.660257467Z GetCartAsync called with userId=cba1eabe-9fa2-4ea5-94da-7b5449b2a8b1
2026-08-20T18:28:08.715244836Z GetCartAsync called with userId=e35cdbc1-2ed0-4bec-bc66-901678ac7395
2026-08-20T18:28:08.754456032Z GetCartAsync called with userId=70df1040-b24f-4a7c-be0d-307211fdf697
2026-08-20T18:28:08.813395195Z GetCartAsync called with userId=1a181e6f-68e2-4fd1-accf-0d94e94e749b
2026-08-20T18:28:08.951335138Z GetCartAsync called with userId=8494152f-8303-4d94-92cf-65c48088bbe8
2026-08-20T18:28:09.221715296Z GetCartAsync called with userId=f1f7dda7-81d8-47cb-ab27-9aab5835a795
2026-08-20T18:28:09.234715551Z AddItemAsync called with userId=eced0255-1d22-451f-a10a-ade79d3edfea, productId=0PUK6V6EV0, quantity=3
2026-08-20T18:28:09.238801766Z GetCartAsync called with userId=eced0255-1d22-451f-a10a-ade79d3edfea
2026-08-20T18:28:09.401751669Z AddItemAsync called with userId=ed2bd629-462b-4498-b459-53ecfb2738ff, productId=L9ECAV7KIM, quantity=4
2026-08-20T18:28:09.406659507Z GetCartAsync called with userId=ed2bd629-462b-4498-b459-53ecfb2738ff
2026-08-20T18:28:09.996165454Z GetCartAsync called with userId=b23ae0af-66fc-48c3-982a-ce2e587a4f74
2026-08-20T18:28:10.039499670Z GetCartAsync called with userId=a582456c-5e50-4b48-9272-8e09a6ab3449
2026-08-20T18:28:10.211296704Z GetCartAsync called with userId=ed2bd629-462b-4498-b459-53ecfb2738ff
2026-08-20T18:28:10.306451113Z EmptyCartAsync called with userId=ed2bd629-462b-4498-b459-53ecfb2738ff
2026-08-20T18:28:10.465675156Z GetCartAsync called with userId=cba1eabe-9fa2-4ea5-94da-7b5449b2a8b1
2026-08-20T18:28:10.807279525Z AddItemAsync called with userId=b23ae0af-66fc-48c3-982a-ce2e587a4f74, productId=66VCHSJNUP, quantity=4
2026-08-20T18:28:10.895382973Z GetCartAsync called with userId=70df1040-b24f-4a7c-be0d-307211fdf697
2026-08-20T18:28:10.907835746Z GetCartAsync called with userId=8870cb35-48e5-45ab-94ac-5eb0b9d3dc41
2026-08-20T18:28:11.006867638Z GetCartAsync called with userId=b23ae0af-66fc-48c3-982a-ce2e587a4f74
2026-08-20T18:28:11.013187188Z AddItemAsync called with userId=a582456c-5e50-4b48-9272-8e09a6ab3449, productId=1YMWWN1N4O, quantity=5
2026-08-20T18:28:11.108583133Z GetCartAsync called with userId=a582456c-5e50-4b48-9272-8e09a6ab3449
2026-08-20T18:28:11.812419672Z GetCartAsync called with userId=b23ae0af-66fc-48c3-982a-ce2e587a4f74
2026-08-20T18:28:11.825082676Z EmptyCartAsync called with userId=b23ae0af-66fc-48c3-982a-ce2e587a4f74
2026-08-20T18:28:12.047921786Z GetCartAsync called with userId=13964ae0-2c1b-42fd-9617-4df3670f57f2
2026-08-20T18:28:13.057237761Z GetCartAsync called with userId=ed2bd629-462b-4498-b459-53ecfb2738ff
2026-08-20T18:28:13.447205802Z GetCartAsync called with userId=11b93b3f-3a87-4cb6-881f-9bf889b50835
2026-08-20T18:28:13.766127160Z GetCartAsync called with userId=6fa6405a-d852-42c5-817f-c0cd16c5c2e8
2026-08-20T18:28:13.960317161Z GetCartAsync called with userId=70df1040-b24f-4a7c-be0d-307211fdf697
2026-08-20T18:28:15.312425564Z GetCartAsync called with userId=e35cdbc1-2ed0-4bec-bc66-901678ac7395
2026-08-20T18:28:15.841125290Z GetCartAsync called with userId=b23ae0af-66fc-48c3-982a-ce2e587a4f74
2026-08-20T18:28:16.086142086Z AddItemAsync called with userId=e35cdbc1-2ed0-4bec-bc66-901678ac7395, productId=66VCHSJNUP, quantity=6
2026-08-20T18:28:16.089900263Z GetCartAsync called with userId=e35cdbc1-2ed0-4bec-bc66-901678ac7395
2026-08-20T18:28:16.517536082Z GetCartAsync called with userId=0728d167-2761-48a1-aeec-e206b6deb841
2026-08-20T18:28:16.632152469Z AddItemAsync called with userId=b23ae0af-66fc-48c3-982a-ce2e587a4f74, productId=1YMWWN1N4O, quantity=9
2026-08-20T18:28:16.636021463Z GetCartAsync called with userId=b23ae0af-66fc-48c3-982a-ce2e587a4f74
2026-08-20T18:28:17.116880648Z Checking CartService Health
2026-08-20T18:28:17.123110904Z Checking CartService Health
2026-08-20T18:28:17.404548389Z GetCartAsync called with userId=b23ae0af-66fc-48c3-982a-ce2e587a4f74
2026-08-20T18:28:17.413300432Z EmptyCartAsync called with userId=b23ae0af-66fc-48c3-982a-ce2e587a4f74
2026-08-20T18:28:17.850031546Z GetCartAsync called with userId=1a181e6f-68e2-4fd1-accf-0d94e94e749b
2026-08-20T18:28:18.501209866Z GetCartAsync called with userId=cba1eabe-9fa2-4ea5-94da-7b5449b2a8b1
2026-08-20T18:28:19.071466069Z GetCartAsync called with userId=f1f7dda7-81d8-47cb-ab27-9aab5835a795
2026-08-20T18:28:19.264895350Z AddItemAsync called with userId=cba1eabe-9fa2-4ea5-94da-7b5449b2a8b1, productId=1YMWWN1N4O, quantity=10
2026-08-20T18:28:19.268518006Z GetCartAsync called with userId=cba1eabe-9fa2-4ea5-94da-7b5449b2a8b1
2026-08-20T18:28:19.586993975Z GetCartAsync called with userId=8494152f-8303-4d94-92cf-65c48088bbe8
2026-08-20T18:28:19.667943896Z GetCartAsync called with userId=a582456c-5e50-4b48-9272-8e09a6ab3449
2026-08-20T18:28:19.729870198Z GetCartAsync called with userId=eced0255-1d22-451f-a10a-ade79d3edfea
2026-08-20T18:28:20.111641779Z GetCartAsync called with userId=1a181e6f-68e2-4fd1-accf-0d94e94e749b
2026-08-20T18:28:20.359832163Z AddItemAsync called with userId=8494152f-8303-4d94-92cf-65c48088bbe8, productId=L9ECAV7KIM, quantity=8
2026-08-20T18:28:20.365290700Z GetCartAsync called with userId=8494152f-8303-4d94-92cf-65c48088bbe8
2026-08-20T18:28:20.492091657Z AddItemAsync called with userId=eced0255-1d22-451f-a10a-ade79d3edfea, productId=1YMWWN1N4O, quantity=4
2026-08-20T18:28:20.496053865Z GetCartAsync called with userId=eced0255-1d22-451f-a10a-ade79d3edfea
2026-08-20T18:28:20.743028862Z GetCartAsync called with userId=13964ae0-2c1b-42fd-9617-4df3670f57f2
2026-08-20T18:28:21.354318162Z GetCartAsync called with userId=eced0255-1d22-451f-a10a-ade79d3edfea
2026-08-20T18:28:21.378618290Z EmptyCartAsync called with userId=eced0255-1d22-451f-a10a-ade79d3edfea
2026-08-20T18:28:22.122027733Z GetCartAsync called with userId=b23ae0af-66fc-48c3-982a-ce2e587a4f74
2026-08-20T18:28:22.494780536Z GetCartAsync called with userId=70df1040-b24f-4a7c-be0d-307211fdf697
2026-08-20T18:28:23.282576812Z GetCartAsync called with userId=e35cdbc1-2ed0-4bec-bc66-901678ac7395
2026-08-20T18:28:23.370493756Z GetCartAsync called with userId=6fa6405a-d852-42c5-817f-c0cd16c5c2e8
2026-08-20T18:28:23.716307241Z GetCartAsync called with userId=0728d167-2761-48a1-aeec-e206b6deb841
2026-08-20T18:28:23.829425339Z GetCartAsync called with userId=ed2bd629-462b-4498-b459-53ecfb2738ff
2026-08-20T18:28:24.647969017Z GetCartAsync called with userId=8870cb35-48e5-45ab-94ac-5eb0b9d3dc41
2026-08-20T18:28:24.747612755Z GetCartAsync called with userId=8494152f-8303-4d94-92cf-65c48088bbe8
2026-08-20T18:28:25.271005896Z GetCartAsync called with userId=11b93b3f-3a87-4cb6-881f-9bf889b50835
2026-08-20T18:28:25.300654630Z GetCartAsync called with userId=f1f7dda7-81d8-47cb-ab27-9aab5835a795
2026-08-20T18:28:25.435966623Z GetCartAsync called with userId=13964ae0-2c1b-42fd-9617-4df3670f57f2
2026-08-20T18:28:25.712719646Z AddItemAsync called with userId=8494152f-8303-4d94-92cf-65c48088bbe8, productId=OLJCESPC7Z, quantity=6
2026-08-20T18:28:25.716041854Z GetCartAsync called with userId=8494152f-8303-4d94-92cf-65c48088bbe8
2026-08-20T18:28:25.975146278Z GetCartAsync called with userId=a582456c-5e50-4b48-9272-8e09a6ab3449
2026-08-20T18:28:26.626861042Z GetCartAsync called with userId=6fa6405a-d852-42c5-817f-c0cd16c5c2e8
2026-08-20T18:28:27.118469222Z Checking CartService Health
2026-08-20T18:28:27.140179642Z Checking CartService Health
2026-08-20T18:28:27.659332435Z GetCartAsync called with userId=a582456c-5e50-4b48-9272-8e09a6ab3449
2026-08-20T18:28:28.711332314Z GetCartAsync called with userId=8870cb35-48e5-45ab-94ac-5eb0b9d3dc41
2026-08-20T18:28:28.725456174Z GetCartAsync called with userId=b23ae0af-66fc-48c3-982a-ce2e587a4f74
2026-08-20T18:28:29.725924572Z GetCartAsync called with userId=6fa6405a-d852-42c5-817f-c0cd16c5c2e8
2026-08-20T18:28:29.755123937Z GetCartAsync called with userId=1a181e6f-68e2-4fd1-accf-0d94e94e749b
2026-08-20T18:28:30.096476261Z GetCartAsync called with userId=ed2bd629-462b-4498-b459-53ecfb2738ff
2026-08-20T18:28:30.113997947Z GetCartAsync called with userId=cba1eabe-9fa2-4ea5-94da-7b5449b2a8b1
2026-08-20T18:28:30.255218188Z GetCartAsync called with userId=8494152f-8303-4d94-92cf-65c48088bbe8
2026-08-20T18:28:30.728346313Z GetCartAsync called with userId=e35cdbc1-2ed0-4bec-bc66-901678ac7395
2026-08-20T18:28:31.183218343Z GetCartAsync called with userId=70df1040-b24f-4a7c-be0d-307211fdf697
2026-08-20T18:28:31.664799915Z GetCartAsync called with userId=eced0255-1d22-451f-a10a-ade79d3edfea
2026-08-20T18:28:32.883142187Z GetCartAsync called with userId=6fa6405a-d852-42c5-817f-c0cd16c5c2e8
2026-08-20T18:28:33.247420548Z GetCartAsync called with userId=0728d167-2761-48a1-aeec-e206b6deb841
2026-08-20T18:28:33.325860324Z GetCartAsync called with userId=ed2bd629-462b-4498-b459-53ecfb2738ff
2026-08-20T18:28:33.541930812Z GetCartAsync called with userId=13964ae0-2c1b-42fd-9617-4df3670f57f2
2026-08-20T18:28:34.325843002Z AddItemAsync called with userId=13964ae0-2c1b-42fd-9617-4df3670f57f2, productId=0PUK6V6EV0, quantity=3
2026-08-20T18:28:34.382597278Z GetCartAsync called with userId=13964ae0-2c1b-42fd-9617-4df3670f57f2
2026-08-20T18:28:34.598896199Z GetCartAsync called with userId=11b93b3f-3a87-4cb6-881f-9bf889b50835
2026-08-20T18:28:34.933781922Z GetCartAsync called with userId=8494152f-8303-4d94-92cf-65c48088bbe8
2026-08-20T18:28:35.215350676Z GetCartAsync called with userId=eced0255-1d22-451f-a10a-ade79d3edfea
2026-08-20T18:28:35.410106718Z AddItemAsync called with userId=11b93b3f-3a87-4cb6-881f-9bf889b50835, productId=66VCHSJNUP, quantity=5
2026-08-20T18:28:35.416743897Z GetCartAsync called with userId=11b93b3f-3a87-4cb6-881f-9bf889b50835
2026-08-20T18:28:36.060368984Z GetCartAsync called with userId=f1f7dda7-81d8-47cb-ab27-9aab5835a795
2026-08-20T18:28:37.117085235Z Checking CartService Health
2026-08-20T18:28:37.121108128Z Checking CartService Health
2026-08-20T18:28:37.177874006Z GetCartAsync called with userId=1a181e6f-68e2-4fd1-accf-0d94e94e749b
2026-08-20T18:28:37.204097676Z GetCartAsync called with userId=a582456c-5e50-4b48-9272-8e09a6ab3449
2026-08-20T18:28:37.432830632Z GetCartAsync called with userId=eced0255-1d22-451f-a10a-ade79d3edfea
2026-08-20T18:28:37.782483834Z GetCartAsync called with userId=e35cdbc1-2ed0-4bec-bc66-901678ac7395
2026-08-20T18:28:37.896084900Z GetCartAsync called with userId=6fa6405a-d852-42c5-817f-c0cd16c5c2e8
2026-08-20T18:28:38.222932765Z AddItemAsync called with userId=eced0255-1d22-451f-a10a-ade79d3edfea, productId=1YMWWN1N4O, quantity=6
2026-08-20T18:28:38.285233734Z GetCartAsync called with userId=eced0255-1d22-451f-a10a-ade79d3edfea
2026-08-20T18:28:38.397743014Z GetCartAsync called with userId=8870cb35-48e5-45ab-94ac-5eb0b9d3dc41
2026-08-20T18:28:38.740137420Z GetCartAsync called with userId=ed2bd629-462b-4498-b459-53ecfb2738ff
2026-08-20T18:28:39.240705881Z GetCartAsync called with userId=f1f7dda7-81d8-47cb-ab27-9aab5835a795
2026-08-20T18:28:39.254391592Z GetCartAsync called with userId=b23ae0af-66fc-48c3-982a-ce2e587a4f74
2026-08-20T18:28:39.933685877Z GetCartAsync called with userId=11b93b3f-3a87-4cb6-881f-9bf889b50835
2026-08-20T18:28:40.077450052Z GetCartAsync called with userId=8494152f-8303-4d94-92cf-65c48088bbe8
2026-08-20T18:28:40.472061961Z GetCartAsync called with userId=cba1eabe-9fa2-4ea5-94da-7b5449b2a8b1
2026-08-20T18:28:40.500387575Z GetCartAsync called with userId=eced0255-1d22-451f-a10a-ade79d3edfea
2026-08-20T18:28:40.589797141Z GetCartAsync called with userId=70df1040-b24f-4a7c-be0d-307211fdf697
2026-08-20T18:28:40.693894315Z AddItemAsync called with userId=11b93b3f-3a87-4cb6-881f-9bf889b50835, productId=66VCHSJNUP, quantity=1
2026-08-20T18:28:40.697046317Z GetCartAsync called with userId=11b93b3f-3a87-4cb6-881f-9bf889b50835
2026-08-20T18:28:41.406113955Z AddItemAsync called with userId=70df1040-b24f-4a7c-be0d-307211fdf697, productId=LS4PSXUNUM, quantity=6
2026-08-20T18:28:41.419868973Z GetCartAsync called with userId=70df1040-b24f-4a7c-be0d-307211fdf697
2026-08-20T18:28:41.508364652Z GetCartAsync called with userId=0728d167-2761-48a1-aeec-e206b6deb841
2026-08-20T18:28:41.525088455Z GetCartAsync called with userId=11b93b3f-3a87-4cb6-881f-9bf889b50835
2026-08-20T18:28:41.534755581Z EmptyCartAsync called with userId=11b93b3f-3a87-4cb6-881f-9bf889b50835
2026-08-20T18:28:42.853656549Z GetCartAsync called with userId=a582456c-5e50-4b48-9272-8e09a6ab3449
2026-08-20T18:28:42.951184493Z GetCartAsync called with userId=b23ae0af-66fc-48c3-982a-ce2e587a4f74
2026-08-20T18:28:43.027453901Z GetCartAsync called with userId=13964ae0-2c1b-42fd-9617-4df3670f57f2
2026-08-20T18:28:43.820746309Z AddItemAsync called with userId=13964ae0-2c1b-42fd-9617-4df3670f57f2, productId=0PUK6V6EV0, quantity=5
2026-08-20T18:28:43.915989734Z GetCartAsync called with userId=13964ae0-2c1b-42fd-9617-4df3670f57f2
2026-08-20T18:28:44.350027921Z GetCartAsync called with userId=f1f7dda7-81d8-47cb-ab27-9aab5835a795
2026-08-20T18:28:46.056495722Z GetCartAsync called with userId=1a181e6f-68e2-4fd1-accf-0d94e94e749b
2026-08-20T18:28:46.244825242Z GetCartAsync called with userId=6fa6405a-d852-42c5-817f-c0cd16c5c2e8
2026-08-20T18:28:46.455363699Z GetCartAsync called with userId=cba1eabe-9fa2-4ea5-94da-7b5449b2a8b1
2026-08-20T18:28:46.455407406Z GetCartAsync called with userId=13964ae0-2c1b-42fd-9617-4df3670f57f2
2026-08-20T18:28:46.728843191Z GetCartAsync called with userId=8494152f-8303-4d94-92cf-65c48088bbe8
2026-08-20T18:28:46.906729154Z AddItemAsync called with userId=1a181e6f-68e2-4fd1-accf-0d94e94e749b, productId=2ZYFJ3GM2N, quantity=7
2026-08-20T18:28:46.923490166Z GetCartAsync called with userId=1a181e6f-68e2-4fd1-accf-0d94e94e749b
2026-08-20T18:28:47.114923560Z Checking CartService Health
2026-08-20T18:28:47.121916608Z Checking CartService Health
2026-08-20T18:28:47.176528994Z GetCartAsync called with userId=e35cdbc1-2ed0-4bec-bc66-901678ac7395
2026-08-20T18:28:47.401940480Z GetCartAsync called with userId=ed2bd629-462b-4498-b459-53ecfb2738ff
2026-08-20T18:28:47.403574825Z AddItemAsync called with userId=13964ae0-2c1b-42fd-9617-4df3670f57f2, productId=0PUK6V6EV0, quantity=1
2026-08-20T18:28:47.412269329Z GetCartAsync called with userId=13964ae0-2c1b-42fd-9617-4df3670f57f2
2026-08-20T18:28:47.468101397Z GetCartAsync called with userId=eced0255-1d22-451f-a10a-ade79d3edfea
2026-08-20T18:28:47.724429518Z GetCartAsync called with userId=1a181e6f-68e2-4fd1-accf-0d94e94e749b
2026-08-20T18:28:47.743124520Z EmptyCartAsync called with userId=1a181e6f-68e2-4fd1-accf-0d94e94e749b
2026-08-20T18:28:48.203290394Z AddItemAsync called with userId=ed2bd629-462b-4498-b459-53ecfb2738ff, productId=6E92ZMYYFZ, quantity=1
2026-08-20T18:28:48.207936390Z GetCartAsync called with userId=ed2bd629-462b-4498-b459-53ecfb2738ff
2026-08-20T18:28:48.343319083Z GetCartAsync called with userId=8870cb35-48e5-45ab-94ac-5eb0b9d3dc41
2026-08-20T18:28:49.016014712Z GetCartAsync called with userId=ed2bd629-462b-4498-b459-53ecfb2738ff
2026-08-20T18:28:49.088267642Z EmptyCartAsync called with userId=ed2bd629-462b-4498-b459-53ecfb2738ff
2026-08-20T18:28:49.181749154Z AddItemAsync called with userId=8870cb35-48e5-45ab-94ac-5eb0b9d3dc41, productId=66VCHSJNUP, quantity=9
2026-08-20T18:28:49.188234126Z GetCartAsync called with userId=8870cb35-48e5-45ab-94ac-5eb0b9d3dc41
2026-08-20T18:28:50.195142250Z GetCartAsync called with userId=b23ae0af-66fc-48c3-982a-ce2e587a4f74
2026-08-20T18:28:50.469670599Z GetCartAsync called with userId=f1f7dda7-81d8-47cb-ab27-9aab5835a795
2026-08-20T18:28:50.596473505Z GetCartAsync called with userId=0728d167-2761-48a1-aeec-e206b6deb841
2026-08-20T18:28:50.611660182Z GetCartAsync called with userId=a582456c-5e50-4b48-9272-8e09a6ab3449
2026-08-20T18:28:50.786704319Z GetCartAsync called with userId=8494152f-8303-4d94-92cf-65c48088bbe8
2026-08-20T18:28:51.113007128Z GetCartAsync called with userId=70df1040-b24f-4a7c-be0d-307211fdf697
2026-08-20T18:28:51.133939566Z GetCartAsync called with userId=13964ae0-2c1b-42fd-9617-4df3670f57f2
2026-08-20T18:28:51.756096320Z GetCartAsync called with userId=11b93b3f-3a87-4cb6-881f-9bf889b50835
2026-08-20T18:28:53.049541893Z GetCartAsync called with userId=cba1eabe-9fa2-4ea5-94da-7b5449b2a8b1
2026-08-20T18:28:53.987555991Z GetCartAsync called with userId=8494152f-8303-4d94-92cf-65c48088bbe8
2026-08-20T18:28:54.215478239Z GetCartAsync called with userId=b23ae0af-66fc-48c3-982a-ce2e587a4f74
2026-08-20T18:28:54.762278666Z GetCartAsync called with userId=e35cdbc1-2ed0-4bec-bc66-901678ac7395
2026-08-20T18:28:56.020575547Z GetCartAsync called with userId=1a181e6f-68e2-4fd1-accf-0d94e94e749b
2026-08-20T18:28:56.106436276Z GetCartAsync called with userId=8494152f-8303-4d94-92cf-65c48088bbe8
2026-08-20T18:28:56.297929542Z GetCartAsync called with userId=6fa6405a-d852-42c5-817f-c0cd16c5c2e8
2026-08-20T18:28:56.477541361Z GetCartAsync called with userId=eced0255-1d22-451f-a10a-ade79d3edfea
2026-08-20T18:28:56.968133121Z GetCartAsync called with userId=70df1040-b24f-4a7c-be0d-307211fdf697
2026-08-20T18:28:57.113296373Z Checking CartService Health
2026-08-20T18:28:57.119177038Z Checking CartService Health
2026-08-20T18:28:58.185511783Z GetCartAsync called with userId=b23ae0af-66fc-48c3-982a-ce2e587a4f74
2026-08-20T18:28:58.647755273Z GetCartAsync called with userId=8870cb35-48e5-45ab-94ac-5eb0b9d3dc41
2026-08-20T18:28:58.846933770Z GetCartAsync called with userId=eced0255-1d22-451f-a10a-ade79d3edfea
2026-08-20T18:28:58.905576396Z GetCartAsync called with userId=8494152f-8303-4d94-92cf-65c48088bbe8
2026-08-20T18:28:59.267383013Z GetCartAsync called with userId=a582456c-5e50-4b48-9272-8e09a6ab3449
2026-08-20T18:28:59.303849777Z GetCartAsync called with userId=ed2bd629-462b-4498-b459-53ecfb2738ff
2026-08-20T18:29:00.000126691Z GetCartAsync called with userId=f1f7dda7-81d8-47cb-ab27-9aab5835a795
2026-08-20T18:29:00.035823241Z AddItemAsync called with userId=a582456c-5e50-4b48-9272-8e09a6ab3449, productId=LS4PSXUNUM, quantity=2
2026-08-20T18:29:00.083997027Z GetCartAsync called with userId=a582456c-5e50-4b48-9272-8e09a6ab3449
2026-08-20T18:29:00.148319588Z GetCartAsync called with userId=11b93b3f-3a87-4cb6-881f-9bf889b50835
2026-08-20T18:29:00.588458527Z GetCartAsync called with userId=13964ae0-2c1b-42fd-9617-4df3670f57f2
2026-08-20T18:29:00.925634822Z AddItemAsync called with userId=11b93b3f-3a87-4cb6-881f-9bf889b50835, productId=0PUK6V6EV0, quantity=9
2026-08-20T18:29:00.934275093Z GetCartAsync called with userId=11b93b3f-3a87-4cb6-881f-9bf889b50835
2026-08-20T18:29:01.211471765Z GetCartAsync called with userId=0728d167-2761-48a1-aeec-e206b6deb841
2026-08-20T18:29:01.328798623Z GetCartAsync called with userId=8870cb35-48e5-45ab-94ac-5eb0b9d3dc41
2026-08-20T18:29:02.651862438Z GetCartAsync called with userId=ed2bd629-462b-4498-b459-53ecfb2738ff
2026-08-20T18:29:02.744126414Z GetCartAsync called with userId=6fa6405a-d852-42c5-817f-c0cd16c5c2e8
2026-08-20T18:29:02.983388753Z GetCartAsync called with userId=cba1eabe-9fa2-4ea5-94da-7b5449b2a8b1
2026-08-20T18:29:03.001665086Z GetCartAsync called with userId=0728d167-2761-48a1-aeec-e206b6deb841
2026-08-20T18:29:03.285685338Z GetCartAsync called with userId=e35cdbc1-2ed0-4bec-bc66-901678ac7395
2026-08-20T18:29:03.626392826Z GetCartAsync called with userId=eced0255-1d22-451f-a10a-ade79d3edfea
2026-08-20T18:29:03.983658327Z GetCartAsync called with userId=70df1040-b24f-4a7c-be0d-307211fdf697
2026-08-20T18:29:05.359902489Z GetCartAsync called with userId=a582456c-5e50-4b48-9272-8e09a6ab3449
2026-08-20T18:29:06.028607042Z GetCartAsync called with userId=e35cdbc1-2ed0-4bec-bc66-901678ac7395
2026-08-20T18:29:06.312786414Z GetCartAsync called with userId=8494152f-8303-4d94-92cf-65c48088bbe8
2026-08-20T18:29:07.125900199Z Checking CartService Health
2026-08-20T18:29:07.128128183Z Checking CartService Health
2026-08-20T18:29:07.207295988Z GetCartAsync called with userId=70df1040-b24f-4a7c-be0d-307211fdf697
2026-08-20T18:29:07.248972208Z GetCartAsync called with userId=11b93b3f-3a87-4cb6-881f-9bf889b50835
2026-08-20T18:29:07.336035720Z GetCartAsync called with userId=ed2bd629-462b-4498-b459-53ecfb2738ff
2026-08-20T18:29:09.031537232Z GetCartAsync called with userId=8494152f-8303-4d94-92cf-65c48088bbe8
2026-08-20T18:29:09.379969506Z GetCartAsync called with userId=1a181e6f-68e2-4fd1-accf-0d94e94e749b
2026-08-20T18:29:09.897126015Z GetCartAsync called with userId=cba1eabe-9fa2-4ea5-94da-7b5449b2a8b1
2026-08-20T18:29:10.031865713Z GetCartAsync called with userId=b23ae0af-66fc-48c3-982a-ce2e587a4f74
2026-08-20T18:29:10.530985669Z GetCartAsync called with userId=13964ae0-2c1b-42fd-9617-4df3670f57f2
2026-08-20T18:29:10.816723187Z GetCartAsync called with userId=f1f7dda7-81d8-47cb-ab27-9aab5835a795
2026-08-20T18:29:11.051336826Z GetCartAsync called with userId=8870cb35-48e5-45ab-94ac-5eb0b9d3dc41
2026-08-20T18:29:11.307856856Z AddItemAsync called with userId=13964ae0-2c1b-42fd-9617-4df3670f57f2, productId=66VCHSJNUP, quantity=2
2026-08-20T18:29:11.311315175Z GetCartAsync called with userId=13964ae0-2c1b-42fd-9617-4df3670f57f2
2026-08-20T18:29:11.515860498Z GetCartAsync called with userId=6fa6405a-d852-42c5-817f-c0cd16c5c2e8
2026-08-20T18:29:12.086667834Z GetCartAsync called with userId=13964ae0-2c1b-42fd-9617-4df3670f57f2
2026-08-20T18:29:12.102657436Z EmptyCartAsync called with userId=13964ae0-2c1b-42fd-9617-4df3670f57f2
2026-08-20T18:29:12.297125245Z GetCartAsync called with userId=eced0255-1d22-451f-a10a-ade79d3edfea
2026-08-20T18:29:12.816915818Z GetCartAsync called with userId=1a181e6f-68e2-4fd1-accf-0d94e94e749b
2026-08-20T18:29:13.473394422Z GetCartAsync called with userId=0728d167-2761-48a1-aeec-e206b6deb841
2026-08-20T18:29:13.552778445Z GetCartAsync called with userId=e35cdbc1-2ed0-4bec-bc66-901678ac7395
2026-08-20T18:29:13.653439464Z GetCartAsync called with userId=a582456c-5e50-4b48-9272-8e09a6ab3449
2026-08-20T18:29:14.018813744Z GetCartAsync called with userId=ed2bd629-462b-4498-b459-53ecfb2738ff
2026-08-20T18:29:14.169220935Z GetCartAsync called with userId=11b93b3f-3a87-4cb6-881f-9bf889b50835
2026-08-20T18:29:14.235211347Z AddItemAsync called with userId=0728d167-2761-48a1-aeec-e206b6deb841, productId=2ZYFJ3GM2N, quantity=7
2026-08-20T18:29:14.238974712Z GetCartAsync called with userId=0728d167-2761-48a1-aeec-e206b6deb841
2026-08-20T18:29:14.702354312Z GetCartAsync called with userId=1a181e6f-68e2-4fd1-accf-0d94e94e749b
2026-08-20T18:29:15.662930392Z GetCartAsync called with userId=eced0255-1d22-451f-a10a-ade79d3edfea
2026-08-20T18:29:17.002751834Z GetCartAsync called with userId=70df1040-b24f-4a7c-be0d-307211fdf697
2026-08-20T18:29:17.115322242Z Checking CartService Health
2026-08-20T18:29:17.186232893Z Checking CartService Health
2026-08-20T18:29:17.878159721Z AddItemAsync called with userId=70df1040-b24f-4a7c-be0d-307211fdf697, productId=OLJCESPC7Z, quantity=8
2026-08-20T18:29:17.891372106Z GetCartAsync called with userId=70df1040-b24f-4a7c-be0d-307211fdf697
2026-08-20T18:29:18.554839676Z GetCartAsync called with userId=8494152f-8303-4d94-92cf-65c48088bbe8
2026-08-20T18:29:18.664410957Z GetCartAsync called with userId=70df1040-b24f-4a7c-be0d-307211fdf697
2026-08-20T18:29:18.674359962Z EmptyCartAsync called with userId=70df1040-b24f-4a7c-be0d-307211fdf697
2026-08-20T18:29:18.934789071Z GetCartAsync called with userId=1a181e6f-68e2-4fd1-accf-0d94e94e749b
2026-08-20T18:29:19.060290462Z GetCartAsync called with userId=6fa6405a-d852-42c5-817f-c0cd16c5c2e8
2026-08-20T18:29:19.346454564Z GetCartAsync called with userId=f1f7dda7-81d8-47cb-ab27-9aab5835a795
2026-08-20T18:29:19.400664668Z GetCartAsync called with userId=cba1eabe-9fa2-4ea5-94da-7b5449b2a8b1
2026-08-20T18:29:20.285016289Z GetCartAsync called with userId=b23ae0af-66fc-48c3-982a-ce2e587a4f74
2026-08-20T18:29:20.380250600Z GetCartAsync called with userId=0728d167-2761-48a1-aeec-e206b6deb841
2026-08-20T18:29:20.701082549Z GetCartAsync called with userId=13964ae0-2c1b-42fd-9617-4df3670f57f2
2026-08-20T18:29:20.797899699Z GetCartAsync called with userId=e35cdbc1-2ed0-4bec-bc66-901678ac7395
2026-08-20T18:29:21.087008747Z GetCartAsync called with userId=ed2bd629-462b-4498-b459-53ecfb2738ff
2026-08-20T18:29:21.563515153Z GetCartAsync called with userId=8870cb35-48e5-45ab-94ac-5eb0b9d3dc41
2026-08-20T18:29:21.640884261Z GetCartAsync called with userId=11b93b3f-3a87-4cb6-881f-9bf889b50835
2026-08-20T18:29:21.942122544Z GetCartAsync called with userId=8494152f-8303-4d94-92cf-65c48088bbe8
2026-08-20T18:29:22.083096977Z GetCartAsync called with userId=eced0255-1d22-451f-a10a-ade79d3edfea
2026-08-20T18:29:22.344907694Z AddItemAsync called with userId=8870cb35-48e5-45ab-94ac-5eb0b9d3dc41, productId=66VCHSJNUP, quantity=2
2026-08-20T18:29:22.358406437Z GetCartAsync called with userId=8870cb35-48e5-45ab-94ac-5eb0b9d3dc41
2026-08-20T18:29:23.124031692Z GetCartAsync called with userId=a582456c-5e50-4b48-9272-8e09a6ab3449
2026-08-20T18:29:23.135729863Z GetCartAsync called with userId=b23ae0af-66fc-48c3-982a-ce2e587a4f74
2026-08-20T18:29:25.868469584Z GetCartAsync called with userId=a582456c-5e50-4b48-9272-8e09a6ab3449
2026-08-20T18:29:25.939207989Z GetCartAsync called with userId=13964ae0-2c1b-42fd-9617-4df3670f57f2
2026-08-20T18:29:26.227466120Z GetCartAsync called with userId=1a181e6f-68e2-4fd1-accf-0d94e94e749b
2026-08-20T18:29:26.337686700Z GetCartAsync called with userId=eced0255-1d22-451f-a10a-ade79d3edfea
2026-08-20T18:29:26.662050028Z GetCartAsync called with userId=11b93b3f-3a87-4cb6-881f-9bf889b50835
2026-08-20T18:29:27.109523405Z Checking CartService Health
2026-08-20T18:29:27.114119672Z Checking CartService Health
2026-08-20T18:29:27.439850198Z AddItemAsync called with userId=11b93b3f-3a87-4cb6-881f-9bf889b50835, productId=LS4PSXUNUM, quantity=9
2026-08-20T18:29:27.450865195Z GetCartAsync called with userId=11b93b3f-3a87-4cb6-881f-9bf889b50835
2026-08-20T18:29:27.617540460Z GetCartAsync called with userId=6fa6405a-d852-42c5-817f-c0cd16c5c2e8
2026-08-20T18:29:27.703972091Z GetCartAsync called with userId=f1f7dda7-81d8-47cb-ab27-9aab5835a795
2026-08-20T18:29:27.885295881Z GetCartAsync called with userId=70df1040-b24f-4a7c-be0d-307211fdf697
2026-08-20T18:29:30.221523198Z GetCartAsync called with userId=0728d167-2761-48a1-aeec-e206b6deb841
2026-08-20T18:29:30.664523327Z GetCartAsync called with userId=1a181e6f-68e2-4fd1-accf-0d94e94e749b
2026-08-20T18:29:30.692740818Z GetCartAsync called with userId=a582456c-5e50-4b48-9272-8e09a6ab3449
2026-08-20T18:29:30.713692356Z GetCartAsync called with userId=11b93b3f-3a87-4cb6-881f-9bf889b50835
2026-08-20T18:29:31.258741279Z GetCartAsync called with userId=13964ae0-2c1b-42fd-9617-4df3670f57f2
2026-08-20T18:29:31.317195454Z GetCartAsync called with userId=cba1eabe-9fa2-4ea5-94da-7b5449b2a8b1
2026-08-20T18:29:31.604549717Z GetCartAsync called with userId=b23ae0af-66fc-48c3-982a-ce2e587a4f74
2026-08-20T18:29:31.783065199Z GetCartAsync called with userId=e35cdbc1-2ed0-4bec-bc66-901678ac7395
2026-08-20T18:29:33.155159657Z GetCartAsync called with userId=8870cb35-48e5-45ab-94ac-5eb0b9d3dc41
2026-08-20T18:29:34.235577049Z GetCartAsync called with userId=eced0255-1d22-451f-a10a-ade79d3edfea
2026-08-20T18:29:34.973216545Z GetCartAsync called with userId=e35cdbc1-2ed0-4bec-bc66-901678ac7395
2026-08-20T18:29:35.007461091Z GetCartAsync called with userId=13964ae0-2c1b-42fd-9617-4df3670f57f2
2026-08-20T18:29:35.104233551Z GetCartAsync called with userId=6fa6405a-d852-42c5-817f-c0cd16c5c2e8
2026-08-20T18:29:35.104313062Z GetCartAsync called with userId=ed2bd629-462b-4498-b459-53ecfb2738ff
2026-08-20T18:29:35.284131760Z GetCartAsync called with userId=1a181e6f-68e2-4fd1-accf-0d94e94e749b
2026-08-20T18:29:35.646655480Z GetCartAsync called with userId=8494152f-8303-4d94-92cf-65c48088bbe8
2026-08-20T18:29:35.745281713Z AddItemAsync called with userId=e35cdbc1-2ed0-4bec-bc66-901678ac7395, productId=L9ECAV7KIM, quantity=8
2026-08-20T18:29:35.748720720Z GetCartAsync called with userId=e35cdbc1-2ed0-4bec-bc66-901678ac7395
2026-08-20T18:29:35.980931538Z AddItemAsync called with userId=ed2bd629-462b-4498-b459-53ecfb2738ff, productId=9SIQT8TOJO, quantity=5
2026-08-20T18:29:36.061774150Z AddItemAsync called with userId=1a181e6f-68e2-4fd1-accf-0d94e94e749b, productId=L9ECAV7KIM, quantity=1
2026-08-20T18:29:36.079615279Z GetCartAsync called with userId=1a181e6f-68e2-4fd1-accf-0d94e94e749b
2026-08-20T18:29:36.079647484Z GetCartAsync called with userId=ed2bd629-462b-4498-b459-53ecfb2738ff
2026-08-20T18:29:36.281075966Z GetCartAsync called with userId=11b93b3f-3a87-4cb6-881f-9bf889b50835
2026-08-20T18:29:36.431614148Z AddItemAsync called with userId=8494152f-8303-4d94-92cf-65c48088bbe8, productId=LS4PSXUNUM, quantity=8
2026-08-20T18:29:36.436027599Z GetCartAsync called with userId=8494152f-8303-4d94-92cf-65c48088bbe8
2026-08-20T18:29:36.744937218Z GetCartAsync called with userId=0728d167-2761-48a1-aeec-e206b6deb841
2026-08-20T18:29:37.103029186Z Checking CartService Health
2026-08-20T18:29:37.108745628Z Checking CartService Health
2026-08-20T18:29:37.199799045Z GetCartAsync called with userId=8494152f-8303-4d94-92cf-65c48088bbe8
2026-08-20T18:29:37.210735657Z EmptyCartAsync called with userId=8494152f-8303-4d94-92cf-65c48088bbe8
2026-08-20T18:29:37.592610328Z GetCartAsync called with userId=b23ae0af-66fc-48c3-982a-ce2e587a4f74
2026-08-20T18:29:37.827250504Z GetCartAsync called with userId=8870cb35-48e5-45ab-94ac-5eb0b9d3dc41
2026-08-20T18:29:37.828574399Z GetCartAsync called with userId=f1f7dda7-81d8-47cb-ab27-9aab5835a795
2026-08-20T18:29:39.139605588Z GetCartAsync called with userId=eced0255-1d22-451f-a10a-ade79d3edfea
2026-08-20T18:29:39.338565506Z GetCartAsync called with userId=cba1eabe-9fa2-4ea5-94da-7b5449b2a8b1
2026-08-20T18:29:39.489416234Z GetCartAsync called with userId=a582456c-5e50-4b48-9272-8e09a6ab3449
2026-08-20T18:29:39.605806185Z GetCartAsync called with userId=e35cdbc1-2ed0-4bec-bc66-901678ac7395
2026-08-20T18:29:40.263611717Z GetCartAsync called with userId=1a181e6f-68e2-4fd1-accf-0d94e94e749b
2026-08-20T18:29:40.475863994Z GetCartAsync called with userId=70df1040-b24f-4a7c-be0d-307211fdf697
2026-08-20T18:29:41.325454286Z GetCartAsync called with userId=8494152f-8303-4d94-92cf-65c48088bbe8
2026-08-20T18:29:41.910074033Z GetCartAsync called with userId=ed2bd629-462b-4498-b459-53ecfb2738ff
2026-08-20T18:29:42.533463820Z GetCartAsync called with userId=13964ae0-2c1b-42fd-9617-4df3670f57f2
2026-08-20T18:29:42.928030630Z GetCartAsync called with userId=11b93b3f-3a87-4cb6-881f-9bf889b50835
2026-08-20T18:29:43.281579284Z GetCartAsync called with userId=6fa6405a-d852-42c5-817f-c0cd16c5c2e8
2026-08-20T18:29:43.475834535Z AddItemAsync called with userId=13964ae0-2c1b-42fd-9617-4df3670f57f2, productId=1YMWWN1N4O, quantity=4
2026-08-20T18:29:43.485125429Z GetCartAsync called with userId=13964ae0-2c1b-42fd-9617-4df3670f57f2
2026-08-20T18:29:43.680161497Z GetCartAsync called with userId=e35cdbc1-2ed0-4bec-bc66-901678ac7395
2026-08-20T18:29:45.142278605Z GetCartAsync called with userId=eced0255-1d22-451f-a10a-ade79d3edfea
2026-08-20T18:29:45.611899878Z GetCartAsync called with userId=13964ae0-2c1b-42fd-9617-4df3670f57f2
2026-08-20T18:29:45.694511775Z GetCartAsync called with userId=1a181e6f-68e2-4fd1-accf-0d94e94e749b
2026-08-20T18:29:45.694544580Z GetCartAsync called with userId=11b93b3f-3a87-4cb6-881f-9bf889b50835
2026-08-20T18:29:45.705805569Z GetCartAsync called with userId=a582456c-5e50-4b48-9272-8e09a6ab3449
2026-08-20T18:29:46.093354826Z GetCartAsync called with userId=8870cb35-48e5-45ab-94ac-5eb0b9d3dc41
2026-08-20T18:29:46.385156214Z GetCartAsync called with userId=f1f7dda7-81d8-47cb-ab27-9aab5835a795
2026-08-20T18:29:46.619288649Z GetCartAsync called with userId=cba1eabe-9fa2-4ea5-94da-7b5449b2a8b1
2026-08-20T18:29:46.752594053Z GetCartAsync called with userId=8494152f-8303-4d94-92cf-65c48088bbe8
2026-08-20T18:29:46.755201344Z GetCartAsync called with userId=70df1040-b24f-4a7c-be0d-307211fdf697
2026-08-20T18:29:46.951296271Z AddItemAsync called with userId=8870cb35-48e5-45ab-94ac-5eb0b9d3dc41, productId=OLJCESPC7Z, quantity=4
2026-08-20T18:29:46.959381184Z GetCartAsync called with userId=8870cb35-48e5-45ab-94ac-5eb0b9d3dc41
2026-08-20T18:29:47.008631274Z GetCartAsync called with userId=0728d167-2761-48a1-aeec-e206b6deb841
2026-08-20T18:29:47.104615078Z Checking CartService Health
2026-08-20T18:29:47.111281778Z Checking CartService Health
2026-08-20T18:29:47.550035219Z GetCartAsync called with userId=b23ae0af-66fc-48c3-982a-ce2e587a4f74
2026-08-20T18:29:47.895190314Z GetCartAsync called with userId=11b93b3f-3a87-4cb6-881f-9bf889b50835
2026-08-20T18:29:48.633140452Z GetCartAsync called with userId=eced0255-1d22-451f-a10a-ade79d3edfea
2026-08-20T18:29:48.836468664Z GetCartAsync called with userId=0728d167-2761-48a1-aeec-e206b6deb841
2026-08-20T18:29:49.085066669Z GetCartAsync called with userId=13964ae0-2c1b-42fd-9617-4df3670f57f2
2026-08-20T18:29:49.724381206Z GetCartAsync called with userId=e35cdbc1-2ed0-4bec-bc66-901678ac7395
2026-08-20T18:29:49.795324752Z GetCartAsync called with userId=6fa6405a-d852-42c5-817f-c0cd16c5c2e8
2026-08-20T18:29:50.083054529Z GetCartAsync called with userId=70df1040-b24f-4a7c-be0d-307211fdf697
2026-08-20T18:29:50.174979024Z GetCartAsync called with userId=ed2bd629-462b-4498-b459-53ecfb2738ff
2026-08-20T18:29:50.519846884Z AddItemAsync called with userId=e35cdbc1-2ed0-4bec-bc66-901678ac7395, productId=1YMWWN1N4O, quantity=10
2026-08-20T18:29:50.528303854Z GetCartAsync called with userId=e35cdbc1-2ed0-4bec-bc66-901678ac7395
2026-08-20T18:29:50.946283090Z AddItemAsync called with userId=ed2bd629-462b-4498-b459-53ecfb2738ff, productId=6E92ZMYYFZ, quantity=5
2026-08-20T18:29:50.951934038Z GetCartAsync called with userId=ed2bd629-462b-4498-b459-53ecfb2738ff
2026-08-20T18:29:51.636113929Z GetCartAsync called with userId=11b93b3f-3a87-4cb6-881f-9bf889b50835
2026-08-20T18:29:53.401965173Z GetCartAsync called with userId=6fa6405a-d852-42c5-817f-c0cd16c5c2e8
2026-08-20T18:29:54.428564159Z GetCartAsync called with userId=11b93b3f-3a87-4cb6-881f-9bf889b50835
2026-08-20T18:29:54.536388043Z GetCartAsync called with userId=cba1eabe-9fa2-4ea5-94da-7b5449b2a8b1
2026-08-20T18:29:54.898034824Z GetCartAsync called with userId=1a181e6f-68e2-4fd1-accf-0d94e94e749b
2026-08-20T18:29:55.758167325Z GetCartAsync called with userId=0728d167-2761-48a1-aeec-e206b6deb841
2026-08-20T18:29:56.204840468Z GetCartAsync called with userId=eced0255-1d22-451f-a10a-ade79d3edfea
2026-08-20T18:29:56.667642032Z GetCartAsync called with userId=f1f7dda7-81d8-47cb-ab27-9aab5835a795
2026-08-20T18:29:56.964591202Z GetCartAsync called with userId=6fa6405a-d852-42c5-817f-c0cd16c5c2e8
2026-08-20T18:29:57.104920665Z Checking CartService Health
2026-08-20T18:29:57.110305373Z Checking CartService Health
2026-08-20T18:29:57.520859995Z GetCartAsync called with userId=8870cb35-48e5-45ab-94ac-5eb0b9d3dc41
2026-08-20T18:29:57.697037938Z GetCartAsync called with userId=b23ae0af-66fc-48c3-982a-ce2e587a4f74
2026-08-20T18:29:57.820578581Z GetCartAsync called with userId=ed2bd629-462b-4498-b459-53ecfb2738ff
2026-08-20T18:29:58.332656238Z GetCartAsync called with userId=8494152f-8303-4d94-92cf-65c48088bbe8
2026-08-20T18:29:59.198129185Z GetCartAsync called with userId=a582456c-5e50-4b48-9272-8e09a6ab3449
2026-08-20T18:29:59.625716492Z GetCartAsync called with userId=13964ae0-2c1b-42fd-9617-4df3670f57f2
2026-08-20T18:29:59.742622483Z GetCartAsync called with userId=e35cdbc1-2ed0-4bec-bc66-901678ac7395
2026-08-20T18:29:59.999561605Z GetCartAsync called with userId=70df1040-b24f-4a7c-be0d-307211fdf697
2026-08-20T18:30:00.780078314Z AddItemAsync called with userId=70df1040-b24f-4a7c-be0d-307211fdf697, productId=0PUK6V6EV0, quantity=1
2026-08-20T18:30:00.788724200Z GetCartAsync called with userId=70df1040-b24f-4a7c-be0d-307211fdf697
2026-08-20T18:30:00.958418944Z GetCartAsync called with userId=1a181e6f-68e2-4fd1-accf-0d94e94e749b
2026-08-20T18:30:01.481515559Z GetCartAsync called with userId=a582456c-5e50-4b48-9272-8e09a6ab3449
2026-08-20T18:30:01.543548887Z GetCartAsync called with userId=13964ae0-2c1b-42fd-9617-4df3670f57f2
2026-08-20T18:30:01.738921351Z AddItemAsync called with userId=1a181e6f-68e2-4fd1-accf-0d94e94e749b, productId=9SIQT8TOJO, quantity=2
2026-08-20T18:30:01.746936043Z GetCartAsync called with userId=1a181e6f-68e2-4fd1-accf-0d94e94e749b
2026-08-20T18:30:02.001381694Z GetCartAsync called with userId=8870cb35-48e5-45ab-94ac-5eb0b9d3dc41
2026-08-20T18:30:02.182032268Z GetCartAsync called with userId=ed2bd629-462b-4498-b459-53ecfb2738ff
2026-08-20T18:30:02.253290268Z AddItemAsync called with userId=a582456c-5e50-4b48-9272-8e09a6ab3449, productId=0PUK6V6EV0, quantity=9
2026-08-20T18:30:02.256917808Z GetCartAsync called with userId=a582456c-5e50-4b48-9272-8e09a6ab3449
2026-08-20T18:30:02.358774381Z GetCartAsync called with userId=6fa6405a-d852-42c5-817f-c0cd16c5c2e8
2026-08-20T18:30:02.888398667Z GetCartAsync called with userId=11b93b3f-3a87-4cb6-881f-9bf889b50835
2026-08-20T18:30:04.118025986Z GetCartAsync called with userId=0728d167-2761-48a1-aeec-e206b6deb841
2026-08-20T18:30:04.263861180Z GetCartAsync called with userId=eced0255-1d22-451f-a10a-ade79d3edfea
2026-08-20T18:30:04.392243878Z GetCartAsync called with userId=f1f7dda7-81d8-47cb-ab27-9aab5835a795
2026-08-20T18:30:05.068271843Z GetCartAsync called with userId=cba1eabe-9fa2-4ea5-94da-7b5449b2a8b1
2026-08-20T18:30:05.249671128Z GetCartAsync called with userId=ed2bd629-462b-4498-b459-53ecfb2738ff
2026-08-20T18:30:05.851119899Z GetCartAsync called with userId=70df1040-b24f-4a7c-be0d-307211fdf697
2026-08-20T18:30:05.919448964Z AddItemAsync called with userId=cba1eabe-9fa2-4ea5-94da-7b5449b2a8b1, productId=1YMWWN1N4O, quantity=9
2026-08-20T18:30:05.925803909Z GetCartAsync called with userId=cba1eabe-9fa2-4ea5-94da-7b5449b2a8b1
2026-08-20T18:30:05.957136370Z GetCartAsync called with userId=a582456c-5e50-4b48-9272-8e09a6ab3449
2026-08-20T18:30:06.068659160Z GetCartAsync called with userId=6fa6405a-d852-42c5-817f-c0cd16c5c2e8
2026-08-20T18:30:06.584274390Z GetCartAsync called with userId=8494152f-8303-4d94-92cf-65c48088bbe8
2026-08-20T18:30:06.694598685Z GetCartAsync called with userId=cba1eabe-9fa2-4ea5-94da-7b5449b2a8b1
2026-08-20T18:30:06.707629633Z EmptyCartAsync called with userId=cba1eabe-9fa2-4ea5-94da-7b5449b2a8b1
2026-08-20T18:30:06.849158093Z AddItemAsync called with userId=6fa6405a-d852-42c5-817f-c0cd16c5c2e8, productId=1YMWWN1N4O, quantity=10
2026-08-20T18:30:06.891744260Z GetCartAsync called with userId=6fa6405a-d852-42c5-817f-c0cd16c5c2e8
2026-08-20T18:30:07.102181822Z Checking CartService Health
2026-08-20T18:30:07.103410506Z GetCartAsync called with userId=8870cb35-48e5-45ab-94ac-5eb0b9d3dc41
2026-08-20T18:30:07.114547271Z Checking CartService Health
2026-08-20T18:30:07.142819298Z GetCartAsync called with userId=e35cdbc1-2ed0-4bec-bc66-901678ac7395
2026-08-20T18:30:07.388392813Z AddItemAsync called with userId=8494152f-8303-4d94-92cf-65c48088bbe8, productId=1YMWWN1N4O, quantity=6
2026-08-20T18:30:07.411840219Z GetCartAsync called with userId=8494152f-8303-4d94-92cf-65c48088bbe8
2026-08-20T18:30:07.589639001Z GetCartAsync called with userId=b23ae0af-66fc-48c3-982a-ce2e587a4f74
2026-08-20T18:30:08.573942564Z GetCartAsync called with userId=13964ae0-2c1b-42fd-9617-4df3670f57f2
2026-08-20T18:30:09.786763391Z GetCartAsync called with userId=8870cb35-48e5-45ab-94ac-5eb0b9d3dc41
2026-08-20T18:30:10.466517821Z GetCartAsync called with userId=1a181e6f-68e2-4fd1-accf-0d94e94e749b
2026-08-20T18:30:10.674596830Z GetCartAsync called with userId=0728d167-2761-48a1-aeec-e206b6deb841
2026-08-20T18:30:11.141057371Z GetCartAsync called with userId=8494152f-8303-4d94-92cf-65c48088bbe8
2026-08-20T18:30:11.525139794Z GetCartAsync called with userId=11b93b3f-3a87-4cb6-881f-9bf889b50835
2026-08-20T18:30:11.700479609Z GetCartAsync called with userId=e35cdbc1-2ed0-4bec-bc66-901678ac7395
2026-08-20T18:30:11.716852057Z GetCartAsync called with userId=f1f7dda7-81d8-47cb-ab27-9aab5835a795
2026-08-20T18:30:12.294852973Z AddItemAsync called with userId=11b93b3f-3a87-4cb6-881f-9bf889b50835, productId=66VCHSJNUP, quantity=10
2026-08-20T18:30:12.298521822Z GetCartAsync called with userId=11b93b3f-3a87-4cb6-881f-9bf889b50835
2026-08-20T18:30:13.453456995Z GetCartAsync called with userId=b23ae0af-66fc-48c3-982a-ce2e587a4f74
2026-08-20T18:30:13.642737594Z GetCartAsync called with userId=ed2bd629-462b-4498-b459-53ecfb2738ff
2026-08-20T18:30:14.322891330Z GetCartAsync called with userId=a582456c-5e50-4b48-9272-8e09a6ab3449
2026-08-20T18:30:15.191569456Z GetCartAsync called with userId=8870cb35-48e5-45ab-94ac-5eb0b9d3dc41
2026-08-20T18:30:15.474606413Z GetCartAsync called with userId=eced0255-1d22-451f-a10a-ade79d3edfea
2026-08-20T18:30:15.618942417Z GetCartAsync called with userId=cba1eabe-9fa2-4ea5-94da-7b5449b2a8b1
2026-08-20T18:30:15.869699298Z GetCartAsync called with userId=b23ae0af-66fc-48c3-982a-ce2e587a4f74
2026-08-20T18:30:15.976771373Z AddItemAsync called with userId=8870cb35-48e5-45ab-94ac-5eb0b9d3dc41, productId=6E92ZMYYFZ, quantity=1
2026-08-20T18:30:15.986391926Z GetCartAsync called with userId=8870cb35-48e5-45ab-94ac-5eb0b9d3dc41
2026-08-20T18:30:16.218327663Z GetCartAsync called with userId=70df1040-b24f-4a7c-be0d-307211fdf697
2026-08-20T18:30:16.610157455Z GetCartAsync called with userId=13964ae0-2c1b-42fd-9617-4df3670f57f2
2026-08-20T18:30:16.651636721Z AddItemAsync called with userId=b23ae0af-66fc-48c3-982a-ce2e587a4f74, productId=0PUK6V6EV0, quantity=7
2026-08-20T18:30:16.693508646Z GetCartAsync called with userId=b23ae0af-66fc-48c3-982a-ce2e587a4f74
2026-08-20T18:30:17.102510132Z Checking CartService Health
2026-08-20T18:30:17.107590299Z Checking CartService Health
2026-08-20T18:30:17.224338536Z GetCartAsync called with userId=ed2bd629-462b-4498-b459-53ecfb2738ff
2026-08-20T18:30:17.493819245Z GetCartAsync called with userId=6fa6405a-d852-42c5-817f-c0cd16c5c2e8
2026-08-20T18:30:18.340890607Z AddItemAsync called with userId=6fa6405a-d852-42c5-817f-c0cd16c5c2e8, productId=9SIQT8TOJO, quantity=6
2026-08-20T18:30:18.350458053Z GetCartAsync called with userId=6fa6405a-d852-42c5-817f-c0cd16c5c2e8
2026-08-20T18:30:18.583501357Z GetCartAsync called with userId=11b93b3f-3a87-4cb6-881f-9bf889b50835
2026-08-20T18:30:18.909389388Z GetCartAsync called with userId=b23ae0af-66fc-48c3-982a-ce2e587a4f74
2026-08-20T18:30:19.290365940Z GetCartAsync called with userId=6fa6405a-d852-42c5-817f-c0cd16c5c2e8
2026-08-20T18:30:19.300134815Z EmptyCartAsync called with userId=6fa6405a-d852-42c5-817f-c0cd16c5c2e8
2026-08-20T18:30:19.374044781Z GetCartAsync called with userId=8870cb35-48e5-45ab-94ac-5eb0b9d3dc41
2026-08-20T18:30:19.867190878Z GetCartAsync called with userId=0728d167-2761-48a1-aeec-e206b6deb841
2026-08-20T18:30:19.959814670Z GetCartAsync called with userId=e35cdbc1-2ed0-4bec-bc66-901678ac7395
2026-08-20T18:30:19.974523992Z GetCartAsync called with userId=a582456c-5e50-4b48-9272-8e09a6ab3449
2026-08-20T18:30:20.090503112Z GetCartAsync called with userId=8494152f-8303-4d94-92cf-65c48088bbe8
2026-08-20T18:30:20.128166102Z GetCartAsync called with userId=1a181e6f-68e2-4fd1-accf-0d94e94e749b
2026-08-20T18:30:20.291577987Z GetCartAsync called with userId=f1f7dda7-81d8-47cb-ab27-9aab5835a795
2026-08-20T18:30:20.990441161Z GetCartAsync called with userId=eced0255-1d22-451f-a10a-ade79d3edfea
2026-08-20T18:30:20.993263087Z AddItemAsync called with userId=1a181e6f-68e2-4fd1-accf-0d94e94e749b, productId=OLJCESPC7Z, quantity=4
2026-08-20T18:30:20.998945546Z GetCartAsync called with userId=1a181e6f-68e2-4fd1-accf-0d94e94e749b
2026-08-20T18:30:22.262954993Z GetCartAsync called with userId=b23ae0af-66fc-48c3-982a-ce2e587a4f74
2026-08-20T18:30:22.969649320Z GetCartAsync called with userId=8870cb35-48e5-45ab-94ac-5eb0b9d3dc41
2026-08-20T18:30:23.010639211Z GetCartAsync called with userId=13964ae0-2c1b-42fd-9617-4df3670f57f2
2026-08-20T18:30:23.778858428Z AddItemAsync called with userId=8870cb35-48e5-45ab-94ac-5eb0b9d3dc41, productId=66VCHSJNUP, quantity=10
2026-08-20T18:30:23.793372520Z GetCartAsync called with userId=8870cb35-48e5-45ab-94ac-5eb0b9d3dc41
2026-08-20T18:30:24.167499721Z GetCartAsync called with userId=e35cdbc1-2ed0-4bec-bc66-901678ac7395
2026-08-20T18:30:24.299169806Z GetCartAsync called with userId=cba1eabe-9fa2-4ea5-94da-7b5449b2a8b1
2026-08-20T18:30:24.390874155Z GetCartAsync called with userId=70df1040-b24f-4a7c-be0d-307211fdf697
2026-08-20T18:30:24.592895464Z GetCartAsync called with userId=8870cb35-48e5-45ab-94ac-5eb0b9d3dc41
2026-08-20T18:30:24.681661370Z EmptyCartAsync called with userId=8870cb35-48e5-45ab-94ac-5eb0b9d3dc41
2026-08-20T18:30:25.171325319Z GetCartAsync called with userId=f1f7dda7-81d8-47cb-ab27-9aab5835a795
2026-08-20T18:30:25.715836752Z GetCartAsync called with userId=8494152f-8303-4d94-92cf-65c48088bbe8
2026-08-20T18:30:25.770856961Z GetCartAsync called with userId=a582456c-5e50-4b48-9272-8e09a6ab3449
2026-08-20T18:30:25.827230875Z GetCartAsync called with userId=ed2bd629-462b-4498-b459-53ecfb2738ff
2026-08-20T18:30:25.940492380Z AddItemAsync called with userId=f1f7dda7-81d8-47cb-ab27-9aab5835a795, productId=9SIQT8TOJO, quantity=3
2026-08-20T18:30:25.947761777Z GetCartAsync called with userId=f1f7dda7-81d8-47cb-ab27-9aab5835a795
2026-08-20T18:30:26.148445585Z GetCartAsync called with userId=eced0255-1d22-451f-a10a-ade79d3edfea
2026-08-20T18:30:26.599229763Z GetCartAsync called with userId=6fa6405a-d852-42c5-817f-c0cd16c5c2e8
2026-08-20T18:30:26.689905457Z AddItemAsync called with userId=ed2bd629-462b-4498-b459-53ecfb2738ff, productId=66VCHSJNUP, quantity=5
2026-08-20T18:30:26.702513961Z GetCartAsync called with userId=ed2bd629-462b-4498-b459-53ecfb2738ff
2026-08-20T18:30:26.807453509Z GetCartAsync called with userId=e35cdbc1-2ed0-4bec-bc66-901678ac7395
2026-08-20T18:30:26.913328498Z AddItemAsync called with userId=eced0255-1d22-451f-a10a-ade79d3edfea, productId=66VCHSJNUP, quantity=5
2026-08-20T18:30:26.916050509Z GetCartAsync called with userId=eced0255-1d22-451f-a10a-ade79d3edfea
2026-08-20T18:30:27.103329492Z Checking CartService Health
2026-08-20T18:30:27.107772063Z Checking CartService Health
2026-08-20T18:30:27.781541316Z GetCartAsync called with userId=eced0255-1d22-451f-a10a-ade79d3edfea
2026-08-20T18:30:27.791493019Z EmptyCartAsync called with userId=eced0255-1d22-451f-a10a-ade79d3edfea
2026-08-20T18:30:28.180845320Z GetCartAsync called with userId=b23ae0af-66fc-48c3-982a-ce2e587a4f74
2026-08-20T18:30:28.639980159Z GetCartAsync called with userId=1a181e6f-68e2-4fd1-accf-0d94e94e749b
2026-08-20T18:30:28.878353758Z GetCartAsync called with userId=11b93b3f-3a87-4cb6-881f-9bf889b50835
2026-08-20T18:30:29.367707861Z GetCartAsync called with userId=13964ae0-2c1b-42fd-9617-4df3670f57f2
2026-08-20T18:30:29.485850903Z GetCartAsync called with userId=cba1eabe-9fa2-4ea5-94da-7b5449b2a8b1
2026-08-20T18:30:29.572198843Z GetCartAsync called with userId=ed2bd629-462b-4498-b459-53ecfb2738ff
2026-08-20T18:30:29.721388174Z GetCartAsync called with userId=0728d167-2761-48a1-aeec-e206b6deb841
2026-08-20T18:30:31.752584019Z GetCartAsync called with userId=70df1040-b24f-4a7c-be0d-307211fdf697
2026-08-20T18:30:31.817839451Z GetCartAsync called with userId=13964ae0-2c1b-42fd-9617-4df3670f57f2
2026-08-20T18:30:31.963161670Z GetCartAsync called with userId=1a181e6f-68e2-4fd1-accf-0d94e94e749b
2026-08-20T18:30:32.530846596Z GetCartAsync called with userId=0728d167-2761-48a1-aeec-e206b6deb841
2026-08-20T18:30:33.528504847Z GetCartAsync called with userId=b23ae0af-66fc-48c3-982a-ce2e587a4f74
2026-08-20T18:30:33.696526621Z GetCartAsync called with userId=f1f7dda7-81d8-47cb-ab27-9aab5835a795
2026-08-20T18:30:33.957852097Z GetCartAsync called with userId=8870cb35-48e5-45ab-94ac-5eb0b9d3dc41
2026-08-20T18:30:34.491593136Z GetCartAsync called with userId=a582456c-5e50-4b48-9272-8e09a6ab3449
2026-08-20T18:30:34.570547654Z GetCartAsync called with userId=6fa6405a-d852-42c5-817f-c0cd16c5c2e8
2026-08-20T18:30:34.645354340Z GetCartAsync called with userId=e35cdbc1-2ed0-4bec-bc66-901678ac7395
2026-08-20T18:30:34.784770560Z GetCartAsync called with userId=70df1040-b24f-4a7c-be0d-307211fdf697
2026-08-20T18:30:35.273781691Z AddItemAsync called with userId=a582456c-5e50-4b48-9272-8e09a6ab3449, productId=6E92ZMYYFZ, quantity=3
2026-08-20T18:30:35.281982539Z GetCartAsync called with userId=a582456c-5e50-4b48-9272-8e09a6ab3449
2026-08-20T18:30:36.303928187Z GetCartAsync called with userId=eced0255-1d22-451f-a10a-ade79d3edfea
2026-08-20T18:30:36.513196939Z GetCartAsync called with userId=0728d167-2761-48a1-aeec-e206b6deb841
2026-08-20T18:30:36.687163318Z GetCartAsync called with userId=f1f7dda7-81d8-47cb-ab27-9aab5835a795
2026-08-20T18:30:36.936859524Z GetCartAsync called with userId=8870cb35-48e5-45ab-94ac-5eb0b9d3dc41
2026-08-20T18:30:37.096650645Z Checking CartService Health
2026-08-20T18:30:37.102631355Z Checking CartService Health
2026-08-20T18:30:37.121856582Z GetCartAsync called with userId=8494152f-8303-4d94-92cf-65c48088bbe8
2026-08-20T18:30:37.159601427Z GetCartAsync called with userId=13964ae0-2c1b-42fd-9617-4df3670f57f2
2026-08-20T18:30:37.567016238Z GetCartAsync called with userId=ed2bd629-462b-4498-b459-53ecfb2738ff
2026-08-20T18:30:38.637979295Z GetCartAsync called with userId=cba1eabe-9fa2-4ea5-94da-7b5449b2a8b1
2026-08-20T18:30:38.747638304Z GetCartAsync called with userId=a582456c-5e50-4b48-9272-8e09a6ab3449
2026-08-20T18:30:38.984256957Z GetCartAsync called with userId=11b93b3f-3a87-4cb6-881f-9bf889b50835
2026-08-20T18:30:40.617298584Z GetCartAsync called with userId=8870cb35-48e5-45ab-94ac-5eb0b9d3dc41
2026-08-20T18:30:40.972885065Z GetCartAsync called with userId=a582456c-5e50-4b48-9272-8e09a6ab3449
2026-08-20T18:30:41.142289477Z GetCartAsync called with userId=e35cdbc1-2ed0-4bec-bc66-901678ac7395
2026-08-20T18:30:41.502067296Z GetCartAsync called with userId=70df1040-b24f-4a7c-be0d-307211fdf697
2026-08-20T18:30:41.652265282Z GetCartAsync called with userId=6fa6405a-d852-42c5-817f-c0cd16c5c2e8
2026-08-20T18:30:41.668522559Z GetCartAsync called with userId=1a181e6f-68e2-4fd1-accf-0d94e94e749b
2026-08-20T18:30:42.325433353Z GetCartAsync called with userId=b23ae0af-66fc-48c3-982a-ce2e587a4f74
2026-08-20T18:30:42.980374146Z GetCartAsync called with userId=ed2bd629-462b-4498-b459-53ecfb2738ff
2026-08-20T18:30:42.983984396Z GetCartAsync called with userId=cba1eabe-9fa2-4ea5-94da-7b5449b2a8b1
2026-08-20T18:30:43.104571870Z AddItemAsync called with userId=b23ae0af-66fc-48c3-982a-ce2e587a4f74, productId=66VCHSJNUP, quantity=10
2026-08-20T18:30:43.108505870Z GetCartAsync called with userId=b23ae0af-66fc-48c3-982a-ce2e587a4f74
2026-08-20T18:30:43.521994673Z GetCartAsync called with userId=8494152f-8303-4d94-92cf-65c48088bbe8
2026-08-20T18:30:43.557744020Z GetCartAsync called with userId=f1f7dda7-81d8-47cb-ab27-9aab5835a795
2026-08-20T18:30:43.965462444Z GetCartAsync called with userId=8870cb35-48e5-45ab-94ac-5eb0b9d3dc41
2026-08-20T18:30:46.167021396Z GetCartAsync called with userId=0728d167-2761-48a1-aeec-e206b6deb841
2026-08-20T18:30:46.235048761Z GetCartAsync called with userId=13964ae0-2c1b-42fd-9617-4df3670f57f2
2026-08-20T18:30:46.472382298Z GetCartAsync called with userId=e35cdbc1-2ed0-4bec-bc66-901678ac7395
2026-08-20T18:30:47.084056266Z GetCartAsync called with userId=eced0255-1d22-451f-a10a-ade79d3edfea
2026-08-20T18:30:47.096494559Z Checking CartService Health
2026-08-20T18:30:47.103263889Z Checking CartService Health
2026-08-20T18:30:47.250080428Z AddItemAsync called with userId=e35cdbc1-2ed0-4bec-bc66-901678ac7395, productId=0PUK6V6EV0, quantity=9
2026-08-20T18:30:47.268248292Z GetCartAsync called with userId=e35cdbc1-2ed0-4bec-bc66-901678ac7395
2026-08-20T18:30:47.612162219Z GetCartAsync called with userId=6fa6405a-d852-42c5-817f-c0cd16c5c2e8
2026-08-20T18:30:48.339137231Z GetCartAsync called with userId=b23ae0af-66fc-48c3-982a-ce2e587a4f74
2026-08-20T18:30:48.409709969Z GetCartAsync called with userId=1a181e6f-68e2-4fd1-accf-0d94e94e749b
2026-08-20T18:30:48.551329817Z GetCartAsync called with userId=cba1eabe-9fa2-4ea5-94da-7b5449b2a8b1
2026-08-20T18:30:48.862772304Z GetCartAsync called with userId=70df1040-b24f-4a7c-be0d-307211fdf697
2026-08-20T18:30:50.337165938Z GetCartAsync called with userId=1a181e6f-68e2-4fd1-accf-0d94e94e749b
2026-08-20T18:30:50.423849027Z GetCartAsync called with userId=a582456c-5e50-4b48-9272-8e09a6ab3449
2026-08-20T18:30:51.636277102Z GetCartAsync called with userId=11b93b3f-3a87-4cb6-881f-9bf889b50835
2026-08-20T18:30:51.734832297Z GetCartAsync called with userId=13964ae0-2c1b-42fd-9617-4df3670f57f2
2026-08-20T18:30:51.825086930Z GetCartAsync called with userId=f1f7dda7-81d8-47cb-ab27-9aab5835a795
2026-08-20T18:30:52.182568022Z GetCartAsync called with userId=ed2bd629-462b-4498-b459-53ecfb2738ff
2026-08-20T18:30:52.431886956Z AddItemAsync called with userId=11b93b3f-3a87-4cb6-881f-9bf889b50835, productId=2ZYFJ3GM2N, quantity=6
2026-08-20T18:30:52.488105210Z GetCartAsync called with userId=11b93b3f-3a87-4cb6-881f-9bf889b50835
2026-08-20T18:30:52.954390257Z AddItemAsync called with userId=ed2bd629-462b-4498-b459-53ecfb2738ff, productId=9SIQT8TOJO, quantity=4
2026-08-20T18:30:52.957983704Z GetCartAsync called with userId=ed2bd629-462b-4498-b459-53ecfb2738ff
2026-08-20T18:30:53.571368532Z GetCartAsync called with userId=b23ae0af-66fc-48c3-982a-ce2e587a4f74
2026-08-20T18:30:53.721941842Z GetCartAsync called with userId=ed2bd629-462b-4498-b459-53ecfb2738ff
2026-08-20T18:30:53.729080429Z EmptyCartAsync called with userId=ed2bd629-462b-4498-b459-53ecfb2738ff
2026-08-20T18:30:54.079933612Z GetCartAsync called with userId=8494152f-8303-4d94-92cf-65c48088bbe8
2026-08-20T18:30:54.215761579Z GetCartAsync called with userId=f1f7dda7-81d8-47cb-ab27-9aab5835a795
2026-08-20T18:30:54.450230799Z GetCartAsync called with userId=a582456c-5e50-4b48-9272-8e09a6ab3449
2026-08-20T18:30:54.635232425Z GetCartAsync called with userId=cba1eabe-9fa2-4ea5-94da-7b5449b2a8b1
2026-08-20T18:30:55.391489794Z GetCartAsync called with userId=0728d167-2761-48a1-aeec-e206b6deb841
2026-08-20T18:30:55.537986788Z GetCartAsync called with userId=6fa6405a-d852-42c5-817f-c0cd16c5c2e8
2026-08-20T18:30:55.934259421Z GetCartAsync called with userId=eced0255-1d22-451f-a10a-ade79d3edfea
2026-08-20T18:30:56.015293397Z GetCartAsync called with userId=b23ae0af-66fc-48c3-982a-ce2e587a4f74
2026-08-20T18:30:56.044496421Z GetCartAsync called with userId=11b93b3f-3a87-4cb6-881f-9bf889b50835
2026-08-20T18:30:56.098865358Z GetCartAsync called with userId=8870cb35-48e5-45ab-94ac-5eb0b9d3dc41
2026-08-20T18:30:56.559967912Z GetCartAsync called with userId=e35cdbc1-2ed0-4bec-bc66-901678ac7395
2026-08-20T18:30:57.099461543Z Checking CartService Health
2026-08-20T18:30:57.107035390Z Checking CartService Health
2026-08-20T18:30:57.333388682Z AddItemAsync called with userId=e35cdbc1-2ed0-4bec-bc66-901678ac7395, productId=66VCHSJNUP, quantity=1
2026-08-20T18:30:57.336579465Z GetCartAsync called with userId=e35cdbc1-2ed0-4bec-bc66-901678ac7395
2026-08-20T18:30:57.897384324Z GetCartAsync called with userId=11b93b3f-3a87-4cb6-881f-9bf889b50835
2026-08-20T18:30:57.935413285Z GetCartAsync called with userId=a582456c-5e50-4b48-9272-8e09a6ab3449
2026-08-20T18:30:58.016127113Z GetCartAsync called with userId=13964ae0-2c1b-42fd-9617-4df3670f57f2
2026-08-20T18:30:58.195355165Z GetCartAsync called with userId=e35cdbc1-2ed0-4bec-bc66-901678ac7395
2026-08-20T18:30:58.224948648Z EmptyCartAsync called with userId=e35cdbc1-2ed0-4bec-bc66-901678ac7395
2026-08-20T18:30:58.891569538Z GetCartAsync called with userId=f1f7dda7-81d8-47cb-ab27-9aab5835a795
2026-08-20T18:30:58.988080959Z GetCartAsync called with userId=0728d167-2761-48a1-aeec-e206b6deb841
2026-08-20T18:30:59.289177373Z GetCartAsync called with userId=70df1040-b24f-4a7c-be0d-307211fdf697
2026-08-20T18:30:59.683527615Z GetCartAsync called with userId=eced0255-1d22-451f-a10a-ade79d3edfea
2026-08-20T18:30:59.769755278Z GetCartAsync called with userId=cba1eabe-9fa2-4ea5-94da-7b5449b2a8b1
2026-08-20T18:30:59.813490604Z AddItemAsync called with userId=0728d167-2761-48a1-aeec-e206b6deb841, productId=2ZYFJ3GM2N, quantity=1
2026-08-20T18:30:59.820791910Z GetCartAsync called with userId=0728d167-2761-48a1-aeec-e206b6deb841
2026-08-20T18:30:59.914650029Z GetCartAsync called with userId=1a181e6f-68e2-4fd1-accf-0d94e94e749b
2026-08-20T18:31:00.591756607Z GetCartAsync called with userId=0728d167-2761-48a1-aeec-e206b6deb841
2026-08-20T18:31:00.601394567Z EmptyCartAsync called with userId=0728d167-2761-48a1-aeec-e206b6deb841
2026-08-20T18:31:00.829782266Z GetCartAsync called with userId=11b93b3f-3a87-4cb6-881f-9bf889b50835
2026-08-20T18:31:01.213829647Z GetCartAsync called with userId=ed2bd629-462b-4498-b459-53ecfb2738ff
2026-08-20T18:31:01.283951471Z GetCartAsync called with userId=8494152f-8303-4d94-92cf-65c48088bbe8
2026-08-20T18:31:01.346800992Z GetCartAsync called with userId=6fa6405a-d852-42c5-817f-c0cd16c5c2e8
2026-08-20T18:31:02.077854143Z AddItemAsync called with userId=8494152f-8303-4d94-92cf-65c48088bbe8, productId=1YMWWN1N4O, quantity=6
2026-08-20T18:31:02.092769202Z GetCartAsync called with userId=8494152f-8303-4d94-92cf-65c48088bbe8
2026-08-20T18:31:02.185286718Z GetCartAsync called with userId=b23ae0af-66fc-48c3-982a-ce2e587a4f74
2026-08-20T18:31:02.963262394Z AddItemAsync called with userId=b23ae0af-66fc-48c3-982a-ce2e587a4f74, productId=LS4PSXUNUM, quantity=3
2026-08-20T18:31:02.969495912Z GetCartAsync called with userId=b23ae0af-66fc-48c3-982a-ce2e587a4f74
2026-08-20T18:31:04.147470206Z GetCartAsync called with userId=13964ae0-2c1b-42fd-9617-4df3670f57f2
2026-08-20T18:31:04.448827015Z GetCartAsync called with userId=8494152f-8303-4d94-92cf-65c48088bbe8
2026-08-20T18:31:04.550258463Z GetCartAsync called with userId=eced0255-1d22-451f-a10a-ade79d3edfea
2026-08-20T18:31:05.563192935Z GetCartAsync called with userId=a582456c-5e50-4b48-9272-8e09a6ab3449
2026-08-20T18:31:05.609027290Z GetCartAsync called with userId=70df1040-b24f-4a7c-be0d-307211fdf697
2026-08-20T18:31:06.276360132Z GetCartAsync called with userId=f1f7dda7-81d8-47cb-ab27-9aab5835a795
2026-08-20T18:31:06.739267349Z GetCartAsync called with userId=6fa6405a-d852-42c5-817f-c0cd16c5c2e8
2026-08-20T18:31:07.088369495Z Checking CartService Health
2026-08-20T18:31:07.094748835Z Checking CartService Health
2026-08-20T18:31:07.418024274Z GetCartAsync called with userId=e35cdbc1-2ed0-4bec-bc66-901678ac7395
2026-08-20T18:31:08.516791996Z GetCartAsync called with userId=1a181e6f-68e2-4fd1-accf-0d94e94e749b
2026-08-20T18:31:08.810325052Z GetCartAsync called with userId=8870cb35-48e5-45ab-94ac-5eb0b9d3dc41
2026-08-20T18:31:08.855468605Z GetCartAsync called with userId=0728d167-2761-48a1-aeec-e206b6deb841
2026-08-20T18:31:08.900011969Z GetCartAsync called with userId=11b93b3f-3a87-4cb6-881f-9bf889b50835
2026-08-20T18:31:08.932601672Z GetCartAsync called with userId=70df1040-b24f-4a7c-be0d-307211fdf697
2026-08-20T18:31:10.442735711Z GetCartAsync called with userId=cba1eabe-9fa2-4ea5-94da-7b5449b2a8b1
2026-08-20T18:31:10.923567220Z GetCartAsync called with userId=8494152f-8303-4d94-92cf-65c48088bbe8
2026-08-20T18:31:11.415909191Z GetCartAsync called with userId=a582456c-5e50-4b48-9272-8e09a6ab3449
2026-08-20T18:31:12.043149513Z GetCartAsync called with userId=11b93b3f-3a87-4cb6-881f-9bf889b50835
2026-08-20T18:31:12.083290358Z GetCartAsync called with userId=eced0255-1d22-451f-a10a-ade79d3edfea
2026-08-20T18:31:12.728502532Z GetCartAsync called with userId=ed2bd629-462b-4498-b459-53ecfb2738ff
2026-08-20T18:31:12.861060525Z GetCartAsync called with userId=8494152f-8303-4d94-92cf-65c48088bbe8
2026-08-20T18:31:12.864386534Z GetCartAsync called with userId=6fa6405a-d852-42c5-817f-c0cd16c5c2e8
2026-08-20T18:31:12.978559212Z AddItemAsync called with userId=8494152f-8303-4d94-92cf-65c48088bbe8, productId=LS4PSXUNUM, quantity=7
2026-08-20T18:31:12.985356153Z GetCartAsync called with userId=8494152f-8303-4d94-92cf-65c48088bbe8
2026-08-20T18:31:12.985400960Z AddItemAsync called with userId=6fa6405a-d852-42c5-817f-c0cd16c5c2e8, productId=OLJCESPC7Z, quantity=5
2026-08-20T18:31:13.057534202Z GetCartAsync called with userId=6fa6405a-d852-42c5-817f-c0cd16c5c2e8
2026-08-20T18:31:13.482643381Z GetCartAsync called with userId=b23ae0af-66fc-48c3-982a-ce2e587a4f74
2026-08-20T18:31:13.714036904Z GetCartAsync called with userId=8870cb35-48e5-45ab-94ac-5eb0b9d3dc41
2026-08-20T18:31:14.334423778Z GetCartAsync called with userId=13964ae0-2c1b-42fd-9617-4df3670f57f2
2026-08-20T18:31:14.535678487Z GetCartAsync called with userId=f1f7dda7-81d8-47cb-ab27-9aab5835a795
2026-08-20T18:31:15.248313782Z GetCartAsync called with userId=a582456c-5e50-4b48-9272-8e09a6ab3449
2026-08-20T18:31:15.287441872Z GetCartAsync called with userId=e35cdbc1-2ed0-4bec-bc66-901678ac7395
2026-08-20T18:31:15.763105090Z GetCartAsync called with userId=8870cb35-48e5-45ab-94ac-5eb0b9d3dc41
2026-08-20T18:31:17.091393234Z Checking CartService Health
2026-08-20T18:31:17.096521919Z Checking CartService Health
2026-08-20T18:31:17.289573072Z GetCartAsync called with userId=1a181e6f-68e2-4fd1-accf-0d94e94e749b
2026-08-20T18:31:17.289624280Z GetCartAsync called with userId=70df1040-b24f-4a7c-be0d-307211fdf697
2026-08-20T18:31:17.382986573Z GetCartAsync called with userId=e35cdbc1-2ed0-4bec-bc66-901678ac7395
2026-08-20T18:31:17.581331337Z GetCartAsync called with userId=8494152f-8303-4d94-92cf-65c48088bbe8
2026-08-20T18:31:18.506163471Z GetCartAsync called with userId=13964ae0-2c1b-42fd-9617-4df3670f57f2
2026-08-20T18:31:19.653938190Z GetCartAsync called with userId=11b93b3f-3a87-4cb6-881f-9bf889b50835
2026-08-20T18:31:19.730925481Z GetCartAsync called with userId=0728d167-2761-48a1-aeec-e206b6deb841
2026-08-20T18:31:19.767369442Z AddItemAsync called with userId=0728d167-2761-48a1-aeec-e206b6deb841, productId=OLJCESPC7Z, quantity=6
2026-08-20T18:31:19.779527630Z GetCartAsync called with userId=0728d167-2761-48a1-aeec-e206b6deb841
2026-08-20T18:31:19.863317234Z GetCartAsync called with userId=eced0255-1d22-451f-a10a-ade79d3edfea
2026-08-20T18:31:19.863359741Z GetCartAsync called with userId=b23ae0af-66fc-48c3-982a-ce2e587a4f74
2026-08-20T18:31:19.868921050Z GetCartAsync called with userId=cba1eabe-9fa2-4ea5-94da-7b5449b2a8b1
2026-08-20T18:31:19.889217170Z GetCartAsync called with userId=0728d167-2761-48a1-aeec-e206b6deb841
2026-08-20T18:31:19.904979348Z EmptyCartAsync called with userId=0728d167-2761-48a1-aeec-e206b6deb841
2026-08-20T18:31:19.981049489Z AddItemAsync called with userId=cba1eabe-9fa2-4ea5-94da-7b5449b2a8b1, productId=OLJCESPC7Z, quantity=3
2026-08-20T18:31:20.063305242Z GetCartAsync called with userId=f1f7dda7-81d8-47cb-ab27-9aab5835a795
2026-08-20T18:31:20.063345349Z GetCartAsync called with userId=cba1eabe-9fa2-4ea5-94da-7b5449b2a8b1
2026-08-20T18:31:21.327501802Z GetCartAsync called with userId=0728d167-2761-48a1-aeec-e206b6deb841
2026-08-20T18:31:22.190656271Z GetCartAsync called with userId=8870cb35-48e5-45ab-94ac-5eb0b9d3dc41
2026-08-20T18:31:22.215112871Z AddItemAsync called with userId=8870cb35-48e5-45ab-94ac-5eb0b9d3dc41, productId=LS4PSXUNUM, quantity=9
2026-08-20T18:31:22.222776725Z GetCartAsync called with userId=8870cb35-48e5-45ab-94ac-5eb0b9d3dc41
2026-08-20T18:31:22.378910361Z GetCartAsync called with userId=8870cb35-48e5-45ab-94ac-5eb0b9d3dc41
2026-08-20T18:31:22.396976715Z EmptyCartAsync called with userId=8870cb35-48e5-45ab-94ac-5eb0b9d3dc41
2026-08-20T18:31:22.649286681Z GetCartAsync called with userId=6fa6405a-d852-42c5-817f-c0cd16c5c2e8
2026-08-20T18:31:23.013665675Z GetCartAsync called with userId=ed2bd629-462b-4498-b459-53ecfb2738ff
2026-08-20T18:31:23.677180093Z GetCartAsync called with userId=a582456c-5e50-4b48-9272-8e09a6ab3449
2026-08-20T18:31:24.429948909Z GetCartAsync called with userId=11b93b3f-3a87-4cb6-881f-9bf889b50835
2026-08-20T18:31:24.539704359Z GetCartAsync called with userId=eced0255-1d22-451f-a10a-ade79d3edfea
2026-08-20T18:31:24.651286109Z GetCartAsync called with userId=13964ae0-2c1b-42fd-9617-4df3670f57f2
2026-08-20T18:31:24.780532147Z GetCartAsync called with userId=8494152f-8303-4d94-92cf-65c48088bbe8
2026-08-20T18:31:24.948607236Z GetCartAsync called with userId=cba1eabe-9fa2-4ea5-94da-7b5449b2a8b1
2026-08-20T18:31:25.295089403Z GetCartAsync called with userId=a582456c-5e50-4b48-9272-8e09a6ab3449
2026-08-20T18:31:25.392278498Z GetCartAsync called with userId=1a181e6f-68e2-4fd1-accf-0d94e94e749b
2026-08-20T18:31:25.788048127Z GetCartAsync called with userId=70df1040-b24f-4a7c-be0d-307211fdf697
2026-08-20T18:31:25.802011310Z AddItemAsync called with userId=70df1040-b24f-4a7c-be0d-307211fdf697, productId=6E92ZMYYFZ, quantity=1
2026-08-20T18:31:25.806030868Z GetCartAsync called with userId=70df1040-b24f-4a7c-be0d-307211fdf697
2026-08-20T18:31:25.878583634Z GetCartAsync called with userId=8494152f-8303-4d94-92cf-65c48088bbe8
2026-08-20T18:31:25.983078324Z AddItemAsync called with userId=8494152f-8303-4d94-92cf-65c48088bbe8, productId=OLJCESPC7Z, quantity=7
2026-08-20T18:31:25.987760090Z GetCartAsync called with userId=8494152f-8303-4d94-92cf-65c48088bbe8
2026-08-20T18:31:25.990543245Z GetCartAsync called with userId=11b93b3f-3a87-4cb6-881f-9bf889b50835
2026-08-20T18:31:26.855780760Z GetCartAsync called with userId=0728d167-2761-48a1-aeec-e206b6deb841
2026-08-20T18:31:27.074963349Z GetCartAsync called with userId=8870cb35-48e5-45ab-94ac-5eb0b9d3dc41
2026-08-20T18:31:27.093510859Z Checking CartService Health
2026-08-20T18:31:27.098585555Z Checking CartService Health
2026-08-20T18:31:27.216993033Z GetCartAsync called with userId=e35cdbc1-2ed0-4bec-bc66-901678ac7395
2026-08-20T18:31:28.052667147Z GetCartAsync called with userId=6fa6405a-d852-42c5-817f-c0cd16c5c2e8
2026-08-20T18:31:28.624551674Z GetCartAsync called with userId=8494152f-8303-4d94-92cf-65c48088bbe8
2026-08-20T18:31:28.640774719Z AddItemAsync called with userId=8494152f-8303-4d94-92cf-65c48088bbe8, productId=1YMWWN1N4O, quantity=6
2026-08-20T18:31:28.646207971Z GetCartAsync called with userId=8494152f-8303-4d94-92cf-65c48088bbe8
2026-08-20T18:31:28.679492394Z GetCartAsync called with userId=f1f7dda7-81d8-47cb-ab27-9aab5835a795
2026-08-20T18:31:29.186399926Z GetCartAsync called with userId=b23ae0af-66fc-48c3-982a-ce2e587a4f74
2026-08-20T18:31:29.633280840Z GetCartAsync called with userId=cba1eabe-9fa2-4ea5-94da-7b5449b2a8b1
2026-08-20T18:31:30.037555169Z GetCartAsync called with userId=a582456c-5e50-4b48-9272-8e09a6ab3449
2026-08-20T18:31:31.022920569Z GetCartAsync called with userId=70df1040-b24f-4a7c-be0d-307211fdf697
2026-08-20T18:31:31.079713380Z AddItemAsync called with userId=70df1040-b24f-4a7c-be0d-307211fdf697, productId=0PUK6V6EV0, quantity=1
2026-08-20T18:31:31.089316187Z GetCartAsync called with userId=70df1040-b24f-4a7c-be0d-307211fdf697
2026-08-20T18:31:31.185736815Z GetCartAsync called with userId=70df1040-b24f-4a7c-be0d-307211fdf697
2026-08-20T18:31:31.209639265Z EmptyCartAsync called with userId=70df1040-b24f-4a7c-be0d-307211fdf697
2026-08-20T18:31:32.812102218Z GetCartAsync called with userId=11b93b3f-3a87-4cb6-881f-9bf889b50835
2026-08-20T18:31:32.839238976Z GetCartAsync called with userId=0728d167-2761-48a1-aeec-e206b6deb841
2026-08-20T18:31:32.983270874Z GetCartAsync called with userId=f1f7dda7-81d8-47cb-ab27-9aab5835a795
2026-08-20T18:31:33.317881773Z GetCartAsync called with userId=70df1040-b24f-4a7c-be0d-307211fdf697
2026-08-20T18:31:33.392119321Z AddItemAsync called with userId=70df1040-b24f-4a7c-be0d-307211fdf697, productId=9SIQT8TOJO, quantity=8
2026-08-20T18:31:33.406043706Z GetCartAsync called with userId=70df1040-b24f-4a7c-be0d-307211fdf697
2026-08-20T18:31:33.473763231Z GetCartAsync called with userId=eced0255-1d22-451f-a10a-ade79d3edfea
2026-08-20T18:31:33.477539923Z GetCartAsync called with userId=1a181e6f-68e2-4fd1-accf-0d94e94e749b
2026-08-20T18:31:33.490767999Z GetCartAsync called with userId=70df1040-b24f-4a7c-be0d-307211fdf697
2026-08-20T18:31:33.505827261Z EmptyCartAsync called with userId=70df1040-b24f-4a7c-be0d-307211fdf697
2026-08-20T18:31:33.826033301Z GetCartAsync called with userId=cba1eabe-9fa2-4ea5-94da-7b5449b2a8b1
2026-08-20T18:31:33.884577486Z GetCartAsync called with userId=13964ae0-2c1b-42fd-9617-4df3670f57f2
2026-08-20T18:31:34.364098321Z GetCartAsync called with userId=8494152f-8303-4d94-92cf-65c48088bbe8
2026-08-20T18:31:35.626440330Z GetCartAsync called with userId=6fa6405a-d852-42c5-817f-c0cd16c5c2e8
2026-08-20T18:31:35.647644307Z GetCartAsync called with userId=a582456c-5e50-4b48-9272-8e09a6ab3449
2026-08-20T18:31:36.102537192Z GetCartAsync called with userId=ed2bd629-462b-4498-b459-53ecfb2738ff
2026-08-20T18:31:37.071216563Z GetCartAsync called with userId=8870cb35-48e5-45ab-94ac-5eb0b9d3dc41
2026-08-20T18:31:37.088270698Z Checking CartService Health
2026-08-20T18:31:37.094601776Z Checking CartService Health
2026-08-20T18:31:37.167238999Z GetCartAsync called with userId=0728d167-2761-48a1-aeec-e206b6deb841
2026-08-20T18:31:37.260553317Z AddItemAsync called with userId=0728d167-2761-48a1-aeec-e206b6deb841, productId=1YMWWN1N4O, quantity=1
2026-08-20T18:31:37.280158846Z GetCartAsync called with userId=0728d167-2761-48a1-aeec-e206b6deb841
2026-08-20T18:31:37.472021791Z GetCartAsync called with userId=1a181e6f-68e2-4fd1-accf-0d94e94e749b
2026-08-20T18:31:37.602967123Z GetCartAsync called with userId=ed2bd629-462b-4498-b459-53ecfb2738ff
2026-08-20T18:31:37.744644914Z GetCartAsync called with userId=b23ae0af-66fc-48c3-982a-ce2e587a4f74
2026-08-20T18:31:37.856577809Z GetCartAsync called with userId=a582456c-5e50-4b48-9272-8e09a6ab3449
2026-08-20T18:31:37.866415629Z GetCartAsync called with userId=f1f7dda7-81d8-47cb-ab27-9aab5835a795
2026-08-20T18:31:37.977219349Z AddItemAsync called with userId=f1f7dda7-81d8-47cb-ab27-9aab5835a795, productId=LS4PSXUNUM, quantity=2
2026-08-20T18:31:37.983036848Z GetCartAsync called with userId=f1f7dda7-81d8-47cb-ab27-9aab5835a795
2026-08-20T18:31:38.069326381Z GetCartAsync called with userId=f1f7dda7-81d8-47cb-ab27-9aab5835a795
2026-08-20T18:31:38.084845479Z EmptyCartAsync called with userId=f1f7dda7-81d8-47cb-ab27-9aab5835a795
2026-08-20T18:31:38.128250485Z GetCartAsync called with userId=cba1eabe-9fa2-4ea5-94da-7b5449b2a8b1
2026-08-20T18:31:38.324120549Z GetCartAsync called with userId=e35cdbc1-2ed0-4bec-bc66-901678ac7395
2026-08-20T18:31:38.378164499Z GetCartAsync called with userId=8494152f-8303-4d94-92cf-65c48088bbe8
2026-08-20T18:31:40.210012738Z GetCartAsync called with userId=cba1eabe-9fa2-4ea5-94da-7b5449b2a8b1
2026-08-20T18:31:41.219686243Z GetCartAsync called with userId=8870cb35-48e5-45ab-94ac-5eb0b9d3dc41
2026-08-20T18:31:41.378114922Z GetCartAsync called with userId=11b93b3f-3a87-4cb6-881f-9bf889b50835
2026-08-20T18:31:41.401988210Z GetCartAsync called with userId=13964ae0-2c1b-42fd-9617-4df3670f57f2
2026-08-20T18:31:41.481010420Z AddItemAsync called with userId=13964ae0-2c1b-42fd-9617-4df3670f57f2, productId=OLJCESPC7Z, quantity=3
2026-08-20T18:31:41.487265486Z GetCartAsync called with userId=13964ae0-2c1b-42fd-9617-4df3670f57f2
2026-08-20T18:31:41.885698948Z GetCartAsync called with userId=0728d167-2761-48a1-aeec-e206b6deb841
2026-08-20T18:31:42.030342097Z GetCartAsync called with userId=eced0255-1d22-451f-a10a-ade79d3edfea
2026-08-20T18:31:42.130470768Z GetCartAsync called with userId=70df1040-b24f-4a7c-be0d-307211fdf697
2026-08-20T18:31:42.176168229Z AddItemAsync called with userId=70df1040-b24f-4a7c-be0d-307211fdf697, productId=66VCHSJNUP, quantity=4
2026-08-20T18:31:42.185481268Z GetCartAsync called with userId=70df1040-b24f-4a7c-be0d-307211fdf697
2026-08-20T18:31:42.204556715Z GetCartAsync called with userId=70df1040-b24f-4a7c-be0d-307211fdf697
2026-08-20T18:31:42.212405428Z EmptyCartAsync called with userId=70df1040-b24f-4a7c-be0d-307211fdf697
2026-08-20T18:31:43.207214124Z GetCartAsync called with userId=ed2bd629-462b-4498-b459-53ecfb2738ff
2026-08-20T18:31:43.561592234Z GetCartAsync called with userId=a582456c-5e50-4b48-9272-8e09a6ab3449
2026-08-20T18:31:43.834513991Z GetCartAsync called with userId=f1f7dda7-81d8-47cb-ab27-9aab5835a795
2026-08-20T18:31:43.966644952Z GetCartAsync called with userId=b23ae0af-66fc-48c3-982a-ce2e587a4f74
2026-08-20T18:31:44.532492149Z GetCartAsync called with userId=6fa6405a-d852-42c5-817f-c0cd16c5c2e8
2026-08-20T18:31:44.626216092Z GetCartAsync called with userId=e35cdbc1-2ed0-4bec-bc66-901678ac7395
2026-08-20T18:31:45.033853409Z GetCartAsync called with userId=a582456c-5e50-4b48-9272-8e09a6ab3449
2026-08-20T18:31:45.239955069Z GetCartAsync called with userId=1a181e6f-68e2-4fd1-accf-0d94e94e749b
2026-08-20T18:31:45.284844086Z AddItemAsync called with userId=1a181e6f-68e2-4fd1-accf-0d94e94e749b, productId=OLJCESPC7Z, quantity=6
2026-08-20T18:31:45.355360553Z GetCartAsync called with userId=1a181e6f-68e2-4fd1-accf-0d94e94e749b
2026-08-20T18:31:45.976781314Z GetCartAsync called with userId=e35cdbc1-2ed0-4bec-bc66-901678ac7395
2026-08-20T18:31:46.055274810Z AddItemAsync called with userId=e35cdbc1-2ed0-4bec-bc66-901678ac7395, productId=L9ECAV7KIM, quantity=4
2026-08-20T18:31:46.081147097Z GetCartAsync called with userId=e35cdbc1-2ed0-4bec-bc66-901678ac7395
2026-08-20T18:31:46.524715950Z GetCartAsync called with userId=70df1040-b24f-4a7c-be0d-307211fdf697
2026-08-20T18:31:47.089656608Z Checking CartService Health
2026-08-20T18:31:47.095719442Z Checking CartService Health
2026-08-20T18:31:47.928433563Z GetCartAsync called with userId=8870cb35-48e5-45ab-94ac-5eb0b9d3dc41
2026-08-20T18:31:48.651298256Z GetCartAsync called with userId=f1f7dda7-81d8-47cb-ab27-9aab5835a795
2026-08-20T18:31:48.743905027Z GetCartAsync called with userId=cba1eabe-9fa2-4ea5-94da-7b5449b2a8b1
2026-08-20T18:31:49.455022010Z GetCartAsync called with userId=8494152f-8303-4d94-92cf-65c48088bbe8
2026-08-20T18:31:49.597502866Z GetCartAsync called with userId=ed2bd629-462b-4498-b459-53ecfb2738ff
2026-08-20T18:31:49.790936274Z GetCartAsync called with userId=6fa6405a-d852-42c5-817f-c0cd16c5c2e8
2026-08-20T18:31:49.911925218Z GetCartAsync called with userId=13964ae0-2c1b-42fd-9617-4df3670f57f2
2026-08-20T18:31:50.298718423Z GetCartAsync called with userId=0728d167-2761-48a1-aeec-e206b6deb841
2026-08-20T18:31:50.350668228Z AddItemAsync called with userId=0728d167-2761-48a1-aeec-e206b6deb841, productId=9SIQT8TOJO, quantity=8
2026-08-20T18:31:50.380005749Z GetCartAsync called with userId=0728d167-2761-48a1-aeec-e206b6deb841
2026-08-20T18:31:50.403302139Z GetCartAsync called with userId=0728d167-2761-48a1-aeec-e206b6deb841
2026-08-20T18:31:50.411555811Z EmptyCartAsync called with userId=0728d167-2761-48a1-aeec-e206b6deb841
2026-08-20T18:31:51.756760735Z GetCartAsync called with userId=11b93b3f-3a87-4cb6-881f-9bf889b50835
2026-08-20T18:31:51.882511353Z GetCartAsync called with userId=70df1040-b24f-4a7c-be0d-307211fdf697
2026-08-20T18:31:51.950168539Z GetCartAsync called with userId=1a181e6f-68e2-4fd1-accf-0d94e94e749b
2026-08-20T18:31:53.508449854Z GetCartAsync called with userId=b23ae0af-66fc-48c3-982a-ce2e587a4f74
2026-08-20T18:31:53.779178014Z GetCartAsync called with userId=0728d167-2761-48a1-aeec-e206b6deb841
2026-08-20T18:31:54.376031657Z GetCartAsync called with userId=a582456c-5e50-4b48-9272-8e09a6ab3449
2026-08-20T18:31:54.376098467Z GetCartAsync called with userId=cba1eabe-9fa2-4ea5-94da-7b5449b2a8b1
2026-08-20T18:31:54.661094796Z GetCartAsync called with userId=eced0255-1d22-451f-a10a-ade79d3edfea
2026-08-20T18:31:54.777205149Z AddItemAsync called with userId=a582456c-5e50-4b48-9272-8e09a6ab3449, productId=2ZYFJ3GM2N, quantity=10
2026-08-20T18:31:54.876219703Z GetCartAsync called with userId=a582456c-5e50-4b48-9272-8e09a6ab3449
2026-08-20T18:31:55.091596048Z GetCartAsync called with userId=a582456c-5e50-4b48-9272-8e09a6ab3449
2026-08-20T18:31:55.186184629Z EmptyCartAsync called with userId=a582456c-5e50-4b48-9272-8e09a6ab3449
2026-08-20T18:31:55.319951666Z GetCartAsync called with userId=e35cdbc1-2ed0-4bec-bc66-901678ac7395
2026-08-20T18:31:55.537170991Z GetCartAsync called with userId=8870cb35-48e5-45ab-94ac-5eb0b9d3dc41
2026-08-20T18:31:56.142927588Z GetCartAsync called with userId=6fa6405a-d852-42c5-817f-c0cd16c5c2e8
2026-08-20T18:31:56.594435433Z GetCartAsync called with userId=cba1eabe-9fa2-4ea5-94da-7b5449b2a8b1
2026-08-20T18:31:56.644819393Z GetCartAsync called with userId=8494152f-8303-4d94-92cf-65c48088bbe8
2026-08-20T18:31:56.878305291Z GetCartAsync called with userId=b23ae0af-66fc-48c3-982a-ce2e587a4f74
2026-08-20T18:31:57.089892360Z Checking CartService Health
2026-08-20T18:31:57.094539466Z Checking CartService Health
2026-08-20T18:31:57.104997256Z GetCartAsync called with userId=ed2bd629-462b-4498-b459-53ecfb2738ff
2026-08-20T18:31:57.297817672Z GetCartAsync called with userId=11b93b3f-3a87-4cb6-881f-9bf889b50835
2026-08-20T18:31:57.395638744Z GetCartAsync called with userId=f1f7dda7-81d8-47cb-ab27-9aab5835a795
2026-08-20T18:31:57.615495070Z GetCartAsync called with userId=70df1040-b24f-4a7c-be0d-307211fdf697
2026-08-20T18:31:57.776175099Z AddItemAsync called with userId=70df1040-b24f-4a7c-be0d-307211fdf697, productId=OLJCESPC7Z, quantity=8
2026-08-20T18:31:57.780358435Z GetCartAsync called with userId=70df1040-b24f-4a7c-be0d-307211fdf697
2026-08-20T18:31:58.328693102Z GetCartAsync called with userId=e35cdbc1-2ed0-4bec-bc66-901678ac7395
2026-08-20T18:31:59.401485672Z GetCartAsync called with userId=13964ae0-2c1b-42fd-9617-4df3670f57f2
2026-08-20T18:31:59.520026929Z GetCartAsync called with userId=8494152f-8303-4d94-92cf-65c48088bbe8
2026-08-20T18:31:59.672938653Z GetCartAsync called with userId=8870cb35-48e5-45ab-94ac-5eb0b9d3dc41
2026-08-20T18:31:59.857133636Z GetCartAsync called with userId=0728d167-2761-48a1-aeec-e206b6deb841
2026-08-20T18:32:00.354434735Z GetCartAsync called with userId=70df1040-b24f-4a7c-be0d-307211fdf697
2026-08-20T18:32:00.365918261Z AddItemAsync called with userId=70df1040-b24f-4a7c-be0d-307211fdf697, productId=LS4PSXUNUM, quantity=8
2026-08-20T18:32:00.370385855Z GetCartAsync called with userId=70df1040-b24f-4a7c-be0d-307211fdf697
2026-08-20T18:32:00.506517949Z GetCartAsync called with userId=f1f7dda7-81d8-47cb-ab27-9aab5835a795
2026-08-20T18:32:00.516504077Z AddItemAsync called with userId=f1f7dda7-81d8-47cb-ab27-9aab5835a795, productId=6E92ZMYYFZ, quantity=2
2026-08-20T18:32:00.520155262Z GetCartAsync called with userId=f1f7dda7-81d8-47cb-ab27-9aab5835a795
2026-08-20T18:32:00.704382949Z GetCartAsync called with userId=1a181e6f-68e2-4fd1-accf-0d94e94e749b
2026-08-20T18:32:01.164084851Z GetCartAsync called with userId=11b93b3f-3a87-4cb6-881f-9bf889b50835
2026-08-20T18:32:01.176063043Z AddItemAsync called with userId=11b93b3f-3a87-4cb6-881f-9bf889b50835, productId=L9ECAV7KIM, quantity=5
2026-08-20T18:32:01.180315608Z GetCartAsync called with userId=11b93b3f-3a87-4cb6-881f-9bf889b50835
2026-08-20T18:32:01.198887677Z GetCartAsync called with userId=11b93b3f-3a87-4cb6-881f-9bf889b50835
2026-08-20T18:32:01.212700013Z EmptyCartAsync called with userId=11b93b3f-3a87-4cb6-881f-9bf889b50835
2026-08-20T18:32:01.873631461Z GetCartAsync called with userId=6fa6405a-d852-42c5-817f-c0cd16c5c2e8
2026-08-20T18:32:01.887282376Z GetCartAsync called with userId=ed2bd629-462b-4498-b459-53ecfb2738ff
2026-08-20T18:32:02.062882416Z GetCartAsync called with userId=eced0255-1d22-451f-a10a-ade79d3edfea
2026-08-20T18:32:03.327556018Z GetCartAsync called with userId=cba1eabe-9fa2-4ea5-94da-7b5449b2a8b1
2026-08-20T18:32:03.633729114Z GetCartAsync called with userId=b23ae0af-66fc-48c3-982a-ce2e587a4f74
2026-08-20T18:32:03.647740676Z GetCartAsync called with userId=a582456c-5e50-4b48-9272-8e09a6ab3449
2026-08-20T18:32:03.970991642Z GetCartAsync called with userId=0728d167-2761-48a1-aeec-e206b6deb841
2026-08-20T18:32:04.574568367Z GetCartAsync called with userId=f1f7dda7-81d8-47cb-ab27-9aab5835a795
2026-08-20T18:32:04.587685810Z GetCartAsync called with userId=6fa6405a-d852-42c5-817f-c0cd16c5c2e8
2026-08-20T18:32:04.949757636Z GetCartAsync called with userId=11b93b3f-3a87-4cb6-881f-9bf889b50835
2026-08-20T18:32:05.443470158Z GetCartAsync called with userId=8494152f-8303-4d94-92cf-65c48088bbe8
2026-08-20T18:32:05.987786807Z GetCartAsync called with userId=13964ae0-2c1b-42fd-9617-4df3670f57f2
2026-08-20T18:32:06.400402150Z GetCartAsync called with userId=ed2bd629-462b-4498-b459-53ecfb2738ff
2026-08-20T18:32:06.707804150Z GetCartAsync called with userId=eced0255-1d22-451f-a10a-ade79d3edfea
2026-08-20T18:32:06.718704827Z GetCartAsync called with userId=a582456c-5e50-4b48-9272-8e09a6ab3449
2026-08-20T18:32:06.811581804Z GetCartAsync called with userId=e35cdbc1-2ed0-4bec-bc66-901678ac7395
2026-08-20T18:32:06.812328478Z GetCartAsync called with userId=70df1040-b24f-4a7c-be0d-307211fdf697
2026-08-20T18:32:07.081450169Z Checking CartService Health
2026-08-20T18:32:07.088227338Z Checking CartService Health
2026-08-20T18:32:08.371817765Z GetCartAsync called with userId=8494152f-8303-4d94-92cf-65c48088bbe8
2026-08-20T18:32:08.701646354Z GetCartAsync called with userId=13964ae0-2c1b-42fd-9617-4df3670f57f2
2026-08-20T18:32:09.025439046Z GetCartAsync called with userId=1a181e6f-68e2-4fd1-accf-0d94e94e749b
2026-08-20T18:32:09.472225792Z GetCartAsync called with userId=ed2bd629-462b-4498-b459-53ecfb2738ff
2026-08-20T18:32:09.606060715Z GetCartAsync called with userId=8870cb35-48e5-45ab-94ac-5eb0b9d3dc41
2026-08-20T18:32:09.858011509Z GetCartAsync called with userId=6fa6405a-d852-42c5-817f-c0cd16c5c2e8
2026-08-20T18:32:09.935801796Z GetCartAsync called with userId=cba1eabe-9fa2-4ea5-94da-7b5449b2a8b1
2026-08-20T18:32:10.807555030Z GetCartAsync called with userId=f1f7dda7-81d8-47cb-ab27-9aab5835a795
2026-08-20T18:32:10.879297219Z GetCartAsync called with userId=8870cb35-48e5-45ab-94ac-5eb0b9d3dc41
2026-08-20T18:32:11.184305355Z GetCartAsync called with userId=0728d167-2761-48a1-aeec-e206b6deb841
2026-08-20T18:32:11.684668194Z GetCartAsync called with userId=11b93b3f-3a87-4cb6-881f-9bf889b50835
2026-08-20T18:32:11.754380482Z GetCartAsync called with userId=eced0255-1d22-451f-a10a-ade79d3edfea
2026-08-20T18:32:12.510521693Z GetCartAsync called with userId=8870cb35-48e5-45ab-94ac-5eb0b9d3dc41
2026-08-20T18:32:12.831019160Z GetCartAsync called with userId=b23ae0af-66fc-48c3-982a-ce2e587a4f74
2026-08-20T18:32:12.870510462Z GetCartAsync called with userId=13964ae0-2c1b-42fd-9617-4df3670f57f2
2026-08-20T18:32:13.154531225Z GetCartAsync called with userId=70df1040-b24f-4a7c-be0d-307211fdf697
2026-08-20T18:32:14.601690806Z GetCartAsync called with userId=8494152f-8303-4d94-92cf-65c48088bbe8
2026-08-20T18:32:14.614054565Z AddItemAsync called with userId=8494152f-8303-4d94-92cf-65c48088bbe8, productId=6E92ZMYYFZ, quantity=9
2026-08-20T18:32:14.618332608Z GetCartAsync called with userId=8494152f-8303-4d94-92cf-65c48088bbe8
2026-08-20T18:32:14.683535712Z GetCartAsync called with userId=8494152f-8303-4d94-92cf-65c48088bbe8
2026-08-20T18:32:14.742215936Z EmptyCartAsync called with userId=8494152f-8303-4d94-92cf-65c48088bbe8
2026-08-20T18:32:15.311497635Z GetCartAsync called with userId=8870cb35-48e5-45ab-94ac-5eb0b9d3dc41
2026-08-20T18:32:15.373464853Z AddItemAsync called with userId=8870cb35-48e5-45ab-94ac-5eb0b9d3dc41, productId=2ZYFJ3GM2N, quantity=7
2026-08-20T18:32:15.384165062Z GetCartAsync called with userId=8870cb35-48e5-45ab-94ac-5eb0b9d3dc41
2026-08-20T18:32:15.480149494Z GetCartAsync called with userId=8870cb35-48e5-45ab-94ac-5eb0b9d3dc41
2026-08-20T18:32:15.493308673Z EmptyCartAsync called with userId=8870cb35-48e5-45ab-94ac-5eb0b9d3dc41
2026-08-20T18:32:15.611690773Z GetCartAsync called with userId=11b93b3f-3a87-4cb6-881f-9bf889b50835
2026-08-20T18:32:16.517600389Z GetCartAsync called with userId=1a181e6f-68e2-4fd1-accf-0d94e94e749b
2026-08-20T18:32:16.828702368Z GetCartAsync called with userId=e35cdbc1-2ed0-4bec-bc66-901678ac7395
2026-08-20T18:32:16.899523817Z GetCartAsync called with userId=cba1eabe-9fa2-4ea5-94da-7b5449b2a8b1
2026-08-20T18:32:17.047303637Z GetCartAsync called with userId=a582456c-5e50-4b48-9272-8e09a6ab3449
2026-08-20T18:32:17.081020107Z Checking CartService Health
2026-08-20T18:32:17.086719264Z Checking CartService Health
2026-08-20T18:32:18.044666905Z GetCartAsync called with userId=11b93b3f-3a87-4cb6-881f-9bf889b50835
2026-08-20T18:32:18.104589115Z GetCartAsync called with userId=8870cb35-48e5-45ab-94ac-5eb0b9d3dc41
2026-08-20T18:32:18.173180328Z AddItemAsync called with userId=11b93b3f-3a87-4cb6-881f-9bf889b50835, productId=2ZYFJ3GM2N, quantity=9
2026-08-20T18:32:18.181761219Z GetCartAsync called with userId=11b93b3f-3a87-4cb6-881f-9bf889b50835
2026-08-20T18:32:18.517142348Z GetCartAsync called with userId=cba1eabe-9fa2-4ea5-94da-7b5449b2a8b1
2026-08-20T18:32:18.707636991Z GetCartAsync called with userId=1a181e6f-68e2-4fd1-accf-0d94e94e749b
2026-08-20T18:32:19.162252949Z GetCartAsync called with userId=f1f7dda7-81d8-47cb-ab27-9aab5835a795
2026-08-20T18:32:19.511567873Z GetCartAsync called with userId=ed2bd629-462b-4498-b459-53ecfb2738ff
2026-08-20T18:32:19.718330063Z GetCartAsync called with userId=13964ae0-2c1b-42fd-9617-4df3670f57f2
2026-08-20T18:32:19.732307664Z AddItemAsync called with userId=13964ae0-2c1b-42fd-9617-4df3670f57f2, productId=1YMWWN1N4O, quantity=7
2026-08-20T18:32:19.736200850Z GetCartAsync called with userId=13964ae0-2c1b-42fd-9617-4df3670f57f2
2026-08-20T18:32:19.773561668Z GetCartAsync called with userId=6fa6405a-d852-42c5-817f-c0cd16c5c2e8
2026-08-20T18:32:19.786999688Z AddItemAsync called with userId=6fa6405a-d852-42c5-817f-c0cd16c5c2e8, productId=66VCHSJNUP, quantity=10
2026-08-20T18:32:19.792457809Z GetCartAsync called with userId=6fa6405a-d852-42c5-817f-c0cd16c5c2e8
2026-08-20T18:32:20.275238502Z GetCartAsync called with userId=0728d167-2761-48a1-aeec-e206b6deb841
2026-08-20T18:32:20.638267588Z GetCartAsync called with userId=70df1040-b24f-4a7c-be0d-307211fdf697
2026-08-20T18:32:20.860339079Z GetCartAsync called with userId=eced0255-1d22-451f-a10a-ade79d3edfea
2026-08-20T18:32:20.937357160Z GetCartAsync called with userId=ed2bd629-462b-4498-b459-53ecfb2738ff
2026-08-20T18:32:21.041316592Z GetCartAsync called with userId=6fa6405a-d852-42c5-817f-c0cd16c5c2e8
2026-08-20T18:32:21.715082502Z GetCartAsync called with userId=b23ae0af-66fc-48c3-982a-ce2e587a4f74
2026-08-20T18:32:22.211072881Z GetCartAsync called with userId=e35cdbc1-2ed0-4bec-bc66-901678ac7395
2026-08-20T18:32:22.234738639Z AddItemAsync called with userId=e35cdbc1-2ed0-4bec-bc66-901678ac7395, productId=6E92ZMYYFZ, quantity=1
2026-08-20T18:32:22.269943133Z GetCartAsync called with userId=e35cdbc1-2ed0-4bec-bc66-901678ac7395
2026-08-20T18:32:22.533568969Z GetCartAsync called with userId=a582456c-5e50-4b48-9272-8e09a6ab3449
2026-08-20T18:32:22.757517481Z GetCartAsync called with userId=8870cb35-48e5-45ab-94ac-5eb0b9d3dc41
2026-08-20T18:32:22.784346795Z GetCartAsync called with userId=11b93b3f-3a87-4cb6-881f-9bf889b50835
2026-08-20T18:32:23.364571720Z GetCartAsync called with userId=8494152f-8303-4d94-92cf-65c48088bbe8
2026-08-20T18:32:23.425837288Z GetCartAsync called with userId=0728d167-2761-48a1-aeec-e206b6deb841
2026-08-20T18:32:24.659307764Z GetCartAsync called with userId=cba1eabe-9fa2-4ea5-94da-7b5449b2a8b1
2026-08-20T18:32:25.230113379Z GetCartAsync called with userId=1a181e6f-68e2-4fd1-accf-0d94e94e749b
2026-08-20T18:32:25.275837721Z AddItemAsync called with userId=1a181e6f-68e2-4fd1-accf-0d94e94e749b, productId=66VCHSJNUP, quantity=5
2026-08-20T18:32:25.286766057Z GetCartAsync called with userId=1a181e6f-68e2-4fd1-accf-0d94e94e749b
2026-08-20T18:32:25.369751274Z GetCartAsync called with userId=11b93b3f-3a87-4cb6-881f-9bf889b50835
2026-08-20T18:32:25.469989574Z GetCartAsync called with userId=ed2bd629-462b-4498-b459-53ecfb2738ff
2026-08-20T18:32:25.891372230Z GetCartAsync called with userId=f1f7dda7-81d8-47cb-ab27-9aab5835a795
2026-08-20T18:32:26.075686810Z GetCartAsync called with userId=e35cdbc1-2ed0-4bec-bc66-901678ac7395
2026-08-20T18:32:26.578466446Z GetCartAsync called with userId=cba1eabe-9fa2-4ea5-94da-7b5449b2a8b1
2026-08-20T18:32:26.811433607Z GetCartAsync called with userId=70df1040-b24f-4a7c-be0d-307211fdf697
2026-08-20T18:32:27.089762156Z Checking CartService Health
2026-08-20T18:32:27.095676941Z Checking CartService Health
2026-08-20T18:32:28.555420777Z GetCartAsync called with userId=eced0255-1d22-451f-a10a-ade79d3edfea
2026-08-20T18:32:28.631757000Z GetCartAsync called with userId=f1f7dda7-81d8-47cb-ab27-9aab5835a795
2026-08-20T18:32:28.727706258Z GetCartAsync called with userId=13964ae0-2c1b-42fd-9617-4df3670f57f2
2026-08-20T18:32:28.753042549Z AddItemAsync called with userId=13964ae0-2c1b-42fd-9617-4df3670f57f2, productId=L9ECAV7KIM, quantity=5
2026-08-20T18:32:28.756871022Z GetCartAsync called with userId=13964ae0-2c1b-42fd-9617-4df3670f57f2
2026-08-20T18:32:28.772881718Z GetCartAsync called with userId=13964ae0-2c1b-42fd-9617-4df3670f57f2
2026-08-20T18:32:28.784300026Z EmptyCartAsync called with userId=13964ae0-2c1b-42fd-9617-4df3670f57f2
2026-08-20T18:32:28.985754072Z GetCartAsync called with userId=8870cb35-48e5-45ab-94ac-5eb0b9d3dc41
2026-08-20T18:32:29.416817176Z GetCartAsync called with userId=a582456c-5e50-4b48-9272-8e09a6ab3449
2026-08-20T18:32:29.901484102Z GetCartAsync called with userId=0728d167-2761-48a1-aeec-e206b6deb841
2026-08-20T18:32:29.971662803Z AddItemAsync called with userId=0728d167-2761-48a1-aeec-e206b6deb841, productId=2ZYFJ3GM2N, quantity=1
2026-08-20T18:32:29.975315050Z GetCartAsync called with userId=0728d167-2761-48a1-aeec-e206b6deb841
2026-08-20T18:32:29.987666798Z GetCartAsync called with userId=0728d167-2761-48a1-aeec-e206b6deb841
2026-08-20T18:32:29.994148768Z EmptyCartAsync called with userId=0728d167-2761-48a1-aeec-e206b6deb841
2026-08-20T18:32:30.203240156Z GetCartAsync called with userId=13964ae0-2c1b-42fd-9617-4df3670f57f2
2026-08-20T18:32:30.496994814Z GetCartAsync called with userId=1a181e6f-68e2-4fd1-accf-0d94e94e749b
2026-08-20T18:32:30.655386685Z GetCartAsync called with userId=b23ae0af-66fc-48c3-982a-ce2e587a4f74
2026-08-20T18:32:31.725893094Z GetCartAsync called with userId=70df1040-b24f-4a7c-be0d-307211fdf697
2026-08-20T18:32:32.253203762Z GetCartAsync called with userId=ed2bd629-462b-4498-b459-53ecfb2738ff
2026-08-20T18:32:32.272557953Z GetCartAsync called with userId=11b93b3f-3a87-4cb6-881f-9bf889b50835
2026-08-20T18:32:32.518121238Z GetCartAsync called with userId=8494152f-8303-4d94-92cf-65c48088bbe8
2026-08-20T18:32:33.376571270Z GetCartAsync called with userId=a582456c-5e50-4b48-9272-8e09a6ab3449
2026-08-20T18:32:33.397494096Z GetCartAsync called with userId=8870cb35-48e5-45ab-94ac-5eb0b9d3dc41
2026-08-20T18:32:33.811565948Z GetCartAsync called with userId=1a181e6f-68e2-4fd1-accf-0d94e94e749b
2026-08-20T18:32:34.249738901Z GetCartAsync called with userId=8494152f-8303-4d94-92cf-65c48088bbe8
2026-08-20T18:32:34.352118394Z GetCartAsync called with userId=eced0255-1d22-451f-a10a-ade79d3edfea
2026-08-20T18:32:34.952232738Z GetCartAsync called with userId=6fa6405a-d852-42c5-817f-c0cd16c5c2e8
2026-08-20T18:32:35.302498859Z GetCartAsync called with userId=13964ae0-2c1b-42fd-9617-4df3670f57f2
2026-08-20T18:32:35.462926623Z GetCartAsync called with userId=1a181e6f-68e2-4fd1-accf-0d94e94e749b
2026-08-20T18:32:35.538333888Z GetCartAsync called with userId=b23ae0af-66fc-48c3-982a-ce2e587a4f74
2026-08-20T18:32:36.394273445Z GetCartAsync called with userId=8870cb35-48e5-45ab-94ac-5eb0b9d3dc41
2026-08-20T18:32:37.081871756Z Checking CartService Health
2026-08-20T18:32:37.085333773Z Checking CartService Health
2026-08-20T18:32:37.839829678Z GetCartAsync called with userId=e35cdbc1-2ed0-4bec-bc66-901678ac7395
2026-08-20T18:32:37.951172610Z GetCartAsync called with userId=f1f7dda7-81d8-47cb-ab27-9aab5835a795
2026-08-20T18:32:37.966251362Z GetCartAsync called with userId=1a181e6f-68e2-4fd1-accf-0d94e94e749b
2026-08-20T18:32:38.394335908Z GetCartAsync called with userId=0728d167-2761-48a1-aeec-e206b6deb841
2026-08-20T18:32:38.407146922Z GetCartAsync called with userId=cba1eabe-9fa2-4ea5-94da-7b5449b2a8b1
2026-08-20T18:32:38.698856803Z GetCartAsync called with userId=a582456c-5e50-4b48-9272-8e09a6ab3449
2026-08-20T18:32:39.181540165Z GetCartAsync called with userId=8870cb35-48e5-45ab-94ac-5eb0b9d3dc41
2026-08-20T18:32:39.574247820Z GetCartAsync called with userId=70df1040-b24f-4a7c-be0d-307211fdf697
2026-08-20T18:32:39.587652132Z AddItemAsync called with userId=70df1040-b24f-4a7c-be0d-307211fdf697, productId=OLJCESPC7Z, quantity=9
2026-08-20T18:32:39.591450602Z GetCartAsync called with userId=70df1040-b24f-4a7c-be0d-307211fdf697
2026-08-20T18:32:39.610874118Z GetCartAsync called with userId=70df1040-b24f-4a7c-be0d-307211fdf697
2026-08-20T18:32:39.621919877Z EmptyCartAsync called with userId=70df1040-b24f-4a7c-be0d-307211fdf697
2026-08-20T18:32:39.839335816Z GetCartAsync called with userId=11b93b3f-3a87-4cb6-881f-9bf889b50835
2026-08-20T18:32:40.392553567Z GetCartAsync called with userId=ed2bd629-462b-4498-b459-53ecfb2738ff
2026-08-20T18:32:40.482835120Z GetCartAsync called with userId=13964ae0-2c1b-42fd-9617-4df3670f57f2
2026-08-20T18:32:41.823127530Z GetCartAsync called with userId=ed2bd629-462b-4498-b459-53ecfb2738ff
2026-08-20T18:32:41.988339232Z GetCartAsync called with userId=6fa6405a-d852-42c5-817f-c0cd16c5c2e8
2026-08-20T18:32:42.245704069Z GetCartAsync called with userId=a582456c-5e50-4b48-9272-8e09a6ab3449
2026-08-20T18:32:42.252327163Z GetCartAsync called with userId=f1f7dda7-81d8-47cb-ab27-9aab5835a795
2026-08-20T18:32:42.617330558Z GetCartAsync called with userId=eced0255-1d22-451f-a10a-ade79d3edfea
2026-08-20T18:32:43.677403300Z GetCartAsync called with userId=e35cdbc1-2ed0-4bec-bc66-901678ac7395
2026-08-20T18:32:44.626912444Z GetCartAsync called with userId=cba1eabe-9fa2-4ea5-94da-7b5449b2a8b1
2026-08-20T18:32:44.963390857Z GetCartAsync called with userId=13964ae0-2c1b-42fd-9617-4df3670f57f2
2026-08-20T18:32:45.719208323Z GetCartAsync called with userId=a582456c-5e50-4b48-9272-8e09a6ab3449
2026-08-20T18:32:45.775480171Z GetCartAsync called with userId=b23ae0af-66fc-48c3-982a-ce2e587a4f74
2026-08-20T18:32:45.956688575Z GetCartAsync called with userId=70df1040-b24f-4a7c-be0d-307211fdf697
2026-08-20T18:32:46.066376242Z GetCartAsync called with userId=6fa6405a-d852-42c5-817f-c0cd16c5c2e8
2026-08-20T18:32:46.661412109Z GetCartAsync called with userId=8494152f-8303-4d94-92cf-65c48088bbe8
2026-08-20T18:32:46.795839146Z GetCartAsync called with userId=a582456c-5e50-4b48-9272-8e09a6ab3449
2026-08-20T18:32:46.811700534Z AddItemAsync called with userId=a582456c-5e50-4b48-9272-8e09a6ab3449, productId=6E92ZMYYFZ, quantity=8
2026-08-20T18:32:46.817034237Z GetCartAsync called with userId=a582456c-5e50-4b48-9272-8e09a6ab3449
2026-08-20T18:32:47.076455791Z Checking CartService Health
2026-08-20T18:32:47.082754040Z Checking CartService Health
2026-08-20T18:32:47.086054636Z GetCartAsync called with userId=b23ae0af-66fc-48c3-982a-ce2e587a4f74
2026-08-20T18:32:47.338215398Z GetCartAsync called with userId=11b93b3f-3a87-4cb6-881f-9bf889b50835
2026-08-20T18:32:47.798248152Z GetCartAsync called with userId=1a181e6f-68e2-4fd1-accf-0d94e94e749b
2026-08-20T18:32:48.107275674Z GetCartAsync called with userId=70df1040-b24f-4a7c-be0d-307211fdf697
2026-08-20T18:32:48.196968277Z GetCartAsync called with userId=ed2bd629-462b-4498-b459-53ecfb2738ff
2026-08-20T18:32:48.268773387Z GetCartAsync called with userId=8870cb35-48e5-45ab-94ac-5eb0b9d3dc41
2026-08-20T18:32:48.687108564Z GetCartAsync called with userId=13964ae0-2c1b-42fd-9617-4df3670f57f2
2026-08-20T18:32:48.748443098Z GetCartAsync called with userId=eced0255-1d22-451f-a10a-ade79d3edfea
2026-08-20T18:32:50.261544285Z GetCartAsync called with userId=e35cdbc1-2ed0-4bec-bc66-901678ac7395
2026-08-20T18:32:51.220575961Z GetCartAsync called with userId=cba1eabe-9fa2-4ea5-94da-7b5449b2a8b1
2026-08-20T18:32:51.616058498Z GetCartAsync called with userId=1a181e6f-68e2-4fd1-accf-0d94e94e749b
2026-08-20T18:32:51.663295509Z GetCartAsync called with userId=0728d167-2761-48a1-aeec-e206b6deb841
2026-08-20T18:32:51.738944698Z GetCartAsync called with userId=f1f7dda7-81d8-47cb-ab27-9aab5835a795
2026-08-20T18:32:52.633703197Z GetCartAsync called with userId=eced0255-1d22-451f-a10a-ade79d3edfea
2026-08-20T18:32:52.869256958Z GetCartAsync called with userId=a582456c-5e50-4b48-9272-8e09a6ab3449
2026-08-20T18:32:52.877900760Z AddItemAsync called with userId=a582456c-5e50-4b48-9272-8e09a6ab3449, productId=LS4PSXUNUM, quantity=3
2026-08-20T18:32:52.881159650Z GetCartAsync called with userId=a582456c-5e50-4b48-9272-8e09a6ab3449
2026-08-20T18:32:52.894708690Z GetCartAsync called with userId=70df1040-b24f-4a7c-be0d-307211fdf697
2026-08-20T18:32:53.239357875Z GetCartAsync called with userId=8870cb35-48e5-45ab-94ac-5eb0b9d3dc41
2026-08-20T18:32:54.201648041Z GetCartAsync called with userId=6fa6405a-d852-42c5-817f-c0cd16c5c2e8
2026-08-20T18:32:54.587123066Z GetCartAsync called with userId=f1f7dda7-81d8-47cb-ab27-9aab5835a795
2026-08-20T18:32:55.089592123Z GetCartAsync called with userId=eced0255-1d22-451f-a10a-ade79d3edfea
2026-08-20T18:32:55.101469699Z AddItemAsync called with userId=eced0255-1d22-451f-a10a-ade79d3edfea, productId=66VCHSJNUP, quantity=4
2026-08-20T18:32:55.105601217Z GetCartAsync called with userId=eced0255-1d22-451f-a10a-ade79d3edfea
2026-08-20T18:32:55.118309118Z GetCartAsync called with userId=eced0255-1d22-451f-a10a-ade79d3edfea
2026-08-20T18:32:55.128841593Z EmptyCartAsync called with userId=eced0255-1d22-451f-a10a-ade79d3edfea
2026-08-20T18:32:55.168495124Z GetCartAsync called with userId=8494152f-8303-4d94-92cf-65c48088bbe8
2026-08-20T18:32:55.222104643Z GetCartAsync called with userId=b23ae0af-66fc-48c3-982a-ce2e587a4f74
2026-08-20T18:32:55.520713307Z GetCartAsync called with userId=11b93b3f-3a87-4cb6-881f-9bf889b50835
2026-08-20T18:32:55.534566180Z GetCartAsync called with userId=0728d167-2761-48a1-aeec-e206b6deb841
2026-08-20T18:32:56.292930112Z GetCartAsync called with userId=70df1040-b24f-4a7c-be0d-307211fdf697
2026-08-20T18:32:56.308606257Z AddItemAsync called with userId=70df1040-b24f-4a7c-be0d-307211fdf697, productId=6E92ZMYYFZ, quantity=6
2026-08-20T18:32:56.317306558Z GetCartAsync called with userId=70df1040-b24f-4a7c-be0d-307211fdf697
2026-08-20T18:32:57.081952230Z Checking CartService Health
2026-08-20T18:32:57.085941526Z Checking CartService Health
2026-08-20T18:32:57.439971880Z GetCartAsync called with userId=a582456c-5e50-4b48-9272-8e09a6ab3449
2026-08-20T18:32:57.458587865Z GetCartAsync called with userId=8870cb35-48e5-45ab-94ac-5eb0b9d3dc41
2026-08-20T18:32:57.618782226Z GetCartAsync called with userId=e35cdbc1-2ed0-4bec-bc66-901678ac7395
2026-08-20T18:32:57.716812589Z GetCartAsync called with userId=6fa6405a-d852-42c5-817f-c0cd16c5c2e8
2026-08-20T18:32:57.904509364Z GetCartAsync called with userId=13964ae0-2c1b-42fd-9617-4df3670f57f2
2026-08-20T18:32:58.017890723Z AddItemAsync called with userId=13964ae0-2c1b-42fd-9617-4df3670f57f2, productId=L9ECAV7KIM, quantity=5
2026-08-20T18:32:58.104056711Z GetCartAsync called with userId=13964ae0-2c1b-42fd-9617-4df3670f57f2
2026-08-20T18:32:58.104075214Z GetCartAsync called with userId=ed2bd629-462b-4498-b459-53ecfb2738ff
2026-08-20T18:32:58.912363613Z GetCartAsync called with userId=cba1eabe-9fa2-4ea5-94da-7b5449b2a8b1
2026-08-20T18:32:59.107412688Z GetCartAsync called with userId=b23ae0af-66fc-48c3-982a-ce2e587a4f74
2026-08-20T18:32:59.346320422Z GetCartAsync called with userId=8870cb35-48e5-45ab-94ac-5eb0b9d3dc41
2026-08-20T18:33:00.086662359Z GetCartAsync called with userId=1a181e6f-68e2-4fd1-accf-0d94e94e749b
2026-08-20T18:33:00.341516879Z GetCartAsync called with userId=f1f7dda7-81d8-47cb-ab27-9aab5835a795
2026-08-20T18:33:00.646159546Z GetCartAsync called with userId=e35cdbc1-2ed0-4bec-bc66-901678ac7395
2026-08-20T18:33:01.360178945Z GetCartAsync called with userId=0728d167-2761-48a1-aeec-e206b6deb841
2026-08-20T18:33:02.031249920Z GetCartAsync called with userId=eced0255-1d22-451f-a10a-ade79d3edfea
2026-08-20T18:33:02.070427080Z GetCartAsync called with userId=8494152f-8303-4d94-92cf-65c48088bbe8
2026-08-20T18:33:02.461262887Z GetCartAsync called with userId=11b93b3f-3a87-4cb6-881f-9bf889b50835
2026-08-20T18:33:03.058041190Z GetCartAsync called with userId=ed2bd629-462b-4498-b459-53ecfb2738ff
2026-08-20T18:33:03.645398369Z GetCartAsync called with userId=a582456c-5e50-4b48-9272-8e09a6ab3449
2026-08-20T18:33:04.319961463Z GetCartAsync called with userId=1a181e6f-68e2-4fd1-accf-0d94e94e749b
2026-08-20T18:33:05.035892871Z GetCartAsync called with userId=ed2bd629-462b-4498-b459-53ecfb2738ff
2026-08-20T18:33:05.050269152Z AddItemAsync called with userId=ed2bd629-462b-4498-b459-53ecfb2738ff, productId=2ZYFJ3GM2N, quantity=10
2026-08-20T18:33:05.054897058Z GetCartAsync called with userId=ed2bd629-462b-4498-b459-53ecfb2738ff
2026-08-20T18:33:05.381792446Z GetCartAsync called with userId=f1f7dda7-81d8-47cb-ab27-9aab5835a795
2026-08-20T18:33:06.238930636Z GetCartAsync called with userId=b23ae0af-66fc-48c3-982a-ce2e587a4f74
2026-08-20T18:33:06.363210303Z GetCartAsync called with userId=0728d167-2761-48a1-aeec-e206b6deb841
2026-08-20T18:33:06.365589515Z GetCartAsync called with userId=70df1040-b24f-4a7c-be0d-307211fdf697
2026-08-20T18:33:06.446486703Z GetCartAsync called with userId=11b93b3f-3a87-4cb6-881f-9bf889b50835
2026-08-20T18:33:06.542022808Z AddItemAsync called with userId=0728d167-2761-48a1-aeec-e206b6deb841, productId=66VCHSJNUP, quantity=10
2026-08-20T18:33:06.550851864Z GetCartAsync called with userId=0728d167-2761-48a1-aeec-e206b6deb841
2026-08-20T18:33:06.684568366Z GetCartAsync called with userId=8494152f-8303-4d94-92cf-65c48088bbe8
2026-08-20T18:33:06.763412486Z GetCartAsync called with userId=13964ae0-2c1b-42fd-9617-4df3670f57f2
2026-08-20T18:33:06.763460892Z GetCartAsync called with userId=8870cb35-48e5-45ab-94ac-5eb0b9d3dc41
2026-08-20T18:33:07.074362586Z Checking CartService Health
2026-08-20T18:33:07.080430380Z Checking CartService Health
2026-08-20T18:33:07.399635261Z GetCartAsync called with userId=6fa6405a-d852-42c5-817f-c0cd16c5c2e8
2026-08-20T18:33:07.474313136Z AddItemAsync called with userId=6fa6405a-d852-42c5-817f-c0cd16c5c2e8, productId=6E92ZMYYFZ, quantity=1
2026-08-20T18:33:07.487714790Z GetCartAsync called with userId=6fa6405a-d852-42c5-817f-c0cd16c5c2e8
2026-08-20T18:33:07.681671377Z GetCartAsync called with userId=6fa6405a-d852-42c5-817f-c0cd16c5c2e8
2026-08-20T18:33:07.761728856Z EmptyCartAsync called with userId=6fa6405a-d852-42c5-817f-c0cd16c5c2e8
2026-08-20T18:33:08.648673748Z GetCartAsync called with userId=e35cdbc1-2ed0-4bec-bc66-901678ac7395
2026-08-20T18:33:08.833431831Z GetCartAsync called with userId=0728d167-2761-48a1-aeec-e206b6deb841
2026-08-20T18:33:09.052635022Z GetCartAsync called with userId=ed2bd629-462b-4498-b459-53ecfb2738ff
2026-08-20T18:33:09.052703531Z GetCartAsync called with userId=cba1eabe-9fa2-4ea5-94da-7b5449b2a8b1
2026-08-20T18:33:10.157836082Z GetCartAsync called with userId=eced0255-1d22-451f-a10a-ade79d3edfea
2026-08-20T18:33:10.166878066Z AddItemAsync called with userId=eced0255-1d22-451f-a10a-ade79d3edfea, productId=L9ECAV7KIM, quantity=7
2026-08-20T18:33:10.170106088Z GetCartAsync called with userId=eced0255-1d22-451f-a10a-ade79d3edfea
2026-08-20T18:33:10.288478982Z GetCartAsync called with userId=a582456c-5e50-4b48-9272-8e09a6ab3449
2026-08-20T18:33:10.474639949Z GetCartAsync called with userId=11b93b3f-3a87-4cb6-881f-9bf889b50835
2026-08-20T18:33:10.764485449Z GetCartAsync called with userId=8870cb35-48e5-45ab-94ac-5eb0b9d3dc41
2026-08-20T18:33:11.518992521Z GetCartAsync called with userId=eced0255-1d22-451f-a10a-ade79d3edfea
2026-08-20T18:33:11.547606206Z AddItemAsync called with userId=eced0255-1d22-451f-a10a-ade79d3edfea, productId=LS4PSXUNUM, quantity=7
2026-08-20T18:33:11.565739021Z GetCartAsync called with userId=eced0255-1d22-451f-a10a-ade79d3edfea
2026-08-20T18:33:12.006443207Z GetCartAsync called with userId=8494152f-8303-4d94-92cf-65c48088bbe8
2026-08-20T18:33:12.038186060Z AddItemAsync called with userId=8494152f-8303-4d94-92cf-65c48088bbe8, productId=6E92ZMYYFZ, quantity=8
2026-08-20T18:33:12.061604766Z GetCartAsync called with userId=8494152f-8303-4d94-92cf-65c48088bbe8
2026-08-20T18:33:12.092549900Z GetCartAsync called with userId=8494152f-8303-4d94-92cf-65c48088bbe8
2026-08-20T18:33:12.104697818Z EmptyCartAsync called with userId=8494152f-8303-4d94-92cf-65c48088bbe8
2026-08-20T18:33:12.774283175Z GetCartAsync called with userId=1a181e6f-68e2-4fd1-accf-0d94e94e749b
2026-08-20T18:33:13.279724654Z GetCartAsync called with userId=cba1eabe-9fa2-4ea5-94da-7b5449b2a8b1
2026-08-20T18:33:13.370673072Z GetCartAsync called with userId=f1f7dda7-81d8-47cb-ab27-9aab5835a795
2026-08-20T18:33:13.679788356Z GetCartAsync called with userId=6fa6405a-d852-42c5-817f-c0cd16c5c2e8
2026-08-20T18:33:14.363120771Z GetCartAsync called with userId=a582456c-5e50-4b48-9272-8e09a6ab3449
2026-08-20T18:33:14.387555229Z AddItemAsync called with userId=a582456c-5e50-4b48-9272-8e09a6ab3449, productId=OLJCESPC7Z, quantity=1
2026-08-20T18:33:14.425652833Z GetCartAsync called with userId=a582456c-5e50-4b48-9272-8e09a6ab3449
2026-08-20T18:33:14.569047104Z GetCartAsync called with userId=8494152f-8303-4d94-92cf-65c48088bbe8
2026-08-20T18:33:14.588063651Z AddItemAsync called with userId=8494152f-8303-4d94-92cf-65c48088bbe8, productId=2ZYFJ3GM2N, quantity=9
2026-08-20T18:33:14.593466860Z GetCartAsync called with userId=8494152f-8303-4d94-92cf-65c48088bbe8
2026-08-20T18:33:14.989540164Z GetCartAsync called with userId=11b93b3f-3a87-4cb6-881f-9bf889b50835
2026-08-20T18:33:15.081965803Z AddItemAsync called with userId=11b93b3f-3a87-4cb6-881f-9bf889b50835, productId=0PUK6V6EV0, quantity=4
2026-08-20T18:33:15.165175162Z GetCartAsync called with userId=0728d167-2761-48a1-aeec-e206b6deb841
2026-08-20T18:33:15.165204066Z GetCartAsync called with userId=13964ae0-2c1b-42fd-9617-4df3670f57f2
2026-08-20T18:33:15.165208267Z GetCartAsync called with userId=11b93b3f-3a87-4cb6-881f-9bf889b50835
2026-08-20T18:33:15.693160517Z GetCartAsync called with userId=8870cb35-48e5-45ab-94ac-5eb0b9d3dc41
2026-08-20T18:33:16.639215169Z GetCartAsync called with userId=ed2bd629-462b-4498-b459-53ecfb2738ff
2026-08-20T18:33:16.756700560Z GetCartAsync called with userId=e35cdbc1-2ed0-4bec-bc66-901678ac7395
2026-08-20T18:33:16.776340500Z AddItemAsync called with userId=e35cdbc1-2ed0-4bec-bc66-901678ac7395, productId=6E92ZMYYFZ, quantity=8
2026-08-20T18:33:16.782941289Z GetCartAsync called with userId=e35cdbc1-2ed0-4bec-bc66-901678ac7395
2026-08-20T18:33:16.862088639Z GetCartAsync called with userId=e35cdbc1-2ed0-4bec-bc66-901678ac7395
2026-08-20T18:33:16.873917911Z EmptyCartAsync called with userId=e35cdbc1-2ed0-4bec-bc66-901678ac7395
2026-08-20T18:33:17.074685271Z Checking CartService Health
2026-08-20T18:33:17.080623860Z Checking CartService Health
2026-08-20T18:33:17.529304841Z GetCartAsync called with userId=a582456c-5e50-4b48-9272-8e09a6ab3449
2026-08-20T18:33:17.889937238Z GetCartAsync called with userId=cba1eabe-9fa2-4ea5-94da-7b5449b2a8b1
2026-08-20T18:33:17.907916330Z AddItemAsync called with userId=cba1eabe-9fa2-4ea5-94da-7b5449b2a8b1, productId=LS4PSXUNUM, quantity=6
2026-08-20T18:33:17.914077153Z GetCartAsync called with userId=cba1eabe-9fa2-4ea5-94da-7b5449b2a8b1
2026-08-20T18:33:17.998649116Z GetCartAsync called with userId=70df1040-b24f-4a7c-be0d-307211fdf697
2026-08-20T18:33:18.277286636Z GetCartAsync called with userId=1a181e6f-68e2-4fd1-accf-0d94e94e749b
2026-08-20T18:33:18.367859797Z GetCartAsync called with userId=0728d167-2761-48a1-aeec-e206b6deb841
2026-08-20T18:33:18.467041448Z AddItemAsync called with userId=0728d167-2761-48a1-aeec-e206b6deb841, productId=L9ECAV7KIM, quantity=6
2026-08-20T18:33:18.470537471Z GetCartAsync called with userId=0728d167-2761-48a1-aeec-e206b6deb841
2026-08-20T18:33:19.116200681Z GetCartAsync called with userId=a582456c-5e50-4b48-9272-8e09a6ab3449
2026-08-20T18:33:19.163222430Z GetCartAsync called with userId=cba1eabe-9fa2-4ea5-94da-7b5449b2a8b1
2026-08-20T18:33:19.720763625Z GetCartAsync called with userId=70df1040-b24f-4a7c-be0d-307211fdf697
2026-08-20T18:33:20.415271161Z GetCartAsync called with userId=b23ae0af-66fc-48c3-982a-ce2e587a4f74
2026-08-20T18:33:21.366365716Z GetCartAsync called with userId=f1f7dda7-81d8-47cb-ab27-9aab5835a795
2026-08-20T18:33:21.391757768Z GetCartAsync called with userId=eced0255-1d22-451f-a10a-ade79d3edfea
2026-08-20T18:33:21.869618588Z GetCartAsync called with userId=0728d167-2761-48a1-aeec-e206b6deb841
2026-08-20T18:33:22.473263096Z GetCartAsync called with userId=6fa6405a-d852-42c5-817f-c0cd16c5c2e8
2026-08-20T18:33:22.992845881Z GetCartAsync called with userId=8494152f-8303-4d94-92cf-65c48088bbe8
2026-08-20T18:33:23.237546043Z GetCartAsync called with userId=eced0255-1d22-451f-a10a-ade79d3edfea
2026-08-20T18:33:23.626136270Z GetCartAsync called with userId=a582456c-5e50-4b48-9272-8e09a6ab3449
2026-08-20T18:33:23.926278326Z GetCartAsync called with userId=6fa6405a-d852-42c5-817f-c0cd16c5c2e8
2026-08-20T18:33:24.668213171Z GetCartAsync called with userId=13964ae0-2c1b-42fd-9617-4df3670f57f2
2026-08-20T18:33:25.105966763Z GetCartAsync called with userId=11b93b3f-3a87-4cb6-881f-9bf889b50835
2026-08-20T18:33:25.488369475Z GetCartAsync called with userId=8870cb35-48e5-45ab-94ac-5eb0b9d3dc41
2026-08-20T18:33:25.787550189Z GetCartAsync called with userId=e35cdbc1-2ed0-4bec-bc66-901678ac7395
2026-08-20T18:33:25.915914759Z GetCartAsync called with userId=70df1040-b24f-4a7c-be0d-307211fdf697
2026-08-20T18:33:26.042799810Z GetCartAsync called with userId=ed2bd629-462b-4498-b459-53ecfb2738ff
2026-08-20T18:33:26.162767440Z GetCartAsync called with userId=eced0255-1d22-451f-a10a-ade79d3edfea
2026-08-20T18:33:26.270759399Z GetCartAsync called with userId=0728d167-2761-48a1-aeec-e206b6deb841
2026-08-20T18:33:26.480759833Z GetCartAsync called with userId=b23ae0af-66fc-48c3-982a-ce2e587a4f74
2026-08-20T18:33:27.077569877Z Checking CartService Health
2026-08-20T18:33:27.081568062Z Checking CartService Health
2026-08-20T18:33:27.261123647Z GetCartAsync called with userId=f1f7dda7-81d8-47cb-ab27-9aab5835a795
2026-08-20T18:33:27.547511394Z GetCartAsync called with userId=13964ae0-2c1b-42fd-9617-4df3670f57f2
2026-08-20T18:33:27.648509747Z AddItemAsync called with userId=13964ae0-2c1b-42fd-9617-4df3670f57f2, productId=L9ECAV7KIM, quantity=1
2026-08-20T18:33:27.663485664Z GetCartAsync called with userId=13964ae0-2c1b-42fd-9617-4df3670f57f2
2026-08-20T18:33:27.758147249Z GetCartAsync called with userId=13964ae0-2c1b-42fd-9617-4df3670f57f2
2026-08-20T18:33:27.781471679Z EmptyCartAsync called with userId=13964ae0-2c1b-42fd-9617-4df3670f57f2
2026-08-20T18:33:28.202757592Z GetCartAsync called with userId=cba1eabe-9fa2-4ea5-94da-7b5449b2a8b1
2026-08-20T18:33:29.988644767Z GetCartAsync called with userId=e35cdbc1-2ed0-4bec-bc66-901678ac7395
2026-08-20T18:33:30.606246498Z GetCartAsync called with userId=1a181e6f-68e2-4fd1-accf-0d94e94e749b
2026-08-20T18:33:30.618146542Z AddItemAsync called with userId=1a181e6f-68e2-4fd1-accf-0d94e94e749b, productId=6E92ZMYYFZ, quantity=7
2026-08-20T18:33:30.620993187Z GetCartAsync called with userId=1a181e6f-68e2-4fd1-accf-0d94e94e749b
2026-08-20T18:33:30.788642327Z GetCartAsync called with userId=8494152f-8303-4d94-92cf-65c48088bbe8
2026-08-20T18:33:32.334500280Z GetCartAsync called with userId=8870cb35-48e5-45ab-94ac-5eb0b9d3dc41
2026-08-20T18:33:32.762873200Z GetCartAsync called with userId=70df1040-b24f-4a7c-be0d-307211fdf697
2026-08-20T18:33:32.785633961Z GetCartAsync called with userId=a582456c-5e50-4b48-9272-8e09a6ab3449
2026-08-20T18:33:33.355024043Z GetCartAsync called with userId=11b93b3f-3a87-4cb6-881f-9bf889b50835
2026-08-20T18:33:33.385382026Z AddItemAsync called with userId=11b93b3f-3a87-4cb6-881f-9bf889b50835, productId=OLJCESPC7Z, quantity=1
2026-08-20T18:33:33.391355151Z GetCartAsync called with userId=11b93b3f-3a87-4cb6-881f-9bf889b50835
2026-08-20T18:33:33.509694709Z GetCartAsync called with userId=6fa6405a-d852-42c5-817f-c0cd16c5c2e8
2026-08-20T18:33:33.574651990Z GetCartAsync called with userId=ed2bd629-462b-4498-b459-53ecfb2738ff
2026-08-20T18:33:33.584209049Z AddItemAsync called with userId=ed2bd629-462b-4498-b459-53ecfb2738ff, productId=LS4PSXUNUM, quantity=4
2026-08-20T18:33:33.587478346Z GetCartAsync called with userId=ed2bd629-462b-4498-b459-53ecfb2738ff
2026-08-20T18:33:33.593707402Z GetCartAsync called with userId=13964ae0-2c1b-42fd-9617-4df3670f57f2
2026-08-20T18:33:34.113239134Z GetCartAsync called with userId=a582456c-5e50-4b48-9272-8e09a6ab3449
2026-08-20T18:33:34.118495672Z GetCartAsync called with userId=e35cdbc1-2ed0-4bec-bc66-901678ac7395
2026-08-20T18:33:34.134017655Z AddItemAsync called with userId=e35cdbc1-2ed0-4bec-bc66-901678ac7395, productId=2ZYFJ3GM2N, quantity=10
2026-08-20T18:33:34.154661860Z GetCartAsync called with userId=e35cdbc1-2ed0-4bec-bc66-901678ac7395
2026-08-20T18:33:34.179655692Z GetCartAsync called with userId=f1f7dda7-81d8-47cb-ab27-9aab5835a795
2026-08-20T18:33:34.323060291Z GetCartAsync called with userId=1a181e6f-68e2-4fd1-accf-0d94e94e749b
2026-08-20T18:33:34.398645161Z GetCartAsync called with userId=b23ae0af-66fc-48c3-982a-ce2e587a4f74
2026-08-20T18:33:34.845292618Z GetCartAsync called with userId=0728d167-2761-48a1-aeec-e206b6deb841
2026-08-20T18:33:34.996523697Z GetCartAsync called with userId=6fa6405a-d852-42c5-817f-c0cd16c5c2e8
2026-08-20T18:33:36.166226500Z GetCartAsync called with userId=eced0255-1d22-451f-a10a-ade79d3edfea
2026-08-20T18:33:36.537521963Z GetCartAsync called with userId=b23ae0af-66fc-48c3-982a-ce2e587a4f74
2026-08-20T18:33:36.540910956Z GetCartAsync called with userId=1a181e6f-68e2-4fd1-accf-0d94e94e749b
2026-08-20T18:33:36.648078631Z AddItemAsync called with userId=b23ae0af-66fc-48c3-982a-ce2e587a4f74, productId=2ZYFJ3GM2N, quantity=9
2026-08-20T18:33:36.744543652Z GetCartAsync called with userId=b23ae0af-66fc-48c3-982a-ce2e587a4f74
2026-08-20T18:33:37.069795423Z Checking CartService Health
2026-08-20T18:33:37.075634872Z Checking CartService Health
2026-08-20T18:33:37.174392125Z GetCartAsync called with userId=cba1eabe-9fa2-4ea5-94da-7b5449b2a8b1
2026-08-20T18:33:37.302669669Z AddItemAsync called with userId=cba1eabe-9fa2-4ea5-94da-7b5449b2a8b1, productId=L9ECAV7KIM, quantity=2
2026-08-20T18:33:37.321138153Z GetCartAsync called with userId=cba1eabe-9fa2-4ea5-94da-7b5449b2a8b1
2026-08-20T18:33:37.498523034Z GetCartAsync called with userId=11b93b3f-3a87-4cb6-881f-9bf889b50835
2026-08-20T18:33:37.792673885Z GetCartAsync called with userId=70df1040-b24f-4a7c-be0d-307211fdf697
2026-08-20T18:33:38.921508548Z GetCartAsync called with userId=0728d167-2761-48a1-aeec-e206b6deb841
2026-08-20T18:33:39.411953028Z GetCartAsync called with userId=6fa6405a-d852-42c5-817f-c0cd16c5c2e8
2026-08-20T18:33:39.582564024Z GetCartAsync called with userId=8870cb35-48e5-45ab-94ac-5eb0b9d3dc41
2026-08-20T18:33:39.647790804Z GetCartAsync called with userId=ed2bd629-462b-4498-b459-53ecfb2738ff
2026-08-20T18:33:40.054348093Z GetCartAsync called with userId=e35cdbc1-2ed0-4bec-bc66-901678ac7395
2026-08-20T18:33:40.494574875Z GetCartAsync called with userId=0728d167-2761-48a1-aeec-e206b6deb841
2026-08-20T18:33:40.769288901Z GetCartAsync called with userId=8494152f-8303-4d94-92cf-65c48088bbe8
2026-08-20T18:33:41.883199795Z GetCartAsync called with userId=1a181e6f-68e2-4fd1-accf-0d94e94e749b
2026-08-20T18:33:42.155501371Z GetCartAsync called with userId=b23ae0af-66fc-48c3-982a-ce2e587a4f74
2026-08-20T18:33:42.270890541Z GetCartAsync called with userId=6fa6405a-d852-42c5-817f-c0cd16c5c2e8
2026-08-20T18:33:42.368845778Z AddItemAsync called with userId=6fa6405a-d852-42c5-817f-c0cd16c5c2e8, productId=1YMWWN1N4O, quantity=1
2026-08-20T18:33:42.368904286Z GetCartAsync called with userId=e35cdbc1-2ed0-4bec-bc66-901678ac7395
2026-08-20T18:33:42.496949096Z GetCartAsync called with userId=6fa6405a-d852-42c5-817f-c0cd16c5c2e8
2026-08-20T18:33:42.665000120Z GetCartAsync called with userId=13964ae0-2c1b-42fd-9617-4df3670f57f2
2026-08-20T18:33:42.738874808Z GetCartAsync called with userId=6fa6405a-d852-42c5-817f-c0cd16c5c2e8
2026-08-20T18:33:42.768273881Z EmptyCartAsync called with userId=6fa6405a-d852-42c5-817f-c0cd16c5c2e8
2026-08-20T18:33:42.939685578Z GetCartAsync called with userId=f1f7dda7-81d8-47cb-ab27-9aab5835a795
2026-08-20T18:33:42.939705881Z GetCartAsync called with userId=a582456c-5e50-4b48-9272-8e09a6ab3449
2026-08-20T18:33:43.360437862Z GetCartAsync called with userId=70df1040-b24f-4a7c-be0d-307211fdf697
2026-08-20T18:33:43.371946474Z AddItemAsync called with userId=70df1040-b24f-4a7c-be0d-307211fdf697, productId=LS4PSXUNUM, quantity=10
2026-08-20T18:33:43.375626621Z GetCartAsync called with userId=70df1040-b24f-4a7c-be0d-307211fdf697
2026-08-20T18:33:43.453282572Z GetCartAsync called with userId=cba1eabe-9fa2-4ea5-94da-7b5449b2a8b1
2026-08-20T18:33:44.990483522Z GetCartAsync called with userId=8494152f-8303-4d94-92cf-65c48088bbe8
2026-08-20T18:33:45.090741435Z GetCartAsync called with userId=8870cb35-48e5-45ab-94ac-5eb0b9d3dc41
2026-08-20T18:33:45.748652995Z GetCartAsync called with userId=a582456c-5e50-4b48-9272-8e09a6ab3449
2026-08-20T18:33:46.658315502Z GetCartAsync called with userId=11b93b3f-3a87-4cb6-881f-9bf889b50835
2026-08-20T18:33:46.952751598Z GetCartAsync called with userId=0728d167-2761-48a1-aeec-e206b6deb841
2026-08-20T18:33:47.060322698Z AddItemAsync called with userId=0728d167-2761-48a1-aeec-e206b6deb841, productId=2ZYFJ3GM2N, quantity=3
2026-08-20T18:33:47.071703491Z Checking CartService Health
2026-08-20T18:33:47.075549863Z Checking CartService Health
2026-08-20T18:33:47.137129023Z GetCartAsync called with userId=0728d167-2761-48a1-aeec-e206b6deb841
2026-08-20T18:33:47.297568087Z GetCartAsync called with userId=ed2bd629-462b-4498-b459-53ecfb2738ff
2026-08-20T18:33:47.438638170Z GetCartAsync called with userId=a582456c-5e50-4b48-9272-8e09a6ab3449
2026-08-20T18:33:48.352225361Z GetCartAsync called with userId=70df1040-b24f-4a7c-be0d-307211fdf697
2026-08-20T18:33:48.435042780Z AddItemAsync called with userId=70df1040-b24f-4a7c-be0d-307211fdf697, productId=1YMWWN1N4O, quantity=9
2026-08-20T18:33:48.438416081Z GetCartAsync called with userId=ed2bd629-462b-4498-b459-53ecfb2738ff
2026-08-20T18:33:48.440961660Z GetCartAsync called with userId=70df1040-b24f-4a7c-be0d-307211fdf697
2026-08-20T18:33:48.543396497Z GetCartAsync called with userId=70df1040-b24f-4a7c-be0d-307211fdf697
2026-08-20T18:33:48.555689325Z EmptyCartAsync called with userId=70df1040-b24f-4a7c-be0d-307211fdf697
2026-08-20T18:33:48.616061605Z GetCartAsync called with userId=8494152f-8303-4d94-92cf-65c48088bbe8
2026-08-20T18:33:48.981839912Z GetCartAsync called with userId=8870cb35-48e5-45ab-94ac-5eb0b9d3dc41
2026-08-20T18:33:49.505148352Z GetCartAsync called with userId=11b93b3f-3a87-4cb6-881f-9bf889b50835
2026-08-20T18:33:49.878017714Z GetCartAsync called with userId=6fa6405a-d852-42c5-817f-c0cd16c5c2e8
2026-08-20T18:33:50.212944832Z GetCartAsync called with userId=eced0255-1d22-451f-a10a-ade79d3edfea
2026-08-20T18:33:50.220773997Z AddItemAsync called with userId=eced0255-1d22-451f-a10a-ade79d3edfea, productId=LS4PSXUNUM, quantity=5
2026-08-20T18:33:50.223559011Z GetCartAsync called with userId=eced0255-1d22-451f-a10a-ade79d3edfea
2026-08-20T18:33:50.233524293Z GetCartAsync called with userId=eced0255-1d22-451f-a10a-ade79d3edfea
2026-08-20T18:33:50.240208387Z EmptyCartAsync called with userId=eced0255-1d22-451f-a10a-ade79d3edfea
2026-08-20T18:33:50.241172831Z GetCartAsync called with userId=1a181e6f-68e2-4fd1-accf-0d94e94e749b
2026-08-20T18:33:50.680923941Z GetCartAsync called with userId=e35cdbc1-2ed0-4bec-bc66-901678ac7395
2026-08-20T18:33:51.066077918Z GetCartAsync called with userId=b23ae0af-66fc-48c3-982a-ce2e587a4f74
2026-08-20T18:33:51.673833214Z GetCartAsync called with userId=ed2bd629-462b-4498-b459-53ecfb2738ff
2026-08-20T18:33:52.183410059Z GetCartAsync called with userId=f1f7dda7-81d8-47cb-ab27-9aab5835a795
2026-08-20T18:33:52.743988115Z GetCartAsync called with userId=8494152f-8303-4d94-92cf-65c48088bbe8
2026-08-20T18:33:53.003640163Z GetCartAsync called with userId=1a181e6f-68e2-4fd1-accf-0d94e94e749b
2026-08-20T18:33:53.019612147Z AddItemAsync called with userId=1a181e6f-68e2-4fd1-accf-0d94e94e749b, productId=2ZYFJ3GM2N, quantity=4
2026-08-20T18:33:53.022814025Z GetCartAsync called with userId=1a181e6f-68e2-4fd1-accf-0d94e94e749b
2026-08-20T18:33:53.063333272Z GetCartAsync called with userId=1a181e6f-68e2-4fd1-accf-0d94e94e749b
2026-08-20T18:33:53.095806418Z GetCartAsync called with userId=11b93b3f-3a87-4cb6-881f-9bf889b50835
2026-08-20T18:33:53.102967986Z EmptyCartAsync called with userId=1a181e6f-68e2-4fd1-accf-0d94e94e749b
2026-08-20T18:33:53.192593061Z GetCartAsync called with userId=13964ae0-2c1b-42fd-9617-4df3670f57f2
2026-08-20T18:33:54.044471088Z GetCartAsync called with userId=eced0255-1d22-451f-a10a-ade79d3edfea
2026-08-20T18:33:54.060708511Z GetCartAsync called with userId=b23ae0af-66fc-48c3-982a-ce2e587a4f74
2026-08-20T18:33:54.155930822Z AddItemAsync called with userId=b23ae0af-66fc-48c3-982a-ce2e587a4f74, productId=2ZYFJ3GM2N, quantity=8
2026-08-20T18:33:54.164139747Z GetCartAsync called with userId=b23ae0af-66fc-48c3-982a-ce2e587a4f74
2026-08-20T18:33:54.335963788Z GetCartAsync called with userId=b23ae0af-66fc-48c3-982a-ce2e587a4f74
2026-08-20T18:33:54.351425696Z EmptyCartAsync called with userId=b23ae0af-66fc-48c3-982a-ce2e587a4f74
2026-08-20T18:33:54.657764311Z GetCartAsync called with userId=a582456c-5e50-4b48-9272-8e09a6ab3449
2026-08-20T18:33:54.660593533Z GetCartAsync called with userId=1a181e6f-68e2-4fd1-accf-0d94e94e749b
2026-08-20T18:33:54.756009672Z GetCartAsync called with userId=70df1040-b24f-4a7c-be0d-307211fdf697
2026-08-20T18:33:56.495295028Z GetCartAsync called with userId=cba1eabe-9fa2-4ea5-94da-7b5449b2a8b1
2026-08-20T18:33:57.055597043Z GetCartAsync called with userId=0728d167-2761-48a1-aeec-e206b6deb841
2026-08-20T18:33:57.081398594Z Checking CartService Health
2026-08-20T18:33:57.093759338Z Checking CartService Health
2026-08-20T18:33:57.171213497Z AddItemAsync called with userId=0728d167-2761-48a1-aeec-e206b6deb841, productId=6E92ZMYYFZ, quantity=6
2026-08-20T18:33:57.180365863Z GetCartAsync called with userId=0728d167-2761-48a1-aeec-e206b6deb841
2026-08-20T18:33:57.307946302Z GetCartAsync called with userId=f1f7dda7-81d8-47cb-ab27-9aab5835a795
2026-08-20T18:33:57.337900172Z AddItemAsync called with userId=f1f7dda7-81d8-47cb-ab27-9aab5835a795, productId=1YMWWN1N4O, quantity=5
2026-08-20T18:33:57.345067541Z GetCartAsync called with userId=f1f7dda7-81d8-47cb-ab27-9aab5835a795
2026-08-20T18:33:57.446036509Z GetCartAsync called with userId=b23ae0af-66fc-48c3-982a-ce2e587a4f74
2026-08-20T18:33:57.462591480Z AddItemAsync called with userId=b23ae0af-66fc-48c3-982a-ce2e587a4f74, productId=6E92ZMYYFZ, quantity=2
2026-08-20T18:33:57.468303232Z GetCartAsync called with userId=b23ae0af-66fc-48c3-982a-ce2e587a4f74
2026-08-20T18:33:58.671707518Z GetCartAsync called with userId=6fa6405a-d852-42c5-817f-c0cd16c5c2e8
2026-08-20T18:33:58.671746124Z GetCartAsync called with userId=8870cb35-48e5-45ab-94ac-5eb0b9d3dc41
2026-08-20T18:33:58.687656998Z AddItemAsync called with userId=6fa6405a-d852-42c5-817f-c0cd16c5c2e8, productId=66VCHSJNUP, quantity=6
2026-08-20T18:33:58.691781514Z GetCartAsync called with userId=6fa6405a-d852-42c5-817f-c0cd16c5c2e8
2026-08-20T18:33:58.706711241Z GetCartAsync called with userId=6fa6405a-d852-42c5-817f-c0cd16c5c2e8
2026-08-20T18:33:58.715700783Z EmptyCartAsync called with userId=6fa6405a-d852-42c5-817f-c0cd16c5c2e8
2026-08-20T18:33:58.968139352Z GetCartAsync called with userId=e35cdbc1-2ed0-4bec-bc66-901678ac7395
2026-08-20T18:34:00.188893012Z GetCartAsync called with userId=8494152f-8303-4d94-92cf-65c48088bbe8
2026-08-20T18:34:00.357843123Z GetCartAsync called with userId=ed2bd629-462b-4498-b459-53ecfb2738ff
2026-08-20T18:34:00.484147870Z GetCartAsync called with userId=b23ae0af-66fc-48c3-982a-ce2e587a4f74
2026-08-20T18:34:00.499448353Z AddItemAsync called with userId=b23ae0af-66fc-48c3-982a-ce2e587a4f74, productId=0PUK6V6EV0, quantity=6
2026-08-20T18:34:00.537190285Z GetCartAsync called with userId=b23ae0af-66fc-48c3-982a-ce2e587a4f74
2026-08-20T18:34:00.537239192Z GetCartAsync called with userId=eced0255-1d22-451f-a10a-ade79d3edfea
2026-08-20T18:34:00.569243568Z GetCartAsync called with userId=b23ae0af-66fc-48c3-982a-ce2e587a4f74
2026-08-20T18:34:00.585185046Z EmptyCartAsync called with userId=b23ae0af-66fc-48c3-982a-ce2e587a4f74
2026-08-20T18:34:00.860400514Z GetCartAsync called with userId=6fa6405a-d852-42c5-817f-c0cd16c5c2e8
2026-08-20T18:34:01.784282475Z GetCartAsync called with userId=cba1eabe-9fa2-4ea5-94da-7b5449b2a8b1
2026-08-20T18:34:01.937442430Z GetCartAsync called with userId=13964ae0-2c1b-42fd-9617-4df3670f57f2
2026-08-20T18:34:01.997600706Z GetCartAsync called with userId=70df1040-b24f-4a7c-be0d-307211fdf697
2026-08-20T18:34:02.179679576Z GetCartAsync called with userId=a582456c-5e50-4b48-9272-8e09a6ab3449
2026-08-20T18:34:02.299769096Z GetCartAsync called with userId=11b93b3f-3a87-4cb6-881f-9bf889b50835
2026-08-20T18:34:03.024158818Z GetCartAsync called with userId=0728d167-2761-48a1-aeec-e206b6deb841
2026-08-20T18:34:03.220372797Z GetCartAsync called with userId=1a181e6f-68e2-4fd1-accf-0d94e94e749b
2026-08-20T18:34:03.325228344Z AddItemAsync called with userId=1a181e6f-68e2-4fd1-accf-0d94e94e749b, productId=L9ECAV7KIM, quantity=9
2026-08-20T18:34:03.352473809Z GetCartAsync called with userId=1a181e6f-68e2-4fd1-accf-0d94e94e749b
2026-08-20T18:34:03.379119285Z GetCartAsync called with userId=1a181e6f-68e2-4fd1-accf-0d94e94e749b
2026-08-20T18:34:03.388051218Z EmptyCartAsync called with userId=1a181e6f-68e2-4fd1-accf-0d94e94e749b
2026-08-20T18:34:04.945391804Z GetCartAsync called with userId=8494152f-8303-4d94-92cf-65c48088bbe8
2026-08-20T18:34:05.273928828Z GetCartAsync called with userId=f1f7dda7-81d8-47cb-ab27-9aab5835a795
2026-08-20T18:34:05.756679064Z GetCartAsync called with userId=b23ae0af-66fc-48c3-982a-ce2e587a4f74
2026-08-20T18:34:05.894119273Z GetCartAsync called with userId=1a181e6f-68e2-4fd1-accf-0d94e94e749b
2026-08-20T18:34:05.904848474Z AddItemAsync called with userId=1a181e6f-68e2-4fd1-accf-0d94e94e749b, productId=0PUK6V6EV0, quantity=7
2026-08-20T18:34:05.907875125Z GetCartAsync called with userId=1a181e6f-68e2-4fd1-accf-0d94e94e749b
2026-08-20T18:34:05.920616626Z GetCartAsync called with userId=1a181e6f-68e2-4fd1-accf-0d94e94e749b
2026-08-20T18:34:05.927367834Z EmptyCartAsync called with userId=1a181e6f-68e2-4fd1-accf-0d94e94e749b
2026-08-20T18:34:06.026247689Z GetCartAsync called with userId=11b93b3f-3a87-4cb6-881f-9bf889b50835
2026-08-20T18:34:06.056106744Z AddItemAsync called with userId=11b93b3f-3a87-4cb6-881f-9bf889b50835, productId=6E92ZMYYFZ, quantity=3
2026-08-20T18:34:06.067784687Z GetCartAsync called with userId=11b93b3f-3a87-4cb6-881f-9bf889b50835
2026-08-20T18:34:06.175479857Z GetCartAsync called with userId=11b93b3f-3a87-4cb6-881f-9bf889b50835
2026-08-20T18:34:06.247634324Z EmptyCartAsync called with userId=11b93b3f-3a87-4cb6-881f-9bf889b50835
2026-08-20T18:34:06.433065194Z GetCartAsync called with userId=6fa6405a-d852-42c5-817f-c0cd16c5c2e8
2026-08-20T18:34:06.662783172Z GetCartAsync called with userId=a582456c-5e50-4b48-9272-8e09a6ab3449
2026-08-20T18:34:07.062929616Z Checking CartService Health
2026-08-20T18:34:07.069415584Z Checking CartService Health
2026-08-20T18:34:08.132730453Z GetCartAsync called with userId=0728d167-2761-48a1-aeec-e206b6deb841
2026-08-20T18:34:08.233091239Z AddItemAsync called with userId=0728d167-2761-48a1-aeec-e206b6deb841, productId=OLJCESPC7Z, quantity=2
2026-08-20T18:34:08.236340624Z GetCartAsync called with userId=8870cb35-48e5-45ab-94ac-5eb0b9d3dc41
2026-08-20T18:34:08.253152334Z GetCartAsync called with userId=0728d167-2761-48a1-aeec-e206b6deb841
2026-08-20T18:34:08.836703967Z GetCartAsync called with userId=13964ae0-2c1b-42fd-9617-4df3670f57f2
2026-08-20T18:34:08.853580087Z AddItemAsync called with userId=13964ae0-2c1b-42fd-9617-4df3670f57f2, productId=9SIQT8TOJO, quantity=8
2026-08-20T18:34:08.858282689Z GetCartAsync called with userId=13964ae0-2c1b-42fd-9617-4df3670f57f2
2026-08-20T18:34:09.087383097Z GetCartAsync called with userId=ed2bd629-462b-4498-b459-53ecfb2738ff
2026-08-20T18:34:09.351434124Z GetCartAsync called with userId=eced0255-1d22-451f-a10a-ade79d3edfea
2026-08-20T18:34:09.920949462Z GetCartAsync called with userId=e35cdbc1-2ed0-4bec-bc66-901678ac7395
2026-08-20T18:34:10.218732125Z GetCartAsync called with userId=70df1040-b24f-4a7c-be0d-307211fdf697
2026-08-20T18:34:10.476634234Z GetCartAsync called with userId=eced0255-1d22-451f-a10a-ade79d3edfea
2026-08-20T18:34:10.683012149Z GetCartAsync called with userId=f1f7dda7-81d8-47cb-ab27-9aab5835a795
2026-08-20T18:34:11.337164724Z GetCartAsync called with userId=8870cb35-48e5-45ab-94ac-5eb0b9d3dc41
2026-08-20T18:34:11.368648125Z AddItemAsync called with userId=8870cb35-48e5-45ab-94ac-5eb0b9d3dc41, productId=LS4PSXUNUM, quantity=5
2026-08-20T18:34:11.437416793Z GetCartAsync called with userId=8870cb35-48e5-45ab-94ac-5eb0b9d3dc41
2026-08-20T18:34:11.460172591Z GetCartAsync called with userId=11b93b3f-3a87-4cb6-881f-9bf889b50835
2026-08-20T18:34:11.635431960Z AddItemAsync called with userId=11b93b3f-3a87-4cb6-881f-9bf889b50835, productId=LS4PSXUNUM, quantity=3
2026-08-20T18:34:11.641429155Z GetCartAsync called with userId=11b93b3f-3a87-4cb6-881f-9bf889b50835
2026-08-20T18:34:12.082011541Z GetCartAsync called with userId=b23ae0af-66fc-48c3-982a-ce2e587a4f74
2026-08-20T18:34:12.158331137Z AddItemAsync called with userId=b23ae0af-66fc-48c3-982a-ce2e587a4f74, productId=1YMWWN1N4O, quantity=2
2026-08-20T18:34:12.159383994Z GetCartAsync called with userId=1a181e6f-68e2-4fd1-accf-0d94e94e749b
2026-08-20T18:34:12.171778745Z GetCartAsync called with userId=b23ae0af-66fc-48c3-982a-ce2e587a4f74
2026-08-20T18:34:12.271923098Z GetCartAsync called with userId=b23ae0af-66fc-48c3-982a-ce2e587a4f74
2026-08-20T18:34:12.283521930Z EmptyCartAsync called with userId=b23ae0af-66fc-48c3-982a-ce2e587a4f74
2026-08-20T18:34:12.712655106Z GetCartAsync called with userId=cba1eabe-9fa2-4ea5-94da-7b5449b2a8b1
2026-08-20T18:34:13.121364132Z GetCartAsync called with userId=0728d167-2761-48a1-aeec-e206b6deb841
2026-08-20T18:34:13.168860324Z AddItemAsync called with userId=0728d167-2761-48a1-aeec-e206b6deb841, productId=66VCHSJNUP, quantity=9
2026-08-20T18:34:13.232812873Z GetCartAsync called with userId=0728d167-2761-48a1-aeec-e206b6deb841
2026-08-20T18:34:13.961282145Z GetCartAsync called with userId=13964ae0-2c1b-42fd-9617-4df3670f57f2
2026-08-20T18:34:14.391307654Z GetCartAsync called with userId=6fa6405a-d852-42c5-817f-c0cd16c5c2e8
2026-08-20T18:34:14.414033148Z AddItemAsync called with userId=6fa6405a-d852-42c5-817f-c0cd16c5c2e8, productId=6E92ZMYYFZ, quantity=4
2026-08-20T18:34:14.452168542Z GetCartAsync called with userId=6fa6405a-d852-42c5-817f-c0cd16c5c2e8
2026-08-20T18:34:14.884656388Z GetCartAsync called with userId=70df1040-b24f-4a7c-be0d-307211fdf697
2026-08-20T18:34:15.360314515Z GetCartAsync called with userId=8494152f-8303-4d94-92cf-65c48088bbe8
2026-08-20T18:34:15.647130364Z GetCartAsync called with userId=eced0255-1d22-451f-a10a-ade79d3edfea
2026-08-20T18:34:16.195078216Z GetCartAsync called with userId=a582456c-5e50-4b48-9272-8e09a6ab3449
2026-08-20T18:34:16.241164017Z GetCartAsync called with userId=0728d167-2761-48a1-aeec-e206b6deb841
2026-08-20T18:34:16.284979878Z AddItemAsync called with userId=0728d167-2761-48a1-aeec-e206b6deb841, productId=9SIQT8TOJO, quantity=10
2026-08-20T18:34:16.335287111Z GetCartAsync called with userId=0728d167-2761-48a1-aeec-e206b6deb841
2026-08-20T18:34:16.439345693Z GetCartAsync called with userId=b23ae0af-66fc-48c3-982a-ce2e587a4f74
2026-08-20T18:34:16.615223430Z GetCartAsync called with userId=6fa6405a-d852-42c5-817f-c0cd16c5c2e8
2026-08-20T18:34:16.851821859Z GetCartAsync called with userId=e35cdbc1-2ed0-4bec-bc66-901678ac7395
2026-08-20T18:34:17.065000682Z Checking CartService Health
2026-08-20T18:34:17.070361384Z Checking CartService Health
2026-08-20T18:34:17.087639672Z GetCartAsync called with userId=f1f7dda7-81d8-47cb-ab27-9aab5835a795
2026-08-20T18:34:18.274492596Z GetCartAsync called with userId=ed2bd629-462b-4498-b459-53ecfb2738ff
2026-08-20T18:34:18.437480503Z GetCartAsync called with userId=a582456c-5e50-4b48-9272-8e09a6ab3449
2026-08-20T18:34:18.788382848Z GetCartAsync called with userId=13964ae0-2c1b-42fd-9617-4df3670f57f2
2026-08-20T18:34:18.853909060Z GetCartAsync called with userId=8870cb35-48e5-45ab-94ac-5eb0b9d3dc41
2026-08-20T18:34:18.963806317Z AddItemAsync called with userId=8870cb35-48e5-45ab-94ac-5eb0b9d3dc41, productId=9SIQT8TOJO, quantity=7
2026-08-20T18:34:18.970028949Z GetCartAsync called with userId=8870cb35-48e5-45ab-94ac-5eb0b9d3dc41
2026-08-20T18:34:19.059538352Z GetCartAsync called with userId=8870cb35-48e5-45ab-94ac-5eb0b9d3dc41
2026-08-20T18:34:19.072106434Z EmptyCartAsync called with userId=8870cb35-48e5-45ab-94ac-5eb0b9d3dc41
2026-08-20T18:34:19.577544220Z GetCartAsync called with userId=b23ae0af-66fc-48c3-982a-ce2e587a4f74
2026-08-20T18:34:19.671237050Z GetCartAsync called with userId=f1f7dda7-81d8-47cb-ab27-9aab5835a795
2026-08-20T18:34:21.302609539Z GetCartAsync called with userId=11b93b3f-3a87-4cb6-881f-9bf889b50835
2026-08-20T18:34:21.714757356Z GetCartAsync called with userId=cba1eabe-9fa2-4ea5-94da-7b5449b2a8b1
2026-08-20T18:34:21.726443106Z GetCartAsync called with userId=1a181e6f-68e2-4fd1-accf-0d94e94e749b
2026-08-20T18:34:21.863806975Z AddItemAsync called with userId=1a181e6f-68e2-4fd1-accf-0d94e94e749b, productId=1YMWWN1N4O, quantity=5
2026-08-20T18:34:21.871655450Z GetCartAsync called with userId=1a181e6f-68e2-4fd1-accf-0d94e94e749b
2026-08-20T18:34:22.256303249Z GetCartAsync called with userId=8870cb35-48e5-45ab-94ac-5eb0b9d3dc41
2026-08-20T18:34:22.828997952Z GetCartAsync called with userId=0728d167-2761-48a1-aeec-e206b6deb841
2026-08-20T18:34:23.659272986Z GetCartAsync called with userId=eced0255-1d22-451f-a10a-ade79d3edfea
2026-08-20T18:34:23.897055451Z GetCartAsync called with userId=70df1040-b24f-4a7c-be0d-307211fdf697
2026-08-20T18:34:23.910457950Z AddItemAsync called with userId=70df1040-b24f-4a7c-be0d-307211fdf697, productId=66VCHSJNUP, quantity=5
2026-08-20T18:34:23.915973673Z GetCartAsync called with userId=70df1040-b24f-4a7c-be0d-307211fdf697
2026-08-20T18:34:23.956392301Z GetCartAsync called with userId=f1f7dda7-81d8-47cb-ab27-9aab5835a795
2026-08-20T18:34:23.971275421Z AddItemAsync called with userId=f1f7dda7-81d8-47cb-ab27-9aab5835a795, productId=OLJCESPC7Z, quantity=2
2026-08-20T18:34:23.977171200Z GetCartAsync called with userId=f1f7dda7-81d8-47cb-ab27-9aab5835a795
2026-08-20T18:34:25.117115222Z GetCartAsync called with userId=f1f7dda7-81d8-47cb-ab27-9aab5835a795
2026-08-20T18:34:25.132394701Z GetCartAsync called with userId=1a181e6f-68e2-4fd1-accf-0d94e94e749b
2026-08-20T18:34:25.377407244Z GetCartAsync called with userId=6fa6405a-d852-42c5-817f-c0cd16c5c2e8
2026-08-20T18:34:25.536690601Z GetCartAsync called with userId=e35cdbc1-2ed0-4bec-bc66-901678ac7395
2026-08-20T18:34:25.554299627Z AddItemAsync called with userId=e35cdbc1-2ed0-4bec-bc66-901678ac7395, productId=66VCHSJNUP, quantity=1
2026-08-20T18:34:25.561051934Z GetCartAsync called with userId=e35cdbc1-2ed0-4bec-bc66-901678ac7395
2026-08-20T18:34:26.212665222Z GetCartAsync called with userId=cba1eabe-9fa2-4ea5-94da-7b5449b2a8b1
2026-08-20T18:34:26.434368889Z GetCartAsync called with userId=f1f7dda7-81d8-47cb-ab27-9aab5835a795
2026-08-20T18:34:26.539406455Z AddItemAsync called with userId=f1f7dda7-81d8-47cb-ab27-9aab5835a795, productId=66VCHSJNUP, quantity=2
2026-08-20T18:34:26.560372682Z GetCartAsync called with userId=f1f7dda7-81d8-47cb-ab27-9aab5835a795
2026-08-20T18:34:26.837291084Z GetCartAsync called with userId=f1f7dda7-81d8-47cb-ab27-9aab5835a795
2026-08-20T18:34:26.854300221Z EmptyCartAsync called with userId=f1f7dda7-81d8-47cb-ab27-9aab5835a795
2026-08-20T18:34:27.068710100Z Checking CartService Health
2026-08-20T18:34:27.072355544Z Checking CartService Health
2026-08-20T18:34:27.354378707Z GetCartAsync called with userId=8494152f-8303-4d94-92cf-65c48088bbe8
2026-08-20T18:34:27.481572078Z GetCartAsync called with userId=ed2bd629-462b-4498-b459-53ecfb2738ff
2026-08-20T18:34:27.554888613Z AddItemAsync called with userId=ed2bd629-462b-4498-b459-53ecfb2738ff, productId=66VCHSJNUP, quantity=3
2026-08-20T18:34:27.565716428Z GetCartAsync called with userId=ed2bd629-462b-4498-b459-53ecfb2738ff
2026-08-20T18:34:27.672154503Z GetCartAsync called with userId=ed2bd629-462b-4498-b459-53ecfb2738ff
2026-08-20T18:34:27.684875700Z GetCartAsync called with userId=a582456c-5e50-4b48-9272-8e09a6ab3449
2026-08-20T18:34:27.750944054Z EmptyCartAsync called with userId=ed2bd629-462b-4498-b459-53ecfb2738ff
2026-08-20T18:34:28.376748192Z GetCartAsync called with userId=0728d167-2761-48a1-aeec-e206b6deb841
2026-08-20T18:34:29.579295251Z GetCartAsync called with userId=8494152f-8303-4d94-92cf-65c48088bbe8
2026-08-20T18:34:29.655019845Z GetCartAsync called with userId=eced0255-1d22-451f-a10a-ade79d3edfea
2026-08-20T18:34:29.772351145Z GetCartAsync called with userId=11b93b3f-3a87-4cb6-881f-9bf889b50835
2026-08-20T18:34:29.882094313Z GetCartAsync called with userId=8870cb35-48e5-45ab-94ac-5eb0b9d3dc41
2026-08-20T18:34:30.212389876Z GetCartAsync called with userId=6fa6405a-d852-42c5-817f-c0cd16c5c2e8
2026-08-20T18:34:30.253950375Z GetCartAsync called with userId=70df1040-b24f-4a7c-be0d-307211fdf697
2026-08-20T18:34:31.212051984Z GetCartAsync called with userId=ed2bd629-462b-4498-b459-53ecfb2738ff
2026-08-20T18:34:31.334367498Z GetCartAsync called with userId=e35cdbc1-2ed0-4bec-bc66-901678ac7395
2026-08-20T18:34:31.535702061Z GetCartAsync called with userId=cba1eabe-9fa2-4ea5-94da-7b5449b2a8b1
2026-08-20T18:34:31.580969006Z GetCartAsync called with userId=1a181e6f-68e2-4fd1-accf-0d94e94e749b
2026-08-20T18:34:31.772523977Z GetCartAsync called with userId=13964ae0-2c1b-42fd-9617-4df3670f57f2
2026-08-20T18:34:31.779243133Z GetCartAsync called with userId=b23ae0af-66fc-48c3-982a-ce2e587a4f74
2026-08-20T18:34:31.954966350Z AddItemAsync called with userId=13964ae0-2c1b-42fd-9617-4df3670f57f2, productId=9SIQT8TOJO, quantity=1
2026-08-20T18:34:31.961799623Z GetCartAsync called with userId=13964ae0-2c1b-42fd-9617-4df3670f57f2
2026-08-20T18:34:32.522906143Z GetCartAsync called with userId=f1f7dda7-81d8-47cb-ab27-9aab5835a795
2026-08-20T18:34:32.550745006Z AddItemAsync called with userId=f1f7dda7-81d8-47cb-ab27-9aab5835a795, productId=9SIQT8TOJO, quantity=1
2026-08-20T18:34:32.558488209Z GetCartAsync called with userId=f1f7dda7-81d8-47cb-ab27-9aab5835a795
2026-08-20T18:34:32.915031368Z GetCartAsync called with userId=0728d167-2761-48a1-aeec-e206b6deb841
2026-08-20T18:34:34.916136058Z GetCartAsync called with userId=a582456c-5e50-4b48-9272-8e09a6ab3449
2026-08-20T18:34:35.075659769Z GetCartAsync called with userId=1a181e6f-68e2-4fd1-accf-0d94e94e749b
2026-08-20T18:34:35.711179646Z GetCartAsync called with userId=6fa6405a-d852-42c5-817f-c0cd16c5c2e8
2026-08-20T18:34:37.061819631Z Checking CartService Health
2026-08-20T18:34:37.068001211Z Checking CartService Health
2026-08-20T18:34:37.100701967Z GetCartAsync called with userId=b23ae0af-66fc-48c3-982a-ce2e587a4f74
2026-08-20T18:34:37.646453464Z GetCartAsync called with userId=13964ae0-2c1b-42fd-9617-4df3670f57f2
2026-08-20T18:34:37.749021866Z GetCartAsync called with userId=8870cb35-48e5-45ab-94ac-5eb0b9d3dc41
2026-08-20T18:34:37.847276554Z GetCartAsync called with userId=eced0255-1d22-451f-a10a-ade79d3edfea
2026-08-20T18:34:38.625101090Z GetCartAsync called with userId=6fa6405a-d852-42c5-817f-c0cd16c5c2e8
2026-08-20T18:34:38.887927966Z GetCartAsync called with userId=ed2bd629-462b-4498-b459-53ecfb2738ff
2026-08-20T18:34:38.898734722Z AddItemAsync called with userId=ed2bd629-462b-4498-b459-53ecfb2738ff, productId=66VCHSJNUP, quantity=4
2026-08-20T18:34:38.901701631Z GetCartAsync called with userId=ed2bd629-462b-4498-b459-53ecfb2738ff
2026-08-20T18:34:38.945553662Z GetCartAsync called with userId=e35cdbc1-2ed0-4bec-bc66-901678ac7395
2026-08-20T18:34:39.289791277Z GetCartAsync called with userId=11b93b3f-3a87-4cb6-881f-9bf889b50835
2026-08-20T18:34:39.640031622Z GetCartAsync called with userId=8494152f-8303-4d94-92cf-65c48088bbe8
2026-08-20T18:34:39.676599902Z GetCartAsync called with userId=f1f7dda7-81d8-47cb-ab27-9aab5835a795
2026-08-20T18:34:39.943701371Z GetCartAsync called with userId=70df1040-b24f-4a7c-be0d-307211fdf697
2026-08-20T18:34:39.982489832Z GetCartAsync called with userId=eced0255-1d22-451f-a10a-ade79d3edfea
2026-08-20T18:34:40.574845055Z GetCartAsync called with userId=13964ae0-2c1b-42fd-9617-4df3670f57f2
2026-08-20T18:34:41.158787834Z GetCartAsync called with userId=70df1040-b24f-4a7c-be0d-307211fdf697
2026-08-20T18:34:41.170437234Z AddItemAsync called with userId=70df1040-b24f-4a7c-be0d-307211fdf697, productId=2ZYFJ3GM2N, quantity=8
2026-08-20T18:34:41.173837318Z GetCartAsync called with userId=70df1040-b24f-4a7c-be0d-307211fdf697
2026-08-20T18:34:41.186600710Z GetCartAsync called with userId=70df1040-b24f-4a7c-be0d-307211fdf697
2026-08-20T18:34:41.196336582Z GetCartAsync called with userId=cba1eabe-9fa2-4ea5-94da-7b5449b2a8b1
2026-08-20T18:34:41.197025900Z EmptyCartAsync called with userId=70df1040-b24f-4a7c-be0d-307211fdf697
2026-08-20T18:34:41.867363815Z GetCartAsync called with userId=11b93b3f-3a87-4cb6-881f-9bf889b50835
2026-08-20T18:34:41.970335898Z AddItemAsync called with userId=11b93b3f-3a87-4cb6-881f-9bf889b50835, productId=L9ECAV7KIM, quantity=2
2026-08-20T18:34:42.050636388Z GetCartAsync called with userId=11b93b3f-3a87-4cb6-881f-9bf889b50835
2026-08-20T18:34:42.077517104Z GetCartAsync called with userId=11b93b3f-3a87-4cb6-881f-9bf889b50835
2026-08-20T18:34:42.137120739Z EmptyCartAsync called with userId=11b93b3f-3a87-4cb6-881f-9bf889b50835
2026-08-20T18:34:42.327065058Z GetCartAsync called with userId=0728d167-2761-48a1-aeec-e206b6deb841
2026-08-20T18:34:42.352295791Z AddItemAsync called with userId=0728d167-2761-48a1-aeec-e206b6deb841, productId=66VCHSJNUP, quantity=1
2026-08-20T18:34:42.360109033Z GetCartAsync called with userId=0728d167-2761-48a1-aeec-e206b6deb841
2026-08-20T18:34:42.542955732Z GetCartAsync called with userId=b23ae0af-66fc-48c3-982a-ce2e587a4f74
2026-08-20T18:34:43.326136725Z GetCartAsync called with userId=f1f7dda7-81d8-47cb-ab27-9aab5835a795
2026-08-20T18:34:43.331420733Z GetCartAsync called with userId=1a181e6f-68e2-4fd1-accf-0d94e94e749b
2026-08-20T18:34:43.425892356Z GetCartAsync called with userId=8870cb35-48e5-45ab-94ac-5eb0b9d3dc41
2026-08-20T18:34:44.817297698Z GetCartAsync called with userId=a582456c-5e50-4b48-9272-8e09a6ab3449
2026-08-20T18:34:45.657040104Z GetCartAsync called with userId=b23ae0af-66fc-48c3-982a-ce2e587a4f74
2026-08-20T18:34:46.344284822Z GetCartAsync called with userId=cba1eabe-9fa2-4ea5-94da-7b5449b2a8b1
2026-08-20T18:34:46.799781711Z GetCartAsync called with userId=6fa6405a-d852-42c5-817f-c0cd16c5c2e8
2026-08-20T18:34:47.061692789Z Checking CartService Health
2026-08-20T18:34:47.073996089Z Checking CartService Health
2026-08-20T18:34:47.486815996Z GetCartAsync called with userId=8870cb35-48e5-45ab-94ac-5eb0b9d3dc41
2026-08-20T18:34:47.649374598Z GetCartAsync called with userId=ed2bd629-462b-4498-b459-53ecfb2738ff
2026-08-20T18:34:47.651842780Z GetCartAsync called with userId=70df1040-b24f-4a7c-be0d-307211fdf697
2026-08-20T18:34:47.752570724Z GetCartAsync called with userId=8494152f-8303-4d94-92cf-65c48088bbe8
2026-08-20T18:34:49.380402682Z GetCartAsync called with userId=eced0255-1d22-451f-a10a-ade79d3edfea
2026-08-20T18:34:49.607708011Z GetCartAsync called with userId=11b93b3f-3a87-4cb6-881f-9bf889b50835
2026-08-20T18:34:49.852594969Z GetCartAsync called with userId=8494152f-8303-4d94-92cf-65c48088bbe8
2026-08-20T18:34:49.947901256Z GetCartAsync called with userId=13964ae0-2c1b-42fd-9617-4df3670f57f2
2026-08-20T18:34:50.025913469Z AddItemAsync called with userId=8494152f-8303-4d94-92cf-65c48088bbe8, productId=LS4PSXUNUM, quantity=2
2026-08-20T18:34:50.031362532Z GetCartAsync called with userId=8494152f-8303-4d94-92cf-65c48088bbe8
2026-08-20T18:34:50.058280882Z GetCartAsync called with userId=8494152f-8303-4d94-92cf-65c48088bbe8
2026-08-20T18:34:50.066581000Z EmptyCartAsync called with userId=8494152f-8303-4d94-92cf-65c48088bbe8
2026-08-20T18:34:51.020933918Z GetCartAsync called with userId=f1f7dda7-81d8-47cb-ab27-9aab5835a795
2026-08-20T18:34:51.103470714Z GetCartAsync called with userId=0728d167-2761-48a1-aeec-e206b6deb841
2026-08-20T18:34:51.419329212Z GetCartAsync called with userId=b23ae0af-66fc-48c3-982a-ce2e587a4f74
2026-08-20T18:34:51.534777427Z GetCartAsync called with userId=e35cdbc1-2ed0-4bec-bc66-901678ac7395
2026-08-20T18:34:52.162627370Z GetCartAsync called with userId=8870cb35-48e5-45ab-94ac-5eb0b9d3dc41
2026-08-20T18:34:52.786665569Z GetCartAsync called with userId=1a181e6f-68e2-4fd1-accf-0d94e94e749b
2026-08-20T18:34:53.596829167Z GetCartAsync called with userId=a582456c-5e50-4b48-9272-8e09a6ab3449
2026-08-20T18:34:53.836368582Z GetCartAsync called with userId=b23ae0af-66fc-48c3-982a-ce2e587a4f74
2026-08-20T18:34:54.600592520Z GetCartAsync called with userId=8870cb35-48e5-45ab-94ac-5eb0b9d3dc41
2026-08-20T18:34:55.226066539Z GetCartAsync called with userId=f1f7dda7-81d8-47cb-ab27-9aab5835a795
2026-08-20T18:34:55.346607010Z GetCartAsync called with userId=70df1040-b24f-4a7c-be0d-307211fdf697
2026-08-20T18:34:55.532248173Z GetCartAsync called with userId=6fa6405a-d852-42c5-817f-c0cd16c5c2e8
2026-08-20T18:34:55.541418209Z GetCartAsync called with userId=b23ae0af-66fc-48c3-982a-ce2e587a4f74
2026-08-20T18:34:56.063087180Z GetCartAsync called with userId=eced0255-1d22-451f-a10a-ade79d3edfea
2026-08-20T18:34:56.399874906Z GetCartAsync called with userId=e35cdbc1-2ed0-4bec-bc66-901678ac7395
2026-08-20T18:34:56.401159407Z GetCartAsync called with userId=ed2bd629-462b-4498-b459-53ecfb2738ff
2026-08-20T18:34:57.061591402Z Checking CartService Health
2026-08-20T18:34:57.068677311Z Checking CartService Health
2026-08-20T18:34:57.191699471Z GetCartAsync called with userId=11b93b3f-3a87-4cb6-881f-9bf889b50835
2026-08-20T18:34:57.661324694Z GetCartAsync called with userId=e35cdbc1-2ed0-4bec-bc66-901678ac7395
2026-08-20T18:34:57.749458491Z AddItemAsync called with userId=e35cdbc1-2ed0-4bec-bc66-901678ac7395, productId=0PUK6V6EV0, quantity=6
2026-08-20T18:34:57.761608694Z GetCartAsync called with userId=e35cdbc1-2ed0-4bec-bc66-901678ac7395
2026-08-20T18:34:57.772272363Z GetCartAsync called with userId=cba1eabe-9fa2-4ea5-94da-7b5449b2a8b1
2026-08-20T18:34:58.047210406Z GetCartAsync called with userId=e35cdbc1-2ed0-4bec-bc66-901678ac7395
2026-08-20T18:34:58.063176306Z EmptyCartAsync called with userId=e35cdbc1-2ed0-4bec-bc66-901678ac7395
2026-08-20T18:34:58.192514155Z GetCartAsync called with userId=b23ae0af-66fc-48c3-982a-ce2e587a4f74
2026-08-20T18:34:58.250002155Z GetCartAsync called with userId=13964ae0-2c1b-42fd-9617-4df3670f57f2
2026-08-20T18:34:58.748525802Z GetCartAsync called with userId=0728d167-2761-48a1-aeec-e206b6deb841
2026-08-20T18:34:58.851267286Z GetCartAsync called with userId=6fa6405a-d852-42c5-817f-c0cd16c5c2e8
2026-08-20T18:34:58.852495079Z GetCartAsync called with userId=11b93b3f-3a87-4cb6-881f-9bf889b50835
2026-08-20T18:34:59.414537970Z GetCartAsync called with userId=eced0255-1d22-451f-a10a-ade79d3edfea
2026-08-20T18:34:59.732442340Z GetCartAsync called with userId=8494152f-8303-4d94-92cf-65c48088bbe8
2026-08-20T18:35:00.038860211Z GetCartAsync called with userId=1a181e6f-68e2-4fd1-accf-0d94e94e749b
2026-08-20T18:35:00.071980897Z AddItemAsync called with userId=1a181e6f-68e2-4fd1-accf-0d94e94e749b, productId=0PUK6V6EV0, quantity=4
2026-08-20T18:35:00.129841355Z GetCartAsync called with userId=1a181e6f-68e2-4fd1-accf-0d94e94e749b
2026-08-20T18:35:00.504917776Z GetCartAsync called with userId=e35cdbc1-2ed0-4bec-bc66-901678ac7395
2026-08-20T18:35:00.555570206Z GetCartAsync called with userId=0728d167-2761-48a1-aeec-e206b6deb841
2026-08-20T18:35:01.964340757Z GetCartAsync called with userId=70df1040-b24f-4a7c-be0d-307211fdf697
2026-08-20T18:35:02.235840862Z GetCartAsync called with userId=0728d167-2761-48a1-aeec-e206b6deb841
2026-08-20T18:35:02.334715542Z GetCartAsync called with userId=ed2bd629-462b-4498-b459-53ecfb2738ff
2026-08-20T18:35:03.520938451Z GetCartAsync called with userId=a582456c-5e50-4b48-9272-8e09a6ab3449
2026-08-20T18:35:03.691441369Z GetCartAsync called with userId=cba1eabe-9fa2-4ea5-94da-7b5449b2a8b1
2026-08-20T18:35:03.933332588Z GetCartAsync called with userId=f1f7dda7-81d8-47cb-ab27-9aab5835a795
2026-08-20T18:35:04.226956589Z GetCartAsync called with userId=e35cdbc1-2ed0-4bec-bc66-901678ac7395
2026-08-20T18:35:04.508905256Z GetCartAsync called with userId=6fa6405a-d852-42c5-817f-c0cd16c5c2e8
2026-08-20T18:35:04.594047299Z GetCartAsync called with userId=8870cb35-48e5-45ab-94ac-5eb0b9d3dc41
2026-08-20T18:35:06.858944619Z GetCartAsync called with userId=eced0255-1d22-451f-a10a-ade79d3edfea
2026-08-20T18:35:07.052007987Z Checking CartService Health
2026-08-20T18:35:07.058562360Z Checking CartService Health
2026-08-20T18:35:07.268974805Z GetCartAsync called with userId=b23ae0af-66fc-48c3-982a-ce2e587a4f74
2026-08-20T18:35:07.452464652Z GetCartAsync called with userId=70df1040-b24f-4a7c-be0d-307211fdf697
2026-08-20T18:35:07.947717793Z GetCartAsync called with userId=11b93b3f-3a87-4cb6-881f-9bf889b50835
2026-08-20T18:35:08.109566526Z GetCartAsync called with userId=6fa6405a-d852-42c5-817f-c0cd16c5c2e8
2026-08-20T18:35:08.123481193Z AddItemAsync called with userId=6fa6405a-d852-42c5-817f-c0cd16c5c2e8, productId=LS4PSXUNUM, quantity=8
2026-08-20T18:35:08.128083776Z GetCartAsync called with userId=6fa6405a-d852-42c5-817f-c0cd16c5c2e8
2026-08-20T18:35:08.157619262Z GetCartAsync called with userId=1a181e6f-68e2-4fd1-accf-0d94e94e749b
2026-08-20T18:35:08.623511843Z GetCartAsync called with userId=f1f7dda7-81d8-47cb-ab27-9aab5835a795
2026-08-20T18:35:08.828950249Z GetCartAsync called with userId=70df1040-b24f-4a7c-be0d-307211fdf697
2026-08-20T18:35:08.828965952Z GetCartAsync called with userId=13964ae0-2c1b-42fd-9617-4df3670f57f2
2026-08-20T18:35:09.598727155Z GetCartAsync called with userId=cba1eabe-9fa2-4ea5-94da-7b5449b2a8b1
2026-08-20T18:35:10.350883544Z GetCartAsync called with userId=eced0255-1d22-451f-a10a-ade79d3edfea
2026-08-20T18:35:10.895646205Z GetCartAsync called with userId=0728d167-2761-48a1-aeec-e206b6deb841
2026-08-20T18:35:11.786201009Z GetCartAsync called with userId=8870cb35-48e5-45ab-94ac-5eb0b9d3dc41
2026-08-20T18:35:11.824474077Z GetCartAsync called with userId=e35cdbc1-2ed0-4bec-bc66-901678ac7395
2026-08-20T18:35:12.076670882Z GetCartAsync called with userId=0728d167-2761-48a1-aeec-e206b6deb841
2026-08-20T18:35:12.573920704Z GetCartAsync called with userId=11b93b3f-3a87-4cb6-881f-9bf889b50835
2026-08-20T18:35:12.600620163Z GetCartAsync called with userId=8494152f-8303-4d94-92cf-65c48088bbe8
2026-08-20T18:35:12.761956051Z AddItemAsync called with userId=8494152f-8303-4d94-92cf-65c48088bbe8, productId=OLJCESPC7Z, quantity=2
2026-08-20T18:35:12.921935557Z GetCartAsync called with userId=8494152f-8303-4d94-92cf-65c48088bbe8
2026-08-20T18:35:13.125707281Z GetCartAsync called with userId=ed2bd629-462b-4498-b459-53ecfb2738ff
2026-08-20T18:35:13.417721475Z GetCartAsync called with userId=0728d167-2761-48a1-aeec-e206b6deb841
2026-08-20T18:35:13.710905113Z GetCartAsync called with userId=13964ae0-2c1b-42fd-9617-4df3670f57f2
2026-08-20T18:35:13.824765417Z GetCartAsync called with userId=6fa6405a-d852-42c5-817f-c0cd16c5c2e8
2026-08-20T18:35:14.915598417Z GetCartAsync called with userId=ed2bd629-462b-4498-b459-53ecfb2738ff
2026-08-20T18:35:14.915743347Z GetCartAsync called with userId=70df1040-b24f-4a7c-be0d-307211fdf697
2026-08-20T18:35:15.113279072Z GetCartAsync called with userId=b23ae0af-66fc-48c3-982a-ce2e587a4f74
2026-08-20T18:35:15.116873321Z GetCartAsync called with userId=f1f7dda7-81d8-47cb-ab27-9aab5835a795
2026-08-20T18:35:15.310371505Z GetCartAsync called with userId=eced0255-1d22-451f-a10a-ade79d3edfea
2026-08-20T18:35:15.436751316Z GetCartAsync called with userId=6fa6405a-d852-42c5-817f-c0cd16c5c2e8
2026-08-20T18:35:15.535396653Z AddItemAsync called with userId=6fa6405a-d852-42c5-817f-c0cd16c5c2e8, productId=66VCHSJNUP, quantity=1
2026-08-20T18:35:15.549467982Z GetCartAsync called with userId=6fa6405a-d852-42c5-817f-c0cd16c5c2e8
2026-08-20T18:35:15.730254220Z GetCartAsync called with userId=a582456c-5e50-4b48-9272-8e09a6ab3449
2026-08-20T18:35:15.828810939Z GetCartAsync called with userId=6fa6405a-d852-42c5-817f-c0cd16c5c2e8
2026-08-20T18:35:15.841926069Z EmptyCartAsync called with userId=6fa6405a-d852-42c5-817f-c0cd16c5c2e8
2026-08-20T18:35:16.316666005Z GetCartAsync called with userId=1a181e6f-68e2-4fd1-accf-0d94e94e749b
2026-08-20T18:35:16.634988176Z GetCartAsync called with userId=cba1eabe-9fa2-4ea5-94da-7b5449b2a8b1
2026-08-20T18:35:16.725711364Z GetCartAsync called with userId=f1f7dda7-81d8-47cb-ab27-9aab5835a795
2026-08-20T18:35:16.731288625Z AddItemAsync called with userId=cba1eabe-9fa2-4ea5-94da-7b5449b2a8b1, productId=66VCHSJNUP, quantity=1
2026-08-20T18:35:16.743905252Z GetCartAsync called with userId=cba1eabe-9fa2-4ea5-94da-7b5449b2a8b1
2026-08-20T18:35:16.948499146Z GetCartAsync called with userId=cba1eabe-9fa2-4ea5-94da-7b5449b2a8b1
2026-08-20T18:35:17.013193815Z EmptyCartAsync called with userId=cba1eabe-9fa2-4ea5-94da-7b5449b2a8b1
2026-08-20T18:35:17.058034950Z Checking CartService Health
2026-08-20T18:35:17.062735329Z Checking CartService Health
2026-08-20T18:35:17.675960196Z GetCartAsync called with userId=70df1040-b24f-4a7c-be0d-307211fdf697
2026-08-20T18:35:17.707670398Z AddItemAsync called with userId=70df1040-b24f-4a7c-be0d-307211fdf697, productId=OLJCESPC7Z, quantity=3
2026-08-20T18:35:17.747815356Z GetCartAsync called with userId=70df1040-b24f-4a7c-be0d-307211fdf697
2026-08-20T18:35:17.856682121Z GetCartAsync called with userId=70df1040-b24f-4a7c-be0d-307211fdf697
2026-08-20T18:35:17.891626095Z EmptyCartAsync called with userId=70df1040-b24f-4a7c-be0d-307211fdf697
2026-08-20T18:35:18.629590232Z GetCartAsync called with userId=8870cb35-48e5-45ab-94ac-5eb0b9d3dc41
2026-08-20T18:35:19.120323501Z GetCartAsync called with userId=1a181e6f-68e2-4fd1-accf-0d94e94e749b
2026-08-20T18:35:19.223579828Z GetCartAsync called with userId=0728d167-2761-48a1-aeec-e206b6deb841
2026-08-20T18:35:19.226544949Z AddItemAsync called with userId=1a181e6f-68e2-4fd1-accf-0d94e94e749b, productId=66VCHSJNUP, quantity=1
2026-08-20T18:35:19.230837302Z GetCartAsync called with userId=1a181e6f-68e2-4fd1-accf-0d94e94e749b
2026-08-20T18:35:19.253353855Z AddItemAsync called with userId=0728d167-2761-48a1-aeec-e206b6deb841, productId=1YMWWN1N4O, quantity=10
2026-08-20T18:35:19.327241427Z GetCartAsync called with userId=0728d167-2761-48a1-aeec-e206b6deb841
2026-08-20T18:35:19.427377506Z GetCartAsync called with userId=eced0255-1d22-451f-a10a-ade79d3edfea
2026-08-20T18:35:19.542743660Z AddItemAsync called with userId=eced0255-1d22-451f-a10a-ade79d3edfea, productId=9SIQT8TOJO, quantity=2
2026-08-20T18:35:19.547821051Z GetCartAsync called with userId=eced0255-1d22-451f-a10a-ade79d3edfea
2026-08-20T18:35:19.644626246Z GetCartAsync called with userId=eced0255-1d22-451f-a10a-ade79d3edfea
2026-08-20T18:35:19.650523481Z EmptyCartAsync called with userId=eced0255-1d22-451f-a10a-ade79d3edfea
2026-08-20T18:35:19.672743282Z GetCartAsync called with userId=70df1040-b24f-4a7c-be0d-307211fdf697
2026-08-20T18:35:20.535306612Z GetCartAsync called with userId=8494152f-8303-4d94-92cf-65c48088bbe8
2026-08-20T18:35:20.624025787Z GetCartAsync called with userId=a582456c-5e50-4b48-9272-8e09a6ab3449
2026-08-20T18:35:20.762954677Z GetCartAsync called with userId=1a181e6f-68e2-4fd1-accf-0d94e94e749b
2026-08-20T18:35:20.847947398Z GetCartAsync called with userId=b23ae0af-66fc-48c3-982a-ce2e587a4f74
2026-08-20T18:35:20.990543632Z GetCartAsync called with userId=ed2bd629-462b-4498-b459-53ecfb2738ff
2026-08-20T18:35:21.976673755Z GetCartAsync called with userId=11b93b3f-3a87-4cb6-881f-9bf889b50835
2026-08-20T18:35:22.041440825Z GetCartAsync called with userId=cba1eabe-9fa2-4ea5-94da-7b5449b2a8b1
2026-08-20T18:35:22.157342373Z GetCartAsync called with userId=eced0255-1d22-451f-a10a-ade79d3edfea
2026-08-20T18:35:22.181487212Z AddItemAsync called with userId=eced0255-1d22-451f-a10a-ade79d3edfea, productId=L9ECAV7KIM, quantity=6
2026-08-20T18:35:22.244327544Z GetCartAsync called with userId=eced0255-1d22-451f-a10a-ade79d3edfea
2026-08-20T18:35:22.371081897Z GetCartAsync called with userId=6fa6405a-d852-42c5-817f-c0cd16c5c2e8
2026-08-20T18:35:23.159085837Z GetCartAsync called with userId=a582456c-5e50-4b48-9272-8e09a6ab3449
2026-08-20T18:35:23.182008461Z AddItemAsync called with userId=a582456c-5e50-4b48-9272-8e09a6ab3449, productId=0PUK6V6EV0, quantity=3
2026-08-20T18:35:23.188987386Z GetCartAsync called with userId=a582456c-5e50-4b48-9272-8e09a6ab3449
2026-08-20T18:35:23.247011373Z GetCartAsync called with userId=0728d167-2761-48a1-aeec-e206b6deb841
2026-08-20T18:35:23.369634900Z GetCartAsync called with userId=13964ae0-2c1b-42fd-9617-4df3670f57f2
2026-08-20T18:35:23.751603158Z GetCartAsync called with userId=f1f7dda7-81d8-47cb-ab27-9aab5835a795
2026-08-20T18:35:23.842029933Z GetCartAsync called with userId=70df1040-b24f-4a7c-be0d-307211fdf697
2026-08-20T18:35:24.045223205Z GetCartAsync called with userId=11b93b3f-3a87-4cb6-881f-9bf889b50835
2026-08-20T18:35:24.048359656Z GetCartAsync called with userId=e35cdbc1-2ed0-4bec-bc66-901678ac7395
2026-08-20T18:35:24.145832068Z AddItemAsync called with userId=11b93b3f-3a87-4cb6-881f-9bf889b50835, productId=2ZYFJ3GM2N, quantity=6
2026-08-20T18:35:24.155611584Z GetCartAsync called with userId=11b93b3f-3a87-4cb6-881f-9bf889b50835
2026-08-20T18:35:24.355585091Z GetCartAsync called with userId=11b93b3f-3a87-4cb6-881f-9bf889b50835
2026-08-20T18:35:24.372358436Z EmptyCartAsync called with userId=11b93b3f-3a87-4cb6-881f-9bf889b50835
2026-08-20T18:35:25.304422367Z GetCartAsync called with userId=0728d167-2761-48a1-aeec-e206b6deb841
2026-08-20T18:35:27.055384573Z Checking CartService Health
2026-08-20T18:35:27.060749180Z Checking CartService Health
2026-08-20T18:35:27.081844053Z GetCartAsync called with userId=a582456c-5e50-4b48-9272-8e09a6ab3449
2026-08-20T18:35:27.142134521Z AddItemAsync called with userId=a582456c-5e50-4b48-9272-8e09a6ab3449, productId=0PUK6V6EV0, quantity=7
2026-08-20T18:35:27.152079817Z GetCartAsync called with userId=a582456c-5e50-4b48-9272-8e09a6ab3449
2026-08-20T18:35:28.104086809Z GetCartAsync called with userId=6fa6405a-d852-42c5-817f-c0cd16c5c2e8
2026-08-20T18:35:28.301194957Z GetCartAsync called with userId=8870cb35-48e5-45ab-94ac-5eb0b9d3dc41
2026-08-20T18:35:28.654888056Z GetCartAsync called with userId=1a181e6f-68e2-4fd1-accf-0d94e94e749b
2026-08-20T18:35:29.005984465Z GetCartAsync called with userId=cba1eabe-9fa2-4ea5-94da-7b5449b2a8b1
2026-08-20T18:35:29.444361302Z GetCartAsync called with userId=b23ae0af-66fc-48c3-982a-ce2e587a4f74
2026-08-20T18:35:29.465956150Z AddItemAsync called with userId=b23ae0af-66fc-48c3-982a-ce2e587a4f74, productId=66VCHSJNUP, quantity=7
2026-08-20T18:35:29.470333308Z GetCartAsync called with userId=b23ae0af-66fc-48c3-982a-ce2e587a4f74
2026-08-20T18:35:29.590771723Z GetCartAsync called with userId=8494152f-8303-4d94-92cf-65c48088bbe8
2026-08-20T18:35:29.652050840Z GetCartAsync called with userId=11b93b3f-3a87-4cb6-881f-9bf889b50835
2026-08-20T18:35:30.056859628Z GetCartAsync called with userId=a582456c-5e50-4b48-9272-8e09a6ab3449
2026-08-20T18:35:30.143100100Z GetCartAsync called with userId=f1f7dda7-81d8-47cb-ab27-9aab5835a795
2026-08-20T18:35:30.285893877Z GetCartAsync called with userId=e35cdbc1-2ed0-4bec-bc66-901678ac7395
2026-08-20T18:35:30.433220437Z GetCartAsync called with userId=13964ae0-2c1b-42fd-9617-4df3670f57f2
2026-08-20T18:35:30.676101869Z GetCartAsync called with userId=eced0255-1d22-451f-a10a-ade79d3edfea
2026-08-20T18:35:30.922367010Z GetCartAsync called with userId=ed2bd629-462b-4498-b459-53ecfb2738ff
2026-08-20T18:35:31.348754243Z GetCartAsync called with userId=e35cdbc1-2ed0-4bec-bc66-901678ac7395
2026-08-20T18:35:31.904973905Z GetCartAsync called with userId=6fa6405a-d852-42c5-817f-c0cd16c5c2e8
2026-08-20T18:35:31.908539241Z GetCartAsync called with userId=a582456c-5e50-4b48-9272-8e09a6ab3449
2026-08-20T18:35:31.954157203Z GetCartAsync called with userId=8494152f-8303-4d94-92cf-65c48088bbe8
2026-08-20T18:35:32.908699949Z GetCartAsync called with userId=ed2bd629-462b-4498-b459-53ecfb2738ff
2026-08-20T18:35:33.409290344Z GetCartAsync called with userId=70df1040-b24f-4a7c-be0d-307211fdf697
2026-08-20T18:35:33.538985651Z GetCartAsync called with userId=0728d167-2761-48a1-aeec-e206b6deb841
2026-08-20T18:35:33.550549491Z AddItemAsync called with userId=0728d167-2761-48a1-aeec-e206b6deb841, productId=0PUK6V6EV0, quantity=7
2026-08-20T18:35:33.553751372Z GetCartAsync called with userId=0728d167-2761-48a1-aeec-e206b6deb841
2026-08-20T18:35:33.573891601Z GetCartAsync called with userId=0728d167-2761-48a1-aeec-e206b6deb841
2026-08-20T18:35:33.590909961Z EmptyCartAsync called with userId=0728d167-2761-48a1-aeec-e206b6deb841
2026-08-20T18:35:33.955481997Z GetCartAsync called with userId=cba1eabe-9fa2-4ea5-94da-7b5449b2a8b1
2026-08-20T18:35:34.966397520Z GetCartAsync called with userId=e35cdbc1-2ed0-4bec-bc66-901678ac7395
2026-08-20T18:35:35.249295598Z GetCartAsync called with userId=ed2bd629-462b-4498-b459-53ecfb2738ff
2026-08-20T18:35:35.341237001Z GetCartAsync called with userId=8870cb35-48e5-45ab-94ac-5eb0b9d3dc41
2026-08-20T18:35:35.342130136Z AddItemAsync called with userId=ed2bd629-462b-4498-b459-53ecfb2738ff, productId=9SIQT8TOJO, quantity=7
2026-08-20T18:35:35.353163304Z GetCartAsync called with userId=ed2bd629-462b-4498-b459-53ecfb2738ff
2026-08-20T18:35:35.518783149Z GetCartAsync called with userId=0728d167-2761-48a1-aeec-e206b6deb841
2026-08-20T18:35:35.786563541Z GetCartAsync called with userId=70df1040-b24f-4a7c-be0d-307211fdf697
2026-08-20T18:35:36.159365514Z GetCartAsync called with userId=1a181e6f-68e2-4fd1-accf-0d94e94e749b
2026-08-20T18:35:36.160405972Z GetCartAsync called with userId=cba1eabe-9fa2-4ea5-94da-7b5449b2a8b1
2026-08-20T18:35:36.859678912Z GetCartAsync called with userId=8494152f-8303-4d94-92cf-65c48088bbe8
2026-08-20T18:35:37.050387650Z Checking CartService Health
2026-08-20T18:35:37.055648646Z Checking CartService Health
2026-08-20T18:35:37.204660178Z GetCartAsync called with userId=11b93b3f-3a87-4cb6-881f-9bf889b50835
2026-08-20T18:35:37.213596830Z GetCartAsync called with userId=8870cb35-48e5-45ab-94ac-5eb0b9d3dc41
2026-08-20T18:35:38.139550748Z GetCartAsync called with userId=13964ae0-2c1b-42fd-9617-4df3670f57f2
2026-08-20T18:35:38.217628954Z GetCartAsync called with userId=6fa6405a-d852-42c5-817f-c0cd16c5c2e8
2026-08-20T18:35:38.514651969Z GetCartAsync called with userId=cba1eabe-9fa2-4ea5-94da-7b5449b2a8b1
2026-08-20T18:35:38.526126504Z AddItemAsync called with userId=cba1eabe-9fa2-4ea5-94da-7b5449b2a8b1, productId=L9ECAV7KIM, quantity=7
2026-08-20T18:35:38.530652188Z GetCartAsync called with userId=cba1eabe-9fa2-4ea5-94da-7b5449b2a8b1
2026-08-20T18:35:39.109415706Z GetCartAsync called with userId=b23ae0af-66fc-48c3-982a-ce2e587a4f74
2026-08-20T18:35:39.259676427Z GetCartAsync called with userId=0728d167-2761-48a1-aeec-e206b6deb841
2026-08-20T18:35:39.272075202Z AddItemAsync called with userId=0728d167-2761-48a1-aeec-e206b6deb841, productId=2ZYFJ3GM2N, quantity=8
2026-08-20T18:35:39.276290940Z GetCartAsync called with userId=0728d167-2761-48a1-aeec-e206b6deb841
2026-08-20T18:35:39.282689507Z GetCartAsync called with userId=a582456c-5e50-4b48-9272-8e09a6ab3449
2026-08-20T18:35:39.320123168Z AddItemAsync called with userId=a582456c-5e50-4b48-9272-8e09a6ab3449, productId=6E92ZMYYFZ, quantity=4
2026-08-20T18:35:39.338233406Z GetCartAsync called with userId=a582456c-5e50-4b48-9272-8e09a6ab3449
2026-08-20T18:35:39.354465561Z GetCartAsync called with userId=a582456c-5e50-4b48-9272-8e09a6ab3449
2026-08-20T18:35:39.365739466Z EmptyCartAsync called with userId=a582456c-5e50-4b48-9272-8e09a6ab3449
2026-08-20T18:35:39.836982225Z GetCartAsync called with userId=f1f7dda7-81d8-47cb-ab27-9aab5835a795
2026-08-20T18:35:39.921044836Z GetCartAsync called with userId=6fa6405a-d852-42c5-817f-c0cd16c5c2e8
2026-08-20T18:35:40.736677372Z GetCartAsync called with userId=11b93b3f-3a87-4cb6-881f-9bf889b50835
2026-08-20T18:35:41.268343568Z GetCartAsync called with userId=0728d167-2761-48a1-aeec-e206b6deb841
2026-08-20T18:35:41.680108333Z GetCartAsync called with userId=f1f7dda7-81d8-47cb-ab27-9aab5835a795
2026-08-20T18:35:41.755897193Z AddItemAsync called with userId=f1f7dda7-81d8-47cb-ab27-9aab5835a795, productId=L9ECAV7KIM, quantity=3
2026-08-20T18:35:41.766006222Z GetCartAsync called with userId=f1f7dda7-81d8-47cb-ab27-9aab5835a795
2026-08-20T18:35:41.838394468Z GetCartAsync called with userId=6fa6405a-d852-42c5-817f-c0cd16c5c2e8
2026-08-20T18:35:42.779391361Z GetCartAsync called with userId=8494152f-8303-4d94-92cf-65c48088bbe8
2026-08-20T18:35:43.117249878Z GetCartAsync called with userId=eced0255-1d22-451f-a10a-ade79d3edfea
2026-08-20T18:35:43.429675481Z GetCartAsync called with userId=1a181e6f-68e2-4fd1-accf-0d94e94e749b
2026-08-20T18:35:43.464226757Z GetCartAsync called with userId=e35cdbc1-2ed0-4bec-bc66-901678ac7395
2026-08-20T18:35:43.517535197Z AddItemAsync called with userId=e35cdbc1-2ed0-4bec-bc66-901678ac7395, productId=66VCHSJNUP, quantity=5
2026-08-20T18:35:43.520204304Z GetCartAsync called with userId=e35cdbc1-2ed0-4bec-bc66-901678ac7395
2026-08-20T18:35:43.902569687Z GetCartAsync called with userId=8870cb35-48e5-45ab-94ac-5eb0b9d3dc41
2026-08-20T18:35:44.062995682Z GetCartAsync called with userId=6fa6405a-d852-42c5-817f-c0cd16c5c2e8
2026-08-20T18:35:44.242122633Z AddItemAsync called with userId=6fa6405a-d852-42c5-817f-c0cd16c5c2e8, productId=OLJCESPC7Z, quantity=3
2026-08-20T18:35:44.242368070Z GetCartAsync called with userId=0728d167-2761-48a1-aeec-e206b6deb841
2026-08-20T18:35:44.244190949Z GetCartAsync called with userId=ed2bd629-462b-4498-b459-53ecfb2738ff
2026-08-20T18:35:44.250976885Z GetCartAsync called with userId=6fa6405a-d852-42c5-817f-c0cd16c5c2e8
2026-08-20T18:35:44.339957271Z GetCartAsync called with userId=70df1040-b24f-4a7c-be0d-307211fdf697
2026-08-20T18:35:44.452518258Z GetCartAsync called with userId=6fa6405a-d852-42c5-817f-c0cd16c5c2e8
2026-08-20T18:35:44.476222177Z EmptyCartAsync called with userId=6fa6405a-d852-42c5-817f-c0cd16c5c2e8
2026-08-20T18:35:45.058646007Z GetCartAsync called with userId=cba1eabe-9fa2-4ea5-94da-7b5449b2a8b1
2026-08-20T18:35:45.193339873Z GetCartAsync called with userId=1a181e6f-68e2-4fd1-accf-0d94e94e749b
2026-08-20T18:35:46.495685627Z GetCartAsync called with userId=13964ae0-2c1b-42fd-9617-4df3670f57f2
2026-08-20T18:35:47.052233205Z Checking CartService Health
2026-08-20T18:35:47.056851010Z Checking CartService Health
2026-08-20T18:35:47.895083799Z GetCartAsync called with userId=11b93b3f-3a87-4cb6-881f-9bf889b50835
2026-08-20T18:35:48.466560757Z GetCartAsync called with userId=ed2bd629-462b-4498-b459-53ecfb2738ff
2026-08-20T18:35:48.482002915Z AddItemAsync called with userId=ed2bd629-462b-4498-b459-53ecfb2738ff, productId=L9ECAV7KIM, quantity=4
2026-08-20T18:35:48.488296776Z GetCartAsync called with userId=ed2bd629-462b-4498-b459-53ecfb2738ff
2026-08-20T18:35:48.489480256Z GetCartAsync called with userId=b23ae0af-66fc-48c3-982a-ce2e587a4f74
2026-08-20T18:35:48.499744624Z GetCartAsync called with userId=f1f7dda7-81d8-47cb-ab27-9aab5835a795
2026-08-20T18:35:48.580368934Z GetCartAsync called with userId=eced0255-1d22-451f-a10a-ade79d3edfea
2026-08-20T18:35:48.637585870Z GetCartAsync called with userId=ed2bd629-462b-4498-b459-53ecfb2738ff
2026-08-20T18:35:48.660847822Z EmptyCartAsync called with userId=ed2bd629-462b-4498-b459-53ecfb2738ff
2026-08-20T18:35:48.736162622Z GetCartAsync called with userId=8870cb35-48e5-45ab-94ac-5eb0b9d3dc41
2026-08-20T18:35:49.266406084Z GetCartAsync called with userId=13964ae0-2c1b-42fd-9617-4df3670f57f2
2026-08-20T18:35:49.337253602Z GetCartAsync called with userId=a582456c-5e50-4b48-9272-8e09a6ab3449
2026-08-20T18:35:50.541017203Z GetCartAsync called with userId=70df1040-b24f-4a7c-be0d-307211fdf697
2026-08-20T18:35:50.815035642Z GetCartAsync called with userId=eced0255-1d22-451f-a10a-ade79d3edfea
2026-08-20T18:35:50.898204041Z AddItemAsync called with userId=eced0255-1d22-451f-a10a-ade79d3edfea, productId=6E92ZMYYFZ, quantity=9
2026-08-20T18:35:50.917050722Z GetCartAsync called with userId=eced0255-1d22-451f-a10a-ade79d3edfea
2026-08-20T18:35:51.514854417Z GetCartAsync called with userId=ed2bd629-462b-4498-b459-53ecfb2738ff
2026-08-20T18:35:51.818595806Z GetCartAsync called with userId=70df1040-b24f-4a7c-be0d-307211fdf697
2026-08-20T18:35:52.113767583Z GetCartAsync called with userId=0728d167-2761-48a1-aeec-e206b6deb841
2026-08-20T18:35:52.136349939Z AddItemAsync called with userId=0728d167-2761-48a1-aeec-e206b6deb841, productId=OLJCESPC7Z, quantity=1
2026-08-20T18:35:52.146859648Z GetCartAsync called with userId=0728d167-2761-48a1-aeec-e206b6deb841
2026-08-20T18:35:52.316067345Z GetCartAsync called with userId=e35cdbc1-2ed0-4bec-bc66-901678ac7395
2026-08-20T18:35:52.784191793Z GetCartAsync called with userId=8494152f-8303-4d94-92cf-65c48088bbe8
2026-08-20T18:35:53.333506767Z GetCartAsync called with userId=0728d167-2761-48a1-aeec-e206b6deb841
2026-08-20T18:35:53.419905091Z AddItemAsync called with userId=0728d167-2761-48a1-aeec-e206b6deb841, productId=66VCHSJNUP, quantity=4
2026-08-20T18:35:53.436136275Z GetCartAsync called with userId=0728d167-2761-48a1-aeec-e206b6deb841
2026-08-20T18:35:53.516012500Z GetCartAsync called with userId=6fa6405a-d852-42c5-817f-c0cd16c5c2e8
2026-08-20T18:35:54.093961057Z GetCartAsync called with userId=eced0255-1d22-451f-a10a-ade79d3edfea
2026-08-20T18:35:54.429476409Z GetCartAsync called with userId=70df1040-b24f-4a7c-be0d-307211fdf697
2026-08-20T18:35:54.621337674Z GetCartAsync called with userId=0728d167-2761-48a1-aeec-e206b6deb841
2026-08-20T18:35:55.101359142Z GetCartAsync called with userId=13964ae0-2c1b-42fd-9617-4df3670f57f2
2026-08-20T18:35:56.582206590Z GetCartAsync called with userId=8870cb35-48e5-45ab-94ac-5eb0b9d3dc41
2026-08-20T18:35:57.051418105Z Checking CartService Health
2026-08-20T18:35:57.056262446Z Checking CartService Health
2026-08-20T18:35:57.119831375Z GetCartAsync called with userId=1a181e6f-68e2-4fd1-accf-0d94e94e749b
2026-08-20T18:35:57.346940035Z GetCartAsync called with userId=13964ae0-2c1b-42fd-9617-4df3670f57f2
2026-08-20T18:35:57.364388206Z GetCartAsync called with userId=f1f7dda7-81d8-47cb-ab27-9aab5835a795
2026-08-20T18:35:57.364441514Z GetCartAsync called with userId=11b93b3f-3a87-4cb6-881f-9bf889b50835
2026-08-20T18:35:57.644344954Z GetCartAsync called with userId=eced0255-1d22-451f-a10a-ade79d3edfea
2026-08-20T18:35:58.251984355Z GetCartAsync called with userId=cba1eabe-9fa2-4ea5-94da-7b5449b2a8b1
2026-08-20T18:35:58.909226848Z GetCartAsync called with userId=e35cdbc1-2ed0-4bec-bc66-901678ac7395
2026-08-20T18:35:59.022024995Z GetCartAsync called with userId=a582456c-5e50-4b48-9272-8e09a6ab3449
2026-08-20T18:35:59.370172420Z GetCartAsync called with userId=ed2bd629-462b-4498-b459-53ecfb2738ff
2026-08-20T18:36:00.102490777Z GetCartAsync called with userId=8870cb35-48e5-45ab-94ac-5eb0b9d3dc41
2026-08-20T18:36:00.231559209Z GetCartAsync called with userId=8494152f-8303-4d94-92cf-65c48088bbe8
2026-08-20T18:36:00.666080339Z GetCartAsync called with userId=b23ae0af-66fc-48c3-982a-ce2e587a4f74
2026-08-20T18:36:00.756737399Z GetCartAsync called with userId=cba1eabe-9fa2-4ea5-94da-7b5449b2a8b1
2026-08-20T18:36:01.162996908Z GetCartAsync called with userId=13964ae0-2c1b-42fd-9617-4df3670f57f2
2026-08-20T18:36:01.992749261Z GetCartAsync called with userId=cba1eabe-9fa2-4ea5-94da-7b5449b2a8b1
2026-08-20T18:36:02.472064594Z GetCartAsync called with userId=13964ae0-2c1b-42fd-9617-4df3670f57f2
2026-08-20T18:36:02.485218705Z GetCartAsync called with userId=6fa6405a-d852-42c5-817f-c0cd16c5c2e8
2026-08-20T18:36:02.637149332Z AddItemAsync called with userId=6fa6405a-d852-42c5-817f-c0cd16c5c2e8, productId=9SIQT8TOJO, quantity=3
2026-08-20T18:36:02.646027789Z GetCartAsync called with userId=6fa6405a-d852-42c5-817f-c0cd16c5c2e8
2026-08-20T18:36:02.737558082Z GetCartAsync called with userId=0728d167-2761-48a1-aeec-e206b6deb841
2026-08-20T18:36:02.738143772Z GetCartAsync called with userId=eced0255-1d22-451f-a10a-ade79d3edfea
2026-08-20T18:36:03.109165994Z GetCartAsync called with userId=cba1eabe-9fa2-4ea5-94da-7b5449b2a8b1
2026-08-20T18:36:03.216464798Z GetCartAsync called with userId=70df1040-b24f-4a7c-be0d-307211fdf697
2026-08-20T18:36:03.567832215Z GetCartAsync called with userId=8870cb35-48e5-45ab-94ac-5eb0b9d3dc41
2026-08-20T18:36:03.776295985Z GetCartAsync called with userId=1a181e6f-68e2-4fd1-accf-0d94e94e749b
2026-08-20T18:36:03.919217535Z GetCartAsync called with userId=11b93b3f-3a87-4cb6-881f-9bf889b50835
2026-08-20T18:36:03.941680069Z GetCartAsync called with userId=b23ae0af-66fc-48c3-982a-ce2e587a4f74
2026-08-20T18:36:04.017123803Z AddItemAsync called with userId=11b93b3f-3a87-4cb6-881f-9bf889b50835, productId=66VCHSJNUP, quantity=7
2026-08-20T18:36:04.035665838Z GetCartAsync called with userId=11b93b3f-3a87-4cb6-881f-9bf889b50835
2026-08-20T18:36:04.143904385Z GetCartAsync called with userId=11b93b3f-3a87-4cb6-881f-9bf889b50835
2026-08-20T18:36:04.159011095Z EmptyCartAsync called with userId=11b93b3f-3a87-4cb6-881f-9bf889b50835
2026-08-20T18:36:04.428551302Z GetCartAsync called with userId=8494152f-8303-4d94-92cf-65c48088bbe8
2026-08-20T18:36:04.613050709Z GetCartAsync called with userId=f1f7dda7-81d8-47cb-ab27-9aab5835a795
