2026-08-20T18:14:06.566727155Z {"message":"[GetQuote] received request","severity":"info","timestamp":"2026-08-20T18:14:06.565544111Z"}
2026-08-20T18:14:06.566811865Z {"message":"[GetQuote] completed request","severity":"info","timestamp":"2026-08-20T18:14:06.565745336Z"}
2026-08-20T18:14:06.777429078Z {"message":"[GetQuote] received request","severity":"info","timestamp":"2026-08-20T18:14:06.776594176Z"}
2026-08-20T18:14:06.777525889Z {"message":"[GetQuote] completed request","severity":"info","timestamp":"2026-08-20T18:14:06.776732693Z"}
2026-08-20T18:14:08.370676727Z {"message":"[GetQuote] received request","severity":"info","timestamp":"2026-08-20T18:14:08.369805521Z"}
2026-08-20T18:14:08.370766938Z {"message":"[GetQuote] completed request","severity":"info","timestamp":"2026-08-20T18:14:08.369915634Z"}
2026-08-20T18:14:09.089059687Z {"message":"[GetQuote] received request","severity":"info","timestamp":"2026-08-20T18:14:09.088767751Z"}
2026-08-20T18:14:09.089090690Z {"message":"[GetQuote] completed request","severity":"info","timestamp":"2026-08-20T18:14:09.088824158Z"}
2026-08-20T18:14:09.281810626Z {"message":"[GetQuote] received request","severity":"info","timestamp":"2026-08-20T18:14:09.281469585Z"}
2026-08-20T18:14:09.281843930Z {"message":"[GetQuote] completed request","severity":"info","timestamp":"2026-08-20T18:14:09.281519391Z"}
2026-08-20T18:14:09.564222969Z {"message":"[GetQuote] received request","severity":"info","timestamp":"2026-08-20T18:14:09.563967638Z"}
2026-08-20T18:14:09.564252073Z {"message":"[GetQuote] completed request","severity":"info","timestamp":"2026-08-20T18:14:09.564021945Z"}
2026-08-20T18:14:11.483073814Z {"message":"[GetQuote] received request","severity":"info","timestamp":"2026-08-20T18:14:11.482235812Z"}
2026-08-20T18:14:11.483147523Z {"message":"[GetQuote] completed request","severity":"info","timestamp":"2026-08-20T18:14:11.482408133Z"}
2026-08-20T18:14:12.551191955Z {"message":"[GetQuote] received request","severity":"info","timestamp":"2026-08-20T18:14:12.550369554Z"}
2026-08-20T18:14:12.551270565Z {"message":"[GetQuote] completed request","severity":"info","timestamp":"2026-08-20T18:14:12.550522373Z"}
2026-08-20T18:14:12.678171082Z {"message":"[GetQuote] received request","severity":"info","timestamp":"2026-08-20T18:14:12.677403388Z"}
2026-08-20T18:14:12.678235390Z {"message":"[GetQuote] completed request","severity":"info","timestamp":"2026-08-20T18:14:12.677524102Z"}
2026-08-20T18:14:12.734981874Z {"message":"[ShipOrder] received request","severity":"info","timestamp":"2026-08-20T18:14:12.734243483Z"}
2026-08-20T18:14:12.735031280Z {"message":"[ShipOrder] completed request","severity":"info","timestamp":"2026-08-20T18:14:12.7343858Z"}
2026-08-20T18:14:13.034235802Z {"message":"[GetQuote] received request","severity":"info","timestamp":"2026-08-20T18:14:13.033505012Z"}
2026-08-20T18:14:13.034303410Z {"message":"[GetQuote] completed request","severity":"info","timestamp":"2026-08-20T18:14:13.033639629Z"}
2026-08-20T18:14:18.718298826Z {"message":"[GetQuote] received request","severity":"info","timestamp":"2026-08-20T18:14:18.717696452Z"}
2026-08-20T18:14:18.718347232Z {"message":"[GetQuote] completed request","severity":"info","timestamp":"2026-08-20T18:14:18.717784763Z"}
2026-08-20T18:14:21.347467178Z {"message":"[GetQuote] received request","severity":"info","timestamp":"2026-08-20T18:14:21.347063929Z"}
2026-08-20T18:14:21.347516384Z {"message":"[GetQuote] completed request","severity":"info","timestamp":"2026-08-20T18:14:21.347124536Z"}
2026-08-20T18:14:21.559492464Z {"message":"[GetQuote] received request","severity":"info","timestamp":"2026-08-20T18:14:21.555206339Z"}
2026-08-20T18:14:21.559528668Z {"message":"[GetQuote] completed request","severity":"info","timestamp":"2026-08-20T18:14:21.55538226Z"}
2026-08-20T18:14:21.773051638Z {"message":"[GetQuote] received request","severity":"info","timestamp":"2026-08-20T18:14:21.767269729Z"}
2026-08-20T18:14:21.773146049Z {"message":"[GetQuote] completed request","severity":"info","timestamp":"2026-08-20T18:14:21.767347839Z"}
2026-08-20T18:14:21.841271299Z {"message":"[ShipOrder] received request","severity":"info","timestamp":"2026-08-20T18:14:21.840267376Z"}
2026-08-20T18:14:21.841351609Z {"message":"[ShipOrder] completed request","severity":"info","timestamp":"2026-08-20T18:14:21.840477401Z"}
2026-08-20T18:14:21.856467961Z {"message":"[GetQuote] received request","severity":"info","timestamp":"2026-08-20T18:14:21.854206484Z"}
2026-08-20T18:14:21.856610579Z {"message":"[GetQuote] completed request","severity":"info","timestamp":"2026-08-20T18:14:21.854841562Z"}
2026-08-20T18:14:21.944736780Z {"message":"[GetQuote] received request","severity":"info","timestamp":"2026-08-20T18:14:21.94416551Z"}
2026-08-20T18:14:21.944806988Z {"message":"[GetQuote] completed request","severity":"info","timestamp":"2026-08-20T18:14:21.944275623Z"}
2026-08-20T18:14:22.129045368Z {"message":"[GetQuote] received request","severity":"info","timestamp":"2026-08-20T18:14:22.128225368Z"}
2026-08-20T18:14:22.129128379Z {"message":"[GetQuote] completed request","severity":"info","timestamp":"2026-08-20T18:14:22.128426993Z"}
2026-08-20T18:14:22.144679385Z {"message":"[ShipOrder] received request","severity":"info","timestamp":"2026-08-20T18:14:22.144146619Z"}
2026-08-20T18:14:22.144827103Z {"message":"[ShipOrder] completed request","severity":"info","timestamp":"2026-08-20T18:14:22.144339043Z"}
2026-08-20T18:14:22.459047214Z {"message":"[GetQuote] received request","severity":"info","timestamp":"2026-08-20T18:14:22.45820151Z"}
2026-08-20T18:14:22.459385955Z {"message":"[GetQuote] completed request","severity":"info","timestamp":"2026-08-20T18:14:22.458342927Z"}
2026-08-20T18:14:23.232742838Z {"message":"[GetQuote] received request","severity":"info","timestamp":"2026-08-20T18:14:23.231793521Z"}
2026-08-20T18:14:23.232814847Z {"message":"[GetQuote] completed request","severity":"info","timestamp":"2026-08-20T18:14:23.232002047Z"}
2026-08-20T18:14:23.333339167Z {"message":"[GetQuote] received request","severity":"info","timestamp":"2026-08-20T18:14:23.332590875Z"}
2026-08-20T18:14:23.333395274Z {"message":"[GetQuote] completed request","severity":"info","timestamp":"2026-08-20T18:14:23.332769297Z"}
2026-08-20T18:14:23.461218740Z {"message":"[GetQuote] received request","severity":"info","timestamp":"2026-08-20T18:14:23.460548458Z"}
2026-08-20T18:14:23.461277947Z {"message":"[GetQuote] completed request","severity":"info","timestamp":"2026-08-20T18:14:23.460684174Z"}
2026-08-20T18:14:25.725739980Z {"message":"[GetQuote] received request","severity":"info","timestamp":"2026-08-20T18:14:25.725313028Z"}
2026-08-20T18:14:25.725778485Z {"message":"[GetQuote] completed request","severity":"info","timestamp":"2026-08-20T18:14:25.725466547Z"}
2026-08-20T18:14:28.242137590Z {"message":"[GetQuote] received request","severity":"info","timestamp":"2026-08-20T18:14:28.241259483Z"}
2026-08-20T18:14:28.242204298Z {"message":"[GetQuote] completed request","severity":"info","timestamp":"2026-08-20T18:14:28.2414039Z"}
2026-08-20T18:14:29.924955871Z {"message":"[GetQuote] received request","severity":"info","timestamp":"2026-08-20T18:14:29.924001561Z"}
2026-08-20T18:14:29.925038080Z {"message":"[GetQuote] completed request","severity":"info","timestamp":"2026-08-20T18:14:29.92416998Z"}
2026-08-20T18:14:30.889071922Z {"message":"[GetQuote] received request","severity":"info","timestamp":"2026-08-20T18:14:30.888807391Z"}
2026-08-20T18:14:30.889108326Z {"message":"[GetQuote] completed request","severity":"info","timestamp":"2026-08-20T18:14:30.888837395Z"}
2026-08-20T18:14:31.785586072Z {"message":"[GetQuote] received request","severity":"info","timestamp":"2026-08-20T18:14:31.785368947Z"}
2026-08-20T18:14:31.785605675Z {"message":"[GetQuote] completed request","severity":"info","timestamp":"2026-08-20T18:14:31.785416753Z"}
2026-08-20T18:14:32.311559165Z {"message":"[GetQuote] received request","severity":"info","timestamp":"2026-08-20T18:14:32.311315837Z"}
2026-08-20T18:14:32.311582668Z {"message":"[GetQuote] completed request","severity":"info","timestamp":"2026-08-20T18:14:32.311360542Z"}
2026-08-20T18:14:32.328404809Z {"message":"[GetQuote] received request","severity":"info","timestamp":"2026-08-20T18:14:32.328211487Z"}
2026-08-20T18:14:32.328443914Z {"message":"[GetQuote] completed request","severity":"info","timestamp":"2026-08-20T18:14:32.328261192Z"}
2026-08-20T18:14:32.328824469Z {"message":"[ShipOrder] received request","severity":"info","timestamp":"2026-08-20T18:14:32.328622146Z"}
2026-08-20T18:14:32.328837170Z {"message":"[ShipOrder] completed request","severity":"info","timestamp":"2026-08-20T18:14:32.32866355Z"}
2026-08-20T18:14:40.073387727Z {"message":"[GetQuote] received request","severity":"info","timestamp":"2026-08-20T18:14:40.07306939Z"}
2026-08-20T18:14:40.073435933Z {"message":"[GetQuote] completed request","severity":"info","timestamp":"2026-08-20T18:14:40.073168602Z"}
2026-08-20T18:14:43.143002917Z {"message":"[GetQuote] received request","severity":"info","timestamp":"2026-08-20T18:14:43.142714384Z"}
2026-08-20T18:14:43.143033621Z {"message":"[GetQuote] completed request","severity":"info","timestamp":"2026-08-20T18:14:43.142773591Z"}
2026-08-20T18:14:43.150210958Z {"message":"[GetQuote] received request","severity":"info","timestamp":"2026-08-20T18:14:43.14979871Z"}
2026-08-20T18:14:43.150239261Z {"message":"[GetQuote] completed request","severity":"info","timestamp":"2026-08-20T18:14:43.150010034Z"}
2026-08-20T18:14:44.000302443Z {"message":"[GetQuote] received request","severity":"info","timestamp":"2026-08-20T18:14:44.000033812Z"}
2026-08-20T18:14:44.000336347Z {"message":"[GetQuote] completed request","severity":"info","timestamp":"2026-08-20T18:14:44.000140324Z"}
2026-08-20T18:14:44.841693751Z {"message":"[GetQuote] received request","severity":"info","timestamp":"2026-08-20T18:14:44.841408117Z"}
2026-08-20T18:14:44.841723054Z {"message":"[GetQuote] completed request","severity":"info","timestamp":"2026-08-20T18:14:44.84151783Z"}
2026-08-20T18:14:45.725352295Z {"message":"[GetQuote] received request","severity":"info","timestamp":"2026-08-20T18:14:45.725103065Z"}
2026-08-20T18:14:45.725389799Z {"message":"[GetQuote] completed request","severity":"info","timestamp":"2026-08-20T18:14:45.725156071Z"}
2026-08-20T18:14:46.153333864Z {"message":"[GetQuote] received request","severity":"info","timestamp":"2026-08-20T18:14:46.152900512Z"}
2026-08-20T18:14:46.153396571Z {"message":"[GetQuote] completed request","severity":"info","timestamp":"2026-08-20T18:14:46.152982322Z"}
2026-08-20T18:14:46.861781900Z {"message":"[GetQuote] received request","severity":"info","timestamp":"2026-08-20T18:14:46.860655966Z"}
2026-08-20T18:14:46.862029530Z {"message":"[GetQuote] completed request","severity":"info","timestamp":"2026-08-20T18:14:46.861018809Z"}
2026-08-20T18:14:48.447486216Z {"message":"[GetQuote] received request","severity":"info","timestamp":"2026-08-20T18:14:48.446895046Z"}
2026-08-20T18:14:48.447546924Z {"message":"[GetQuote] completed request","severity":"info","timestamp":"2026-08-20T18:14:48.44709477Z"}
2026-08-20T18:14:48.824804740Z {"message":"[GetQuote] received request","severity":"info","timestamp":"2026-08-20T18:14:48.824350386Z"}
2026-08-20T18:14:48.824860947Z {"message":"[GetQuote] completed request","severity":"info","timestamp":"2026-08-20T18:14:48.824401092Z"}
2026-08-20T18:14:50.049095530Z {"message":"[GetQuote] received request","severity":"info","timestamp":"2026-08-20T18:14:50.048180221Z"}
2026-08-20T18:14:50.049167539Z {"message":"[GetQuote] completed request","severity":"info","timestamp":"2026-08-20T18:14:50.04825753Z"}
2026-08-20T18:14:51.507673677Z {"message":"[GetQuote] received request","severity":"info","timestamp":"2026-08-20T18:14:51.507169917Z"}
2026-08-20T18:14:51.507723183Z {"message":"[GetQuote] completed request","severity":"info","timestamp":"2026-08-20T18:14:51.507260228Z"}
2026-08-20T18:14:53.223530016Z {"message":"[GetQuote] received request","severity":"info","timestamp":"2026-08-20T18:14:53.223265188Z"}
2026-08-20T18:14:53.223583022Z {"message":"[GetQuote] completed request","severity":"info","timestamp":"2026-08-20T18:14:53.223313093Z"}
2026-08-20T18:14:54.459753375Z {"message":"[GetQuote] received request","severity":"info","timestamp":"2026-08-20T18:14:54.459495448Z"}
2026-08-20T18:14:54.459787079Z {"message":"[GetQuote] completed request","severity":"info","timestamp":"2026-08-20T18:14:54.459551354Z"}
2026-08-20T18:14:54.516241009Z {"message":"[GetQuote] received request","severity":"info","timestamp":"2026-08-20T18:14:54.515005379Z"}
2026-08-20T18:14:54.516277913Z {"message":"[GetQuote] completed request","severity":"info","timestamp":"2026-08-20T18:14:54.515069886Z"}
2026-08-20T18:14:55.470403439Z {"message":"[GetQuote] received request","severity":"info","timestamp":"2026-08-20T18:14:55.470072004Z"}
2026-08-20T18:14:55.470440243Z {"message":"[GetQuote] completed request","severity":"info","timestamp":"2026-08-20T18:14:55.470139211Z"}
2026-08-20T18:15:00.512969235Z {"message":"[GetQuote] received request","severity":"info","timestamp":"2026-08-20T18:15:00.51225506Z"}
2026-08-20T18:15:00.513058645Z {"message":"[GetQuote] completed request","severity":"info","timestamp":"2026-08-20T18:15:00.512389975Z"}
2026-08-20T18:15:01.157650402Z {"message":"[GetQuote] received request","severity":"info","timestamp":"2026-08-20T18:15:01.157051872Z"}
2026-08-20T18:15:01.157816310Z {"message":"[GetQuote] completed request","severity":"info","timestamp":"2026-08-20T18:15:01.157300684Z"}
2026-08-20T18:15:01.444745739Z {"message":"[GetQuote] received request","severity":"info","timestamp":"2026-08-20T18:15:01.444445024Z"}
2026-08-20T18:15:01.444771540Z {"message":"[GetQuote] completed request","severity":"info","timestamp":"2026-08-20T18:15:01.444480526Z"}
2026-08-20T18:15:01.639552968Z {"message":"[GetQuote] received request","severity":"info","timestamp":"2026-08-20T18:15:01.639322456Z"}
2026-08-20T18:15:01.639585569Z {"message":"[GetQuote] completed request","severity":"info","timestamp":"2026-08-20T18:15:01.639379959Z"}
2026-08-20T18:15:01.661022840Z {"message":"[GetQuote] received request","severity":"info","timestamp":"2026-08-20T18:15:01.660810129Z"}
2026-08-20T18:15:01.661047741Z {"message":"[GetQuote] completed request","severity":"info","timestamp":"2026-08-20T18:15:01.660849231Z"}
2026-08-20T18:15:01.667292053Z {"message":"[ShipOrder] received request","severity":"info","timestamp":"2026-08-20T18:15:01.667093943Z"}
2026-08-20T18:15:01.667312654Z {"message":"[ShipOrder] completed request","severity":"info","timestamp":"2026-08-20T18:15:01.667177547Z"}
2026-08-20T18:15:06.045101682Z {"message":"[GetQuote] received request","severity":"info","timestamp":"2026-08-20T18:15:06.044740263Z"}
2026-08-20T18:15:06.045135683Z {"message":"[GetQuote] completed request","severity":"info","timestamp":"2026-08-20T18:15:06.044809567Z"}
2026-08-20T18:15:07.553432307Z {"message":"[GetQuote] received request","severity":"info","timestamp":"2026-08-20T18:15:07.553244997Z"}
2026-08-20T18:15:07.553462208Z {"message":"[GetQuote] completed request","severity":"info","timestamp":"2026-08-20T18:15:07.553288999Z"}
2026-08-20T18:15:07.567081088Z {"message":"[GetQuote] received request","severity":"info","timestamp":"2026-08-20T18:15:07.566845576Z"}
2026-08-20T18:15:07.567104989Z {"message":"[GetQuote] completed request","severity":"info","timestamp":"2026-08-20T18:15:07.56690648Z"}
2026-08-20T18:15:07.571346901Z {"message":"[ShipOrder] received request","severity":"info","timestamp":"2026-08-20T18:15:07.571159592Z"}
2026-08-20T18:15:07.571369702Z {"message":"[ShipOrder] completed request","severity":"info","timestamp":"2026-08-20T18:15:07.571196394Z"}
2026-08-20T18:15:08.109721787Z {"message":"[GetQuote] received request","severity":"info","timestamp":"2026-08-20T18:15:08.109392771Z"}
2026-08-20T18:15:08.109790091Z {"message":"[GetQuote] completed request","severity":"info","timestamp":"2026-08-20T18:15:08.109455074Z"}
2026-08-20T18:15:08.649162862Z {"message":"[GetQuote] received request","severity":"info","timestamp":"2026-08-20T18:15:08.648338749Z"}
2026-08-20T18:15:08.649189385Z {"message":"[GetQuote] completed request","severity":"info","timestamp":"2026-08-20T18:15:08.648365973Z"}
2026-08-20T18:15:08.732710972Z {"message":"[GetQuote] received request","severity":"info","timestamp":"2026-08-20T18:15:08.73252271Z"}
2026-08-20T18:15:08.732737495Z {"message":"[GetQuote] completed request","severity":"info","timestamp":"2026-08-20T18:15:08.732582461Z"}
2026-08-20T18:15:08.741281891Z {"message":"[ShipOrder] received request","severity":"info","timestamp":"2026-08-20T18:15:08.740778555Z"}
2026-08-20T18:15:08.741297804Z {"message":"[ShipOrder] completed request","severity":"info","timestamp":"2026-08-20T18:15:08.740829799Z"}
2026-08-20T18:15:09.691068022Z {"message":"[GetQuote] received request","severity":"info","timestamp":"2026-08-20T18:15:09.690821608Z"}
2026-08-20T18:15:09.691097047Z {"message":"[GetQuote] completed request","severity":"info","timestamp":"2026-08-20T18:15:09.690882161Z"}
2026-08-20T18:15:10.340715586Z {"message":"[GetQuote] received request","severity":"info","timestamp":"2026-08-20T18:15:10.340377893Z"}
2026-08-20T18:15:10.340743710Z {"message":"[GetQuote] completed request","severity":"info","timestamp":"2026-08-20T18:15:10.340496196Z"}
2026-08-20T18:15:12.602212591Z {"message":"[GetQuote] received request","severity":"info","timestamp":"2026-08-20T18:15:12.601794128Z"}
2026-08-20T18:15:12.602247321Z {"message":"[GetQuote] completed request","severity":"info","timestamp":"2026-08-20T18:15:12.60194596Z"}
2026-08-20T18:15:14.620718085Z {"message":"[GetQuote] received request","severity":"info","timestamp":"2026-08-20T18:15:14.620531163Z"}
2026-08-20T18:15:14.620749089Z {"message":"[GetQuote] completed request","severity":"info","timestamp":"2026-08-20T18:15:14.620563367Z"}
2026-08-20T18:15:14.719045410Z {"message":"[GetQuote] received request","severity":"info","timestamp":"2026-08-20T18:15:14.718779178Z"}
2026-08-20T18:15:14.719064812Z {"message":"[GetQuote] completed request","severity":"info","timestamp":"2026-08-20T18:15:14.718818483Z"}
2026-08-20T18:15:14.723492636Z {"message":"[ShipOrder] received request","severity":"info","timestamp":"2026-08-20T18:15:14.723255508Z"}
2026-08-20T18:15:14.723514038Z {"message":"[ShipOrder] completed request","severity":"info","timestamp":"2026-08-20T18:15:14.723313114Z"}
2026-08-20T18:15:15.229884702Z {"message":"[GetQuote] received request","severity":"info","timestamp":"2026-08-20T18:15:15.229630672Z"}
2026-08-20T18:15:15.229914806Z {"message":"[GetQuote] completed request","severity":"info","timestamp":"2026-08-20T18:15:15.22969378Z"}
2026-08-20T18:15:15.344514454Z {"message":"[GetQuote] received request","severity":"info","timestamp":"2026-08-20T18:15:15.344002493Z"}
2026-08-20T18:15:15.344554559Z {"message":"[GetQuote] completed request","severity":"info","timestamp":"2026-08-20T18:15:15.344091104Z"}
2026-08-20T18:15:15.419574828Z {"message":"[GetQuote] received request","severity":"info","timestamp":"2026-08-20T18:15:15.418997159Z"}
2026-08-20T18:15:15.419614432Z {"message":"[GetQuote] completed request","severity":"info","timestamp":"2026-08-20T18:15:15.419080069Z"}
2026-08-20T18:15:15.435554817Z {"message":"[ShipOrder] received request","severity":"info","timestamp":"2026-08-20T18:15:15.435174572Z"}
2026-08-20T18:15:15.435599222Z {"message":"[ShipOrder] completed request","severity":"info","timestamp":"2026-08-20T18:15:15.435303687Z"}
2026-08-20T18:15:16.282452238Z {"message":"[GetQuote] received request","severity":"info","timestamp":"2026-08-20T18:15:16.282053791Z"}
2026-08-20T18:15:16.282483842Z {"message":"[GetQuote] completed request","severity":"info","timestamp":"2026-08-20T18:15:16.282140602Z"}
2026-08-20T18:15:17.253953329Z {"message":"[GetQuote] received request","severity":"info","timestamp":"2026-08-20T18:15:17.253703023Z"}
2026-08-20T18:15:17.253982842Z {"message":"[GetQuote] completed request","severity":"info","timestamp":"2026-08-20T18:15:17.253757847Z"}
2026-08-20T18:15:18.142987885Z {"message":"[GetQuote] received request","severity":"info","timestamp":"2026-08-20T18:15:18.142789702Z"}
2026-08-20T18:15:18.143013696Z {"message":"[GetQuote] completed request","severity":"info","timestamp":"2026-08-20T18:15:18.142837922Z"}
2026-08-20T18:15:18.522431789Z {"message":"[GetQuote] received request","severity":"info","timestamp":"2026-08-20T18:15:18.522153272Z"}
2026-08-20T18:15:18.522465503Z {"message":"[GetQuote] completed request","severity":"info","timestamp":"2026-08-20T18:15:18.522210296Z"}
2026-08-20T18:15:18.537767064Z {"message":"[GetQuote] received request","severity":"info","timestamp":"2026-08-20T18:15:18.537438025Z"}
2026-08-20T18:15:18.538007565Z {"message":"[GetQuote] completed request","severity":"info","timestamp":"2026-08-20T18:15:18.537597192Z"}
2026-08-20T18:15:18.544594546Z {"message":"[ShipOrder] received request","severity":"info","timestamp":"2026-08-20T18:15:18.54441407Z"}
2026-08-20T18:15:18.544613054Z {"message":"[ShipOrder] completed request","severity":"info","timestamp":"2026-08-20T18:15:18.544471294Z"}
2026-08-20T18:15:20.314032815Z {"message":"[GetQuote] received request","severity":"info","timestamp":"2026-08-20T18:15:20.313204165Z"}
2026-08-20T18:15:20.314115650Z {"message":"[GetQuote] completed request","severity":"info","timestamp":"2026-08-20T18:15:20.313353128Z"}
2026-08-20T18:15:20.396853382Z {"message":"[GetQuote] received request","severity":"info","timestamp":"2026-08-20T18:15:20.396407994Z"}
2026-08-20T18:15:20.396906005Z {"message":"[GetQuote] completed request","severity":"info","timestamp":"2026-08-20T18:15:20.39649293Z"}
2026-08-20T18:15:21.435536621Z {"message":"[GetQuote] received request","severity":"info","timestamp":"2026-08-20T18:15:21.434966581Z"}
2026-08-20T18:15:21.435586542Z {"message":"[GetQuote] completed request","severity":"info","timestamp":"2026-08-20T18:15:21.435054518Z"}
2026-08-20T18:15:21.467614365Z {"message":"[GetQuote] received request","severity":"info","timestamp":"2026-08-20T18:15:21.467111152Z"}
2026-08-20T18:15:21.467654282Z {"message":"[GetQuote] completed request","severity":"info","timestamp":"2026-08-20T18:15:21.467219798Z"}
2026-08-20T18:15:21.476725011Z {"message":"[ShipOrder] received request","severity":"info","timestamp":"2026-08-20T18:15:21.476255813Z"}
2026-08-20T18:15:21.476763027Z {"message":"[ShipOrder] completed request","severity":"info","timestamp":"2026-08-20T18:15:21.476375164Z"}
2026-08-20T18:15:21.650219062Z {"message":"[GetQuote] received request","severity":"info","timestamp":"2026-08-20T18:15:21.65002678Z"}
2026-08-20T18:15:21.650240671Z {"message":"[GetQuote] completed request","severity":"info","timestamp":"2026-08-20T18:15:21.650067297Z"}
2026-08-20T18:15:25.334709339Z {"message":"[GetQuote] received request","severity":"info","timestamp":"2026-08-20T18:15:25.333950052Z"}
2026-08-20T18:15:25.334793148Z {"message":"[GetQuote] completed request","severity":"info","timestamp":"2026-08-20T18:15:25.334093668Z"}
2026-08-20T18:15:25.587910876Z {"message":"[GetQuote] received request","severity":"info","timestamp":"2026-08-20T18:15:25.587582039Z"}
2026-08-20T18:15:25.587943580Z {"message":"[GetQuote] completed request","severity":"info","timestamp":"2026-08-20T18:15:25.587647846Z"}
2026-08-20T18:15:26.017696426Z {"message":"[GetQuote] received request","severity":"info","timestamp":"2026-08-20T18:15:26.016988045Z"}
2026-08-20T18:15:26.017757133Z {"message":"[GetQuote] completed request","severity":"info","timestamp":"2026-08-20T18:15:26.01711606Z"}
2026-08-20T18:15:26.333979648Z {"message":"[GetQuote] received request","severity":"info","timestamp":"2026-08-20T18:15:26.333481591Z"}
2026-08-20T18:15:26.334005151Z {"message":"[GetQuote] completed request","severity":"info","timestamp":"2026-08-20T18:15:26.333797527Z"}
2026-08-20T18:15:26.541794816Z {"message":"[GetQuote] received request","severity":"info","timestamp":"2026-08-20T18:15:26.541396071Z"}
2026-08-20T18:15:26.541834421Z {"message":"[GetQuote] completed request","severity":"info","timestamp":"2026-08-20T18:15:26.541468179Z"}
2026-08-20T18:15:27.172967602Z {"message":"[GetQuote] received request","severity":"info","timestamp":"2026-08-20T18:15:27.172661467Z"}
2026-08-20T18:15:27.172998506Z {"message":"[GetQuote] completed request","severity":"info","timestamp":"2026-08-20T18:15:27.172734976Z"}
2026-08-20T18:15:30.030531557Z {"message":"[GetQuote] received request","severity":"info","timestamp":"2026-08-20T18:15:30.030299131Z"}
2026-08-20T18:15:30.030562361Z {"message":"[GetQuote] completed request","severity":"info","timestamp":"2026-08-20T18:15:30.030342636Z"}
2026-08-20T18:15:33.851871813Z {"message":"[GetQuote] received request","severity":"info","timestamp":"2026-08-20T18:15:33.851323306Z"}
2026-08-20T18:15:33.851934713Z {"message":"[GetQuote] completed request","severity":"info","timestamp":"2026-08-20T18:15:33.851535809Z"}
2026-08-20T18:15:34.208796554Z {"message":"[GetQuote] received request","severity":"info","timestamp":"2026-08-20T18:15:34.208572051Z"}
2026-08-20T18:15:34.208826254Z {"message":"[GetQuote] completed request","severity":"info","timestamp":"2026-08-20T18:15:34.208609452Z"}
2026-08-20T18:15:35.139756494Z {"message":"[GetQuote] received request","severity":"info","timestamp":"2026-08-20T18:15:35.13853858Z"}
2026-08-20T18:15:35.139803295Z {"message":"[GetQuote] completed request","severity":"info","timestamp":"2026-08-20T18:15:35.13937119Z"}
2026-08-20T18:15:35.339180252Z {"message":"[GetQuote] received request","severity":"info","timestamp":"2026-08-20T18:15:35.338522245Z"}
2026-08-20T18:15:35.339232453Z {"message":"[GetQuote] completed request","severity":"info","timestamp":"2026-08-20T18:15:35.338587745Z"}
2026-08-20T18:15:35.428596165Z {"message":"[GetQuote] received request","severity":"info","timestamp":"2026-08-20T18:15:35.427658354Z"}
2026-08-20T18:15:35.428731066Z {"message":"[GetQuote] completed request","severity":"info","timestamp":"2026-08-20T18:15:35.427777355Z"}
2026-08-20T18:15:35.444219941Z {"message":"[ShipOrder] received request","severity":"info","timestamp":"2026-08-20T18:15:35.443753936Z"}
2026-08-20T18:15:35.444282642Z {"message":"[ShipOrder] completed request","severity":"info","timestamp":"2026-08-20T18:15:35.444156541Z"}
2026-08-20T18:15:36.650486399Z {"message":"[GetQuote] received request","severity":"info","timestamp":"2026-08-20T18:15:36.650234996Z"}
2026-08-20T18:15:36.650515299Z {"message":"[GetQuote] completed request","severity":"info","timestamp":"2026-08-20T18:15:36.650288297Z"}
2026-08-20T18:15:37.569648006Z {"message":"[GetQuote] received request","severity":"info","timestamp":"2026-08-20T18:15:37.569441004Z"}
2026-08-20T18:15:37.569675406Z {"message":"[GetQuote] completed request","severity":"info","timestamp":"2026-08-20T18:15:37.569487704Z"}
2026-08-20T18:15:47.639497103Z {"message":"[GetQuote] received request","severity":"info","timestamp":"2026-08-20T18:15:47.639272575Z"}
2026-08-20T18:15:47.639531007Z {"message":"[GetQuote] completed request","severity":"info","timestamp":"2026-08-20T18:15:47.639320981Z"}
2026-08-20T18:15:48.203872459Z {"message":"[GetQuote] received request","severity":"info","timestamp":"2026-08-20T18:15:48.203622228Z"}
2026-08-20T18:15:48.203900563Z {"message":"[GetQuote] completed request","severity":"info","timestamp":"2026-08-20T18:15:48.203668934Z"}
2026-08-20T18:15:51.326778344Z {"message":"[GetQuote] received request","severity":"info","timestamp":"2026-08-20T18:15:51.326374975Z"}
2026-08-20T18:15:51.326808149Z {"message":"[GetQuote] completed request","severity":"info","timestamp":"2026-08-20T18:15:51.326446587Z"}
2026-08-20T18:15:55.055169885Z {"message":"[GetQuote] received request","severity":"info","timestamp":"2026-08-20T18:15:55.054335543Z"}
2026-08-20T18:15:55.055273102Z {"message":"[GetQuote] completed request","severity":"info","timestamp":"2026-08-20T18:15:55.054489169Z"}
2026-08-20T18:15:56.129418311Z {"message":"[GetQuote] received request","severity":"info","timestamp":"2026-08-20T18:15:56.128717792Z"}
2026-08-20T18:15:56.129513627Z {"message":"[GetQuote] completed request","severity":"info","timestamp":"2026-08-20T18:15:56.128804407Z"}
2026-08-20T18:15:57.126179056Z {"message":"[GetQuote] received request","severity":"info","timestamp":"2026-08-20T18:15:57.125902908Z"}
2026-08-20T18:15:57.126213562Z {"message":"[GetQuote] completed request","severity":"info","timestamp":"2026-08-20T18:15:57.12596922Z"}
2026-08-20T18:16:04.570598918Z {"message":"[GetQuote] received request","severity":"info","timestamp":"2026-08-20T18:16:04.570238655Z"}
2026-08-20T18:16:04.570639025Z {"message":"[GetQuote] completed request","severity":"info","timestamp":"2026-08-20T18:16:04.570302266Z"}
2026-08-20T18:16:06.821832304Z {"message":"[GetQuote] received request","severity":"info","timestamp":"2026-08-20T18:16:06.821178171Z"}
2026-08-20T18:16:06.821893116Z {"message":"[GetQuote] completed request","severity":"info","timestamp":"2026-08-20T18:16:06.821285792Z"}
2026-08-20T18:16:08.386660608Z {"message":"[GetQuote] received request","severity":"info","timestamp":"2026-08-20T18:16:08.386171408Z"}
2026-08-20T18:16:08.386735423Z {"message":"[GetQuote] completed request","severity":"info","timestamp":"2026-08-20T18:16:08.386242723Z"}
2026-08-20T18:16:08.465258115Z {"message":"[GetQuote] received request","severity":"info","timestamp":"2026-08-20T18:16:08.465007564Z"}
2026-08-20T18:16:08.465304925Z {"message":"[GetQuote] completed request","severity":"info","timestamp":"2026-08-20T18:16:08.465044972Z"}
2026-08-20T18:16:09.461497916Z {"message":"[GetQuote] received request","severity":"info","timestamp":"2026-08-20T18:16:09.461280572Z"}
2026-08-20T18:16:09.461530123Z {"message":"[GetQuote] completed request","severity":"info","timestamp":"2026-08-20T18:16:09.461325481Z"}
2026-08-20T18:16:10.128763516Z {"message":"[GetQuote] received request","severity":"info","timestamp":"2026-08-20T18:16:10.12465788Z"}
2026-08-20T18:16:10.128858436Z {"message":"[GetQuote] completed request","severity":"info","timestamp":"2026-08-20T18:16:10.126896436Z"}
2026-08-20T18:16:16.144279050Z {"message":"[GetQuote] received request","severity":"info","timestamp":"2026-08-20T18:16:16.143596308Z"}
2026-08-20T18:16:16.144338963Z {"message":"[GetQuote] completed request","severity":"info","timestamp":"2026-08-20T18:16:16.14370023Z"}
2026-08-20T18:16:16.311531053Z {"message":"[GetQuote] received request","severity":"info","timestamp":"2026-08-20T18:16:16.31132751Z"}
2026-08-20T18:16:16.311553257Z {"message":"[GetQuote] completed request","severity":"info","timestamp":"2026-08-20T18:16:16.311361117Z"}
2026-08-20T18:16:17.866830385Z {"message":"[GetQuote] received request","severity":"info","timestamp":"2026-08-20T18:16:17.866643847Z"}
2026-08-20T18:16:17.866854390Z {"message":"[GetQuote] completed request","severity":"info","timestamp":"2026-08-20T18:16:17.866678954Z"}
2026-08-20T18:16:19.847815296Z {"message":"[GetQuote] received request","severity":"info","timestamp":"2026-08-20T18:16:19.847302289Z"}
2026-08-20T18:16:19.847858005Z {"message":"[GetQuote] completed request","severity":"info","timestamp":"2026-08-20T18:16:19.847376605Z"}
2026-08-20T18:16:20.434152804Z {"message":"[GetQuote] received request","severity":"info","timestamp":"2026-08-20T18:16:20.433543777Z"}
2026-08-20T18:16:20.434182910Z {"message":"[GetQuote] completed request","severity":"info","timestamp":"2026-08-20T18:16:20.433587986Z"}
2026-08-20T18:16:20.436545101Z {"message":"[GetQuote] received request","severity":"info","timestamp":"2026-08-20T18:16:20.436340159Z"}
2026-08-20T18:16:20.436569306Z {"message":"[GetQuote] completed request","severity":"info","timestamp":"2026-08-20T18:16:20.436423276Z"}
2026-08-20T18:16:21.215325534Z {"message":"[GetQuote] received request","severity":"info","timestamp":"2026-08-20T18:16:21.214455854Z"}
2026-08-20T18:16:21.215458062Z {"message":"[GetQuote] completed request","severity":"info","timestamp":"2026-08-20T18:16:21.214627189Z"}
2026-08-20T18:16:21.625098133Z {"message":"[GetQuote] received request","severity":"info","timestamp":"2026-08-20T18:16:21.624287165Z"}
2026-08-20T18:16:21.625160646Z {"message":"[GetQuote] completed request","severity":"info","timestamp":"2026-08-20T18:16:21.624677346Z"}
2026-08-20T18:16:21.835800387Z {"message":"[GetQuote] received request","severity":"info","timestamp":"2026-08-20T18:16:21.835322988Z"}
2026-08-20T18:16:21.835840396Z {"message":"[GetQuote] completed request","severity":"info","timestamp":"2026-08-20T18:16:21.835444614Z"}
2026-08-20T18:16:21.841345736Z {"message":"[ShipOrder] received request","severity":"info","timestamp":"2026-08-20T18:16:21.84102467Z"}
2026-08-20T18:16:21.841368541Z {"message":"[ShipOrder] completed request","severity":"info","timestamp":"2026-08-20T18:16:21.841097485Z"}
2026-08-20T18:16:24.524458037Z {"message":"[GetQuote] received request","severity":"info","timestamp":"2026-08-20T18:16:24.524092262Z"}
2026-08-20T18:16:24.524502947Z {"message":"[GetQuote] completed request","severity":"info","timestamp":"2026-08-20T18:16:24.524174079Z"}
2026-08-20T18:16:24.676427323Z {"message":"[GetQuote] received request","severity":"info","timestamp":"2026-08-20T18:16:24.675792692Z"}
2026-08-20T18:16:24.676456129Z {"message":"[GetQuote] completed request","severity":"info","timestamp":"2026-08-20T18:16:24.675837601Z"}
2026-08-20T18:16:24.687446406Z {"message":"[GetQuote] received request","severity":"info","timestamp":"2026-08-20T18:16:24.687228161Z"}
2026-08-20T18:16:24.687495416Z {"message":"[GetQuote] completed request","severity":"info","timestamp":"2026-08-20T18:16:24.687260468Z"}
2026-08-20T18:16:24.690668174Z {"message":"[ShipOrder] received request","severity":"info","timestamp":"2026-08-20T18:16:24.69050724Z"}
2026-08-20T18:16:24.690684877Z {"message":"[ShipOrder] completed request","severity":"info","timestamp":"2026-08-20T18:16:24.690561752Z"}
2026-08-20T18:16:25.322366052Z {"message":"[GetQuote] received request","severity":"info","timestamp":"2026-08-20T18:16:25.3221165Z"}
2026-08-20T18:16:25.322396358Z {"message":"[GetQuote] completed request","severity":"info","timestamp":"2026-08-20T18:16:25.32216481Z"}
2026-08-20T18:16:25.331760598Z {"message":"[GetQuote] received request","severity":"info","timestamp":"2026-08-20T18:16:25.331572159Z"}
2026-08-20T18:16:25.331773901Z {"message":"[GetQuote] completed request","severity":"info","timestamp":"2026-08-20T18:16:25.331615168Z"}
2026-08-20T18:16:25.334209706Z {"message":"[ShipOrder] received request","severity":"info","timestamp":"2026-08-20T18:16:25.334006264Z"}
2026-08-20T18:16:25.334223709Z {"message":"[ShipOrder] completed request","severity":"info","timestamp":"2026-08-20T18:16:25.334073878Z"}
2026-08-20T18:16:25.919812734Z {"message":"[GetQuote] received request","severity":"info","timestamp":"2026-08-20T18:16:25.919615493Z"}
2026-08-20T18:16:25.919838039Z {"message":"[GetQuote] completed request","severity":"info","timestamp":"2026-08-20T18:16:25.919658202Z"}
2026-08-20T18:16:25.928065144Z {"message":"[GetQuote] received request","severity":"info","timestamp":"2026-08-20T18:16:25.92789981Z"}
2026-08-20T18:16:25.928081747Z {"message":"[GetQuote] completed request","severity":"info","timestamp":"2026-08-20T18:16:25.927934317Z"}
2026-08-20T18:16:25.930940440Z {"message":"[ShipOrder] received request","severity":"info","timestamp":"2026-08-20T18:16:25.930761603Z"}
2026-08-20T18:16:25.930948341Z {"message":"[ShipOrder] completed request","severity":"info","timestamp":"2026-08-20T18:16:25.930807512Z"}
2026-08-20T18:16:27.085843418Z {"message":"[GetQuote] received request","severity":"info","timestamp":"2026-08-20T18:16:27.084973438Z"}
2026-08-20T18:16:27.085935338Z {"message":"[GetQuote] completed request","severity":"info","timestamp":"2026-08-20T18:16:27.085143173Z"}
2026-08-20T18:16:27.533668301Z {"message":"[GetQuote] received request","severity":"info","timestamp":"2026-08-20T18:16:27.533472661Z"}
2026-08-20T18:16:27.533694507Z {"message":"[GetQuote] completed request","severity":"info","timestamp":"2026-08-20T18:16:27.533520771Z"}
2026-08-20T18:16:27.702917567Z {"message":"[GetQuote] received request","severity":"info","timestamp":"2026-08-20T18:16:27.702538789Z"}
2026-08-20T18:16:27.702946273Z {"message":"[GetQuote] completed request","severity":"info","timestamp":"2026-08-20T18:16:27.7025938Z"}
2026-08-20T18:16:28.363139155Z {"message":"[GetQuote] received request","severity":"info","timestamp":"2026-08-20T18:16:28.362647053Z"}
2026-08-20T18:16:28.363239976Z {"message":"[GetQuote] completed request","severity":"info","timestamp":"2026-08-20T18:16:28.362737972Z"}
2026-08-20T18:16:28.370900163Z {"message":"[ShipOrder] received request","severity":"info","timestamp":"2026-08-20T18:16:28.370571595Z"}
2026-08-20T18:16:28.370926969Z {"message":"[ShipOrder] completed request","severity":"info","timestamp":"2026-08-20T18:16:28.370670116Z"}
2026-08-20T18:16:30.521126487Z {"message":"[GetQuote] received request","severity":"info","timestamp":"2026-08-20T18:16:30.52083223Z"}
2026-08-20T18:16:30.521160694Z {"message":"[GetQuote] completed request","severity":"info","timestamp":"2026-08-20T18:16:30.52088174Z"}
2026-08-20T18:16:30.541096290Z {"message":"[GetQuote] received request","severity":"info","timestamp":"2026-08-20T18:16:30.540818635Z"}
2026-08-20T18:16:30.541130596Z {"message":"[GetQuote] completed request","severity":"info","timestamp":"2026-08-20T18:16:30.540879447Z"}
2026-08-20T18:16:30.547058555Z {"message":"[ShipOrder] received request","severity":"info","timestamp":"2026-08-20T18:16:30.546842912Z"}
2026-08-20T18:16:30.547076258Z {"message":"[ShipOrder] completed request","severity":"info","timestamp":"2026-08-20T18:16:30.546896623Z"}
2026-08-20T18:16:31.142015108Z {"message":"[GetQuote] received request","severity":"info","timestamp":"2026-08-20T18:16:31.141421892Z"}
2026-08-20T18:16:31.142076220Z {"message":"[GetQuote] completed request","severity":"info","timestamp":"2026-08-20T18:16:31.141552217Z"}
2026-08-20T18:16:31.424993501Z {"message":"[GetQuote] received request","severity":"info","timestamp":"2026-08-20T18:16:31.424292164Z"}
2026-08-20T18:16:31.425051712Z {"message":"[GetQuote] completed request","severity":"info","timestamp":"2026-08-20T18:16:31.424446594Z"}
2026-08-20T18:16:31.911983558Z {"message":"[GetQuote] received request","severity":"info","timestamp":"2026-08-20T18:16:31.911362537Z"}
2026-08-20T18:16:31.912035668Z {"message":"[GetQuote] completed request","severity":"info","timestamp":"2026-08-20T18:16:31.911556374Z"}
2026-08-20T18:16:32.735140205Z {"message":"[GetQuote] received request","severity":"info","timestamp":"2026-08-20T18:16:32.734825544Z"}
2026-08-20T18:16:32.735173812Z {"message":"[GetQuote] completed request","severity":"info","timestamp":"2026-08-20T18:16:32.734886956Z"}
2026-08-20T18:16:33.579562803Z {"message":"[GetQuote] received request","severity":"info","timestamp":"2026-08-20T18:16:33.579321756Z"}
2026-08-20T18:16:33.579592709Z {"message":"[GetQuote] completed request","severity":"info","timestamp":"2026-08-20T18:16:33.579377567Z"}
2026-08-20T18:16:34.029291779Z {"message":"[GetQuote] received request","severity":"info","timestamp":"2026-08-20T18:16:34.02903643Z"}
2026-08-20T18:16:34.029321985Z {"message":"[GetQuote] completed request","severity":"info","timestamp":"2026-08-20T18:16:34.029086539Z"}
2026-08-20T18:16:35.130075370Z {"message":"[GetQuote] received request","severity":"info","timestamp":"2026-08-20T18:16:35.129386536Z"}
2026-08-20T18:16:35.130131081Z {"message":"[GetQuote] completed request","severity":"info","timestamp":"2026-08-20T18:16:35.129496457Z"}
2026-08-20T18:16:35.330528138Z {"message":"[GetQuote] received request","severity":"info","timestamp":"2026-08-20T18:16:35.330006636Z"}
2026-08-20T18:16:35.330575547Z {"message":"[GetQuote] completed request","severity":"info","timestamp":"2026-08-20T18:16:35.330092953Z"}
2026-08-20T18:16:35.410249716Z {"message":"[GetQuote] received request","severity":"info","timestamp":"2026-08-20T18:16:35.40976182Z"}
2026-08-20T18:16:35.410297425Z {"message":"[GetQuote] completed request","severity":"info","timestamp":"2026-08-20T18:16:35.409824232Z"}
2026-08-20T18:16:35.417179870Z {"message":"[ShipOrder] received request","severity":"info","timestamp":"2026-08-20T18:16:35.416564049Z"}
2026-08-20T18:16:35.417212476Z {"message":"[ShipOrder] completed request","severity":"info","timestamp":"2026-08-20T18:16:35.41677209Z"}
2026-08-20T18:16:38.824835751Z {"message":"[GetQuote] received request","severity":"info","timestamp":"2026-08-20T18:16:38.824655615Z"}
2026-08-20T18:16:38.824869657Z {"message":"[GetQuote] completed request","severity":"info","timestamp":"2026-08-20T18:16:38.824703625Z"}
2026-08-20T18:16:39.063818774Z {"message":"[GetQuote] received request","severity":"info","timestamp":"2026-08-20T18:16:39.063531317Z"}
2026-08-20T18:16:39.063848880Z {"message":"[GetQuote] completed request","severity":"info","timestamp":"2026-08-20T18:16:39.063580527Z"}
2026-08-20T18:16:39.290244931Z {"message":"[GetQuote] received request","severity":"info","timestamp":"2026-08-20T18:16:39.290022087Z"}
2026-08-20T18:16:39.290276437Z {"message":"[GetQuote] completed request","severity":"info","timestamp":"2026-08-20T18:16:39.290068597Z"}
2026-08-20T18:16:39.657250190Z {"message":"[GetQuote] received request","severity":"info","timestamp":"2026-08-20T18:16:39.656982638Z"}
2026-08-20T18:16:39.657283297Z {"message":"[GetQuote] completed request","severity":"info","timestamp":"2026-08-20T18:16:39.657027947Z"}
2026-08-20T18:16:40.845947484Z {"message":"[GetQuote] received request","severity":"info","timestamp":"2026-08-20T18:16:40.845718239Z"}
2026-08-20T18:16:40.845975590Z {"message":"[GetQuote] completed request","severity":"info","timestamp":"2026-08-20T18:16:40.845761348Z"}
2026-08-20T18:16:41.669433971Z {"message":"[GetQuote] received request","severity":"info","timestamp":"2026-08-20T18:16:41.668552298Z"}
2026-08-20T18:16:41.669472378Z {"message":"[GetQuote] completed request","severity":"info","timestamp":"2026-08-20T18:16:41.668610409Z"}
2026-08-20T18:16:43.347972342Z {"message":"[GetQuote] received request","severity":"info","timestamp":"2026-08-20T18:16:43.347642677Z"}
2026-08-20T18:16:43.348006549Z {"message":"[GetQuote] completed request","severity":"info","timestamp":"2026-08-20T18:16:43.347699388Z"}
2026-08-20T18:16:44.322204727Z {"message":"[GetQuote] received request","severity":"info","timestamp":"2026-08-20T18:16:44.321239537Z"}
2026-08-20T18:16:44.322286543Z {"message":"[GetQuote] completed request","severity":"info","timestamp":"2026-08-20T18:16:44.321313952Z"}
2026-08-20T18:16:44.425498008Z {"message":"[GetQuote] received request","severity":"info","timestamp":"2026-08-20T18:16:44.425178745Z"}
2026-08-20T18:16:44.425547218Z {"message":"[GetQuote] completed request","severity":"info","timestamp":"2026-08-20T18:16:44.425234856Z"}
2026-08-20T18:16:51.039148444Z {"message":"[GetQuote] received request","severity":"info","timestamp":"2026-08-20T18:16:51.038784673Z"}
2026-08-20T18:16:51.039196053Z {"message":"[GetQuote] completed request","severity":"info","timestamp":"2026-08-20T18:16:51.038865289Z"}
2026-08-20T18:16:51.590283554Z {"message":"[GetQuote] received request","severity":"info","timestamp":"2026-08-20T18:16:51.589947089Z"}
2026-08-20T18:16:51.590323962Z {"message":"[GetQuote] completed request","severity":"info","timestamp":"2026-08-20T18:16:51.590015002Z"}
2026-08-20T18:16:52.654242116Z {"message":"[GetQuote] received request","severity":"info","timestamp":"2026-08-20T18:16:52.65375202Z"}
2026-08-20T18:16:52.654283424Z {"message":"[GetQuote] completed request","severity":"info","timestamp":"2026-08-20T18:16:52.653910251Z"}
2026-08-20T18:16:54.121617510Z {"message":"[GetQuote] received request","severity":"info","timestamp":"2026-08-20T18:16:54.121188556Z"}
2026-08-20T18:16:54.121660915Z {"message":"[GetQuote] completed request","severity":"info","timestamp":"2026-08-20T18:16:54.121235462Z"}
2026-08-20T18:16:54.816996650Z {"message":"[GetQuote] received request","severity":"info","timestamp":"2026-08-20T18:16:54.816487287Z"}
2026-08-20T18:16:54.817046656Z {"message":"[GetQuote] completed request","severity":"info","timestamp":"2026-08-20T18:16:54.816564096Z"}
2026-08-20T18:16:54.920275818Z {"message":"[GetQuote] received request","severity":"info","timestamp":"2026-08-20T18:16:54.919880069Z"}
2026-08-20T18:16:54.920324224Z {"message":"[GetQuote] completed request","severity":"info","timestamp":"2026-08-20T18:16:54.920003684Z"}
2026-08-20T18:16:56.520252966Z {"message":"[GetQuote] received request","severity":"info","timestamp":"2026-08-20T18:16:56.519862718Z"}
2026-08-20T18:16:56.520295972Z {"message":"[GetQuote] completed request","severity":"info","timestamp":"2026-08-20T18:16:56.519940928Z"}
2026-08-20T18:16:57.570042365Z {"message":"[GetQuote] received request","severity":"info","timestamp":"2026-08-20T18:16:57.569496497Z"}
2026-08-20T18:16:57.570115574Z {"message":"[GetQuote] completed request","severity":"info","timestamp":"2026-08-20T18:16:57.569672218Z"}
2026-08-20T18:16:59.517685030Z {"message":"[GetQuote] received request","severity":"info","timestamp":"2026-08-20T18:16:59.517231374Z"}
2026-08-20T18:16:59.517738237Z {"message":"[GetQuote] completed request","severity":"info","timestamp":"2026-08-20T18:16:59.517323785Z"}
2026-08-20T18:16:59.548771904Z {"message":"[GetQuote] received request","severity":"info","timestamp":"2026-08-20T18:16:59.548373554Z"}
2026-08-20T18:16:59.548804108Z {"message":"[GetQuote] completed request","severity":"info","timestamp":"2026-08-20T18:16:59.548471166Z"}
2026-08-20T18:16:59.699657303Z {"message":"[GetQuote] received request","severity":"info","timestamp":"2026-08-20T18:16:59.699381469Z"}
2026-08-20T18:16:59.699692207Z {"message":"[GetQuote] completed request","severity":"info","timestamp":"2026-08-20T18:16:59.699465879Z"}
2026-08-20T18:16:59.707848024Z {"message":"[ShipOrder] received request","severity":"info","timestamp":"2026-08-20T18:16:59.707391567Z"}
2026-08-20T18:16:59.707880728Z {"message":"[ShipOrder] completed request","severity":"info","timestamp":"2026-08-20T18:16:59.707492479Z"}
2026-08-20T18:16:59.976959053Z {"message":"[GetQuote] received request","severity":"info","timestamp":"2026-08-20T18:16:59.976642214Z"}
2026-08-20T18:16:59.976994758Z {"message":"[GetQuote] completed request","severity":"info","timestamp":"2026-08-20T18:16:59.976705122Z"}
2026-08-20T18:17:00.719023611Z {"message":"[GetQuote] received request","severity":"info","timestamp":"2026-08-20T18:17:00.718726374Z"}
2026-08-20T18:17:00.719076517Z {"message":"[GetQuote] completed request","severity":"info","timestamp":"2026-08-20T18:17:00.718784681Z"}
2026-08-20T18:17:01.020129528Z {"message":"[GetQuote] received request","severity":"info","timestamp":"2026-08-20T18:17:01.018494074Z"}
2026-08-20T18:17:01.020268741Z {"message":"[GetQuote] completed request","severity":"info","timestamp":"2026-08-20T18:17:01.018579882Z"}
2026-08-20T18:17:03.990929898Z {"message":"[GetQuote] received request","severity":"info","timestamp":"2026-08-20T18:17:03.988431963Z"}
2026-08-20T18:17:03.990951800Z {"message":"[GetQuote] completed request","severity":"info","timestamp":"2026-08-20T18:17:03.988915809Z"}
2026-08-20T18:17:04.277512113Z {"message":"[GetQuote] received request","severity":"info","timestamp":"2026-08-20T18:17:04.277316695Z"}
2026-08-20T18:17:04.277542216Z {"message":"[GetQuote] completed request","severity":"info","timestamp":"2026-08-20T18:17:04.277362099Z"}
2026-08-20T18:17:04.318443758Z {"message":"[GetQuote] received request","severity":"info","timestamp":"2026-08-20T18:17:04.318195834Z"}
2026-08-20T18:17:04.318471360Z {"message":"[GetQuote] completed request","severity":"info","timestamp":"2026-08-20T18:17:04.318237338Z"}
2026-08-20T18:17:04.322904777Z {"message":"[ShipOrder] received request","severity":"info","timestamp":"2026-08-20T18:17:04.322708058Z"}
2026-08-20T18:17:04.322920678Z {"message":"[ShipOrder] completed request","severity":"info","timestamp":"2026-08-20T18:17:04.322749462Z"}
2026-08-20T18:17:07.716579109Z {"message":"[GetQuote] received request","severity":"info","timestamp":"2026-08-20T18:17:07.716355889Z"}
2026-08-20T18:17:07.716605712Z {"message":"[GetQuote] completed request","severity":"info","timestamp":"2026-08-20T18:17:07.716386491Z"}
2026-08-20T18:17:07.720156946Z {"message":"[GetQuote] received request","severity":"info","timestamp":"2026-08-20T18:17:07.720013332Z"}
2026-08-20T18:17:07.720173247Z {"message":"[GetQuote] completed request","severity":"info","timestamp":"2026-08-20T18:17:07.720052636Z"}
2026-08-20T18:17:07.737626486Z {"message":"[GetQuote] received request","severity":"info","timestamp":"2026-08-20T18:17:07.737385064Z"}
2026-08-20T18:17:07.737647488Z {"message":"[GetQuote] completed request","severity":"info","timestamp":"2026-08-20T18:17:07.737430768Z"}
2026-08-20T18:17:07.741265628Z {"message":"[ShipOrder] received request","severity":"info","timestamp":"2026-08-20T18:17:07.741067709Z"}
2026-08-20T18:17:07.741284130Z {"message":"[ShipOrder] completed request","severity":"info","timestamp":"2026-08-20T18:17:07.741117514Z"}
2026-08-20T18:17:08.294663803Z {"message":"[GetQuote] received request","severity":"info","timestamp":"2026-08-20T18:17:08.294454683Z"}
2026-08-20T18:17:08.294701507Z {"message":"[GetQuote] completed request","severity":"info","timestamp":"2026-08-20T18:17:08.294495787Z"}
2026-08-20T18:17:09.401047118Z {"message":"[GetQuote] received request","severity":"info","timestamp":"2026-08-20T18:17:09.400814974Z"}
2026-08-20T18:17:09.401077523Z {"message":"[GetQuote] completed request","severity":"info","timestamp":"2026-08-20T18:17:09.400891989Z"}
2026-08-20T18:17:10.363038779Z {"message":"[GetQuote] received request","severity":"info","timestamp":"2026-08-20T18:17:10.362533985Z"}
2026-08-20T18:17:10.363089588Z {"message":"[GetQuote] completed request","severity":"info","timestamp":"2026-08-20T18:17:10.362636504Z"}
2026-08-20T18:17:10.822809210Z {"message":"[GetQuote] received request","severity":"info","timestamp":"2026-08-20T18:17:10.822298315Z"}
2026-08-20T18:17:10.822860020Z {"message":"[GetQuote] completed request","severity":"info","timestamp":"2026-08-20T18:17:10.822358827Z"}
2026-08-20T18:17:11.013624108Z {"message":"[GetQuote] received request","severity":"info","timestamp":"2026-08-20T18:17:11.013167323Z"}
2026-08-20T18:17:11.013699722Z {"message":"[GetQuote] completed request","severity":"info","timestamp":"2026-08-20T18:17:11.013273243Z"}
2026-08-20T18:17:11.135145015Z {"message":"[GetQuote] received request","severity":"info","timestamp":"2026-08-20T18:17:11.134727937Z"}
2026-08-20T18:17:11.135178821Z {"message":"[GetQuote] completed request","severity":"info","timestamp":"2026-08-20T18:17:11.134803251Z"}
2026-08-20T18:17:11.140986101Z {"message":"[ShipOrder] received request","severity":"info","timestamp":"2026-08-20T18:17:11.140527716Z"}
2026-08-20T18:17:11.141013707Z {"message":"[ShipOrder] completed request","severity":"info","timestamp":"2026-08-20T18:17:11.140622934Z"}
2026-08-20T18:17:12.717028495Z {"message":"[GetQuote] received request","severity":"info","timestamp":"2026-08-20T18:17:12.716283557Z"}
2026-08-20T18:17:12.717081505Z {"message":"[GetQuote] completed request","severity":"info","timestamp":"2026-08-20T18:17:12.716425683Z"}
2026-08-20T18:17:13.311841949Z {"message":"[GetQuote] received request","severity":"info","timestamp":"2026-08-20T18:17:13.31141667Z"}
2026-08-20T18:17:13.311879156Z {"message":"[GetQuote] completed request","severity":"info","timestamp":"2026-08-20T18:17:13.311501286Z"}
2026-08-20T18:17:14.011954392Z {"message":"[GetQuote] received request","severity":"info","timestamp":"2026-08-20T18:17:14.011656037Z"}
2026-08-20T18:17:14.011981297Z {"message":"[GetQuote] completed request","severity":"info","timestamp":"2026-08-20T18:17:14.011719749Z"}
2026-08-20T18:17:14.184122421Z {"message":"[GetQuote] received request","severity":"info","timestamp":"2026-08-20T18:17:14.183842369Z"}
2026-08-20T18:17:14.184154027Z {"message":"[GetQuote] completed request","severity":"info","timestamp":"2026-08-20T18:17:14.183886677Z"}
2026-08-20T18:17:15.823263553Z {"message":"[GetQuote] received request","severity":"info","timestamp":"2026-08-20T18:17:15.822861578Z"}
2026-08-20T18:17:15.823303661Z {"message":"[GetQuote] completed request","severity":"info","timestamp":"2026-08-20T18:17:15.822941393Z"}
2026-08-20T18:17:16.409990603Z {"message":"[GetQuote] received request","severity":"info","timestamp":"2026-08-20T18:17:16.409717252Z"}
2026-08-20T18:17:16.410017008Z {"message":"[GetQuote] completed request","severity":"info","timestamp":"2026-08-20T18:17:16.40975906Z"}
2026-08-20T18:17:16.426031887Z {"message":"[GetQuote] received request","severity":"info","timestamp":"2026-08-20T18:17:16.425785641Z"}
2026-08-20T18:17:16.426052791Z {"message":"[GetQuote] completed request","severity":"info","timestamp":"2026-08-20T18:17:16.425881659Z"}
2026-08-20T18:17:16.429846397Z {"message":"[ShipOrder] received request","severity":"info","timestamp":"2026-08-20T18:17:16.429691168Z"}
2026-08-20T18:17:16.429870401Z {"message":"[ShipOrder] completed request","severity":"info","timestamp":"2026-08-20T18:17:16.429752079Z"}
2026-08-20T18:17:16.549371032Z {"message":"[GetQuote] received request","severity":"info","timestamp":"2026-08-20T18:17:16.549115585Z"}
2026-08-20T18:17:16.549401538Z {"message":"[GetQuote] completed request","severity":"info","timestamp":"2026-08-20T18:17:16.549176596Z"}
2026-08-20T18:17:16.631009320Z {"message":"[GetQuote] received request","severity":"info","timestamp":"2026-08-20T18:17:16.630776476Z"}
2026-08-20T18:17:16.631028923Z {"message":"[GetQuote] completed request","severity":"info","timestamp":"2026-08-20T18:17:16.630811283Z"}
2026-08-20T18:17:16.635151690Z {"message":"[ShipOrder] received request","severity":"info","timestamp":"2026-08-20T18:17:16.634945752Z"}
2026-08-20T18:17:16.635166593Z {"message":"[ShipOrder] completed request","severity":"info","timestamp":"2026-08-20T18:17:16.63499086Z"}
2026-08-20T18:17:20.262397725Z {"message":"[GetQuote] received request","severity":"info","timestamp":"2026-08-20T18:17:20.26188793Z"}
2026-08-20T18:17:20.262471839Z {"message":"[GetQuote] completed request","severity":"info","timestamp":"2026-08-20T18:17:20.26194144Z"}
2026-08-20T18:17:21.712313783Z {"message":"[GetQuote] received request","severity":"info","timestamp":"2026-08-20T18:17:21.711798987Z"}
2026-08-20T18:17:21.712363092Z {"message":"[GetQuote] completed request","severity":"info","timestamp":"2026-08-20T18:17:21.711901806Z"}
2026-08-20T18:17:21.730589197Z {"message":"[GetQuote] received request","severity":"info","timestamp":"2026-08-20T18:17:21.730033493Z"}
2026-08-20T18:17:21.730622803Z {"message":"[GetQuote] completed request","severity":"info","timestamp":"2026-08-20T18:17:21.730105707Z"}
2026-08-20T18:17:21.738325042Z {"message":"[ShipOrder] received request","severity":"info","timestamp":"2026-08-20T18:17:21.737943771Z"}
2026-08-20T18:17:21.738361349Z {"message":"[ShipOrder] completed request","severity":"info","timestamp":"2026-08-20T18:17:21.738051791Z"}
2026-08-20T18:17:22.415109672Z {"message":"[GetQuote] received request","severity":"info","timestamp":"2026-08-20T18:17:22.414694395Z"}
2026-08-20T18:17:22.415148179Z {"message":"[GetQuote] completed request","severity":"info","timestamp":"2026-08-20T18:17:22.414847723Z"}
2026-08-20T18:17:22.611157696Z {"message":"[GetQuote] received request","severity":"info","timestamp":"2026-08-20T18:17:22.610565285Z"}
2026-08-20T18:17:22.611204104Z {"message":"[GetQuote] completed request","severity":"info","timestamp":"2026-08-20T18:17:22.610634698Z"}
2026-08-20T18:17:23.315258829Z {"message":"[GetQuote] received request","severity":"info","timestamp":"2026-08-20T18:17:23.31484075Z"}
2026-08-20T18:17:23.315311938Z {"message":"[GetQuote] completed request","severity":"info","timestamp":"2026-08-20T18:17:23.314964174Z"}
2026-08-20T18:17:24.321500504Z {"message":"[GetQuote] received request","severity":"info","timestamp":"2026-08-20T18:17:24.320820277Z"}
2026-08-20T18:17:24.321556314Z {"message":"[GetQuote] completed request","severity":"info","timestamp":"2026-08-20T18:17:24.321077925Z"}
2026-08-20T18:17:25.314958301Z {"message":"[GetQuote] received request","severity":"info","timestamp":"2026-08-20T18:17:25.314302197Z"}
2026-08-20T18:17:25.315012710Z {"message":"[GetQuote] completed request","severity":"info","timestamp":"2026-08-20T18:17:25.314405414Z"}
2026-08-20T18:17:26.463089033Z {"message":"[GetQuote] received request","severity":"info","timestamp":"2026-08-20T18:17:26.46281389Z"}
2026-08-20T18:17:26.463119138Z {"message":"[GetQuote] completed request","severity":"info","timestamp":"2026-08-20T18:17:26.462850496Z"}
2026-08-20T18:17:27.351210278Z {"message":"[GetQuote] received request","severity":"info","timestamp":"2026-08-20T18:17:27.35090353Z"}
2026-08-20T18:17:27.351250384Z {"message":"[GetQuote] completed request","severity":"info","timestamp":"2026-08-20T18:17:27.350964739Z"}
2026-08-20T18:17:27.517497756Z {"message":"[GetQuote] received request","severity":"info","timestamp":"2026-08-20T18:17:27.516725934Z"}
2026-08-20T18:17:27.517575768Z {"message":"[GetQuote] completed request","severity":"info","timestamp":"2026-08-20T18:17:27.51701758Z"}
2026-08-20T18:17:29.654590368Z {"message":"[GetQuote] received request","severity":"info","timestamp":"2026-08-20T18:17:29.654280319Z"}
2026-08-20T18:17:29.654629374Z {"message":"[GetQuote] completed request","severity":"info","timestamp":"2026-08-20T18:17:29.65434993Z"}
2026-08-20T18:17:32.318026855Z {"message":"[GetQuote] received request","severity":"info","timestamp":"2026-08-20T18:17:32.317304541Z"}
2026-08-20T18:17:32.318111669Z {"message":"[GetQuote] completed request","severity":"info","timestamp":"2026-08-20T18:17:32.317516575Z"}
2026-08-20T18:17:34.676916549Z {"message":"[GetQuote] received request","severity":"info","timestamp":"2026-08-20T18:17:34.676704838Z"}
2026-08-20T18:17:34.676961952Z {"message":"[GetQuote] completed request","severity":"info","timestamp":"2026-08-20T18:17:34.676755341Z"}
2026-08-20T18:17:37.536114527Z {"message":"[GetQuote] received request","severity":"info","timestamp":"2026-08-20T18:17:37.535939718Z"}
2026-08-20T18:17:37.536137628Z {"message":"[GetQuote] completed request","severity":"info","timestamp":"2026-08-20T18:17:37.535973619Z"}
2026-08-20T18:17:40.051140049Z {"message":"[GetQuote] received request","severity":"info","timestamp":"2026-08-20T18:17:40.050845333Z"}
2026-08-20T18:17:40.051178651Z {"message":"[GetQuote] completed request","severity":"info","timestamp":"2026-08-20T18:17:40.050890435Z"}
2026-08-20T18:17:40.116774364Z {"message":"[GetQuote] received request","severity":"info","timestamp":"2026-08-20T18:17:40.116505249Z"}
2026-08-20T18:17:40.116799665Z {"message":"[GetQuote] completed request","severity":"info","timestamp":"2026-08-20T18:17:40.116552952Z"}
2026-08-20T18:17:40.121196607Z {"message":"[ShipOrder] received request","severity":"info","timestamp":"2026-08-20T18:17:40.120903391Z"}
2026-08-20T18:17:40.121217609Z {"message":"[ShipOrder] completed request","severity":"info","timestamp":"2026-08-20T18:17:40.120958494Z"}
2026-08-20T18:17:46.299346241Z {"message":"[GetQuote] received request","severity":"info","timestamp":"2026-08-20T18:17:46.299157502Z"}
2026-08-20T18:17:46.299377248Z {"message":"[GetQuote] completed request","severity":"info","timestamp":"2026-08-20T18:17:46.299191709Z"}
2026-08-20T18:17:47.627237834Z {"message":"[GetQuote] received request","severity":"info","timestamp":"2026-08-20T18:17:47.626882959Z"}
2026-08-20T18:17:47.627279542Z {"message":"[GetQuote] completed request","severity":"info","timestamp":"2026-08-20T18:17:47.626957975Z"}
2026-08-20T18:17:49.090209059Z {"message":"[GetQuote] received request","severity":"info","timestamp":"2026-08-20T18:17:49.089855591Z"}
2026-08-20T18:17:49.090243566Z {"message":"[GetQuote] completed request","severity":"info","timestamp":"2026-08-20T18:17:49.089937107Z"}
2026-08-20T18:17:49.405740471Z {"message":"[GetQuote] received request","severity":"info","timestamp":"2026-08-20T18:17:49.405364499Z"}
2026-08-20T18:17:49.405778078Z {"message":"[GetQuote] completed request","severity":"info","timestamp":"2026-08-20T18:17:49.405434712Z"}
2026-08-20T18:17:52.687919421Z {"message":"[GetQuote] received request","severity":"info","timestamp":"2026-08-20T18:17:52.687678375Z"}
2026-08-20T18:17:52.687951327Z {"message":"[GetQuote] completed request","severity":"info","timestamp":"2026-08-20T18:17:52.68775699Z"}
2026-08-20T18:17:57.196343967Z {"message":"[GetQuote] received request","severity":"info","timestamp":"2026-08-20T18:17:57.196084725Z"}
2026-08-20T18:17:57.196379273Z {"message":"[GetQuote] completed request","severity":"info","timestamp":"2026-08-20T18:17:57.196123031Z"}
2026-08-20T18:17:58.323065668Z {"message":"[GetQuote] received request","severity":"info","timestamp":"2026-08-20T18:17:58.322764419Z"}
2026-08-20T18:17:58.323104074Z {"message":"[GetQuote] completed request","severity":"info","timestamp":"2026-08-20T18:17:58.322837131Z"}
2026-08-20T18:18:00.719423998Z {"message":"[GetQuote] received request","severity":"info","timestamp":"2026-08-20T18:18:00.719093644Z"}
2026-08-20T18:18:00.719463304Z {"message":"[GetQuote] completed request","severity":"info","timestamp":"2026-08-20T18:18:00.719166756Z"}
2026-08-20T18:18:00.814760526Z {"message":"[GetQuote] received request","severity":"info","timestamp":"2026-08-20T18:18:00.813916588Z"}
2026-08-20T18:18:00.814801633Z {"message":"[GetQuote] completed request","severity":"info","timestamp":"2026-08-20T18:18:00.813982399Z"}
2026-08-20T18:18:00.826804400Z {"message":"[GetQuote] received request","severity":"info","timestamp":"2026-08-20T18:18:00.826469846Z"}
2026-08-20T18:18:00.826855709Z {"message":"[GetQuote] completed request","severity":"info","timestamp":"2026-08-20T18:18:00.826532756Z"}
2026-08-20T18:18:00.891476202Z {"message":"[ShipOrder] received request","severity":"info","timestamp":"2026-08-20T18:18:00.891048232Z"}
2026-08-20T18:18:00.891515408Z {"message":"[ShipOrder] completed request","severity":"info","timestamp":"2026-08-20T18:18:00.891118843Z"}
2026-08-20T18:18:03.592306157Z {"message":"[GetQuote] received request","severity":"info","timestamp":"2026-08-20T18:18:03.59097934Z"}
2026-08-20T18:18:03.592337863Z {"message":"[GetQuote] completed request","severity":"info","timestamp":"2026-08-20T18:18:03.591157669Z"}
2026-08-20T18:18:03.610062468Z {"message":"[GetQuote] received request","severity":"info","timestamp":"2026-08-20T18:18:03.60970671Z"}
2026-08-20T18:18:03.610084772Z {"message":"[GetQuote] completed request","severity":"info","timestamp":"2026-08-20T18:18:03.609924446Z"}
2026-08-20T18:18:03.615323431Z {"message":"[ShipOrder] received request","severity":"info","timestamp":"2026-08-20T18:18:03.613983111Z"}
2026-08-20T18:18:03.615337933Z {"message":"[ShipOrder] completed request","severity":"info","timestamp":"2026-08-20T18:18:03.614060824Z"}
2026-08-20T18:18:04.807582375Z {"message":"[GetQuote] received request","severity":"info","timestamp":"2026-08-20T18:18:04.806962273Z"}
2026-08-20T18:18:04.807649286Z {"message":"[GetQuote] completed request","severity":"info","timestamp":"2026-08-20T18:18:04.807042186Z"}
2026-08-20T18:18:07.004798588Z {"message":"[GetQuote] received request","severity":"info","timestamp":"2026-08-20T18:18:07.004211887Z"}
2026-08-20T18:18:07.004859398Z {"message":"[GetQuote] completed request","severity":"info","timestamp":"2026-08-20T18:18:07.004310704Z"}
2026-08-20T18:18:07.381476397Z {"message":"[GetQuote] received request","severity":"info","timestamp":"2026-08-20T18:18:07.381057525Z"}
2026-08-20T18:18:07.381522505Z {"message":"[GetQuote] completed request","severity":"info","timestamp":"2026-08-20T18:18:07.381108734Z"}
2026-08-20T18:18:10.898021568Z {"message":"[GetQuote] received request","severity":"info","timestamp":"2026-08-20T18:18:10.89785694Z"}
2026-08-20T18:18:10.898051773Z {"message":"[GetQuote] completed request","severity":"info","timestamp":"2026-08-20T18:18:10.897923651Z"}
2026-08-20T18:18:10.914362671Z {"message":"[GetQuote] received request","severity":"info","timestamp":"2026-08-20T18:18:10.914188441Z"}
2026-08-20T18:18:10.914387875Z {"message":"[GetQuote] completed request","severity":"info","timestamp":"2026-08-20T18:18:10.914230948Z"}
2026-08-20T18:18:10.918953958Z {"message":"[ShipOrder] received request","severity":"info","timestamp":"2026-08-20T18:18:10.918809934Z"}
2026-08-20T18:18:10.918968261Z {"message":"[ShipOrder] completed request","severity":"info","timestamp":"2026-08-20T18:18:10.918851941Z"}
2026-08-20T18:18:12.598047263Z {"message":"[GetQuote] received request","severity":"info","timestamp":"2026-08-20T18:18:12.594303021Z"}
2026-08-20T18:18:12.598126676Z {"message":"[GetQuote] completed request","severity":"info","timestamp":"2026-08-20T18:18:12.594467049Z"}
2026-08-20T18:18:12.783164115Z {"message":"[GetQuote] received request","severity":"info","timestamp":"2026-08-20T18:18:12.782863263Z"}
2026-08-20T18:18:12.783189719Z {"message":"[GetQuote] completed request","severity":"info","timestamp":"2026-08-20T18:18:12.782916572Z"}
2026-08-20T18:18:12.788658457Z {"message":"[ShipOrder] received request","severity":"info","timestamp":"2026-08-20T18:18:12.788366207Z"}
2026-08-20T18:18:12.788688962Z {"message":"[ShipOrder] completed request","severity":"info","timestamp":"2026-08-20T18:18:12.788426918Z"}
2026-08-20T18:18:14.261863301Z {"message":"[GetQuote] received request","severity":"info","timestamp":"2026-08-20T18:18:14.26140172Z"}
2026-08-20T18:18:14.261911210Z {"message":"[GetQuote] completed request","severity":"info","timestamp":"2026-08-20T18:18:14.261499637Z"}
2026-08-20T18:18:16.104086682Z {"message":"[GetQuote] received request","severity":"info","timestamp":"2026-08-20T18:18:16.10379253Z"}
2026-08-20T18:18:16.104135090Z {"message":"[GetQuote] completed request","severity":"info","timestamp":"2026-08-20T18:18:16.103835438Z"}
2026-08-20T18:18:16.222426404Z {"message":"[GetQuote] received request","severity":"info","timestamp":"2026-08-20T18:18:16.221786392Z"}
2026-08-20T18:18:16.222479313Z {"message":"[GetQuote] completed request","severity":"info","timestamp":"2026-08-20T18:18:16.221894911Z"}
2026-08-20T18:18:16.306369502Z {"message":"[GetQuote] received request","severity":"info","timestamp":"2026-08-20T18:18:16.305868915Z"}
2026-08-20T18:18:16.306412510Z {"message":"[GetQuote] completed request","severity":"info","timestamp":"2026-08-20T18:18:16.30595853Z"}
2026-08-20T18:18:16.314372704Z {"message":"[ShipOrder] received request","severity":"info","timestamp":"2026-08-20T18:18:16.313914023Z"}
2026-08-20T18:18:16.314417312Z {"message":"[ShipOrder] completed request","severity":"info","timestamp":"2026-08-20T18:18:16.314031544Z"}
2026-08-20T18:18:17.821796860Z {"message":"[GetQuote] received request","severity":"info","timestamp":"2026-08-20T18:18:17.821273968Z"}
2026-08-20T18:18:17.822207932Z {"message":"[GetQuote] completed request","severity":"info","timestamp":"2026-08-20T18:18:17.821377086Z"}
2026-08-20T18:18:19.336317458Z {"message":"[GetQuote] received request","severity":"info","timestamp":"2026-08-20T18:18:19.336045611Z"}
2026-08-20T18:18:19.336343363Z {"message":"[GetQuote] completed request","severity":"info","timestamp":"2026-08-20T18:18:19.336082417Z"}
2026-08-20T18:18:19.982281569Z {"message":"[GetQuote] received request","severity":"info","timestamp":"2026-08-20T18:18:19.98194301Z"}
2026-08-20T18:18:19.982318176Z {"message":"[GetQuote] completed request","severity":"info","timestamp":"2026-08-20T18:18:19.982020724Z"}
2026-08-20T18:18:20.021136073Z {"message":"[GetQuote] received request","severity":"info","timestamp":"2026-08-20T18:18:20.020923236Z"}
2026-08-20T18:18:20.021157877Z {"message":"[GetQuote] completed request","severity":"info","timestamp":"2026-08-20T18:18:20.020966343Z"}
2026-08-20T18:18:20.406541959Z {"message":"[GetQuote] received request","severity":"info","timestamp":"2026-08-20T18:18:20.406189697Z"}
2026-08-20T18:18:20.406575165Z {"message":"[GetQuote] completed request","severity":"info","timestamp":"2026-08-20T18:18:20.406265811Z"}
2026-08-20T18:18:21.029217649Z {"message":"[GetQuote] received request","severity":"info","timestamp":"2026-08-20T18:18:21.028448214Z"}
2026-08-20T18:18:21.029286060Z {"message":"[GetQuote] completed request","severity":"info","timestamp":"2026-08-20T18:18:21.028565035Z"}
2026-08-20T18:18:22.000834974Z {"message":"[GetQuote] received request","severity":"info","timestamp":"2026-08-20T18:18:22.000449307Z"}
2026-08-20T18:18:22.000880983Z {"message":"[GetQuote] completed request","severity":"info","timestamp":"2026-08-20T18:18:22.000572329Z"}
2026-08-20T18:18:22.216374937Z {"message":"[GetQuote] received request","severity":"info","timestamp":"2026-08-20T18:18:22.215909656Z"}
2026-08-20T18:18:22.216422545Z {"message":"[GetQuote] completed request","severity":"info","timestamp":"2026-08-20T18:18:22.215969266Z"}
2026-08-20T18:18:23.330732339Z {"message":"[GetQuote] received request","severity":"info","timestamp":"2026-08-20T18:18:23.330526203Z"}
2026-08-20T18:18:23.330758143Z {"message":"[GetQuote] completed request","severity":"info","timestamp":"2026-08-20T18:18:23.330572011Z"}
2026-08-20T18:18:23.740881616Z {"message":"[GetQuote] received request","severity":"info","timestamp":"2026-08-20T18:18:23.740530555Z"}
2026-08-20T18:18:23.740920423Z {"message":"[GetQuote] completed request","severity":"info","timestamp":"2026-08-20T18:18:23.740568562Z"}
2026-08-20T18:18:25.304590427Z {"message":"[GetQuote] received request","severity":"info","timestamp":"2026-08-20T18:18:25.304005025Z"}
2026-08-20T18:18:25.304665340Z {"message":"[GetQuote] completed request","severity":"info","timestamp":"2026-08-20T18:18:25.30420206Z"}
2026-08-20T18:18:27.710625933Z {"message":"[GetQuote] received request","severity":"info","timestamp":"2026-08-20T18:18:27.710280372Z"}
2026-08-20T18:18:27.710658238Z {"message":"[GetQuote] completed request","severity":"info","timestamp":"2026-08-20T18:18:27.710343583Z"}
2026-08-20T18:18:27.781383564Z {"message":"[GetQuote] received request","severity":"info","timestamp":"2026-08-20T18:18:27.781206433Z"}
2026-08-20T18:18:27.781408068Z {"message":"[GetQuote] completed request","severity":"info","timestamp":"2026-08-20T18:18:27.781251041Z"}
2026-08-20T18:18:27.794543857Z {"message":"[GetQuote] received request","severity":"info","timestamp":"2026-08-20T18:18:27.794223701Z"}
2026-08-20T18:18:27.794637874Z {"message":"[GetQuote] completed request","severity":"info","timestamp":"2026-08-20T18:18:27.794291913Z"}
2026-08-20T18:18:27.803490516Z {"message":"[ShipOrder] received request","severity":"info","timestamp":"2026-08-20T18:18:27.803209367Z"}
2026-08-20T18:18:27.803531524Z {"message":"[ShipOrder] completed request","severity":"info","timestamp":"2026-08-20T18:18:27.803318086Z"}
2026-08-20T18:18:28.219315883Z {"message":"[GetQuote] received request","severity":"info","timestamp":"2026-08-20T18:18:28.219026533Z"}
2026-08-20T18:18:28.219341388Z {"message":"[GetQuote] completed request","severity":"info","timestamp":"2026-08-20T18:18:28.219074741Z"}
2026-08-20T18:18:28.332177552Z {"message":"[GetQuote] received request","severity":"info","timestamp":"2026-08-20T18:18:28.331874599Z"}
2026-08-20T18:18:28.332207057Z {"message":"[GetQuote] completed request","severity":"info","timestamp":"2026-08-20T18:18:28.33193981Z"}
2026-08-20T18:18:30.240572751Z {"message":"[GetQuote] received request","severity":"info","timestamp":"2026-08-20T18:18:30.240335412Z"}
2026-08-20T18:18:30.240605257Z {"message":"[GetQuote] completed request","severity":"info","timestamp":"2026-08-20T18:18:30.240378019Z"}
2026-08-20T18:18:36.299479946Z {"message":"[GetQuote] received request","severity":"info","timestamp":"2026-08-20T18:18:36.298272744Z"}
2026-08-20T18:18:36.299552958Z {"message":"[GetQuote] completed request","severity":"info","timestamp":"2026-08-20T18:18:36.298869844Z"}
2026-08-20T18:18:36.403804343Z {"message":"[GetQuote] received request","severity":"info","timestamp":"2026-08-20T18:18:36.403258952Z"}
2026-08-20T18:18:36.403874155Z {"message":"[GetQuote] completed request","severity":"info","timestamp":"2026-08-20T18:18:36.403400876Z"}
2026-08-20T18:18:37.165068191Z {"message":"[GetQuote] received request","severity":"info","timestamp":"2026-08-20T18:18:37.164105325Z"}
2026-08-20T18:18:37.165145304Z {"message":"[GetQuote] completed request","severity":"info","timestamp":"2026-08-20T18:18:37.164272254Z"}
2026-08-20T18:18:39.904956939Z {"message":"[GetQuote] received request","severity":"info","timestamp":"2026-08-20T18:18:39.904739902Z"}
2026-08-20T18:18:39.904992545Z {"message":"[GetQuote] completed request","severity":"info","timestamp":"2026-08-20T18:18:39.90478711Z"}
2026-08-20T18:18:39.909620641Z {"message":"[GetQuote] received request","severity":"info","timestamp":"2026-08-20T18:18:39.908896416Z"}
2026-08-20T18:18:39.909651046Z {"message":"[GetQuote] completed request","severity":"info","timestamp":"2026-08-20T18:18:39.908941424Z"}
2026-08-20T18:18:40.003971555Z {"message":"[GetQuote] received request","severity":"info","timestamp":"2026-08-20T18:18:40.003771921Z"}
2026-08-20T18:18:40.003991558Z {"message":"[GetQuote] completed request","severity":"info","timestamp":"2026-08-20T18:18:40.003808827Z"}
2026-08-20T18:18:40.007364838Z {"message":"[ShipOrder] received request","severity":"info","timestamp":"2026-08-20T18:18:40.007182607Z"}
2026-08-20T18:18:40.007382041Z {"message":"[ShipOrder] completed request","severity":"info","timestamp":"2026-08-20T18:18:40.007289625Z"}
2026-08-20T18:18:40.696657293Z {"message":"[GetQuote] received request","severity":"info","timestamp":"2026-08-20T18:18:40.695774941Z"}
2026-08-20T18:18:40.696737406Z {"message":"[GetQuote] completed request","severity":"info","timestamp":"2026-08-20T18:18:40.695954072Z"}
2026-08-20T18:18:42.376248330Z {"message":"[GetQuote] received request","severity":"info","timestamp":"2026-08-20T18:18:42.376045995Z"}
2026-08-20T18:18:42.376272134Z {"message":"[GetQuote] completed request","severity":"info","timestamp":"2026-08-20T18:18:42.376083501Z"}
2026-08-20T18:18:43.750971375Z {"message":"[GetQuote] received request","severity":"info","timestamp":"2026-08-20T18:18:43.750328665Z"}
2026-08-20T18:18:43.751053789Z {"message":"[GetQuote] completed request","severity":"info","timestamp":"2026-08-20T18:18:43.750454486Z"}
2026-08-20T18:18:44.628570390Z {"message":"[GetQuote] received request","severity":"info","timestamp":"2026-08-20T18:18:44.628068804Z"}
2026-08-20T18:18:44.628618698Z {"message":"[GetQuote] completed request","severity":"info","timestamp":"2026-08-20T18:18:44.628146817Z"}
2026-08-20T18:18:46.091484365Z {"message":"[GetQuote] received request","severity":"info","timestamp":"2026-08-20T18:18:46.091247523Z"}
2026-08-20T18:18:46.091506269Z {"message":"[GetQuote] completed request","severity":"info","timestamp":"2026-08-20T18:18:46.091301133Z"}
2026-08-20T18:18:46.103153503Z {"message":"[GetQuote] received request","severity":"info","timestamp":"2026-08-20T18:18:46.102950767Z"}
2026-08-20T18:18:46.103176407Z {"message":"[GetQuote] completed request","severity":"info","timestamp":"2026-08-20T18:18:46.102984473Z"}
2026-08-20T18:18:46.107595378Z {"message":"[ShipOrder] received request","severity":"info","timestamp":"2026-08-20T18:18:46.10737524Z"}
2026-08-20T18:18:46.107612581Z {"message":"[ShipOrder] completed request","severity":"info","timestamp":"2026-08-20T18:18:46.107430149Z"}
2026-08-20T18:18:49.698597286Z {"message":"[GetQuote] received request","severity":"info","timestamp":"2026-08-20T18:18:49.698129004Z"}
2026-08-20T18:18:49.698646095Z {"message":"[GetQuote] completed request","severity":"info","timestamp":"2026-08-20T18:18:49.698174612Z"}
2026-08-20T18:18:49.729480979Z {"message":"[GetQuote] received request","severity":"info","timestamp":"2026-08-20T18:18:49.728986393Z"}
2026-08-20T18:18:49.729521987Z {"message":"[GetQuote] completed request","severity":"info","timestamp":"2026-08-20T18:18:49.729088611Z"}
2026-08-20T18:18:49.739532335Z {"message":"[ShipOrder] received request","severity":"info","timestamp":"2026-08-20T18:18:49.739034648Z"}
2026-08-20T18:18:49.739570541Z {"message":"[ShipOrder] completed request","severity":"info","timestamp":"2026-08-20T18:18:49.739156069Z"}
2026-08-20T18:18:51.401900439Z {"message":"[GetQuote] received request","severity":"info","timestamp":"2026-08-20T18:18:51.400974678Z"}
2026-08-20T18:18:51.401975252Z {"message":"[GetQuote] completed request","severity":"info","timestamp":"2026-08-20T18:18:51.401140206Z"}
2026-08-20T18:18:51.533722360Z {"message":"[GetQuote] received request","severity":"info","timestamp":"2026-08-20T18:18:51.53309415Z"}
2026-08-20T18:18:51.533763067Z {"message":"[GetQuote] completed request","severity":"info","timestamp":"2026-08-20T18:18:51.533204869Z"}
2026-08-20T18:18:51.579156594Z {"message":"[ShipOrder] received request","severity":"info","timestamp":"2026-08-20T18:18:51.578931155Z"}
2026-08-20T18:18:51.579175897Z {"message":"[ShipOrder] completed request","severity":"info","timestamp":"2026-08-20T18:18:51.578988065Z"}
2026-08-20T18:18:55.100415043Z {"message":"[GetQuote] received request","severity":"info","timestamp":"2026-08-20T18:18:55.099816239Z"}
2026-08-20T18:18:55.100502358Z {"message":"[GetQuote] completed request","severity":"info","timestamp":"2026-08-20T18:18:55.099907955Z"}
2026-08-20T18:18:56.176321586Z {"message":"[GetQuote] received request","severity":"info","timestamp":"2026-08-20T18:18:56.175450734Z"}
2026-08-20T18:18:56.176400500Z {"message":"[GetQuote] completed request","severity":"info","timestamp":"2026-08-20T18:18:56.175663772Z"}
2026-08-20T18:18:56.904127087Z {"message":"[GetQuote] received request","severity":"info","timestamp":"2026-08-20T18:18:56.903740819Z"}
2026-08-20T18:18:56.904172895Z {"message":"[GetQuote] completed request","severity":"info","timestamp":"2026-08-20T18:18:56.90379933Z"}
2026-08-20T18:18:59.433584772Z {"message":"[GetQuote] received request","severity":"info","timestamp":"2026-08-20T18:18:59.433355332Z"}
2026-08-20T18:18:59.433618077Z {"message":"[GetQuote] completed request","severity":"info","timestamp":"2026-08-20T18:18:59.433407541Z"}
2026-08-20T18:19:00.282785055Z {"message":"[GetQuote] received request","severity":"info","timestamp":"2026-08-20T18:19:00.280302422Z"}
2026-08-20T18:19:00.282826562Z {"message":"[GetQuote] completed request","severity":"info","timestamp":"2026-08-20T18:19:00.280411141Z"}
2026-08-20T18:19:02.698709392Z {"message":"[GetQuote] received request","severity":"info","timestamp":"2026-08-20T18:19:02.698309924Z"}
2026-08-20T18:19:02.698754700Z {"message":"[GetQuote] completed request","severity":"info","timestamp":"2026-08-20T18:19:02.698411241Z"}
2026-08-20T18:19:04.391129825Z {"message":"[GetQuote] received request","severity":"info","timestamp":"2026-08-20T18:19:04.390879183Z"}
2026-08-20T18:19:04.391169332Z {"message":"[GetQuote] completed request","severity":"info","timestamp":"2026-08-20T18:19:04.390912188Z"}
2026-08-20T18:19:05.851297718Z {"message":"[GetQuote] received request","severity":"info","timestamp":"2026-08-20T18:19:05.850947658Z"}
2026-08-20T18:19:05.851328423Z {"message":"[GetQuote] completed request","severity":"info","timestamp":"2026-08-20T18:19:05.850995066Z"}
2026-08-20T18:19:07.512145076Z {"message":"[GetQuote] received request","severity":"info","timestamp":"2026-08-20T18:19:07.511761911Z"}
2026-08-20T18:19:07.512191984Z {"message":"[GetQuote] completed request","severity":"info","timestamp":"2026-08-20T18:19:07.511879231Z"}
2026-08-20T18:19:08.104000339Z {"message":"[GetQuote] received request","severity":"info","timestamp":"2026-08-20T18:19:08.10353606Z"}
2026-08-20T18:19:08.104045247Z {"message":"[GetQuote] completed request","severity":"info","timestamp":"2026-08-20T18:19:08.103613073Z"}
2026-08-20T18:19:10.953368229Z {"message":"[GetQuote] received request","severity":"info","timestamp":"2026-08-20T18:19:10.952661405Z"}
2026-08-20T18:19:10.953427940Z {"message":"[GetQuote] completed request","severity":"info","timestamp":"2026-08-20T18:19:10.952767024Z"}
2026-08-20T18:19:13.490047424Z {"message":"[GetQuote] received request","severity":"info","timestamp":"2026-08-20T18:19:13.489726168Z"}
2026-08-20T18:19:13.490086231Z {"message":"[GetQuote] completed request","severity":"info","timestamp":"2026-08-20T18:19:13.489788178Z"}
2026-08-20T18:19:13.503027295Z {"message":"[GetQuote] received request","severity":"info","timestamp":"2026-08-20T18:19:13.502795754Z"}
2026-08-20T18:19:13.503052899Z {"message":"[GetQuote] completed request","severity":"info","timestamp":"2026-08-20T18:19:13.502861166Z"}
2026-08-20T18:19:13.509797379Z {"message":"[ShipOrder] received request","severity":"info","timestamp":"2026-08-20T18:19:13.508905723Z"}
2026-08-20T18:19:13.510418488Z {"message":"[ShipOrder] completed request","severity":"info","timestamp":"2026-08-20T18:19:13.508954332Z"}
2026-08-20T18:19:14.399056856Z {"message":"[GetQuote] received request","severity":"info","timestamp":"2026-08-20T18:19:14.398568771Z"}
2026-08-20T18:19:14.399115266Z {"message":"[GetQuote] completed request","severity":"info","timestamp":"2026-08-20T18:19:14.398638683Z"}
2026-08-20T18:19:16.991259165Z {"message":"[GetQuote] received request","severity":"info","timestamp":"2026-08-20T18:19:16.989787207Z"}
2026-08-20T18:19:16.991308373Z {"message":"[GetQuote] completed request","severity":"info","timestamp":"2026-08-20T18:19:16.990781681Z"}
2026-08-20T18:19:17.023727345Z {"message":"[GetQuote] received request","severity":"info","timestamp":"2026-08-20T18:19:17.023434094Z"}
2026-08-20T18:19:17.023761651Z {"message":"[GetQuote] completed request","severity":"info","timestamp":"2026-08-20T18:19:17.023488803Z"}
2026-08-20T18:19:17.176624986Z {"message":"[GetQuote] received request","severity":"info","timestamp":"2026-08-20T18:19:17.176196212Z"}
2026-08-20T18:19:17.176671394Z {"message":"[GetQuote] completed request","severity":"info","timestamp":"2026-08-20T18:19:17.176280926Z"}
2026-08-20T18:19:18.011734592Z {"message":"[GetQuote] received request","severity":"info","timestamp":"2026-08-20T18:19:18.01154856Z"}
2026-08-20T18:19:18.011755996Z {"message":"[GetQuote] completed request","severity":"info","timestamp":"2026-08-20T18:19:18.011586166Z"}
2026-08-20T18:19:18.218830501Z {"message":"[GetQuote] received request","severity":"info","timestamp":"2026-08-20T18:19:18.218243199Z"}
2026-08-20T18:19:18.218884411Z {"message":"[GetQuote] completed request","severity":"info","timestamp":"2026-08-20T18:19:18.218335615Z"}
2026-08-20T18:19:18.556168756Z {"message":"[GetQuote] received request","severity":"info","timestamp":"2026-08-20T18:19:18.555086668Z"}
2026-08-20T18:19:18.556215365Z {"message":"[GetQuote] completed request","severity":"info","timestamp":"2026-08-20T18:19:18.555205089Z"}
2026-08-20T18:19:19.931505195Z {"message":"[GetQuote] received request","severity":"info","timestamp":"2026-08-20T18:19:19.931019111Z"}
2026-08-20T18:19:19.931554504Z {"message":"[GetQuote] completed request","severity":"info","timestamp":"2026-08-20T18:19:19.931122629Z"}
2026-08-20T18:19:22.251902458Z {"message":"[GetQuote] received request","severity":"info","timestamp":"2026-08-20T18:19:22.251362164Z"}
2026-08-20T18:19:22.252078688Z {"message":"[GetQuote] completed request","severity":"info","timestamp":"2026-08-20T18:19:22.251503888Z"}
2026-08-20T18:19:22.518222064Z {"message":"[GetQuote] received request","severity":"info","timestamp":"2026-08-20T18:19:22.517692572Z"}
2026-08-20T18:19:22.518484410Z {"message":"[GetQuote] completed request","severity":"info","timestamp":"2026-08-20T18:19:22.517782588Z"}
2026-08-20T18:19:25.782263480Z {"message":"[GetQuote] received request","severity":"info","timestamp":"2026-08-20T18:19:25.781621778Z"}
2026-08-20T18:19:25.782326090Z {"message":"[GetQuote] completed request","severity":"info","timestamp":"2026-08-20T18:19:25.781724194Z"}
2026-08-20T18:19:26.053702664Z {"message":"[GetQuote] received request","severity":"info","timestamp":"2026-08-20T18:19:26.053486229Z"}
2026-08-20T18:19:26.053728568Z {"message":"[GetQuote] completed request","severity":"info","timestamp":"2026-08-20T18:19:26.053529336Z"}
2026-08-20T18:19:26.792505546Z {"message":"[GetQuote] received request","severity":"info","timestamp":"2026-08-20T18:19:26.792054874Z"}
2026-08-20T18:19:26.792555154Z {"message":"[GetQuote] completed request","severity":"info","timestamp":"2026-08-20T18:19:26.792144388Z"}
2026-08-20T18:19:26.892732665Z {"message":"[GetQuote] received request","severity":"info","timestamp":"2026-08-20T18:19:26.892295895Z"}
2026-08-20T18:19:26.892810677Z {"message":"[GetQuote] completed request","severity":"info","timestamp":"2026-08-20T18:19:26.892373508Z"}
2026-08-20T18:19:26.977427902Z {"message":"[ShipOrder] received request","severity":"info","timestamp":"2026-08-20T18:19:26.976946725Z"}
2026-08-20T18:19:26.977463207Z {"message":"[ShipOrder] completed request","severity":"info","timestamp":"2026-08-20T18:19:26.977031838Z"}
2026-08-20T18:19:28.858464045Z {"message":"[GetQuote] received request","severity":"info","timestamp":"2026-08-20T18:19:28.858262713Z"}
2026-08-20T18:19:28.858478547Z {"message":"[GetQuote] completed request","severity":"info","timestamp":"2026-08-20T18:19:28.858334624Z"}
2026-08-20T18:19:28.896046252Z {"message":"[GetQuote] received request","severity":"info","timestamp":"2026-08-20T18:19:28.89584592Z"}
2026-08-20T18:19:28.896069655Z {"message":"[GetQuote] completed request","severity":"info","timestamp":"2026-08-20T18:19:28.895898528Z"}
2026-08-20T18:19:33.020066982Z {"message":"[GetQuote] received request","severity":"info","timestamp":"2026-08-20T18:19:33.019755232Z"}
2026-08-20T18:19:33.020128591Z {"message":"[GetQuote] completed request","severity":"info","timestamp":"2026-08-20T18:19:33.019812141Z"}
2026-08-20T18:19:36.767353933Z {"message":"[GetQuote] received request","severity":"info","timestamp":"2026-08-20T18:19:36.766614647Z"}
2026-08-20T18:19:36.767443543Z {"message":"[GetQuote] completed request","severity":"info","timestamp":"2026-08-20T18:19:36.766794268Z"}
2026-08-20T18:19:37.012874559Z {"message":"[GetQuote] received request","severity":"info","timestamp":"2026-08-20T18:19:37.012561123Z"}
2026-08-20T18:19:37.012898462Z {"message":"[GetQuote] completed request","severity":"info","timestamp":"2026-08-20T18:19:37.012614929Z"}
2026-08-20T18:19:37.167152921Z {"message":"[GetQuote] received request","severity":"info","timestamp":"2026-08-20T18:19:37.166834484Z"}
2026-08-20T18:19:37.167188025Z {"message":"[GetQuote] completed request","severity":"info","timestamp":"2026-08-20T18:19:37.166905192Z"}
2026-08-20T18:19:38.071913373Z {"message":"[GetQuote] received request","severity":"info","timestamp":"2026-08-20T18:19:38.071571533Z"}
2026-08-20T18:19:38.071948077Z {"message":"[GetQuote] completed request","severity":"info","timestamp":"2026-08-20T18:19:38.071640041Z"}
2026-08-20T18:19:38.094029333Z {"message":"[GetQuote] received request","severity":"info","timestamp":"2026-08-20T18:19:38.093755202Z"}
2026-08-20T18:19:38.094054136Z {"message":"[GetQuote] completed request","severity":"info","timestamp":"2026-08-20T18:19:38.093818309Z"}
2026-08-20T18:19:38.099554173Z {"message":"[ShipOrder] received request","severity":"info","timestamp":"2026-08-20T18:19:38.099162528Z"}
2026-08-20T18:19:38.099580576Z {"message":"[ShipOrder] completed request","severity":"info","timestamp":"2026-08-20T18:19:38.099229836Z"}
2026-08-20T18:19:38.677617600Z {"message":"[GetQuote] received request","severity":"info","timestamp":"2026-08-20T18:19:38.677389974Z"}
2026-08-20T18:19:38.677643803Z {"message":"[GetQuote] completed request","severity":"info","timestamp":"2026-08-20T18:19:38.677433079Z"}
2026-08-20T18:19:42.502750398Z {"message":"[GetQuote] received request","severity":"info","timestamp":"2026-08-20T18:19:42.50212679Z"}
2026-08-20T18:19:42.502808708Z {"message":"[GetQuote] completed request","severity":"info","timestamp":"2026-08-20T18:19:42.502209404Z"}
2026-08-20T18:19:43.497578541Z {"message":"[GetQuote] received request","severity":"info","timestamp":"2026-08-20T18:19:43.497158168Z"}
2026-08-20T18:19:43.497630450Z {"message":"[GetQuote] completed request","severity":"info","timestamp":"2026-08-20T18:19:43.497265687Z"}
2026-08-20T18:19:47.983557445Z {"message":"[GetQuote] received request","severity":"info","timestamp":"2026-08-20T18:19:47.983290099Z"}
2026-08-20T18:19:47.983603553Z {"message":"[GetQuote] completed request","severity":"info","timestamp":"2026-08-20T18:19:47.983334806Z"}
2026-08-20T18:19:48.007216465Z {"message":"[GetQuote] received request","severity":"info","timestamp":"2026-08-20T18:19:48.006806294Z"}
2026-08-20T18:19:48.007276476Z {"message":"[GetQuote] completed request","severity":"info","timestamp":"2026-08-20T18:19:48.006879907Z"}
2026-08-20T18:19:48.012133122Z {"message":"[ShipOrder] received request","severity":"info","timestamp":"2026-08-20T18:19:48.011392092Z"}
2026-08-20T18:19:48.012158026Z {"message":"[ShipOrder] completed request","severity":"info","timestamp":"2026-08-20T18:19:48.011427499Z"}
2026-08-20T18:19:48.666789326Z {"message":"[GetQuote] received request","severity":"info","timestamp":"2026-08-20T18:19:48.666504076Z"}
2026-08-20T18:19:48.666810429Z {"message":"[GetQuote] completed request","severity":"info","timestamp":"2026-08-20T18:19:48.666555585Z"}
2026-08-20T18:19:51.986906388Z {"message":"[GetQuote] received request","severity":"info","timestamp":"2026-08-20T18:19:51.986471413Z"}
2026-08-20T18:19:51.986941094Z {"message":"[GetQuote] completed request","severity":"info","timestamp":"2026-08-20T18:19:51.986535524Z"}
2026-08-20T18:19:52.882194635Z {"message":"[GetQuote] received request","severity":"info","timestamp":"2026-08-20T18:19:52.881906986Z"}
2026-08-20T18:19:52.882234642Z {"message":"[GetQuote] completed request","severity":"info","timestamp":"2026-08-20T18:19:52.881982899Z"}
2026-08-20T18:19:55.801234126Z {"message":"[GetQuote] received request","severity":"info","timestamp":"2026-08-20T18:19:55.80091077Z"}
2026-08-20T18:19:55.801267332Z {"message":"[GetQuote] completed request","severity":"info","timestamp":"2026-08-20T18:19:55.800953378Z"}
2026-08-20T18:19:55.895517059Z {"message":"[GetQuote] received request","severity":"info","timestamp":"2026-08-20T18:19:55.895205406Z"}
2026-08-20T18:19:55.895552965Z {"message":"[GetQuote] completed request","severity":"info","timestamp":"2026-08-20T18:19:55.895261715Z"}
2026-08-20T18:19:57.299977511Z {"message":"[GetQuote] received request","severity":"info","timestamp":"2026-08-20T18:19:57.299551256Z"}
2026-08-20T18:19:57.300020816Z {"message":"[GetQuote] completed request","severity":"info","timestamp":"2026-08-20T18:19:57.299626166Z"}
2026-08-20T18:19:58.158847273Z {"message":"[GetQuote] received request","severity":"info","timestamp":"2026-08-20T18:19:58.158569837Z"}
2026-08-20T18:19:58.158878977Z {"message":"[GetQuote] completed request","severity":"info","timestamp":"2026-08-20T18:19:58.158617743Z"}
2026-08-20T18:19:58.542519261Z {"message":"[GetQuote] received request","severity":"info","timestamp":"2026-08-20T18:19:58.542238825Z"}
2026-08-20T18:19:58.542544964Z {"message":"[GetQuote] completed request","severity":"info","timestamp":"2026-08-20T18:19:58.542269629Z"}
2026-08-20T18:19:59.655244235Z {"message":"[GetQuote] received request","severity":"info","timestamp":"2026-08-20T18:19:59.654906292Z"}
2026-08-20T18:19:59.655270638Z {"message":"[GetQuote] completed request","severity":"info","timestamp":"2026-08-20T18:19:59.6549707Z"}
2026-08-20T18:20:03.457736085Z {"message":"[GetQuote] received request","severity":"info","timestamp":"2026-08-20T18:20:03.457369339Z"}
2026-08-20T18:20:03.457774190Z {"message":"[GetQuote] completed request","severity":"info","timestamp":"2026-08-20T18:20:03.457436047Z"}
2026-08-20T18:20:04.271796426Z {"message":"[GetQuote] received request","severity":"info","timestamp":"2026-08-20T18:20:04.267634395Z"}
2026-08-20T18:20:04.271823229Z {"message":"[GetQuote] completed request","severity":"info","timestamp":"2026-08-20T18:20:04.267687601Z"}
2026-08-20T18:20:04.370823470Z {"message":"[GetQuote] received request","severity":"info","timestamp":"2026-08-20T18:20:04.369814141Z"}
2026-08-20T18:20:04.370882377Z {"message":"[GetQuote] completed request","severity":"info","timestamp":"2026-08-20T18:20:04.369922755Z"}
2026-08-20T18:20:04.383017627Z {"message":"[ShipOrder] received request","severity":"info","timestamp":"2026-08-20T18:20:04.382521163Z"}
2026-08-20T18:20:04.383086836Z {"message":"[ShipOrder] completed request","severity":"info","timestamp":"2026-08-20T18:20:04.382617776Z"}
2026-08-20T18:20:04.916577953Z {"message":"[GetQuote] received request","severity":"info","timestamp":"2026-08-20T18:20:04.91624141Z"}
2026-08-20T18:20:04.916612357Z {"message":"[GetQuote] completed request","severity":"info","timestamp":"2026-08-20T18:20:04.916293816Z"}
2026-08-20T18:20:04.986014118Z {"message":"[GetQuote] received request","severity":"info","timestamp":"2026-08-20T18:20:04.985826594Z"}
2026-08-20T18:20:04.986036221Z {"message":"[GetQuote] completed request","severity":"info","timestamp":"2026-08-20T18:20:04.985858499Z"}
2026-08-20T18:20:04.989104413Z {"message":"[ShipOrder] received request","severity":"info","timestamp":"2026-08-20T18:20:04.988934191Z"}
2026-08-20T18:20:04.989113914Z {"message":"[ShipOrder] completed request","severity":"info","timestamp":"2026-08-20T18:20:04.988971796Z"}
2026-08-20T18:20:05.590805669Z {"message":"[GetQuote] received request","severity":"info","timestamp":"2026-08-20T18:20:05.589685782Z"}
2026-08-20T18:20:05.590877781Z {"message":"[GetQuote] completed request","severity":"info","timestamp":"2026-08-20T18:20:05.58985531Z"}
2026-08-20T18:20:07.118097442Z {"message":"[GetQuote] received request","severity":"info","timestamp":"2026-08-20T18:20:07.117813494Z"}
2026-08-20T18:20:07.118128447Z {"message":"[GetQuote] completed request","severity":"info","timestamp":"2026-08-20T18:20:07.117851701Z"}
2026-08-20T18:20:07.134200735Z {"message":"[GetQuote] received request","severity":"info","timestamp":"2026-08-20T18:20:07.134022605Z"}
2026-08-20T18:20:07.134245243Z {"message":"[GetQuote] completed request","severity":"info","timestamp":"2026-08-20T18:20:07.134058511Z"}
2026-08-20T18:20:07.137842845Z {"message":"[ShipOrder] received request","severity":"info","timestamp":"2026-08-20T18:20:07.137616007Z"}
2026-08-20T18:20:07.137852346Z {"message":"[ShipOrder] completed request","severity":"info","timestamp":"2026-08-20T18:20:07.137665015Z"}
2026-08-20T18:20:13.179966737Z {"message":"[GetQuote] received request","severity":"info","timestamp":"2026-08-20T18:20:13.179606776Z"}
2026-08-20T18:20:13.180020847Z {"message":"[GetQuote] completed request","severity":"info","timestamp":"2026-08-20T18:20:13.179733598Z"}
2026-08-20T18:20:13.262584813Z {"message":"[GetQuote] received request","severity":"info","timestamp":"2026-08-20T18:20:13.262285962Z"}
2026-08-20T18:20:13.262620619Z {"message":"[GetQuote] completed request","severity":"info","timestamp":"2026-08-20T18:20:13.262353973Z"}
2026-08-20T18:20:13.793771110Z {"message":"[GetQuote] received request","severity":"info","timestamp":"2026-08-20T18:20:13.793375143Z"}
2026-08-20T18:20:13.793814617Z {"message":"[GetQuote] completed request","severity":"info","timestamp":"2026-08-20T18:20:13.793468658Z"}
2026-08-20T18:20:14.642556716Z {"message":"[GetQuote] received request","severity":"info","timestamp":"2026-08-20T18:20:14.641946812Z"}
2026-08-20T18:20:14.642602524Z {"message":"[GetQuote] completed request","severity":"info","timestamp":"2026-08-20T18:20:14.642060131Z"}
2026-08-20T18:20:15.295333128Z {"message":"[GetQuote] received request","severity":"info","timestamp":"2026-08-20T18:20:15.294940661Z"}
2026-08-20T18:20:15.295372935Z {"message":"[GetQuote] completed request","severity":"info","timestamp":"2026-08-20T18:20:15.295038278Z"}
2026-08-20T18:20:17.687864439Z {"message":"[GetQuote] received request","severity":"info","timestamp":"2026-08-20T18:20:17.687615297Z"}
2026-08-20T18:20:17.687900245Z {"message":"[GetQuote] completed request","severity":"info","timestamp":"2026-08-20T18:20:17.687673307Z"}
2026-08-20T18:20:18.282541453Z {"message":"[GetQuote] received request","severity":"info","timestamp":"2026-08-20T18:20:18.281514378Z"}
2026-08-20T18:20:18.282654273Z {"message":"[GetQuote] completed request","severity":"info","timestamp":"2026-08-20T18:20:18.281672805Z"}
2026-08-20T18:20:19.597862242Z {"message":"[GetQuote] received request","severity":"info","timestamp":"2026-08-20T18:20:19.597552289Z"}
2026-08-20T18:20:19.597890847Z {"message":"[GetQuote] completed request","severity":"info","timestamp":"2026-08-20T18:20:19.597599297Z"}
2026-08-20T18:20:22.235446409Z {"message":"[GetQuote] received request","severity":"info","timestamp":"2026-08-20T18:20:22.235171262Z"}
2026-08-20T18:20:22.235495218Z {"message":"[GetQuote] completed request","severity":"info","timestamp":"2026-08-20T18:20:22.235230072Z"}
2026-08-20T18:20:22.803133967Z {"message":"[GetQuote] received request","severity":"info","timestamp":"2026-08-20T18:20:22.802875523Z"}
2026-08-20T18:20:22.803169073Z {"message":"[GetQuote] completed request","severity":"info","timestamp":"2026-08-20T18:20:22.802923731Z"}
2026-08-20T18:20:22.873209760Z {"message":"[GetQuote] received request","severity":"info","timestamp":"2026-08-20T18:20:22.873030029Z"}
2026-08-20T18:20:22.873233364Z {"message":"[GetQuote] completed request","severity":"info","timestamp":"2026-08-20T18:20:22.873070236Z"}
2026-08-20T18:20:22.878405049Z {"message":"[ShipOrder] received request","severity":"info","timestamp":"2026-08-20T18:20:22.878214617Z"}
2026-08-20T18:20:22.878425553Z {"message":"[ShipOrder] completed request","severity":"info","timestamp":"2026-08-20T18:20:22.878276327Z"}
2026-08-20T18:20:23.711638754Z {"message":"[GetQuote] received request","severity":"info","timestamp":"2026-08-20T18:20:23.711418016Z"}
2026-08-20T18:20:23.711663959Z {"message":"[GetQuote] completed request","severity":"info","timestamp":"2026-08-20T18:20:23.711454323Z"}
2026-08-20T18:20:25.289010116Z {"message":"[GetQuote] received request","severity":"info","timestamp":"2026-08-20T18:20:25.288271989Z"}
2026-08-20T18:20:25.289173044Z {"message":"[GetQuote] completed request","severity":"info","timestamp":"2026-08-20T18:20:25.288444619Z"}
2026-08-20T18:20:26.704619092Z {"message":"[GetQuote] received request","severity":"info","timestamp":"2026-08-20T18:20:26.704288035Z"}
2026-08-20T18:20:26.704665900Z {"message":"[GetQuote] completed request","severity":"info","timestamp":"2026-08-20T18:20:26.704345245Z"}
2026-08-20T18:20:28.492796832Z {"message":"[GetQuote] received request","severity":"info","timestamp":"2026-08-20T18:20:28.492583996Z"}
2026-08-20T18:20:28.492823537Z {"message":"[GetQuote] completed request","severity":"info","timestamp":"2026-08-20T18:20:28.492627403Z"}
2026-08-20T18:20:28.504109268Z {"message":"[GetQuote] received request","severity":"info","timestamp":"2026-08-20T18:20:28.50388723Z"}
2026-08-20T18:20:28.504133473Z {"message":"[GetQuote] completed request","severity":"info","timestamp":"2026-08-20T18:20:28.503931638Z"}
2026-08-20T18:20:28.507811102Z {"message":"[ShipOrder] received request","severity":"info","timestamp":"2026-08-20T18:20:28.507663177Z"}
2026-08-20T18:20:28.507840907Z {"message":"[ShipOrder] completed request","severity":"info","timestamp":"2026-08-20T18:20:28.507748391Z"}
2026-08-20T18:20:28.727207851Z {"message":"[GetQuote] received request","severity":"info","timestamp":"2026-08-20T18:20:28.725590074Z"}
2026-08-20T18:20:28.727241357Z {"message":"[GetQuote] completed request","severity":"info","timestamp":"2026-08-20T18:20:28.725706294Z"}
2026-08-20T18:20:31.608592265Z {"message":"[GetQuote] received request","severity":"info","timestamp":"2026-08-20T18:20:31.608323519Z"}
2026-08-20T18:20:31.608623770Z {"message":"[GetQuote] completed request","severity":"info","timestamp":"2026-08-20T18:20:31.608372227Z"}
2026-08-20T18:20:31.632383522Z {"message":"[GetQuote] received request","severity":"info","timestamp":"2026-08-20T18:20:31.63213708Z"}
2026-08-20T18:20:31.632424229Z {"message":"[GetQuote] completed request","severity":"info","timestamp":"2026-08-20T18:20:31.632175486Z"}
2026-08-20T18:20:31.635841911Z {"message":"[ShipOrder] received request","severity":"info","timestamp":"2026-08-20T18:20:31.635615573Z"}
2026-08-20T18:20:31.635863915Z {"message":"[ShipOrder] completed request","severity":"info","timestamp":"2026-08-20T18:20:31.635673283Z"}
2026-08-20T18:20:31.679745597Z {"message":"[GetQuote] received request","severity":"info","timestamp":"2026-08-20T18:20:31.679437045Z"}
2026-08-20T18:20:31.679767001Z {"message":"[GetQuote] completed request","severity":"info","timestamp":"2026-08-20T18:20:31.679568467Z"}
2026-08-20T18:20:32.602926231Z {"message":"[GetQuote] received request","severity":"info","timestamp":"2026-08-20T18:20:32.602735299Z"}
2026-08-20T18:20:32.602958437Z {"message":"[GetQuote] completed request","severity":"info","timestamp":"2026-08-20T18:20:32.60280261Z"}
2026-08-20T18:20:32.983792172Z {"message":"[GetQuote] received request","severity":"info","timestamp":"2026-08-20T18:20:32.983422709Z"}
2026-08-20T18:20:32.983824978Z {"message":"[GetQuote] completed request","severity":"info","timestamp":"2026-08-20T18:20:32.983503623Z"}
2026-08-20T18:20:33.941567182Z {"message":"[GetQuote] received request","severity":"info","timestamp":"2026-08-20T18:20:33.940915171Z"}
2026-08-20T18:20:33.941602488Z {"message":"[GetQuote] completed request","severity":"info","timestamp":"2026-08-20T18:20:33.940980182Z"}
2026-08-20T18:20:34.011115341Z {"message":"[GetQuote] received request","severity":"info","timestamp":"2026-08-20T18:20:34.010887302Z"}
2026-08-20T18:20:34.011141545Z {"message":"[GetQuote] completed request","severity":"info","timestamp":"2026-08-20T18:20:34.01093221Z"}
2026-08-20T18:20:34.075688251Z {"message":"[GetQuote] received request","severity":"info","timestamp":"2026-08-20T18:20:34.075501619Z"}
2026-08-20T18:20:34.075715756Z {"message":"[GetQuote] completed request","severity":"info","timestamp":"2026-08-20T18:20:34.075545827Z"}
2026-08-20T18:20:36.568339472Z {"message":"[GetQuote] received request","severity":"info","timestamp":"2026-08-20T18:20:36.568201949Z"}
2026-08-20T18:20:36.568366877Z {"message":"[GetQuote] completed request","severity":"info","timestamp":"2026-08-20T18:20:36.568239855Z"}
2026-08-20T18:20:37.879568364Z {"message":"[GetQuote] received request","severity":"info","timestamp":"2026-08-20T18:20:37.879237107Z"}
2026-08-20T18:20:37.879605870Z {"message":"[GetQuote] completed request","severity":"info","timestamp":"2026-08-20T18:20:37.879303418Z"}
2026-08-20T18:20:39.711200378Z {"message":"[GetQuote] received request","severity":"info","timestamp":"2026-08-20T18:20:39.710873622Z"}
2026-08-20T18:20:39.711246986Z {"message":"[GetQuote] completed request","severity":"info","timestamp":"2026-08-20T18:20:39.710924731Z"}
2026-08-20T18:20:40.008745711Z {"message":"[GetQuote] received request","severity":"info","timestamp":"2026-08-20T18:20:40.008452561Z"}
2026-08-20T18:20:40.008778216Z {"message":"[GetQuote] completed request","severity":"info","timestamp":"2026-08-20T18:20:40.00850447Z"}
2026-08-20T18:20:40.983628559Z {"message":"[GetQuote] received request","severity":"info","timestamp":"2026-08-20T18:20:40.983147477Z"}
2026-08-20T18:20:40.983674067Z {"message":"[GetQuote] completed request","severity":"info","timestamp":"2026-08-20T18:20:40.983234192Z"}
2026-08-20T18:20:42.090418942Z {"message":"[GetQuote] received request","severity":"info","timestamp":"2026-08-20T18:20:42.08987635Z"}
2026-08-20T18:20:42.090489854Z {"message":"[GetQuote] completed request","severity":"info","timestamp":"2026-08-20T18:20:42.089956063Z"}
2026-08-20T18:20:43.680695624Z {"message":"[GetQuote] received request","severity":"info","timestamp":"2026-08-20T18:20:43.680396073Z"}
2026-08-20T18:20:43.680743532Z {"message":"[GetQuote] completed request","severity":"info","timestamp":"2026-08-20T18:20:43.68044018Z"}
2026-08-20T18:20:43.696240280Z {"message":"[GetQuote] received request","severity":"info","timestamp":"2026-08-20T18:20:43.695818008Z"}
2026-08-20T18:20:43.696271385Z {"message":"[GetQuote] completed request","severity":"info","timestamp":"2026-08-20T18:20:43.695872817Z"}
2026-08-20T18:20:44.299822595Z {"message":"[GetQuote] received request","severity":"info","timestamp":"2026-08-20T18:20:44.299412325Z"}
2026-08-20T18:20:44.299866803Z {"message":"[GetQuote] completed request","severity":"info","timestamp":"2026-08-20T18:20:44.29949824Z"}
2026-08-20T18:20:45.894350898Z {"message":"[GetQuote] received request","severity":"info","timestamp":"2026-08-20T18:20:45.89400804Z"}
2026-08-20T18:20:45.894392305Z {"message":"[GetQuote] completed request","severity":"info","timestamp":"2026-08-20T18:20:45.894077852Z"}
2026-08-20T18:20:47.202324642Z {"message":"[GetQuote] received request","severity":"info","timestamp":"2026-08-20T18:20:47.201795652Z"}
2026-08-20T18:20:47.202369750Z {"message":"[GetQuote] completed request","severity":"info","timestamp":"2026-08-20T18:20:47.201908371Z"}
2026-08-20T18:20:47.962892271Z {"message":"[GetQuote] received request","severity":"info","timestamp":"2026-08-20T18:20:47.962598021Z"}
2026-08-20T18:20:47.962921876Z {"message":"[GetQuote] completed request","severity":"info","timestamp":"2026-08-20T18:20:47.962713241Z"}
2026-08-20T18:20:48.709880781Z {"message":"[GetQuote] received request","severity":"info","timestamp":"2026-08-20T18:20:48.709690348Z"}
2026-08-20T18:20:48.709908285Z {"message":"[GetQuote] completed request","severity":"info","timestamp":"2026-08-20T18:20:48.709720153Z"}
2026-08-20T18:20:48.725776696Z {"message":"[GetQuote] received request","severity":"info","timestamp":"2026-08-20T18:20:48.725585863Z"}
2026-08-20T18:20:48.725796700Z {"message":"[GetQuote] completed request","severity":"info","timestamp":"2026-08-20T18:20:48.72562417Z"}
2026-08-20T18:20:48.728499661Z {"message":"[ShipOrder] received request","severity":"info","timestamp":"2026-08-20T18:20:48.728325131Z"}
2026-08-20T18:20:48.728515464Z {"message":"[ShipOrder] completed request","severity":"info","timestamp":"2026-08-20T18:20:48.72837334Z"}
2026-08-20T18:20:49.655915093Z {"message":"[GetQuote] received request","severity":"info","timestamp":"2026-08-20T18:20:49.655599739Z"}
2026-08-20T18:20:49.655949299Z {"message":"[GetQuote] completed request","severity":"info","timestamp":"2026-08-20T18:20:49.655651448Z"}
2026-08-20T18:20:50.077171557Z {"message":"[GetQuote] received request","severity":"info","timestamp":"2026-08-20T18:20:50.076939418Z"}
2026-08-20T18:20:50.077205063Z {"message":"[GetQuote] completed request","severity":"info","timestamp":"2026-08-20T18:20:50.076987826Z"}
2026-08-20T18:20:52.101134115Z {"message":"[GetQuote] received request","severity":"info","timestamp":"2026-08-20T18:20:52.10087357Z"}
2026-08-20T18:20:52.101163220Z {"message":"[GetQuote] completed request","severity":"info","timestamp":"2026-08-20T18:20:52.100927979Z"}
2026-08-20T18:20:53.113504560Z {"message":"[GetQuote] received request","severity":"info","timestamp":"2026-08-20T18:20:53.113017877Z"}
2026-08-20T18:20:53.113571471Z {"message":"[GetQuote] completed request","severity":"info","timestamp":"2026-08-20T18:20:53.113129596Z"}
2026-08-20T18:20:53.595815612Z {"message":"[GetQuote] received request","severity":"info","timestamp":"2026-08-20T18:20:53.595601776Z"}
2026-08-20T18:20:53.595840116Z {"message":"[GetQuote] completed request","severity":"info","timestamp":"2026-08-20T18:20:53.595641382Z"}
2026-08-20T18:20:54.342453112Z {"message":"[GetQuote] received request","severity":"info","timestamp":"2026-08-20T18:20:54.342106954Z"}
2026-08-20T18:20:54.342514822Z {"message":"[GetQuote] completed request","severity":"info","timestamp":"2026-08-20T18:20:54.342150261Z"}
2026-08-20T18:20:55.312844582Z {"message":"[GetQuote] received request","severity":"info","timestamp":"2026-08-20T18:20:55.312360101Z"}
2026-08-20T18:20:55.312894191Z {"message":"[GetQuote] completed request","severity":"info","timestamp":"2026-08-20T18:20:55.312465819Z"}
2026-08-20T18:20:57.271683463Z {"message":"[GetQuote] received request","severity":"info","timestamp":"2026-08-20T18:20:57.271146173Z"}
2026-08-20T18:20:57.271747474Z {"message":"[GetQuote] completed request","severity":"info","timestamp":"2026-08-20T18:20:57.271215585Z"}
2026-08-20T18:20:59.169117106Z {"message":"[GetQuote] received request","severity":"info","timestamp":"2026-08-20T18:20:59.168880266Z"}
2026-08-20T18:20:59.169141410Z {"message":"[GetQuote] completed request","severity":"info","timestamp":"2026-08-20T18:20:59.168912872Z"}
2026-08-20T18:20:59.652064413Z {"message":"[GetQuote] received request","severity":"info","timestamp":"2026-08-20T18:20:59.651664346Z"}
2026-08-20T18:20:59.652109420Z {"message":"[GetQuote] completed request","severity":"info","timestamp":"2026-08-20T18:20:59.651764062Z"}
2026-08-20T18:20:59.981539982Z {"message":"[GetQuote] received request","severity":"info","timestamp":"2026-08-20T18:20:59.981043998Z"}
2026-08-20T18:20:59.981586890Z {"message":"[GetQuote] completed request","severity":"info","timestamp":"2026-08-20T18:20:59.981092807Z"}
2026-08-20T18:21:00.619297852Z {"message":"[GetQuote] received request","severity":"info","timestamp":"2026-08-20T18:21:00.618730956Z"}
2026-08-20T18:21:00.619358362Z {"message":"[GetQuote] completed request","severity":"info","timestamp":"2026-08-20T18:21:00.618911187Z"}
2026-08-20T18:21:00.979948669Z {"message":"[GetQuote] received request","severity":"info","timestamp":"2026-08-20T18:21:00.979566905Z"}
2026-08-20T18:21:00.979977574Z {"message":"[GetQuote] completed request","severity":"info","timestamp":"2026-08-20T18:21:00.979638717Z"}
2026-08-20T18:21:01.005582985Z {"message":"[GetQuote] received request","severity":"info","timestamp":"2026-08-20T18:21:01.005166715Z"}
2026-08-20T18:21:01.005620891Z {"message":"[GetQuote] completed request","severity":"info","timestamp":"2026-08-20T18:21:01.005236227Z"}
2026-08-20T18:21:01.011551590Z {"message":"[ShipOrder] received request","severity":"info","timestamp":"2026-08-20T18:21:01.011223434Z"}
2026-08-20T18:21:01.011592697Z {"message":"[ShipOrder] completed request","severity":"info","timestamp":"2026-08-20T18:21:01.011308249Z"}
2026-08-20T18:21:01.880069163Z {"message":"[GetQuote] received request","severity":"info","timestamp":"2026-08-20T18:21:01.879182524Z"}
2026-08-20T18:21:01.880125472Z {"message":"[GetQuote] completed request","severity":"info","timestamp":"2026-08-20T18:21:01.879292541Z"}
2026-08-20T18:21:02.799334739Z {"message":"[GetQuote] received request","severity":"info","timestamp":"2026-08-20T18:21:02.799053894Z"}
2026-08-20T18:21:02.799364643Z {"message":"[GetQuote] completed request","severity":"info","timestamp":"2026-08-20T18:21:02.799149209Z"}
2026-08-20T18:21:02.870953005Z {"message":"[GetQuote] received request","severity":"info","timestamp":"2026-08-20T18:21:02.870399718Z"}
2026-08-20T18:21:02.870998212Z {"message":"[GetQuote] completed request","severity":"info","timestamp":"2026-08-20T18:21:02.870522137Z"}
2026-08-20T18:21:04.087393961Z {"message":"[GetQuote] received request","severity":"info","timestamp":"2026-08-20T18:21:04.087221634Z"}
2026-08-20T18:21:04.087417564Z {"message":"[GetQuote] completed request","severity":"info","timestamp":"2026-08-20T18:21:04.087253839Z"}
2026-08-20T18:21:06.573549553Z {"message":"[GetQuote] received request","severity":"info","timestamp":"2026-08-20T18:21:06.573136788Z"}
2026-08-20T18:21:06.573586359Z {"message":"[GetQuote] completed request","severity":"info","timestamp":"2026-08-20T18:21:06.573201598Z"}
2026-08-20T18:21:06.589145606Z {"message":"[GetQuote] received request","severity":"info","timestamp":"2026-08-20T18:21:06.588855461Z"}
2026-08-20T18:21:06.589168310Z {"message":"[GetQuote] completed request","severity":"info","timestamp":"2026-08-20T18:21:06.588907169Z"}
2026-08-20T18:21:06.593641613Z {"message":"[ShipOrder] received request","severity":"info","timestamp":"2026-08-20T18:21:06.593247251Z"}
2026-08-20T18:21:06.593663317Z {"message":"[ShipOrder] completed request","severity":"info","timestamp":"2026-08-20T18:21:06.593355768Z"}
2026-08-20T18:21:06.705396393Z {"message":"[GetQuote] received request","severity":"info","timestamp":"2026-08-20T18:21:06.705112249Z"}
2026-08-20T18:21:06.705431399Z {"message":"[GetQuote] completed request","severity":"info","timestamp":"2026-08-20T18:21:06.705173758Z"}
2026-08-20T18:21:09.894221790Z {"message":"[GetQuote] received request","severity":"info","timestamp":"2026-08-20T18:21:09.893167811Z"}
2026-08-20T18:21:09.894300403Z {"message":"[GetQuote] completed request","severity":"info","timestamp":"2026-08-20T18:21:09.893389949Z"}
2026-08-20T18:21:10.070628194Z {"message":"[GetQuote] received request","severity":"info","timestamp":"2026-08-20T18:21:10.070345446Z"}
2026-08-20T18:21:10.070658799Z {"message":"[GetQuote] completed request","severity":"info","timestamp":"2026-08-20T18:21:10.070415758Z"}
2026-08-20T18:21:10.349666596Z {"message":"[GetQuote] received request","severity":"info","timestamp":"2026-08-20T18:21:10.349445158Z"}
2026-08-20T18:21:10.349688599Z {"message":"[GetQuote] completed request","severity":"info","timestamp":"2026-08-20T18:21:10.349473863Z"}
2026-08-20T18:21:13.123347681Z {"message":"[GetQuote] received request","severity":"info","timestamp":"2026-08-20T18:21:13.123011424Z"}
2026-08-20T18:21:13.123382487Z {"message":"[GetQuote] completed request","severity":"info","timestamp":"2026-08-20T18:21:13.123059732Z"}
2026-08-20T18:21:13.133710638Z {"message":"[GetQuote] received request","severity":"info","timestamp":"2026-08-20T18:21:13.133501202Z"}
2026-08-20T18:21:13.133738442Z {"message":"[GetQuote] completed request","severity":"info","timestamp":"2026-08-20T18:21:13.133537808Z"}
2026-08-20T18:21:13.137944855Z {"message":"[ShipOrder] received request","severity":"info","timestamp":"2026-08-20T18:21:13.137762024Z"}
2026-08-20T18:21:13.137963359Z {"message":"[ShipOrder] completed request","severity":"info","timestamp":"2026-08-20T18:21:13.137803832Z"}
2026-08-20T18:21:15.378248124Z {"message":"[GetQuote] received request","severity":"info","timestamp":"2026-08-20T18:21:15.377468292Z"}
2026-08-20T18:21:15.378310535Z {"message":"[GetQuote] completed request","severity":"info","timestamp":"2026-08-20T18:21:15.377582812Z"}
2026-08-20T18:21:16.371179943Z {"message":"[GetQuote] received request","severity":"info","timestamp":"2026-08-20T18:21:16.370503728Z"}
2026-08-20T18:21:16.371248955Z {"message":"[GetQuote] completed request","severity":"info","timestamp":"2026-08-20T18:21:16.370619848Z"}
2026-08-20T18:21:16.878343416Z {"message":"[GetQuote] received request","severity":"info","timestamp":"2026-08-20T18:21:16.87772261Z"}
2026-08-20T18:21:16.878408627Z {"message":"[GetQuote] completed request","severity":"info","timestamp":"2026-08-20T18:21:16.87795795Z"}
2026-08-20T18:21:17.758632249Z {"message":"[GetQuote] received request","severity":"info","timestamp":"2026-08-20T18:21:17.757959835Z"}
2026-08-20T18:21:17.758701060Z {"message":"[GetQuote] completed request","severity":"info","timestamp":"2026-08-20T18:21:17.758128364Z"}
2026-08-20T18:21:19.079556922Z {"message":"[GetQuote] received request","severity":"info","timestamp":"2026-08-20T18:21:19.079372791Z"}
2026-08-20T18:21:19.079579226Z {"message":"[GetQuote] completed request","severity":"info","timestamp":"2026-08-20T18:21:19.079415298Z"}
2026-08-20T18:21:20.754997545Z {"message":"[GetQuote] received request","severity":"info","timestamp":"2026-08-20T18:21:20.754690693Z"}
2026-08-20T18:21:20.755032751Z {"message":"[GetQuote] completed request","severity":"info","timestamp":"2026-08-20T18:21:20.754737901Z"}
2026-08-20T18:21:20.781232281Z {"message":"[GetQuote] received request","severity":"info","timestamp":"2026-08-20T18:21:20.781076855Z"}
2026-08-20T18:21:20.781251785Z {"message":"[GetQuote] completed request","severity":"info","timestamp":"2026-08-20T18:21:20.781111261Z"}
2026-08-20T18:21:20.783801316Z {"message":"[ShipOrder] received request","severity":"info","timestamp":"2026-08-20T18:21:20.783653891Z"}
2026-08-20T18:21:20.783814118Z {"message":"[ShipOrder] completed request","severity":"info","timestamp":"2026-08-20T18:21:20.783697298Z"}
2026-08-20T18:21:21.589561573Z {"message":"[GetQuote] received request","severity":"info","timestamp":"2026-08-20T18:21:21.589350237Z"}
2026-08-20T18:21:21.589584677Z {"message":"[GetQuote] completed request","severity":"info","timestamp":"2026-08-20T18:21:21.589430551Z"}
2026-08-20T18:21:27.611626707Z {"message":"[GetQuote] received request","severity":"info","timestamp":"2026-08-20T18:21:27.610916897Z"}
2026-08-20T18:21:27.611700418Z {"message":"[GetQuote] completed request","severity":"info","timestamp":"2026-08-20T18:21:27.610977606Z"}
2026-08-20T18:21:27.877576703Z {"message":"[GetQuote] received request","severity":"info","timestamp":"2026-08-20T18:21:27.877201844Z"}
2026-08-20T18:21:27.877623810Z {"message":"[GetQuote] completed request","severity":"info","timestamp":"2026-08-20T18:21:27.877408476Z"}
2026-08-20T18:21:28.972170467Z {"message":"[GetQuote] received request","severity":"info","timestamp":"2026-08-20T18:21:28.971362241Z"}
2026-08-20T18:21:28.972253479Z {"message":"[GetQuote] completed request","severity":"info","timestamp":"2026-08-20T18:21:28.971533168Z"}
2026-08-20T18:21:30.910467237Z {"message":"[GetQuote] received request","severity":"info","timestamp":"2026-08-20T18:21:30.910233901Z"}
2026-08-20T18:21:30.910498042Z {"message":"[GetQuote] completed request","severity":"info","timestamp":"2026-08-20T18:21:30.910276107Z"}
2026-08-20T18:21:31.054344778Z {"message":"[GetQuote] received request","severity":"info","timestamp":"2026-08-20T18:21:31.054143447Z"}
2026-08-20T18:21:31.054371082Z {"message":"[GetQuote] completed request","severity":"info","timestamp":"2026-08-20T18:21:31.054188854Z"}
2026-08-20T18:21:31.954977124Z {"message":"[GetQuote] received request","severity":"info","timestamp":"2026-08-20T18:21:31.954443141Z"}
2026-08-20T18:21:31.955029532Z {"message":"[GetQuote] completed request","severity":"info","timestamp":"2026-08-20T18:21:31.95449915Z"}
2026-08-20T18:21:35.910345338Z {"message":"[GetQuote] received request","severity":"info","timestamp":"2026-08-20T18:21:35.909983798Z"}
2026-08-20T18:21:35.910389843Z {"message":"[GetQuote] completed request","severity":"info","timestamp":"2026-08-20T18:21:35.910027103Z"}
2026-08-20T18:21:39.569285361Z {"message":"[GetQuote] received request","severity":"info","timestamp":"2026-08-20T18:21:39.56900553Z"}
2026-08-20T18:21:39.569331566Z {"message":"[GetQuote] completed request","severity":"info","timestamp":"2026-08-20T18:21:39.569052335Z"}
2026-08-20T18:21:39.978384367Z {"message":"[GetQuote] received request","severity":"info","timestamp":"2026-08-20T18:21:39.978029728Z"}
2026-08-20T18:21:39.978422771Z {"message":"[GetQuote] completed request","severity":"info","timestamp":"2026-08-20T18:21:39.978072432Z"}
2026-08-20T18:21:39.999052046Z {"message":"[GetQuote] received request","severity":"info","timestamp":"2026-08-20T18:21:39.998753313Z"}
2026-08-20T18:21:39.999071548Z {"message":"[GetQuote] completed request","severity":"info","timestamp":"2026-08-20T18:21:39.998783916Z"}
2026-08-20T18:21:40.003384623Z {"message":"[ShipOrder] received request","severity":"info","timestamp":"2026-08-20T18:21:40.003121894Z"}
2026-08-20T18:21:40.003402825Z {"message":"[ShipOrder] completed request","severity":"info","timestamp":"2026-08-20T18:21:40.0031735Z"}
2026-08-20T18:21:40.682438594Z {"message":"[GetQuote] received request","severity":"info","timestamp":"2026-08-20T18:21:40.681776321Z"}
2026-08-20T18:21:40.682502401Z {"message":"[GetQuote] completed request","severity":"info","timestamp":"2026-08-20T18:21:40.681891533Z"}
2026-08-20T18:21:42.109194302Z {"message":"[GetQuote] received request","severity":"info","timestamp":"2026-08-20T18:21:42.108912353Z"}
2026-08-20T18:21:42.109229108Z {"message":"[GetQuote] completed request","severity":"info","timestamp":"2026-08-20T18:21:42.108973164Z"}
2026-08-20T18:21:42.990120314Z {"message":"[GetQuote] received request","severity":"info","timestamp":"2026-08-20T18:21:42.989897275Z"}
2026-08-20T18:21:42.990152420Z {"message":"[GetQuote] completed request","severity":"info","timestamp":"2026-08-20T18:21:42.989946584Z"}
2026-08-20T18:21:43.975476948Z {"message":"[GetQuote] received request","severity":"info","timestamp":"2026-08-20T18:21:43.975154792Z"}
2026-08-20T18:21:43.975507254Z {"message":"[GetQuote] completed request","severity":"info","timestamp":"2026-08-20T18:21:43.975339124Z"}
2026-08-20T18:21:44.703106312Z {"message":"[GetQuote] received request","severity":"info","timestamp":"2026-08-20T18:21:44.702794157Z"}
2026-08-20T18:21:44.703135117Z {"message":"[GetQuote] completed request","severity":"info","timestamp":"2026-08-20T18:21:44.70286957Z"}
2026-08-20T18:21:47.398442419Z {"message":"[GetQuote] received request","severity":"info","timestamp":"2026-08-20T18:21:47.398118162Z"}
2026-08-20T18:21:47.398483226Z {"message":"[GetQuote] completed request","severity":"info","timestamp":"2026-08-20T18:21:47.39816287Z"}
2026-08-20T18:21:47.966183883Z {"message":"[GetQuote] received request","severity":"info","timestamp":"2026-08-20T18:21:47.965570176Z"}
2026-08-20T18:21:47.966243994Z {"message":"[GetQuote] completed request","severity":"info","timestamp":"2026-08-20T18:21:47.965672194Z"}
2026-08-20T18:21:48.587625018Z {"message":"[GetQuote] received request","severity":"info","timestamp":"2026-08-20T18:21:48.587322765Z"}
2026-08-20T18:21:48.587653523Z {"message":"[GetQuote] completed request","severity":"info","timestamp":"2026-08-20T18:21:48.587424183Z"}
2026-08-20T18:21:48.890611286Z {"message":"[GetQuote] received request","severity":"info","timestamp":"2026-08-20T18:21:48.888432306Z"}
2026-08-20T18:21:48.890642491Z {"message":"[GetQuote] completed request","severity":"info","timestamp":"2026-08-20T18:21:48.888524222Z"}
2026-08-20T18:21:49.173822603Z {"message":"[GetQuote] received request","severity":"info","timestamp":"2026-08-20T18:21:49.173625469Z"}
2026-08-20T18:21:49.173846207Z {"message":"[GetQuote] completed request","severity":"info","timestamp":"2026-08-20T18:21:49.173655174Z"}
2026-08-20T18:21:50.704439205Z {"message":"[GetQuote] received request","severity":"info","timestamp":"2026-08-20T18:21:50.70400363Z"}
2026-08-20T18:21:50.704481912Z {"message":"[GetQuote] completed request","severity":"info","timestamp":"2026-08-20T18:21:50.704068041Z"}
2026-08-20T18:21:56.636528004Z {"message":"[GetQuote] received request","severity":"info","timestamp":"2026-08-20T18:21:56.636056824Z"}
2026-08-20T18:21:56.636583014Z {"message":"[GetQuote] completed request","severity":"info","timestamp":"2026-08-20T18:21:56.636188746Z"}
2026-08-20T18:21:57.944322039Z {"message":"[GetQuote] received request","severity":"info","timestamp":"2026-08-20T18:21:57.943692943Z"}
2026-08-20T18:21:57.944393250Z {"message":"[GetQuote] completed request","severity":"info","timestamp":"2026-08-20T18:21:57.943821963Z"}
2026-08-20T18:21:58.149214148Z {"message":"[GetQuote] received request","severity":"info","timestamp":"2026-08-20T18:21:58.149019918Z"}
2026-08-20T18:21:58.149239952Z {"message":"[GetQuote] completed request","severity":"info","timestamp":"2026-08-20T18:21:58.149057624Z"}
2026-08-20T18:21:58.545466705Z {"message":"[GetQuote] received request","severity":"info","timestamp":"2026-08-20T18:21:58.54523907Z"}
2026-08-20T18:21:58.545503811Z {"message":"[GetQuote] completed request","severity":"info","timestamp":"2026-08-20T18:21:58.545318182Z"}
2026-08-20T18:22:00.515243940Z {"message":"[GetQuote] received request","severity":"info","timestamp":"2026-08-20T18:22:00.514599042Z"}
2026-08-20T18:22:00.515314551Z {"message":"[GetQuote] completed request","severity":"info","timestamp":"2026-08-20T18:22:00.514759167Z"}
2026-08-20T18:22:00.871298975Z {"message":"[GetQuote] received request","severity":"info","timestamp":"2026-08-20T18:22:00.870538059Z"}
2026-08-20T18:22:00.871356483Z {"message":"[GetQuote] completed request","severity":"info","timestamp":"2026-08-20T18:22:00.87061437Z"}
2026-08-20T18:22:01.035530190Z {"message":"[GetQuote] received request","severity":"info","timestamp":"2026-08-20T18:22:01.034942601Z"}
2026-08-20T18:22:01.035572497Z {"message":"[GetQuote] completed request","severity":"info","timestamp":"2026-08-20T18:22:01.035041316Z"}
2026-08-20T18:22:01.055816680Z {"message":"[ShipOrder] received request","severity":"info","timestamp":"2026-08-20T18:22:01.05535891Z"}
2026-08-20T18:22:01.055882290Z {"message":"[ShipOrder] completed request","severity":"info","timestamp":"2026-08-20T18:22:01.055623351Z"}
2026-08-20T18:22:01.266535977Z {"message":"[GetQuote] received request","severity":"info","timestamp":"2026-08-20T18:22:01.266221629Z"}
2026-08-20T18:22:01.266636792Z {"message":"[GetQuote] completed request","severity":"info","timestamp":"2026-08-20T18:22:01.266270836Z"}
2026-08-20T18:22:01.661854892Z {"message":"[GetQuote] received request","severity":"info","timestamp":"2026-08-20T18:22:01.661642559Z"}
2026-08-20T18:22:01.661883596Z {"message":"[GetQuote] completed request","severity":"info","timestamp":"2026-08-20T18:22:01.661689566Z"}
2026-08-20T18:22:03.205161839Z {"message":"[GetQuote] received request","severity":"info","timestamp":"2026-08-20T18:22:03.204942505Z"}
2026-08-20T18:22:03.205187143Z {"message":"[GetQuote] completed request","severity":"info","timestamp":"2026-08-20T18:22:03.204975811Z"}
2026-08-20T18:22:03.493696288Z {"message":"[GetQuote] received request","severity":"info","timestamp":"2026-08-20T18:22:03.493430348Z"}
2026-08-20T18:22:03.493724993Z {"message":"[GetQuote] completed request","severity":"info","timestamp":"2026-08-20T18:22:03.493468854Z"}
2026-08-20T18:22:04.349239604Z {"message":"[GetQuote] received request","severity":"info","timestamp":"2026-08-20T18:22:04.348990766Z"}
2026-08-20T18:22:04.349264808Z {"message":"[GetQuote] completed request","severity":"info","timestamp":"2026-08-20T18:22:04.349034673Z"}
2026-08-20T18:22:08.158964669Z {"message":"[GetQuote] received request","severity":"info","timestamp":"2026-08-20T18:22:08.158768737Z"}
2026-08-20T18:22:08.158984772Z {"message":"[GetQuote] completed request","severity":"info","timestamp":"2026-08-20T18:22:08.158809943Z"}
2026-08-20T18:22:08.171729466Z {"message":"[GetQuote] received request","severity":"info","timestamp":"2026-08-20T18:22:08.171548237Z"}
2026-08-20T18:22:08.171750670Z {"message":"[GetQuote] completed request","severity":"info","timestamp":"2026-08-20T18:22:08.171586143Z"}
2026-08-20T18:22:08.174622042Z {"message":"[ShipOrder] received request","severity":"info","timestamp":"2026-08-20T18:22:08.174497821Z"}
2026-08-20T18:22:08.174631043Z {"message":"[ShipOrder] completed request","severity":"info","timestamp":"2026-08-20T18:22:08.174535327Z"}
2026-08-20T18:22:09.682791671Z {"message":"[GetQuote] received request","severity":"info","timestamp":"2026-08-20T18:22:09.682572335Z"}
2026-08-20T18:22:09.682813574Z {"message":"[GetQuote] completed request","severity":"info","timestamp":"2026-08-20T18:22:09.682609741Z"}
2026-08-20T18:22:10.383877676Z {"message":"[GetQuote] received request","severity":"info","timestamp":"2026-08-20T18:22:10.383502415Z"}
2026-08-20T18:22:10.383919883Z {"message":"[GetQuote] completed request","severity":"info","timestamp":"2026-08-20T18:22:10.383602531Z"}
2026-08-20T18:22:11.379778027Z {"message":"[GetQuote] received request","severity":"info","timestamp":"2026-08-20T18:22:11.379398165Z"}
2026-08-20T18:22:11.379821634Z {"message":"[GetQuote] completed request","severity":"info","timestamp":"2026-08-20T18:22:11.379487179Z"}
2026-08-20T18:22:14.315565415Z {"message":"[GetQuote] received request","severity":"info","timestamp":"2026-08-20T18:22:14.315105238Z"}
2026-08-20T18:22:14.315617624Z {"message":"[GetQuote] completed request","severity":"info","timestamp":"2026-08-20T18:22:14.315199354Z"}
2026-08-20T18:22:15.174745289Z {"message":"[GetQuote] received request","severity":"info","timestamp":"2026-08-20T18:22:15.174444539Z"}
2026-08-20T18:22:15.174784496Z {"message":"[GetQuote] completed request","severity":"info","timestamp":"2026-08-20T18:22:15.17450925Z"}
2026-08-20T18:22:15.669579680Z {"message":"[GetQuote] received request","severity":"info","timestamp":"2026-08-20T18:22:15.669216319Z"}
2026-08-20T18:22:15.669618386Z {"message":"[GetQuote] completed request","severity":"info","timestamp":"2026-08-20T18:22:15.669292032Z"}
2026-08-20T18:22:15.783940490Z {"message":"[GetQuote] received request","severity":"info","timestamp":"2026-08-20T18:22:15.783667544Z"}
2026-08-20T18:22:15.783974896Z {"message":"[GetQuote] completed request","severity":"info","timestamp":"2026-08-20T18:22:15.783709851Z"}
2026-08-20T18:22:18.094970478Z {"message":"[GetQuote] received request","severity":"info","timestamp":"2026-08-20T18:22:18.094697933Z"}
2026-08-20T18:22:18.095006284Z {"message":"[GetQuote] completed request","severity":"info","timestamp":"2026-08-20T18:22:18.094764644Z"}
2026-08-20T18:22:19.165167715Z {"message":"[GetQuote] received request","severity":"info","timestamp":"2026-08-20T18:22:19.164628625Z"}
2026-08-20T18:22:19.165222525Z {"message":"[GetQuote] completed request","severity":"info","timestamp":"2026-08-20T18:22:19.164736043Z"}
2026-08-20T18:22:19.865046870Z {"message":"[GetQuote] received request","severity":"info","timestamp":"2026-08-20T18:22:19.864593594Z"}
2026-08-20T18:22:19.865116781Z {"message":"[GetQuote] completed request","severity":"info","timestamp":"2026-08-20T18:22:19.86468831Z"}
2026-08-20T18:22:20.174113417Z {"message":"[GetQuote] received request","severity":"info","timestamp":"2026-08-20T18:22:20.173725852Z"}
2026-08-20T18:22:20.174154624Z {"message":"[GetQuote] completed request","severity":"info","timestamp":"2026-08-20T18:22:20.173795364Z"}
2026-08-20T18:22:20.369363144Z {"message":"[GetQuote] received request","severity":"info","timestamp":"2026-08-20T18:22:20.368504501Z"}
2026-08-20T18:22:20.369447358Z {"message":"[GetQuote] completed request","severity":"info","timestamp":"2026-08-20T18:22:20.368673429Z"}
2026-08-20T18:22:21.196153306Z {"message":"[GetQuote] received request","severity":"info","timestamp":"2026-08-20T18:22:21.195909366Z"}
2026-08-20T18:22:21.196185412Z {"message":"[GetQuote] completed request","severity":"info","timestamp":"2026-08-20T18:22:21.195962275Z"}
2026-08-20T18:22:24.382365996Z {"message":"[GetQuote] received request","severity":"info","timestamp":"2026-08-20T18:22:24.380842741Z"}
2026-08-20T18:22:24.382407903Z {"message":"[GetQuote] completed request","severity":"info","timestamp":"2026-08-20T18:22:24.380907952Z"}
2026-08-20T18:22:24.639391720Z {"message":"[GetQuote] received request","severity":"info","timestamp":"2026-08-20T18:22:24.63897535Z"}
2026-08-20T18:22:24.639420025Z {"message":"[GetQuote] completed request","severity":"info","timestamp":"2026-08-20T18:22:24.639041561Z"}
2026-08-20T18:22:24.940832979Z {"message":"[GetQuote] received request","severity":"info","timestamp":"2026-08-20T18:22:24.940451115Z"}
2026-08-20T18:22:24.940869085Z {"message":"[GetQuote] completed request","severity":"info","timestamp":"2026-08-20T18:22:24.940521027Z"}
2026-08-20T18:22:25.762917490Z {"message":"[GetQuote] received request","severity":"info","timestamp":"2026-08-20T18:22:25.762533726Z"}
2026-08-20T18:22:25.762954996Z {"message":"[GetQuote] completed request","severity":"info","timestamp":"2026-08-20T18:22:25.762611039Z"}
2026-08-20T18:22:25.781565912Z {"message":"[GetQuote] received request","severity":"info","timestamp":"2026-08-20T18:22:25.781207852Z"}
2026-08-20T18:22:25.781604618Z {"message":"[GetQuote] completed request","severity":"info","timestamp":"2026-08-20T18:22:25.781297867Z"}
2026-08-20T18:22:25.789536246Z {"message":"[ShipOrder] received request","severity":"info","timestamp":"2026-08-20T18:22:25.789212092Z"}
2026-08-20T18:22:25.789566751Z {"message":"[ShipOrder] completed request","severity":"info","timestamp":"2026-08-20T18:22:25.789302407Z"}
2026-08-20T18:22:26.156364851Z {"message":"[GetQuote] received request","severity":"info","timestamp":"2026-08-20T18:22:26.155932678Z"}
2026-08-20T18:22:26.156403857Z {"message":"[GetQuote] completed request","severity":"info","timestamp":"2026-08-20T18:22:26.156014492Z"}
2026-08-20T18:22:27.024226324Z {"message":"[GetQuote] received request","severity":"info","timestamp":"2026-08-20T18:22:27.023507204Z"}
2026-08-20T18:22:27.024293036Z {"message":"[GetQuote] completed request","severity":"info","timestamp":"2026-08-20T18:22:27.023627024Z"}
2026-08-20T18:22:28.080832393Z {"message":"[GetQuote] received request","severity":"info","timestamp":"2026-08-20T18:22:28.080676767Z"}
2026-08-20T18:22:28.080888802Z {"message":"[GetQuote] completed request","severity":"info","timestamp":"2026-08-20T18:22:28.080724875Z"}
2026-08-20T18:22:30.038524859Z {"message":"[GetQuote] received request","severity":"info","timestamp":"2026-08-20T18:22:30.038140195Z"}
2026-08-20T18:22:30.038565365Z {"message":"[GetQuote] completed request","severity":"info","timestamp":"2026-08-20T18:22:30.038217008Z"}
2026-08-20T18:22:31.865392202Z {"message":"[GetQuote] received request","severity":"info","timestamp":"2026-08-20T18:22:31.864967031Z"}
2026-08-20T18:22:31.865441110Z {"message":"[GetQuote] completed request","severity":"info","timestamp":"2026-08-20T18:22:31.865073049Z"}
2026-08-20T18:22:32.264768219Z {"message":"[GetQuote] received request","severity":"info","timestamp":"2026-08-20T18:22:32.264497675Z"}
2026-08-20T18:22:32.264816327Z {"message":"[GetQuote] completed request","severity":"info","timestamp":"2026-08-20T18:22:32.264556184Z"}
2026-08-20T18:22:33.679285435Z {"message":"[GetQuote] received request","severity":"info","timestamp":"2026-08-20T18:22:33.679085802Z"}
2026-08-20T18:22:33.679305238Z {"message":"[GetQuote] completed request","severity":"info","timestamp":"2026-08-20T18:22:33.679118407Z"}
2026-08-20T18:22:35.859425563Z {"message":"[GetQuote] received request","severity":"info","timestamp":"2026-08-20T18:22:35.858987291Z"}
2026-08-20T18:22:35.859524280Z {"message":"[GetQuote] completed request","severity":"info","timestamp":"2026-08-20T18:22:35.859142516Z"}
2026-08-20T18:22:36.496476429Z {"message":"[GetQuote] received request","severity":"info","timestamp":"2026-08-20T18:22:36.495005585Z"}
2026-08-20T18:22:36.496520836Z {"message":"[GetQuote] completed request","severity":"info","timestamp":"2026-08-20T18:22:36.495060794Z"}
2026-08-20T18:22:37.984843686Z {"message":"[GetQuote] received request","severity":"info","timestamp":"2026-08-20T18:22:37.984544336Z"}
2026-08-20T18:22:37.984914698Z {"message":"[GetQuote] completed request","severity":"info","timestamp":"2026-08-20T18:22:37.984635951Z"}
2026-08-20T18:22:43.205810811Z {"message":"[GetQuote] received request","severity":"info","timestamp":"2026-08-20T18:22:43.205605177Z"}
2026-08-20T18:22:43.205847117Z {"message":"[GetQuote] completed request","severity":"info","timestamp":"2026-08-20T18:22:43.205651084Z"}
2026-08-20T18:22:43.350572948Z {"message":"[GetQuote] received request","severity":"info","timestamp":"2026-08-20T18:22:43.350238092Z"}
2026-08-20T18:22:43.350603553Z {"message":"[GetQuote] completed request","severity":"info","timestamp":"2026-08-20T18:22:43.350312205Z"}
2026-08-20T18:22:43.622697221Z {"message":"[GetQuote] received request","severity":"info","timestamp":"2026-08-20T18:22:43.622516191Z"}
2026-08-20T18:22:43.622722425Z {"message":"[GetQuote] completed request","severity":"info","timestamp":"2026-08-20T18:22:43.622554797Z"}
2026-08-20T18:22:48.485651195Z {"message":"[GetQuote] received request","severity":"info","timestamp":"2026-08-20T18:22:48.485397653Z"}
2026-08-20T18:22:48.485685201Z {"message":"[GetQuote] completed request","severity":"info","timestamp":"2026-08-20T18:22:48.485459463Z"}
2026-08-20T18:22:49.639313724Z {"message":"[GetQuote] received request","severity":"info","timestamp":"2026-08-20T18:22:49.638723626Z"}
2026-08-20T18:22:49.639354531Z {"message":"[GetQuote] completed request","severity":"info","timestamp":"2026-08-20T18:22:49.638791737Z"}
2026-08-20T18:22:51.926173662Z {"message":"[GetQuote] received request","severity":"info","timestamp":"2026-08-20T18:22:51.925711285Z"}
2026-08-20T18:22:51.926216870Z {"message":"[GetQuote] completed request","severity":"info","timestamp":"2026-08-20T18:22:51.925788898Z"}
2026-08-20T18:22:53.556370635Z {"message":"[GetQuote] received request","severity":"info","timestamp":"2026-08-20T18:22:53.556105992Z"}
2026-08-20T18:22:53.556405941Z {"message":"[GetQuote] completed request","severity":"info","timestamp":"2026-08-20T18:22:53.5561564Z"}
2026-08-20T18:22:53.573859039Z {"message":"[GetQuote] received request","severity":"info","timestamp":"2026-08-20T18:22:53.573590095Z"}
2026-08-20T18:22:53.573889544Z {"message":"[GetQuote] completed request","severity":"info","timestamp":"2026-08-20T18:22:53.573640003Z"}
2026-08-20T18:22:53.579959552Z {"message":"[ShipOrder] received request","severity":"info","timestamp":"2026-08-20T18:22:53.579781523Z"}
2026-08-20T18:22:53.579979956Z {"message":"[ShipOrder] completed request","severity":"info","timestamp":"2026-08-20T18:22:53.57982763Z"}
2026-08-20T18:22:54.318772925Z {"message":"[GetQuote] received request","severity":"info","timestamp":"2026-08-20T18:22:54.318353555Z"}
2026-08-20T18:22:54.318821533Z {"message":"[GetQuote] completed request","severity":"info","timestamp":"2026-08-20T18:22:54.318449971Z"}
2026-08-20T18:22:58.471646070Z {"message":"[GetQuote] received request","severity":"info","timestamp":"2026-08-20T18:22:58.470771525Z"}
2026-08-20T18:22:58.471709381Z {"message":"[GetQuote] completed request","severity":"info","timestamp":"2026-08-20T18:22:58.471220299Z"}
2026-08-20T18:22:58.570449776Z {"message":"[GetQuote] received request","severity":"info","timestamp":"2026-08-20T18:22:58.570272746Z"}
2026-08-20T18:22:58.570468779Z {"message":"[GetQuote] completed request","severity":"info","timestamp":"2026-08-20T18:22:58.570318054Z"}
2026-08-20T18:22:58.574078078Z {"message":"[ShipOrder] received request","severity":"info","timestamp":"2026-08-20T18:22:58.573897348Z"}
2026-08-20T18:22:58.574088780Z {"message":"[ShipOrder] completed request","severity":"info","timestamp":"2026-08-20T18:22:58.573938855Z"}
2026-08-20T18:22:58.579268940Z {"message":"[GetQuote] received request","severity":"info","timestamp":"2026-08-20T18:22:58.576958056Z"}
2026-08-20T18:22:58.579306146Z {"message":"[GetQuote] completed request","severity":"info","timestamp":"2026-08-20T18:22:58.577006864Z"}
2026-08-20T18:22:59.867008557Z {"message":"[GetQuote] received request","severity":"info","timestamp":"2026-08-20T18:22:59.866407157Z"}
2026-08-20T18:22:59.867091571Z {"message":"[GetQuote] completed request","severity":"info","timestamp":"2026-08-20T18:22:59.866572384Z"}
2026-08-20T18:22:59.966389858Z {"message":"[GetQuote] received request","severity":"info","timestamp":"2026-08-20T18:22:59.965663837Z"}
2026-08-20T18:22:59.966465571Z {"message":"[GetQuote] completed request","severity":"info","timestamp":"2026-08-20T18:22:59.965830365Z"}
2026-08-20T18:23:00.884353077Z {"message":"[GetQuote] received request","severity":"info","timestamp":"2026-08-20T18:23:00.884040425Z"}
2026-08-20T18:23:00.884378981Z {"message":"[GetQuote] completed request","severity":"info","timestamp":"2026-08-20T18:23:00.884091634Z"}
2026-08-20T18:23:02.702849867Z {"message":"[GetQuote] received request","severity":"info","timestamp":"2026-08-20T18:23:02.701914516Z"}
2026-08-20T18:23:02.702926279Z {"message":"[GetQuote] completed request","severity":"info","timestamp":"2026-08-20T18:23:02.702075042Z"}
2026-08-20T18:23:04.540422584Z {"message":"[GetQuote] received request","severity":"info","timestamp":"2026-08-20T18:23:04.540105333Z"}
2026-08-20T18:23:04.540460090Z {"message":"[GetQuote] completed request","severity":"info","timestamp":"2026-08-20T18:23:04.540144339Z"}
2026-08-20T18:23:05.464094782Z {"message":"[GetQuote] received request","severity":"info","timestamp":"2026-08-20T18:23:05.463825539Z"}
2026-08-20T18:23:05.464120587Z {"message":"[GetQuote] completed request","severity":"info","timestamp":"2026-08-20T18:23:05.463960461Z"}
2026-08-20T18:23:09.581900644Z {"message":"[GetQuote] received request","severity":"info","timestamp":"2026-08-20T18:23:09.581669105Z"}
2026-08-20T18:23:09.581931549Z {"message":"[GetQuote] completed request","severity":"info","timestamp":"2026-08-20T18:23:09.581722914Z"}
2026-08-20T18:23:09.592098463Z {"message":"[GetQuote] received request","severity":"info","timestamp":"2026-08-20T18:23:09.591794012Z"}
2026-08-20T18:23:09.592121067Z {"message":"[GetQuote] completed request","severity":"info","timestamp":"2026-08-20T18:23:09.591844821Z"}
2026-08-20T18:23:09.595688669Z {"message":"[ShipOrder] received request","severity":"info","timestamp":"2026-08-20T18:23:09.595468332Z"}
2026-08-20T18:23:09.595701071Z {"message":"[ShipOrder] completed request","severity":"info","timestamp":"2026-08-20T18:23:09.595527341Z"}
2026-08-20T18:23:10.097521789Z {"message":"[GetQuote] received request","severity":"info","timestamp":"2026-08-20T18:23:10.095773095Z"}
2026-08-20T18:23:10.097539692Z {"message":"[GetQuote] completed request","severity":"info","timestamp":"2026-08-20T18:23:10.095828504Z"}
2026-08-20T18:23:12.341960954Z {"message":"[GetQuote] received request","severity":"info","timestamp":"2026-08-20T18:23:12.341555986Z"}
2026-08-20T18:23:12.342000561Z {"message":"[GetQuote] completed request","severity":"info","timestamp":"2026-08-20T18:23:12.341623197Z"}
2026-08-20T18:23:14.031192998Z {"message":"[GetQuote] received request","severity":"info","timestamp":"2026-08-20T18:23:14.030956058Z"}
2026-08-20T18:23:14.031213501Z {"message":"[GetQuote] completed request","severity":"info","timestamp":"2026-08-20T18:23:14.030979262Z"}
2026-08-20T18:23:14.348956780Z {"message":"[GetQuote] received request","severity":"info","timestamp":"2026-08-20T18:23:14.348763147Z"}
2026-08-20T18:23:14.348971182Z {"message":"[GetQuote] completed request","severity":"info","timestamp":"2026-08-20T18:23:14.348790252Z"}
2026-08-20T18:23:14.676011429Z {"message":"[GetQuote] received request","severity":"info","timestamp":"2026-08-20T18:23:14.675599059Z"}
2026-08-20T18:23:14.676089142Z {"message":"[GetQuote] completed request","severity":"info","timestamp":"2026-08-20T18:23:14.675683474Z"}
2026-08-20T18:23:18.032642399Z {"message":"[GetQuote] received request","severity":"info","timestamp":"2026-08-20T18:23:18.031840162Z"}
2026-08-20T18:23:18.032710011Z {"message":"[GetQuote] completed request","severity":"info","timestamp":"2026-08-20T18:23:18.032066701Z"}
2026-08-20T18:23:19.690272689Z {"message":"[GetQuote] received request","severity":"info","timestamp":"2026-08-20T18:23:19.689936531Z"}
2026-08-20T18:23:19.690344901Z {"message":"[GetQuote] completed request","severity":"info","timestamp":"2026-08-20T18:23:19.690015145Z"}
2026-08-20T18:23:25.120969004Z {"message":"[GetQuote] received request","severity":"info","timestamp":"2026-08-20T18:23:25.120577737Z"}
2026-08-20T18:23:25.121010611Z {"message":"[GetQuote] completed request","severity":"info","timestamp":"2026-08-20T18:23:25.120670553Z"}
2026-08-20T18:23:25.568161145Z {"message":"[GetQuote] received request","severity":"info","timestamp":"2026-08-20T18:23:25.566295327Z"}
2026-08-20T18:23:25.568213754Z {"message":"[GetQuote] completed request","severity":"info","timestamp":"2026-08-20T18:23:25.566931935Z"}
2026-08-20T18:23:26.572793950Z {"message":"[GetQuote] received request","severity":"info","timestamp":"2026-08-20T18:23:26.572524304Z"}
2026-08-20T18:23:26.572826656Z {"message":"[GetQuote] completed request","severity":"info","timestamp":"2026-08-20T18:23:26.572581614Z"}
2026-08-20T18:23:28.370114799Z {"message":"[GetQuote] received request","severity":"info","timestamp":"2026-08-20T18:23:28.369836051Z"}
2026-08-20T18:23:28.370148004Z {"message":"[GetQuote] completed request","severity":"info","timestamp":"2026-08-20T18:23:28.369879459Z"}
2026-08-20T18:23:29.149116808Z {"message":"[GetQuote] received request","severity":"info","timestamp":"2026-08-20T18:23:29.148932576Z"}
2026-08-20T18:23:29.149142312Z {"message":"[GetQuote] completed request","severity":"info","timestamp":"2026-08-20T18:23:29.148968382Z"}
2026-08-20T18:23:29.651571134Z {"message":"[GetQuote] received request","severity":"info","timestamp":"2026-08-20T18:23:29.651363398Z"}
2026-08-20T18:23:29.651602039Z {"message":"[GetQuote] completed request","severity":"info","timestamp":"2026-08-20T18:23:29.651405505Z"}
2026-08-20T18:23:31.329936487Z {"message":"[GetQuote] received request","severity":"info","timestamp":"2026-08-20T18:23:31.329574625Z"}
2026-08-20T18:23:31.329973993Z {"message":"[GetQuote] completed request","severity":"info","timestamp":"2026-08-20T18:23:31.329641537Z"}
2026-08-20T18:23:31.368753910Z {"message":"[GetQuote] received request","severity":"info","timestamp":"2026-08-20T18:23:31.36828563Z"}
2026-08-20T18:23:31.368793416Z {"message":"[GetQuote] completed request","severity":"info","timestamp":"2026-08-20T18:23:31.368360543Z"}
2026-08-20T18:23:31.376063357Z {"message":"[ShipOrder] received request","severity":"info","timestamp":"2026-08-20T18:23:31.375595377Z"}
2026-08-20T18:23:31.376088661Z {"message":"[ShipOrder] completed request","severity":"info","timestamp":"2026-08-20T18:23:31.375663889Z"}
2026-08-20T18:23:33.589452409Z {"message":"[GetQuote] received request","severity":"info","timestamp":"2026-08-20T18:23:33.589240774Z"}
2026-08-20T18:23:33.589477113Z {"message":"[GetQuote] completed request","severity":"info","timestamp":"2026-08-20T18:23:33.58927948Z"}
2026-08-20T18:23:35.301540987Z {"message":"[GetQuote] received request","severity":"info","timestamp":"2026-08-20T18:23:35.300729953Z"}
2026-08-20T18:23:35.301686211Z {"message":"[GetQuote] completed request","severity":"info","timestamp":"2026-08-20T18:23:35.300785262Z"}
2026-08-20T18:23:35.824252752Z {"message":"[GetQuote] received request","severity":"info","timestamp":"2026-08-20T18:23:35.824076723Z"}
2026-08-20T18:23:35.824290958Z {"message":"[GetQuote] completed request","severity":"info","timestamp":"2026-08-20T18:23:35.824111029Z"}
2026-08-20T18:23:35.840004355Z {"message":"[GetQuote] received request","severity":"info","timestamp":"2026-08-20T18:23:35.839829926Z"}
2026-08-20T18:23:35.840019057Z {"message":"[GetQuote] completed request","severity":"info","timestamp":"2026-08-20T18:23:35.839862631Z"}
2026-08-20T18:23:35.843630954Z {"message":"[ShipOrder] received request","severity":"info","timestamp":"2026-08-20T18:23:35.843423019Z"}
2026-08-20T18:23:35.843651057Z {"message":"[ShipOrder] completed request","severity":"info","timestamp":"2026-08-20T18:23:35.843474528Z"}
2026-08-20T18:23:36.415614859Z {"message":"[GetQuote] received request","severity":"info","timestamp":"2026-08-20T18:23:36.415359217Z"}
2026-08-20T18:23:36.415642764Z {"message":"[GetQuote] completed request","severity":"info","timestamp":"2026-08-20T18:23:36.415408925Z"}
2026-08-20T18:23:36.499192468Z {"message":"[GetQuote] received request","severity":"info","timestamp":"2026-08-20T18:23:36.498935026Z"}
2026-08-20T18:23:36.499220273Z {"message":"[GetQuote] completed request","severity":"info","timestamp":"2026-08-20T18:23:36.498978333Z"}
2026-08-20T18:23:36.517443084Z {"message":"[GetQuote] received request","severity":"info","timestamp":"2026-08-20T18:23:36.517041217Z"}
2026-08-20T18:23:36.517492492Z {"message":"[GetQuote] completed request","severity":"info","timestamp":"2026-08-20T18:23:36.517080124Z"}
2026-08-20T18:23:36.525768659Z {"message":"[ShipOrder] received request","severity":"info","timestamp":"2026-08-20T18:23:36.525550623Z"}
2026-08-20T18:23:36.525795764Z {"message":"[ShipOrder] completed request","severity":"info","timestamp":"2026-08-20T18:23:36.525604132Z"}
2026-08-20T18:23:36.616776296Z {"message":"[GetQuote] received request","severity":"info","timestamp":"2026-08-20T18:23:36.616562261Z"}
2026-08-20T18:23:36.616805401Z {"message":"[GetQuote] completed request","severity":"info","timestamp":"2026-08-20T18:23:36.616610069Z"}
2026-08-20T18:23:40.044967817Z {"message":"[GetQuote] received request","severity":"info","timestamp":"2026-08-20T18:23:40.04450034Z"}
2026-08-20T18:23:40.045017725Z {"message":"[GetQuote] completed request","severity":"info","timestamp":"2026-08-20T18:23:40.044595755Z"}
2026-08-20T18:23:42.162477952Z {"message":"[GetQuote] received request","severity":"info","timestamp":"2026-08-20T18:23:42.161991171Z"}
2026-08-20T18:23:42.162536761Z {"message":"[GetQuote] completed request","severity":"info","timestamp":"2026-08-20T18:23:42.162093988Z"}
2026-08-20T18:23:42.432626784Z {"message":"[GetQuote] received request","severity":"info","timestamp":"2026-08-20T18:23:42.432105198Z"}
2026-08-20T18:23:42.432668390Z {"message":"[GetQuote] completed request","severity":"info","timestamp":"2026-08-20T18:23:42.432318133Z"}
2026-08-20T18:23:42.438403936Z {"message":"[ShipOrder] received request","severity":"info","timestamp":"2026-08-20T18:23:42.437919256Z"}
2026-08-20T18:23:42.438432241Z {"message":"[ShipOrder] completed request","severity":"info","timestamp":"2026-08-20T18:23:42.438104787Z"}
2026-08-20T18:23:43.633850596Z {"message":"[GetQuote] received request","severity":"info","timestamp":"2026-08-20T18:23:43.633481936Z"}
2026-08-20T18:23:43.633883202Z {"message":"[GetQuote] completed request","severity":"info","timestamp":"2026-08-20T18:23:43.633522042Z"}
2026-08-20T18:23:43.655087997Z {"message":"[GetQuote] received request","severity":"info","timestamp":"2026-08-20T18:23:43.654913068Z"}
2026-08-20T18:23:43.655109401Z {"message":"[GetQuote] completed request","severity":"info","timestamp":"2026-08-20T18:23:43.654951675Z"}
2026-08-20T18:23:43.658070789Z {"message":"[ShipOrder] received request","severity":"info","timestamp":"2026-08-20T18:23:43.657905162Z"}
2026-08-20T18:23:43.658101494Z {"message":"[ShipOrder] completed request","severity":"info","timestamp":"2026-08-20T18:23:43.657964771Z"}
2026-08-20T18:23:44.547646529Z {"message":"[GetQuote] received request","severity":"info","timestamp":"2026-08-20T18:23:44.54735178Z"}
2026-08-20T18:23:44.547679934Z {"message":"[GetQuote] completed request","severity":"info","timestamp":"2026-08-20T18:23:44.547468699Z"}
2026-08-20T18:23:45.985485046Z {"message":"[GetQuote] received request","severity":"info","timestamp":"2026-08-20T18:23:45.985124486Z"}
2026-08-20T18:23:45.985527853Z {"message":"[GetQuote] completed request","severity":"info","timestamp":"2026-08-20T18:23:45.9852073Z"}
2026-08-20T18:23:46.234067723Z {"message":"[GetQuote] received request","severity":"info","timestamp":"2026-08-20T18:23:46.233275892Z"}
2026-08-20T18:23:46.234109429Z {"message":"[GetQuote] completed request","severity":"info","timestamp":"2026-08-20T18:23:46.233598145Z"}
2026-08-20T18:23:46.330481016Z {"message":"[GetQuote] received request","severity":"info","timestamp":"2026-08-20T18:23:46.33020467Z"}
2026-08-20T18:23:46.330512621Z {"message":"[GetQuote] completed request","severity":"info","timestamp":"2026-08-20T18:23:46.33026218Z"}
2026-08-20T18:23:49.571144315Z {"message":"[GetQuote] received request","severity":"info","timestamp":"2026-08-20T18:23:49.570863768Z"}
2026-08-20T18:23:49.571179821Z {"message":"[GetQuote] completed request","severity":"info","timestamp":"2026-08-20T18:23:49.570917877Z"}
2026-08-20T18:23:50.302667786Z {"message":"[GetQuote] received request","severity":"info","timestamp":"2026-08-20T18:23:50.302376746Z"}
2026-08-20T18:23:50.302707792Z {"message":"[GetQuote] completed request","severity":"info","timestamp":"2026-08-20T18:23:50.302450256Z"}
2026-08-20T18:23:51.918681902Z {"message":"[GetQuote] received request","severity":"info","timestamp":"2026-08-20T18:23:51.918128826Z"}
2026-08-20T18:23:51.918742811Z {"message":"[GetQuote] completed request","severity":"info","timestamp":"2026-08-20T18:23:51.918257244Z"}
2026-08-20T18:23:53.588210687Z {"message":"[GetQuote] received request","severity":"info","timestamp":"2026-08-20T18:23:53.5875768Z"}
2026-08-20T18:23:53.588281597Z {"message":"[GetQuote] completed request","severity":"info","timestamp":"2026-08-20T18:23:53.587809432Z"}
2026-08-20T18:23:54.672924146Z {"message":"[GetQuote] received request","severity":"info","timestamp":"2026-08-20T18:23:54.672676712Z"}
2026-08-20T18:23:54.672952950Z {"message":"[GetQuote] completed request","severity":"info","timestamp":"2026-08-20T18:23:54.672726519Z"}
2026-08-20T18:23:56.833279115Z {"message":"[GetQuote] received request","severity":"info","timestamp":"2026-08-20T18:23:56.832755243Z"}
2026-08-20T18:23:56.833324221Z {"message":"[GetQuote] completed request","severity":"info","timestamp":"2026-08-20T18:23:56.832887961Z"}
2026-08-20T18:24:00.256431109Z {"message":"[GetQuote] received request","severity":"info","timestamp":"2026-08-20T18:24:00.256070387Z"}
2026-08-20T18:24:00.256467011Z {"message":"[GetQuote] completed request","severity":"info","timestamp":"2026-08-20T18:24:00.256123491Z"}
2026-08-20T18:24:00.629478997Z {"message":"[GetQuote] received request","severity":"info","timestamp":"2026-08-20T18:24:00.628635646Z"}
2026-08-20T18:24:00.629594904Z {"message":"[GetQuote] completed request","severity":"info","timestamp":"2026-08-20T18:24:00.62885816Z"}
2026-08-20T18:24:01.250875523Z {"message":"[GetQuote] received request","severity":"info","timestamp":"2026-08-20T18:24:01.250238884Z"}
2026-08-20T18:24:01.250953727Z {"message":"[GetQuote] completed request","severity":"info","timestamp":"2026-08-20T18:24:01.250394094Z"}
2026-08-20T18:24:01.781633460Z {"message":"[GetQuote] received request","severity":"info","timestamp":"2026-08-20T18:24:01.781151831Z"}
2026-08-20T18:24:01.781725966Z {"message":"[GetQuote] completed request","severity":"info","timestamp":"2026-08-20T18:24:01.781255037Z"}
2026-08-20T18:24:02.549300772Z {"message":"[GetQuote] received request","severity":"info","timestamp":"2026-08-20T18:24:02.548856845Z"}
2026-08-20T18:24:02.549329274Z {"message":"[GetQuote] completed request","severity":"info","timestamp":"2026-08-20T18:24:02.548954951Z"}
2026-08-20T18:24:03.854242035Z {"message":"[GetQuote] received request","severity":"info","timestamp":"2026-08-20T18:24:03.853991693Z"}
2026-08-20T18:24:03.854273540Z {"message":"[GetQuote] completed request","severity":"info","timestamp":"2026-08-20T18:24:03.854063305Z"}
2026-08-20T18:24:04.397882747Z {"message":"[GetQuote] received request","severity":"info","timestamp":"2026-08-20T18:24:04.397559193Z"}
2026-08-20T18:24:04.397917653Z {"message":"[GetQuote] completed request","severity":"info","timestamp":"2026-08-20T18:24:04.397640807Z"}
2026-08-20T18:24:04.755721859Z {"message":"[GetQuote] received request","severity":"info","timestamp":"2026-08-20T18:24:04.755493821Z"}
2026-08-20T18:24:04.755751064Z {"message":"[GetQuote] completed request","severity":"info","timestamp":"2026-08-20T18:24:04.755562332Z"}
2026-08-20T18:24:07.982990343Z {"message":"[GetQuote] received request","severity":"info","timestamp":"2026-08-20T18:24:07.982358242Z"}
2026-08-20T18:24:07.983631745Z {"message":"[GetQuote] completed request","severity":"info","timestamp":"2026-08-20T18:24:07.982998544Z"}
2026-08-20T18:24:08.714626515Z {"message":"[GetQuote] received request","severity":"info","timestamp":"2026-08-20T18:24:08.714371074Z"}
2026-08-20T18:24:08.714655719Z {"message":"[GetQuote] completed request","severity":"info","timestamp":"2026-08-20T18:24:08.714415681Z"}
2026-08-20T18:24:10.429470607Z {"message":"[GetQuote] received request","severity":"info","timestamp":"2026-08-20T18:24:10.429064342Z"}
2026-08-20T18:24:10.433975924Z {"message":"[GetQuote] completed request","severity":"info","timestamp":"2026-08-20T18:24:10.429134953Z"}
2026-08-20T18:24:11.463502318Z {"message":"[GetQuote] received request","severity":"info","timestamp":"2026-08-20T18:24:11.463294085Z"}
2026-08-20T18:24:11.463525422Z {"message":"[GetQuote] completed request","severity":"info","timestamp":"2026-08-20T18:24:11.463330291Z"}
2026-08-20T18:24:11.572920837Z {"message":"[GetQuote] received request","severity":"info","timestamp":"2026-08-20T18:24:11.572489168Z"}
2026-08-20T18:24:11.573079462Z {"message":"[GetQuote] completed request","severity":"info","timestamp":"2026-08-20T18:24:11.572552878Z"}
2026-08-20T18:24:11.865705846Z {"message":"[GetQuote] received request","severity":"info","timestamp":"2026-08-20T18:24:11.865361191Z"}
2026-08-20T18:24:11.865739252Z {"message":"[GetQuote] completed request","severity":"info","timestamp":"2026-08-20T18:24:11.8654184Z"}
2026-08-20T18:24:13.065876806Z {"message":"[GetQuote] received request","severity":"info","timestamp":"2026-08-20T18:24:13.065617764Z"}
2026-08-20T18:24:13.065913212Z {"message":"[GetQuote] completed request","severity":"info","timestamp":"2026-08-20T18:24:13.065677774Z"}
2026-08-20T18:24:13.797154266Z {"message":"[GetQuote] received request","severity":"info","timestamp":"2026-08-20T18:24:13.796820811Z"}
2026-08-20T18:24:13.797191772Z {"message":"[GetQuote] completed request","severity":"info","timestamp":"2026-08-20T18:24:13.796897124Z"}
2026-08-20T18:24:17.248861913Z {"message":"[GetQuote] received request","severity":"info","timestamp":"2026-08-20T18:24:17.248625774Z"}
2026-08-20T18:24:17.248895319Z {"message":"[GetQuote] completed request","severity":"info","timestamp":"2026-08-20T18:24:17.248669782Z"}
2026-08-20T18:24:18.637814541Z {"message":"[GetQuote] received request","severity":"info","timestamp":"2026-08-20T18:24:18.637426577Z"}
2026-08-20T18:24:18.637856148Z {"message":"[GetQuote] completed request","severity":"info","timestamp":"2026-08-20T18:24:18.63750699Z"}
2026-08-20T18:24:20.489811387Z {"message":"[GetQuote] received request","severity":"info","timestamp":"2026-08-20T18:24:20.489081466Z"}
2026-08-20T18:24:20.489878198Z {"message":"[GetQuote] completed request","severity":"info","timestamp":"2026-08-20T18:24:20.48922659Z"}
2026-08-20T18:24:22.539710055Z {"message":"[GetQuote] received request","severity":"info","timestamp":"2026-08-20T18:24:22.539491019Z"}
2026-08-20T18:24:22.539739660Z {"message":"[GetQuote] completed request","severity":"info","timestamp":"2026-08-20T18:24:22.539531225Z"}
2026-08-20T18:24:23.717171885Z {"message":"[GetQuote] received request","severity":"info","timestamp":"2026-08-20T18:24:23.708359426Z"}
2026-08-20T18:24:23.717516542Z {"message":"[GetQuote] completed request","severity":"info","timestamp":"2026-08-20T18:24:23.708479546Z"}
2026-08-20T18:24:24.819895741Z {"message":"[GetQuote] received request","severity":"info","timestamp":"2026-08-20T18:24:24.819140516Z"}
2026-08-20T18:24:24.819949950Z {"message":"[GetQuote] completed request","severity":"info","timestamp":"2026-08-20T18:24:24.819297942Z"}
2026-08-20T18:24:25.522954333Z {"message":"[GetQuote] received request","severity":"info","timestamp":"2026-08-20T18:24:25.522323429Z"}
2026-08-20T18:24:25.523021144Z {"message":"[GetQuote] completed request","severity":"info","timestamp":"2026-08-20T18:24:25.522465852Z"}
2026-08-20T18:24:25.765470882Z {"message":"[GetQuote] received request","severity":"info","timestamp":"2026-08-20T18:24:25.763694788Z"}
2026-08-20T18:24:25.765519390Z {"message":"[GetQuote] completed request","severity":"info","timestamp":"2026-08-20T18:24:25.763799205Z"}
2026-08-20T18:24:27.382711117Z {"message":"[GetQuote] received request","severity":"info","timestamp":"2026-08-20T18:24:27.382442973Z"}
2026-08-20T18:24:27.382735021Z {"message":"[GetQuote] completed request","severity":"info","timestamp":"2026-08-20T18:24:27.382491081Z"}
2026-08-20T18:24:27.591319653Z {"message":"[GetQuote] received request","severity":"info","timestamp":"2026-08-20T18:24:27.590779663Z"}
2026-08-20T18:24:27.591363460Z {"message":"[GetQuote] completed request","severity":"info","timestamp":"2026-08-20T18:24:27.590832272Z"}
2026-08-20T18:24:27.780113908Z {"message":"[GetQuote] received request","severity":"info","timestamp":"2026-08-20T18:24:27.779649531Z"}
2026-08-20T18:24:27.780166216Z {"message":"[GetQuote] completed request","severity":"info","timestamp":"2026-08-20T18:24:27.779762349Z"}
2026-08-20T18:24:27.881686023Z {"message":"[GetQuote] received request","severity":"info","timestamp":"2026-08-20T18:24:27.881076422Z"}
2026-08-20T18:24:27.881734931Z {"message":"[GetQuote] completed request","severity":"info","timestamp":"2026-08-20T18:24:27.881299059Z"}
2026-08-20T18:24:28.233308534Z {"message":"[GetQuote] received request","severity":"info","timestamp":"2026-08-20T18:24:28.233081997Z"}
2026-08-20T18:24:28.233333639Z {"message":"[GetQuote] completed request","severity":"info","timestamp":"2026-08-20T18:24:28.233113402Z"}
2026-08-20T18:24:28.714588311Z {"message":"[GetQuote] received request","severity":"info","timestamp":"2026-08-20T18:24:28.714207347Z"}
2026-08-20T18:24:28.714624116Z {"message":"[GetQuote] completed request","severity":"info","timestamp":"2026-08-20T18:24:28.714279559Z"}
2026-08-20T18:24:29.046084690Z {"message":"[GetQuote] received request","severity":"info","timestamp":"2026-08-20T18:24:29.045335966Z"}
2026-08-20T18:24:29.046144300Z {"message":"[GetQuote] completed request","severity":"info","timestamp":"2026-08-20T18:24:29.045426281Z"}
2026-08-20T18:24:32.204876077Z {"message":"[GetQuote] received request","severity":"info","timestamp":"2026-08-20T18:24:32.204622467Z"}
2026-08-20T18:24:32.204910779Z {"message":"[GetQuote] completed request","severity":"info","timestamp":"2026-08-20T18:24:32.204676769Z"}
2026-08-20T18:24:33.041915308Z {"message":"[GetQuote] received request","severity":"info","timestamp":"2026-08-20T18:24:33.040994368Z"}
2026-08-20T18:24:33.041987811Z {"message":"[GetQuote] completed request","severity":"info","timestamp":"2026-08-20T18:24:33.041194777Z"}
2026-08-20T18:24:37.302598412Z {"message":"[GetQuote] received request","severity":"info","timestamp":"2026-08-20T18:24:37.302139137Z"}
2026-08-20T18:24:37.302635018Z {"message":"[GetQuote] completed request","severity":"info","timestamp":"2026-08-20T18:24:37.302223751Z"}
2026-08-20T18:24:39.513543747Z {"message":"[GetQuote] received request","severity":"info","timestamp":"2026-08-20T18:24:39.513300808Z"}
2026-08-20T18:24:39.513583153Z {"message":"[GetQuote] completed request","severity":"info","timestamp":"2026-08-20T18:24:39.513355916Z"}
2026-08-20T18:24:42.122350821Z {"message":"[GetQuote] received request","severity":"info","timestamp":"2026-08-20T18:24:42.121980762Z"}
2026-08-20T18:24:42.122381726Z {"message":"[GetQuote] completed request","severity":"info","timestamp":"2026-08-20T18:24:42.122054474Z"}
2026-08-20T18:24:42.187438714Z {"message":"[GetQuote] received request","severity":"info","timestamp":"2026-08-20T18:24:42.187178573Z"}
2026-08-20T18:24:42.187484122Z {"message":"[GetQuote] completed request","severity":"info","timestamp":"2026-08-20T18:24:42.187230281Z"}
2026-08-20T18:24:42.232707312Z {"message":"[GetQuote] received request","severity":"info","timestamp":"2026-08-20T18:24:42.232457072Z"}
2026-08-20T18:24:42.232755420Z {"message":"[GetQuote] completed request","severity":"info","timestamp":"2026-08-20T18:24:42.232510381Z"}
2026-08-20T18:24:42.248313628Z {"message":"[ShipOrder] received request","severity":"info","timestamp":"2026-08-20T18:24:42.248060388Z"}
2026-08-20T18:24:42.248337232Z {"message":"[ShipOrder] completed request","severity":"info","timestamp":"2026-08-20T18:24:42.248114196Z"}
2026-08-20T18:24:45.314090973Z {"message":"[GetQuote] received request","severity":"info","timestamp":"2026-08-20T18:24:45.313854135Z"}
2026-08-20T18:24:45.314119677Z {"message":"[GetQuote] completed request","severity":"info","timestamp":"2026-08-20T18:24:45.31388824Z"}
2026-08-20T18:24:46.608149157Z {"message":"[GetQuote] received request","severity":"info","timestamp":"2026-08-20T18:24:46.595557764Z"}
2026-08-20T18:24:46.608184962Z {"message":"[GetQuote] completed request","severity":"info","timestamp":"2026-08-20T18:24:46.595623374Z"}
2026-08-20T18:24:46.608190463Z {"message":"[GetQuote] received request","severity":"info","timestamp":"2026-08-20T18:24:46.607002075Z"}
2026-08-20T18:24:46.609439261Z {"message":"[GetQuote] completed request","severity":"info","timestamp":"2026-08-20T18:24:46.607056484Z"}
2026-08-20T18:24:46.614413048Z {"message":"[GetQuote] received request","severity":"info","timestamp":"2026-08-20T18:24:46.613883865Z"}
2026-08-20T18:24:46.614468757Z {"message":"[GetQuote] completed request","severity":"info","timestamp":"2026-08-20T18:24:46.613942674Z"}
2026-08-20T18:24:46.689007356Z {"message":"[GetQuote] received request","severity":"info","timestamp":"2026-08-20T18:24:46.688876335Z"}
2026-08-20T18:24:46.689026059Z {"message":"[GetQuote] completed request","severity":"info","timestamp":"2026-08-20T18:24:46.688915842Z"}
2026-08-20T18:24:46.692748448Z {"message":"[ShipOrder] received request","severity":"info","timestamp":"2026-08-20T18:24:46.69256762Z"}
2026-08-20T18:24:46.692763151Z {"message":"[ShipOrder] completed request","severity":"info","timestamp":"2026-08-20T18:24:46.692617028Z"}
2026-08-20T18:24:46.703272414Z {"message":"[GetQuote] received request","severity":"info","timestamp":"2026-08-20T18:24:46.703064981Z"}
2026-08-20T18:24:46.703291517Z {"message":"[GetQuote] completed request","severity":"info","timestamp":"2026-08-20T18:24:46.703107288Z"}
2026-08-20T18:24:46.706005247Z {"message":"[ShipOrder] received request","severity":"info","timestamp":"2026-08-20T18:24:46.705854223Z"}
2026-08-20T18:24:46.706018949Z {"message":"[ShipOrder] completed request","severity":"info","timestamp":"2026-08-20T18:24:46.70590113Z"}
2026-08-20T18:24:47.141253444Z {"message":"[GetQuote] received request","severity":"info","timestamp":"2026-08-20T18:24:47.14028229Z"}
2026-08-20T18:24:47.141327756Z {"message":"[GetQuote] completed request","severity":"info","timestamp":"2026-08-20T18:24:47.140563235Z"}
2026-08-20T18:24:48.200156462Z {"message":"[GetQuote] received request","severity":"info","timestamp":"2026-08-20T18:24:48.199731995Z"}
2026-08-20T18:24:48.200209871Z {"message":"[GetQuote] completed request","severity":"info","timestamp":"2026-08-20T18:24:48.199845913Z"}
2026-08-20T18:24:48.410480255Z {"message":"[GetQuote] received request","severity":"info","timestamp":"2026-08-20T18:24:48.410230616Z"}
2026-08-20T18:24:48.410506459Z {"message":"[GetQuote] completed request","severity":"info","timestamp":"2026-08-20T18:24:48.410280524Z"}
2026-08-20T18:24:51.563859817Z {"message":"[GetQuote] received request","severity":"info","timestamp":"2026-08-20T18:24:51.563590174Z"}
2026-08-20T18:24:51.563890422Z {"message":"[GetQuote] completed request","severity":"info","timestamp":"2026-08-20T18:24:51.563644983Z"}
2026-08-20T18:24:51.592572262Z {"message":"[GetQuote] received request","severity":"info","timestamp":"2026-08-20T18:24:51.592212105Z"}
2026-08-20T18:24:51.592613268Z {"message":"[GetQuote] completed request","severity":"info","timestamp":"2026-08-20T18:24:51.592295918Z"}
2026-08-20T18:24:51.679446514Z {"message":"[GetQuote] received request","severity":"info","timestamp":"2026-08-20T18:24:51.678611081Z"}
2026-08-20T18:24:51.679516125Z {"message":"[GetQuote] completed request","severity":"info","timestamp":"2026-08-20T18:24:51.678698995Z"}
2026-08-20T18:24:51.708419100Z {"message":"[ShipOrder] received request","severity":"info","timestamp":"2026-08-20T18:24:51.707859811Z"}
2026-08-20T18:24:51.708481110Z {"message":"[ShipOrder] completed request","severity":"info","timestamp":"2026-08-20T18:24:51.708061743Z"}
2026-08-20T18:24:53.208909019Z {"message":"[GetQuote] received request","severity":"info","timestamp":"2026-08-20T18:24:53.208065585Z"}
2026-08-20T18:24:53.208985031Z {"message":"[GetQuote] completed request","severity":"info","timestamp":"2026-08-20T18:24:53.208173602Z"}
2026-08-20T18:24:53.420809661Z {"message":"[GetQuote] received request","severity":"info","timestamp":"2026-08-20T18:24:53.420471708Z"}
2026-08-20T18:24:53.420840566Z {"message":"[GetQuote] completed request","severity":"info","timestamp":"2026-08-20T18:24:53.42054902Z"}
2026-08-20T18:24:53.522598974Z {"message":"[GetQuote] received request","severity":"info","timestamp":"2026-08-20T18:24:53.522339433Z"}
2026-08-20T18:24:53.522635780Z {"message":"[GetQuote] completed request","severity":"info","timestamp":"2026-08-20T18:24:53.522411244Z"}
2026-08-20T18:24:55.341866431Z {"message":"[GetQuote] received request","severity":"info","timestamp":"2026-08-20T18:24:55.341049607Z"}
2026-08-20T18:24:55.341927741Z {"message":"[GetQuote] completed request","severity":"info","timestamp":"2026-08-20T18:24:55.341299245Z"}
2026-08-20T18:24:55.690551909Z {"message":"[GetQuote] received request","severity":"info","timestamp":"2026-08-20T18:24:55.689612367Z"}
2026-08-20T18:24:55.690635722Z {"message":"[GetQuote] completed request","severity":"info","timestamp":"2026-08-20T18:24:55.689756188Z"}
2026-08-20T18:24:56.166602939Z {"message":"[GetQuote] received request","severity":"info","timestamp":"2026-08-20T18:24:56.165707903Z"}
2026-08-20T18:24:56.166685552Z {"message":"[GetQuote] completed request","severity":"info","timestamp":"2026-08-20T18:24:56.165844424Z"}
2026-08-20T18:24:57.763255430Z {"message":"[GetQuote] received request","severity":"info","timestamp":"2026-08-20T18:24:57.763065301Z"}
2026-08-20T18:24:57.763280433Z {"message":"[GetQuote] completed request","severity":"info","timestamp":"2026-08-20T18:24:57.763107807Z"}
2026-08-20T18:24:58.588375196Z {"message":"[GetQuote] received request","severity":"info","timestamp":"2026-08-20T18:24:58.587846215Z"}
2026-08-20T18:24:58.588422103Z {"message":"[GetQuote] completed request","severity":"info","timestamp":"2026-08-20T18:24:58.587959833Z"}
2026-08-20T18:24:59.178040388Z {"message":"[GetQuote] received request","severity":"info","timestamp":"2026-08-20T18:24:59.176955923Z"}
2026-08-20T18:24:59.178184610Z {"message":"[GetQuote] completed request","severity":"info","timestamp":"2026-08-20T18:24:59.177284373Z"}
2026-08-20T18:25:00.036119061Z {"message":"[GetQuote] received request","severity":"info","timestamp":"2026-08-20T18:25:00.034909278Z"}
2026-08-20T18:25:00.036490818Z {"message":"[GetQuote] completed request","severity":"info","timestamp":"2026-08-20T18:25:00.035084804Z"}
2026-08-20T18:25:03.476837108Z {"message":"[GetQuote] received request","severity":"info","timestamp":"2026-08-20T18:25:03.476248041Z"}
2026-08-20T18:25:03.476884113Z {"message":"[GetQuote] completed request","severity":"info","timestamp":"2026-08-20T18:25:03.476302547Z"}
2026-08-20T18:25:03.476926618Z {"message":"[GetQuote] received request","severity":"info","timestamp":"2026-08-20T18:25:03.476789303Z"}
2026-08-20T18:25:03.476938020Z {"message":"[GetQuote] completed request","severity":"info","timestamp":"2026-08-20T18:25:03.476836408Z"}
2026-08-20T18:25:03.575849131Z {"message":"[GetQuote] received request","severity":"info","timestamp":"2026-08-20T18:25:03.575624205Z"}
2026-08-20T18:25:03.575878634Z {"message":"[GetQuote] completed request","severity":"info","timestamp":"2026-08-20T18:25:03.575675311Z"}
2026-08-20T18:25:03.579733575Z {"message":"[ShipOrder] received request","severity":"info","timestamp":"2026-08-20T18:25:03.579456243Z"}
2026-08-20T18:25:03.579753977Z {"message":"[ShipOrder] completed request","severity":"info","timestamp":"2026-08-20T18:25:03.579493747Z"}
2026-08-20T18:25:03.583176669Z {"message":"[GetQuote] received request","severity":"info","timestamp":"2026-08-20T18:25:03.582935541Z"}
2026-08-20T18:25:03.583201471Z {"message":"[GetQuote] completed request","severity":"info","timestamp":"2026-08-20T18:25:03.583004049Z"}
2026-08-20T18:25:03.586916496Z {"message":"[ShipOrder] received request","severity":"info","timestamp":"2026-08-20T18:25:03.586674769Z"}
2026-08-20T18:25:03.586939899Z {"message":"[ShipOrder] completed request","severity":"info","timestamp":"2026-08-20T18:25:03.586724374Z"}
2026-08-20T18:25:03.857198605Z {"message":"[GetQuote] received request","severity":"info","timestamp":"2026-08-20T18:25:03.856563032Z"}
2026-08-20T18:25:03.857279114Z {"message":"[GetQuote] completed request","severity":"info","timestamp":"2026-08-20T18:25:03.85671625Z"}
2026-08-20T18:25:05.332120572Z {"message":"[GetQuote] received request","severity":"info","timestamp":"2026-08-20T18:25:05.331618614Z"}
2026-08-20T18:25:05.332150475Z {"message":"[GetQuote] completed request","severity":"info","timestamp":"2026-08-20T18:25:05.331707724Z"}
2026-08-20T18:25:05.637186458Z {"message":"[GetQuote] received request","severity":"info","timestamp":"2026-08-20T18:25:05.636495379Z"}
2026-08-20T18:25:05.637271768Z {"message":"[GetQuote] completed request","severity":"info","timestamp":"2026-08-20T18:25:05.636650097Z"}
2026-08-20T18:25:05.736473812Z {"message":"[GetQuote] received request","severity":"info","timestamp":"2026-08-20T18:25:05.735354484Z"}
2026-08-20T18:25:05.736550821Z {"message":"[GetQuote] completed request","severity":"info","timestamp":"2026-08-20T18:25:05.735484099Z"}
2026-08-20T18:25:05.751013275Z {"message":"[ShipOrder] received request","severity":"info","timestamp":"2026-08-20T18:25:05.749981957Z"}
2026-08-20T18:25:05.751053979Z {"message":"[ShipOrder] completed request","severity":"info","timestamp":"2026-08-20T18:25:05.750113072Z"}
2026-08-20T18:25:05.914223039Z {"message":"[GetQuote] received request","severity":"info","timestamp":"2026-08-20T18:25:05.913979811Z"}
2026-08-20T18:25:05.914247142Z {"message":"[GetQuote] completed request","severity":"info","timestamp":"2026-08-20T18:25:05.91406022Z"}
2026-08-20T18:25:06.348909548Z {"message":"[GetQuote] received request","severity":"info","timestamp":"2026-08-20T18:25:06.34455265Z"}
2026-08-20T18:25:06.348959654Z {"message":"[GetQuote] completed request","severity":"info","timestamp":"2026-08-20T18:25:06.344696766Z"}
2026-08-20T18:25:06.466296672Z {"message":"[GetQuote] received request","severity":"info","timestamp":"2026-08-20T18:25:06.465972135Z"}
2026-08-20T18:25:06.466326475Z {"message":"[GetQuote] completed request","severity":"info","timestamp":"2026-08-20T18:25:06.466012139Z"}
2026-08-20T18:25:06.471028913Z {"message":"[ShipOrder] received request","severity":"info","timestamp":"2026-08-20T18:25:06.470679373Z"}
2026-08-20T18:25:06.471053816Z {"message":"[ShipOrder] completed request","severity":"info","timestamp":"2026-08-20T18:25:06.470756682Z"}
2026-08-20T18:25:07.408621733Z {"message":"[GetQuote] received request","severity":"info","timestamp":"2026-08-20T18:25:07.408306597Z"}
2026-08-20T18:25:07.408658837Z {"message":"[GetQuote] completed request","severity":"info","timestamp":"2026-08-20T18:25:07.408383606Z"}
2026-08-20T18:25:07.420898337Z {"message":"[GetQuote] received request","severity":"info","timestamp":"2026-08-20T18:25:07.420658909Z"}
2026-08-20T18:25:07.420922040Z {"message":"[GetQuote] completed request","severity":"info","timestamp":"2026-08-20T18:25:07.420714816Z"}
2026-08-20T18:25:07.426613090Z {"message":"[ShipOrder] received request","severity":"info","timestamp":"2026-08-20T18:25:07.426296454Z"}
2026-08-20T18:25:07.426635393Z {"message":"[ShipOrder] completed request","severity":"info","timestamp":"2026-08-20T18:25:07.426367762Z"}
2026-08-20T18:25:11.427520185Z {"message":"[GetQuote] received request","severity":"info","timestamp":"2026-08-20T18:25:11.426434301Z"}
2026-08-20T18:25:11.427595197Z {"message":"[GetQuote] completed request","severity":"info","timestamp":"2026-08-20T18:25:11.426706147Z"}
2026-08-20T18:25:14.454681723Z {"message":"[GetQuote] received request","severity":"info","timestamp":"2026-08-20T18:25:14.453975303Z"}
2026-08-20T18:25:14.454760036Z {"message":"[GetQuote] completed request","severity":"info","timestamp":"2026-08-20T18:25:14.454137731Z"}
2026-08-20T18:25:15.604077175Z {"message":"[GetQuote] received request","severity":"info","timestamp":"2026-08-20T18:25:15.60340006Z"}
2026-08-20T18:25:15.604145286Z {"message":"[GetQuote] completed request","severity":"info","timestamp":"2026-08-20T18:25:15.603560387Z"}
2026-08-20T18:25:16.765573771Z {"message":"[GetQuote] received request","severity":"info","timestamp":"2026-08-20T18:25:16.7651565Z"}
2026-08-20T18:25:16.765624479Z {"message":"[GetQuote] completed request","severity":"info","timestamp":"2026-08-20T18:25:16.765246015Z"}
2026-08-20T18:25:17.240608612Z {"message":"[GetQuote] received request","severity":"info","timestamp":"2026-08-20T18:25:17.23888112Z"}
2026-08-20T18:25:17.240630116Z {"message":"[GetQuote] completed request","severity":"info","timestamp":"2026-08-20T18:25:17.238911525Z"}
2026-08-20T18:25:17.258544042Z {"message":"[GetQuote] received request","severity":"info","timestamp":"2026-08-20T18:25:17.258222987Z"}
2026-08-20T18:25:17.258567646Z {"message":"[GetQuote] completed request","severity":"info","timestamp":"2026-08-20T18:25:17.258269795Z"}
2026-08-20T18:25:17.262189157Z {"message":"[ShipOrder] received request","severity":"info","timestamp":"2026-08-20T18:25:17.262012427Z"}
2026-08-20T18:25:17.262199059Z {"message":"[ShipOrder] completed request","severity":"info","timestamp":"2026-08-20T18:25:17.262059235Z"}
2026-08-20T18:25:17.571928878Z {"message":"[GetQuote] received request","severity":"info","timestamp":"2026-08-20T18:25:17.571209456Z"}
2026-08-20T18:25:17.572002990Z {"message":"[GetQuote] completed request","severity":"info","timestamp":"2026-08-20T18:25:17.571478701Z"}
2026-08-20T18:25:17.756039795Z {"message":"[GetQuote] received request","severity":"info","timestamp":"2026-08-20T18:25:17.755757342Z"}
2026-08-20T18:25:17.756071602Z {"message":"[GetQuote] completed request","severity":"info","timestamp":"2026-08-20T18:25:17.755826155Z"}
2026-08-20T18:25:18.597572776Z {"message":"[GetQuote] received request","severity":"info","timestamp":"2026-08-20T18:25:18.597387341Z"}
2026-08-20T18:25:18.597625086Z {"message":"[GetQuote] completed request","severity":"info","timestamp":"2026-08-20T18:25:18.59743595Z"}
2026-08-20T18:25:18.851813499Z {"message":"[GetQuote] received request","severity":"info","timestamp":"2026-08-20T18:25:18.851078559Z"}
2026-08-20T18:25:18.851888514Z {"message":"[GetQuote] completed request","severity":"info","timestamp":"2026-08-20T18:25:18.851256993Z"}
2026-08-20T18:25:21.500076594Z {"message":"[GetQuote] received request","severity":"info","timestamp":"2026-08-20T18:25:21.499405366Z"}
2026-08-20T18:25:21.500141807Z {"message":"[GetQuote] completed request","severity":"info","timestamp":"2026-08-20T18:25:21.499572798Z"}
2026-08-20T18:25:21.618852517Z {"message":"[GetQuote] received request","severity":"info","timestamp":"2026-08-20T18:25:21.617964948Z"}
2026-08-20T18:25:21.618911228Z {"message":"[GetQuote] completed request","severity":"info","timestamp":"2026-08-20T18:25:21.618087671Z"}
2026-08-20T18:25:21.630043648Z {"message":"[ShipOrder] received request","severity":"info","timestamp":"2026-08-20T18:25:21.628236804Z"}
2026-08-20T18:25:21.630182175Z {"message":"[ShipOrder] completed request","severity":"info","timestamp":"2026-08-20T18:25:21.628338623Z"}
2026-08-20T18:25:22.198421603Z {"message":"[GetQuote] received request","severity":"info","timestamp":"2026-08-20T18:25:22.197966416Z"}
2026-08-20T18:25:22.198572432Z {"message":"[GetQuote] completed request","severity":"info","timestamp":"2026-08-20T18:25:22.198126647Z"}
2026-08-20T18:25:23.123831659Z {"message":"[GetQuote] received request","severity":"info","timestamp":"2026-08-20T18:25:23.12289388Z"}
2026-08-20T18:25:23.123903272Z {"message":"[GetQuote] completed request","severity":"info","timestamp":"2026-08-20T18:25:23.123108021Z"}
2026-08-20T18:25:24.415844139Z {"message":"[GetQuote] received request","severity":"info","timestamp":"2026-08-20T18:25:24.415546782Z"}
2026-08-20T18:25:24.415877345Z {"message":"[GetQuote] completed request","severity":"info","timestamp":"2026-08-20T18:25:24.415593491Z"}
2026-08-20T18:25:25.076434357Z {"message":"[GetQuote] received request","severity":"info","timestamp":"2026-08-20T18:25:25.076198312Z"}
2026-08-20T18:25:25.076457961Z {"message":"[GetQuote] completed request","severity":"info","timestamp":"2026-08-20T18:25:25.076239719Z"}
2026-08-20T18:25:26.150606136Z {"message":"[GetQuote] received request","severity":"info","timestamp":"2026-08-20T18:25:26.149458349Z"}
2026-08-20T18:25:26.150686650Z {"message":"[GetQuote] completed request","severity":"info","timestamp":"2026-08-20T18:25:26.149642979Z"}
2026-08-20T18:25:27.016390144Z {"message":"[GetQuote] received request","severity":"info","timestamp":"2026-08-20T18:25:27.015857557Z"}
2026-08-20T18:25:27.016423649Z {"message":"[GetQuote] completed request","severity":"info","timestamp":"2026-08-20T18:25:27.015950672Z"}
2026-08-20T18:25:28.156211946Z {"message":"[GetQuote] received request","severity":"info","timestamp":"2026-08-20T18:25:28.155814381Z"}
2026-08-20T18:25:28.156279857Z {"message":"[GetQuote] completed request","severity":"info","timestamp":"2026-08-20T18:25:28.155951703Z"}
2026-08-20T18:25:28.761013987Z {"message":"[GetQuote] received request","severity":"info","timestamp":"2026-08-20T18:25:28.760079135Z"}
2026-08-20T18:25:28.761094400Z {"message":"[GetQuote] completed request","severity":"info","timestamp":"2026-08-20T18:25:28.760275767Z"}
2026-08-20T18:25:28.876254283Z {"message":"[GetQuote] received request","severity":"info","timestamp":"2026-08-20T18:25:28.875882222Z"}
2026-08-20T18:25:28.876291189Z {"message":"[GetQuote] completed request","severity":"info","timestamp":"2026-08-20T18:25:28.875952233Z"}
2026-08-20T18:25:28.882247360Z {"message":"[ShipOrder] received request","severity":"info","timestamp":"2026-08-20T18:25:28.881824691Z"}
2026-08-20T18:25:28.882275865Z {"message":"[ShipOrder] completed request","severity":"info","timestamp":"2026-08-20T18:25:28.881897303Z"}
2026-08-20T18:25:29.938302200Z {"message":"[GetQuote] received request","severity":"info","timestamp":"2026-08-20T18:25:29.937777014Z"}
2026-08-20T18:25:29.938357509Z {"message":"[GetQuote] completed request","severity":"info","timestamp":"2026-08-20T18:25:29.937914737Z"}
2026-08-20T18:25:32.720268028Z {"message":"[GetQuote] received request","severity":"info","timestamp":"2026-08-20T18:25:32.719622023Z"}
2026-08-20T18:25:32.720355542Z {"message":"[GetQuote] completed request","severity":"info","timestamp":"2026-08-20T18:25:32.71978915Z"}
2026-08-20T18:25:33.413279456Z {"message":"[GetQuote] received request","severity":"info","timestamp":"2026-08-20T18:25:33.411184315Z"}
2026-08-20T18:25:33.413348568Z {"message":"[GetQuote] completed request","severity":"info","timestamp":"2026-08-20T18:25:33.411373545Z"}
2026-08-20T18:25:33.604248603Z {"message":"[GetQuote] received request","severity":"info","timestamp":"2026-08-20T18:25:33.604052671Z"}
2026-08-20T18:25:33.604269406Z {"message":"[GetQuote] completed request","severity":"info","timestamp":"2026-08-20T18:25:33.604089677Z"}
2026-08-20T18:25:33.611549394Z {"message":"[GetQuote] received request","severity":"info","timestamp":"2026-08-20T18:25:33.611367964Z"}
2026-08-20T18:25:33.611573998Z {"message":"[GetQuote] completed request","severity":"info","timestamp":"2026-08-20T18:25:33.611409871Z"}
2026-08-20T18:25:33.615084670Z {"message":"[ShipOrder] received request","severity":"info","timestamp":"2026-08-20T18:25:33.614685605Z"}
2026-08-20T18:25:33.615098172Z {"message":"[ShipOrder] completed request","severity":"info","timestamp":"2026-08-20T18:25:33.614725612Z"}
2026-08-20T18:25:34.077635963Z {"message":"[GetQuote] received request","severity":"info","timestamp":"2026-08-20T18:25:34.07734732Z"}
2026-08-20T18:25:34.077667668Z {"message":"[GetQuote] completed request","severity":"info","timestamp":"2026-08-20T18:25:34.077427732Z"}
2026-08-20T18:25:34.501921524Z {"message":"[GetQuote] received request","severity":"info","timestamp":"2026-08-20T18:25:34.501684889Z"}
2026-08-20T18:25:34.501947228Z {"message":"[GetQuote] completed request","severity":"info","timestamp":"2026-08-20T18:25:34.501730496Z"}
2026-08-20T18:25:36.773522952Z {"message":"[GetQuote] received request","severity":"info","timestamp":"2026-08-20T18:25:36.77223266Z"}
2026-08-20T18:25:36.773572059Z {"message":"[GetQuote] completed request","severity":"info","timestamp":"2026-08-20T18:25:36.7725011Z"}
2026-08-20T18:25:40.017700833Z {"message":"[GetQuote] received request","severity":"info","timestamp":"2026-08-20T18:25:40.017164654Z"}
2026-08-20T18:25:40.017742440Z {"message":"[GetQuote] completed request","severity":"info","timestamp":"2026-08-20T18:25:40.01727517Z"}
2026-08-20T18:25:41.104809610Z {"message":"[GetQuote] received request","severity":"info","timestamp":"2026-08-20T18:25:41.104164114Z"}
2026-08-20T18:25:41.104889822Z {"message":"[GetQuote] completed request","severity":"info","timestamp":"2026-08-20T18:25:41.104251727Z"}
2026-08-20T18:25:42.070028973Z {"message":"[GetQuote] received request","severity":"info","timestamp":"2026-08-20T18:25:42.069491678Z"}
2026-08-20T18:25:42.070080882Z {"message":"[GetQuote] completed request","severity":"info","timestamp":"2026-08-20T18:25:42.069625801Z"}
2026-08-20T18:25:42.967936918Z {"message":"[GetQuote] received request","severity":"info","timestamp":"2026-08-20T18:25:42.967396422Z"}
2026-08-20T18:25:42.967994629Z {"message":"[GetQuote] completed request","severity":"info","timestamp":"2026-08-20T18:25:42.96755345Z"}
2026-08-20T18:25:44.669469635Z {"message":"[GetQuote] received request","severity":"info","timestamp":"2026-08-20T18:25:44.668932839Z"}
2026-08-20T18:25:44.669501640Z {"message":"[GetQuote] completed request","severity":"info","timestamp":"2026-08-20T18:25:44.668974447Z"}
2026-08-20T18:25:45.398013549Z {"message":"[GetQuote] received request","severity":"info","timestamp":"2026-08-20T18:25:45.397474553Z"}
2026-08-20T18:25:45.398079860Z {"message":"[GetQuote] completed request","severity":"info","timestamp":"2026-08-20T18:25:45.397542565Z"}
2026-08-20T18:25:50.772035907Z {"message":"[GetQuote] received request","severity":"info","timestamp":"2026-08-20T18:25:50.77156433Z"}
2026-08-20T18:25:50.772087016Z {"message":"[GetQuote] completed request","severity":"info","timestamp":"2026-08-20T18:25:50.771638542Z"}
2026-08-20T18:25:51.298440052Z {"message":"[GetQuote] received request","severity":"info","timestamp":"2026-08-20T18:25:51.298086294Z"}
2026-08-20T18:25:51.298479059Z {"message":"[GetQuote] completed request","severity":"info","timestamp":"2026-08-20T18:25:51.298119Z"}
2026-08-20T18:25:51.995820310Z {"message":"[GetQuote] received request","severity":"info","timestamp":"2026-08-20T18:25:51.995306626Z"}
2026-08-20T18:25:51.995873619Z {"message":"[GetQuote] completed request","severity":"info","timestamp":"2026-08-20T18:25:51.995398041Z"}
2026-08-20T18:25:52.391720074Z {"message":"[GetQuote] received request","severity":"info","timestamp":"2026-08-20T18:25:52.391253597Z"}
2026-08-20T18:25:52.391772382Z {"message":"[GetQuote] completed request","severity":"info","timestamp":"2026-08-20T18:25:52.391350413Z"}
2026-08-20T18:25:53.441383849Z {"message":"[GetQuote] received request","severity":"info","timestamp":"2026-08-20T18:25:53.440793752Z"}
2026-08-20T18:25:53.441439858Z {"message":"[GetQuote] completed request","severity":"info","timestamp":"2026-08-20T18:25:53.440934776Z"}
2026-08-20T18:25:56.032886037Z {"message":"[GetQuote] received request","severity":"info","timestamp":"2026-08-20T18:25:56.032321945Z"}
2026-08-20T18:25:56.032946147Z {"message":"[GetQuote] completed request","severity":"info","timestamp":"2026-08-20T18:25:56.032466568Z"}
2026-08-20T18:25:58.340675373Z {"message":"[GetQuote] received request","severity":"info","timestamp":"2026-08-20T18:25:58.340389236Z"}
2026-08-20T18:25:58.340709078Z {"message":"[GetQuote] completed request","severity":"info","timestamp":"2026-08-20T18:25:58.340432642Z"}
2026-08-20T18:25:59.508635945Z {"message":"[GetQuote] received request","severity":"info","timestamp":"2026-08-20T18:25:59.508307703Z"}
2026-08-20T18:25:59.508682051Z {"message":"[GetQuote] completed request","severity":"info","timestamp":"2026-08-20T18:25:59.508462123Z"}
2026-08-20T18:26:00.716086535Z {"message":"[GetQuote] received request","severity":"info","timestamp":"2026-08-20T18:26:00.715638677Z"}
2026-08-20T18:26:00.716137642Z {"message":"[GetQuote] completed request","severity":"info","timestamp":"2026-08-20T18:26:00.715745591Z"}
2026-08-20T18:26:01.822859277Z {"message":"[GetQuote] received request","severity":"info","timestamp":"2026-08-20T18:26:01.822285702Z"}
2026-08-20T18:26:01.823140213Z {"message":"[GetQuote] completed request","severity":"info","timestamp":"2026-08-20T18:26:01.822814071Z"}
2026-08-20T18:26:01.925447173Z {"message":"[GetQuote] received request","severity":"info","timestamp":"2026-08-20T18:26:01.924879999Z"}
2026-08-20T18:26:01.925491878Z {"message":"[GetQuote] completed request","severity":"info","timestamp":"2026-08-20T18:26:01.924978412Z"}
2026-08-20T18:26:01.935497875Z {"message":"[ShipOrder] received request","severity":"info","timestamp":"2026-08-20T18:26:01.935035715Z"}
2026-08-20T18:26:01.935532780Z {"message":"[ShipOrder] completed request","severity":"info","timestamp":"2026-08-20T18:26:01.935142129Z"}
2026-08-20T18:26:01.972970032Z {"message":"[GetQuote] received request","severity":"info","timestamp":"2026-08-20T18:26:01.972553078Z"}
2026-08-20T18:26:01.973003136Z {"message":"[GetQuote] completed request","severity":"info","timestamp":"2026-08-20T18:26:01.972644289Z"}
2026-08-20T18:26:03.496567256Z {"message":"[GetQuote] received request","severity":"info","timestamp":"2026-08-20T18:26:03.495261086Z"}
2026-08-20T18:26:03.496608061Z {"message":"[GetQuote] completed request","severity":"info","timestamp":"2026-08-20T18:26:03.4953704Z"}
2026-08-20T18:26:07.172566878Z {"message":"[GetQuote] received request","severity":"info","timestamp":"2026-08-20T18:26:07.172246329Z"}
2026-08-20T18:26:07.172604484Z {"message":"[GetQuote] completed request","severity":"info","timestamp":"2026-08-20T18:26:07.172306738Z"}
2026-08-20T18:26:07.184128364Z {"message":"[GetQuote] received request","severity":"info","timestamp":"2026-08-20T18:26:07.183915731Z"}
2026-08-20T18:26:07.184151667Z {"message":"[GetQuote] completed request","severity":"info","timestamp":"2026-08-20T18:26:07.183954537Z"}
2026-08-20T18:26:07.188555648Z {"message":"[ShipOrder] received request","severity":"info","timestamp":"2026-08-20T18:26:07.188368019Z"}
2026-08-20T18:26:07.188575251Z {"message":"[ShipOrder] completed request","severity":"info","timestamp":"2026-08-20T18:26:07.188419326Z"}
2026-08-20T18:26:07.462158799Z {"message":"[GetQuote] received request","severity":"info","timestamp":"2026-08-20T18:26:07.461955567Z"}
2026-08-20T18:26:07.462184403Z {"message":"[GetQuote] completed request","severity":"info","timestamp":"2026-08-20T18:26:07.461998974Z"}
2026-08-20T18:26:08.267837616Z {"message":"[GetQuote] received request","severity":"info","timestamp":"2026-08-20T18:26:08.267509065Z"}
2026-08-20T18:26:08.267874222Z {"message":"[GetQuote] completed request","severity":"info","timestamp":"2026-08-20T18:26:08.267582277Z"}
2026-08-20T18:26:14.089442659Z {"message":"[GetQuote] received request","severity":"info","timestamp":"2026-08-20T18:26:14.088977486Z"}
2026-08-20T18:26:14.089477864Z {"message":"[GetQuote] completed request","severity":"info","timestamp":"2026-08-20T18:26:14.089105506Z"}
2026-08-20T18:26:14.111819171Z {"message":"[GetQuote] received request","severity":"info","timestamp":"2026-08-20T18:26:14.111358398Z"}
2026-08-20T18:26:14.111856877Z {"message":"[GetQuote] completed request","severity":"info","timestamp":"2026-08-20T18:26:14.111444512Z"}
2026-08-20T18:26:14.129285312Z {"message":"[ShipOrder] received request","severity":"info","timestamp":"2026-08-20T18:26:14.128895151Z"}
2026-08-20T18:26:14.129319317Z {"message":"[ShipOrder] completed request","severity":"info","timestamp":"2026-08-20T18:26:14.129044774Z"}
2026-08-20T18:26:14.424224799Z {"message":"[GetQuote] received request","severity":"info","timestamp":"2026-08-20T18:26:14.424007265Z"}
2026-08-20T18:26:14.424250603Z {"message":"[GetQuote] completed request","severity":"info","timestamp":"2026-08-20T18:26:14.424050472Z"}
2026-08-20T18:26:14.441655935Z {"message":"[GetQuote] received request","severity":"info","timestamp":"2026-08-20T18:26:14.441488809Z"}
2026-08-20T18:26:14.441689140Z {"message":"[GetQuote] completed request","severity":"info","timestamp":"2026-08-20T18:26:14.441521914Z"}
2026-08-20T18:26:14.443997803Z {"message":"[ShipOrder] received request","severity":"info","timestamp":"2026-08-20T18:26:14.443768767Z"}
2026-08-20T18:26:14.444010305Z {"message":"[ShipOrder] completed request","severity":"info","timestamp":"2026-08-20T18:26:14.443808173Z"}
2026-08-20T18:26:14.592033935Z {"message":"[GetQuote] received request","severity":"info","timestamp":"2026-08-20T18:26:14.59155506Z"}
2026-08-20T18:26:14.592068841Z {"message":"[GetQuote] completed request","severity":"info","timestamp":"2026-08-20T18:26:14.591799198Z"}
2026-08-20T18:26:16.001400421Z {"message":"[GetQuote] received request","severity":"info","timestamp":"2026-08-20T18:26:16.001025562Z"}
2026-08-20T18:26:16.001446428Z {"message":"[GetQuote] completed request","severity":"info","timestamp":"2026-08-20T18:26:16.001191488Z"}
2026-08-20T18:26:16.173971104Z {"message":"[GetQuote] received request","severity":"info","timestamp":"2026-08-20T18:26:16.173255591Z"}
2026-08-20T18:26:16.174039414Z {"message":"[GetQuote] completed request","severity":"info","timestamp":"2026-08-20T18:26:16.173385412Z"}
2026-08-20T18:26:18.828239063Z {"message":"[GetQuote] received request","severity":"info","timestamp":"2026-08-20T18:26:18.827597762Z"}
2026-08-20T18:26:18.828702836Z {"message":"[GetQuote] completed request","severity":"info","timestamp":"2026-08-20T18:26:18.827778691Z"}
2026-08-20T18:26:18.903505975Z {"message":"[GetQuote] received request","severity":"info","timestamp":"2026-08-20T18:26:18.90308721Z"}
2026-08-20T18:26:18.903538781Z {"message":"[GetQuote] completed request","severity":"info","timestamp":"2026-08-20T18:26:18.903128816Z"}
2026-08-20T18:26:20.974527400Z {"message":"[GetQuote] received request","severity":"info","timestamp":"2026-08-20T18:26:20.973968913Z"}
2026-08-20T18:26:20.974592211Z {"message":"[GetQuote] completed request","severity":"info","timestamp":"2026-08-20T18:26:20.974067428Z"}
2026-08-20T18:26:22.514632873Z {"message":"[GetQuote] received request","severity":"info","timestamp":"2026-08-20T18:26:22.513973669Z"}
2026-08-20T18:26:22.514718086Z {"message":"[GetQuote] completed request","severity":"info","timestamp":"2026-08-20T18:26:22.514065283Z"}
2026-08-20T18:26:22.640152485Z {"message":"[GetQuote] received request","severity":"info","timestamp":"2026-08-20T18:26:22.638964698Z"}
2026-08-20T18:26:22.640316310Z {"message":"[GetQuote] completed request","severity":"info","timestamp":"2026-08-20T18:26:22.639060413Z"}
2026-08-20T18:26:22.714164708Z {"message":"[ShipOrder] received request","severity":"info","timestamp":"2026-08-20T18:26:22.713300872Z"}
2026-08-20T18:26:22.714222717Z {"message":"[ShipOrder] completed request","severity":"info","timestamp":"2026-08-20T18:26:22.713391386Z"}
2026-08-20T18:26:22.919398738Z {"message":"[GetQuote] received request","severity":"info","timestamp":"2026-08-20T18:26:22.918303666Z"}
2026-08-20T18:26:22.919474050Z {"message":"[GetQuote] completed request","severity":"info","timestamp":"2026-08-20T18:26:22.918465792Z"}
2026-08-20T18:26:23.500305365Z {"message":"[GetQuote] received request","severity":"info","timestamp":"2026-08-20T18:26:23.496481665Z"}
2026-08-20T18:26:23.500384478Z {"message":"[GetQuote] completed request","severity":"info","timestamp":"2026-08-20T18:26:23.496694898Z"}
2026-08-20T18:26:24.618111709Z {"message":"[GetQuote] received request","severity":"info","timestamp":"2026-08-20T18:26:24.617243073Z"}
2026-08-20T18:26:24.618185121Z {"message":"[GetQuote] completed request","severity":"info","timestamp":"2026-08-20T18:26:24.617382595Z"}
2026-08-20T18:26:28.178195995Z {"message":"[GetQuote] received request","severity":"info","timestamp":"2026-08-20T18:26:28.177960958Z"}
2026-08-20T18:26:28.178247903Z {"message":"[GetQuote] completed request","severity":"info","timestamp":"2026-08-20T18:26:28.177991363Z"}
2026-08-20T18:26:29.601318187Z {"message":"[GetQuote] received request","severity":"info","timestamp":"2026-08-20T18:26:29.600934926Z"}
2026-08-20T18:26:29.601357293Z {"message":"[GetQuote] completed request","severity":"info","timestamp":"2026-08-20T18:26:29.601014539Z"}
2026-08-20T18:26:30.218200860Z {"message":"[GetQuote] received request","severity":"info","timestamp":"2026-08-20T18:26:30.217847005Z"}
2026-08-20T18:26:30.218235665Z {"message":"[GetQuote] completed request","severity":"info","timestamp":"2026-08-20T18:26:30.217928318Z"}
2026-08-20T18:26:31.264776248Z {"message":"[GetQuote] received request","severity":"info","timestamp":"2026-08-20T18:26:31.264045936Z"}
2026-08-20T18:26:31.264842058Z {"message":"[GetQuote] completed request","severity":"info","timestamp":"2026-08-20T18:26:31.264100344Z"}
2026-08-20T18:26:31.334025627Z {"message":"[GetQuote] received request","severity":"info","timestamp":"2026-08-20T18:26:31.333294114Z"}
2026-08-20T18:26:31.334062733Z {"message":"[GetQuote] completed request","severity":"info","timestamp":"2026-08-20T18:26:31.333362025Z"}
2026-08-20T18:26:31.343628908Z {"message":"[ShipOrder] received request","severity":"info","timestamp":"2026-08-20T18:26:31.343137232Z"}
2026-08-20T18:26:31.343675215Z {"message":"[ShipOrder] completed request","severity":"info","timestamp":"2026-08-20T18:26:31.34325345Z"}
2026-08-20T18:26:33.249659267Z {"message":"[GetQuote] received request","severity":"info","timestamp":"2026-08-20T18:26:33.248714721Z"}
2026-08-20T18:26:33.249743880Z {"message":"[GetQuote] completed request","severity":"info","timestamp":"2026-08-20T18:26:33.248924754Z"}
2026-08-20T18:26:33.388643599Z {"message":"[GetQuote] received request","severity":"info","timestamp":"2026-08-20T18:26:33.388337752Z"}
2026-08-20T18:26:33.388678505Z {"message":"[GetQuote] completed request","severity":"info","timestamp":"2026-08-20T18:26:33.388370557Z"}
2026-08-20T18:26:36.320134254Z {"message":"[GetQuote] received request","severity":"info","timestamp":"2026-08-20T18:26:36.319182707Z"}
2026-08-20T18:26:36.320226468Z {"message":"[GetQuote] completed request","severity":"info","timestamp":"2026-08-20T18:26:36.319350133Z"}
2026-08-20T18:26:36.535332539Z {"message":"[GetQuote] received request","severity":"info","timestamp":"2026-08-20T18:26:36.534868367Z"}
2026-08-20T18:26:36.535371645Z {"message":"[GetQuote] completed request","severity":"info","timestamp":"2026-08-20T18:26:36.534960181Z"}
2026-08-20T18:26:36.542378925Z {"message":"[ShipOrder] received request","severity":"info","timestamp":"2026-08-20T18:26:36.542048974Z"}
2026-08-20T18:26:36.542408430Z {"message":"[ShipOrder] completed request","severity":"info","timestamp":"2026-08-20T18:26:36.542124086Z"}
2026-08-20T18:26:38.129623159Z {"message":"[GetQuote] received request","severity":"info","timestamp":"2026-08-20T18:26:38.129214695Z"}
2026-08-20T18:26:38.129706372Z {"message":"[GetQuote] completed request","severity":"info","timestamp":"2026-08-20T18:26:38.129287007Z"}
2026-08-20T18:26:38.146088622Z {"message":"[GetQuote] received request","severity":"info","timestamp":"2026-08-20T18:26:38.145767972Z"}
2026-08-20T18:26:38.146114826Z {"message":"[GetQuote] completed request","severity":"info","timestamp":"2026-08-20T18:26:38.14588029Z"}
2026-08-20T18:26:39.169796800Z {"message":"[GetQuote] received request","severity":"info","timestamp":"2026-08-20T18:26:39.169559663Z"}
2026-08-20T18:26:39.169854109Z {"message":"[GetQuote] completed request","severity":"info","timestamp":"2026-08-20T18:26:39.169612772Z"}
2026-08-20T18:26:42.582483311Z {"message":"[GetQuote] received request","severity":"info","timestamp":"2026-08-20T18:26:42.582072947Z"}
2026-08-20T18:26:42.582532518Z {"message":"[GetQuote] completed request","severity":"info","timestamp":"2026-08-20T18:26:42.58215616Z"}
2026-08-20T18:26:42.595037465Z {"message":"[GetQuote] received request","severity":"info","timestamp":"2026-08-20T18:26:42.594758822Z"}
2026-08-20T18:26:42.595074471Z {"message":"[GetQuote] completed request","severity":"info","timestamp":"2026-08-20T18:26:42.59480983Z"}
2026-08-20T18:26:42.630591901Z {"message":"[GetQuote] received request","severity":"info","timestamp":"2026-08-20T18:26:42.630226044Z"}
2026-08-20T18:26:42.630625406Z {"message":"[GetQuote] completed request","severity":"info","timestamp":"2026-08-20T18:26:42.630308256Z"}
2026-08-20T18:26:42.638794778Z {"message":"[ShipOrder] received request","severity":"info","timestamp":"2026-08-20T18:26:42.638405317Z"}
2026-08-20T18:26:42.638829983Z {"message":"[ShipOrder] completed request","severity":"info","timestamp":"2026-08-20T18:26:42.638514234Z"}
2026-08-20T18:26:43.004729149Z {"message":"[GetQuote] received request","severity":"info","timestamp":"2026-08-20T18:26:43.004310384Z"}
2026-08-20T18:26:43.004769155Z {"message":"[GetQuote] completed request","severity":"info","timestamp":"2026-08-20T18:26:43.004449005Z"}
2026-08-20T18:26:43.490741315Z {"message":"[GetQuote] received request","severity":"info","timestamp":"2026-08-20T18:26:43.490171326Z"}
2026-08-20T18:26:43.490787022Z {"message":"[GetQuote] completed request","severity":"info","timestamp":"2026-08-20T18:26:43.490254339Z"}
2026-08-20T18:26:44.430779566Z {"message":"[GetQuote] received request","severity":"info","timestamp":"2026-08-20T18:26:44.428011435Z"}
2026-08-20T18:26:44.430825673Z {"message":"[GetQuote] completed request","severity":"info","timestamp":"2026-08-20T18:26:44.428146956Z"}
2026-08-20T18:26:47.339553798Z {"message":"[GetQuote] received request","severity":"info","timestamp":"2026-08-20T18:26:47.339170138Z"}
2026-08-20T18:26:47.339602206Z {"message":"[GetQuote] completed request","severity":"info","timestamp":"2026-08-20T18:26:47.339255652Z"}
2026-08-20T18:26:48.178404661Z {"message":"[GetQuote] received request","severity":"info","timestamp":"2026-08-20T18:26:48.177277985Z"}
2026-08-20T18:26:48.178490075Z {"message":"[GetQuote] completed request","severity":"info","timestamp":"2026-08-20T18:26:48.177366299Z"}
2026-08-20T18:26:48.464673623Z {"message":"[GetQuote] received request","severity":"info","timestamp":"2026-08-20T18:26:48.464500596Z"}
2026-08-20T18:26:48.464700927Z {"message":"[GetQuote] completed request","severity":"info","timestamp":"2026-08-20T18:26:48.464546603Z"}
2026-08-20T18:26:49.981901357Z {"message":"[GetQuote] received request","severity":"info","timestamp":"2026-08-20T18:26:49.981646517Z"}
2026-08-20T18:26:49.981931462Z {"message":"[GetQuote] completed request","severity":"info","timestamp":"2026-08-20T18:26:49.981692925Z"}
2026-08-20T18:26:51.721147007Z {"message":"[GetQuote] received request","severity":"info","timestamp":"2026-08-20T18:26:51.720929073Z"}
2026-08-20T18:26:51.721176511Z {"message":"[GetQuote] completed request","severity":"info","timestamp":"2026-08-20T18:26:51.720992883Z"}
2026-08-20T18:26:52.456612104Z {"message":"[GetQuote] received request","severity":"info","timestamp":"2026-08-20T18:26:52.456385169Z"}
2026-08-20T18:26:52.456660412Z {"message":"[GetQuote] completed request","severity":"info","timestamp":"2026-08-20T18:26:52.456435677Z"}
2026-08-20T18:26:52.502336654Z {"message":"[GetQuote] received request","severity":"info","timestamp":"2026-08-20T18:26:52.502139423Z"}
2026-08-20T18:26:52.502382561Z {"message":"[GetQuote] completed request","severity":"info","timestamp":"2026-08-20T18:26:52.50218593Z"}
2026-08-20T18:26:53.854797925Z {"message":"[GetQuote] received request","severity":"info","timestamp":"2026-08-20T18:26:53.853984398Z"}
2026-08-20T18:26:53.854877538Z {"message":"[GetQuote] completed request","severity":"info","timestamp":"2026-08-20T18:26:53.854151824Z"}
2026-08-20T18:26:55.385095940Z {"message":"[GetQuote] received request","severity":"info","timestamp":"2026-08-20T18:26:55.384870605Z"}
2026-08-20T18:26:55.385122144Z {"message":"[GetQuote] completed request","severity":"info","timestamp":"2026-08-20T18:26:55.384926714Z"}
2026-08-20T18:26:56.609986635Z {"message":"[GetQuote] received request","severity":"info","timestamp":"2026-08-20T18:26:56.609320532Z"}
2026-08-20T18:26:56.611966243Z {"message":"[GetQuote] completed request","severity":"info","timestamp":"2026-08-20T18:26:56.609396543Z"}
2026-08-20T18:26:57.957918256Z {"message":"[GetQuote] received request","severity":"info","timestamp":"2026-08-20T18:26:57.957202544Z"}
2026-08-20T18:26:57.957960162Z {"message":"[GetQuote] completed request","severity":"info","timestamp":"2026-08-20T18:26:57.957289458Z"}
2026-08-20T18:26:59.077328755Z {"message":"[GetQuote] received request","severity":"info","timestamp":"2026-08-20T18:26:59.076611043Z"}
2026-08-20T18:26:59.077377863Z {"message":"[GetQuote] completed request","severity":"info","timestamp":"2026-08-20T18:26:59.076739663Z"}
2026-08-20T18:26:59.389522982Z {"message":"[GetQuote] received request","severity":"info","timestamp":"2026-08-20T18:26:59.389018403Z"}
2026-08-20T18:26:59.389565689Z {"message":"[GetQuote] completed request","severity":"info","timestamp":"2026-08-20T18:26:59.389107117Z"}
2026-08-20T18:26:59.613808244Z {"message":"[GetQuote] received request","severity":"info","timestamp":"2026-08-20T18:26:59.613161744Z"}
2026-08-20T18:26:59.613912261Z {"message":"[GetQuote] completed request","severity":"info","timestamp":"2026-08-20T18:26:59.613302966Z"}
2026-08-20T18:27:03.398529689Z {"message":"[GetQuote] received request","severity":"info","timestamp":"2026-08-20T18:27:03.398157733Z"}
2026-08-20T18:27:03.398570795Z {"message":"[GetQuote] completed request","severity":"info","timestamp":"2026-08-20T18:27:03.398196538Z"}
2026-08-20T18:27:09.908917498Z {"message":"[GetQuote] received request","severity":"info","timestamp":"2026-08-20T18:27:09.908693164Z"}
2026-08-20T18:27:09.908939601Z {"message":"[GetQuote] completed request","severity":"info","timestamp":"2026-08-20T18:27:09.90873437Z"}
2026-08-20T18:27:11.774227109Z {"message":"[GetQuote] received request","severity":"info","timestamp":"2026-08-20T18:27:11.773344071Z"}
2026-08-20T18:27:11.774302621Z {"message":"[GetQuote] completed request","severity":"info","timestamp":"2026-08-20T18:27:11.773507396Z"}
2026-08-20T18:27:11.903244096Z {"message":"[GetQuote] received request","severity":"info","timestamp":"2026-08-20T18:27:11.902287746Z"}
2026-08-20T18:27:11.903318608Z {"message":"[GetQuote] completed request","severity":"info","timestamp":"2026-08-20T18:27:11.902458573Z"}
2026-08-20T18:27:12.002550411Z {"message":"[ShipOrder] received request","severity":"info","timestamp":"2026-08-20T18:27:12.002385285Z"}
2026-08-20T18:27:12.002565213Z {"message":"[ShipOrder] completed request","severity":"info","timestamp":"2026-08-20T18:27:12.002459797Z"}
2026-08-20T18:27:13.397964426Z {"message":"[GetQuote] received request","severity":"info","timestamp":"2026-08-20T18:27:13.397420741Z"}
2026-08-20T18:27:13.398040738Z {"message":"[GetQuote] completed request","severity":"info","timestamp":"2026-08-20T18:27:13.397517356Z"}
2026-08-20T18:27:13.476212130Z {"message":"[GetQuote] received request","severity":"info","timestamp":"2026-08-20T18:27:13.476047004Z"}
2026-08-20T18:27:13.476252436Z {"message":"[GetQuote] completed request","severity":"info","timestamp":"2026-08-20T18:27:13.476180325Z"}
2026-08-20T18:27:13.497985253Z {"message":"[GetQuote] received request","severity":"info","timestamp":"2026-08-20T18:27:13.49776942Z"}
2026-08-20T18:27:13.498006757Z {"message":"[GetQuote] completed request","severity":"info","timestamp":"2026-08-20T18:27:13.497808326Z"}
2026-08-20T18:27:13.501350983Z {"message":"[ShipOrder] received request","severity":"info","timestamp":"2026-08-20T18:27:13.501139449Z"}
2026-08-20T18:27:13.501429495Z {"message":"[ShipOrder] completed request","severity":"info","timestamp":"2026-08-20T18:27:13.501171354Z"}
2026-08-20T18:27:13.693819747Z {"message":"[GetQuote] received request","severity":"info","timestamp":"2026-08-20T18:27:13.693488794Z"}
2026-08-20T18:27:13.693847651Z {"message":"[GetQuote] completed request","severity":"info","timestamp":"2026-08-20T18:27:13.693549004Z"}
2026-08-20T18:27:13.718361705Z {"message":"[GetQuote] received request","severity":"info","timestamp":"2026-08-20T18:27:13.717900933Z"}
2026-08-20T18:27:13.718399311Z {"message":"[GetQuote] completed request","severity":"info","timestamp":"2026-08-20T18:27:13.71801105Z"}
2026-08-20T18:27:13.726010708Z {"message":"[ShipOrder] received request","severity":"info","timestamp":"2026-08-20T18:27:13.725060959Z"}
2026-08-20T18:27:13.726055015Z {"message":"[ShipOrder] completed request","severity":"info","timestamp":"2026-08-20T18:27:13.725215283Z"}
2026-08-20T18:27:15.400898068Z {"message":"[GetQuote] received request","severity":"info","timestamp":"2026-08-20T18:27:15.399992525Z"}
2026-08-20T18:27:15.400979681Z {"message":"[GetQuote] completed request","severity":"info","timestamp":"2026-08-20T18:27:15.400156851Z"}
2026-08-20T18:27:15.690760946Z {"message":"[GetQuote] received request","severity":"info","timestamp":"2026-08-20T18:27:15.689949418Z"}
2026-08-20T18:27:15.690820655Z {"message":"[GetQuote] completed request","severity":"info","timestamp":"2026-08-20T18:27:15.690064036Z"}
2026-08-20T18:27:19.225147015Z {"message":"[GetQuote] received request","severity":"info","timestamp":"2026-08-20T18:27:19.222585812Z"}
2026-08-20T18:27:19.225216026Z {"message":"[GetQuote] completed request","severity":"info","timestamp":"2026-08-20T18:27:19.222746837Z"}
2026-08-20T18:27:19.434933688Z {"message":"[GetQuote] received request","severity":"info","timestamp":"2026-08-20T18:27:19.434661946Z"}
2026-08-20T18:27:19.434960093Z {"message":"[GetQuote] completed request","severity":"info","timestamp":"2026-08-20T18:27:19.434702652Z"}
2026-08-20T18:27:19.438592665Z {"message":"[ShipOrder] received request","severity":"info","timestamp":"2026-08-20T18:27:19.43836973Z"}
2026-08-20T18:27:19.438609568Z {"message":"[ShipOrder] completed request","severity":"info","timestamp":"2026-08-20T18:27:19.438418238Z"}
2026-08-20T18:27:24.328966538Z {"message":"[GetQuote] received request","severity":"info","timestamp":"2026-08-20T18:27:24.328129706Z"}
2026-08-20T18:27:24.329133164Z {"message":"[GetQuote] completed request","severity":"info","timestamp":"2026-08-20T18:27:24.328271828Z"}
2026-08-20T18:27:24.518994496Z {"message":"[GetQuote] received request","severity":"info","timestamp":"2026-08-20T18:27:24.518337993Z"}
2026-08-20T18:27:24.519027101Z {"message":"[GetQuote] completed request","severity":"info","timestamp":"2026-08-20T18:27:24.518400502Z"}
2026-08-20T18:27:24.530719645Z {"message":"[GetQuote] received request","severity":"info","timestamp":"2026-08-20T18:27:24.529525856Z"}
2026-08-20T18:27:24.532131367Z {"message":"[GetQuote] completed request","severity":"info","timestamp":"2026-08-20T18:27:24.529591567Z"}
2026-08-20T18:27:24.705770541Z {"message":"[ShipOrder] received request","severity":"info","timestamp":"2026-08-20T18:27:24.704942711Z"}
2026-08-20T18:27:24.705836352Z {"message":"[ShipOrder] completed request","severity":"info","timestamp":"2026-08-20T18:27:24.705132541Z"}
2026-08-20T18:27:26.474891067Z {"message":"[GetQuote] received request","severity":"info","timestamp":"2026-08-20T18:27:26.474539712Z"}
2026-08-20T18:27:26.474929273Z {"message":"[GetQuote] completed request","severity":"info","timestamp":"2026-08-20T18:27:26.474583719Z"}
2026-08-20T18:27:26.481699731Z {"message":"[GetQuote] received request","severity":"info","timestamp":"2026-08-20T18:27:26.481521503Z"}
2026-08-20T18:27:26.481718234Z {"message":"[GetQuote] completed request","severity":"info","timestamp":"2026-08-20T18:27:26.48156521Z"}
2026-08-20T18:27:26.484043897Z {"message":"[ShipOrder] received request","severity":"info","timestamp":"2026-08-20T18:27:26.483845466Z"}
2026-08-20T18:27:26.484049798Z {"message":"[ShipOrder] completed request","severity":"info","timestamp":"2026-08-20T18:27:26.483882872Z"}
2026-08-20T18:27:27.957232266Z {"message":"[GetQuote] received request","severity":"info","timestamp":"2026-08-20T18:27:27.957023833Z"}
2026-08-20T18:27:27.957263171Z {"message":"[GetQuote] completed request","severity":"info","timestamp":"2026-08-20T18:27:27.957072941Z"}
2026-08-20T18:27:28.543882263Z {"message":"[GetQuote] received request","severity":"info","timestamp":"2026-08-20T18:27:28.543708336Z"}
2026-08-20T18:27:28.543900866Z {"message":"[GetQuote] completed request","severity":"info","timestamp":"2026-08-20T18:27:28.543741941Z"}
2026-08-20T18:27:29.347055804Z {"message":"[GetQuote] received request","severity":"info","timestamp":"2026-08-20T18:27:29.346812366Z"}
2026-08-20T18:27:29.347082908Z {"message":"[GetQuote] completed request","severity":"info","timestamp":"2026-08-20T18:27:29.346877476Z"}
2026-08-20T18:27:31.720694319Z {"message":"[GetQuote] received request","severity":"info","timestamp":"2026-08-20T18:27:31.719640154Z"}
2026-08-20T18:27:31.720769031Z {"message":"[GetQuote] completed request","severity":"info","timestamp":"2026-08-20T18:27:31.719778076Z"}
2026-08-20T18:27:31.829003448Z {"message":"[GetQuote] received request","severity":"info","timestamp":"2026-08-20T18:27:31.828724505Z"}
2026-08-20T18:27:31.829022451Z {"message":"[GetQuote] completed request","severity":"info","timestamp":"2026-08-20T18:27:31.828754709Z"}
2026-08-20T18:27:31.832513697Z {"message":"[ShipOrder] received request","severity":"info","timestamp":"2026-08-20T18:27:31.832311365Z"}
2026-08-20T18:27:31.832530800Z {"message":"[ShipOrder] completed request","severity":"info","timestamp":"2026-08-20T18:27:31.832359073Z"}
2026-08-20T18:27:32.157519597Z {"message":"[GetQuote] received request","severity":"info","timestamp":"2026-08-20T18:27:32.156877597Z"}
2026-08-20T18:27:32.157584408Z {"message":"[GetQuote] completed request","severity":"info","timestamp":"2026-08-20T18:27:32.156986214Z"}
2026-08-20T18:27:32.194862234Z {"message":"[GetQuote] received request","severity":"info","timestamp":"2026-08-20T18:27:32.193868979Z"}
2026-08-20T18:27:32.194918243Z {"message":"[GetQuote] completed request","severity":"info","timestamp":"2026-08-20T18:27:32.194032505Z"}
2026-08-20T18:27:32.212743829Z {"message":"[ShipOrder] received request","severity":"info","timestamp":"2026-08-20T18:27:32.212027917Z"}
2026-08-20T18:27:32.212797238Z {"message":"[ShipOrder] completed request","severity":"info","timestamp":"2026-08-20T18:27:32.212180841Z"}
2026-08-20T18:27:33.779542816Z {"message":"[GetQuote] received request","severity":"info","timestamp":"2026-08-20T18:27:33.778572364Z"}
2026-08-20T18:27:33.788543423Z {"message":"[GetQuote] completed request","severity":"info","timestamp":"2026-08-20T18:27:33.786362182Z"}
2026-08-20T18:27:34.498075719Z {"message":"[GetQuote] received request","severity":"info","timestamp":"2026-08-20T18:27:34.497683058Z"}
2026-08-20T18:27:34.498128127Z {"message":"[GetQuote] completed request","severity":"info","timestamp":"2026-08-20T18:27:34.497802476Z"}
2026-08-20T18:27:35.190158015Z {"message":"[GetQuote] received request","severity":"info","timestamp":"2026-08-20T18:27:35.189639934Z"}
2026-08-20T18:27:35.190219925Z {"message":"[GetQuote] completed request","severity":"info","timestamp":"2026-08-20T18:27:35.189745451Z"}
2026-08-20T18:27:36.573742718Z {"message":"[GetQuote] received request","severity":"info","timestamp":"2026-08-20T18:27:36.573072513Z"}
2026-08-20T18:27:36.573790025Z {"message":"[GetQuote] completed request","severity":"info","timestamp":"2026-08-20T18:27:36.573172729Z"}
2026-08-20T18:27:36.659699018Z {"message":"[GetQuote] received request","severity":"info","timestamp":"2026-08-20T18:27:36.659280353Z"}
2026-08-20T18:27:36.659766029Z {"message":"[GetQuote] completed request","severity":"info","timestamp":"2026-08-20T18:27:36.659366366Z"}
2026-08-20T18:27:36.707961442Z {"message":"[ShipOrder] received request","severity":"info","timestamp":"2026-08-20T18:27:36.707551078Z"}
2026-08-20T18:27:36.708003349Z {"message":"[ShipOrder] completed request","severity":"info","timestamp":"2026-08-20T18:27:36.707645693Z"}
2026-08-20T18:27:37.560754094Z {"message":"[GetQuote] received request","severity":"info","timestamp":"2026-08-20T18:27:37.560306524Z"}
2026-08-20T18:27:37.560793400Z {"message":"[GetQuote] completed request","severity":"info","timestamp":"2026-08-20T18:27:37.560391237Z"}
2026-08-20T18:27:39.974499399Z {"message":"[GetQuote] received request","severity":"info","timestamp":"2026-08-20T18:27:39.974175449Z"}
2026-08-20T18:27:39.974539106Z {"message":"[GetQuote] completed request","severity":"info","timestamp":"2026-08-20T18:27:39.974223857Z"}
2026-08-20T18:27:42.757679152Z {"message":"[GetQuote] received request","severity":"info","timestamp":"2026-08-20T18:27:42.756919033Z"}
2026-08-20T18:27:42.757738761Z {"message":"[GetQuote] completed request","severity":"info","timestamp":"2026-08-20T18:27:42.756974842Z"}
2026-08-20T18:27:43.072491711Z {"message":"[GetQuote] received request","severity":"info","timestamp":"2026-08-20T18:27:43.071938825Z"}
2026-08-20T18:27:43.072549420Z {"message":"[GetQuote] completed request","severity":"info","timestamp":"2026-08-20T18:27:43.072078347Z"}
2026-08-20T18:27:45.639509749Z {"message":"[GetQuote] received request","severity":"info","timestamp":"2026-08-20T18:27:45.638713225Z"}
2026-08-20T18:27:45.639588761Z {"message":"[GetQuote] completed request","severity":"info","timestamp":"2026-08-20T18:27:45.638848446Z"}
2026-08-20T18:27:46.386855413Z {"message":"[GetQuote] received request","severity":"info","timestamp":"2026-08-20T18:27:46.386202711Z"}
2026-08-20T18:27:46.386927224Z {"message":"[GetQuote] completed request","severity":"info","timestamp":"2026-08-20T18:27:46.386335632Z"}
2026-08-20T18:27:51.585715009Z {"message":"[GetQuote] received request","severity":"info","timestamp":"2026-08-20T18:27:51.584833376Z"}
2026-08-20T18:27:51.585806423Z {"message":"[GetQuote] completed request","severity":"info","timestamp":"2026-08-20T18:27:51.5849945Z"}
2026-08-20T18:27:51.705372842Z {"message":"[GetQuote] received request","severity":"info","timestamp":"2026-08-20T18:27:51.70496448Z"}
2026-08-20T18:27:51.706216369Z {"message":"[GetQuote] completed request","severity":"info","timestamp":"2026-08-20T18:27:51.705092899Z"}
2026-08-20T18:27:51.712058355Z {"message":"[ShipOrder] received request","severity":"info","timestamp":"2026-08-20T18:27:51.711683198Z"}
2026-08-20T18:27:51.712093860Z {"message":"[ShipOrder] completed request","severity":"info","timestamp":"2026-08-20T18:27:51.711794015Z"}
2026-08-20T18:27:52.092191858Z {"message":"[GetQuote] received request","severity":"info","timestamp":"2026-08-20T18:27:52.09141204Z"}
2026-08-20T18:27:52.092264869Z {"message":"[GetQuote] completed request","severity":"info","timestamp":"2026-08-20T18:27:52.091581065Z"}
2026-08-20T18:27:52.620220373Z {"message":"[GetQuote] received request","severity":"info","timestamp":"2026-08-20T18:27:52.619359742Z"}
2026-08-20T18:27:52.620292684Z {"message":"[GetQuote] completed request","severity":"info","timestamp":"2026-08-20T18:27:52.619500964Z"}
2026-08-20T18:27:52.733138183Z {"message":"[GetQuote] received request","severity":"info","timestamp":"2026-08-20T18:27:52.732649809Z"}
2026-08-20T18:27:52.733198593Z {"message":"[GetQuote] completed request","severity":"info","timestamp":"2026-08-20T18:27:52.732740223Z"}
2026-08-20T18:27:52.806519803Z {"message":"[ShipOrder] received request","severity":"info","timestamp":"2026-08-20T18:27:52.805848202Z"}
2026-08-20T18:27:52.806578812Z {"message":"[ShipOrder] completed request","severity":"info","timestamp":"2026-08-20T18:27:52.806020328Z"}
2026-08-20T18:27:53.817586715Z {"message":"[GetQuote] received request","severity":"info","timestamp":"2026-08-20T18:27:53.816749488Z"}
2026-08-20T18:27:53.817653825Z {"message":"[GetQuote] completed request","severity":"info","timestamp":"2026-08-20T18:27:53.816943817Z"}
2026-08-20T18:27:56.225900458Z {"message":"[GetQuote] received request","severity":"info","timestamp":"2026-08-20T18:27:56.225365176Z"}
2026-08-20T18:27:56.225950565Z {"message":"[GetQuote] completed request","severity":"info","timestamp":"2026-08-20T18:27:56.225580709Z"}
2026-08-20T18:27:56.397185413Z {"message":"[GetQuote] received request","severity":"info","timestamp":"2026-08-20T18:27:56.396073645Z"}
2026-08-20T18:27:56.397246622Z {"message":"[GetQuote] completed request","severity":"info","timestamp":"2026-08-20T18:27:56.396190462Z"}
2026-08-20T18:27:56.407978349Z {"message":"[ShipOrder] received request","severity":"info","timestamp":"2026-08-20T18:27:56.407156024Z"}
2026-08-20T18:27:56.408026056Z {"message":"[ShipOrder] completed request","severity":"info","timestamp":"2026-08-20T18:27:56.407355654Z"}
2026-08-20T18:27:56.796023851Z {"message":"[GetQuote] received request","severity":"info","timestamp":"2026-08-20T18:27:56.795515474Z"}
2026-08-20T18:27:56.796067057Z {"message":"[GetQuote] completed request","severity":"info","timestamp":"2026-08-20T18:27:56.795663996Z"}
2026-08-20T18:27:57.089863178Z {"message":"[GetQuote] received request","severity":"info","timestamp":"2026-08-20T18:27:57.089256386Z"}
2026-08-20T18:27:57.089922787Z {"message":"[GetQuote] completed request","severity":"info","timestamp":"2026-08-20T18:27:57.089390906Z"}
2026-08-20T18:27:57.297894002Z {"message":"[GetQuote] received request","severity":"info","timestamp":"2026-08-20T18:27:57.297362221Z"}
2026-08-20T18:27:57.297931607Z {"message":"[GetQuote] completed request","severity":"info","timestamp":"2026-08-20T18:27:57.29755635Z"}
2026-08-20T18:27:57.359914000Z {"message":"[ShipOrder] received request","severity":"info","timestamp":"2026-08-20T18:27:57.359250099Z"}
2026-08-20T18:27:57.359968508Z {"message":"[ShipOrder] completed request","severity":"info","timestamp":"2026-08-20T18:27:57.359435227Z"}
2026-08-20T18:27:57.566901565Z {"message":"[GetQuote] received request","severity":"info","timestamp":"2026-08-20T18:27:57.566219962Z"}
2026-08-20T18:27:57.566965875Z {"message":"[GetQuote] completed request","severity":"info","timestamp":"2026-08-20T18:27:57.566358083Z"}
2026-08-20T18:27:57.653937354Z {"message":"[GetQuote] received request","severity":"info","timestamp":"2026-08-20T18:27:57.653627407Z"}
2026-08-20T18:27:57.653961058Z {"message":"[GetQuote] completed request","severity":"info","timestamp":"2026-08-20T18:27:57.653686816Z"}
2026-08-20T18:27:57.657964765Z {"message":"[ShipOrder] received request","severity":"info","timestamp":"2026-08-20T18:27:57.657692723Z"}
2026-08-20T18:27:57.657989868Z {"message":"[ShipOrder] completed request","severity":"info","timestamp":"2026-08-20T18:27:57.657760434Z"}
2026-08-20T18:27:59.795389919Z {"message":"[GetQuote] received request","severity":"info","timestamp":"2026-08-20T18:27:59.794496Z"}
2026-08-20T18:27:59.795456028Z {"message":"[GetQuote] completed request","severity":"info","timestamp":"2026-08-20T18:27:59.794631218Z"}
2026-08-20T18:27:59.984611628Z {"message":"[GetQuote] received request","severity":"info","timestamp":"2026-08-20T18:27:59.983881831Z"}
2026-08-20T18:27:59.984687138Z {"message":"[GetQuote] completed request","severity":"info","timestamp":"2026-08-20T18:27:59.984050654Z"}
2026-08-20T18:28:00.368304646Z {"message":"[GetQuote] received request","severity":"info","timestamp":"2026-08-20T18:28:00.367722068Z"}
2026-08-20T18:28:00.368357353Z {"message":"[GetQuote] completed request","severity":"info","timestamp":"2026-08-20T18:28:00.367832083Z"}
2026-08-20T18:28:05.930319857Z {"message":"[GetQuote] received request","severity":"info","timestamp":"2026-08-20T18:28:05.929984512Z"}
2026-08-20T18:28:05.930356762Z {"message":"[GetQuote] completed request","severity":"info","timestamp":"2026-08-20T18:28:05.930139833Z"}
2026-08-20T18:28:06.816633833Z {"message":"[GetQuote] received request","severity":"info","timestamp":"2026-08-20T18:28:06.815921726Z"}
2026-08-20T18:28:06.817339839Z {"message":"[GetQuote] completed request","severity":"info","timestamp":"2026-08-20T18:28:06.816467008Z"}
2026-08-20T18:28:07.187608018Z {"message":"[GetQuote] received request","severity":"info","timestamp":"2026-08-20T18:28:07.18715675Z"}
2026-08-20T18:28:07.187649524Z {"message":"[GetQuote] completed request","severity":"info","timestamp":"2026-08-20T18:28:07.18722306Z"}
2026-08-20T18:28:07.282303158Z {"message":"[GetQuote] received request","severity":"info","timestamp":"2026-08-20T18:28:07.282032417Z"}
2026-08-20T18:28:07.282342264Z {"message":"[GetQuote] completed request","severity":"info","timestamp":"2026-08-20T18:28:07.282104028Z"}
2026-08-20T18:28:09.708951064Z {"message":"[GetQuote] received request","severity":"info","timestamp":"2026-08-20T18:28:09.70872273Z"}
2026-08-20T18:28:09.709148094Z {"message":"[GetQuote] completed request","severity":"info","timestamp":"2026-08-20T18:28:09.708977568Z"}
2026-08-20T18:28:09.997644176Z {"message":"[GetQuote] received request","severity":"info","timestamp":"2026-08-20T18:28:09.997443646Z"}
2026-08-20T18:28:09.997687683Z {"message":"[GetQuote] completed request","severity":"info","timestamp":"2026-08-20T18:28:09.997509956Z"}
2026-08-20T18:28:10.176496971Z {"message":"[GetQuote] received request","severity":"info","timestamp":"2026-08-20T18:28:10.175955189Z"}
2026-08-20T18:28:10.176566381Z {"message":"[GetQuote] completed request","severity":"info","timestamp":"2026-08-20T18:28:10.176124015Z"}
2026-08-20T18:28:10.291271830Z {"message":"[GetQuote] received request","severity":"info","timestamp":"2026-08-20T18:28:10.290410501Z"}
2026-08-20T18:28:10.291321938Z {"message":"[GetQuote] completed request","severity":"info","timestamp":"2026-08-20T18:28:10.29053682Z"}
2026-08-20T18:28:10.305391753Z {"message":"[ShipOrder] received request","severity":"info","timestamp":"2026-08-20T18:28:10.305054103Z"}
2026-08-20T18:28:10.305419658Z {"message":"[ShipOrder] completed request","severity":"info","timestamp":"2026-08-20T18:28:10.30517112Z"}
2026-08-20T18:28:11.789194480Z {"message":"[GetQuote] received request","severity":"info","timestamp":"2026-08-20T18:28:11.788683903Z"}
2026-08-20T18:28:11.789241087Z {"message":"[GetQuote] completed request","severity":"info","timestamp":"2026-08-20T18:28:11.788762415Z"}
2026-08-20T18:28:11.818042418Z {"message":"[GetQuote] received request","severity":"info","timestamp":"2026-08-20T18:28:11.81772527Z"}
2026-08-20T18:28:11.818080423Z {"message":"[GetQuote] completed request","severity":"info","timestamp":"2026-08-20T18:28:11.817800081Z"}
2026-08-20T18:28:11.823896098Z {"message":"[ShipOrder] received request","severity":"info","timestamp":"2026-08-20T18:28:11.823609055Z"}
2026-08-20T18:28:11.823917801Z {"message":"[ShipOrder] completed request","severity":"info","timestamp":"2026-08-20T18:28:11.823693967Z"}
2026-08-20T18:28:11.881614377Z {"message":"[GetQuote] received request","severity":"info","timestamp":"2026-08-20T18:28:11.881199915Z"}
2026-08-20T18:28:11.881665785Z {"message":"[GetQuote] completed request","severity":"info","timestamp":"2026-08-20T18:28:11.881276526Z"}
2026-08-20T18:28:14.729471412Z {"message":"[GetQuote] received request","severity":"info","timestamp":"2026-08-20T18:28:14.729060349Z"}
2026-08-20T18:28:14.729513019Z {"message":"[GetQuote] completed request","severity":"info","timestamp":"2026-08-20T18:28:14.729151863Z"}
2026-08-20T18:28:16.867469177Z {"message":"[GetQuote] received request","severity":"info","timestamp":"2026-08-20T18:28:16.866955098Z"}
2026-08-20T18:28:16.867538388Z {"message":"[GetQuote] completed request","severity":"info","timestamp":"2026-08-20T18:28:16.867110222Z"}
2026-08-20T18:28:17.395573512Z {"message":"[GetQuote] received request","severity":"info","timestamp":"2026-08-20T18:28:17.395303671Z"}
2026-08-20T18:28:17.395602317Z {"message":"[GetQuote] completed request","severity":"info","timestamp":"2026-08-20T18:28:17.39536158Z"}
2026-08-20T18:28:17.408158443Z {"message":"[GetQuote] received request","severity":"info","timestamp":"2026-08-20T18:28:17.407890502Z"}
2026-08-20T18:28:17.408183747Z {"message":"[GetQuote] completed request","severity":"info","timestamp":"2026-08-20T18:28:17.407935809Z"}
2026-08-20T18:28:17.412515512Z {"message":"[ShipOrder] received request","severity":"info","timestamp":"2026-08-20T18:28:17.412211665Z"}
2026-08-20T18:28:17.412539515Z {"message":"[ShipOrder] completed request","severity":"info","timestamp":"2026-08-20T18:28:17.412255772Z"}
2026-08-20T18:28:20.033422277Z {"message":"[GetQuote] received request","severity":"info","timestamp":"2026-08-20T18:28:20.032881294Z"}
2026-08-20T18:28:20.033485787Z {"message":"[GetQuote] completed request","severity":"info","timestamp":"2026-08-20T18:28:20.032994511Z"}
2026-08-20T18:28:21.136470134Z {"message":"[GetQuote] received request","severity":"info","timestamp":"2026-08-20T18:28:21.13585914Z"}
2026-08-20T18:28:21.136544545Z {"message":"[GetQuote] completed request","severity":"info","timestamp":"2026-08-20T18:28:21.136198992Z"}
2026-08-20T18:28:21.266843039Z {"message":"[GetQuote] received request","severity":"info","timestamp":"2026-08-20T18:28:21.265484931Z"}
2026-08-20T18:28:21.266927152Z {"message":"[GetQuote] completed request","severity":"info","timestamp":"2026-08-20T18:28:21.265621252Z"}
2026-08-20T18:28:21.363866727Z {"message":"[GetQuote] received request","severity":"info","timestamp":"2026-08-20T18:28:21.363255633Z"}
2026-08-20T18:28:21.363921435Z {"message":"[GetQuote] completed request","severity":"info","timestamp":"2026-08-20T18:28:21.36336825Z"}
2026-08-20T18:28:21.376787809Z {"message":"[ShipOrder] received request","severity":"info","timestamp":"2026-08-20T18:28:21.376249927Z"}
2026-08-20T18:28:21.376836017Z {"message":"[ShipOrder] completed request","severity":"info","timestamp":"2026-08-20T18:28:21.376390048Z"}
2026-08-20T18:28:21.512927499Z {"message":"[GetQuote] received request","severity":"info","timestamp":"2026-08-20T18:28:21.511942148Z"}
2026-08-20T18:28:21.513006312Z {"message":"[GetQuote] completed request","severity":"info","timestamp":"2026-08-20T18:28:21.512102173Z"}
2026-08-20T18:28:24.048523045Z {"message":"[GetQuote] received request","severity":"info","timestamp":"2026-08-20T18:28:24.04777203Z"}
2026-08-20T18:28:24.048570453Z {"message":"[GetQuote] completed request","severity":"info","timestamp":"2026-08-20T18:28:24.047850743Z"}
2026-08-20T18:28:25.413612604Z {"message":"[GetQuote] received request","severity":"info","timestamp":"2026-08-20T18:28:25.413146333Z"}
2026-08-20T18:28:25.413666912Z {"message":"[GetQuote] completed request","severity":"info","timestamp":"2026-08-20T18:28:25.413240247Z"}
2026-08-20T18:28:26.112715516Z {"message":"[GetQuote] received request","severity":"info","timestamp":"2026-08-20T18:28:26.112263546Z"}
2026-08-20T18:28:26.112793728Z {"message":"[GetQuote] completed request","severity":"info","timestamp":"2026-08-20T18:28:26.112372863Z"}
2026-08-20T18:28:26.481593527Z {"message":"[GetQuote] received request","severity":"info","timestamp":"2026-08-20T18:28:26.480972532Z"}
2026-08-20T18:28:26.481644735Z {"message":"[GetQuote] completed request","severity":"info","timestamp":"2026-08-20T18:28:26.481126656Z"}
2026-08-20T18:28:30.863824507Z {"message":"[GetQuote] received request","severity":"info","timestamp":"2026-08-20T18:28:30.863143006Z"}
2026-08-20T18:28:30.863876714Z {"message":"[GetQuote] completed request","severity":"info","timestamp":"2026-08-20T18:28:30.863267524Z"}
2026-08-20T18:28:31.949378713Z {"message":"[GetQuote] received request","severity":"info","timestamp":"2026-08-20T18:28:31.948773224Z"}
2026-08-20T18:28:31.949439122Z {"message":"[GetQuote] completed request","severity":"info","timestamp":"2026-08-20T18:28:31.948895442Z"}
2026-08-20T18:28:35.175524798Z {"message":"[GetQuote] received request","severity":"info","timestamp":"2026-08-20T18:28:35.174761186Z"}
2026-08-20T18:28:35.175610811Z {"message":"[GetQuote] completed request","severity":"info","timestamp":"2026-08-20T18:28:35.174851599Z"}
2026-08-20T18:28:36.176420511Z {"message":"[GetQuote] received request","severity":"info","timestamp":"2026-08-20T18:28:36.176197678Z"}
2026-08-20T18:28:36.176448015Z {"message":"[GetQuote] completed request","severity":"info","timestamp":"2026-08-20T18:28:36.176223882Z"}
2026-08-20T18:28:36.825694431Z {"message":"[GetQuote] received request","severity":"info","timestamp":"2026-08-20T18:28:36.825160752Z"}
2026-08-20T18:28:36.825753140Z {"message":"[GetQuote] completed request","severity":"info","timestamp":"2026-08-20T18:28:36.825313875Z"}
2026-08-20T18:28:37.950423419Z {"message":"[GetQuote] received request","severity":"info","timestamp":"2026-08-20T18:28:37.949651105Z"}
2026-08-20T18:28:37.950505731Z {"message":"[GetQuote] completed request","severity":"info","timestamp":"2026-08-20T18:28:37.949722015Z"}
2026-08-20T18:28:39.045340762Z {"message":"[GetQuote] received request","severity":"info","timestamp":"2026-08-20T18:28:39.045011031Z"}
2026-08-20T18:28:39.045372465Z {"message":"[GetQuote] completed request","severity":"info","timestamp":"2026-08-20T18:28:39.045117141Z"}
2026-08-20T18:28:41.301103694Z {"message":"[GetQuote] received request","severity":"info","timestamp":"2026-08-20T18:28:41.300843669Z"}
2026-08-20T18:28:41.301125996Z {"message":"[GetQuote] completed request","severity":"info","timestamp":"2026-08-20T18:28:41.300899774Z"}
2026-08-20T18:28:41.504751406Z {"message":"[GetQuote] received request","severity":"info","timestamp":"2026-08-20T18:28:41.503921927Z"}
2026-08-20T18:28:41.504808411Z {"message":"[GetQuote] completed request","severity":"info","timestamp":"2026-08-20T18:28:41.504142948Z"}
2026-08-20T18:28:41.529434771Z {"message":"[GetQuote] received request","severity":"info","timestamp":"2026-08-20T18:28:41.529088538Z"}
2026-08-20T18:28:41.529465574Z {"message":"[GetQuote] completed request","severity":"info","timestamp":"2026-08-20T18:28:41.529152144Z"}
2026-08-20T18:28:41.533958204Z {"message":"[ShipOrder] received request","severity":"info","timestamp":"2026-08-20T18:28:41.533645874Z"}
2026-08-20T18:28:41.533982307Z {"message":"[ShipOrder] completed request","severity":"info","timestamp":"2026-08-20T18:28:41.533711881Z"}
2026-08-20T18:28:42.196926525Z {"message":"[GetQuote] received request","severity":"info","timestamp":"2026-08-20T18:28:42.196086945Z"}
2026-08-20T18:28:42.196993232Z {"message":"[GetQuote] completed request","severity":"info","timestamp":"2026-08-20T18:28:42.196219958Z"}
2026-08-20T18:28:43.722714916Z {"message":"[GetQuote] received request","severity":"info","timestamp":"2026-08-20T18:28:43.721622211Z"}
2026-08-20T18:28:43.723057949Z {"message":"[GetQuote] completed request","severity":"info","timestamp":"2026-08-20T18:28:43.721989146Z"}
2026-08-20T18:28:44.775518688Z {"message":"[GetQuote] received request","severity":"info","timestamp":"2026-08-20T18:28:44.774742214Z"}
2026-08-20T18:28:44.775586995Z {"message":"[GetQuote] completed request","severity":"info","timestamp":"2026-08-20T18:28:44.774876127Z"}
2026-08-20T18:28:47.229579646Z {"message":"[GetQuote] received request","severity":"info","timestamp":"2026-08-20T18:28:47.229093473Z"}
2026-08-20T18:28:47.229639554Z {"message":"[GetQuote] completed request","severity":"info","timestamp":"2026-08-20T18:28:47.229219392Z"}
2026-08-20T18:28:47.706638651Z {"message":"[GetQuote] received request","severity":"info","timestamp":"2026-08-20T18:28:47.706192785Z"}
2026-08-20T18:28:47.706674857Z {"message":"[GetQuote] completed request","severity":"info","timestamp":"2026-08-20T18:28:47.706254094Z"}
2026-08-20T18:28:47.735267743Z {"message":"[GetQuote] received request","severity":"info","timestamp":"2026-08-20T18:28:47.734962097Z"}
2026-08-20T18:28:47.735306248Z {"message":"[GetQuote] completed request","severity":"info","timestamp":"2026-08-20T18:28:47.735041609Z"}
2026-08-20T18:28:47.742071462Z {"message":"[ShipOrder] received request","severity":"info","timestamp":"2026-08-20T18:28:47.741512379Z"}
2026-08-20T18:28:47.742105167Z {"message":"[ShipOrder] completed request","severity":"info","timestamp":"2026-08-20T18:28:47.741614194Z"}
2026-08-20T18:28:47.951731788Z {"message":"[GetQuote] received request","severity":"info","timestamp":"2026-08-20T18:28:47.947641275Z"}
2026-08-20T18:28:47.951805199Z {"message":"[GetQuote] completed request","severity":"info","timestamp":"2026-08-20T18:28:47.9478114Z"}
2026-08-20T18:28:48.179096268Z {"message":"[GetQuote] received request","severity":"info","timestamp":"2026-08-20T18:28:48.178751516Z"}
2026-08-20T18:28:48.179133573Z {"message":"[GetQuote] completed request","severity":"info","timestamp":"2026-08-20T18:28:48.178831628Z"}
2026-08-20T18:28:48.980513391Z {"message":"[GetQuote] received request","severity":"info","timestamp":"2026-08-20T18:28:48.979803885Z"}
2026-08-20T18:28:48.980597704Z {"message":"[GetQuote] completed request","severity":"info","timestamp":"2026-08-20T18:28:48.979980411Z"}
2026-08-20T18:28:49.024985057Z {"message":"[GetQuote] received request","severity":"info","timestamp":"2026-08-20T18:28:49.024173435Z"}
2026-08-20T18:28:49.025056668Z {"message":"[GetQuote] completed request","severity":"info","timestamp":"2026-08-20T18:28:49.024251847Z"}
2026-08-20T18:28:49.087190981Z {"message":"[ShipOrder] received request","severity":"info","timestamp":"2026-08-20T18:28:49.086964847Z"}
2026-08-20T18:28:49.087239988Z {"message":"[ShipOrder] completed request","severity":"info","timestamp":"2026-08-20T18:28:49.08705376Z"}
2026-08-20T18:28:49.952263646Z {"message":"[GetQuote] received request","severity":"info","timestamp":"2026-08-20T18:28:49.952008907Z"}
2026-08-20T18:28:49.952342657Z {"message":"[GetQuote] completed request","severity":"info","timestamp":"2026-08-20T18:28:49.952056715Z"}
2026-08-20T18:28:51.377959642Z {"message":"[GetQuote] received request","severity":"info","timestamp":"2026-08-20T18:28:51.376825272Z"}
2026-08-20T18:28:51.378081460Z {"message":"[GetQuote] completed request","severity":"info","timestamp":"2026-08-20T18:28:51.377003598Z"}
2026-08-20T18:28:51.561157001Z {"message":"[GetQuote] received request","severity":"info","timestamp":"2026-08-20T18:28:51.560793346Z"}
2026-08-20T18:28:51.561196207Z {"message":"[GetQuote] completed request","severity":"info","timestamp":"2026-08-20T18:28:51.560857656Z"}
2026-08-20T18:28:52.528685523Z {"message":"[GetQuote] received request","severity":"info","timestamp":"2026-08-20T18:28:52.527896504Z"}
2026-08-20T18:28:52.528814842Z {"message":"[GetQuote] completed request","severity":"info","timestamp":"2026-08-20T18:28:52.528077932Z"}
2026-08-20T18:28:54.752700458Z {"message":"[GetQuote] received request","severity":"info","timestamp":"2026-08-20T18:28:54.752121272Z"}
2026-08-20T18:28:54.752749965Z {"message":"[GetQuote] completed request","severity":"info","timestamp":"2026-08-20T18:28:54.752237289Z"}
2026-08-20T18:28:55.530509564Z {"message":"[GetQuote] received request","severity":"info","timestamp":"2026-08-20T18:28:55.529925078Z"}
2026-08-20T18:28:55.530571973Z {"message":"[GetQuote] completed request","severity":"info","timestamp":"2026-08-20T18:28:55.529989987Z"}
2026-08-20T18:28:59.614707400Z {"message":"[GetQuote] received request","severity":"info","timestamp":"2026-08-20T18:28:59.61429694Z"}
2026-08-20T18:28:59.614757908Z {"message":"[GetQuote] completed request","severity":"info","timestamp":"2026-08-20T18:28:59.614385753Z"}
2026-08-20T18:29:00.847991902Z {"message":"[GetQuote] received request","severity":"info","timestamp":"2026-08-20T18:29:00.846028213Z"}
2026-08-20T18:29:00.848039309Z {"message":"[GetQuote] completed request","severity":"info","timestamp":"2026-08-20T18:29:00.846111125Z"}
2026-08-20T18:29:01.704518687Z {"message":"[GetQuote] received request","severity":"info","timestamp":"2026-08-20T18:29:01.703877392Z"}
2026-08-20T18:29:01.704599898Z {"message":"[GetQuote] completed request","severity":"info","timestamp":"2026-08-20T18:29:01.703963105Z"}
2026-08-20T18:29:03.420459241Z {"message":"[GetQuote] received request","severity":"info","timestamp":"2026-08-20T18:29:03.419461513Z"}
2026-08-20T18:29:03.420512647Z {"message":"[GetQuote] completed request","severity":"info","timestamp":"2026-08-20T18:29:03.419581328Z"}
2026-08-20T18:29:04.757935054Z {"message":"[GetQuote] received request","severity":"info","timestamp":"2026-08-20T18:29:04.757394485Z"}
2026-08-20T18:29:04.758000363Z {"message":"[GetQuote] completed request","severity":"info","timestamp":"2026-08-20T18:29:04.757515001Z"}
2026-08-20T18:29:07.088309101Z {"message":"[GetQuote] received request","severity":"info","timestamp":"2026-08-20T18:29:07.087466393Z"}
2026-08-20T18:29:07.089145908Z {"message":"[GetQuote] completed request","severity":"info","timestamp":"2026-08-20T18:29:07.088797563Z"}
2026-08-20T18:29:07.978238791Z {"message":"[GetQuote] received request","severity":"info","timestamp":"2026-08-20T18:29:07.977694121Z"}
2026-08-20T18:29:07.978285496Z {"message":"[GetQuote] completed request","severity":"info","timestamp":"2026-08-20T18:29:07.977756629Z"}
2026-08-20T18:29:11.580459701Z {"message":"[GetQuote] received request","severity":"info","timestamp":"2026-08-20T18:29:11.580198862Z"}
2026-08-20T18:29:11.580493306Z {"message":"[GetQuote] completed request","severity":"info","timestamp":"2026-08-20T18:29:11.580246969Z"}
2026-08-20T18:29:12.068868160Z {"message":"[GetQuote] received request","severity":"info","timestamp":"2026-08-20T18:29:12.068475701Z"}
2026-08-20T18:29:12.068898065Z {"message":"[GetQuote] completed request","severity":"info","timestamp":"2026-08-20T18:29:12.068528809Z"}
2026-08-20T18:29:12.098660335Z {"message":"[GetQuote] received request","severity":"info","timestamp":"2026-08-20T18:29:12.098403797Z"}
2026-08-20T18:29:12.098687439Z {"message":"[GetQuote] completed request","severity":"info","timestamp":"2026-08-20T18:29:12.098443103Z"}
2026-08-20T18:29:12.102061446Z {"message":"[ShipOrder] received request","severity":"info","timestamp":"2026-08-20T18:29:12.101785705Z"}
2026-08-20T18:29:12.102081749Z {"message":"[ShipOrder] completed request","severity":"info","timestamp":"2026-08-20T18:29:12.101842413Z"}
2026-08-20T18:29:13.575501458Z {"message":"[GetQuote] received request","severity":"info","timestamp":"2026-08-20T18:29:13.575244019Z"}
2026-08-20T18:29:13.575548265Z {"message":"[GetQuote] completed request","severity":"info","timestamp":"2026-08-20T18:29:13.575308429Z"}
2026-08-20T18:29:15.031581863Z {"message":"[GetQuote] received request","severity":"info","timestamp":"2026-08-20T18:29:15.030708632Z"}
2026-08-20T18:29:15.031638971Z {"message":"[GetQuote] completed request","severity":"info","timestamp":"2026-08-20T18:29:15.030961169Z"}
2026-08-20T18:29:16.443684762Z {"message":"[GetQuote] received request","severity":"info","timestamp":"2026-08-20T18:29:16.442570895Z"}
2026-08-20T18:29:16.443761573Z {"message":"[GetQuote] completed request","severity":"info","timestamp":"2026-08-20T18:29:16.442747221Z"}
2026-08-20T18:29:18.653517408Z {"message":"[GetQuote] received request","severity":"info","timestamp":"2026-08-20T18:29:18.653228365Z"}
2026-08-20T18:29:18.653551713Z {"message":"[GetQuote] completed request","severity":"info","timestamp":"2026-08-20T18:29:18.653273971Z"}
2026-08-20T18:29:18.669140972Z {"message":"[GetQuote] received request","severity":"info","timestamp":"2026-08-20T18:29:18.668872232Z"}
2026-08-20T18:29:18.669168577Z {"message":"[GetQuote] completed request","severity":"info","timestamp":"2026-08-20T18:29:18.668950844Z"}
2026-08-20T18:29:18.673762772Z {"message":"[ShipOrder] received request","severity":"info","timestamp":"2026-08-20T18:29:18.673446424Z"}
2026-08-20T18:29:18.673798877Z {"message":"[ShipOrder] completed request","severity":"info","timestamp":"2026-08-20T18:29:18.67348393Z"}
2026-08-20T18:29:21.050217780Z {"message":"[GetQuote] received request","severity":"info","timestamp":"2026-08-20T18:29:21.049710403Z"}
2026-08-20T18:29:21.050269288Z {"message":"[GetQuote] completed request","severity":"info","timestamp":"2026-08-20T18:29:21.049841123Z"}
2026-08-20T18:29:21.569180810Z {"message":"[GetQuote] received request","severity":"info","timestamp":"2026-08-20T18:29:21.568628927Z"}
2026-08-20T18:29:21.569230718Z {"message":"[GetQuote] completed request","severity":"info","timestamp":"2026-08-20T18:29:21.568728242Z"}
2026-08-20T18:29:23.124947831Z {"message":"[GetQuote] received request","severity":"info","timestamp":"2026-08-20T18:29:23.123969583Z"}
2026-08-20T18:29:23.125008140Z {"message":"[GetQuote] completed request","severity":"info","timestamp":"2026-08-20T18:29:23.124190916Z"}
2026-08-20T18:29:28.214326985Z {"message":"[GetQuote] received request","severity":"info","timestamp":"2026-08-20T18:29:28.214038243Z"}
2026-08-20T18:29:28.214356389Z {"message":"[GetQuote] completed request","severity":"info","timestamp":"2026-08-20T18:29:28.214079749Z"}
2026-08-20T18:29:28.482972635Z {"message":"[GetQuote] received request","severity":"info","timestamp":"2026-08-20T18:29:28.482397951Z"}
2026-08-20T18:29:28.483020142Z {"message":"[GetQuote] completed request","severity":"info","timestamp":"2026-08-20T18:29:28.482579978Z"}
2026-08-20T18:29:31.531898883Z {"message":"[GetQuote] received request","severity":"info","timestamp":"2026-08-20T18:29:31.531018956Z"}
2026-08-20T18:29:31.531994697Z {"message":"[GetQuote] completed request","severity":"info","timestamp":"2026-08-20T18:29:31.531311598Z"}
2026-08-20T18:29:35.886304294Z {"message":"[GetQuote] received request","severity":"info","timestamp":"2026-08-20T18:29:35.885838825Z"}
2026-08-20T18:29:35.886367803Z {"message":"[GetQuote] completed request","severity":"info","timestamp":"2026-08-20T18:29:35.885947441Z"}
2026-08-20T18:29:36.504789331Z {"message":"[GetQuote] received request","severity":"info","timestamp":"2026-08-20T18:29:36.504561798Z"}
2026-08-20T18:29:36.504810434Z {"message":"[GetQuote] completed request","severity":"info","timestamp":"2026-08-20T18:29:36.504604304Z"}
2026-08-20T18:29:36.842148343Z {"message":"[GetQuote] received request","severity":"info","timestamp":"2026-08-20T18:29:36.841929611Z"}
2026-08-20T18:29:36.842215953Z {"message":"[GetQuote] completed request","severity":"info","timestamp":"2026-08-20T18:29:36.841978718Z"}
2026-08-20T18:29:36.850100915Z {"message":"[GetQuote] received request","severity":"info","timestamp":"2026-08-20T18:29:36.849822474Z"}
2026-08-20T18:29:36.850130719Z {"message":"[GetQuote] completed request","severity":"info","timestamp":"2026-08-20T18:29:36.849884983Z"}
2026-08-20T18:29:37.039749661Z {"message":"[GetQuote] received request","severity":"info","timestamp":"2026-08-20T18:29:37.039513626Z"}
2026-08-20T18:29:37.039792867Z {"message":"[GetQuote] completed request","severity":"info","timestamp":"2026-08-20T18:29:37.039559533Z"}
2026-08-20T18:29:37.191935186Z {"message":"[GetQuote] received request","severity":"info","timestamp":"2026-08-20T18:29:37.191777263Z"}
2026-08-20T18:29:37.191957290Z {"message":"[GetQuote] completed request","severity":"info","timestamp":"2026-08-20T18:29:37.191797966Z"}
2026-08-20T18:29:37.206767072Z {"message":"[GetQuote] received request","severity":"info","timestamp":"2026-08-20T18:29:37.206545139Z"}
2026-08-20T18:29:37.206793276Z {"message":"[GetQuote] completed request","severity":"info","timestamp":"2026-08-20T18:29:37.206582745Z"}
2026-08-20T18:29:37.209958442Z {"message":"[ShipOrder] received request","severity":"info","timestamp":"2026-08-20T18:29:37.20980422Z"}
2026-08-20T18:29:37.209976645Z {"message":"[ShipOrder] completed request","severity":"info","timestamp":"2026-08-20T18:29:37.209854427Z"}
2026-08-20T18:29:41.029621993Z {"message":"[GetQuote] received request","severity":"info","timestamp":"2026-08-20T18:29:41.028907888Z"}
2026-08-20T18:29:41.029676001Z {"message":"[GetQuote] completed request","severity":"info","timestamp":"2026-08-20T18:29:41.028962096Z"}
2026-08-20T18:29:42.086713562Z {"message":"[GetQuote] received request","severity":"info","timestamp":"2026-08-20T18:29:42.086403717Z"}
2026-08-20T18:29:42.086752568Z {"message":"[GetQuote] completed request","severity":"info","timestamp":"2026-08-20T18:29:42.086488929Z"}
2026-08-20T18:29:44.249581945Z {"message":"[GetQuote] received request","severity":"info","timestamp":"2026-08-20T18:29:44.249160682Z"}
2026-08-20T18:29:44.249617550Z {"message":"[GetQuote] completed request","severity":"info","timestamp":"2026-08-20T18:29:44.249223991Z"}
2026-08-20T18:29:46.457346947Z {"message":"[GetQuote] received request","severity":"info","timestamp":"2026-08-20T18:29:46.45716532Z"}
2026-08-20T18:29:46.457357949Z {"message":"[GetQuote] completed request","severity":"info","timestamp":"2026-08-20T18:29:46.457196625Z"}
2026-08-20T18:29:47.520497986Z {"message":"[GetQuote] received request","severity":"info","timestamp":"2026-08-20T18:29:47.519899997Z"}
2026-08-20T18:29:47.520538392Z {"message":"[GetQuote] completed request","severity":"info","timestamp":"2026-08-20T18:29:47.520018714Z"}
2026-08-20T18:29:47.725466144Z {"message":"[GetQuote] received request","severity":"info","timestamp":"2026-08-20T18:29:47.724819947Z"}
2026-08-20T18:29:47.725520152Z {"message":"[GetQuote] completed request","severity":"info","timestamp":"2026-08-20T18:29:47.72496797Z"}
2026-08-20T18:29:49.844644953Z {"message":"[GetQuote] received request","severity":"info","timestamp":"2026-08-20T18:29:49.844331706Z"}
2026-08-20T18:29:49.844685159Z {"message":"[GetQuote] completed request","severity":"info","timestamp":"2026-08-20T18:29:49.84435771Z"}
2026-08-20T18:29:51.291309176Z {"message":"[GetQuote] received request","severity":"info","timestamp":"2026-08-20T18:29:51.290765995Z"}
2026-08-20T18:29:51.291355883Z {"message":"[GetQuote] completed request","severity":"info","timestamp":"2026-08-20T18:29:51.290926019Z"}
2026-08-20T18:29:51.716175946Z {"message":"[GetQuote] received request","severity":"info","timestamp":"2026-08-20T18:29:51.715782887Z"}
2026-08-20T18:29:51.716213252Z {"message":"[GetQuote] completed request","severity":"info","timestamp":"2026-08-20T18:29:51.7158699Z"}
2026-08-20T18:29:55.208461817Z {"message":"[GetQuote] received request","severity":"info","timestamp":"2026-08-20T18:29:55.207775214Z"}
2026-08-20T18:29:55.208541129Z {"message":"[GetQuote] completed request","severity":"info","timestamp":"2026-08-20T18:29:55.207922437Z"}
2026-08-20T18:29:55.678123511Z {"message":"[GetQuote] received request","severity":"info","timestamp":"2026-08-20T18:29:55.677396602Z"}
2026-08-20T18:29:55.678193821Z {"message":"[GetQuote] completed request","severity":"info","timestamp":"2026-08-20T18:29:55.677560726Z"}
2026-08-20T18:29:56.993502941Z {"message":"[GetQuote] received request","severity":"info","timestamp":"2026-08-20T18:29:56.992808737Z"}
2026-08-20T18:29:56.993574452Z {"message":"[GetQuote] completed request","severity":"info","timestamp":"2026-08-20T18:29:56.992966461Z"}
2026-08-20T18:30:00.409088126Z {"message":"[GetQuote] received request","severity":"info","timestamp":"2026-08-20T18:30:00.408427828Z"}
2026-08-20T18:30:00.409153336Z {"message":"[GetQuote] completed request","severity":"info","timestamp":"2026-08-20T18:30:00.408562548Z"}
2026-08-20T18:30:01.559842111Z {"message":"[GetQuote] received request","severity":"info","timestamp":"2026-08-20T18:30:01.559184413Z"}
2026-08-20T18:30:01.559893619Z {"message":"[GetQuote] completed request","severity":"info","timestamp":"2026-08-20T18:30:01.559284528Z"}
2026-08-20T18:30:02.513620316Z {"message":"[GetQuote] received request","severity":"info","timestamp":"2026-08-20T18:30:02.512849401Z"}
2026-08-20T18:30:02.513685125Z {"message":"[GetQuote] completed request","severity":"info","timestamp":"2026-08-20T18:30:02.512935114Z"}
2026-08-20T18:30:03.010584244Z {"message":"[GetQuote] received request","severity":"info","timestamp":"2026-08-20T18:30:03.010286099Z"}
2026-08-20T18:30:03.010608347Z {"message":"[GetQuote] completed request","severity":"info","timestamp":"2026-08-20T18:30:03.010330606Z"}
2026-08-20T18:30:03.731786929Z {"message":"[GetQuote] received request","severity":"info","timestamp":"2026-08-20T18:30:03.731354865Z"}
2026-08-20T18:30:03.731840037Z {"message":"[GetQuote] completed request","severity":"info","timestamp":"2026-08-20T18:30:03.731410773Z"}
2026-08-20T18:30:06.674461674Z {"message":"[GetQuote] received request","severity":"info","timestamp":"2026-08-20T18:30:06.674154628Z"}
2026-08-20T18:30:06.674504581Z {"message":"[GetQuote] completed request","severity":"info","timestamp":"2026-08-20T18:30:06.674197935Z"}
2026-08-20T18:30:06.684039706Z {"message":"[GetQuote] received request","severity":"info","timestamp":"2026-08-20T18:30:06.683907986Z"}
2026-08-20T18:30:06.684062009Z {"message":"[GetQuote] completed request","severity":"info","timestamp":"2026-08-20T18:30:06.683948393Z"}
2026-08-20T18:30:06.704349543Z {"message":"[GetQuote] received request","severity":"info","timestamp":"2026-08-20T18:30:06.704162915Z"}
2026-08-20T18:30:06.704370246Z {"message":"[GetQuote] completed request","severity":"info","timestamp":"2026-08-20T18:30:06.704190719Z"}
2026-08-20T18:30:06.707077451Z {"message":"[ShipOrder] received request","severity":"info","timestamp":"2026-08-20T18:30:06.706920427Z"}
2026-08-20T18:30:06.707088552Z {"message":"[ShipOrder] completed request","severity":"info","timestamp":"2026-08-20T18:30:06.706956932Z"}
2026-08-20T18:30:07.688888540Z {"message":"[GetQuote] received request","severity":"info","timestamp":"2026-08-20T18:30:07.68828255Z"}
2026-08-20T18:30:07.688936347Z {"message":"[GetQuote] completed request","severity":"info","timestamp":"2026-08-20T18:30:07.688378364Z"}
2026-08-20T18:30:08.262629320Z {"message":"[GetQuote] received request","severity":"info","timestamp":"2026-08-20T18:30:08.262158649Z"}
2026-08-20T18:30:08.262680727Z {"message":"[GetQuote] completed request","severity":"info","timestamp":"2026-08-20T18:30:08.262261765Z"}
2026-08-20T18:30:10.547208085Z {"message":"[GetQuote] received request","severity":"info","timestamp":"2026-08-20T18:30:10.546863933Z"}
2026-08-20T18:30:10.547253592Z {"message":"[GetQuote] completed request","severity":"info","timestamp":"2026-08-20T18:30:10.546957247Z"}
2026-08-20T18:30:11.913870013Z {"message":"[GetQuote] received request","severity":"info","timestamp":"2026-08-20T18:30:11.913568068Z"}
2026-08-20T18:30:11.913907119Z {"message":"[GetQuote] completed request","severity":"info","timestamp":"2026-08-20T18:30:11.913652581Z"}
2026-08-20T18:30:13.065146139Z {"message":"[GetQuote] received request","severity":"info","timestamp":"2026-08-20T18:30:13.064643064Z"}
2026-08-20T18:30:13.065201547Z {"message":"[GetQuote] completed request","severity":"info","timestamp":"2026-08-20T18:30:13.064775584Z"}
2026-08-20T18:30:16.242470510Z {"message":"[GetQuote] received request","severity":"info","timestamp":"2026-08-20T18:30:16.241899224Z"}
2026-08-20T18:30:16.242522618Z {"message":"[GetQuote] completed request","severity":"info","timestamp":"2026-08-20T18:30:16.242100354Z"}
2026-08-20T18:30:16.751400392Z {"message":"[GetQuote] received request","severity":"info","timestamp":"2026-08-20T18:30:16.750998031Z"}
2026-08-20T18:30:16.751435097Z {"message":"[GetQuote] completed request","severity":"info","timestamp":"2026-08-20T18:30:16.751041237Z"}
2026-08-20T18:30:17.572780273Z {"message":"[GetQuote] received request","severity":"info","timestamp":"2026-08-20T18:30:17.572203086Z"}
2026-08-20T18:30:17.572837982Z {"message":"[GetQuote] completed request","severity":"info","timestamp":"2026-08-20T18:30:17.572309202Z"}
2026-08-20T18:30:19.121701760Z {"message":"[GetQuote] received request","severity":"info","timestamp":"2026-08-20T18:30:19.121028659Z"}
2026-08-20T18:30:19.121768671Z {"message":"[GetQuote] completed request","severity":"info","timestamp":"2026-08-20T18:30:19.12116968Z"}
2026-08-20T18:30:19.297101057Z {"message":"[GetQuote] received request","severity":"info","timestamp":"2026-08-20T18:30:19.296918029Z"}
2026-08-20T18:30:19.297122060Z {"message":"[GetQuote] completed request","severity":"info","timestamp":"2026-08-20T18:30:19.296953835Z"}
2026-08-20T18:30:19.299568130Z {"message":"[ShipOrder] received request","severity":"info","timestamp":"2026-08-20T18:30:19.299377401Z"}
2026-08-20T18:30:19.299580832Z {"message":"[ShipOrder] completed request","severity":"info","timestamp":"2026-08-20T18:30:19.299415807Z"}
2026-08-20T18:30:20.149116867Z {"message":"[GetQuote] received request","severity":"info","timestamp":"2026-08-20T18:30:20.148616691Z"}
2026-08-20T18:30:20.149321698Z {"message":"[GetQuote] completed request","severity":"info","timestamp":"2026-08-20T18:30:20.148752912Z"}
2026-08-20T18:30:20.890739500Z {"message":"[GetQuote] received request","severity":"info","timestamp":"2026-08-20T18:30:20.889849065Z"}
2026-08-20T18:30:20.890805110Z {"message":"[GetQuote] completed request","severity":"info","timestamp":"2026-08-20T18:30:20.890070499Z"}
2026-08-20T18:30:21.853330013Z {"message":"[GetQuote] received request","severity":"info","timestamp":"2026-08-20T18:30:21.852534893Z"}
2026-08-20T18:30:21.853420727Z {"message":"[GetQuote] completed request","severity":"info","timestamp":"2026-08-20T18:30:21.85271142Z"}
2026-08-20T18:30:24.561056656Z {"message":"[GetQuote] received request","severity":"info","timestamp":"2026-08-20T18:30:24.560611889Z"}
2026-08-20T18:30:24.561096062Z {"message":"[GetQuote] completed request","severity":"info","timestamp":"2026-08-20T18:30:24.560681699Z"}
2026-08-20T18:30:24.675530944Z {"message":"[GetQuote] received request","severity":"info","timestamp":"2026-08-20T18:30:24.675225398Z"}
2026-08-20T18:30:24.675578451Z {"message":"[GetQuote] completed request","severity":"info","timestamp":"2026-08-20T18:30:24.675281706Z"}
2026-08-20T18:30:24.680781937Z {"message":"[ShipOrder] received request","severity":"info","timestamp":"2026-08-20T18:30:24.680498894Z"}
2026-08-20T18:30:24.680803440Z {"message":"[ShipOrder] completed request","severity":"info","timestamp":"2026-08-20T18:30:24.680572205Z"}
2026-08-20T18:30:26.769395861Z {"message":"[GetQuote] received request","severity":"info","timestamp":"2026-08-20T18:30:26.769017604Z"}
2026-08-20T18:30:26.769438068Z {"message":"[GetQuote] completed request","severity":"info","timestamp":"2026-08-20T18:30:26.769095916Z"}
2026-08-20T18:30:27.372147789Z {"message":"[GetQuote] received request","severity":"info","timestamp":"2026-08-20T18:30:27.371253554Z"}
2026-08-20T18:30:27.372224101Z {"message":"[GetQuote] completed request","severity":"info","timestamp":"2026-08-20T18:30:27.371453185Z"}
2026-08-20T18:30:27.488556070Z {"message":"[GetQuote] received request","severity":"info","timestamp":"2026-08-20T18:30:27.487779252Z"}
2026-08-20T18:30:27.488696891Z {"message":"[GetQuote] completed request","severity":"info","timestamp":"2026-08-20T18:30:27.487883468Z"}
2026-08-20T18:30:27.572793191Z {"message":"[GetQuote] received request","severity":"info","timestamp":"2026-08-20T18:30:27.571669021Z"}
2026-08-20T18:30:27.572857101Z {"message":"[GetQuote] completed request","severity":"info","timestamp":"2026-08-20T18:30:27.571805442Z"}
2026-08-20T18:30:27.767164745Z {"message":"[GetQuote] received request","severity":"info","timestamp":"2026-08-20T18:30:27.766847897Z"}
2026-08-20T18:30:27.767198750Z {"message":"[GetQuote] completed request","severity":"info","timestamp":"2026-08-20T18:30:27.766944312Z"}
2026-08-20T18:30:27.786704996Z {"message":"[GetQuote] received request","severity":"info","timestamp":"2026-08-20T18:30:27.786428454Z"}
2026-08-20T18:30:27.786724799Z {"message":"[GetQuote] completed request","severity":"info","timestamp":"2026-08-20T18:30:27.786474961Z"}
2026-08-20T18:30:27.790654293Z {"message":"[ShipOrder] received request","severity":"info","timestamp":"2026-08-20T18:30:27.790416457Z"}
2026-08-20T18:30:27.790673296Z {"message":"[ShipOrder] completed request","severity":"info","timestamp":"2026-08-20T18:30:27.790485667Z"}
2026-08-20T18:30:28.941076730Z {"message":"[GetQuote] received request","severity":"info","timestamp":"2026-08-20T18:30:28.940246305Z"}
2026-08-20T18:30:28.941133639Z {"message":"[GetQuote] completed request","severity":"info","timestamp":"2026-08-20T18:30:28.940299413Z"}
2026-08-20T18:30:30.268536204Z {"message":"[GetQuote] received request","severity":"info","timestamp":"2026-08-20T18:30:30.267905409Z"}
2026-08-20T18:30:30.268582611Z {"message":"[GetQuote] completed request","severity":"info","timestamp":"2026-08-20T18:30:30.268012325Z"}
2026-08-20T18:30:34.302087792Z {"message":"[GetQuote] received request","severity":"info","timestamp":"2026-08-20T18:30:34.301195256Z"}
2026-08-20T18:30:34.302154802Z {"message":"[GetQuote] completed request","severity":"info","timestamp":"2026-08-20T18:30:34.301559512Z"}
2026-08-20T18:30:35.383070226Z {"message":"[GetQuote] received request","severity":"info","timestamp":"2026-08-20T18:30:35.382098578Z"}
2026-08-20T18:30:35.383141136Z {"message":"[GetQuote] completed request","severity":"info","timestamp":"2026-08-20T18:30:35.382211895Z"}
2026-08-20T18:30:35.558470623Z {"message":"[GetQuote] received request","severity":"info","timestamp":"2026-08-20T18:30:35.557982849Z"}
2026-08-20T18:30:35.558527532Z {"message":"[GetQuote] completed request","severity":"info","timestamp":"2026-08-20T18:30:35.558079063Z"}
2026-08-20T18:30:36.068473649Z {"message":"[GetQuote] received request","severity":"info","timestamp":"2026-08-20T18:30:36.067630021Z"}
2026-08-20T18:30:36.068544660Z {"message":"[GetQuote] completed request","severity":"info","timestamp":"2026-08-20T18:30:36.067795746Z"}
2026-08-20T18:30:37.283832936Z {"message":"[GetQuote] received request","severity":"info","timestamp":"2026-08-20T18:30:37.283354263Z"}
2026-08-20T18:30:37.283879143Z {"message":"[GetQuote] completed request","severity":"info","timestamp":"2026-08-20T18:30:37.283435575Z"}
2026-08-20T18:30:37.454791257Z {"message":"[GetQuote] received request","severity":"info","timestamp":"2026-08-20T18:30:37.454306483Z"}
2026-08-20T18:30:37.454841864Z {"message":"[GetQuote] completed request","severity":"info","timestamp":"2026-08-20T18:30:37.454491111Z"}
2026-08-20T18:30:43.965171900Z {"message":"[GetQuote] received request","severity":"info","timestamp":"2026-08-20T18:30:43.964941765Z"}
2026-08-20T18:30:43.965198804Z {"message":"[GetQuote] completed request","severity":"info","timestamp":"2026-08-20T18:30:43.964998074Z"}
2026-08-20T18:30:48.033024655Z {"message":"[GetQuote] received request","severity":"info","timestamp":"2026-08-20T18:30:48.032146321Z"}
2026-08-20T18:30:48.033080764Z {"message":"[GetQuote] completed request","severity":"info","timestamp":"2026-08-20T18:30:48.032219032Z"}
2026-08-20T18:30:48.373514462Z {"message":"[GetQuote] received request","severity":"info","timestamp":"2026-08-20T18:30:48.373250622Z"}
2026-08-20T18:30:48.373543966Z {"message":"[GetQuote] completed request","severity":"info","timestamp":"2026-08-20T18:30:48.373317632Z"}
2026-08-20T18:30:53.252081852Z {"message":"[GetQuote] received request","severity":"info","timestamp":"2026-08-20T18:30:53.251827813Z"}
2026-08-20T18:30:53.252118357Z {"message":"[GetQuote] completed request","severity":"info","timestamp":"2026-08-20T18:30:53.251863718Z"}
2026-08-20T18:30:53.714871767Z {"message":"[GetQuote] received request","severity":"info","timestamp":"2026-08-20T18:30:53.714674237Z"}
2026-08-20T18:30:53.714900271Z {"message":"[GetQuote] completed request","severity":"info","timestamp":"2026-08-20T18:30:53.714718543Z"}
2026-08-20T18:30:53.726235696Z {"message":"[GetQuote] received request","severity":"info","timestamp":"2026-08-20T18:30:53.726083373Z"}
2026-08-20T18:30:53.726254899Z {"message":"[GetQuote] completed request","severity":"info","timestamp":"2026-08-20T18:30:53.726116378Z"}
2026-08-20T18:30:53.728624959Z {"message":"[ShipOrder] received request","severity":"info","timestamp":"2026-08-20T18:30:53.728457734Z"}
2026-08-20T18:30:53.728635561Z {"message":"[ShipOrder] completed request","severity":"info","timestamp":"2026-08-20T18:30:53.72849644Z"}
2026-08-20T18:30:55.393298768Z {"message":"[GetQuote] received request","severity":"info","timestamp":"2026-08-20T18:30:55.393093937Z"}
2026-08-20T18:30:55.393320772Z {"message":"[GetQuote] completed request","severity":"info","timestamp":"2026-08-20T18:30:55.393152346Z"}
2026-08-20T18:30:56.779806917Z {"message":"[GetQuote] received request","severity":"info","timestamp":"2026-08-20T18:30:56.779543577Z"}
2026-08-20T18:30:56.779837322Z {"message":"[GetQuote] completed request","severity":"info","timestamp":"2026-08-20T18:30:56.779592884Z"}
2026-08-20T18:30:58.098925956Z {"message":"[GetQuote] received request","severity":"info","timestamp":"2026-08-20T18:30:58.098276658Z"}
2026-08-20T18:30:58.099000868Z {"message":"[GetQuote] completed request","severity":"info","timestamp":"2026-08-20T18:30:58.098519695Z"}
2026-08-20T18:30:58.220079110Z {"message":"[GetQuote] received request","severity":"info","timestamp":"2026-08-20T18:30:58.219734458Z"}
2026-08-20T18:30:58.220116316Z {"message":"[GetQuote] completed request","severity":"info","timestamp":"2026-08-20T18:30:58.219809069Z"}
2026-08-20T18:30:58.224284447Z {"message":"[ShipOrder] received request","severity":"info","timestamp":"2026-08-20T18:30:58.223911691Z"}
2026-08-20T18:30:58.224311052Z {"message":"[ShipOrder] completed request","severity":"info","timestamp":"2026-08-20T18:30:58.22403591Z"}
2026-08-20T18:30:58.706992175Z {"message":"[GetQuote] received request","severity":"info","timestamp":"2026-08-20T18:30:58.706004425Z"}
2026-08-20T18:30:58.707065886Z {"message":"[GetQuote] completed request","severity":"info","timestamp":"2026-08-20T18:30:58.706172051Z"}
2026-08-20T18:31:00.538327813Z {"message":"[GetQuote] received request","severity":"info","timestamp":"2026-08-20T18:31:00.537918951Z"}
2026-08-20T18:31:00.538419026Z {"message":"[GetQuote] completed request","severity":"info","timestamp":"2026-08-20T18:31:00.538014665Z"}
2026-08-20T18:31:00.581075989Z {"message":"[GetQuote] received request","severity":"info","timestamp":"2026-08-20T18:31:00.580803948Z"}
2026-08-20T18:31:00.581108094Z {"message":"[GetQuote] completed request","severity":"info","timestamp":"2026-08-20T18:31:00.580863557Z"}
2026-08-20T18:31:00.597088615Z {"message":"[GetQuote] received request","severity":"info","timestamp":"2026-08-20T18:31:00.59679467Z"}
2026-08-20T18:31:00.597110118Z {"message":"[GetQuote] completed request","severity":"info","timestamp":"2026-08-20T18:31:00.596839377Z"}
2026-08-20T18:31:00.600583744Z {"message":"[ShipOrder] received request","severity":"info","timestamp":"2026-08-20T18:31:00.600337807Z"}
2026-08-20T18:31:00.600604847Z {"message":"[ShipOrder] completed request","severity":"info","timestamp":"2026-08-20T18:31:00.600394715Z"}
2026-08-20T18:31:02.861593111Z {"message":"[GetQuote] received request","severity":"info","timestamp":"2026-08-20T18:31:02.860887707Z"}
2026-08-20T18:31:02.861656320Z {"message":"[GetQuote] completed request","severity":"info","timestamp":"2026-08-20T18:31:02.861011025Z"}
2026-08-20T18:31:03.732627672Z {"message":"[GetQuote] received request","severity":"info","timestamp":"2026-08-20T18:31:03.732246816Z"}
2026-08-20T18:31:03.732667278Z {"message":"[GetQuote] completed request","severity":"info","timestamp":"2026-08-20T18:31:03.732315326Z"}
2026-08-20T18:31:07.424703159Z {"message":"[GetQuote] received request","severity":"info","timestamp":"2026-08-20T18:31:07.42444322Z"}
2026-08-20T18:31:07.424733863Z {"message":"[GetQuote] completed request","severity":"info","timestamp":"2026-08-20T18:31:07.424489927Z"}
2026-08-20T18:31:11.434550745Z {"message":"[GetQuote] received request","severity":"info","timestamp":"2026-08-20T18:31:11.433903746Z"}
2026-08-20T18:31:11.434622756Z {"message":"[GetQuote] completed request","severity":"info","timestamp":"2026-08-20T18:31:11.434021464Z"}
2026-08-20T18:31:13.077393743Z {"message":"[GetQuote] received request","severity":"info","timestamp":"2026-08-20T18:31:13.076932172Z"}
2026-08-20T18:31:13.077441550Z {"message":"[GetQuote] completed request","severity":"info","timestamp":"2026-08-20T18:31:13.077032087Z"}
2026-08-20T18:31:13.081632091Z {"message":"[GetQuote] received request","severity":"info","timestamp":"2026-08-20T18:31:13.081334446Z"}
2026-08-20T18:31:13.081661296Z {"message":"[GetQuote] completed request","severity":"info","timestamp":"2026-08-20T18:31:13.08142466Z"}
2026-08-20T18:31:14.571706903Z {"message":"[GetQuote] received request","severity":"info","timestamp":"2026-08-20T18:31:14.570819667Z"}
2026-08-20T18:31:14.571793016Z {"message":"[GetQuote] completed request","severity":"info","timestamp":"2026-08-20T18:31:14.570990993Z"}
2026-08-20T18:31:17.685479381Z {"message":"[GetQuote] received request","severity":"info","timestamp":"2026-08-20T18:31:17.684723865Z"}
2026-08-20T18:31:17.685560993Z {"message":"[GetQuote] completed request","severity":"info","timestamp":"2026-08-20T18:31:17.684841583Z"}
2026-08-20T18:31:19.861510538Z {"message":"[GetQuote] received request","severity":"info","timestamp":"2026-08-20T18:31:19.860895638Z"}
2026-08-20T18:31:19.861564547Z {"message":"[GetQuote] completed request","severity":"info","timestamp":"2026-08-20T18:31:19.860997455Z"}
2026-08-20T18:31:19.895936469Z {"message":"[GetQuote] received request","severity":"info","timestamp":"2026-08-20T18:31:19.895588712Z"}
2026-08-20T18:31:19.895968174Z {"message":"[GetQuote] completed request","severity":"info","timestamp":"2026-08-20T18:31:19.895687428Z"}
2026-08-20T18:31:19.904752811Z {"message":"[ShipOrder] received request","severity":"info","timestamp":"2026-08-20T18:31:19.903423993Z"}
2026-08-20T18:31:19.904797418Z {"message":"[ShipOrder] completed request","severity":"info","timestamp":"2026-08-20T18:31:19.903532311Z"}
2026-08-20T18:31:20.179740385Z {"message":"[GetQuote] received request","severity":"info","timestamp":"2026-08-20T18:31:20.179332518Z"}
2026-08-20T18:31:20.179801795Z {"message":"[GetQuote] completed request","severity":"info","timestamp":"2026-08-20T18:31:20.179398229Z"}
2026-08-20T18:31:22.283468851Z {"message":"[GetQuote] received request","severity":"info","timestamp":"2026-08-20T18:31:22.282962568Z"}
2026-08-20T18:31:22.283526460Z {"message":"[GetQuote] completed request","severity":"info","timestamp":"2026-08-20T18:31:22.283061584Z"}
2026-08-20T18:31:22.385133978Z {"message":"[GetQuote] received request","severity":"info","timestamp":"2026-08-20T18:31:22.384650499Z"}
2026-08-20T18:31:22.385181086Z {"message":"[GetQuote] completed request","severity":"info","timestamp":"2026-08-20T18:31:22.384767518Z"}
2026-08-20T18:31:22.395310443Z {"message":"[ShipOrder] received request","severity":"info","timestamp":"2026-08-20T18:31:22.394793958Z"}
2026-08-20T18:31:22.395357550Z {"message":"[ShipOrder] completed request","severity":"info","timestamp":"2026-08-20T18:31:22.394931481Z"}
2026-08-20T18:31:25.409832269Z {"message":"[GetQuote] received request","severity":"info","timestamp":"2026-08-20T18:31:25.409562625Z"}
2026-08-20T18:31:25.409866775Z {"message":"[GetQuote] completed request","severity":"info","timestamp":"2026-08-20T18:31:25.409614234Z"}
2026-08-20T18:31:25.813360467Z {"message":"[GetQuote] received request","severity":"info","timestamp":"2026-08-20T18:31:25.813131429Z"}
2026-08-20T18:31:25.813388371Z {"message":"[GetQuote] completed request","severity":"info","timestamp":"2026-08-20T18:31:25.813167335Z"}
2026-08-20T18:31:25.997742622Z {"message":"[GetQuote] received request","severity":"info","timestamp":"2026-08-20T18:31:25.997427171Z"}
2026-08-20T18:31:25.997779528Z {"message":"[GetQuote] completed request","severity":"info","timestamp":"2026-08-20T18:31:25.997497882Z"}
2026-08-20T18:31:27.111749620Z {"message":"[GetQuote] received request","severity":"info","timestamp":"2026-08-20T18:31:27.111223238Z"}
2026-08-20T18:31:27.111800328Z {"message":"[GetQuote] completed request","severity":"info","timestamp":"2026-08-20T18:31:27.111347857Z"}
2026-08-20T18:31:28.657007566Z {"message":"[GetQuote] received request","severity":"info","timestamp":"2026-08-20T18:31:28.656727322Z"}
2026-08-20T18:31:28.657037371Z {"message":"[GetQuote] completed request","severity":"info","timestamp":"2026-08-20T18:31:28.656794432Z"}
2026-08-20T18:31:31.157356062Z {"message":"[GetQuote] received request","severity":"info","timestamp":"2026-08-20T18:31:31.156784972Z"}
2026-08-20T18:31:31.157415071Z {"message":"[GetQuote] completed request","severity":"info","timestamp":"2026-08-20T18:31:31.156893089Z"}
2026-08-20T18:31:31.198334291Z {"message":"[GetQuote] received request","severity":"info","timestamp":"2026-08-20T18:31:31.197891722Z"}
2026-08-20T18:31:31.198385499Z {"message":"[GetQuote] completed request","severity":"info","timestamp":"2026-08-20T18:31:31.197999038Z"}
2026-08-20T18:31:31.208336860Z {"message":"[ShipOrder] received request","severity":"info","timestamp":"2026-08-20T18:31:31.207581742Z"}
2026-08-20T18:31:31.208370666Z {"message":"[ShipOrder] completed request","severity":"info","timestamp":"2026-08-20T18:31:31.207692559Z"}
2026-08-20T18:31:33.480549796Z {"message":"[GetQuote] received request","severity":"info","timestamp":"2026-08-20T18:31:33.480081522Z"}
2026-08-20T18:31:33.480609705Z {"message":"[GetQuote] completed request","severity":"info","timestamp":"2026-08-20T18:31:33.480112327Z"}
2026-08-20T18:31:33.497011478Z {"message":"[GetQuote] received request","severity":"info","timestamp":"2026-08-20T18:31:33.496818848Z"}
2026-08-20T18:31:33.497039083Z {"message":"[GetQuote] completed request","severity":"info","timestamp":"2026-08-20T18:31:33.496867256Z"}
2026-08-20T18:31:33.500825077Z {"message":"[ShipOrder] received request","severity":"info","timestamp":"2026-08-20T18:31:33.500665452Z"}
2026-08-20T18:31:33.500842379Z {"message":"[ShipOrder] completed request","severity":"info","timestamp":"2026-08-20T18:31:33.500727561Z"}
2026-08-20T18:31:33.899596943Z {"message":"[GetQuote] received request","severity":"info","timestamp":"2026-08-20T18:31:33.899208082Z"}
2026-08-20T18:31:33.899638149Z {"message":"[GetQuote] completed request","severity":"info","timestamp":"2026-08-20T18:31:33.899278093Z"}
2026-08-20T18:31:36.132909785Z {"message":"[GetQuote] received request","severity":"info","timestamp":"2026-08-20T18:31:36.132263085Z"}
2026-08-20T18:31:36.132992898Z {"message":"[GetQuote] completed request","severity":"info","timestamp":"2026-08-20T18:31:36.132415609Z"}
2026-08-20T18:31:37.355256850Z {"message":"[GetQuote] received request","severity":"info","timestamp":"2026-08-20T18:31:37.35467636Z"}
2026-08-20T18:31:37.355336962Z {"message":"[GetQuote] completed request","severity":"info","timestamp":"2026-08-20T18:31:37.354796079Z"}
2026-08-20T18:31:38.057676881Z {"message":"[GetQuote] received request","severity":"info","timestamp":"2026-08-20T18:31:38.056491798Z"}
2026-08-20T18:31:38.057855108Z {"message":"[GetQuote] completed request","severity":"info","timestamp":"2026-08-20T18:31:38.05657491Z"}
2026-08-20T18:31:38.077925309Z {"message":"[GetQuote] received request","severity":"info","timestamp":"2026-08-20T18:31:38.077391127Z"}
2026-08-20T18:31:38.077966716Z {"message":"[GetQuote] completed request","severity":"info","timestamp":"2026-08-20T18:31:38.077473339Z"}
2026-08-20T18:31:38.083874929Z {"message":"[ShipOrder] received request","severity":"info","timestamp":"2026-08-20T18:31:38.083405456Z"}
2026-08-20T18:31:38.083909534Z {"message":"[ShipOrder] completed request","severity":"info","timestamp":"2026-08-20T18:31:38.08349837Z"}
2026-08-20T18:31:40.223624841Z {"message":"[GetQuote] received request","severity":"info","timestamp":"2026-08-20T18:31:40.223203276Z"}
2026-08-20T18:31:40.223673549Z {"message":"[GetQuote] completed request","severity":"info","timestamp":"2026-08-20T18:31:40.223274887Z"}
2026-08-20T18:31:41.498166571Z {"message":"[GetQuote] received request","severity":"info","timestamp":"2026-08-20T18:31:41.49784132Z"}
2026-08-20T18:31:41.498209477Z {"message":"[GetQuote] completed request","severity":"info","timestamp":"2026-08-20T18:31:41.497916832Z"}
2026-08-20T18:31:42.196099408Z {"message":"[GetQuote] received request","severity":"info","timestamp":"2026-08-20T18:31:42.195809564Z"}
2026-08-20T18:31:42.196170819Z {"message":"[GetQuote] completed request","severity":"info","timestamp":"2026-08-20T18:31:42.195868973Z"}
2026-08-20T18:31:42.207766111Z {"message":"[GetQuote] received request","severity":"info","timestamp":"2026-08-20T18:31:42.207349447Z"}
2026-08-20T18:31:42.207790615Z {"message":"[GetQuote] completed request","severity":"info","timestamp":"2026-08-20T18:31:42.207398654Z"}
2026-08-20T18:31:42.211823738Z {"message":"[ShipOrder] received request","severity":"info","timestamp":"2026-08-20T18:31:42.21131986Z"}
2026-08-20T18:31:42.211882247Z {"message":"[ShipOrder] completed request","severity":"info","timestamp":"2026-08-20T18:31:42.211404873Z"}
2026-08-20T18:31:44.551353556Z {"message":"[GetQuote] received request","severity":"info","timestamp":"2026-08-20T18:31:44.550622343Z"}
2026-08-20T18:31:44.551451371Z {"message":"[GetQuote] completed request","severity":"info","timestamp":"2026-08-20T18:31:44.550746862Z"}
2026-08-20T18:31:44.678061982Z {"message":"[GetQuote] received request","severity":"info","timestamp":"2026-08-20T18:31:44.677429084Z"}
2026-08-20T18:31:44.678118690Z {"message":"[GetQuote] completed request","severity":"info","timestamp":"2026-08-20T18:31:44.677560804Z"}
2026-08-20T18:31:45.382873793Z {"message":"[GetQuote] received request","severity":"info","timestamp":"2026-08-20T18:31:45.382102174Z"}
2026-08-20T18:31:45.382929201Z {"message":"[GetQuote] completed request","severity":"info","timestamp":"2026-08-20T18:31:45.38220529Z"}
2026-08-20T18:31:46.103390124Z {"message":"[GetQuote] received request","severity":"info","timestamp":"2026-08-20T18:31:46.102797833Z"}
2026-08-20T18:31:46.103460435Z {"message":"[GetQuote] completed request","severity":"info","timestamp":"2026-08-20T18:31:46.102915051Z"}
2026-08-20T18:31:50.390536072Z {"message":"[GetQuote] received request","severity":"info","timestamp":"2026-08-20T18:31:50.39026623Z"}
2026-08-20T18:31:50.390570877Z {"message":"[GetQuote] completed request","severity":"info","timestamp":"2026-08-20T18:31:50.390323939Z"}
2026-08-20T18:31:50.407824236Z {"message":"[GetQuote] received request","severity":"info","timestamp":"2026-08-20T18:31:50.407625105Z"}
2026-08-20T18:31:50.407846440Z {"message":"[GetQuote] completed request","severity":"info","timestamp":"2026-08-20T18:31:50.407663611Z"}
2026-08-20T18:31:50.411020429Z {"message":"[ShipOrder] received request","severity":"info","timestamp":"2026-08-20T18:31:50.410827899Z"}
2026-08-20T18:31:50.411039131Z {"message":"[ShipOrder] completed request","severity":"info","timestamp":"2026-08-20T18:31:50.410870305Z"}
2026-08-20T18:31:54.857971829Z {"message":"[GetQuote] received request","severity":"info","timestamp":"2026-08-20T18:31:54.857555465Z"}
2026-08-20T18:31:54.858026337Z {"message":"[GetQuote] completed request","severity":"info","timestamp":"2026-08-20T18:31:54.857673383Z"}
2026-08-20T18:31:54.975307268Z {"message":"[GetQuote] received request","severity":"info","timestamp":"2026-08-20T18:31:54.974606761Z"}
2026-08-20T18:31:54.975384280Z {"message":"[GetQuote] completed request","severity":"info","timestamp":"2026-08-20T18:31:54.974838097Z"}
2026-08-20T18:31:55.172299118Z {"message":"[GetQuote] received request","severity":"info","timestamp":"2026-08-20T18:31:55.1715282Z"}
2026-08-20T18:31:55.172364028Z {"message":"[GetQuote] completed request","severity":"info","timestamp":"2026-08-20T18:31:55.171672122Z"}
2026-08-20T18:31:55.184221730Z {"message":"[ShipOrder] received request","severity":"info","timestamp":"2026-08-20T18:31:55.18316467Z"}
2026-08-20T18:31:55.184641894Z {"message":"[ShipOrder] completed request","severity":"info","timestamp":"2026-08-20T18:31:55.1833638Z"}
2026-08-20T18:31:55.362749273Z {"message":"[GetQuote] received request","severity":"info","timestamp":"2026-08-20T18:31:55.362092573Z"}
2026-08-20T18:31:55.362822084Z {"message":"[GetQuote] completed request","severity":"info","timestamp":"2026-08-20T18:31:55.362287103Z"}
2026-08-20T18:31:56.169115269Z {"message":"[GetQuote] received request","severity":"info","timestamp":"2026-08-20T18:31:56.168387959Z"}
2026-08-20T18:31:56.169193881Z {"message":"[GetQuote] completed request","severity":"info","timestamp":"2026-08-20T18:31:56.168559985Z"}
2026-08-20T18:31:57.787327895Z {"message":"[GetQuote] received request","severity":"info","timestamp":"2026-08-20T18:31:57.787093659Z"}
2026-08-20T18:31:57.787356699Z {"message":"[GetQuote] completed request","severity":"info","timestamp":"2026-08-20T18:31:57.787131865Z"}
2026-08-20T18:32:00.378383218Z {"message":"[GetQuote] received request","severity":"info","timestamp":"2026-08-20T18:32:00.377466196Z"}
2026-08-20T18:32:00.378413622Z {"message":"[GetQuote] completed request","severity":"info","timestamp":"2026-08-20T18:32:00.377499001Z"}
2026-08-20T18:32:00.525552579Z {"message":"[GetQuote] received request","severity":"info","timestamp":"2026-08-20T18:32:00.525292045Z"}
2026-08-20T18:32:00.525575483Z {"message":"[GetQuote] completed request","severity":"info","timestamp":"2026-08-20T18:32:00.525381157Z"}
2026-08-20T18:32:01.187154617Z {"message":"[GetQuote] received request","severity":"info","timestamp":"2026-08-20T18:32:01.186834575Z"}
2026-08-20T18:32:01.187185021Z {"message":"[GetQuote] completed request","severity":"info","timestamp":"2026-08-20T18:32:01.18687558Z"}
2026-08-20T18:32:01.207940880Z {"message":"[GetQuote] received request","severity":"info","timestamp":"2026-08-20T18:32:01.207688447Z"}
2026-08-20T18:32:01.207966784Z {"message":"[GetQuote] completed request","severity":"info","timestamp":"2026-08-20T18:32:01.207739653Z"}
2026-08-20T18:32:01.212065428Z {"message":"[ShipOrder] received request","severity":"info","timestamp":"2026-08-20T18:32:01.211911408Z"}
2026-08-20T18:32:01.212088531Z {"message":"[ShipOrder] completed request","severity":"info","timestamp":"2026-08-20T18:32:01.211954314Z"}
2026-08-20T18:32:09.616561853Z {"message":"[GetQuote] received request","severity":"info","timestamp":"2026-08-20T18:32:09.616236621Z"}
2026-08-20T18:32:09.616599357Z {"message":"[GetQuote] completed request","severity":"info","timestamp":"2026-08-20T18:32:09.616314528Z"}
2026-08-20T18:32:09.943762082Z {"message":"[GetQuote] received request","severity":"info","timestamp":"2026-08-20T18:32:09.943597766Z"}
2026-08-20T18:32:09.943789885Z {"message":"[GetQuote] completed request","severity":"info","timestamp":"2026-08-20T18:32:09.94364267Z"}
2026-08-20T18:32:11.775827001Z {"message":"[GetQuote] received request","severity":"info","timestamp":"2026-08-20T18:32:11.775298749Z"}
2026-08-20T18:32:11.775871305Z {"message":"[GetQuote] completed request","severity":"info","timestamp":"2026-08-20T18:32:11.775418561Z"}
2026-08-20T18:32:14.628706768Z {"message":"[GetQuote] received request","severity":"info","timestamp":"2026-08-20T18:32:14.62838962Z"}
2026-08-20T18:32:14.628744074Z {"message":"[GetQuote] completed request","severity":"info","timestamp":"2026-08-20T18:32:14.628443128Z"}
2026-08-20T18:32:14.709472312Z {"message":"[GetQuote] received request","severity":"info","timestamp":"2026-08-20T18:32:14.708975138Z"}
2026-08-20T18:32:14.709526120Z {"message":"[GetQuote] completed request","severity":"info","timestamp":"2026-08-20T18:32:14.709061051Z"}
2026-08-20T18:32:14.740480375Z {"message":"[ShipOrder] received request","severity":"info","timestamp":"2026-08-20T18:32:14.739886786Z"}
2026-08-20T18:32:14.740623596Z {"message":"[ShipOrder] completed request","severity":"info","timestamp":"2026-08-20T18:32:14.740037608Z"}
2026-08-20T18:32:15.406426309Z {"message":"[GetQuote] received request","severity":"info","timestamp":"2026-08-20T18:32:15.405783612Z"}
2026-08-20T18:32:15.406498620Z {"message":"[GetQuote] completed request","severity":"info","timestamp":"2026-08-20T18:32:15.405896329Z"}
2026-08-20T18:32:15.486290518Z {"message":"[GetQuote] received request","severity":"info","timestamp":"2026-08-20T18:32:15.485811346Z"}
2026-08-20T18:32:15.486328123Z {"message":"[GetQuote] completed request","severity":"info","timestamp":"2026-08-20T18:32:15.485890357Z"}
2026-08-20T18:32:15.492285119Z {"message":"[ShipOrder] received request","severity":"info","timestamp":"2026-08-20T18:32:15.491787244Z"}
2026-08-20T18:32:15.492320024Z {"message":"[ShipOrder] completed request","severity":"info","timestamp":"2026-08-20T18:32:15.49189346Z"}
2026-08-20T18:32:16.914687597Z {"message":"[GetQuote] received request","severity":"info","timestamp":"2026-08-20T18:32:16.914345345Z"}
2026-08-20T18:32:16.914749806Z {"message":"[GetQuote] completed request","severity":"info","timestamp":"2026-08-20T18:32:16.914402754Z"}
2026-08-20T18:32:18.173438567Z {"message":"[GetQuote] received request","severity":"info","timestamp":"2026-08-20T18:32:18.173050609Z"}
2026-08-20T18:32:18.173456670Z {"message":"[GetQuote] completed request","severity":"info","timestamp":"2026-08-20T18:32:18.173107517Z"}
2026-08-20T18:32:18.190407619Z {"message":"[GetQuote] received request","severity":"info","timestamp":"2026-08-20T18:32:18.190135478Z"}
2026-08-20T18:32:18.190437523Z {"message":"[GetQuote] completed request","severity":"info","timestamp":"2026-08-20T18:32:18.190184785Z"}
2026-08-20T18:32:19.745187201Z {"message":"[GetQuote] received request","severity":"info","timestamp":"2026-08-20T18:32:19.744895157Z"}
2026-08-20T18:32:19.745218206Z {"message":"[GetQuote] completed request","severity":"info","timestamp":"2026-08-20T18:32:19.744933963Z"}
2026-08-20T18:32:19.851029016Z {"message":"[GetQuote] received request","severity":"info","timestamp":"2026-08-20T18:32:19.850803482Z"}
2026-08-20T18:32:19.851086525Z {"message":"[GetQuote] completed request","severity":"info","timestamp":"2026-08-20T18:32:19.850847389Z"}
2026-08-20T18:32:22.285377954Z {"message":"[GetQuote] received request","severity":"info","timestamp":"2026-08-20T18:32:22.284916284Z"}
2026-08-20T18:32:22.285430462Z {"message":"[GetQuote] completed request","severity":"info","timestamp":"2026-08-20T18:32:22.285017599Z"}
2026-08-20T18:32:23.372854059Z {"message":"[GetQuote] received request","severity":"info","timestamp":"2026-08-20T18:32:23.372558015Z"}
2026-08-20T18:32:23.372955575Z {"message":"[GetQuote] completed request","severity":"info","timestamp":"2026-08-20T18:32:23.372609223Z"}
2026-08-20T18:32:25.371647058Z {"message":"[GetQuote] received request","severity":"info","timestamp":"2026-08-20T18:32:25.371272202Z"}
2026-08-20T18:32:25.371685964Z {"message":"[GetQuote] completed request","severity":"info","timestamp":"2026-08-20T18:32:25.371349614Z"}
2026-08-20T18:32:28.763221972Z {"message":"[GetQuote] received request","severity":"info","timestamp":"2026-08-20T18:32:28.762996439Z"}
2026-08-20T18:32:28.763253077Z {"message":"[GetQuote] completed request","severity":"info","timestamp":"2026-08-20T18:32:28.763040645Z"}
2026-08-20T18:32:28.779846860Z {"message":"[GetQuote] received request","severity":"info","timestamp":"2026-08-20T18:32:28.779600323Z"}
2026-08-20T18:32:28.779873764Z {"message":"[GetQuote] completed request","severity":"info","timestamp":"2026-08-20T18:32:28.77964513Z"}
2026-08-20T18:32:28.783498106Z {"message":"[ShipOrder] received request","severity":"info","timestamp":"2026-08-20T18:32:28.783275873Z"}
2026-08-20T18:32:28.783526211Z {"message":"[ShipOrder] completed request","severity":"info","timestamp":"2026-08-20T18:32:28.783335682Z"}
2026-08-20T18:32:29.982561734Z {"message":"[GetQuote] received request","severity":"info","timestamp":"2026-08-20T18:32:29.982225684Z"}
2026-08-20T18:32:29.982583937Z {"message":"[GetQuote] completed request","severity":"info","timestamp":"2026-08-20T18:32:29.98226599Z"}
2026-08-20T18:32:29.990741358Z {"message":"[GetQuote] received request","severity":"info","timestamp":"2026-08-20T18:32:29.990512424Z"}
2026-08-20T18:32:29.990765462Z {"message":"[GetQuote] completed request","severity":"info","timestamp":"2026-08-20T18:32:29.990540828Z"}
2026-08-20T18:32:29.993661795Z {"message":"[ShipOrder] received request","severity":"info","timestamp":"2026-08-20T18:32:29.993454264Z"}
2026-08-20T18:32:29.993679698Z {"message":"[ShipOrder] completed request","severity":"info","timestamp":"2026-08-20T18:32:29.99349317Z"}
2026-08-20T18:32:34.969567327Z {"message":"[GetQuote] received request","severity":"info","timestamp":"2026-08-20T18:32:34.96911746Z"}
2026-08-20T18:32:34.969628836Z {"message":"[GetQuote] completed request","severity":"info","timestamp":"2026-08-20T18:32:34.969208773Z"}
2026-08-20T18:32:39.600023990Z {"message":"[GetQuote] received request","severity":"info","timestamp":"2026-08-20T18:32:39.599657334Z"}
2026-08-20T18:32:39.600073397Z {"message":"[GetQuote] completed request","severity":"info","timestamp":"2026-08-20T18:32:39.599707142Z"}
2026-08-20T18:32:39.617470909Z {"message":"[GetQuote] received request","severity":"info","timestamp":"2026-08-20T18:32:39.617127057Z"}
2026-08-20T18:32:39.617521116Z {"message":"[GetQuote] completed request","severity":"info","timestamp":"2026-08-20T18:32:39.617201868Z"}
2026-08-20T18:32:39.621027443Z {"message":"[ShipOrder] received request","severity":"info","timestamp":"2026-08-20T18:32:39.620890422Z"}
2026-08-20T18:32:39.621073650Z {"message":"[ShipOrder] completed request","severity":"info","timestamp":"2026-08-20T18:32:39.62094363Z"}
2026-08-20T18:32:45.733323843Z {"message":"[GetQuote] received request","severity":"info","timestamp":"2026-08-20T18:32:45.73284327Z"}
2026-08-20T18:32:45.733369849Z {"message":"[GetQuote] completed request","severity":"info","timestamp":"2026-08-20T18:32:45.732927683Z"}
2026-08-20T18:32:46.826932127Z {"message":"[GetQuote] received request","severity":"info","timestamp":"2026-08-20T18:32:46.826574974Z"}
2026-08-20T18:32:46.826972333Z {"message":"[GetQuote] completed request","severity":"info","timestamp":"2026-08-20T18:32:46.826632382Z"}
2026-08-20T18:32:47.347575507Z {"message":"[GetQuote] received request","severity":"info","timestamp":"2026-08-20T18:32:47.347156043Z"}
2026-08-20T18:32:47.347612412Z {"message":"[GetQuote] completed request","severity":"info","timestamp":"2026-08-20T18:32:47.347211652Z"}
2026-08-20T18:32:48.136561083Z {"message":"[GetQuote] received request","severity":"info","timestamp":"2026-08-20T18:32:48.135389007Z"}
2026-08-20T18:32:48.136641195Z {"message":"[GetQuote] completed request","severity":"info","timestamp":"2026-08-20T18:32:48.135691452Z"}
2026-08-20T18:32:51.672970366Z {"message":"[GetQuote] received request","severity":"info","timestamp":"2026-08-20T18:32:51.672682822Z"}
2026-08-20T18:32:51.673008271Z {"message":"[GetQuote] completed request","severity":"info","timestamp":"2026-08-20T18:32:51.672751533Z"}
2026-08-20T18:32:52.886452347Z {"message":"[GetQuote] received request","severity":"info","timestamp":"2026-08-20T18:32:52.886212111Z"}
2026-08-20T18:32:52.886482852Z {"message":"[GetQuote] completed request","severity":"info","timestamp":"2026-08-20T18:32:52.886251117Z"}
2026-08-20T18:32:55.112368629Z {"message":"[GetQuote] received request","severity":"info","timestamp":"2026-08-20T18:32:55.112138895Z"}
2026-08-20T18:32:55.112400734Z {"message":"[GetQuote] completed request","severity":"info","timestamp":"2026-08-20T18:32:55.112177801Z"}
2026-08-20T18:32:55.121783038Z {"message":"[GetQuote] received request","severity":"info","timestamp":"2026-08-20T18:32:55.121514597Z"}
2026-08-20T18:32:55.121812742Z {"message":"[GetQuote] completed request","severity":"info","timestamp":"2026-08-20T18:32:55.121560304Z"}
2026-08-20T18:32:55.128196497Z {"message":"[ShipOrder] received request","severity":"info","timestamp":"2026-08-20T18:32:55.128046474Z"}
2026-08-20T18:32:55.128234503Z {"message":"[ShipOrder] completed request","severity":"info","timestamp":"2026-08-20T18:32:55.128078879Z"}
2026-08-20T18:32:55.227264415Z {"message":"[GetQuote] received request","severity":"info","timestamp":"2026-08-20T18:32:55.227059684Z"}
2026-08-20T18:32:55.227294419Z {"message":"[GetQuote] completed request","severity":"info","timestamp":"2026-08-20T18:32:55.22709569Z"}
2026-08-20T18:32:56.327169233Z {"message":"[GetQuote] received request","severity":"info","timestamp":"2026-08-20T18:32:56.326797077Z"}
2026-08-20T18:32:56.327266548Z {"message":"[GetQuote] completed request","severity":"info","timestamp":"2026-08-20T18:32:56.326876389Z"}
2026-08-20T18:32:58.112759513Z {"message":"[GetQuote] received request","severity":"info","timestamp":"2026-08-20T18:32:58.112488372Z"}
2026-08-20T18:32:58.112788617Z {"message":"[GetQuote] completed request","severity":"info","timestamp":"2026-08-20T18:32:58.11254088Z"}
2026-08-20T18:32:58.114576684Z {"message":"[GetQuote] received request","severity":"info","timestamp":"2026-08-20T18:32:58.114337749Z"}
2026-08-20T18:32:58.114590586Z {"message":"[GetQuote] completed request","severity":"info","timestamp":"2026-08-20T18:32:58.114381755Z"}
2026-08-20T18:32:59.164963496Z {"message":"[GetQuote] received request","severity":"info","timestamp":"2026-08-20T18:32:59.164729361Z"}
2026-08-20T18:32:59.164996901Z {"message":"[GetQuote] completed request","severity":"info","timestamp":"2026-08-20T18:32:59.164802172Z"}
2026-08-20T18:33:01.389845282Z {"message":"[GetQuote] received request","severity":"info","timestamp":"2026-08-20T18:33:01.389339707Z"}
2026-08-20T18:33:01.389890089Z {"message":"[GetQuote] completed request","severity":"info","timestamp":"2026-08-20T18:33:01.389436621Z"}
2026-08-20T18:33:02.470982141Z {"message":"[GetQuote] received request","severity":"info","timestamp":"2026-08-20T18:33:02.4707082Z"}
2026-08-20T18:33:02.471043250Z {"message":"[GetQuote] completed request","severity":"info","timestamp":"2026-08-20T18:33:02.470760308Z"}
2026-08-20T18:33:05.065311921Z {"message":"[GetQuote] received request","severity":"info","timestamp":"2026-08-20T18:33:05.064974377Z"}
2026-08-20T18:33:05.065350026Z {"message":"[GetQuote] completed request","severity":"info","timestamp":"2026-08-20T18:33:05.065014883Z"}
2026-08-20T18:33:06.571818308Z {"message":"[GetQuote] received request","severity":"info","timestamp":"2026-08-20T18:33:06.571422256Z"}
2026-08-20T18:33:06.571857213Z {"message":"[GetQuote] completed request","severity":"info","timestamp":"2026-08-20T18:33:06.571532271Z"}
2026-08-20T18:33:07.571459751Z {"message":"[GetQuote] received request","severity":"info","timestamp":"2026-08-20T18:33:07.570343805Z"}
2026-08-20T18:33:07.571546663Z {"message":"[GetQuote] completed request","severity":"info","timestamp":"2026-08-20T18:33:07.570408314Z"}
2026-08-20T18:33:07.746898514Z {"message":"[GetQuote] received request","severity":"info","timestamp":"2026-08-20T18:33:07.746042102Z"}
2026-08-20T18:33:07.746970424Z {"message":"[GetQuote] completed request","severity":"info","timestamp":"2026-08-20T18:33:07.746199723Z"}
2026-08-20T18:33:07.759311239Z {"message":"[ShipOrder] received request","severity":"info","timestamp":"2026-08-20T18:33:07.758699359Z"}
2026-08-20T18:33:07.759374147Z {"message":"[ShipOrder] completed request","severity":"info","timestamp":"2026-08-20T18:33:07.758866281Z"}
2026-08-20T18:33:10.176359407Z {"message":"[GetQuote] received request","severity":"info","timestamp":"2026-08-20T18:33:10.176139678Z"}
2026-08-20T18:33:10.176389811Z {"message":"[GetQuote] completed request","severity":"info","timestamp":"2026-08-20T18:33:10.176187284Z"}
2026-08-20T18:33:10.294260439Z {"message":"[GetQuote] received request","severity":"info","timestamp":"2026-08-20T18:33:10.294023008Z"}
2026-08-20T18:33:10.294290743Z {"message":"[GetQuote] completed request","severity":"info","timestamp":"2026-08-20T18:33:10.294064713Z"}
2026-08-20T18:33:11.647055296Z {"message":"[GetQuote] received request","severity":"info","timestamp":"2026-08-20T18:33:11.646564022Z"}
2026-08-20T18:33:11.647106804Z {"message":"[GetQuote] completed request","severity":"info","timestamp":"2026-08-20T18:33:11.646654936Z"}
2026-08-20T18:33:12.079261510Z {"message":"[GetQuote] received request","severity":"info","timestamp":"2026-08-20T18:33:12.078849248Z"}
2026-08-20T18:33:12.079558554Z {"message":"[GetQuote] completed request","severity":"info","timestamp":"2026-08-20T18:33:12.07892606Z"}
2026-08-20T18:33:12.098020719Z {"message":"[GetQuote] received request","severity":"info","timestamp":"2026-08-20T18:33:12.097615258Z"}
2026-08-20T18:33:12.098053824Z {"message":"[GetQuote] completed request","severity":"info","timestamp":"2026-08-20T18:33:12.097709072Z"}
2026-08-20T18:33:12.103315712Z {"message":"[ShipOrder] received request","severity":"info","timestamp":"2026-08-20T18:33:12.103002765Z"}
2026-08-20T18:33:12.103375921Z {"message":"[ShipOrder] completed request","severity":"info","timestamp":"2026-08-20T18:33:12.103077176Z"}
2026-08-20T18:33:13.297959485Z {"message":"[GetQuote] received request","severity":"info","timestamp":"2026-08-20T18:33:13.297711348Z"}
2026-08-20T18:33:13.297985889Z {"message":"[GetQuote] completed request","severity":"info","timestamp":"2026-08-20T18:33:13.297750453Z"}
2026-08-20T18:33:14.461511403Z {"message":"[GetQuote] received request","severity":"info","timestamp":"2026-08-20T18:33:14.461044533Z"}
2026-08-20T18:33:14.461556409Z {"message":"[GetQuote] completed request","severity":"info","timestamp":"2026-08-20T18:33:14.461154349Z"}
2026-08-20T18:33:14.601644985Z {"message":"[GetQuote] received request","severity":"info","timestamp":"2026-08-20T18:33:14.601341139Z"}
2026-08-20T18:33:14.601672189Z {"message":"[GetQuote] completed request","severity":"info","timestamp":"2026-08-20T18:33:14.601396347Z"}
2026-08-20T18:33:15.177896666Z {"message":"[GetQuote] received request","severity":"info","timestamp":"2026-08-20T18:33:15.177642128Z"}
2026-08-20T18:33:15.177925371Z {"message":"[GetQuote] completed request","severity":"info","timestamp":"2026-08-20T18:33:15.177694436Z"}
2026-08-20T18:33:16.843658080Z {"message":"[GetQuote] received request","severity":"info","timestamp":"2026-08-20T18:33:16.843307827Z"}
2026-08-20T18:33:16.843681783Z {"message":"[GetQuote] completed request","severity":"info","timestamp":"2026-08-20T18:33:16.843347233Z"}
2026-08-20T18:33:16.867360829Z {"message":"[GetQuote] received request","severity":"info","timestamp":"2026-08-20T18:33:16.867062484Z"}
2026-08-20T18:33:16.867389133Z {"message":"[GetQuote] completed request","severity":"info","timestamp":"2026-08-20T18:33:16.867118492Z"}
2026-08-20T18:33:16.872989171Z {"message":"[ShipOrder] received request","severity":"info","timestamp":"2026-08-20T18:33:16.872705829Z"}
2026-08-20T18:33:16.873011575Z {"message":"[ShipOrder] completed request","severity":"info","timestamp":"2026-08-20T18:33:16.872819746Z"}
2026-08-20T18:33:17.568018938Z {"message":"[GetQuote] received request","severity":"info","timestamp":"2026-08-20T18:33:17.567272926Z"}
2026-08-20T18:33:17.568176261Z {"message":"[GetQuote] completed request","severity":"info","timestamp":"2026-08-20T18:33:17.567403546Z"}
2026-08-20T18:33:17.965034983Z {"message":"[GetQuote] received request","severity":"info","timestamp":"2026-08-20T18:33:17.964623021Z"}
2026-08-20T18:33:17.965072688Z {"message":"[GetQuote] completed request","severity":"info","timestamp":"2026-08-20T18:33:17.964723736Z"}
2026-08-20T18:33:18.477931278Z {"message":"[GetQuote] received request","severity":"info","timestamp":"2026-08-20T18:33:18.477689242Z"}
2026-08-20T18:33:18.477957582Z {"message":"[GetQuote] completed request","severity":"info","timestamp":"2026-08-20T18:33:18.477731448Z"}
2026-08-20T18:33:19.128993672Z {"message":"[GetQuote] received request","severity":"info","timestamp":"2026-08-20T18:33:19.12864722Z"}
2026-08-20T18:33:19.129031977Z {"message":"[GetQuote] completed request","severity":"info","timestamp":"2026-08-20T18:33:19.128720231Z"}
2026-08-20T18:33:21.372714454Z {"message":"[GetQuote] received request","severity":"info","timestamp":"2026-08-20T18:33:21.372520625Z"}
2026-08-20T18:33:21.372741358Z {"message":"[GetQuote] completed request","severity":"info","timestamp":"2026-08-20T18:33:21.372564532Z"}
2026-08-20T18:33:25.517125125Z {"message":"[GetQuote] received request","severity":"info","timestamp":"2026-08-20T18:33:25.514814284Z"}
2026-08-20T18:33:25.517213738Z {"message":"[GetQuote] completed request","severity":"info","timestamp":"2026-08-20T18:33:25.51566981Z"}
2026-08-20T18:33:26.262974648Z {"message":"[GetQuote] received request","severity":"info","timestamp":"2026-08-20T18:33:26.262435269Z"}
2026-08-20T18:33:26.263038158Z {"message":"[GetQuote] completed request","severity":"info","timestamp":"2026-08-20T18:33:26.262522982Z"}
2026-08-20T18:33:27.677549271Z {"message":"[GetQuote] received request","severity":"info","timestamp":"2026-08-20T18:33:27.677149722Z"}
2026-08-20T18:33:27.677591076Z {"message":"[GetQuote] completed request","severity":"info","timestamp":"2026-08-20T18:33:27.677246034Z"}
2026-08-20T18:33:27.767236952Z {"message":"[GetQuote] received request","severity":"info","timestamp":"2026-08-20T18:33:27.766549869Z"}
2026-08-20T18:33:27.767301460Z {"message":"[GetQuote] completed request","severity":"info","timestamp":"2026-08-20T18:33:27.766699787Z"}
2026-08-20T18:33:27.779026982Z {"message":"[ShipOrder] received request","severity":"info","timestamp":"2026-08-20T18:33:27.77859853Z"}
2026-08-20T18:33:27.779065187Z {"message":"[ShipOrder] completed request","severity":"info","timestamp":"2026-08-20T18:33:27.778717945Z"}
2026-08-20T18:33:30.626499155Z {"message":"[GetQuote] received request","severity":"info","timestamp":"2026-08-20T18:33:30.626277928Z"}
2026-08-20T18:33:30.626520458Z {"message":"[GetQuote] completed request","severity":"info","timestamp":"2026-08-20T18:33:30.626311632Z"}
2026-08-20T18:33:30.799908594Z {"message":"[GetQuote] received request","severity":"info","timestamp":"2026-08-20T18:33:30.799506845Z"}
2026-08-20T18:33:30.799957200Z {"message":"[GetQuote] completed request","severity":"info","timestamp":"2026-08-20T18:33:30.799580954Z"}
2026-08-20T18:33:32.366022105Z {"message":"[GetQuote] received request","severity":"info","timestamp":"2026-08-20T18:33:32.364715446Z"}
2026-08-20T18:33:32.366109815Z {"message":"[GetQuote] completed request","severity":"info","timestamp":"2026-08-20T18:33:32.364866264Z"}
2026-08-20T18:33:32.861878212Z {"message":"[GetQuote] received request","severity":"info","timestamp":"2026-08-20T18:33:32.861270438Z"}
2026-08-20T18:33:32.861937919Z {"message":"[GetQuote] completed request","severity":"info","timestamp":"2026-08-20T18:33:32.861329045Z"}
2026-08-20T18:33:33.455650552Z {"message":"[GetQuote] received request","severity":"info","timestamp":"2026-08-20T18:33:33.455378719Z"}
2026-08-20T18:33:33.455676655Z {"message":"[GetQuote] completed request","severity":"info","timestamp":"2026-08-20T18:33:33.455457328Z"}
2026-08-20T18:33:33.594808335Z {"message":"[GetQuote] received request","severity":"info","timestamp":"2026-08-20T18:33:33.594558905Z"}
2026-08-20T18:33:33.594837939Z {"message":"[GetQuote] completed request","severity":"info","timestamp":"2026-08-20T18:33:33.59460451Z"}
2026-08-20T18:33:33.602163327Z {"message":"[GetQuote] received request","severity":"info","timestamp":"2026-08-20T18:33:33.601913797Z"}
2026-08-20T18:33:33.602182530Z {"message":"[GetQuote] completed request","severity":"info","timestamp":"2026-08-20T18:33:33.601956902Z"}
2026-08-20T18:33:34.161042234Z {"message":"[GetQuote] received request","severity":"info","timestamp":"2026-08-20T18:33:34.160758Z"}
2026-08-20T18:33:34.161070837Z {"message":"[GetQuote] completed request","severity":"info","timestamp":"2026-08-20T18:33:34.160800205Z"}
2026-08-20T18:33:34.935079367Z {"message":"[GetQuote] received request","severity":"info","timestamp":"2026-08-20T18:33:34.934751019Z"}
2026-08-20T18:33:34.935121873Z {"message":"[GetQuote] completed request","severity":"info","timestamp":"2026-08-20T18:33:34.934832731Z"}
2026-08-20T18:33:36.769393063Z {"message":"[GetQuote] received request","severity":"info","timestamp":"2026-08-20T18:33:36.768801077Z"}
2026-08-20T18:33:36.769462073Z {"message":"[GetQuote] completed request","severity":"info","timestamp":"2026-08-20T18:33:36.769103221Z"}
2026-08-20T18:33:37.427014641Z {"message":"[GetQuote] received request","severity":"info","timestamp":"2026-08-20T18:33:37.426217525Z"}
2026-08-20T18:33:37.427075450Z {"message":"[GetQuote] completed request","severity":"info","timestamp":"2026-08-20T18:33:37.426309938Z"}
2026-08-20T18:33:42.565317933Z {"message":"[GetQuote] received request","severity":"info","timestamp":"2026-08-20T18:33:42.564586126Z"}
2026-08-20T18:33:42.565404845Z {"message":"[GetQuote] completed request","severity":"info","timestamp":"2026-08-20T18:33:42.564709644Z"}
2026-08-20T18:33:42.754276999Z {"message":"[GetQuote] received request","severity":"info","timestamp":"2026-08-20T18:33:42.751416074Z"}
2026-08-20T18:33:42.754354311Z {"message":"[GetQuote] completed request","severity":"info","timestamp":"2026-08-20T18:33:42.751486684Z"}
2026-08-20T18:33:42.766276984Z {"message":"[ShipOrder] received request","severity":"info","timestamp":"2026-08-20T18:33:42.765087007Z"}
2026-08-20T18:33:42.766341594Z {"message":"[ShipOrder] completed request","severity":"info","timestamp":"2026-08-20T18:33:42.765261133Z"}
2026-08-20T18:33:42.949506739Z {"message":"[GetQuote] received request","severity":"info","timestamp":"2026-08-20T18:33:42.949243099Z"}
2026-08-20T18:33:42.949536843Z {"message":"[GetQuote] completed request","severity":"info","timestamp":"2026-08-20T18:33:42.949272404Z"}
2026-08-20T18:33:42.951233595Z {"message":"[GetQuote] received request","severity":"info","timestamp":"2026-08-20T18:33:42.950979258Z"}
2026-08-20T18:33:42.951257499Z {"message":"[GetQuote] completed request","severity":"info","timestamp":"2026-08-20T18:33:42.951071271Z"}
2026-08-20T18:33:43.383777234Z {"message":"[GetQuote] received request","severity":"info","timestamp":"2026-08-20T18:33:43.383432683Z"}
2026-08-20T18:33:43.383802438Z {"message":"[GetQuote] completed request","severity":"info","timestamp":"2026-08-20T18:33:43.383478289Z"}
2026-08-20T18:33:46.672580524Z {"message":"[GetQuote] received request","severity":"info","timestamp":"2026-08-20T18:33:46.672175164Z"}
2026-08-20T18:33:46.672630131Z {"message":"[GetQuote] completed request","severity":"info","timestamp":"2026-08-20T18:33:46.672313484Z"}
2026-08-20T18:33:47.146462411Z {"message":"[GetQuote] received request","severity":"info","timestamp":"2026-08-20T18:33:47.146088155Z"}
2026-08-20T18:33:47.146498816Z {"message":"[GetQuote] completed request","severity":"info","timestamp":"2026-08-20T18:33:47.146201572Z"}
2026-08-20T18:33:48.457252083Z {"message":"[GetQuote] received request","severity":"info","timestamp":"2026-08-20T18:33:48.457052153Z"}
2026-08-20T18:33:48.457284288Z {"message":"[GetQuote] completed request","severity":"info","timestamp":"2026-08-20T18:33:48.45709426Z"}
2026-08-20T18:33:48.457288389Z {"message":"[GetQuote] received request","severity":"info","timestamp":"2026-08-20T18:33:48.45709776Z"}
2026-08-20T18:33:48.457291289Z {"message":"[GetQuote] completed request","severity":"info","timestamp":"2026-08-20T18:33:48.457155269Z"}
2026-08-20T18:33:48.551395686Z {"message":"[GetQuote] received request","severity":"info","timestamp":"2026-08-20T18:33:48.551091141Z"}
2026-08-20T18:33:48.551424291Z {"message":"[GetQuote] completed request","severity":"info","timestamp":"2026-08-20T18:33:48.551154951Z"}
2026-08-20T18:33:48.555193551Z {"message":"[ShipOrder] received request","severity":"info","timestamp":"2026-08-20T18:33:48.554970418Z"}
2026-08-20T18:33:48.555212954Z {"message":"[ShipOrder] completed request","severity":"info","timestamp":"2026-08-20T18:33:48.555015125Z"}
2026-08-20T18:33:50.228447438Z {"message":"[GetQuote] received request","severity":"info","timestamp":"2026-08-20T18:33:50.228264611Z"}
2026-08-20T18:33:50.228471041Z {"message":"[GetQuote] completed request","severity":"info","timestamp":"2026-08-20T18:33:50.228299916Z"}
2026-08-20T18:33:50.236419824Z {"message":"[GetQuote] received request","severity":"info","timestamp":"2026-08-20T18:33:50.236279903Z"}
2026-08-20T18:33:50.236433426Z {"message":"[GetQuote] completed request","severity":"info","timestamp":"2026-08-20T18:33:50.236313508Z"}
2026-08-20T18:33:50.239629301Z {"message":"[ShipOrder] received request","severity":"info","timestamp":"2026-08-20T18:33:50.239404968Z"}
2026-08-20T18:33:50.239644503Z {"message":"[ShipOrder] completed request","severity":"info","timestamp":"2026-08-20T18:33:50.239452675Z"}
2026-08-20T18:33:53.028680200Z {"message":"[GetQuote] received request","severity":"info","timestamp":"2026-08-20T18:33:53.028474369Z"}
2026-08-20T18:33:53.028708404Z {"message":"[GetQuote] completed request","severity":"info","timestamp":"2026-08-20T18:33:53.028494873Z"}
2026-08-20T18:33:53.095865826Z {"message":"[GetQuote] received request","severity":"info","timestamp":"2026-08-20T18:33:53.095711203Z"}
2026-08-20T18:33:53.095885729Z {"message":"[GetQuote] completed request","severity":"info","timestamp":"2026-08-20T18:33:53.095761511Z"}
2026-08-20T18:33:53.102163566Z {"message":"[ShipOrder] received request","severity":"info","timestamp":"2026-08-20T18:33:53.101939533Z"}
2026-08-20T18:33:53.102183069Z {"message":"[ShipOrder] completed request","severity":"info","timestamp":"2026-08-20T18:33:53.101997341Z"}
2026-08-20T18:33:54.239450885Z {"message":"[GetQuote] received request","severity":"info","timestamp":"2026-08-20T18:33:54.239046625Z"}
2026-08-20T18:33:54.239502193Z {"message":"[GetQuote] completed request","severity":"info","timestamp":"2026-08-20T18:33:54.239140339Z"}
2026-08-20T18:33:54.346507562Z {"message":"[GetQuote] received request","severity":"info","timestamp":"2026-08-20T18:33:54.346287529Z"}
2026-08-20T18:33:54.346538966Z {"message":"[GetQuote] completed request","severity":"info","timestamp":"2026-08-20T18:33:54.346335836Z"}
2026-08-20T18:33:54.350603173Z {"message":"[ShipOrder] received request","severity":"info","timestamp":"2026-08-20T18:33:54.350436048Z"}
2026-08-20T18:33:54.350631277Z {"message":"[ShipOrder] completed request","severity":"info","timestamp":"2026-08-20T18:33:54.350469953Z"}
2026-08-20T18:33:57.236645661Z {"message":"[GetQuote] received request","severity":"info","timestamp":"2026-08-20T18:33:57.236395324Z"}
2026-08-20T18:33:57.236677866Z {"message":"[GetQuote] completed request","severity":"info","timestamp":"2026-08-20T18:33:57.236453233Z"}
2026-08-20T18:33:57.357435387Z {"message":"[GetQuote] received request","severity":"info","timestamp":"2026-08-20T18:33:57.357116339Z"}
2026-08-20T18:33:57.357468092Z {"message":"[GetQuote] completed request","severity":"info","timestamp":"2026-08-20T18:33:57.357154045Z"}
2026-08-20T18:33:57.477021533Z {"message":"[GetQuote] received request","severity":"info","timestamp":"2026-08-20T18:33:57.476678382Z"}
2026-08-20T18:33:57.477061939Z {"message":"[GetQuote] completed request","severity":"info","timestamp":"2026-08-20T18:33:57.476744792Z"}
2026-08-20T18:33:58.699727599Z {"message":"[GetQuote] received request","severity":"info","timestamp":"2026-08-20T18:33:58.699414353Z"}
2026-08-20T18:33:58.699758404Z {"message":"[GetQuote] completed request","severity":"info","timestamp":"2026-08-20T18:33:58.699477262Z"}
2026-08-20T18:33:58.710616424Z {"message":"[GetQuote] received request","severity":"info","timestamp":"2026-08-20T18:33:58.710311679Z"}
2026-08-20T18:33:58.710669532Z {"message":"[GetQuote] completed request","severity":"info","timestamp":"2026-08-20T18:33:58.710357286Z"}
2026-08-20T18:33:58.714974474Z {"message":"[ShipOrder] received request","severity":"info","timestamp":"2026-08-20T18:33:58.714727538Z"}
2026-08-20T18:33:58.714998878Z {"message":"[ShipOrder] completed request","severity":"info","timestamp":"2026-08-20T18:33:58.714782546Z"}
2026-08-20T18:34:00.558953232Z {"message":"[GetQuote] received request","severity":"info","timestamp":"2026-08-20T18:34:00.558620882Z"}
2026-08-20T18:34:00.558986037Z {"message":"[GetQuote] completed request","severity":"info","timestamp":"2026-08-20T18:34:00.558684292Z"}
2026-08-20T18:34:00.579361677Z {"message":"[GetQuote] received request","severity":"info","timestamp":"2026-08-20T18:34:00.579117341Z"}
2026-08-20T18:34:00.579390682Z {"message":"[GetQuote] completed request","severity":"info","timestamp":"2026-08-20T18:34:00.579152746Z"}
2026-08-20T18:34:00.584489643Z {"message":"[ShipOrder] received request","severity":"info","timestamp":"2026-08-20T18:34:00.584266609Z"}
2026-08-20T18:34:00.584518347Z {"message":"[ShipOrder] completed request","severity":"info","timestamp":"2026-08-20T18:34:00.584317017Z"}
2026-08-20T18:34:00.865717507Z {"message":"[GetQuote] received request","severity":"info","timestamp":"2026-08-20T18:34:00.865511477Z"}
2026-08-20T18:34:00.865744711Z {"message":"[GetQuote] completed request","severity":"info","timestamp":"2026-08-20T18:34:00.865554083Z"}
2026-08-20T18:34:02.039366439Z {"message":"[GetQuote] received request","severity":"info","timestamp":"2026-08-20T18:34:02.03877565Z"}
2026-08-20T18:34:02.039420247Z {"message":"[GetQuote] completed request","severity":"info","timestamp":"2026-08-20T18:34:02.038901269Z"}
2026-08-20T18:34:03.371489647Z {"message":"[GetQuote] received request","severity":"info","timestamp":"2026-08-20T18:34:03.371215006Z"}
2026-08-20T18:34:03.371526553Z {"message":"[GetQuote] completed request","severity":"info","timestamp":"2026-08-20T18:34:03.371266414Z"}
2026-08-20T18:34:03.382653113Z {"message":"[GetQuote] received request","severity":"info","timestamp":"2026-08-20T18:34:03.38236677Z"}
2026-08-20T18:34:03.382689718Z {"message":"[GetQuote] completed request","severity":"info","timestamp":"2026-08-20T18:34:03.382420578Z"}
2026-08-20T18:34:03.387511338Z {"message":"[ShipOrder] received request","severity":"info","timestamp":"2026-08-20T18:34:03.387249399Z"}
2026-08-20T18:34:03.387532141Z {"message":"[ShipOrder] completed request","severity":"info","timestamp":"2026-08-20T18:34:03.387306307Z"}
2026-08-20T18:34:05.914291083Z {"message":"[GetQuote] received request","severity":"info","timestamp":"2026-08-20T18:34:05.914050147Z"}
2026-08-20T18:34:05.914323587Z {"message":"[GetQuote] completed request","severity":"info","timestamp":"2026-08-20T18:34:05.914089553Z"}
2026-08-20T18:34:05.923203112Z {"message":"[GetQuote] received request","severity":"info","timestamp":"2026-08-20T18:34:05.922954775Z"}
2026-08-20T18:34:05.923223415Z {"message":"[GetQuote] completed request","severity":"info","timestamp":"2026-08-20T18:34:05.922991481Z"}
2026-08-20T18:34:05.926826953Z {"message":"[ShipOrder] received request","severity":"info","timestamp":"2026-08-20T18:34:05.926598719Z"}
2026-08-20T18:34:05.926836555Z {"message":"[ShipOrder] completed request","severity":"info","timestamp":"2026-08-20T18:34:05.926639025Z"}
2026-08-20T18:34:06.133195647Z {"message":"[GetQuote] received request","severity":"info","timestamp":"2026-08-20T18:34:06.132481141Z"}
2026-08-20T18:34:06.133273759Z {"message":"[GetQuote] completed request","severity":"info","timestamp":"2026-08-20T18:34:06.132592857Z"}
2026-08-20T18:34:06.239568120Z {"message":"[GetQuote] received request","severity":"info","timestamp":"2026-08-20T18:34:06.237379394Z"}
2026-08-20T18:34:06.239617328Z {"message":"[GetQuote] completed request","severity":"info","timestamp":"2026-08-20T18:34:06.237493711Z"}
2026-08-20T18:34:06.246264720Z {"message":"[ShipOrder] received request","severity":"info","timestamp":"2026-08-20T18:34:06.245878762Z"}
2026-08-20T18:34:06.246287523Z {"message":"[ShipOrder] completed request","severity":"info","timestamp":"2026-08-20T18:34:06.246011282Z"}
2026-08-20T18:34:08.335586343Z {"message":"[GetQuote] received request","severity":"info","timestamp":"2026-08-20T18:34:08.334935345Z"}
2026-08-20T18:34:08.335662854Z {"message":"[GetQuote] completed request","severity":"info","timestamp":"2026-08-20T18:34:08.335174681Z"}
2026-08-20T18:34:08.868222473Z {"message":"[GetQuote] received request","severity":"info","timestamp":"2026-08-20T18:34:08.867948933Z"}
2026-08-20T18:34:08.868252878Z {"message":"[GetQuote] completed request","severity":"info","timestamp":"2026-08-20T18:34:08.868010242Z"}
2026-08-20T18:34:09.093665435Z {"message":"[GetQuote] received request","severity":"info","timestamp":"2026-08-20T18:34:09.093374492Z"}
2026-08-20T18:34:09.093704441Z {"message":"[GetQuote] completed request","severity":"info","timestamp":"2026-08-20T18:34:09.093417298Z"}
2026-08-20T18:34:09.927665564Z {"message":"[GetQuote] received request","severity":"info","timestamp":"2026-08-20T18:34:09.927404125Z"}
2026-08-20T18:34:09.927695969Z {"message":"[GetQuote] completed request","severity":"info","timestamp":"2026-08-20T18:34:09.927449832Z"}
2026-08-20T18:34:11.458504542Z {"message":"[GetQuote] received request","severity":"info","timestamp":"2026-08-20T18:34:11.457164342Z"}
2026-08-20T18:34:11.458560150Z {"message":"[GetQuote] completed request","severity":"info","timestamp":"2026-08-20T18:34:11.457222151Z"}
2026-08-20T18:34:11.655509758Z {"message":"[GetQuote] received request","severity":"info","timestamp":"2026-08-20T18:34:11.655103597Z"}
2026-08-20T18:34:11.655551464Z {"message":"[GetQuote] completed request","severity":"info","timestamp":"2026-08-20T18:34:11.655168107Z"}
2026-08-20T18:34:12.259514645Z {"message":"[GetQuote] received request","severity":"info","timestamp":"2026-08-20T18:34:12.25894466Z"}
2026-08-20T18:34:12.259564252Z {"message":"[GetQuote] completed request","severity":"info","timestamp":"2026-08-20T18:34:12.259025572Z"}
2026-08-20T18:34:12.277227490Z {"message":"[GetQuote] received request","severity":"info","timestamp":"2026-08-20T18:34:12.276800126Z"}
2026-08-20T18:34:12.277260995Z {"message":"[GetQuote] completed request","severity":"info","timestamp":"2026-08-20T18:34:12.276875337Z"}
2026-08-20T18:34:12.282404663Z {"message":"[ShipOrder] received request","severity":"info","timestamp":"2026-08-20T18:34:12.282065812Z"}
2026-08-20T18:34:12.282441368Z {"message":"[ShipOrder] completed request","severity":"info","timestamp":"2026-08-20T18:34:12.282148925Z"}
2026-08-20T18:34:13.255741797Z {"message":"[GetQuote] received request","severity":"info","timestamp":"2026-08-20T18:34:13.254968982Z"}
2026-08-20T18:34:13.255801106Z {"message":"[GetQuote] completed request","severity":"info","timestamp":"2026-08-20T18:34:13.255022189Z"}
2026-08-20T18:34:14.468002206Z {"message":"[GetQuote] received request","severity":"info","timestamp":"2026-08-20T18:34:14.467609847Z"}
2026-08-20T18:34:14.468038311Z {"message":"[GetQuote] completed request","severity":"info","timestamp":"2026-08-20T18:34:14.467673257Z"}
2026-08-20T18:34:16.353248001Z {"message":"[GetQuote] received request","severity":"info","timestamp":"2026-08-20T18:34:16.352748826Z"}
2026-08-20T18:34:16.353303109Z {"message":"[GetQuote] completed request","severity":"info","timestamp":"2026-08-20T18:34:16.352828338Z"}
2026-08-20T18:34:18.445016631Z {"message":"[GetQuote] received request","severity":"info","timestamp":"2026-08-20T18:34:18.444766594Z"}
2026-08-20T18:34:18.445042235Z {"message":"[GetQuote] completed request","severity":"info","timestamp":"2026-08-20T18:34:18.444849206Z"}
2026-08-20T18:34:18.979025196Z {"message":"[GetQuote] received request","severity":"info","timestamp":"2026-08-20T18:34:18.978747054Z"}
2026-08-20T18:34:18.979103707Z {"message":"[GetQuote] completed request","severity":"info","timestamp":"2026-08-20T18:34:18.978794261Z"}
2026-08-20T18:34:19.066107736Z {"message":"[GetQuote] received request","severity":"info","timestamp":"2026-08-20T18:34:19.065786388Z"}
2026-08-20T18:34:19.066138240Z {"message":"[GetQuote] completed request","severity":"info","timestamp":"2026-08-20T18:34:19.065860799Z"}
2026-08-20T18:34:19.071330618Z {"message":"[ShipOrder] received request","severity":"info","timestamp":"2026-08-20T18:34:19.070910455Z"}
2026-08-20T18:34:19.071356222Z {"message":"[ShipOrder] completed request","severity":"info","timestamp":"2026-08-20T18:34:19.070982466Z"}
2026-08-20T18:34:19.684474533Z {"message":"[GetQuote] received request","severity":"info","timestamp":"2026-08-20T18:34:19.684028366Z"}
2026-08-20T18:34:19.684515239Z {"message":"[GetQuote] completed request","severity":"info","timestamp":"2026-08-20T18:34:19.684107678Z"}
2026-08-20T18:34:21.932549169Z {"message":"[GetQuote] received request","severity":"info","timestamp":"2026-08-20T18:34:21.932059095Z"}
2026-08-20T18:34:21.932594776Z {"message":"[GetQuote] completed request","severity":"info","timestamp":"2026-08-20T18:34:21.932139007Z"}
2026-08-20T18:34:23.754061124Z {"message":"[GetQuote] received request","severity":"info","timestamp":"2026-08-20T18:34:23.752757029Z"}
2026-08-20T18:34:23.754151037Z {"message":"[GetQuote] completed request","severity":"info","timestamp":"2026-08-20T18:34:23.753089079Z"}
2026-08-20T18:34:23.925809540Z {"message":"[GetQuote] received request","severity":"info","timestamp":"2026-08-20T18:34:23.923630815Z"}
2026-08-20T18:34:23.925848746Z {"message":"[GetQuote] completed request","severity":"info","timestamp":"2026-08-20T18:34:23.923697925Z"}
2026-08-20T18:34:23.984196348Z {"message":"[GetQuote] received request","severity":"info","timestamp":"2026-08-20T18:34:23.983982216Z"}
2026-08-20T18:34:23.984230153Z {"message":"[GetQuote] completed request","severity":"info","timestamp":"2026-08-20T18:34:23.984034324Z"}
2026-08-20T18:34:25.139213918Z {"message":"[GetQuote] received request","severity":"info","timestamp":"2026-08-20T18:34:25.138982183Z"}
2026-08-20T18:34:25.139242522Z {"message":"[GetQuote] completed request","severity":"info","timestamp":"2026-08-20T18:34:25.139018489Z"}
2026-08-20T18:34:25.573315964Z {"message":"[GetQuote] received request","severity":"info","timestamp":"2026-08-20T18:34:25.572912703Z"}
2026-08-20T18:34:25.573356970Z {"message":"[GetQuote] completed request","severity":"info","timestamp":"2026-08-20T18:34:25.573001417Z"}
2026-08-20T18:34:26.653532477Z {"message":"[GetQuote] received request","severity":"info","timestamp":"2026-08-20T18:34:26.652955691Z"}
2026-08-20T18:34:26.653597286Z {"message":"[GetQuote] completed request","severity":"info","timestamp":"2026-08-20T18:34:26.65308411Z"}
2026-08-20T18:34:26.848701986Z {"message":"[GetQuote] received request","severity":"info","timestamp":"2026-08-20T18:34:26.848437847Z"}
2026-08-20T18:34:26.848731590Z {"message":"[GetQuote] completed request","severity":"info","timestamp":"2026-08-20T18:34:26.848480353Z"}
2026-08-20T18:34:26.853539107Z {"message":"[ShipOrder] received request","severity":"info","timestamp":"2026-08-20T18:34:26.853311273Z"}
2026-08-20T18:34:26.853563311Z {"message":"[ShipOrder] completed request","severity":"info","timestamp":"2026-08-20T18:34:26.853371282Z"}
2026-08-20T18:34:27.583731615Z {"message":"[GetQuote] received request","severity":"info","timestamp":"2026-08-20T18:34:27.583014808Z"}
2026-08-20T18:34:27.583793624Z {"message":"[GetQuote] completed request","severity":"info","timestamp":"2026-08-20T18:34:27.583286248Z"}
2026-08-20T18:34:27.741156394Z {"message":"[GetQuote] received request","severity":"info","timestamp":"2026-08-20T18:34:27.740628816Z"}
2026-08-20T18:34:27.741247208Z {"message":"[GetQuote] completed request","severity":"info","timestamp":"2026-08-20T18:34:27.740719729Z"}
2026-08-20T18:34:27.750017416Z {"message":"[ShipOrder] received request","severity":"info","timestamp":"2026-08-20T18:34:27.749291108Z"}
2026-08-20T18:34:27.750056522Z {"message":"[ShipOrder] completed request","severity":"info","timestamp":"2026-08-20T18:34:27.749422027Z"}
2026-08-20T18:34:28.408930992Z {"message":"[GetQuote] received request","severity":"info","timestamp":"2026-08-20T18:34:28.40844672Z"}
2026-08-20T18:34:28.408995602Z {"message":"[GetQuote] completed request","severity":"info","timestamp":"2026-08-20T18:34:28.408540534Z"}
2026-08-20T18:34:29.656143413Z {"message":"[GetQuote] received request","severity":"info","timestamp":"2026-08-20T18:34:29.655794561Z"}
2026-08-20T18:34:29.656180618Z {"message":"[GetQuote] completed request","severity":"info","timestamp":"2026-08-20T18:34:29.65585607Z"}
2026-08-20T18:34:30.336794631Z {"message":"[GetQuote] received request","severity":"info","timestamp":"2026-08-20T18:34:30.336112829Z"}
2026-08-20T18:34:30.336859541Z {"message":"[GetQuote] completed request","severity":"info","timestamp":"2026-08-20T18:34:30.336246249Z"}
2026-08-20T18:34:31.593209048Z {"message":"[GetQuote] received request","severity":"info","timestamp":"2026-08-20T18:34:31.592892203Z"}
2026-08-20T18:34:31.593246754Z {"message":"[GetQuote] completed request","severity":"info","timestamp":"2026-08-20T18:34:31.592969014Z"}
2026-08-20T18:34:31.974492330Z {"message":"[GetQuote] received request","severity":"info","timestamp":"2026-08-20T18:34:31.974169384Z"}
2026-08-20T18:34:31.974529635Z {"message":"[GetQuote] completed request","severity":"info","timestamp":"2026-08-20T18:34:31.974240794Z"}
2026-08-20T18:34:32.626317565Z {"message":"[GetQuote] received request","severity":"info","timestamp":"2026-08-20T18:34:32.625828696Z"}
2026-08-20T18:34:32.626378674Z {"message":"[GetQuote] completed request","severity":"info","timestamp":"2026-08-20T18:34:32.62593051Z"}
2026-08-20T18:34:38.907950104Z {"message":"[GetQuote] received request","severity":"info","timestamp":"2026-08-20T18:34:38.907746169Z"}
2026-08-20T18:34:38.907978909Z {"message":"[GetQuote] completed request","severity":"info","timestamp":"2026-08-20T18:34:38.907784376Z"}
2026-08-20T18:34:39.646059858Z {"message":"[GetQuote] received request","severity":"info","timestamp":"2026-08-20T18:34:39.645818616Z"}
2026-08-20T18:34:39.646088763Z {"message":"[GetQuote] completed request","severity":"info","timestamp":"2026-08-20T18:34:39.645865524Z"}
2026-08-20T18:34:39.683423674Z {"message":"[GetQuote] received request","severity":"info","timestamp":"2026-08-20T18:34:39.68322444Z"}
2026-08-20T18:34:39.683450279Z {"message":"[GetQuote] completed request","severity":"info","timestamp":"2026-08-20T18:34:39.683259646Z"}
2026-08-20T18:34:41.179453682Z {"message":"[GetQuote] received request","severity":"info","timestamp":"2026-08-20T18:34:41.179270151Z"}
2026-08-20T18:34:41.179474786Z {"message":"[GetQuote] completed request","severity":"info","timestamp":"2026-08-20T18:34:41.179303257Z"}
2026-08-20T18:34:41.191696085Z {"message":"[GetQuote] received request","severity":"info","timestamp":"2026-08-20T18:34:41.191510253Z"}
2026-08-20T18:34:41.191715588Z {"message":"[GetQuote] completed request","severity":"info","timestamp":"2026-08-20T18:34:41.191541258Z"}
2026-08-20T18:34:41.196325680Z {"message":"[ShipOrder] received request","severity":"info","timestamp":"2026-08-20T18:34:41.196104342Z"}
2026-08-20T18:34:41.196348484Z {"message":"[ShipOrder] completed request","severity":"info","timestamp":"2026-08-20T18:34:41.196261269Z"}
2026-08-20T18:34:42.063833254Z {"message":"[GetQuote] received request","severity":"info","timestamp":"2026-08-20T18:34:42.062991309Z"}
2026-08-20T18:34:42.063899265Z {"message":"[GetQuote] completed request","severity":"info","timestamp":"2026-08-20T18:34:42.063073224Z"}
2026-08-20T18:34:42.085752318Z {"message":"[GetQuote] received request","severity":"info","timestamp":"2026-08-20T18:34:42.085509876Z"}
2026-08-20T18:34:42.085789425Z {"message":"[GetQuote] completed request","severity":"info","timestamp":"2026-08-20T18:34:42.085548783Z"}
2026-08-20T18:34:42.136177778Z {"message":"[ShipOrder] received request","severity":"info","timestamp":"2026-08-20T18:34:42.13584002Z"}
2026-08-20T18:34:42.136207683Z {"message":"[ShipOrder] completed request","severity":"info","timestamp":"2026-08-20T18:34:42.135921333Z"}
2026-08-20T18:34:42.426388514Z {"message":"[GetQuote] received request","severity":"info","timestamp":"2026-08-20T18:34:42.425827518Z"}
2026-08-20T18:34:42.426429522Z {"message":"[GetQuote] completed request","severity":"info","timestamp":"2026-08-20T18:34:42.425914533Z"}
2026-08-20T18:34:46.831677632Z {"message":"[GetQuote] received request","severity":"info","timestamp":"2026-08-20T18:34:46.830807062Z"}
2026-08-20T18:34:46.831744845Z {"message":"[GetQuote] completed request","severity":"info","timestamp":"2026-08-20T18:34:46.830934787Z"}
2026-08-20T18:34:47.753935990Z {"message":"[GetQuote] received request","severity":"info","timestamp":"2026-08-20T18:34:47.753352176Z"}
2026-08-20T18:34:47.753981899Z {"message":"[GetQuote] completed request","severity":"info","timestamp":"2026-08-20T18:34:47.7534768Z"}
2026-08-20T18:34:50.049393548Z {"message":"[GetQuote] received request","severity":"info","timestamp":"2026-08-20T18:34:50.048879548Z"}
2026-08-20T18:34:50.049426755Z {"message":"[GetQuote] completed request","severity":"info","timestamp":"2026-08-20T18:34:50.048946061Z"}
2026-08-20T18:34:50.062740551Z {"message":"[GetQuote] received request","severity":"info","timestamp":"2026-08-20T18:34:50.062544013Z"}
2026-08-20T18:34:50.062757055Z {"message":"[GetQuote] completed request","severity":"info","timestamp":"2026-08-20T18:34:50.06257802Z"}
2026-08-20T18:34:50.066040795Z {"message":"[ShipOrder] received request","severity":"info","timestamp":"2026-08-20T18:34:50.065869762Z"}
2026-08-20T18:34:50.066056798Z {"message":"[ShipOrder] completed request","severity":"info","timestamp":"2026-08-20T18:34:50.065907869Z"}
2026-08-20T18:34:51.042065039Z {"message":"[GetQuote] received request","severity":"info","timestamp":"2026-08-20T18:34:51.041680564Z"}
2026-08-20T18:34:51.042106047Z {"message":"[GetQuote] completed request","severity":"info","timestamp":"2026-08-20T18:34:51.041754578Z"}
2026-08-20T18:34:52.795953581Z {"message":"[GetQuote] received request","severity":"info","timestamp":"2026-08-20T18:34:52.795645421Z"}
2026-08-20T18:34:52.795992888Z {"message":"[GetQuote] completed request","severity":"info","timestamp":"2026-08-20T18:34:52.795701832Z"}
2026-08-20T18:34:54.619447397Z {"message":"[GetQuote] received request","severity":"info","timestamp":"2026-08-20T18:34:54.619022114Z"}
2026-08-20T18:34:54.619501208Z {"message":"[GetQuote] completed request","severity":"info","timestamp":"2026-08-20T18:34:54.619116133Z"}
2026-08-20T18:34:55.253038561Z {"message":"[GetQuote] received request","severity":"info","timestamp":"2026-08-20T18:34:55.25187818Z"}
2026-08-20T18:34:55.253117774Z {"message":"[GetQuote] completed request","severity":"info","timestamp":"2026-08-20T18:34:55.252029303Z"}
2026-08-20T18:34:55.552855100Z {"message":"[GetQuote] received request","severity":"info","timestamp":"2026-08-20T18:34:55.551787132Z"}
2026-08-20T18:34:55.552978819Z {"message":"[GetQuote] completed request","severity":"info","timestamp":"2026-08-20T18:34:55.551858143Z"}
2026-08-20T18:34:57.213670610Z {"message":"[GetQuote] received request","severity":"info","timestamp":"2026-08-20T18:34:57.212698358Z"}
2026-08-20T18:34:57.213788129Z {"message":"[GetQuote] completed request","severity":"info","timestamp":"2026-08-20T18:34:57.212969901Z"}
2026-08-20T18:34:57.852072556Z {"message":"[GetQuote] received request","severity":"info","timestamp":"2026-08-20T18:34:57.851382348Z"}
2026-08-20T18:34:57.852131866Z {"message":"[GetQuote] completed request","severity":"info","timestamp":"2026-08-20T18:34:57.851531972Z"}
2026-08-20T18:34:57.855379174Z {"message":"[GetQuote] received request","severity":"info","timestamp":"2026-08-20T18:34:57.854106675Z"}
2026-08-20T18:34:57.855424881Z {"message":"[GetQuote] completed request","severity":"info","timestamp":"2026-08-20T18:34:57.854196989Z"}
2026-08-20T18:34:58.057876176Z {"message":"[GetQuote] received request","severity":"info","timestamp":"2026-08-20T18:34:58.057670844Z"}
2026-08-20T18:34:58.057952488Z {"message":"[GetQuote] completed request","severity":"info","timestamp":"2026-08-20T18:34:58.057737354Z"}
2026-08-20T18:34:58.062212655Z {"message":"[ShipOrder] received request","severity":"info","timestamp":"2026-08-20T18:34:58.061960716Z"}
2026-08-20T18:34:58.062233858Z {"message":"[ShipOrder] completed request","severity":"info","timestamp":"2026-08-20T18:34:58.062078434Z"}
2026-08-20T18:34:58.758199416Z {"message":"[GetQuote] received request","severity":"info","timestamp":"2026-08-20T18:34:58.757817556Z"}
2026-08-20T18:34:58.758231921Z {"message":"[GetQuote] completed request","severity":"info","timestamp":"2026-08-20T18:34:58.757892768Z"}
2026-08-20T18:35:00.159324971Z {"message":"[GetQuote] received request","severity":"info","timestamp":"2026-08-20T18:35:00.158856698Z"}
2026-08-20T18:35:00.159374879Z {"message":"[GetQuote] completed request","severity":"info","timestamp":"2026-08-20T18:35:00.158964514Z"}
2026-08-20T18:35:00.608329565Z {"message":"[GetQuote] received request","severity":"info","timestamp":"2026-08-20T18:35:00.607992913Z"}
2026-08-20T18:35:00.608373472Z {"message":"[GetQuote] completed request","severity":"info","timestamp":"2026-08-20T18:35:00.608087928Z"}
2026-08-20T18:35:04.626701348Z {"message":"[GetQuote] received request","severity":"info","timestamp":"2026-08-20T18:35:04.626112161Z"}
2026-08-20T18:35:04.626759357Z {"message":"[GetQuote] completed request","severity":"info","timestamp":"2026-08-20T18:35:04.626218576Z"}
2026-08-20T18:35:06.866408027Z {"message":"[GetQuote] received request","severity":"info","timestamp":"2026-08-20T18:35:06.866178293Z"}
2026-08-20T18:35:06.866434131Z {"message":"[GetQuote] completed request","severity":"info","timestamp":"2026-08-20T18:35:06.8662255Z"}
2026-08-20T18:35:08.137217532Z {"message":"[GetQuote] received request","severity":"info","timestamp":"2026-08-20T18:35:08.136986298Z"}
2026-08-20T18:35:08.137247437Z {"message":"[GetQuote] completed request","severity":"info","timestamp":"2026-08-20T18:35:08.137009401Z"}
2026-08-20T18:35:08.167708960Z {"message":"[GetQuote] received request","severity":"info","timestamp":"2026-08-20T18:35:08.16736961Z"}
2026-08-20T18:35:08.167740665Z {"message":"[GetQuote] completed request","severity":"info","timestamp":"2026-08-20T18:35:08.167427218Z"}
2026-08-20T18:35:11.818096750Z {"message":"[GetQuote] received request","severity":"info","timestamp":"2026-08-20T18:35:11.817519729Z"}
2026-08-20T18:35:11.818163563Z {"message":"[GetQuote] completed request","severity":"info","timestamp":"2026-08-20T18:35:11.817656258Z"}
2026-08-20T18:35:12.950635332Z {"message":"[GetQuote] received request","severity":"info","timestamp":"2026-08-20T18:35:12.950169535Z"}
2026-08-20T18:35:12.950677641Z {"message":"[GetQuote] completed request","severity":"info","timestamp":"2026-08-20T18:35:12.950244951Z"}
2026-08-20T18:35:13.433711104Z {"message":"[GetQuote] received request","severity":"info","timestamp":"2026-08-20T18:35:13.432976651Z"}
2026-08-20T18:35:13.433783019Z {"message":"[GetQuote] completed request","severity":"info","timestamp":"2026-08-20T18:35:13.43306957Z"}
2026-08-20T18:35:15.130469751Z {"message":"[GetQuote] received request","severity":"info","timestamp":"2026-08-20T18:35:15.129954244Z"}
2026-08-20T18:35:15.130525263Z {"message":"[GetQuote] completed request","severity":"info","timestamp":"2026-08-20T18:35:15.130059366Z"}
2026-08-20T18:35:15.337723199Z {"message":"[GetQuote] received request","severity":"info","timestamp":"2026-08-20T18:35:15.337352822Z"}
2026-08-20T18:35:15.337779711Z {"message":"[GetQuote] completed request","severity":"info","timestamp":"2026-08-20T18:35:15.337510155Z"}
2026-08-20T18:35:15.631678698Z {"message":"[GetQuote] received request","severity":"info","timestamp":"2026-08-20T18:35:15.630712597Z"}
2026-08-20T18:35:15.631772917Z {"message":"[GetQuote] completed request","severity":"info","timestamp":"2026-08-20T18:35:15.630884833Z"}
2026-08-20T18:35:15.837388524Z {"message":"[GetQuote] received request","severity":"info","timestamp":"2026-08-20T18:35:15.837068358Z"}
2026-08-20T18:35:15.837415430Z {"message":"[GetQuote] completed request","severity":"info","timestamp":"2026-08-20T18:35:15.837114367Z"}
2026-08-20T18:35:15.841070891Z {"message":"[ShipOrder] received request","severity":"info","timestamp":"2026-08-20T18:35:15.840850945Z"}
2026-08-20T18:35:15.841098697Z {"message":"[ShipOrder] completed request","severity":"info","timestamp":"2026-08-20T18:35:15.840901756Z"}
2026-08-20T18:35:16.747478096Z {"message":"[GetQuote] received request","severity":"info","timestamp":"2026-08-20T18:35:16.746990494Z"}
2026-08-20T18:35:16.747535908Z {"message":"[GetQuote] completed request","severity":"info","timestamp":"2026-08-20T18:35:16.747096716Z"}
2026-08-20T18:35:16.828506665Z {"message":"[GetQuote] received request","severity":"info","timestamp":"2026-08-20T18:35:16.828065173Z"}
2026-08-20T18:35:16.828565677Z {"message":"[GetQuote] completed request","severity":"info","timestamp":"2026-08-20T18:35:16.828122485Z"}
2026-08-20T18:35:16.969371092Z {"message":"[GetQuote] received request","severity":"info","timestamp":"2026-08-20T18:35:16.968868387Z"}
2026-08-20T18:35:16.969422502Z {"message":"[GetQuote] completed request","severity":"info","timestamp":"2026-08-20T18:35:16.968957605Z"}
2026-08-20T18:35:17.011431148Z {"message":"[ShipOrder] received request","severity":"info","timestamp":"2026-08-20T18:35:17.010947647Z"}
2026-08-20T18:35:17.011475557Z {"message":"[ShipOrder] completed request","severity":"info","timestamp":"2026-08-20T18:35:17.011051469Z"}
2026-08-20T18:35:17.775296477Z {"message":"[GetQuote] received request","severity":"info","timestamp":"2026-08-20T18:35:17.7744466Z"}
2026-08-20T18:35:17.775363591Z {"message":"[GetQuote] completed request","severity":"info","timestamp":"2026-08-20T18:35:17.77463944Z"}
2026-08-20T18:35:17.865970554Z {"message":"[GetQuote] received request","severity":"info","timestamp":"2026-08-20T18:35:17.865455247Z"}
2026-08-20T18:35:17.866069375Z {"message":"[GetQuote] completed request","severity":"info","timestamp":"2026-08-20T18:35:17.865617081Z"}
2026-08-20T18:35:17.889850626Z {"message":"[ShipOrder] received request","severity":"info","timestamp":"2026-08-20T18:35:17.888450634Z"}
2026-08-20T18:35:17.889965850Z {"message":"[ShipOrder] completed request","severity":"info","timestamp":"2026-08-20T18:35:17.888648976Z"}
2026-08-20T18:35:19.249741821Z {"message":"[GetQuote] received request","severity":"info","timestamp":"2026-08-20T18:35:19.249424765Z"}
2026-08-20T18:35:19.249776027Z {"message":"[GetQuote] completed request","severity":"info","timestamp":"2026-08-20T18:35:19.249491377Z"}
2026-08-20T18:35:19.343838741Z {"message":"[GetQuote] received request","severity":"info","timestamp":"2026-08-20T18:35:19.343154921Z"}
2026-08-20T18:35:19.343944859Z {"message":"[GetQuote] completed request","severity":"info","timestamp":"2026-08-20T18:35:19.343261239Z"}
2026-08-20T18:35:19.623034656Z {"message":"[GetQuote] received request","severity":"info","timestamp":"2026-08-20T18:35:19.622788612Z"}
2026-08-20T18:35:19.623068161Z {"message":"[GetQuote] completed request","severity":"info","timestamp":"2026-08-20T18:35:19.62283452Z"}
2026-08-20T18:35:19.646962356Z {"message":"[GetQuote] received request","severity":"info","timestamp":"2026-08-20T18:35:19.646772723Z"}
2026-08-20T18:35:19.646979959Z {"message":"[GetQuote] completed request","severity":"info","timestamp":"2026-08-20T18:35:19.646805729Z"}
2026-08-20T18:35:19.649970384Z {"message":"[ShipOrder] received request","severity":"info","timestamp":"2026-08-20T18:35:19.649797054Z"}
2026-08-20T18:35:19.649994289Z {"message":"[ShipOrder] completed request","severity":"info","timestamp":"2026-08-20T18:35:19.649842962Z"}
2026-08-20T18:35:20.943591890Z {"message":"[GetQuote] received request","severity":"info","timestamp":"2026-08-20T18:35:20.943077199Z"}
2026-08-20T18:35:20.943647599Z {"message":"[GetQuote] completed request","severity":"info","timestamp":"2026-08-20T18:35:20.943240228Z"}
2026-08-20T18:35:22.054664447Z {"message":"[GetQuote] received request","severity":"info","timestamp":"2026-08-20T18:35:22.05422847Z"}
2026-08-20T18:35:22.054710955Z {"message":"[GetQuote] completed request","severity":"info","timestamp":"2026-08-20T18:35:22.054289081Z"}
2026-08-20T18:35:22.261369536Z {"message":"[GetQuote] received request","severity":"info","timestamp":"2026-08-20T18:35:22.260835742Z"}
2026-08-20T18:35:22.261418944Z {"message":"[GetQuote] completed request","severity":"info","timestamp":"2026-08-20T18:35:22.260944561Z"}
2026-08-20T18:35:23.254571100Z {"message":"[GetQuote] received request","severity":"info","timestamp":"2026-08-20T18:35:23.254134823Z"}
2026-08-20T18:35:23.254616908Z {"message":"[GetQuote] completed request","severity":"info","timestamp":"2026-08-20T18:35:23.254221238Z"}
2026-08-20T18:35:24.247862680Z {"message":"[GetQuote] received request","severity":"info","timestamp":"2026-08-20T18:35:24.246935017Z"}
2026-08-20T18:35:24.247949695Z {"message":"[GetQuote] completed request","severity":"info","timestamp":"2026-08-20T18:35:24.246995128Z"}
2026-08-20T18:35:24.366530613Z {"message":"[GetQuote] received request","severity":"info","timestamp":"2026-08-20T18:35:24.363108712Z"}
2026-08-20T18:35:24.366706244Z {"message":"[GetQuote] completed request","severity":"info","timestamp":"2026-08-20T18:35:24.363217831Z"}
2026-08-20T18:35:24.371306651Z {"message":"[ShipOrder] received request","severity":"info","timestamp":"2026-08-20T18:35:24.37089808Z"}
2026-08-20T18:35:24.371340757Z {"message":"[ShipOrder] completed request","severity":"info","timestamp":"2026-08-20T18:35:24.370986195Z"}
2026-08-20T18:35:27.175964310Z {"message":"[GetQuote] received request","severity":"info","timestamp":"2026-08-20T18:35:27.175490738Z"}
2026-08-20T18:35:27.176037020Z {"message":"[GetQuote] completed request","severity":"info","timestamp":"2026-08-20T18:35:27.175623958Z"}
2026-08-20T18:35:28.157606759Z {"message":"[GetQuote] received request","severity":"info","timestamp":"2026-08-20T18:35:28.157020371Z"}
2026-08-20T18:35:28.157672469Z {"message":"[GetQuote] completed request","severity":"info","timestamp":"2026-08-20T18:35:28.157185196Z"}
2026-08-20T18:35:29.477413673Z {"message":"[GetQuote] received request","severity":"info","timestamp":"2026-08-20T18:35:29.47719134Z"}
2026-08-20T18:35:29.477442277Z {"message":"[GetQuote] completed request","severity":"info","timestamp":"2026-08-20T18:35:29.477241447Z"}
2026-08-20T18:35:31.041248991Z {"message":"[GetQuote] received request","severity":"info","timestamp":"2026-08-20T18:35:31.040939345Z"}
2026-08-20T18:35:31.041301799Z {"message":"[GetQuote] completed request","severity":"info","timestamp":"2026-08-20T18:35:31.041010755Z"}
2026-08-20T18:35:33.558215944Z {"message":"[GetQuote] received request","severity":"info","timestamp":"2026-08-20T18:35:33.558038417Z"}
2026-08-20T18:35:33.558235447Z {"message":"[GetQuote] completed request","severity":"info","timestamp":"2026-08-20T18:35:33.558084624Z"}
2026-08-20T18:35:33.587238409Z {"message":"[GetQuote] received request","severity":"info","timestamp":"2026-08-20T18:35:33.587019376Z"}
2026-08-20T18:35:33.587262813Z {"message":"[GetQuote] completed request","severity":"info","timestamp":"2026-08-20T18:35:33.587055882Z"}
2026-08-20T18:35:33.590160448Z {"message":"[ShipOrder] received request","severity":"info","timestamp":"2026-08-20T18:35:33.589948317Z"}
2026-08-20T18:35:33.590174851Z {"message":"[ShipOrder] completed request","severity":"info","timestamp":"2026-08-20T18:35:33.590001725Z"}
2026-08-20T18:35:34.989955282Z {"message":"[GetQuote] received request","severity":"info","timestamp":"2026-08-20T18:35:34.989171363Z"}
2026-08-20T18:35:34.990012391Z {"message":"[GetQuote] completed request","severity":"info","timestamp":"2026-08-20T18:35:34.989336488Z"}
2026-08-20T18:35:35.440527615Z {"message":"[GetQuote] received request","severity":"info","timestamp":"2026-08-20T18:35:35.439994435Z"}
2026-08-20T18:35:35.440557220Z {"message":"[GetQuote] completed request","severity":"info","timestamp":"2026-08-20T18:35:35.440050043Z"}
2026-08-20T18:35:38.243348043Z {"message":"[GetQuote] received request","severity":"info","timestamp":"2026-08-20T18:35:38.242551423Z"}
2026-08-20T18:35:38.243407752Z {"message":"[GetQuote] completed request","severity":"info","timestamp":"2026-08-20T18:35:38.242716448Z"}
2026-08-20T18:35:38.539635446Z {"message":"[GetQuote] received request","severity":"info","timestamp":"2026-08-20T18:35:38.539453619Z"}
2026-08-20T18:35:38.539659250Z {"message":"[GetQuote] completed request","severity":"info","timestamp":"2026-08-20T18:35:38.539475422Z"}
2026-08-20T18:35:39.116284444Z {"message":"[GetQuote] received request","severity":"info","timestamp":"2026-08-20T18:35:39.115897486Z"}
2026-08-20T18:35:39.116311549Z {"message":"[GetQuote] completed request","severity":"info","timestamp":"2026-08-20T18:35:39.11592149Z"}
2026-08-20T18:35:39.283386713Z {"message":"[GetQuote] received request","severity":"info","timestamp":"2026-08-20T18:35:39.283220488Z"}
2026-08-20T18:35:39.283407816Z {"message":"[GetQuote] completed request","severity":"info","timestamp":"2026-08-20T18:35:39.283268095Z"}
2026-08-20T18:35:39.344621372Z {"message":"[GetQuote] received request","severity":"info","timestamp":"2026-08-20T18:35:39.344401139Z"}
2026-08-20T18:35:39.344645376Z {"message":"[GetQuote] completed request","severity":"info","timestamp":"2026-08-20T18:35:39.344433644Z"}
2026-08-20T18:35:39.360871130Z {"message":"[GetQuote] received request","severity":"info","timestamp":"2026-08-20T18:35:39.360669799Z"}
2026-08-20T18:35:39.360890833Z {"message":"[GetQuote] completed request","severity":"info","timestamp":"2026-08-20T18:35:39.360701804Z"}
2026-08-20T18:35:39.364981651Z {"message":"[ShipOrder] received request","severity":"info","timestamp":"2026-08-20T18:35:39.364824327Z"}
2026-08-20T18:35:39.364997554Z {"message":"[ShipOrder] completed request","severity":"info","timestamp":"2026-08-20T18:35:39.364882736Z"}
2026-08-20T18:35:41.840553995Z {"message":"[GetQuote] received request","severity":"info","timestamp":"2026-08-20T18:35:41.840370567Z"}
2026-08-20T18:35:41.840574698Z {"message":"[GetQuote] completed request","severity":"info","timestamp":"2026-08-20T18:35:41.840413473Z"}
2026-08-20T18:35:43.527256881Z {"message":"[GetQuote] received request","severity":"info","timestamp":"2026-08-20T18:35:43.527032847Z"}
2026-08-20T18:35:43.527281085Z {"message":"[GetQuote] completed request","severity":"info","timestamp":"2026-08-20T18:35:43.527069252Z"}
2026-08-20T18:35:43.911932117Z {"message":"[GetQuote] received request","severity":"info","timestamp":"2026-08-20T18:35:43.911589064Z"}
2026-08-20T18:35:43.911975323Z {"message":"[GetQuote] completed request","severity":"info","timestamp":"2026-08-20T18:35:43.911667876Z"}
2026-08-20T18:35:44.342973932Z {"message":"[GetQuote] received request","severity":"info","timestamp":"2026-08-20T18:35:44.342520863Z"}
2026-08-20T18:35:44.343007437Z {"message":"[GetQuote] completed request","severity":"info","timestamp":"2026-08-20T18:35:44.342574871Z"}
2026-08-20T18:35:44.463241695Z {"message":"[GetQuote] received request","severity":"info","timestamp":"2026-08-20T18:35:44.462436372Z"}
2026-08-20T18:35:44.463318707Z {"message":"[GetQuote] completed request","severity":"info","timestamp":"2026-08-20T18:35:44.462590096Z"}
2026-08-20T18:35:44.474218671Z {"message":"[ShipOrder] received request","severity":"info","timestamp":"2026-08-20T18:35:44.473584575Z"}
2026-08-20T18:35:44.474343190Z {"message":"[ShipOrder] completed request","severity":"info","timestamp":"2026-08-20T18:35:44.473712194Z"}
2026-08-20T18:35:48.536296005Z {"message":"[GetQuote] received request","severity":"info","timestamp":"2026-08-20T18:35:48.536029664Z"}
2026-08-20T18:35:48.536357514Z {"message":"[GetQuote] completed request","severity":"info","timestamp":"2026-08-20T18:35:48.536079172Z"}
2026-08-20T18:35:48.656183510Z {"message":"[GetQuote] received request","severity":"info","timestamp":"2026-08-20T18:35:48.654248415Z"}
2026-08-20T18:35:48.656227217Z {"message":"[GetQuote] completed request","severity":"info","timestamp":"2026-08-20T18:35:48.654304423Z"}
2026-08-20T18:35:48.659952486Z {"message":"[ShipOrder] received request","severity":"info","timestamp":"2026-08-20T18:35:48.659681644Z"}
2026-08-20T18:35:48.659975889Z {"message":"[ShipOrder] completed request","severity":"info","timestamp":"2026-08-20T18:35:48.659751555Z"}
2026-08-20T18:35:50.924697492Z {"message":"[GetQuote] received request","severity":"info","timestamp":"2026-08-20T18:35:50.924492161Z"}
2026-08-20T18:35:50.924720496Z {"message":"[GetQuote] completed request","severity":"info","timestamp":"2026-08-20T18:35:50.924533867Z"}
2026-08-20T18:35:51.527736489Z {"message":"[GetQuote] received request","severity":"info","timestamp":"2026-08-20T18:35:51.527388536Z"}
2026-08-20T18:35:51.527774895Z {"message":"[GetQuote] completed request","severity":"info","timestamp":"2026-08-20T18:35:51.527469948Z"}
2026-08-20T18:35:52.222047455Z {"message":"[GetQuote] received request","severity":"info","timestamp":"2026-08-20T18:35:52.221631692Z"}
2026-08-20T18:35:52.222099563Z {"message":"[GetQuote] completed request","severity":"info","timestamp":"2026-08-20T18:35:52.221706203Z"}
2026-08-20T18:35:52.814107372Z {"message":"[GetQuote] received request","severity":"info","timestamp":"2026-08-20T18:35:52.81344267Z"}
2026-08-20T18:35:52.814171782Z {"message":"[GetQuote] completed request","severity":"info","timestamp":"2026-08-20T18:35:52.813665104Z"}
2026-08-20T18:35:53.447598830Z {"message":"[GetQuote] received request","severity":"info","timestamp":"2026-08-20T18:35:53.447432304Z"}
2026-08-20T18:35:53.447628334Z {"message":"[GetQuote] completed request","severity":"info","timestamp":"2026-08-20T18:35:53.447466209Z"}
2026-08-20T18:35:54.125514687Z {"message":"[GetQuote] received request","severity":"info","timestamp":"2026-08-20T18:35:54.124693661Z"}
2026-08-20T18:35:54.125555293Z {"message":"[GetQuote] completed request","severity":"info","timestamp":"2026-08-20T18:35:54.124779974Z"}
2026-08-20T18:35:55.118737002Z {"message":"[GetQuote] received request","severity":"info","timestamp":"2026-08-20T18:35:55.118322339Z"}
2026-08-20T18:35:55.118796211Z {"message":"[GetQuote] completed request","severity":"info","timestamp":"2026-08-20T18:35:55.118429155Z"}
2026-08-20T18:35:57.439769943Z {"message":"[GetQuote] received request","severity":"info","timestamp":"2026-08-20T18:35:57.438931315Z"}
2026-08-20T18:35:57.439835053Z {"message":"[GetQuote] completed request","severity":"info","timestamp":"2026-08-20T18:35:57.439154649Z"}
2026-08-20T18:35:59.043321351Z {"message":"[GetQuote] received request","severity":"info","timestamp":"2026-08-20T18:35:59.042618243Z"}
2026-08-20T18:35:59.043391361Z {"message":"[GetQuote] completed request","severity":"info","timestamp":"2026-08-20T18:35:59.042781268Z"}
2026-08-20T18:36:00.111027682Z {"message":"[GetQuote] received request","severity":"info","timestamp":"2026-08-20T18:36:00.110824851Z"}
2026-08-20T18:36:00.111056087Z {"message":"[GetQuote] completed request","severity":"info","timestamp":"2026-08-20T18:36:00.11088256Z"}
2026-08-20T18:36:02.021277222Z {"message":"[GetQuote] received request","severity":"info","timestamp":"2026-08-20T18:36:02.020664729Z"}
2026-08-20T18:36:02.021334731Z {"message":"[GetQuote] completed request","severity":"info","timestamp":"2026-08-20T18:36:02.020762244Z"}
2026-08-20T18:36:02.538336325Z {"message":"[GetQuote] received request","severity":"info","timestamp":"2026-08-20T18:36:02.537685926Z"}
2026-08-20T18:36:02.538398635Z {"message":"[GetQuote] completed request","severity":"info","timestamp":"2026-08-20T18:36:02.537833048Z"}
2026-08-20T18:36:02.732572320Z {"message":"[GetQuote] received request","severity":"info","timestamp":"2026-08-20T18:36:02.73224397Z"}
2026-08-20T18:36:02.732610426Z {"message":"[GetQuote] completed request","severity":"info","timestamp":"2026-08-20T18:36:02.732351686Z"}
2026-08-20T18:36:04.116867952Z {"message":"[GetQuote] received request","severity":"info","timestamp":"2026-08-20T18:36:04.11639648Z"}
2026-08-20T18:36:04.116921460Z {"message":"[GetQuote] completed request","severity":"info","timestamp":"2026-08-20T18:36:04.116485894Z"}
2026-08-20T18:36:04.149307011Z {"message":"[GetQuote] received request","severity":"info","timestamp":"2026-08-20T18:36:04.148924153Z"}
2026-08-20T18:36:04.149351718Z {"message":"[GetQuote] completed request","severity":"info","timestamp":"2026-08-20T18:36:04.148979461Z"}
2026-08-20T18:36:04.157313235Z {"message":"[ShipOrder] received request","severity":"info","timestamp":"2026-08-20T18:36:04.157001288Z"}
2026-08-20T18:36:04.157910627Z {"message":"[ShipOrder] completed request","severity":"info","timestamp":"2026-08-20T18:36:04.15727503Z"}
