2026-08-15T12:57:14.676637931Z GetCartAsync called with userId=75fb99d4-1648-4332-8535-ad4aaffa2159
2026-08-15T12:57:15.223597645Z GetCartAsync called with userId=9acecf4b-1a54-469f-a88c-1831fc170649
2026-08-15T12:57:15.521800555Z GetCartAsync called with userId=b7346bb4-8dd0-4f04-a092-01bc982d095c
2026-08-15T12:57:15.538177480Z AddItemAsync called with userId=b7346bb4-8dd0-4f04-a092-01bc982d095c, productId=0PUK6V6EV0, quantity=6
2026-08-15T12:57:15.543358926Z GetCartAsync called with userId=b7346bb4-8dd0-4f04-a092-01bc982d095c
2026-08-15T12:57:15.557354100Z GetCartAsync called with userId=dbc81ea5-5531-4605-9216-4c4255eaf706
2026-08-15T12:57:15.574094364Z AddItemAsync called with userId=dbc81ea5-5531-4605-9216-4c4255eaf706, productId=L9ECAV7KIM, quantity=1
2026-08-15T12:57:15.635668650Z GetCartAsync called with userId=dbc81ea5-5531-4605-9216-4c4255eaf706
2026-08-15T12:57:15.920076907Z GetCartAsync called with userId=7c83c8f1-08fe-4458-a9a9-0c772a23d674
2026-08-15T12:57:15.990506726Z GetCartAsync called with userId=adb034c7-2a87-4c97-ba43-226f28dee2e6
2026-08-15T12:57:16.139686540Z Checking CartService Health
2026-08-15T12:57:16.267172968Z GetCartAsync called with userId=be3bdda6-898f-4a6c-a1cb-3ded9cc31c28
2026-08-15T12:57:16.558647870Z GetCartAsync called with userId=b6862a64-9aa0-43ed-925f-989df9463214
2026-08-15T12:57:16.935269441Z GetCartAsync called with userId=503c59e6-3248-41ab-b86d-35a34eadc2c8
2026-08-15T12:57:17.398246808Z GetCartAsync called with userId=bfc202a9-206c-45fc-85e1-bb5fc4c56ed0
2026-08-15T12:57:17.414467817Z AddItemAsync called with userId=bfc202a9-206c-45fc-85e1-bb5fc4c56ed0, productId=2ZYFJ3GM2N, quantity=1
2026-08-15T12:57:17.418504442Z GetCartAsync called with userId=bfc202a9-206c-45fc-85e1-bb5fc4c56ed0
2026-08-15T12:57:18.257945963Z GetCartAsync called with userId=fe551a84-c24b-4719-a509-b9e5fdf64e37
2026-08-15T12:57:18.351968867Z GetCartAsync called with userId=1a78ea5e-f3eb-4fc8-b79b-d8ffed14c071
2026-08-15T12:57:18.367436496Z AddItemAsync called with userId=1a78ea5e-f3eb-4fc8-b79b-d8ffed14c071, productId=6E92ZMYYFZ, quantity=7
2026-08-15T12:57:18.371668042Z GetCartAsync called with userId=1a78ea5e-f3eb-4fc8-b79b-d8ffed14c071
2026-08-15T12:57:18.436225042Z GetCartAsync called with userId=1a78ea5e-f3eb-4fc8-b79b-d8ffed14c071
2026-08-15T12:57:18.449655657Z EmptyCartAsync called with userId=1a78ea5e-f3eb-4fc8-b79b-d8ffed14c071
2026-08-15T12:57:19.074719097Z GetCartAsync called with userId=40e41bab-7ac7-4eb1-9d5c-3bd1e797c094
2026-08-15T12:57:19.106221815Z GetCartAsync called with userId=b7346bb4-8dd0-4f04-a092-01bc982d095c
2026-08-15T12:57:20.067103828Z GetCartAsync called with userId=a3e940e3-04a9-4123-b8ae-9b66e1087df3
2026-08-15T12:57:21.155718896Z GetCartAsync called with userId=503c59e6-3248-41ab-b86d-35a34eadc2c8
2026-08-15T12:57:21.188939895Z GetCartAsync called with userId=adb034c7-2a87-4c97-ba43-226f28dee2e6
2026-08-15T12:57:21.381871817Z GetCartAsync called with userId=2a3f6416-cbe5-4f35-a5b3-b222c38dd6b1
2026-08-15T12:57:21.902824068Z GetCartAsync called with userId=a3e940e3-04a9-4123-b8ae-9b66e1087df3
2026-08-15T12:57:21.972464382Z GetCartAsync called with userId=9acecf4b-1a54-469f-a88c-1831fc170649
2026-08-15T12:57:22.047579945Z GetCartAsync called with userId=40e41bab-7ac7-4eb1-9d5c-3bd1e797c094
2026-08-15T12:57:22.651208273Z GetCartAsync called with userId=75fb99d4-1648-4332-8535-ad4aaffa2159
2026-08-15T12:57:23.132489662Z GetCartAsync called with userId=adb034c7-2a87-4c97-ba43-226f28dee2e6
2026-08-15T12:57:23.790110421Z GetCartAsync called with userId=9acecf4b-1a54-469f-a88c-1831fc170649
2026-08-15T12:57:23.807367737Z Checking CartService Health
2026-08-15T12:57:24.210371903Z GetCartAsync called with userId=be3bdda6-898f-4a6c-a1cb-3ded9cc31c28
2026-08-15T12:57:24.746262573Z GetCartAsync called with userId=dbc81ea5-5531-4605-9216-4c4255eaf706
2026-08-15T12:57:24.819198458Z GetCartAsync called with userId=b6862a64-9aa0-43ed-925f-989df9463214
2026-08-15T12:57:26.124981598Z GetCartAsync called with userId=1a78ea5e-f3eb-4fc8-b79b-d8ffed14c071
2026-08-15T12:57:26.139610898Z Checking CartService Health
2026-08-15T12:57:26.997738808Z GetCartAsync called with userId=fe551a84-c24b-4719-a509-b9e5fdf64e37
2026-08-15T12:57:27.387263412Z GetCartAsync called with userId=bfc202a9-206c-45fc-85e1-bb5fc4c56ed0
2026-08-15T12:57:27.459689255Z GetCartAsync called with userId=75fb99d4-1648-4332-8535-ad4aaffa2159
2026-08-15T12:57:27.611567817Z GetCartAsync called with userId=b7346bb4-8dd0-4f04-a092-01bc982d095c
2026-08-15T12:57:28.763142704Z GetCartAsync called with userId=a3e940e3-04a9-4123-b8ae-9b66e1087df3
2026-08-15T12:57:29.365092694Z GetCartAsync called with userId=2a3f6416-cbe5-4f35-a5b3-b222c38dd6b1
2026-08-15T12:57:29.425789975Z GetCartAsync called with userId=75fb99d4-1648-4332-8535-ad4aaffa2159
2026-08-15T12:57:29.486933692Z GetCartAsync called with userId=7c83c8f1-08fe-4458-a9a9-0c772a23d674
2026-08-15T12:57:30.130948153Z GetCartAsync called with userId=b7346bb4-8dd0-4f04-a092-01bc982d095c
2026-08-15T12:57:30.659159450Z GetCartAsync called with userId=fe551a84-c24b-4719-a509-b9e5fdf64e37
2026-08-15T12:57:30.865956294Z GetCartAsync called with userId=503c59e6-3248-41ab-b86d-35a34eadc2c8
2026-08-15T12:57:30.876703583Z AddItemAsync called with userId=503c59e6-3248-41ab-b86d-35a34eadc2c8, productId=6E92ZMYYFZ, quantity=2
2026-08-15T12:57:30.879834300Z GetCartAsync called with userId=503c59e6-3248-41ab-b86d-35a34eadc2c8
2026-08-15T12:57:30.914141075Z GetCartAsync called with userId=9acecf4b-1a54-469f-a88c-1831fc170649
2026-08-15T12:57:31.381526711Z GetCartAsync called with userId=be3bdda6-898f-4a6c-a1cb-3ded9cc31c28
2026-08-15T12:57:31.393112785Z AddItemAsync called with userId=be3bdda6-898f-4a6c-a1cb-3ded9cc31c28, productId=2ZYFJ3GM2N, quantity=3
2026-08-15T12:57:31.397268605Z GetCartAsync called with userId=be3bdda6-898f-4a6c-a1cb-3ded9cc31c28
2026-08-15T12:57:32.065641198Z GetCartAsync called with userId=1a78ea5e-f3eb-4fc8-b79b-d8ffed14c071
2026-08-15T12:57:32.076495997Z AddItemAsync called with userId=1a78ea5e-f3eb-4fc8-b79b-d8ffed14c071, productId=OLJCESPC7Z, quantity=10
2026-08-15T12:57:32.079841236Z GetCartAsync called with userId=1a78ea5e-f3eb-4fc8-b79b-d8ffed14c071
2026-08-15T12:57:32.184133099Z GetCartAsync called with userId=fe551a84-c24b-4719-a509-b9e5fdf64e37
2026-08-15T12:57:32.718833853Z GetCartAsync called with userId=adb034c7-2a87-4c97-ba43-226f28dee2e6
2026-08-15T12:57:32.972833978Z GetCartAsync called with userId=2a3f6416-cbe5-4f35-a5b3-b222c38dd6b1
2026-08-15T12:57:32.984215231Z AddItemAsync called with userId=2a3f6416-cbe5-4f35-a5b3-b222c38dd6b1, productId=6E92ZMYYFZ, quantity=5
2026-08-15T12:57:32.988475562Z GetCartAsync called with userId=2a3f6416-cbe5-4f35-a5b3-b222c38dd6b1
2026-08-15T12:57:33.002419074Z GetCartAsync called with userId=dbc81ea5-5531-4605-9216-4c4255eaf706
2026-08-15T12:57:33.155096437Z GetCartAsync called with userId=40e41bab-7ac7-4eb1-9d5c-3bd1e797c094
2026-08-15T12:57:33.803792137Z Checking CartService Health
2026-08-15T12:57:33.856612186Z GetCartAsync called with userId=bfc202a9-206c-45fc-85e1-bb5fc4c56ed0
2026-08-15T12:57:33.951513098Z GetCartAsync called with userId=503c59e6-3248-41ab-b86d-35a34eadc2c8
2026-08-15T12:57:34.720275558Z GetCartAsync called with userId=be3bdda6-898f-4a6c-a1cb-3ded9cc31c28
2026-08-15T12:57:34.730595903Z AddItemAsync called with userId=be3bdda6-898f-4a6c-a1cb-3ded9cc31c28, productId=LS4PSXUNUM, quantity=9
2026-08-15T12:57:34.733801828Z GetCartAsync called with userId=be3bdda6-898f-4a6c-a1cb-3ded9cc31c28
2026-08-15T12:57:34.747682133Z GetCartAsync called with userId=be3bdda6-898f-4a6c-a1cb-3ded9cc31c28
2026-08-15T12:57:34.756380514Z EmptyCartAsync called with userId=be3bdda6-898f-4a6c-a1cb-3ded9cc31c28
2026-08-15T12:57:35.073170799Z GetCartAsync called with userId=adb034c7-2a87-4c97-ba43-226f28dee2e6
2026-08-15T12:57:36.137176861Z Checking CartService Health
2026-08-15T12:57:36.140333680Z GetCartAsync called with userId=75fb99d4-1648-4332-8535-ad4aaffa2159
2026-08-15T12:57:36.466911756Z GetCartAsync called with userId=a3e940e3-04a9-4123-b8ae-9b66e1087df3
2026-08-15T12:57:37.044411145Z GetCartAsync called with userId=bfc202a9-206c-45fc-85e1-bb5fc4c56ed0
2026-08-15T12:57:37.475553711Z GetCartAsync called with userId=40e41bab-7ac7-4eb1-9d5c-3bd1e797c094
2026-08-15T12:57:37.966454445Z GetCartAsync called with userId=b7346bb4-8dd0-4f04-a092-01bc982d095c
2026-08-15T12:57:38.253910803Z GetCartAsync called with userId=b6862a64-9aa0-43ed-925f-989df9463214
2026-08-15T12:57:38.285006690Z GetCartAsync called with userId=9acecf4b-1a54-469f-a88c-1831fc170649
2026-08-15T12:57:38.323402225Z GetCartAsync called with userId=2a3f6416-cbe5-4f35-a5b3-b222c38dd6b1
2026-08-15T12:57:38.439240796Z GetCartAsync called with userId=dbc81ea5-5531-4605-9216-4c4255eaf706
2026-08-15T12:57:38.704315361Z GetCartAsync called with userId=be3bdda6-898f-4a6c-a1cb-3ded9cc31c28
2026-08-15T12:57:38.715891847Z GetCartAsync called with userId=7c83c8f1-08fe-4458-a9a9-0c772a23d674
2026-08-15T12:57:38.850426635Z GetCartAsync called with userId=bfc202a9-206c-45fc-85e1-bb5fc4c56ed0
2026-08-15T12:57:38.925237401Z GetCartAsync called with userId=adb034c7-2a87-4c97-ba43-226f28dee2e6
2026-08-15T12:57:40.711733782Z GetCartAsync called with userId=fe551a84-c24b-4719-a509-b9e5fdf64e37
2026-08-15T12:57:41.223562535Z GetCartAsync called with userId=1a78ea5e-f3eb-4fc8-b79b-d8ffed14c071
2026-08-15T12:57:41.304937374Z GetCartAsync called with userId=b6862a64-9aa0-43ed-925f-989df9463214
2026-08-15T12:57:41.475705174Z GetCartAsync called with userId=75fb99d4-1648-4332-8535-ad4aaffa2159
2026-08-15T12:57:41.616665820Z GetCartAsync called with userId=503c59e6-3248-41ab-b86d-35a34eadc2c8
2026-08-15T12:57:41.743429711Z GetCartAsync called with userId=be3bdda6-898f-4a6c-a1cb-3ded9cc31c28
2026-08-15T12:57:42.287201637Z GetCartAsync called with userId=2a3f6416-cbe5-4f35-a5b3-b222c38dd6b1
2026-08-15T12:57:43.206394636Z GetCartAsync called with userId=be3bdda6-898f-4a6c-a1cb-3ded9cc31c28
2026-08-15T12:57:43.265794823Z GetCartAsync called with userId=b7346bb4-8dd0-4f04-a092-01bc982d095c
2026-08-15T12:57:43.354690533Z GetCartAsync called with userId=adb034c7-2a87-4c97-ba43-226f28dee2e6
2026-08-15T12:57:43.804808162Z Checking CartService Health
2026-08-15T12:57:44.409138894Z GetCartAsync called with userId=9acecf4b-1a54-469f-a88c-1831fc170649
2026-08-15T12:57:44.850651540Z GetCartAsync called with userId=fe551a84-c24b-4719-a509-b9e5fdf64e37
2026-08-15T12:57:44.863653472Z AddItemAsync called with userId=fe551a84-c24b-4719-a509-b9e5fdf64e37, productId=OLJCESPC7Z, quantity=8
2026-08-15T12:57:44.867915009Z GetCartAsync called with userId=fe551a84-c24b-4719-a509-b9e5fdf64e37
2026-08-15T12:57:44.880336682Z GetCartAsync called with userId=fe551a84-c24b-4719-a509-b9e5fdf64e37
2026-08-15T12:57:44.887291895Z EmptyCartAsync called with userId=fe551a84-c24b-4719-a509-b9e5fdf64e37
2026-08-15T12:57:45.277279561Z GetCartAsync called with userId=bfc202a9-206c-45fc-85e1-bb5fc4c56ed0
2026-08-15T12:57:45.442316674Z GetCartAsync called with userId=b6862a64-9aa0-43ed-925f-989df9463214
2026-08-15T12:57:45.463549750Z GetCartAsync called with userId=a3e940e3-04a9-4123-b8ae-9b66e1087df3
2026-08-15T12:57:45.482924536Z GetCartAsync called with userId=503c59e6-3248-41ab-b86d-35a34eadc2c8
2026-08-15T12:57:45.947792702Z GetCartAsync called with userId=40e41bab-7ac7-4eb1-9d5c-3bd1e797c094
2026-08-15T12:57:46.137196605Z Checking CartService Health
2026-08-15T12:57:46.648455039Z GetCartAsync called with userId=2a3f6416-cbe5-4f35-a5b3-b222c38dd6b1
2026-08-15T12:57:46.680172755Z GetCartAsync called with userId=be3bdda6-898f-4a6c-a1cb-3ded9cc31c28
2026-08-15T12:57:47.464277453Z GetCartAsync called with userId=a3e940e3-04a9-4123-b8ae-9b66e1087df3
2026-08-15T12:57:47.650346617Z GetCartAsync called with userId=b6862a64-9aa0-43ed-925f-989df9463214
2026-08-15T12:57:48.967827992Z GetCartAsync called with userId=503c59e6-3248-41ab-b86d-35a34eadc2c8
2026-08-15T12:57:49.068905040Z GetCartAsync called with userId=9acecf4b-1a54-469f-a88c-1831fc170649
2026-08-15T12:57:49.938031757Z GetCartAsync called with userId=dbc81ea5-5531-4605-9216-4c4255eaf706
2026-08-15T12:57:50.016207683Z GetCartAsync called with userId=7c83c8f1-08fe-4458-a9a9-0c772a23d674
2026-08-15T12:57:50.047620168Z GetCartAsync called with userId=be3bdda6-898f-4a6c-a1cb-3ded9cc31c28
2026-08-15T12:57:50.099957775Z GetCartAsync called with userId=2a3f6416-cbe5-4f35-a5b3-b222c38dd6b1
2026-08-15T12:57:50.325400431Z GetCartAsync called with userId=1a78ea5e-f3eb-4fc8-b79b-d8ffed14c071
2026-08-15T12:57:51.241764938Z GetCartAsync called with userId=40e41bab-7ac7-4eb1-9d5c-3bd1e797c094
2026-08-15T12:57:51.986025696Z GetCartAsync called with userId=bfc202a9-206c-45fc-85e1-bb5fc4c56ed0
2026-08-15T12:57:52.271027791Z GetCartAsync called with userId=b7346bb4-8dd0-4f04-a092-01bc982d095c
2026-08-15T12:57:52.677549007Z GetCartAsync called with userId=adb034c7-2a87-4c97-ba43-226f28dee2e6
2026-08-15T12:57:53.253379588Z GetCartAsync called with userId=503c59e6-3248-41ab-b86d-35a34eadc2c8
2026-08-15T12:57:53.804514066Z Checking CartService Health
2026-08-15T12:57:54.304624809Z GetCartAsync called with userId=fe551a84-c24b-4719-a509-b9e5fdf64e37
2026-08-15T12:57:54.560388775Z GetCartAsync called with userId=b6862a64-9aa0-43ed-925f-989df9463214
2026-08-15T12:57:54.576278095Z GetCartAsync called with userId=75fb99d4-1648-4332-8535-ad4aaffa2159
2026-08-15T12:57:54.858255768Z GetCartAsync called with userId=a3e940e3-04a9-4123-b8ae-9b66e1087df3
2026-08-15T12:57:54.870091700Z AddItemAsync called with userId=a3e940e3-04a9-4123-b8ae-9b66e1087df3, productId=6E92ZMYYFZ, quantity=6
2026-08-15T12:57:54.873721047Z GetCartAsync called with userId=a3e940e3-04a9-4123-b8ae-9b66e1087df3
2026-08-15T12:57:55.471855263Z GetCartAsync called with userId=2a3f6416-cbe5-4f35-a5b3-b222c38dd6b1
2026-08-15T12:57:55.482390571Z AddItemAsync called with userId=2a3f6416-cbe5-4f35-a5b3-b222c38dd6b1, productId=0PUK6V6EV0, quantity=2
2026-08-15T12:57:55.486397355Z GetCartAsync called with userId=2a3f6416-cbe5-4f35-a5b3-b222c38dd6b1
2026-08-15T12:57:55.944028730Z GetCartAsync called with userId=b7346bb4-8dd0-4f04-a092-01bc982d095c
2026-08-15T12:57:56.138033088Z Checking CartService Health
2026-08-15T12:57:56.650425303Z GetCartAsync called with userId=bfc202a9-206c-45fc-85e1-bb5fc4c56ed0
2026-08-15T12:57:57.113185421Z GetCartAsync called with userId=dbc81ea5-5531-4605-9216-4c4255eaf706
2026-08-15T12:57:57.170959847Z GetCartAsync called with userId=7c83c8f1-08fe-4458-a9a9-0c772a23d674
2026-08-15T12:57:57.674722836Z GetCartAsync called with userId=9acecf4b-1a54-469f-a88c-1831fc170649
2026-08-15T12:57:57.687543162Z AddItemAsync called with userId=9acecf4b-1a54-469f-a88c-1831fc170649, productId=9SIQT8TOJO, quantity=8
2026-08-15T12:57:57.691184611Z GetCartAsync called with userId=9acecf4b-1a54-469f-a88c-1831fc170649
2026-08-15T12:57:57.705385769Z GetCartAsync called with userId=9acecf4b-1a54-469f-a88c-1831fc170649
2026-08-15T12:57:57.713690364Z EmptyCartAsync called with userId=9acecf4b-1a54-469f-a88c-1831fc170649
2026-08-15T12:57:59.295394166Z GetCartAsync called with userId=be3bdda6-898f-4a6c-a1cb-3ded9cc31c28
2026-08-15T12:57:59.333416903Z GetCartAsync called with userId=1a78ea5e-f3eb-4fc8-b79b-d8ffed14c071
2026-08-15T12:57:59.562642530Z GetCartAsync called with userId=a3e940e3-04a9-4123-b8ae-9b66e1087df3
2026-08-15T12:57:59.895621182Z GetCartAsync called with userId=40e41bab-7ac7-4eb1-9d5c-3bd1e797c094
2026-08-15T12:58:00.623853243Z GetCartAsync called with userId=7c83c8f1-08fe-4458-a9a9-0c772a23d674
2026-08-15T12:58:00.733958075Z GetCartAsync called with userId=2a3f6416-cbe5-4f35-a5b3-b222c38dd6b1
2026-08-15T12:58:00.744602293Z AddItemAsync called with userId=2a3f6416-cbe5-4f35-a5b3-b222c38dd6b1, productId=L9ECAV7KIM, quantity=7
2026-08-15T12:58:00.747855005Z GetCartAsync called with userId=2a3f6416-cbe5-4f35-a5b3-b222c38dd6b1
2026-08-15T12:58:01.031850471Z GetCartAsync called with userId=75fb99d4-1648-4332-8535-ad4aaffa2159
2026-08-15T12:58:02.037984972Z GetCartAsync called with userId=fe551a84-c24b-4719-a509-b9e5fdf64e37
2026-08-15T12:58:02.648452145Z GetCartAsync called with userId=b6862a64-9aa0-43ed-925f-989df9463214
2026-08-15T12:58:02.835213021Z GetCartAsync called with userId=503c59e6-3248-41ab-b86d-35a34eadc2c8
2026-08-15T12:58:02.899322366Z GetCartAsync called with userId=dbc81ea5-5531-4605-9216-4c4255eaf706
2026-08-15T12:58:03.196484841Z GetCartAsync called with userId=adb034c7-2a87-4c97-ba43-226f28dee2e6
2026-08-15T12:58:03.296470993Z GetCartAsync called with userId=b7346bb4-8dd0-4f04-a092-01bc982d095c
2026-08-15T12:58:03.802052521Z Checking CartService Health
2026-08-15T12:58:04.323491044Z GetCartAsync called with userId=9acecf4b-1a54-469f-a88c-1831fc170649
2026-08-15T12:58:04.350956205Z GetCartAsync called with userId=fe551a84-c24b-4719-a509-b9e5fdf64e37
2026-08-15T12:58:04.974765519Z GetCartAsync called with userId=bfc202a9-206c-45fc-85e1-bb5fc4c56ed0
2026-08-15T12:58:04.993120064Z GetCartAsync called with userId=2a3f6416-cbe5-4f35-a5b3-b222c38dd6b1
2026-08-15T12:58:06.134593321Z Checking CartService Health
2026-08-15T12:58:06.825999731Z GetCartAsync called with userId=40e41bab-7ac7-4eb1-9d5c-3bd1e797c094
2026-08-15T12:58:07.337742779Z GetCartAsync called with userId=1a78ea5e-f3eb-4fc8-b79b-d8ffed14c071
2026-08-15T12:58:08.384601224Z GetCartAsync called with userId=fe551a84-c24b-4719-a509-b9e5fdf64e37
2026-08-15T12:58:08.494628786Z GetCartAsync called with userId=a3e940e3-04a9-4123-b8ae-9b66e1087df3
2026-08-15T12:58:08.534700614Z GetCartAsync called with userId=adb034c7-2a87-4c97-ba43-226f28dee2e6
2026-08-15T12:58:08.546326183Z AddItemAsync called with userId=adb034c7-2a87-4c97-ba43-226f28dee2e6, productId=1YMWWN1N4O, quantity=1
2026-08-15T12:58:08.549451197Z GetCartAsync called with userId=adb034c7-2a87-4c97-ba43-226f28dee2e6
2026-08-15T12:58:08.877947822Z GetCartAsync called with userId=be3bdda6-898f-4a6c-a1cb-3ded9cc31c28
2026-08-15T12:58:09.227737388Z GetCartAsync called with userId=75fb99d4-1648-4332-8535-ad4aaffa2159
2026-08-15T12:58:09.434663391Z GetCartAsync called with userId=1a78ea5e-f3eb-4fc8-b79b-d8ffed14c071
2026-08-15T12:58:09.615812503Z GetCartAsync called with userId=a3e940e3-04a9-4123-b8ae-9b66e1087df3
2026-08-15T12:58:09.636071740Z GetCartAsync called with userId=503c59e6-3248-41ab-b86d-35a34eadc2c8
2026-08-15T12:58:09.997644578Z GetCartAsync called with userId=b7346bb4-8dd0-4f04-a092-01bc982d095c
2026-08-15T12:58:11.684340306Z GetCartAsync called with userId=b6862a64-9aa0-43ed-925f-989df9463214
2026-08-15T12:58:11.784894420Z GetCartAsync called with userId=9acecf4b-1a54-469f-a88c-1831fc170649
2026-08-15T12:58:11.804481810Z GetCartAsync called with userId=40e41bab-7ac7-4eb1-9d5c-3bd1e797c094
2026-08-15T12:58:11.814699247Z AddItemAsync called with userId=40e41bab-7ac7-4eb1-9d5c-3bd1e797c094, productId=2ZYFJ3GM2N, quantity=3
2026-08-15T12:58:11.818001283Z GetCartAsync called with userId=40e41bab-7ac7-4eb1-9d5c-3bd1e797c094
2026-08-15T12:58:11.835196429Z GetCartAsync called with userId=1a78ea5e-f3eb-4fc8-b79b-d8ffed14c071
2026-08-15T12:58:11.871985866Z GetCartAsync called with userId=2a3f6416-cbe5-4f35-a5b3-b222c38dd6b1
2026-08-15T12:58:11.980415380Z GetCartAsync called with userId=dbc81ea5-5531-4605-9216-4c4255eaf706
2026-08-15T12:58:12.676139949Z GetCartAsync called with userId=bfc202a9-206c-45fc-85e1-bb5fc4c56ed0
2026-08-15T12:58:13.801674076Z Checking CartService Health
2026-08-15T12:58:14.370793185Z GetCartAsync called with userId=7c83c8f1-08fe-4458-a9a9-0c772a23d674
2026-08-15T12:58:14.829167445Z GetCartAsync called with userId=503c59e6-3248-41ab-b86d-35a34eadc2c8
2026-08-15T12:58:15.436248110Z GetCartAsync called with userId=adb034c7-2a87-4c97-ba43-226f28dee2e6
2026-08-15T12:58:15.641221830Z GetCartAsync called with userId=bfc202a9-206c-45fc-85e1-bb5fc4c56ed0
2026-08-15T12:58:15.915398980Z GetCartAsync called with userId=40e41bab-7ac7-4eb1-9d5c-3bd1e797c094
2026-08-15T12:58:16.133946779Z Checking CartService Health
2026-08-15T12:58:16.785293140Z GetCartAsync called with userId=be3bdda6-898f-4a6c-a1cb-3ded9cc31c28
2026-08-15T12:58:17.144476424Z GetCartAsync called with userId=adb034c7-2a87-4c97-ba43-226f28dee2e6
2026-08-15T12:58:17.269558330Z GetCartAsync called with userId=b7346bb4-8dd0-4f04-a092-01bc982d095c
2026-08-15T12:58:17.420885301Z GetCartAsync called with userId=75fb99d4-1648-4332-8535-ad4aaffa2159
2026-08-15T12:58:17.727704266Z GetCartAsync called with userId=bfc202a9-206c-45fc-85e1-bb5fc4c56ed0
2026-08-15T12:58:17.737487160Z GetCartAsync called with userId=fe551a84-c24b-4719-a509-b9e5fdf64e37
2026-08-15T12:58:17.738460359Z AddItemAsync called with userId=bfc202a9-206c-45fc-85e1-bb5fc4c56ed0, productId=2ZYFJ3GM2N, quantity=6
2026-08-15T12:58:17.742676087Z GetCartAsync called with userId=bfc202a9-206c-45fc-85e1-bb5fc4c56ed0
2026-08-15T12:58:18.062221626Z GetCartAsync called with userId=a3e940e3-04a9-4123-b8ae-9b66e1087df3
2026-08-15T12:58:18.201163220Z GetCartAsync called with userId=be3bdda6-898f-4a6c-a1cb-3ded9cc31c28
2026-08-15T12:58:18.260857733Z GetCartAsync called with userId=dbc81ea5-5531-4605-9216-4c4255eaf706
2026-08-15T12:58:18.485907601Z GetCartAsync called with userId=b7346bb4-8dd0-4f04-a092-01bc982d095c
2026-08-15T12:58:19.843111601Z GetCartAsync called with userId=1a78ea5e-f3eb-4fc8-b79b-d8ffed14c071
2026-08-15T12:58:20.033161244Z GetCartAsync called with userId=9acecf4b-1a54-469f-a88c-1831fc170649
2026-08-15T12:58:20.311713100Z GetCartAsync called with userId=adb034c7-2a87-4c97-ba43-226f28dee2e6
2026-08-15T12:58:20.721153040Z GetCartAsync called with userId=be3bdda6-898f-4a6c-a1cb-3ded9cc31c28
2026-08-15T12:58:20.935406120Z GetCartAsync called with userId=75fb99d4-1648-4332-8535-ad4aaffa2159
2026-08-15T12:58:21.531798690Z GetCartAsync called with userId=2a3f6416-cbe5-4f35-a5b3-b222c38dd6b1
2026-08-15T12:58:21.541642682Z AddItemAsync called with userId=2a3f6416-cbe5-4f35-a5b3-b222c38dd6b1, productId=0PUK6V6EV0, quantity=3
2026-08-15T12:58:21.544881908Z GetCartAsync called with userId=2a3f6416-cbe5-4f35-a5b3-b222c38dd6b1
2026-08-15T12:58:21.976613993Z GetCartAsync called with userId=40e41bab-7ac7-4eb1-9d5c-3bd1e797c094
2026-08-15T12:58:22.062410135Z GetCartAsync called with userId=503c59e6-3248-41ab-b86d-35a34eadc2c8
2026-08-15T12:58:22.498283137Z GetCartAsync called with userId=b6862a64-9aa0-43ed-925f-989df9463214
2026-08-15T12:58:23.189977506Z GetCartAsync called with userId=1a78ea5e-f3eb-4fc8-b79b-d8ffed14c071
2026-08-15T12:58:23.801784029Z Checking CartService Health
2026-08-15T12:58:23.807117666Z GetCartAsync called with userId=7c83c8f1-08fe-4458-a9a9-0c772a23d674
2026-08-15T12:58:24.029105125Z GetCartAsync called with userId=be3bdda6-898f-4a6c-a1cb-3ded9cc31c28
2026-08-15T12:58:24.460507177Z GetCartAsync called with userId=75fb99d4-1648-4332-8535-ad4aaffa2159
2026-08-15T12:58:24.494216672Z GetCartAsync called with userId=bfc202a9-206c-45fc-85e1-bb5fc4c56ed0
2026-08-15T12:58:24.575303240Z GetCartAsync called with userId=adb034c7-2a87-4c97-ba43-226f28dee2e6
2026-08-15T12:58:25.566588684Z GetCartAsync called with userId=7c83c8f1-08fe-4458-a9a9-0c772a23d674
2026-08-15T12:58:25.686496362Z GetCartAsync called with userId=fe551a84-c24b-4719-a509-b9e5fdf64e37
2026-08-15T12:58:26.134340456Z Checking CartService Health
2026-08-15T12:58:26.301418413Z GetCartAsync called with userId=a3e940e3-04a9-4123-b8ae-9b66e1087df3
2026-08-15T12:58:26.553372877Z GetCartAsync called with userId=dbc81ea5-5531-4605-9216-4c4255eaf706
2026-08-15T12:58:26.853466496Z GetCartAsync called with userId=b7346bb4-8dd0-4f04-a092-01bc982d095c
2026-08-15T12:58:27.245235340Z GetCartAsync called with userId=7c83c8f1-08fe-4458-a9a9-0c772a23d674
2026-08-15T12:58:27.370071712Z GetCartAsync called with userId=b6862a64-9aa0-43ed-925f-989df9463214
2026-08-15T12:58:27.912545569Z GetCartAsync called with userId=503c59e6-3248-41ab-b86d-35a34eadc2c8
2026-08-15T12:58:27.952217105Z GetCartAsync called with userId=fe551a84-c24b-4719-a509-b9e5fdf64e37
2026-08-15T12:58:28.069262323Z GetCartAsync called with userId=9acecf4b-1a54-469f-a88c-1831fc170649
2026-08-15T12:58:29.184870903Z GetCartAsync called with userId=1a78ea5e-f3eb-4fc8-b79b-d8ffed14c071
2026-08-15T12:58:29.260142381Z GetCartAsync called with userId=bfc202a9-206c-45fc-85e1-bb5fc4c56ed0
2026-08-15T12:58:29.550516860Z GetCartAsync called with userId=9acecf4b-1a54-469f-a88c-1831fc170649
2026-08-15T12:58:29.560974872Z AddItemAsync called with userId=9acecf4b-1a54-469f-a88c-1831fc170649, productId=66VCHSJNUP, quantity=4
2026-08-15T12:58:29.564167480Z GetCartAsync called with userId=9acecf4b-1a54-469f-a88c-1831fc170649
2026-08-15T12:58:29.575987323Z GetCartAsync called with userId=9acecf4b-1a54-469f-a88c-1831fc170649
2026-08-15T12:58:29.582905492Z EmptyCartAsync called with userId=9acecf4b-1a54-469f-a88c-1831fc170649
2026-08-15T12:58:30.244251345Z GetCartAsync called with userId=dbc81ea5-5531-4605-9216-4c4255eaf706
2026-08-15T12:58:30.275579274Z GetCartAsync called with userId=40e41bab-7ac7-4eb1-9d5c-3bd1e797c094
2026-08-15T12:58:30.545782203Z GetCartAsync called with userId=a3e940e3-04a9-4123-b8ae-9b66e1087df3
2026-08-15T12:58:30.555887680Z AddItemAsync called with userId=a3e940e3-04a9-4123-b8ae-9b66e1087df3, productId=6E92ZMYYFZ, quantity=1
2026-08-15T12:58:30.558995980Z GetCartAsync called with userId=a3e940e3-04a9-4123-b8ae-9b66e1087df3
2026-08-15T12:58:30.569819827Z GetCartAsync called with userId=a3e940e3-04a9-4123-b8ae-9b66e1087df3
2026-08-15T12:58:30.576814003Z EmptyCartAsync called with userId=a3e940e3-04a9-4123-b8ae-9b66e1087df3
2026-08-15T12:58:31.142776132Z GetCartAsync called with userId=2a3f6416-cbe5-4f35-a5b3-b222c38dd6b1
2026-08-15T12:58:31.153620381Z AddItemAsync called with userId=2a3f6416-cbe5-4f35-a5b3-b222c38dd6b1, productId=L9ECAV7KIM, quantity=8
2026-08-15T12:58:31.156960003Z GetCartAsync called with userId=2a3f6416-cbe5-4f35-a5b3-b222c38dd6b1
2026-08-15T12:58:31.170481411Z GetCartAsync called with userId=2a3f6416-cbe5-4f35-a5b3-b222c38dd6b1
2026-08-15T12:58:31.178941429Z EmptyCartAsync called with userId=2a3f6416-cbe5-4f35-a5b3-b222c38dd6b1
2026-08-15T12:58:31.643358738Z GetCartAsync called with userId=adb034c7-2a87-4c97-ba43-226f28dee2e6
2026-08-15T12:58:31.690313179Z GetCartAsync called with userId=9acecf4b-1a54-469f-a88c-1831fc170649
2026-08-15T12:58:31.700990511Z AddItemAsync called with userId=9acecf4b-1a54-469f-a88c-1831fc170649, productId=6E92ZMYYFZ, quantity=7
2026-08-15T12:58:31.704305932Z GetCartAsync called with userId=9acecf4b-1a54-469f-a88c-1831fc170649
2026-08-15T12:58:32.295097761Z GetCartAsync called with userId=b7346bb4-8dd0-4f04-a092-01bc982d095c
2026-08-15T12:58:32.493075506Z GetCartAsync called with userId=40e41bab-7ac7-4eb1-9d5c-3bd1e797c094
2026-08-15T12:58:32.503722735Z AddItemAsync called with userId=40e41bab-7ac7-4eb1-9d5c-3bd1e797c094, productId=0PUK6V6EV0, quantity=8
2026-08-15T12:58:32.507521803Z GetCartAsync called with userId=40e41bab-7ac7-4eb1-9d5c-3bd1e797c094
2026-08-15T12:58:32.529149294Z GetCartAsync called with userId=2a3f6416-cbe5-4f35-a5b3-b222c38dd6b1
2026-08-15T12:58:32.888619855Z GetCartAsync called with userId=7c83c8f1-08fe-4458-a9a9-0c772a23d674
2026-08-15T12:58:33.404303322Z GetCartAsync called with userId=a3e940e3-04a9-4123-b8ae-9b66e1087df3
2026-08-15T12:58:33.802308109Z Checking CartService Health
2026-08-15T12:58:34.502198870Z GetCartAsync called with userId=fe551a84-c24b-4719-a509-b9e5fdf64e37
2026-08-15T12:58:34.515665234Z AddItemAsync called with userId=fe551a84-c24b-4719-a509-b9e5fdf64e37, productId=66VCHSJNUP, quantity=3
2026-08-15T12:58:34.519881661Z GetCartAsync called with userId=fe551a84-c24b-4719-a509-b9e5fdf64e37
2026-08-15T12:58:34.732326385Z GetCartAsync called with userId=b6862a64-9aa0-43ed-925f-989df9463214
2026-08-15T12:58:34.747738947Z GetCartAsync called with userId=7c83c8f1-08fe-4458-a9a9-0c772a23d674
2026-08-15T12:58:35.451120311Z GetCartAsync called with userId=40e41bab-7ac7-4eb1-9d5c-3bd1e797c094
2026-08-15T12:58:35.460900002Z AddItemAsync called with userId=40e41bab-7ac7-4eb1-9d5c-3bd1e797c094, productId=1YMWWN1N4O, quantity=6
2026-08-15T12:58:35.464198736Z GetCartAsync called with userId=40e41bab-7ac7-4eb1-9d5c-3bd1e797c094
2026-08-15T12:58:35.478817917Z GetCartAsync called with userId=40e41bab-7ac7-4eb1-9d5c-3bd1e797c094
2026-08-15T12:58:35.489593109Z EmptyCartAsync called with userId=40e41bab-7ac7-4eb1-9d5c-3bd1e797c094
2026-08-15T12:58:35.838036511Z GetCartAsync called with userId=be3bdda6-898f-4a6c-a1cb-3ded9cc31c28
2026-08-15T12:58:36.131338528Z Checking CartService Health
2026-08-15T12:58:36.303208641Z GetCartAsync called with userId=9acecf4b-1a54-469f-a88c-1831fc170649
2026-08-15T12:58:36.509924484Z GetCartAsync called with userId=75fb99d4-1648-4332-8535-ad4aaffa2159
2026-08-15T12:58:37.182675945Z GetCartAsync called with userId=adb034c7-2a87-4c97-ba43-226f28dee2e6
2026-08-15T12:58:37.197837281Z AddItemAsync called with userId=adb034c7-2a87-4c97-ba43-226f28dee2e6, productId=L9ECAV7KIM, quantity=2
2026-08-15T12:58:37.202743178Z GetCartAsync called with userId=adb034c7-2a87-4c97-ba43-226f28dee2e6
2026-08-15T12:58:37.205498057Z GetCartAsync called with userId=dbc81ea5-5531-4605-9216-4c4255eaf706
2026-08-15T12:58:37.264650350Z GetCartAsync called with userId=adb034c7-2a87-4c97-ba43-226f28dee2e6
2026-08-15T12:58:37.275323832Z EmptyCartAsync called with userId=adb034c7-2a87-4c97-ba43-226f28dee2e6
2026-08-15T12:58:37.373761805Z GetCartAsync called with userId=503c59e6-3248-41ab-b86d-35a34eadc2c8
2026-08-15T12:58:37.704808745Z GetCartAsync called with userId=9acecf4b-1a54-469f-a88c-1831fc170649
2026-08-15T12:58:37.858145681Z GetCartAsync called with userId=7c83c8f1-08fe-4458-a9a9-0c772a23d674
2026-08-15T12:58:37.957673565Z GetCartAsync called with userId=bfc202a9-206c-45fc-85e1-bb5fc4c56ed0
2026-08-15T12:58:37.968673279Z AddItemAsync called with userId=bfc202a9-206c-45fc-85e1-bb5fc4c56ed0, productId=OLJCESPC7Z, quantity=5
2026-08-15T12:58:37.973392357Z GetCartAsync called with userId=bfc202a9-206c-45fc-85e1-bb5fc4c56ed0
2026-08-15T12:58:37.987795316Z GetCartAsync called with userId=bfc202a9-206c-45fc-85e1-bb5fc4c56ed0
2026-08-15T12:58:37.996281576Z EmptyCartAsync called with userId=bfc202a9-206c-45fc-85e1-bb5fc4c56ed0
2026-08-15T12:58:38.108844881Z GetCartAsync called with userId=75fb99d4-1648-4332-8535-ad4aaffa2159
2026-08-15T12:58:38.344623369Z GetCartAsync called with userId=b7346bb4-8dd0-4f04-a092-01bc982d095c
2026-08-15T12:58:38.355298750Z AddItemAsync called with userId=b7346bb4-8dd0-4f04-a092-01bc982d095c, productId=1YMWWN1N4O, quantity=1
2026-08-15T12:58:38.358380563Z GetCartAsync called with userId=b7346bb4-8dd0-4f04-a092-01bc982d095c
2026-08-15T12:58:38.370011641Z GetCartAsync called with userId=b7346bb4-8dd0-4f04-a092-01bc982d095c
2026-08-15T12:58:38.379254977Z EmptyCartAsync called with userId=b7346bb4-8dd0-4f04-a092-01bc982d095c
2026-08-15T12:58:38.807584674Z GetCartAsync called with userId=1a78ea5e-f3eb-4fc8-b79b-d8ffed14c071
2026-08-15T12:58:38.866190912Z GetCartAsync called with userId=a3e940e3-04a9-4123-b8ae-9b66e1087df3
2026-08-15T12:58:38.877822590Z GetCartAsync called with userId=9acecf4b-1a54-469f-a88c-1831fc170649
2026-08-15T12:58:39.210948741Z GetCartAsync called with userId=b6862a64-9aa0-43ed-925f-989df9463214
2026-08-15T12:58:40.299886768Z GetCartAsync called with userId=b7346bb4-8dd0-4f04-a092-01bc982d095c
2026-08-15T12:58:40.699208026Z GetCartAsync called with userId=adb034c7-2a87-4c97-ba43-226f28dee2e6
2026-08-15T12:58:40.892427402Z GetCartAsync called with userId=fe551a84-c24b-4719-a509-b9e5fdf64e37
2026-08-15T12:58:40.961798030Z GetCartAsync called with userId=2a3f6416-cbe5-4f35-a5b3-b222c38dd6b1
2026-08-15T12:58:41.775460167Z GetCartAsync called with userId=9acecf4b-1a54-469f-a88c-1831fc170649
2026-08-15T12:58:41.939662003Z GetCartAsync called with userId=fe551a84-c24b-4719-a509-b9e5fdf64e37
2026-08-15T12:58:42.527659779Z GetCartAsync called with userId=bfc202a9-206c-45fc-85e1-bb5fc4c56ed0
2026-08-15T12:58:42.537834199Z AddItemAsync called with userId=bfc202a9-206c-45fc-85e1-bb5fc4c56ed0, productId=9SIQT8TOJO, quantity=6
2026-08-15T12:58:42.540833500Z GetCartAsync called with userId=bfc202a9-206c-45fc-85e1-bb5fc4c56ed0
2026-08-15T12:58:43.211778479Z GetCartAsync called with userId=a3e940e3-04a9-4123-b8ae-9b66e1087df3
2026-08-15T12:58:43.798089170Z Checking CartService Health
2026-08-15T12:58:44.035956623Z GetCartAsync called with userId=40e41bab-7ac7-4eb1-9d5c-3bd1e797c094
2026-08-15T12:58:44.535364600Z GetCartAsync called with userId=be3bdda6-898f-4a6c-a1cb-3ded9cc31c28
2026-08-15T12:58:45.223223075Z GetCartAsync called with userId=2a3f6416-cbe5-4f35-a5b3-b222c38dd6b1
2026-08-15T12:58:45.328715653Z GetCartAsync called with userId=b7346bb4-8dd0-4f04-a092-01bc982d095c
2026-08-15T12:58:45.845020325Z GetCartAsync called with userId=dbc81ea5-5531-4605-9216-4c4255eaf706
2026-08-15T12:58:46.028582532Z GetCartAsync called with userId=7c83c8f1-08fe-4458-a9a9-0c772a23d674
2026-08-15T12:58:46.131370639Z Checking CartService Health
2026-08-15T12:58:46.241310763Z GetCartAsync called with userId=75fb99d4-1648-4332-8535-ad4aaffa2159
2026-08-15T12:58:47.034870437Z GetCartAsync called with userId=503c59e6-3248-41ab-b86d-35a34eadc2c8
2026-08-15T12:58:47.678770603Z GetCartAsync called with userId=75fb99d4-1648-4332-8535-ad4aaffa2159
2026-08-15T12:58:48.100083250Z GetCartAsync called with userId=9acecf4b-1a54-469f-a88c-1831fc170649
2026-08-15T12:58:48.101937136Z GetCartAsync called with userId=be3bdda6-898f-4a6c-a1cb-3ded9cc31c28
2026-08-15T12:58:48.218691444Z GetCartAsync called with userId=1a78ea5e-f3eb-4fc8-b79b-d8ffed14c071
2026-08-15T12:58:48.937186490Z GetCartAsync called with userId=7c83c8f1-08fe-4458-a9a9-0c772a23d674
2026-08-15T12:58:49.077085919Z GetCartAsync called with userId=b6862a64-9aa0-43ed-925f-989df9463214
2026-08-15T12:58:49.366282818Z GetCartAsync called with userId=75fb99d4-1648-4332-8535-ad4aaffa2159
2026-08-15T12:58:49.489262249Z GetCartAsync called with userId=1a78ea5e-f3eb-4fc8-b79b-d8ffed14c071
2026-08-15T12:58:49.982258022Z GetCartAsync called with userId=adb034c7-2a87-4c97-ba43-226f28dee2e6
2026-08-15T12:58:50.072098723Z GetCartAsync called with userId=b7346bb4-8dd0-4f04-a092-01bc982d095c
2026-08-15T12:58:50.314326932Z GetCartAsync called with userId=9acecf4b-1a54-469f-a88c-1831fc170649
2026-08-15T12:58:50.453990680Z GetCartAsync called with userId=b6862a64-9aa0-43ed-925f-989df9463214
2026-08-15T12:58:50.468173274Z AddItemAsync called with userId=b6862a64-9aa0-43ed-925f-989df9463214, productId=9SIQT8TOJO, quantity=10
2026-08-15T12:58:50.471995623Z GetCartAsync called with userId=b6862a64-9aa0-43ed-925f-989df9463214
2026-08-15T12:58:50.624698061Z GetCartAsync called with userId=a3e940e3-04a9-4123-b8ae-9b66e1087df3
2026-08-15T12:58:50.754237385Z GetCartAsync called with userId=fe551a84-c24b-4719-a509-b9e5fdf64e37
2026-08-15T12:58:50.764611732Z GetCartAsync called with userId=503c59e6-3248-41ab-b86d-35a34eadc2c8
2026-08-15T12:58:51.219948193Z GetCartAsync called with userId=bfc202a9-206c-45fc-85e1-bb5fc4c56ed0
2026-08-15T12:58:51.535555200Z GetCartAsync called with userId=1a78ea5e-f3eb-4fc8-b79b-d8ffed14c071
2026-08-15T12:58:51.763941746Z GetCartAsync called with userId=a3e940e3-04a9-4123-b8ae-9b66e1087df3
2026-08-15T12:58:51.816043302Z GetCartAsync called with userId=dbc81ea5-5531-4605-9216-4c4255eaf706
2026-08-15T12:58:51.840753257Z GetCartAsync called with userId=40e41bab-7ac7-4eb1-9d5c-3bd1e797c094
2026-08-15T12:58:52.098844115Z GetCartAsync called with userId=adb034c7-2a87-4c97-ba43-226f28dee2e6
2026-08-15T12:58:52.595589455Z GetCartAsync called with userId=bfc202a9-206c-45fc-85e1-bb5fc4c56ed0
2026-08-15T12:58:52.875996049Z GetCartAsync called with userId=b7346bb4-8dd0-4f04-a092-01bc982d095c
2026-08-15T12:58:53.096959918Z GetCartAsync called with userId=be3bdda6-898f-4a6c-a1cb-3ded9cc31c28
2026-08-15T12:58:53.798581959Z Checking CartService Health
2026-08-15T12:58:54.058793910Z GetCartAsync called with userId=fe551a84-c24b-4719-a509-b9e5fdf64e37
2026-08-15T12:58:54.201255813Z GetCartAsync called with userId=75fb99d4-1648-4332-8535-ad4aaffa2159
2026-08-15T12:58:55.535485695Z GetCartAsync called with userId=2a3f6416-cbe5-4f35-a5b3-b222c38dd6b1
2026-08-15T12:58:55.545421802Z AddItemAsync called with userId=2a3f6416-cbe5-4f35-a5b3-b222c38dd6b1, productId=66VCHSJNUP, quantity=9
2026-08-15T12:58:55.548444978Z GetCartAsync called with userId=2a3f6416-cbe5-4f35-a5b3-b222c38dd6b1
2026-08-15T12:58:56.130663620Z Checking CartService Health
2026-08-15T12:58:56.696543471Z GetCartAsync called with userId=7c83c8f1-08fe-4458-a9a9-0c772a23d674
2026-08-15T12:58:56.706328964Z AddItemAsync called with userId=7c83c8f1-08fe-4458-a9a9-0c772a23d674, productId=OLJCESPC7Z, quantity=9
2026-08-15T12:58:56.709291635Z GetCartAsync called with userId=7c83c8f1-08fe-4458-a9a9-0c772a23d674
2026-08-15T12:58:56.719676383Z GetCartAsync called with userId=7c83c8f1-08fe-4458-a9a9-0c772a23d674
2026-08-15T12:58:56.726902142Z EmptyCartAsync called with userId=7c83c8f1-08fe-4458-a9a9-0c772a23d674
2026-08-15T12:58:56.817740934Z GetCartAsync called with userId=dbc81ea5-5531-4605-9216-4c4255eaf706
2026-08-15T12:58:57.265294227Z GetCartAsync called with userId=1a78ea5e-f3eb-4fc8-b79b-d8ffed14c071
2026-08-15T12:58:57.411264551Z GetCartAsync called with userId=40e41bab-7ac7-4eb1-9d5c-3bd1e797c094
2026-08-15T12:58:57.994515970Z GetCartAsync called with userId=b6862a64-9aa0-43ed-925f-989df9463214
2026-08-15T12:58:58.926748881Z GetCartAsync called with userId=503c59e6-3248-41ab-b86d-35a34eadc2c8
2026-08-15T12:58:58.937708044Z AddItemAsync called with userId=503c59e6-3248-41ab-b86d-35a34eadc2c8, productId=9SIQT8TOJO, quantity=4
2026-08-15T12:58:58.940807260Z GetCartAsync called with userId=503c59e6-3248-41ab-b86d-35a34eadc2c8
2026-08-15T12:58:59.454463026Z GetCartAsync called with userId=fe551a84-c24b-4719-a509-b9e5fdf64e37
2026-08-15T12:58:59.634285846Z GetCartAsync called with userId=be3bdda6-898f-4a6c-a1cb-3ded9cc31c28
2026-08-15T12:59:00.054710420Z GetCartAsync called with userId=b7346bb4-8dd0-4f04-a092-01bc982d095c
2026-08-15T12:59:00.542073555Z GetCartAsync called with userId=dbc81ea5-5531-4605-9216-4c4255eaf706
2026-08-15T12:59:00.569849289Z GetCartAsync called with userId=9acecf4b-1a54-469f-a88c-1831fc170649
2026-08-15T12:59:00.608595587Z GetCartAsync called with userId=1a78ea5e-f3eb-4fc8-b79b-d8ffed14c071
2026-08-15T12:59:01.287297044Z GetCartAsync called with userId=a3e940e3-04a9-4123-b8ae-9b66e1087df3
2026-08-15T12:59:01.297767173Z AddItemAsync called with userId=a3e940e3-04a9-4123-b8ae-9b66e1087df3, productId=0PUK6V6EV0, quantity=4
2026-08-15T12:59:01.301371224Z GetCartAsync called with userId=a3e940e3-04a9-4123-b8ae-9b66e1087df3
2026-08-15T12:59:01.314350328Z GetCartAsync called with userId=a3e940e3-04a9-4123-b8ae-9b66e1087df3
2026-08-15T12:59:01.321492225Z EmptyCartAsync called with userId=a3e940e3-04a9-4123-b8ae-9b66e1087df3
2026-08-15T12:59:01.612340877Z GetCartAsync called with userId=adb034c7-2a87-4c97-ba43-226f28dee2e6
2026-08-15T12:59:01.976654144Z GetCartAsync called with userId=7c83c8f1-08fe-4458-a9a9-0c772a23d674
2026-08-15T12:59:02.345489126Z GetCartAsync called with userId=b7346bb4-8dd0-4f04-a092-01bc982d095c
2026-08-15T12:59:02.656245963Z GetCartAsync called with userId=75fb99d4-1648-4332-8535-ad4aaffa2159
2026-08-15T12:59:03.413426985Z GetCartAsync called with userId=a3e940e3-04a9-4123-b8ae-9b66e1087df3
2026-08-15T12:59:03.795755307Z GetCartAsync called with userId=2a3f6416-cbe5-4f35-a5b3-b222c38dd6b1
2026-08-15T12:59:03.795993223Z Checking CartService Health
2026-08-15T12:59:03.809067433Z AddItemAsync called with userId=2a3f6416-cbe5-4f35-a5b3-b222c38dd6b1, productId=OLJCESPC7Z, quantity=8
2026-08-15T12:59:03.813499242Z GetCartAsync called with userId=2a3f6416-cbe5-4f35-a5b3-b222c38dd6b1
2026-08-15T12:59:03.865512164Z GetCartAsync called with userId=40e41bab-7ac7-4eb1-9d5c-3bd1e797c094
2026-08-15T12:59:04.531265520Z GetCartAsync called with userId=503c59e6-3248-41ab-b86d-35a34eadc2c8
2026-08-15T12:59:04.969227815Z GetCartAsync called with userId=b6862a64-9aa0-43ed-925f-989df9463214
2026-08-15T12:59:05.256103790Z GetCartAsync called with userId=9acecf4b-1a54-469f-a88c-1831fc170649
2026-08-15T12:59:06.128319197Z Checking CartService Health
2026-08-15T12:59:06.181769636Z GetCartAsync called with userId=bfc202a9-206c-45fc-85e1-bb5fc4c56ed0
2026-08-15T12:59:07.073303153Z GetCartAsync called with userId=a3e940e3-04a9-4123-b8ae-9b66e1087df3
2026-08-15T12:59:07.207825341Z GetCartAsync called with userId=bfc202a9-206c-45fc-85e1-bb5fc4c56ed0
2026-08-15T12:59:08.301362511Z GetCartAsync called with userId=1a78ea5e-f3eb-4fc8-b79b-d8ffed14c071
2026-08-15T12:59:08.311518245Z AddItemAsync called with userId=1a78ea5e-f3eb-4fc8-b79b-d8ffed14c071, productId=OLJCESPC7Z, quantity=6
2026-08-15T12:59:08.315489449Z GetCartAsync called with userId=1a78ea5e-f3eb-4fc8-b79b-d8ffed14c071
2026-08-15T12:59:08.408043667Z GetCartAsync called with userId=be3bdda6-898f-4a6c-a1cb-3ded9cc31c28
2026-08-15T12:59:08.455637209Z GetCartAsync called with userId=7c83c8f1-08fe-4458-a9a9-0c772a23d674
2026-08-15T12:59:08.560376667Z GetCartAsync called with userId=40e41bab-7ac7-4eb1-9d5c-3bd1e797c094
2026-08-15T12:59:08.797032247Z GetCartAsync called with userId=fe551a84-c24b-4719-a509-b9e5fdf64e37
2026-08-15T12:59:09.399510752Z GetCartAsync called with userId=dbc81ea5-5531-4605-9216-4c4255eaf706
2026-08-15T12:59:09.673699951Z GetCartAsync called with userId=40e41bab-7ac7-4eb1-9d5c-3bd1e797c094
2026-08-15T12:59:09.691936407Z GetCartAsync called with userId=adb034c7-2a87-4c97-ba43-226f28dee2e6
2026-08-15T12:59:10.418233910Z GetCartAsync called with userId=75fb99d4-1648-4332-8535-ad4aaffa2159
2026-08-15T12:59:11.105535845Z GetCartAsync called with userId=503c59e6-3248-41ab-b86d-35a34eadc2c8
2026-08-15T12:59:11.630545966Z GetCartAsync called with userId=adb034c7-2a87-4c97-ba43-226f28dee2e6
2026-08-15T12:59:11.868799309Z GetCartAsync called with userId=9acecf4b-1a54-469f-a88c-1831fc170649
2026-08-15T12:59:12.020831079Z GetCartAsync called with userId=b7346bb4-8dd0-4f04-a092-01bc982d095c
2026-08-15T12:59:12.030498363Z AddItemAsync called with userId=b7346bb4-8dd0-4f04-a092-01bc982d095c, productId=0PUK6V6EV0, quantity=2
2026-08-15T12:59:12.033709890Z GetCartAsync called with userId=b7346bb4-8dd0-4f04-a092-01bc982d095c
2026-08-15T12:59:12.129733460Z GetCartAsync called with userId=2a3f6416-cbe5-4f35-a5b3-b222c38dd6b1
2026-08-15T12:59:12.395681921Z GetCartAsync called with userId=dbc81ea5-5531-4605-9216-4c4255eaf706
2026-08-15T12:59:12.402251490Z GetCartAsync called with userId=b6862a64-9aa0-43ed-925f-989df9463214
2026-08-15T12:59:12.569247882Z GetCartAsync called with userId=a3e940e3-04a9-4123-b8ae-9b66e1087df3
2026-08-15T12:59:13.542119875Z GetCartAsync called with userId=b7346bb4-8dd0-4f04-a092-01bc982d095c
2026-08-15T12:59:13.795311438Z Checking CartService Health
2026-08-15T12:59:13.825515711Z GetCartAsync called with userId=be3bdda6-898f-4a6c-a1cb-3ded9cc31c28
2026-08-15T12:59:14.040757603Z GetCartAsync called with userId=40e41bab-7ac7-4eb1-9d5c-3bd1e797c094
2026-08-15T12:59:14.746415126Z GetCartAsync called with userId=503c59e6-3248-41ab-b86d-35a34eadc2c8
2026-08-15T12:59:15.483484928Z GetCartAsync called with userId=a3e940e3-04a9-4123-b8ae-9b66e1087df3
2026-08-15T12:59:15.560069191Z GetCartAsync called with userId=fe551a84-c24b-4719-a509-b9e5fdf64e37
2026-08-15T12:59:16.058274039Z GetCartAsync called with userId=75fb99d4-1648-4332-8535-ad4aaffa2159
2026-08-15T12:59:16.128822030Z Checking CartService Health
2026-08-15T12:59:16.761960275Z GetCartAsync called with userId=7c83c8f1-08fe-4458-a9a9-0c772a23d674
2026-08-15T12:59:16.950749679Z GetCartAsync called with userId=40e41bab-7ac7-4eb1-9d5c-3bd1e797c094
2026-08-15T12:59:17.151565924Z GetCartAsync called with userId=bfc202a9-206c-45fc-85e1-bb5fc4c56ed0
2026-08-15T12:59:17.197807309Z GetCartAsync called with userId=1a78ea5e-f3eb-4fc8-b79b-d8ffed14c071
2026-08-15T12:59:17.210164281Z AddItemAsync called with userId=1a78ea5e-f3eb-4fc8-b79b-d8ffed14c071, productId=2ZYFJ3GM2N, quantity=4
2026-08-15T12:59:17.214259970Z GetCartAsync called with userId=1a78ea5e-f3eb-4fc8-b79b-d8ffed14c071
2026-08-15T12:59:17.214924033Z GetCartAsync called with userId=b7346bb4-8dd0-4f04-a092-01bc982d095c
2026-08-15T12:59:18.267301437Z GetCartAsync called with userId=b6862a64-9aa0-43ed-925f-989df9463214
2026-08-15T12:59:18.493164458Z GetCartAsync called with userId=40e41bab-7ac7-4eb1-9d5c-3bd1e797c094
2026-08-15T12:59:18.507776743Z AddItemAsync called with userId=40e41bab-7ac7-4eb1-9d5c-3bd1e797c094, productId=66VCHSJNUP, quantity=4
2026-08-15T12:59:18.512029647Z GetCartAsync called with userId=40e41bab-7ac7-4eb1-9d5c-3bd1e797c094
2026-08-15T12:59:18.731929602Z GetCartAsync called with userId=bfc202a9-206c-45fc-85e1-bb5fc4c56ed0
2026-08-15T12:59:18.912665942Z GetCartAsync called with userId=dbc81ea5-5531-4605-9216-4c4255eaf706
2026-08-15T12:59:18.936183572Z GetCartAsync called with userId=9acecf4b-1a54-469f-a88c-1831fc170649
2026-08-15T12:59:19.530365023Z GetCartAsync called with userId=be3bdda6-898f-4a6c-a1cb-3ded9cc31c28
2026-08-15T12:59:19.594235480Z GetCartAsync called with userId=adb034c7-2a87-4c97-ba43-226f28dee2e6
2026-08-15T12:59:19.798202924Z GetCartAsync called with userId=7c83c8f1-08fe-4458-a9a9-0c772a23d674
2026-08-15T12:59:20.840978918Z GetCartAsync called with userId=1a78ea5e-f3eb-4fc8-b79b-d8ffed14c071
2026-08-15T12:59:21.569142275Z GetCartAsync called with userId=bfc202a9-206c-45fc-85e1-bb5fc4c56ed0
2026-08-15T12:59:21.700546737Z GetCartAsync called with userId=2a3f6416-cbe5-4f35-a5b3-b222c38dd6b1
2026-08-15T12:59:22.133532903Z GetCartAsync called with userId=75fb99d4-1648-4332-8535-ad4aaffa2159
2026-08-15T12:59:22.799644572Z GetCartAsync called with userId=a3e940e3-04a9-4123-b8ae-9b66e1087df3
2026-08-15T12:59:22.812716888Z AddItemAsync called with userId=a3e940e3-04a9-4123-b8ae-9b66e1087df3, productId=6E92ZMYYFZ, quantity=9
2026-08-15T12:59:22.815610046Z GetCartAsync called with userId=fe551a84-c24b-4719-a509-b9e5fdf64e37
2026-08-15T12:59:22.816624402Z GetCartAsync called with userId=a3e940e3-04a9-4123-b8ae-9b66e1087df3
2026-08-15T12:59:23.387371750Z GetCartAsync called with userId=bfc202a9-206c-45fc-85e1-bb5fc4c56ed0
2026-08-15T12:59:23.401009897Z AddItemAsync called with userId=bfc202a9-206c-45fc-85e1-bb5fc4c56ed0, productId=9SIQT8TOJO, quantity=6
2026-08-15T12:59:23.405948067Z GetCartAsync called with userId=bfc202a9-206c-45fc-85e1-bb5fc4c56ed0
2026-08-15T12:59:23.743428044Z GetCartAsync called with userId=7c83c8f1-08fe-4458-a9a9-0c772a23d674
2026-08-15T12:59:23.796083127Z Checking CartService Health
2026-08-15T12:59:24.359237659Z GetCartAsync called with userId=be3bdda6-898f-4a6c-a1cb-3ded9cc31c28
2026-08-15T12:59:24.587332147Z GetCartAsync called with userId=b6862a64-9aa0-43ed-925f-989df9463214
2026-08-15T12:59:24.601536725Z AddItemAsync called with userId=b6862a64-9aa0-43ed-925f-989df9463214, productId=2ZYFJ3GM2N, quantity=9
2026-08-15T12:59:24.606107575Z GetCartAsync called with userId=b6862a64-9aa0-43ed-925f-989df9463214
2026-08-15T12:59:24.620713875Z GetCartAsync called with userId=b6862a64-9aa0-43ed-925f-989df9463214
2026-08-15T12:59:24.631050241Z EmptyCartAsync called with userId=b6862a64-9aa0-43ed-925f-989df9463214
2026-08-15T12:59:24.909410281Z GetCartAsync called with userId=7c83c8f1-08fe-4458-a9a9-0c772a23d674
2026-08-15T12:59:25.303305146Z GetCartAsync called with userId=75fb99d4-1648-4332-8535-ad4aaffa2159
2026-08-15T12:59:25.508918003Z GetCartAsync called with userId=40e41bab-7ac7-4eb1-9d5c-3bd1e797c094
2026-08-15T12:59:26.128841444Z Checking CartService Health
2026-08-15T12:59:26.377133138Z GetCartAsync called with userId=9acecf4b-1a54-469f-a88c-1831fc170649
2026-08-15T12:59:26.480063373Z GetCartAsync called with userId=503c59e6-3248-41ab-b86d-35a34eadc2c8
2026-08-15T12:59:26.490999972Z AddItemAsync called with userId=503c59e6-3248-41ab-b86d-35a34eadc2c8, productId=2ZYFJ3GM2N, quantity=9
2026-08-15T12:59:26.494187046Z GetCartAsync called with userId=503c59e6-3248-41ab-b86d-35a34eadc2c8
2026-08-15T12:59:26.884245302Z GetCartAsync called with userId=be3bdda6-898f-4a6c-a1cb-3ded9cc31c28
2026-08-15T12:59:26.896961198Z AddItemAsync called with userId=be3bdda6-898f-4a6c-a1cb-3ded9cc31c28, productId=1YMWWN1N4O, quantity=3
2026-08-15T12:59:26.901803763Z GetCartAsync called with userId=be3bdda6-898f-4a6c-a1cb-3ded9cc31c28
2026-08-15T12:59:27.166191660Z GetCartAsync called with userId=a3e940e3-04a9-4123-b8ae-9b66e1087df3
2026-08-15T12:59:27.260104002Z GetCartAsync called with userId=bfc202a9-206c-45fc-85e1-bb5fc4c56ed0
2026-08-15T12:59:27.369869311Z GetCartAsync called with userId=7c83c8f1-08fe-4458-a9a9-0c772a23d674
2026-08-15T12:59:28.498697314Z GetCartAsync called with userId=dbc81ea5-5531-4605-9216-4c4255eaf706
2026-08-15T12:59:28.731319450Z GetCartAsync called with userId=1a78ea5e-f3eb-4fc8-b79b-d8ffed14c071
2026-08-15T12:59:29.015799425Z GetCartAsync called with userId=40e41bab-7ac7-4eb1-9d5c-3bd1e797c094
2026-08-15T12:59:29.515820201Z GetCartAsync called with userId=75fb99d4-1648-4332-8535-ad4aaffa2159
2026-08-15T12:59:29.763569897Z GetCartAsync called with userId=b6862a64-9aa0-43ed-925f-989df9463214
2026-08-15T12:59:30.177151184Z GetCartAsync called with userId=9acecf4b-1a54-469f-a88c-1831fc170649
2026-08-15T12:59:30.568202054Z GetCartAsync called with userId=b7346bb4-8dd0-4f04-a092-01bc982d095c
2026-08-15T12:59:30.605829451Z GetCartAsync called with userId=2a3f6416-cbe5-4f35-a5b3-b222c38dd6b1
2026-08-15T12:59:30.623121297Z GetCartAsync called with userId=fe551a84-c24b-4719-a509-b9e5fdf64e37
2026-08-15T12:59:30.687826628Z GetCartAsync called with userId=503c59e6-3248-41ab-b86d-35a34eadc2c8
2026-08-15T12:59:31.070741676Z GetCartAsync called with userId=b6862a64-9aa0-43ed-925f-989df9463214
2026-08-15T12:59:31.750917929Z GetCartAsync called with userId=9acecf4b-1a54-469f-a88c-1831fc170649
2026-08-15T12:59:33.085536836Z GetCartAsync called with userId=bfc202a9-206c-45fc-85e1-bb5fc4c56ed0
2026-08-15T12:59:33.233377658Z GetCartAsync called with userId=adb034c7-2a87-4c97-ba43-226f28dee2e6
2026-08-15T12:59:33.244088239Z AddItemAsync called with userId=adb034c7-2a87-4c97-ba43-226f28dee2e6, productId=OLJCESPC7Z, quantity=9
2026-08-15T12:59:33.247348868Z GetCartAsync called with userId=adb034c7-2a87-4c97-ba43-226f28dee2e6
2026-08-15T12:59:33.260085453Z GetCartAsync called with userId=adb034c7-2a87-4c97-ba43-226f28dee2e6
2026-08-15T12:59:33.266788730Z EmptyCartAsync called with userId=adb034c7-2a87-4c97-ba43-226f28dee2e6
2026-08-15T12:59:33.795304875Z Checking CartService Health
2026-08-15T12:59:34.077067614Z GetCartAsync called with userId=be3bdda6-898f-4a6c-a1cb-3ded9cc31c28
2026-08-15T12:59:34.094933317Z AddItemAsync called with userId=be3bdda6-898f-4a6c-a1cb-3ded9cc31c28, productId=OLJCESPC7Z, quantity=8
2026-08-15T12:59:34.100375466Z GetCartAsync called with userId=be3bdda6-898f-4a6c-a1cb-3ded9cc31c28
2026-08-15T12:59:34.189786891Z GetCartAsync called with userId=a3e940e3-04a9-4123-b8ae-9b66e1087df3
2026-08-15T12:59:34.254715444Z GetCartAsync called with userId=9acecf4b-1a54-469f-a88c-1831fc170649
2026-08-15T12:59:35.671658961Z GetCartAsync called with userId=40e41bab-7ac7-4eb1-9d5c-3bd1e797c094
2026-08-15T12:59:36.125059924Z Checking CartService Health
2026-08-15T12:59:36.130549878Z GetCartAsync called with userId=dbc81ea5-5531-4605-9216-4c4255eaf706
2026-08-15T12:59:36.415907080Z GetCartAsync called with userId=75fb99d4-1648-4332-8535-ad4aaffa2159
2026-08-15T12:59:36.649998807Z GetCartAsync called with userId=b7346bb4-8dd0-4f04-a092-01bc982d095c
2026-08-15T12:59:36.812492108Z GetCartAsync called with userId=be3bdda6-898f-4a6c-a1cb-3ded9cc31c28
2026-08-15T12:59:36.943225003Z GetCartAsync called with userId=7c83c8f1-08fe-4458-a9a9-0c772a23d674
2026-08-15T12:59:37.552051454Z GetCartAsync called with userId=503c59e6-3248-41ab-b86d-35a34eadc2c8
2026-08-15T12:59:37.915618950Z GetCartAsync called with userId=fe551a84-c24b-4719-a509-b9e5fdf64e37
2026-08-15T12:59:38.153113818Z GetCartAsync called with userId=1a78ea5e-f3eb-4fc8-b79b-d8ffed14c071
2026-08-15T12:59:38.167849705Z GetCartAsync called with userId=adb034c7-2a87-4c97-ba43-226f28dee2e6
2026-08-15T12:59:38.174400966Z GetCartAsync called with userId=75fb99d4-1648-4332-8535-ad4aaffa2159
2026-08-15T12:59:38.445912865Z GetCartAsync called with userId=b7346bb4-8dd0-4f04-a092-01bc982d095c
2026-08-15T12:59:38.455487531Z AddItemAsync called with userId=b7346bb4-8dd0-4f04-a092-01bc982d095c, productId=1YMWWN1N4O, quantity=8
2026-08-15T12:59:38.458624847Z GetCartAsync called with userId=b7346bb4-8dd0-4f04-a092-01bc982d095c
2026-08-15T12:59:38.470681364Z GetCartAsync called with userId=b7346bb4-8dd0-4f04-a092-01bc982d095c
2026-08-15T12:59:38.477836586Z EmptyCartAsync called with userId=b7346bb4-8dd0-4f04-a092-01bc982d095c
2026-08-15T12:59:38.570473934Z GetCartAsync called with userId=2a3f6416-cbe5-4f35-a5b3-b222c38dd6b1
2026-08-15T12:59:38.619221353Z GetCartAsync called with userId=dbc81ea5-5531-4605-9216-4c4255eaf706
2026-08-15T12:59:38.893440025Z GetCartAsync called with userId=503c59e6-3248-41ab-b86d-35a34eadc2c8
2026-08-15T12:59:39.105495623Z GetCartAsync called with userId=a3e940e3-04a9-4123-b8ae-9b66e1087df3
2026-08-15T12:59:39.310351295Z GetCartAsync called with userId=be3bdda6-898f-4a6c-a1cb-3ded9cc31c28
2026-08-15T12:59:39.320504020Z AddItemAsync called with userId=be3bdda6-898f-4a6c-a1cb-3ded9cc31c28, productId=0PUK6V6EV0, quantity=5
2026-08-15T12:59:39.323627535Z GetCartAsync called with userId=be3bdda6-898f-4a6c-a1cb-3ded9cc31c28
2026-08-15T12:59:39.919539469Z GetCartAsync called with userId=7c83c8f1-08fe-4458-a9a9-0c772a23d674
2026-08-15T12:59:40.134549465Z GetCartAsync called with userId=b7346bb4-8dd0-4f04-a092-01bc982d095c
2026-08-15T12:59:40.145803201Z AddItemAsync called with userId=b7346bb4-8dd0-4f04-a092-01bc982d095c, productId=66VCHSJNUP, quantity=5
2026-08-15T12:59:40.149243648Z GetCartAsync called with userId=b7346bb4-8dd0-4f04-a092-01bc982d095c
2026-08-15T12:59:40.544872571Z GetCartAsync called with userId=9acecf4b-1a54-469f-a88c-1831fc170649
2026-08-15T12:59:40.554446837Z AddItemAsync called with userId=9acecf4b-1a54-469f-a88c-1831fc170649, productId=LS4PSXUNUM, quantity=10
2026-08-15T12:59:40.557838180Z GetCartAsync called with userId=9acecf4b-1a54-469f-a88c-1831fc170649
2026-08-15T12:59:40.570297837Z GetCartAsync called with userId=9acecf4b-1a54-469f-a88c-1831fc170649
2026-08-15T12:59:40.577164030Z EmptyCartAsync called with userId=9acecf4b-1a54-469f-a88c-1831fc170649
2026-08-15T12:59:40.865217197Z GetCartAsync called with userId=b6862a64-9aa0-43ed-925f-989df9463214
2026-08-15T12:59:41.804005231Z GetCartAsync called with userId=be3bdda6-898f-4a6c-a1cb-3ded9cc31c28
2026-08-15T12:59:41.973784563Z GetCartAsync called with userId=7c83c8f1-08fe-4458-a9a9-0c772a23d674
2026-08-15T12:59:42.722556722Z GetCartAsync called with userId=503c59e6-3248-41ab-b86d-35a34eadc2c8
2026-08-15T12:59:42.728921264Z GetCartAsync called with userId=b6862a64-9aa0-43ed-925f-989df9463214
2026-08-15T12:59:43.142050853Z GetCartAsync called with userId=9acecf4b-1a54-469f-a88c-1831fc170649
2026-08-15T12:59:43.431578169Z GetCartAsync called with userId=fe551a84-c24b-4719-a509-b9e5fdf64e37
2026-08-15T12:59:43.558893317Z GetCartAsync called with userId=1a78ea5e-f3eb-4fc8-b79b-d8ffed14c071
2026-08-15T12:59:43.569359873Z AddItemAsync called with userId=1a78ea5e-f3eb-4fc8-b79b-d8ffed14c071, productId=LS4PSXUNUM, quantity=6
2026-08-15T12:59:43.572618902Z GetCartAsync called with userId=1a78ea5e-f3eb-4fc8-b79b-d8ffed14c071
2026-08-15T12:59:43.585849237Z GetCartAsync called with userId=1a78ea5e-f3eb-4fc8-b79b-d8ffed14c071
2026-08-15T12:59:43.595348196Z EmptyCartAsync called with userId=1a78ea5e-f3eb-4fc8-b79b-d8ffed14c071
2026-08-15T12:59:43.636972796Z GetCartAsync called with userId=40e41bab-7ac7-4eb1-9d5c-3bd1e797c094
2026-08-15T12:59:43.792709411Z Checking CartService Health
2026-08-15T12:59:44.368876953Z GetCartAsync called with userId=b7346bb4-8dd0-4f04-a092-01bc982d095c
2026-08-15T12:59:44.625754574Z GetCartAsync called with userId=adb034c7-2a87-4c97-ba43-226f28dee2e6
2026-08-15T12:59:44.635720780Z AddItemAsync called with userId=adb034c7-2a87-4c97-ba43-226f28dee2e6, productId=2ZYFJ3GM2N, quantity=10
2026-08-15T12:59:44.639075918Z GetCartAsync called with userId=adb034c7-2a87-4c97-ba43-226f28dee2e6
2026-08-15T12:59:45.401350840Z GetCartAsync called with userId=2a3f6416-cbe5-4f35-a5b3-b222c38dd6b1
2026-08-15T12:59:45.969609983Z GetCartAsync called with userId=b6862a64-9aa0-43ed-925f-989df9463214
2026-08-15T12:59:46.110190351Z GetCartAsync called with userId=bfc202a9-206c-45fc-85e1-bb5fc4c56ed0
2026-08-15T12:59:46.126569900Z Checking CartService Health
2026-08-15T12:59:47.199994554Z GetCartAsync called with userId=75fb99d4-1648-4332-8535-ad4aaffa2159
2026-08-15T12:59:48.123646432Z GetCartAsync called with userId=40e41bab-7ac7-4eb1-9d5c-3bd1e797c094
2026-08-15T12:59:48.133789453Z AddItemAsync called with userId=40e41bab-7ac7-4eb1-9d5c-3bd1e797c094, productId=0PUK6V6EV0, quantity=6
2026-08-15T12:59:48.136846460Z GetCartAsync called with userId=40e41bab-7ac7-4eb1-9d5c-3bd1e797c094
2026-08-15T12:59:48.539067549Z GetCartAsync called with userId=dbc81ea5-5531-4605-9216-4c4255eaf706
2026-08-15T12:59:48.685941434Z GetCartAsync called with userId=a3e940e3-04a9-4123-b8ae-9b66e1087df3
2026-08-15T12:59:48.695360982Z AddItemAsync called with userId=a3e940e3-04a9-4123-b8ae-9b66e1087df3, productId=66VCHSJNUP, quantity=10
2026-08-15T12:59:48.698585107Z GetCartAsync called with userId=a3e940e3-04a9-4123-b8ae-9b66e1087df3
2026-08-15T12:59:48.714097768Z GetCartAsync called with userId=a3e940e3-04a9-4123-b8ae-9b66e1087df3
2026-08-15T12:59:48.722042568Z EmptyCartAsync called with userId=a3e940e3-04a9-4123-b8ae-9b66e1087df3
2026-08-15T12:59:48.954314649Z GetCartAsync called with userId=9acecf4b-1a54-469f-a88c-1831fc170649
2026-08-15T12:59:49.010469702Z GetCartAsync called with userId=fe551a84-c24b-4719-a509-b9e5fdf64e37
2026-08-15T12:59:49.518755667Z GetCartAsync called with userId=be3bdda6-898f-4a6c-a1cb-3ded9cc31c28
2026-08-15T12:59:49.663665454Z GetCartAsync called with userId=75fb99d4-1648-4332-8535-ad4aaffa2159
2026-08-15T12:59:49.853866601Z GetCartAsync called with userId=bfc202a9-206c-45fc-85e1-bb5fc4c56ed0
2026-08-15T12:59:50.247561231Z GetCartAsync called with userId=2a3f6416-cbe5-4f35-a5b3-b222c38dd6b1
2026-08-15T12:59:50.257716453Z AddItemAsync called with userId=2a3f6416-cbe5-4f35-a5b3-b222c38dd6b1, productId=LS4PSXUNUM, quantity=9
2026-08-15T12:59:50.261084592Z GetCartAsync called with userId=2a3f6416-cbe5-4f35-a5b3-b222c38dd6b1
2026-08-15T12:59:50.307739589Z GetCartAsync called with userId=503c59e6-3248-41ab-b86d-35a34eadc2c8
2026-08-15T12:59:50.922678990Z GetCartAsync called with userId=b6862a64-9aa0-43ed-925f-989df9463214
2026-08-15T12:59:50.949682509Z GetCartAsync called with userId=adb034c7-2a87-4c97-ba43-226f28dee2e6
2026-08-15T12:59:50.981058567Z GetCartAsync called with userId=1a78ea5e-f3eb-4fc8-b79b-d8ffed14c071
2026-08-15T12:59:51.075758000Z GetCartAsync called with userId=9acecf4b-1a54-469f-a88c-1831fc170649
2026-08-15T12:59:51.609929871Z GetCartAsync called with userId=a3e940e3-04a9-4123-b8ae-9b66e1087df3
2026-08-15T12:59:51.619733258Z AddItemAsync called with userId=a3e940e3-04a9-4123-b8ae-9b66e1087df3, productId=LS4PSXUNUM, quantity=9
2026-08-15T12:59:51.622782365Z GetCartAsync called with userId=a3e940e3-04a9-4123-b8ae-9b66e1087df3
2026-08-15T12:59:51.826857008Z GetCartAsync called with userId=7c83c8f1-08fe-4458-a9a9-0c772a23d674
2026-08-15T12:59:52.157659207Z GetCartAsync called with userId=be3bdda6-898f-4a6c-a1cb-3ded9cc31c28
2026-08-15T12:59:52.859966103Z GetCartAsync called with userId=b7346bb4-8dd0-4f04-a092-01bc982d095c
2026-08-15T12:59:53.450266525Z GetCartAsync called with userId=75fb99d4-1648-4332-8535-ad4aaffa2159
2026-08-15T12:59:53.605018803Z GetCartAsync called with userId=7c83c8f1-08fe-4458-a9a9-0c772a23d674
2026-08-15T12:59:53.614845792Z AddItemAsync called with userId=7c83c8f1-08fe-4458-a9a9-0c772a23d674, productId=0PUK6V6EV0, quantity=10
2026-08-15T12:59:53.618290839Z GetCartAsync called with userId=7c83c8f1-08fe-4458-a9a9-0c772a23d674
2026-08-15T12:59:53.629511668Z GetCartAsync called with userId=7c83c8f1-08fe-4458-a9a9-0c772a23d674
2026-08-15T12:59:53.635308952Z EmptyCartAsync called with userId=7c83c8f1-08fe-4458-a9a9-0c772a23d674
2026-08-15T12:59:53.792569182Z Checking CartService Health
2026-08-15T12:59:53.856468114Z GetCartAsync called with userId=dbc81ea5-5531-4605-9216-4c4255eaf706
2026-08-15T12:59:54.258760045Z GetCartAsync called with userId=40e41bab-7ac7-4eb1-9d5c-3bd1e797c094
2026-08-15T12:59:54.478534182Z GetCartAsync called with userId=b6862a64-9aa0-43ed-925f-989df9463214
2026-08-15T12:59:55.823762916Z GetCartAsync called with userId=1a78ea5e-f3eb-4fc8-b79b-d8ffed14c071
2026-08-15T12:59:56.125494820Z Checking CartService Health
2026-08-15T12:59:56.247827264Z GetCartAsync called with userId=2a3f6416-cbe5-4f35-a5b3-b222c38dd6b1
2026-08-15T12:59:56.616187428Z GetCartAsync called with userId=a3e940e3-04a9-4123-b8ae-9b66e1087df3
2026-08-15T12:59:56.864789802Z GetCartAsync called with userId=503c59e6-3248-41ab-b86d-35a34eadc2c8
2026-08-15T12:59:56.874825190Z AddItemAsync called with userId=503c59e6-3248-41ab-b86d-35a34eadc2c8, productId=9SIQT8TOJO, quantity=2
2026-08-15T12:59:56.878095512Z GetCartAsync called with userId=503c59e6-3248-41ab-b86d-35a34eadc2c8
2026-08-15T12:59:57.223074485Z GetCartAsync called with userId=bfc202a9-206c-45fc-85e1-bb5fc4c56ed0
2026-08-15T12:59:57.232919754Z AddItemAsync called with userId=bfc202a9-206c-45fc-85e1-bb5fc4c56ed0, productId=6E92ZMYYFZ, quantity=7
2026-08-15T12:59:57.236159473Z GetCartAsync called with userId=bfc202a9-206c-45fc-85e1-bb5fc4c56ed0
2026-08-15T12:59:57.375749315Z GetCartAsync called with userId=1a78ea5e-f3eb-4fc8-b79b-d8ffed14c071
2026-08-15T12:59:57.445793711Z GetCartAsync called with userId=b7346bb4-8dd0-4f04-a092-01bc982d095c
2026-08-15T12:59:58.010015157Z GetCartAsync called with userId=be3bdda6-898f-4a6c-a1cb-3ded9cc31c28
2026-08-15T12:59:58.153322765Z GetCartAsync called with userId=7c83c8f1-08fe-4458-a9a9-0c772a23d674
2026-08-15T12:59:58.500938987Z GetCartAsync called with userId=75fb99d4-1648-4332-8535-ad4aaffa2159
2026-08-15T12:59:58.695581249Z GetCartAsync called with userId=9acecf4b-1a54-469f-a88c-1831fc170649
2026-08-15T12:59:58.942456953Z GetCartAsync called with userId=fe551a84-c24b-4719-a509-b9e5fdf64e37
2026-08-15T12:59:59.250419372Z GetCartAsync called with userId=1a78ea5e-f3eb-4fc8-b79b-d8ffed14c071
2026-08-15T12:59:59.260466261Z AddItemAsync called with userId=1a78ea5e-f3eb-4fc8-b79b-d8ffed14c071, productId=0PUK6V6EV0, quantity=8
2026-08-15T12:59:59.263701479Z GetCartAsync called with userId=1a78ea5e-f3eb-4fc8-b79b-d8ffed14c071
2026-08-15T12:59:59.279216406Z GetCartAsync called with userId=adb034c7-2a87-4c97-ba43-226f28dee2e6
2026-08-15T13:00:00.727145951Z GetCartAsync called with userId=b6862a64-9aa0-43ed-925f-989df9463214
2026-08-15T13:00:01.388014512Z GetCartAsync called with userId=503c59e6-3248-41ab-b86d-35a34eadc2c8
2026-08-15T13:00:01.641091326Z GetCartAsync called with userId=1a78ea5e-f3eb-4fc8-b79b-d8ffed14c071
2026-08-15T13:00:02.315037901Z GetCartAsync called with userId=7c83c8f1-08fe-4458-a9a9-0c772a23d674
2026-08-15T13:00:02.437450061Z GetCartAsync called with userId=bfc202a9-206c-45fc-85e1-bb5fc4c56ed0
2026-08-15T13:00:02.443237536Z GetCartAsync called with userId=dbc81ea5-5531-4605-9216-4c4255eaf706
2026-08-15T13:00:03.170496077Z GetCartAsync called with userId=40e41bab-7ac7-4eb1-9d5c-3bd1e797c094
2026-08-15T13:00:03.186312348Z GetCartAsync called with userId=adb034c7-2a87-4c97-ba43-226f28dee2e6
2026-08-15T13:00:03.573596619Z GetCartAsync called with userId=be3bdda6-898f-4a6c-a1cb-3ded9cc31c28
2026-08-15T13:00:03.783145034Z GetCartAsync called with userId=2a3f6416-cbe5-4f35-a5b3-b222c38dd6b1
2026-08-15T13:00:03.790129928Z Checking CartService Health
2026-08-15T13:00:04.836166835Z GetCartAsync called with userId=dbc81ea5-5531-4605-9216-4c4255eaf706
2026-08-15T13:00:04.846991810Z AddItemAsync called with userId=dbc81ea5-5531-4605-9216-4c4255eaf706, productId=9SIQT8TOJO, quantity=9
2026-08-15T13:00:04.849989908Z GetCartAsync called with userId=dbc81ea5-5531-4605-9216-4c4255eaf706
2026-08-15T13:00:04.862510451Z GetCartAsync called with userId=dbc81ea5-5531-4605-9216-4c4255eaf706
2026-08-15T13:00:04.871667061Z EmptyCartAsync called with userId=dbc81ea5-5531-4605-9216-4c4255eaf706
2026-08-15T13:00:05.069138077Z GetCartAsync called with userId=bfc202a9-206c-45fc-85e1-bb5fc4c56ed0
2026-08-15T13:00:05.272784805Z GetCartAsync called with userId=a3e940e3-04a9-4123-b8ae-9b66e1087df3
2026-08-15T13:00:05.293575271Z GetCartAsync called with userId=40e41bab-7ac7-4eb1-9d5c-3bd1e797c094
2026-08-15T13:00:05.554181358Z GetCartAsync called with userId=9acecf4b-1a54-469f-a88c-1831fc170649
2026-08-15T13:00:06.122299591Z Checking CartService Health
2026-08-15T13:00:06.247341012Z GetCartAsync called with userId=fe551a84-c24b-4719-a509-b9e5fdf64e37
2026-08-15T13:00:06.248955272Z GetCartAsync called with userId=b7346bb4-8dd0-4f04-a092-01bc982d095c
2026-08-15T13:00:06.260836252Z AddItemAsync called with userId=fe551a84-c24b-4719-a509-b9e5fdf64e37, productId=0PUK6V6EV0, quantity=6
2026-08-15T13:00:06.264375404Z GetCartAsync called with userId=fe551a84-c24b-4719-a509-b9e5fdf64e37
2026-08-15T13:00:06.599354179Z GetCartAsync called with userId=75fb99d4-1648-4332-8535-ad4aaffa2159
2026-08-15T13:00:06.608653202Z AddItemAsync called with userId=75fb99d4-1648-4332-8535-ad4aaffa2159, productId=66VCHSJNUP, quantity=5
2026-08-15T13:00:06.611980633Z GetCartAsync called with userId=75fb99d4-1648-4332-8535-ad4aaffa2159
2026-08-15T13:00:08.444226537Z GetCartAsync called with userId=1a78ea5e-f3eb-4fc8-b79b-d8ffed14c071
2026-08-15T13:00:08.814445212Z GetCartAsync called with userId=b6862a64-9aa0-43ed-925f-989df9463214
2026-08-15T13:00:08.850119656Z GetCartAsync called with userId=503c59e6-3248-41ab-b86d-35a34eadc2c8
2026-08-15T13:00:09.902016944Z GetCartAsync called with userId=b6862a64-9aa0-43ed-925f-989df9463214
2026-08-15T13:00:10.244126999Z GetCartAsync called with userId=dbc81ea5-5531-4605-9216-4c4255eaf706
2026-08-15T13:00:10.972374736Z GetCartAsync called with userId=7c83c8f1-08fe-4458-a9a9-0c772a23d674
2026-08-15T13:00:11.115088871Z GetCartAsync called with userId=a3e940e3-04a9-4123-b8ae-9b66e1087df3
2026-08-15T13:00:11.967521995Z GetCartAsync called with userId=503c59e6-3248-41ab-b86d-35a34eadc2c8
2026-08-15T13:00:12.666801843Z GetCartAsync called with userId=b7346bb4-8dd0-4f04-a092-01bc982d095c
2026-08-15T13:00:12.680462906Z AddItemAsync called with userId=b7346bb4-8dd0-4f04-a092-01bc982d095c, productId=9SIQT8TOJO, quantity=9
2026-08-15T13:00:12.684097469Z GetCartAsync called with userId=b7346bb4-8dd0-4f04-a092-01bc982d095c
2026-08-15T13:00:12.749283370Z GetCartAsync called with userId=b6862a64-9aa0-43ed-925f-989df9463214
2026-08-15T13:00:13.151659605Z GetCartAsync called with userId=adb034c7-2a87-4c97-ba43-226f28dee2e6
2026-08-15T13:00:13.156883726Z GetCartAsync called with userId=be3bdda6-898f-4a6c-a1cb-3ded9cc31c28
2026-08-15T13:00:13.215886411Z GetCartAsync called with userId=2a3f6416-cbe5-4f35-a5b3-b222c38dd6b1
2026-08-15T13:00:13.329821475Z GetCartAsync called with userId=40e41bab-7ac7-4eb1-9d5c-3bd1e797c094
2026-08-15T13:00:13.790340208Z Checking CartService Health
2026-08-15T13:00:14.253175673Z GetCartAsync called with userId=bfc202a9-206c-45fc-85e1-bb5fc4c56ed0
2026-08-15T13:00:14.278316781Z GetCartAsync called with userId=503c59e6-3248-41ab-b86d-35a34eadc2c8
2026-08-15T13:00:15.162276449Z GetCartAsync called with userId=dbc81ea5-5531-4605-9216-4c4255eaf706
2026-08-15T13:00:15.205606371Z GetCartAsync called with userId=fe551a84-c24b-4719-a509-b9e5fdf64e37
2026-08-15T13:00:15.477669307Z GetCartAsync called with userId=503c59e6-3248-41ab-b86d-35a34eadc2c8
2026-08-15T13:00:15.519575687Z GetCartAsync called with userId=40e41bab-7ac7-4eb1-9d5c-3bd1e797c094
2026-08-15T13:00:15.613331439Z GetCartAsync called with userId=be3bdda6-898f-4a6c-a1cb-3ded9cc31c28
2026-08-15T13:00:15.788959456Z GetCartAsync called with userId=75fb99d4-1648-4332-8535-ad4aaffa2159
2026-08-15T13:00:16.122947469Z Checking CartService Health
2026-08-15T13:00:16.930778745Z GetCartAsync called with userId=a3e940e3-04a9-4123-b8ae-9b66e1087df3
2026-08-15T13:00:17.977019700Z GetCartAsync called with userId=9acecf4b-1a54-469f-a88c-1831fc170649
2026-08-15T13:00:18.207157052Z GetCartAsync called with userId=2a3f6416-cbe5-4f35-a5b3-b222c38dd6b1
2026-08-15T13:00:18.289923050Z GetCartAsync called with userId=dbc81ea5-5531-4605-9216-4c4255eaf706
2026-08-15T13:00:18.416406268Z GetCartAsync called with userId=1a78ea5e-f3eb-4fc8-b79b-d8ffed14c071
2026-08-15T13:00:19.263827813Z GetCartAsync called with userId=7c83c8f1-08fe-4458-a9a9-0c772a23d674
2026-08-15T13:00:20.045740986Z GetCartAsync called with userId=75fb99d4-1648-4332-8535-ad4aaffa2159
2026-08-15T13:00:20.726532131Z GetCartAsync called with userId=bfc202a9-206c-45fc-85e1-bb5fc4c56ed0
2026-08-15T13:00:20.848507924Z GetCartAsync called with userId=be3bdda6-898f-4a6c-a1cb-3ded9cc31c28
2026-08-15T13:00:21.288376369Z GetCartAsync called with userId=1a78ea5e-f3eb-4fc8-b79b-d8ffed14c071
2026-08-15T13:00:21.299174386Z AddItemAsync called with userId=1a78ea5e-f3eb-4fc8-b79b-d8ffed14c071, productId=OLJCESPC7Z, quantity=8
2026-08-15T13:00:21.302681217Z GetCartAsync called with userId=1a78ea5e-f3eb-4fc8-b79b-d8ffed14c071
2026-08-15T13:00:21.318040364Z GetCartAsync called with userId=1a78ea5e-f3eb-4fc8-b79b-d8ffed14c071
2026-08-15T13:00:21.328526452Z EmptyCartAsync called with userId=1a78ea5e-f3eb-4fc8-b79b-d8ffed14c071
2026-08-15T13:00:21.542664428Z GetCartAsync called with userId=b7346bb4-8dd0-4f04-a092-01bc982d095c
2026-08-15T13:00:21.551155328Z GetCartAsync called with userId=fe551a84-c24b-4719-a509-b9e5fdf64e37
2026-08-15T13:00:21.562696616Z AddItemAsync called with userId=fe551a84-c24b-4719-a509-b9e5fdf64e37, productId=L9ECAV7KIM, quantity=9
2026-08-15T13:00:21.565961823Z GetCartAsync called with userId=fe551a84-c24b-4719-a509-b9e5fdf64e37
2026-08-15T13:00:22.442948054Z GetCartAsync called with userId=9acecf4b-1a54-469f-a88c-1831fc170649
2026-08-15T13:00:22.523045301Z GetCartAsync called with userId=b6862a64-9aa0-43ed-925f-989df9463214
2026-08-15T13:00:22.763652871Z GetCartAsync called with userId=75fb99d4-1648-4332-8535-ad4aaffa2159
2026-08-15T13:00:22.778370158Z AddItemAsync called with userId=75fb99d4-1648-4332-8535-ad4aaffa2159, productId=1YMWWN1N4O, quantity=1
2026-08-15T13:00:22.783617552Z GetCartAsync called with userId=75fb99d4-1648-4332-8535-ad4aaffa2159
2026-08-15T13:00:22.894721921Z GetCartAsync called with userId=adb034c7-2a87-4c97-ba43-226f28dee2e6
2026-08-15T13:00:23.318412442Z GetCartAsync called with userId=40e41bab-7ac7-4eb1-9d5c-3bd1e797c094
2026-08-15T13:00:23.460190300Z GetCartAsync called with userId=dbc81ea5-5531-4605-9216-4c4255eaf706
2026-08-15T13:00:23.789780255Z Checking CartService Health
2026-08-15T13:00:23.981788146Z GetCartAsync called with userId=adb034c7-2a87-4c97-ba43-226f28dee2e6
2026-08-15T13:00:24.990855722Z GetCartAsync called with userId=2a3f6416-cbe5-4f35-a5b3-b222c38dd6b1
2026-08-15T13:00:25.353909729Z GetCartAsync called with userId=75fb99d4-1648-4332-8535-ad4aaffa2159
2026-08-15T13:00:25.528736001Z GetCartAsync called with userId=40e41bab-7ac7-4eb1-9d5c-3bd1e797c094
2026-08-15T13:00:25.618949201Z GetCartAsync called with userId=9acecf4b-1a54-469f-a88c-1831fc170649
2026-08-15T13:00:25.867689638Z GetCartAsync called with userId=b7346bb4-8dd0-4f04-a092-01bc982d095c
2026-08-15T13:00:25.872024247Z GetCartAsync called with userId=be3bdda6-898f-4a6c-a1cb-3ded9cc31c28
2026-08-15T13:00:25.984788571Z GetCartAsync called with userId=a3e940e3-04a9-4123-b8ae-9b66e1087df3
2026-08-15T13:00:26.122526765Z Checking CartService Health
2026-08-15T13:00:26.236418652Z GetCartAsync called with userId=1a78ea5e-f3eb-4fc8-b79b-d8ffed14c071
2026-08-15T13:00:26.996679362Z GetCartAsync called with userId=503c59e6-3248-41ab-b86d-35a34eadc2c8
2026-08-15T13:00:27.646011332Z GetCartAsync called with userId=b6862a64-9aa0-43ed-925f-989df9463214
2026-08-15T13:00:27.656389715Z AddItemAsync called with userId=b6862a64-9aa0-43ed-925f-989df9463214, productId=L9ECAV7KIM, quantity=2
2026-08-15T13:00:27.659832741Z GetCartAsync called with userId=b6862a64-9aa0-43ed-925f-989df9463214
2026-08-15T13:00:27.672571948Z GetCartAsync called with userId=b6862a64-9aa0-43ed-925f-989df9463214
2026-08-15T13:00:27.679265082Z EmptyCartAsync called with userId=b6862a64-9aa0-43ed-925f-989df9463214
2026-08-15T13:00:28.152309287Z GetCartAsync called with userId=7c83c8f1-08fe-4458-a9a9-0c772a23d674
2026-08-15T13:00:28.236476859Z GetCartAsync called with userId=be3bdda6-898f-4a6c-a1cb-3ded9cc31c28
2026-08-15T13:00:28.616409845Z GetCartAsync called with userId=503c59e6-3248-41ab-b86d-35a34eadc2c8
2026-08-15T13:00:29.278950499Z GetCartAsync called with userId=2a3f6416-cbe5-4f35-a5b3-b222c38dd6b1
2026-08-15T13:00:29.538386472Z GetCartAsync called with userId=bfc202a9-206c-45fc-85e1-bb5fc4c56ed0
2026-08-15T13:00:29.548733352Z GetCartAsync called with userId=adb034c7-2a87-4c97-ba43-226f28dee2e6
2026-08-15T13:00:30.884755796Z GetCartAsync called with userId=fe551a84-c24b-4719-a509-b9e5fdf64e37
2026-08-15T13:00:31.341963501Z GetCartAsync called with userId=2a3f6416-cbe5-4f35-a5b3-b222c38dd6b1
2026-08-15T13:00:31.501080372Z GetCartAsync called with userId=bfc202a9-206c-45fc-85e1-bb5fc4c56ed0
2026-08-15T13:00:31.884226562Z GetCartAsync called with userId=b7346bb4-8dd0-4f04-a092-01bc982d095c
2026-08-15T13:00:32.259626219Z GetCartAsync called with userId=40e41bab-7ac7-4eb1-9d5c-3bd1e797c094
2026-08-15T13:00:32.265676192Z GetCartAsync called with userId=75fb99d4-1648-4332-8535-ad4aaffa2159
2026-08-15T13:00:32.621520796Z GetCartAsync called with userId=dbc81ea5-5531-4605-9216-4c4255eaf706
2026-08-15T13:00:32.986459662Z GetCartAsync called with userId=1a78ea5e-f3eb-4fc8-b79b-d8ffed14c071
2026-08-15T13:00:33.047364731Z GetCartAsync called with userId=503c59e6-3248-41ab-b86d-35a34eadc2c8
2026-08-15T13:00:33.204245390Z GetCartAsync called with userId=b6862a64-9aa0-43ed-925f-989df9463214
2026-08-15T13:00:33.214931602Z AddItemAsync called with userId=b6862a64-9aa0-43ed-925f-989df9463214, productId=LS4PSXUNUM, quantity=5
2026-08-15T13:00:33.218311622Z GetCartAsync called with userId=b6862a64-9aa0-43ed-925f-989df9463214
2026-08-15T13:00:33.786157907Z Checking CartService Health
2026-08-15T13:00:35.188807931Z GetCartAsync called with userId=9acecf4b-1a54-469f-a88c-1831fc170649
2026-08-15T13:00:35.279667361Z GetCartAsync called with userId=bfc202a9-206c-45fc-85e1-bb5fc4c56ed0
2026-08-15T13:00:35.773566947Z GetCartAsync called with userId=75fb99d4-1648-4332-8535-ad4aaffa2159
2026-08-15T13:00:36.118822460Z Checking CartService Health
2026-08-15T13:00:36.242869589Z GetCartAsync called with userId=2a3f6416-cbe5-4f35-a5b3-b222c38dd6b1
2026-08-15T13:00:36.321756229Z GetCartAsync called with userId=fe551a84-c24b-4719-a509-b9e5fdf64e37
2026-08-15T13:00:36.765856165Z GetCartAsync called with userId=b7346bb4-8dd0-4f04-a092-01bc982d095c
2026-08-15T13:00:36.798199080Z GetCartAsync called with userId=7c83c8f1-08fe-4458-a9a9-0c772a23d674
2026-08-15T13:00:36.885427749Z GetCartAsync called with userId=a3e940e3-04a9-4123-b8ae-9b66e1087df3
2026-08-15T13:00:37.487138550Z GetCartAsync called with userId=fe551a84-c24b-4719-a509-b9e5fdf64e37
2026-08-15T13:00:37.574286911Z GetCartAsync called with userId=dbc81ea5-5531-4605-9216-4c4255eaf706
2026-08-15T13:00:37.811913627Z GetCartAsync called with userId=be3bdda6-898f-4a6c-a1cb-3ded9cc31c28
2026-08-15T13:00:37.821406371Z AddItemAsync called with userId=be3bdda6-898f-4a6c-a1cb-3ded9cc31c28, productId=LS4PSXUNUM, quantity=10
2026-08-15T13:00:37.825403168Z GetCartAsync called with userId=be3bdda6-898f-4a6c-a1cb-3ded9cc31c28
2026-08-15T13:00:37.973968833Z GetCartAsync called with userId=1a78ea5e-f3eb-4fc8-b79b-d8ffed14c071
2026-08-15T13:00:38.631627194Z GetCartAsync called with userId=40e41bab-7ac7-4eb1-9d5c-3bd1e797c094
2026-08-15T13:00:38.690550950Z GetCartAsync called with userId=503c59e6-3248-41ab-b86d-35a34eadc2c8
2026-08-15T13:00:38.718134092Z GetCartAsync called with userId=adb034c7-2a87-4c97-ba43-226f28dee2e6
2026-08-15T13:00:39.497975796Z GetCartAsync called with userId=b6862a64-9aa0-43ed-925f-989df9463214
2026-08-15T13:00:39.508456037Z AddItemAsync called with userId=b6862a64-9aa0-43ed-925f-989df9463214, productId=6E92ZMYYFZ, quantity=1
2026-08-15T13:00:39.511913281Z GetCartAsync called with userId=b6862a64-9aa0-43ed-925f-989df9463214
2026-08-15T13:00:40.143231924Z GetCartAsync called with userId=7c83c8f1-08fe-4458-a9a9-0c772a23d674
2026-08-15T13:00:40.316631857Z GetCartAsync called with userId=adb034c7-2a87-4c97-ba43-226f28dee2e6
2026-08-15T13:00:40.326994787Z AddItemAsync called with userId=adb034c7-2a87-4c97-ba43-226f28dee2e6, productId=L9ECAV7KIM, quantity=2
2026-08-15T13:00:40.329983384Z GetCartAsync called with userId=adb034c7-2a87-4c97-ba43-226f28dee2e6
2026-08-15T13:00:40.341449024Z GetCartAsync called with userId=adb034c7-2a87-4c97-ba43-226f28dee2e6
2026-08-15T13:00:40.349175992Z EmptyCartAsync called with userId=adb034c7-2a87-4c97-ba43-226f28dee2e6
2026-08-15T13:00:40.790575360Z GetCartAsync called with userId=9acecf4b-1a54-469f-a88c-1831fc170649
2026-08-15T13:00:40.800099607Z AddItemAsync called with userId=9acecf4b-1a54-469f-a88c-1831fc170649, productId=LS4PSXUNUM, quantity=2
2026-08-15T13:00:40.802888384Z GetCartAsync called with userId=9acecf4b-1a54-469f-a88c-1831fc170649
2026-08-15T13:00:40.814206409Z GetCartAsync called with userId=9acecf4b-1a54-469f-a88c-1831fc170649
2026-08-15T13:00:40.820812465Z EmptyCartAsync called with userId=9acecf4b-1a54-469f-a88c-1831fc170649
2026-08-15T13:00:42.159629446Z GetCartAsync called with userId=75fb99d4-1648-4332-8535-ad4aaffa2159
2026-08-15T13:00:42.326930760Z GetCartAsync called with userId=1a78ea5e-f3eb-4fc8-b79b-d8ffed14c071
2026-08-15T13:00:43.016486448Z GetCartAsync called with userId=fe551a84-c24b-4719-a509-b9e5fdf64e37
2026-08-15T13:00:43.787984823Z Checking CartService Health
2026-08-15T13:00:44.028737874Z GetCartAsync called with userId=2a3f6416-cbe5-4f35-a5b3-b222c38dd6b1
2026-08-15T13:00:44.937582070Z GetCartAsync called with userId=9acecf4b-1a54-469f-a88c-1831fc170649
2026-08-15T13:00:45.191278815Z GetCartAsync called with userId=bfc202a9-206c-45fc-85e1-bb5fc4c56ed0
2026-08-15T13:00:45.321993573Z GetCartAsync called with userId=503c59e6-3248-41ab-b86d-35a34eadc2c8
2026-08-15T13:00:45.818546680Z GetCartAsync called with userId=a3e940e3-04a9-4123-b8ae-9b66e1087df3
2026-08-15T13:00:46.122591255Z Checking CartService Health
2026-08-15T13:00:46.253019385Z GetCartAsync called with userId=dbc81ea5-5531-4605-9216-4c4255eaf706
2026-08-15T13:00:46.354005173Z GetCartAsync called with userId=b6862a64-9aa0-43ed-925f-989df9463214
2026-08-15T13:00:46.556252278Z GetCartAsync called with userId=b7346bb4-8dd0-4f04-a092-01bc982d095c
2026-08-15T13:00:46.850500974Z GetCartAsync called with userId=9acecf4b-1a54-469f-a88c-1831fc170649
2026-08-15T13:00:46.946077923Z GetCartAsync called with userId=adb034c7-2a87-4c97-ba43-226f28dee2e6
2026-08-15T13:00:47.055312736Z GetCartAsync called with userId=be3bdda6-898f-4a6c-a1cb-3ded9cc31c28
2026-08-15T13:00:47.079515153Z AddItemAsync called with userId=be3bdda6-898f-4a6c-a1cb-3ded9cc31c28, productId=L9ECAV7KIM, quantity=6
2026-08-15T13:00:47.113064505Z GetCartAsync called with userId=be3bdda6-898f-4a6c-a1cb-3ded9cc31c28
2026-08-15T13:00:47.377770050Z GetCartAsync called with userId=7c83c8f1-08fe-4458-a9a9-0c772a23d674
2026-08-15T13:00:48.606135166Z GetCartAsync called with userId=bfc202a9-206c-45fc-85e1-bb5fc4c56ed0
2026-08-15T13:00:48.799473881Z GetCartAsync called with userId=fe551a84-c24b-4719-a509-b9e5fdf64e37
2026-08-15T13:00:48.892950119Z GetCartAsync called with userId=1a78ea5e-f3eb-4fc8-b79b-d8ffed14c071
2026-08-15T13:00:48.902677291Z AddItemAsync called with userId=1a78ea5e-f3eb-4fc8-b79b-d8ffed14c071, productId=9SIQT8TOJO, quantity=4
2026-08-15T13:00:48.905925916Z GetCartAsync called with userId=1a78ea5e-f3eb-4fc8-b79b-d8ffed14c071
2026-08-15T13:00:49.822540587Z GetCartAsync called with userId=9acecf4b-1a54-469f-a88c-1831fc170649
2026-08-15T13:00:49.843291661Z GetCartAsync called with userId=2a3f6416-cbe5-4f35-a5b3-b222c38dd6b1
2026-08-15T13:00:50.429859322Z GetCartAsync called with userId=fe551a84-c24b-4719-a509-b9e5fdf64e37
2026-08-15T13:00:50.911382891Z GetCartAsync called with userId=40e41bab-7ac7-4eb1-9d5c-3bd1e797c094
2026-08-15T13:00:51.238088465Z GetCartAsync called with userId=dbc81ea5-5531-4605-9216-4c4255eaf706
2026-08-15T13:00:51.352574275Z GetCartAsync called with userId=b6862a64-9aa0-43ed-925f-989df9463214
2026-08-15T13:00:51.536282824Z GetCartAsync called with userId=503c59e6-3248-41ab-b86d-35a34eadc2c8
2026-08-15T13:00:51.686726186Z GetCartAsync called with userId=bfc202a9-206c-45fc-85e1-bb5fc4c56ed0
2026-08-15T13:00:51.802018575Z GetCartAsync called with userId=75fb99d4-1648-4332-8535-ad4aaffa2159
2026-08-15T13:00:51.900034758Z GetCartAsync called with userId=1a78ea5e-f3eb-4fc8-b79b-d8ffed14c071
2026-08-15T13:00:53.787049473Z Checking CartService Health
2026-08-15T13:00:54.275518828Z GetCartAsync called with userId=9acecf4b-1a54-469f-a88c-1831fc170649
2026-08-15T13:00:54.290895547Z AddItemAsync called with userId=9acecf4b-1a54-469f-a88c-1831fc170649, productId=66VCHSJNUP, quantity=9
2026-08-15T13:00:54.296117463Z GetCartAsync called with userId=9acecf4b-1a54-469f-a88c-1831fc170649
2026-08-15T13:00:54.622267883Z GetCartAsync called with userId=a3e940e3-04a9-4123-b8ae-9b66e1087df3
2026-08-15T13:00:54.739892103Z GetCartAsync called with userId=40e41bab-7ac7-4eb1-9d5c-3bd1e797c094
2026-08-15T13:00:55.235752488Z GetCartAsync called with userId=b7346bb4-8dd0-4f04-a092-01bc982d095c
2026-08-15T13:00:55.249584454Z AddItemAsync called with userId=b7346bb4-8dd0-4f04-a092-01bc982d095c, productId=L9ECAV7KIM, quantity=9
2026-08-15T13:00:55.253388530Z GetCartAsync called with userId=b7346bb4-8dd0-4f04-a092-01bc982d095c
2026-08-15T13:00:56.126027837Z Checking CartService Health
2026-08-15T13:00:56.585767553Z GetCartAsync called with userId=7c83c8f1-08fe-4458-a9a9-0c772a23d674
2026-08-15T13:00:56.637124627Z GetCartAsync called with userId=be3bdda6-898f-4a6c-a1cb-3ded9cc31c28
2026-08-15T13:00:56.822097400Z GetCartAsync called with userId=adb034c7-2a87-4c97-ba43-226f28dee2e6
2026-08-15T13:00:57.028451285Z GetCartAsync called with userId=2a3f6416-cbe5-4f35-a5b3-b222c38dd6b1
2026-08-15T13:00:57.369806984Z GetCartAsync called with userId=503c59e6-3248-41ab-b86d-35a34eadc2c8
2026-08-15T13:00:57.781176122Z GetCartAsync called with userId=fe551a84-c24b-4719-a509-b9e5fdf64e37
2026-08-15T13:00:57.844249853Z AddItemAsync called with userId=fe551a84-c24b-4719-a509-b9e5fdf64e37, productId=6E92ZMYYFZ, quantity=9
2026-08-15T13:00:57.851363856Z GetCartAsync called with userId=fe551a84-c24b-4719-a509-b9e5fdf64e37
2026-08-15T13:00:58.328900763Z GetCartAsync called with userId=9acecf4b-1a54-469f-a88c-1831fc170649
2026-08-15T13:00:58.985023611Z GetCartAsync called with userId=40e41bab-7ac7-4eb1-9d5c-3bd1e797c094
2026-08-15T13:00:59.369325017Z GetCartAsync called with userId=1a78ea5e-f3eb-4fc8-b79b-d8ffed14c071
2026-08-15T13:00:59.566471980Z GetCartAsync called with userId=b6862a64-9aa0-43ed-925f-989df9463214
2026-08-15T13:00:59.566524084Z GetCartAsync called with userId=dbc81ea5-5531-4605-9216-4c4255eaf706
2026-08-15T13:01:00.537781165Z GetCartAsync called with userId=75fb99d4-1648-4332-8535-ad4aaffa2159
2026-08-15T13:01:00.817007590Z GetCartAsync called with userId=a3e940e3-04a9-4123-b8ae-9b66e1087df3
2026-08-15T13:01:01.533955042Z GetCartAsync called with userId=be3bdda6-898f-4a6c-a1cb-3ded9cc31c28
2026-08-15T13:01:02.701626818Z GetCartAsync called with userId=503c59e6-3248-41ab-b86d-35a34eadc2c8
2026-08-15T13:01:03.208408807Z GetCartAsync called with userId=b6862a64-9aa0-43ed-925f-989df9463214
2026-08-15T13:01:03.785044632Z Checking CartService Health
2026-08-15T13:01:03.792163188Z GetCartAsync called with userId=2a3f6416-cbe5-4f35-a5b3-b222c38dd6b1
2026-08-15T13:01:04.247349224Z GetCartAsync called with userId=bfc202a9-206c-45fc-85e1-bb5fc4c56ed0
2026-08-15T13:01:04.478572926Z GetCartAsync called with userId=b6862a64-9aa0-43ed-925f-989df9463214
2026-08-15T13:01:04.681811951Z GetCartAsync called with userId=1a78ea5e-f3eb-4fc8-b79b-d8ffed14c071
2026-08-15T13:01:05.020169723Z GetCartAsync called with userId=b7346bb4-8dd0-4f04-a092-01bc982d095c
2026-08-15T13:01:06.117292400Z Checking CartService Health
2026-08-15T13:01:06.169660170Z GetCartAsync called with userId=a3e940e3-04a9-4123-b8ae-9b66e1087df3
2026-08-15T13:01:06.349223220Z GetCartAsync called with userId=fe551a84-c24b-4719-a509-b9e5fdf64e37
2026-08-15T13:01:06.445200914Z GetCartAsync called with userId=75fb99d4-1648-4332-8535-ad4aaffa2159
2026-08-15T13:01:06.445789673Z GetCartAsync called with userId=40e41bab-7ac7-4eb1-9d5c-3bd1e797c094
2026-08-15T13:01:06.451028496Z AddItemAsync called with userId=fe551a84-c24b-4719-a509-b9e5fdf64e37, productId=6E92ZMYYFZ, quantity=10
2026-08-15T13:01:06.453968990Z GetCartAsync called with userId=9acecf4b-1a54-469f-a88c-1831fc170649
2026-08-15T13:01:06.544104401Z GetCartAsync called with userId=fe551a84-c24b-4719-a509-b9e5fdf64e37
2026-08-15T13:01:06.655504937Z GetCartAsync called with userId=fe551a84-c24b-4719-a509-b9e5fdf64e37
2026-08-15T13:01:06.669388024Z EmptyCartAsync called with userId=fe551a84-c24b-4719-a509-b9e5fdf64e37
2026-08-15T13:01:07.346531414Z GetCartAsync called with userId=dbc81ea5-5531-4605-9216-4c4255eaf706
2026-08-15T13:01:07.970323971Z GetCartAsync called with userId=7c83c8f1-08fe-4458-a9a9-0c772a23d674
2026-08-15T13:01:08.385960319Z GetCartAsync called with userId=adb034c7-2a87-4c97-ba43-226f28dee2e6
2026-08-15T13:01:09.743181092Z GetCartAsync called with userId=40e41bab-7ac7-4eb1-9d5c-3bd1e797c094
2026-08-15T13:01:09.890374406Z GetCartAsync called with userId=9acecf4b-1a54-469f-a88c-1831fc170649
2026-08-15T13:01:10.494630709Z GetCartAsync called with userId=b7346bb4-8dd0-4f04-a092-01bc982d095c
2026-08-15T13:01:10.506061552Z GetCartAsync called with userId=b6862a64-9aa0-43ed-925f-989df9463214
2026-08-15T13:01:10.735140552Z GetCartAsync called with userId=adb034c7-2a87-4c97-ba43-226f28dee2e6
2026-08-15T13:01:10.751676104Z GetCartAsync called with userId=bfc202a9-206c-45fc-85e1-bb5fc4c56ed0
2026-08-15T13:01:10.765059142Z GetCartAsync called with userId=75fb99d4-1648-4332-8535-ad4aaffa2159
2026-08-15T13:01:10.938554285Z GetCartAsync called with userId=503c59e6-3248-41ab-b86d-35a34eadc2c8
2026-08-15T13:01:10.957214051Z AddItemAsync called with userId=503c59e6-3248-41ab-b86d-35a34eadc2c8, productId=9SIQT8TOJO, quantity=2
2026-08-15T13:01:10.962792108Z GetCartAsync called with userId=503c59e6-3248-41ab-b86d-35a34eadc2c8
2026-08-15T13:01:11.265208839Z GetCartAsync called with userId=dbc81ea5-5531-4605-9216-4c4255eaf706
2026-08-15T13:01:11.286292147Z GetCartAsync called with userId=be3bdda6-898f-4a6c-a1cb-3ded9cc31c28
2026-08-15T13:01:11.520866395Z GetCartAsync called with userId=40e41bab-7ac7-4eb1-9d5c-3bd1e797c094
2026-08-15T13:01:12.155374323Z GetCartAsync called with userId=9acecf4b-1a54-469f-a88c-1831fc170649
2026-08-15T13:01:12.291269708Z GetCartAsync called with userId=a3e940e3-04a9-4123-b8ae-9b66e1087df3
2026-08-15T13:01:12.683215488Z GetCartAsync called with userId=503c59e6-3248-41ab-b86d-35a34eadc2c8
2026-08-15T13:01:13.389756316Z GetCartAsync called with userId=9acecf4b-1a54-469f-a88c-1831fc170649
2026-08-15T13:01:13.785500676Z Checking CartService Health
2026-08-15T13:01:14.433426768Z GetCartAsync called with userId=75fb99d4-1648-4332-8535-ad4aaffa2159
2026-08-15T13:01:14.571453226Z GetCartAsync called with userId=2a3f6416-cbe5-4f35-a5b3-b222c38dd6b1
2026-08-15T13:01:14.912530324Z GetCartAsync called with userId=7c83c8f1-08fe-4458-a9a9-0c772a23d674
2026-08-15T13:01:15.016537291Z GetCartAsync called with userId=b7346bb4-8dd0-4f04-a092-01bc982d095c
2026-08-15T13:01:15.016628401Z AddItemAsync called with userId=7c83c8f1-08fe-4458-a9a9-0c772a23d674, productId=0PUK6V6EV0, quantity=6
2026-08-15T13:01:15.045526381Z GetCartAsync called with userId=7c83c8f1-08fe-4458-a9a9-0c772a23d674
2026-08-15T13:01:15.554528617Z GetCartAsync called with userId=1a78ea5e-f3eb-4fc8-b79b-d8ffed14c071
2026-08-15T13:01:15.762458343Z GetCartAsync called with userId=adb034c7-2a87-4c97-ba43-226f28dee2e6
2026-08-15T13:01:16.098394829Z GetCartAsync called with userId=503c59e6-3248-41ab-b86d-35a34eadc2c8
2026-08-15T13:01:16.118049888Z Checking CartService Health
2026-08-15T13:01:16.296985224Z GetCartAsync called with userId=fe551a84-c24b-4719-a509-b9e5fdf64e37
2026-08-15T13:01:16.323128730Z AddItemAsync called with userId=fe551a84-c24b-4719-a509-b9e5fdf64e37, productId=0PUK6V6EV0, quantity=9
2026-08-15T13:01:16.346281238Z GetCartAsync called with userId=fe551a84-c24b-4719-a509-b9e5fdf64e37
2026-08-15T13:01:16.444339512Z GetCartAsync called with userId=40e41bab-7ac7-4eb1-9d5c-3bd1e797c094
2026-08-15T13:01:16.446871764Z GetCartAsync called with userId=be3bdda6-898f-4a6c-a1cb-3ded9cc31c28
2026-08-15T13:01:17.001634362Z GetCartAsync called with userId=9acecf4b-1a54-469f-a88c-1831fc170649
2026-08-15T13:01:17.001701268Z GetCartAsync called with userId=dbc81ea5-5531-4605-9216-4c4255eaf706
2026-08-15T13:01:17.630845680Z GetCartAsync called with userId=40e41bab-7ac7-4eb1-9d5c-3bd1e797c094
2026-08-15T13:01:17.890214534Z GetCartAsync called with userId=b6862a64-9aa0-43ed-925f-989df9463214
2026-08-15T13:01:17.976125097Z GetCartAsync called with userId=a3e940e3-04a9-4123-b8ae-9b66e1087df3
2026-08-15T13:01:18.269290019Z GetCartAsync called with userId=bfc202a9-206c-45fc-85e1-bb5fc4c56ed0
2026-08-15T13:01:18.388168669Z GetCartAsync called with userId=1a78ea5e-f3eb-4fc8-b79b-d8ffed14c071
2026-08-15T13:01:18.861061105Z GetCartAsync called with userId=7c83c8f1-08fe-4458-a9a9-0c772a23d674
2026-08-15T13:01:19.483599759Z GetCartAsync called with userId=fe551a84-c24b-4719-a509-b9e5fdf64e37
2026-08-15T13:01:20.191540425Z GetCartAsync called with userId=b7346bb4-8dd0-4f04-a092-01bc982d095c
2026-08-15T13:01:20.495498623Z GetCartAsync called with userId=2a3f6416-cbe5-4f35-a5b3-b222c38dd6b1
2026-08-15T13:01:21.528128053Z GetCartAsync called with userId=a3e940e3-04a9-4123-b8ae-9b66e1087df3
2026-08-15T13:01:21.565552783Z AddItemAsync called with userId=a3e940e3-04a9-4123-b8ae-9b66e1087df3, productId=LS4PSXUNUM, quantity=9
2026-08-15T13:01:21.613235036Z GetCartAsync called with userId=a3e940e3-04a9-4123-b8ae-9b66e1087df3
2026-08-15T13:01:21.643651068Z GetCartAsync called with userId=a3e940e3-04a9-4123-b8ae-9b66e1087df3
2026-08-15T13:01:21.653345835Z EmptyCartAsync called with userId=a3e940e3-04a9-4123-b8ae-9b66e1087df3
2026-08-15T13:01:22.390946093Z GetCartAsync called with userId=adb034c7-2a87-4c97-ba43-226f28dee2e6
2026-08-15T13:01:22.502193272Z GetCartAsync called with userId=b6862a64-9aa0-43ed-925f-989df9463214
2026-08-15T13:01:22.825937228Z GetCartAsync called with userId=bfc202a9-206c-45fc-85e1-bb5fc4c56ed0
2026-08-15T13:01:23.232092128Z GetCartAsync called with userId=b7346bb4-8dd0-4f04-a092-01bc982d095c
2026-08-15T13:01:23.345654110Z GetCartAsync called with userId=40e41bab-7ac7-4eb1-9d5c-3bd1e797c094
2026-08-15T13:01:23.786858891Z Checking CartService Health
2026-08-15T13:01:23.792811114Z GetCartAsync called with userId=75fb99d4-1648-4332-8535-ad4aaffa2159
2026-08-15T13:01:24.219540423Z GetCartAsync called with userId=1a78ea5e-f3eb-4fc8-b79b-d8ffed14c071
2026-08-15T13:01:25.024875610Z GetCartAsync called with userId=7c83c8f1-08fe-4458-a9a9-0c772a23d674
2026-08-15T13:01:25.256987912Z GetCartAsync called with userId=fe551a84-c24b-4719-a509-b9e5fdf64e37
2026-08-15T13:01:25.514762970Z GetCartAsync called with userId=b6862a64-9aa0-43ed-925f-989df9463214
2026-08-15T13:01:25.847441012Z GetCartAsync called with userId=503c59e6-3248-41ab-b86d-35a34eadc2c8
2026-08-15T13:01:25.949825912Z GetCartAsync called with userId=9acecf4b-1a54-469f-a88c-1831fc170649
2026-08-15T13:01:26.055869533Z AddItemAsync called with userId=9acecf4b-1a54-469f-a88c-1831fc170649, productId=LS4PSXUNUM, quantity=3
2026-08-15T13:01:26.070363607Z GetCartAsync called with userId=9acecf4b-1a54-469f-a88c-1831fc170649
2026-08-15T13:01:26.123778902Z Checking CartService Health
2026-08-15T13:01:26.147468084Z GetCartAsync called with userId=be3bdda6-898f-4a6c-a1cb-3ded9cc31c28
2026-08-15T13:01:26.758550197Z GetCartAsync called with userId=b6862a64-9aa0-43ed-925f-989df9463214
2026-08-15T13:01:26.915145261Z GetCartAsync called with userId=adb034c7-2a87-4c97-ba43-226f28dee2e6
2026-08-15T13:01:27.675350253Z GetCartAsync called with userId=a3e940e3-04a9-4123-b8ae-9b66e1087df3
2026-08-15T13:01:27.970910332Z GetCartAsync called with userId=7c83c8f1-08fe-4458-a9a9-0c772a23d674
2026-08-15T13:01:28.106085914Z AddItemAsync called with userId=7c83c8f1-08fe-4458-a9a9-0c772a23d674, productId=66VCHSJNUP, quantity=8
2026-08-15T13:01:28.138781488Z GetCartAsync called with userId=7c83c8f1-08fe-4458-a9a9-0c772a23d674
2026-08-15T13:01:28.167065174Z GetCartAsync called with userId=7c83c8f1-08fe-4458-a9a9-0c772a23d674
2026-08-15T13:01:28.182539934Z EmptyCartAsync called with userId=7c83c8f1-08fe-4458-a9a9-0c772a23d674
2026-08-15T13:01:28.425068052Z GetCartAsync called with userId=b6862a64-9aa0-43ed-925f-989df9463214
2026-08-15T13:01:28.524148161Z AddItemAsync called with userId=b6862a64-9aa0-43ed-925f-989df9463214, productId=66VCHSJNUP, quantity=7
2026-08-15T13:01:28.547977655Z GetCartAsync called with userId=b6862a64-9aa0-43ed-925f-989df9463214
2026-08-15T13:01:28.640674603Z GetCartAsync called with userId=b6862a64-9aa0-43ed-925f-989df9463214
2026-08-15T13:01:28.658929708Z EmptyCartAsync called with userId=b6862a64-9aa0-43ed-925f-989df9463214
2026-08-15T13:01:28.737938852Z GetCartAsync called with userId=dbc81ea5-5531-4605-9216-4c4255eaf706
2026-08-15T13:01:29.486832679Z GetCartAsync called with userId=2a3f6416-cbe5-4f35-a5b3-b222c38dd6b1
2026-08-15T13:01:29.543940398Z AddItemAsync called with userId=2a3f6416-cbe5-4f35-a5b3-b222c38dd6b1, productId=LS4PSXUNUM, quantity=1
2026-08-15T13:01:29.556876635Z GetCartAsync called with userId=2a3f6416-cbe5-4f35-a5b3-b222c38dd6b1
2026-08-15T13:01:29.714939029Z GetCartAsync called with userId=75fb99d4-1648-4332-8535-ad4aaffa2159
2026-08-15T13:01:29.751585550Z GetCartAsync called with userId=2a3f6416-cbe5-4f35-a5b3-b222c38dd6b1
2026-08-15T13:01:29.852733541Z AddItemAsync called with userId=75fb99d4-1648-4332-8535-ad4aaffa2159, productId=1YMWWN1N4O, quantity=6
2026-08-15T13:01:29.864640787Z EmptyCartAsync called with userId=2a3f6416-cbe5-4f35-a5b3-b222c38dd6b1
2026-08-15T13:01:29.911096571Z GetCartAsync called with userId=75fb99d4-1648-4332-8535-ad4aaffa2159
2026-08-15T13:01:30.039927595Z GetCartAsync called with userId=dbc81ea5-5531-4605-9216-4c4255eaf706
2026-08-15T13:01:31.497137465Z GetCartAsync called with userId=dbc81ea5-5531-4605-9216-4c4255eaf706
2026-08-15T13:01:31.609893023Z AddItemAsync called with userId=dbc81ea5-5531-4605-9216-4c4255eaf706, productId=OLJCESPC7Z, quantity=10
2026-08-15T13:01:31.624243101Z GetCartAsync called with userId=dbc81ea5-5531-4605-9216-4c4255eaf706
2026-08-15T13:01:31.719030784Z GetCartAsync called with userId=dbc81ea5-5531-4605-9216-4c4255eaf706
2026-08-15T13:01:31.740788771Z EmptyCartAsync called with userId=dbc81ea5-5531-4605-9216-4c4255eaf706
2026-08-15T13:01:31.837123781Z GetCartAsync called with userId=2a3f6416-cbe5-4f35-a5b3-b222c38dd6b1
2026-08-15T13:01:32.187663863Z GetCartAsync called with userId=fe551a84-c24b-4719-a509-b9e5fdf64e37
2026-08-15T13:01:32.226427246Z GetCartAsync called with userId=adb034c7-2a87-4c97-ba43-226f28dee2e6
2026-08-15T13:01:32.528607458Z GetCartAsync called with userId=bfc202a9-206c-45fc-85e1-bb5fc4c56ed0
2026-08-15T13:01:32.733963620Z GetCartAsync called with userId=7c83c8f1-08fe-4458-a9a9-0c772a23d674
2026-08-15T13:01:32.804491711Z GetCartAsync called with userId=b7346bb4-8dd0-4f04-a092-01bc982d095c
2026-08-15T13:01:33.237885297Z GetCartAsync called with userId=40e41bab-7ac7-4eb1-9d5c-3bd1e797c094
2026-08-15T13:01:33.255344730Z GetCartAsync called with userId=503c59e6-3248-41ab-b86d-35a34eadc2c8
2026-08-15T13:01:33.267289211Z AddItemAsync called with userId=503c59e6-3248-41ab-b86d-35a34eadc2c8, productId=LS4PSXUNUM, quantity=2
2026-08-15T13:01:33.270565180Z GetCartAsync called with userId=503c59e6-3248-41ab-b86d-35a34eadc2c8
2026-08-15T13:01:33.340280304Z GetCartAsync called with userId=1a78ea5e-f3eb-4fc8-b79b-d8ffed14c071
2026-08-15T13:01:33.354678487Z AddItemAsync called with userId=1a78ea5e-f3eb-4fc8-b79b-d8ffed14c071, productId=LS4PSXUNUM, quantity=1
2026-08-15T13:01:33.360360853Z GetCartAsync called with userId=1a78ea5e-f3eb-4fc8-b79b-d8ffed14c071
2026-08-15T13:01:33.377768082Z GetCartAsync called with userId=1a78ea5e-f3eb-4fc8-b79b-d8ffed14c071
2026-08-15T13:01:33.387665195Z EmptyCartAsync called with userId=1a78ea5e-f3eb-4fc8-b79b-d8ffed14c071
2026-08-15T13:01:33.779508869Z GetCartAsync called with userId=fe551a84-c24b-4719-a509-b9e5fdf64e37
2026-08-15T13:01:33.788940644Z Checking CartService Health
2026-08-15T13:01:34.074986331Z GetCartAsync called with userId=75fb99d4-1648-4332-8535-ad4aaffa2159
2026-08-15T13:01:34.575554932Z GetCartAsync called with userId=9acecf4b-1a54-469f-a88c-1831fc170649
2026-08-15T13:01:34.785092737Z GetCartAsync called with userId=1a78ea5e-f3eb-4fc8-b79b-d8ffed14c071
2026-08-15T13:01:35.738906955Z GetCartAsync called with userId=be3bdda6-898f-4a6c-a1cb-3ded9cc31c28
2026-08-15T13:01:35.869687693Z GetCartAsync called with userId=adb034c7-2a87-4c97-ba43-226f28dee2e6
2026-08-15T13:01:35.909711980Z GetCartAsync called with userId=b6862a64-9aa0-43ed-925f-989df9463214
2026-08-15T13:01:36.006258807Z AddItemAsync called with userId=adb034c7-2a87-4c97-ba43-226f28dee2e6, productId=OLJCESPC7Z, quantity=3
2026-08-15T13:01:36.014618193Z GetCartAsync called with userId=adb034c7-2a87-4c97-ba43-226f28dee2e6
2026-08-15T13:01:36.107075585Z GetCartAsync called with userId=a3e940e3-04a9-4123-b8ae-9b66e1087df3
2026-08-15T13:01:36.114465392Z Checking CartService Health
2026-08-15T13:01:37.607727803Z GetCartAsync called with userId=40e41bab-7ac7-4eb1-9d5c-3bd1e797c094
2026-08-15T13:01:38.042292985Z GetCartAsync called with userId=2a3f6416-cbe5-4f35-a5b3-b222c38dd6b1
2026-08-15T13:01:38.073700364Z AddItemAsync called with userId=2a3f6416-cbe5-4f35-a5b3-b222c38dd6b1, productId=OLJCESPC7Z, quantity=10
2026-08-15T13:01:38.142567519Z GetCartAsync called with userId=2a3f6416-cbe5-4f35-a5b3-b222c38dd6b1
2026-08-15T13:01:38.647507956Z GetCartAsync called with userId=bfc202a9-206c-45fc-85e1-bb5fc4c56ed0
2026-08-15T13:01:38.760030332Z GetCartAsync called with userId=a3e940e3-04a9-4123-b8ae-9b66e1087df3
2026-08-15T13:01:39.152230487Z GetCartAsync called with userId=adb034c7-2a87-4c97-ba43-226f28dee2e6
2026-08-15T13:01:39.165689123Z AddItemAsync called with userId=adb034c7-2a87-4c97-ba43-226f28dee2e6, productId=66VCHSJNUP, quantity=1
2026-08-15T13:01:39.171019853Z GetCartAsync called with userId=adb034c7-2a87-4c97-ba43-226f28dee2e6
2026-08-15T13:01:39.191695906Z GetCartAsync called with userId=75fb99d4-1648-4332-8535-ad4aaffa2159
2026-08-15T13:01:39.428893466Z GetCartAsync called with userId=503c59e6-3248-41ab-b86d-35a34eadc2c8
2026-08-15T13:01:39.542662666Z AddItemAsync called with userId=503c59e6-3248-41ab-b86d-35a34eadc2c8, productId=6E92ZMYYFZ, quantity=8
2026-08-15T13:01:39.612749527Z GetCartAsync called with userId=503c59e6-3248-41ab-b86d-35a34eadc2c8
2026-08-15T13:01:39.715632046Z GetCartAsync called with userId=fe551a84-c24b-4719-a509-b9e5fdf64e37
2026-08-15T13:01:39.808048325Z GetCartAsync called with userId=7c83c8f1-08fe-4458-a9a9-0c772a23d674
2026-08-15T13:01:40.099983721Z GetCartAsync called with userId=dbc81ea5-5531-4605-9216-4c4255eaf706
2026-08-15T13:01:40.146924984Z AddItemAsync called with userId=dbc81ea5-5531-4605-9216-4c4255eaf706, productId=2ZYFJ3GM2N, quantity=9
2026-08-15T13:01:40.210819630Z GetCartAsync called with userId=dbc81ea5-5531-4605-9216-4c4255eaf706
2026-08-15T13:01:40.486048467Z GetCartAsync called with userId=b7346bb4-8dd0-4f04-a092-01bc982d095c
2026-08-15T13:01:42.386892466Z GetCartAsync called with userId=503c59e6-3248-41ab-b86d-35a34eadc2c8
2026-08-15T13:01:42.458390668Z GetCartAsync called with userId=1a78ea5e-f3eb-4fc8-b79b-d8ffed14c071
2026-08-15T13:01:43.285301900Z GetCartAsync called with userId=9acecf4b-1a54-469f-a88c-1831fc170649
2026-08-15T13:01:43.780638698Z Checking CartService Health
2026-08-15T13:01:43.791561983Z GetCartAsync called with userId=75fb99d4-1648-4332-8535-ad4aaffa2159
2026-08-15T13:01:43.983460043Z GetCartAsync called with userId=2a3f6416-cbe5-4f35-a5b3-b222c38dd6b1
2026-08-15T13:01:45.214874552Z GetCartAsync called with userId=7c83c8f1-08fe-4458-a9a9-0c772a23d674
2026-08-15T13:01:45.635930773Z GetCartAsync called with userId=adb034c7-2a87-4c97-ba43-226f28dee2e6
2026-08-15T13:01:45.915227914Z GetCartAsync called with userId=a3e940e3-04a9-4123-b8ae-9b66e1087df3
2026-08-15T13:01:45.926609745Z AddItemAsync called with userId=a3e940e3-04a9-4123-b8ae-9b66e1087df3, productId=6E92ZMYYFZ, quantity=8
2026-08-15T13:01:45.929898071Z GetCartAsync called with userId=a3e940e3-04a9-4123-b8ae-9b66e1087df3
2026-08-15T13:01:45.930279709Z GetCartAsync called with userId=dbc81ea5-5531-4605-9216-4c4255eaf706
2026-08-15T13:01:45.944831255Z GetCartAsync called with userId=a3e940e3-04a9-4123-b8ae-9b66e1087df3
2026-08-15T13:01:45.951078875Z GetCartAsync called with userId=b6862a64-9aa0-43ed-925f-989df9463214
2026-08-15T13:01:45.953662532Z EmptyCartAsync called with userId=a3e940e3-04a9-4123-b8ae-9b66e1087df3
2026-08-15T13:01:46.112719230Z Checking CartService Health
2026-08-15T13:01:47.039416520Z GetCartAsync called with userId=2a3f6416-cbe5-4f35-a5b3-b222c38dd6b1
2026-08-15T13:01:47.532953969Z GetCartAsync called with userId=b6862a64-9aa0-43ed-925f-989df9463214
2026-08-15T13:01:47.629267841Z AddItemAsync called with userId=b6862a64-9aa0-43ed-925f-989df9463214, productId=OLJCESPC7Z, quantity=8
2026-08-15T13:01:47.714328094Z GetCartAsync called with userId=b6862a64-9aa0-43ed-925f-989df9463214
2026-08-15T13:01:47.715035564Z GetCartAsync called with userId=be3bdda6-898f-4a6c-a1cb-3ded9cc31c28
2026-08-15T13:01:47.907680710Z GetCartAsync called with userId=9acecf4b-1a54-469f-a88c-1831fc170649
2026-08-15T13:01:48.106667686Z GetCartAsync called with userId=bfc202a9-206c-45fc-85e1-bb5fc4c56ed0
2026-08-15T13:01:48.110322749Z GetCartAsync called with userId=a3e940e3-04a9-4123-b8ae-9b66e1087df3
2026-08-15T13:01:48.139124111Z GetCartAsync called with userId=b7346bb4-8dd0-4f04-a092-01bc982d095c
2026-08-15T13:01:48.411308261Z GetCartAsync called with userId=fe551a84-c24b-4719-a509-b9e5fdf64e37
2026-08-15T13:01:48.444252835Z GetCartAsync called with userId=40e41bab-7ac7-4eb1-9d5c-3bd1e797c094
2026-08-15T13:01:48.513787946Z AddItemAsync called with userId=b7346bb4-8dd0-4f04-a092-01bc982d095c, productId=1YMWWN1N4O, quantity=4
2026-08-15T13:01:48.521531015Z GetCartAsync called with userId=b7346bb4-8dd0-4f04-a092-01bc982d095c
2026-08-15T13:01:49.035738918Z GetCartAsync called with userId=adb034c7-2a87-4c97-ba43-226f28dee2e6
2026-08-15T13:01:49.109218021Z AddItemAsync called with userId=adb034c7-2a87-4c97-ba43-226f28dee2e6, productId=L9ECAV7KIM, quantity=7
2026-08-15T13:01:49.142514830Z GetCartAsync called with userId=adb034c7-2a87-4c97-ba43-226f28dee2e6
2026-08-15T13:01:49.401161135Z GetCartAsync called with userId=b6862a64-9aa0-43ed-925f-989df9463214
2026-08-15T13:01:49.699404775Z GetCartAsync called with userId=75fb99d4-1648-4332-8535-ad4aaffa2159
2026-08-15T13:01:50.159196970Z GetCartAsync called with userId=503c59e6-3248-41ab-b86d-35a34eadc2c8
2026-08-15T13:01:51.368883091Z GetCartAsync called with userId=75fb99d4-1648-4332-8535-ad4aaffa2159
2026-08-15T13:01:51.910320000Z GetCartAsync called with userId=1a78ea5e-f3eb-4fc8-b79b-d8ffed14c071
2026-08-15T13:01:51.941364485Z GetCartAsync called with userId=7c83c8f1-08fe-4458-a9a9-0c772a23d674
2026-08-15T13:01:52.223994173Z GetCartAsync called with userId=a3e940e3-04a9-4123-b8ae-9b66e1087df3
2026-08-15T13:01:52.286709206Z GetCartAsync called with userId=bfc202a9-206c-45fc-85e1-bb5fc4c56ed0
2026-08-15T13:01:52.521412831Z GetCartAsync called with userId=503c59e6-3248-41ab-b86d-35a34eadc2c8
2026-08-15T13:01:52.877755145Z GetCartAsync called with userId=b7346bb4-8dd0-4f04-a092-01bc982d095c
2026-08-15T13:01:53.626566963Z GetCartAsync called with userId=fe551a84-c24b-4719-a509-b9e5fdf64e37
2026-08-15T13:01:53.784353344Z Checking CartService Health
2026-08-15T13:01:53.942783089Z AddItemAsync called with userId=fe551a84-c24b-4719-a509-b9e5fdf64e37, productId=OLJCESPC7Z, quantity=10
2026-08-15T13:01:54.012307799Z GetCartAsync called with userId=fe551a84-c24b-4719-a509-b9e5fdf64e37
2026-08-15T13:01:54.336004051Z GetCartAsync called with userId=75fb99d4-1648-4332-8535-ad4aaffa2159
2026-08-15T13:01:54.970607088Z GetCartAsync called with userId=b6862a64-9aa0-43ed-925f-989df9463214
2026-08-15T13:01:55.461105648Z GetCartAsync called with userId=adb034c7-2a87-4c97-ba43-226f28dee2e6
2026-08-15T13:01:55.714499470Z GetCartAsync called with userId=1a78ea5e-f3eb-4fc8-b79b-d8ffed14c071
2026-08-15T13:01:56.116085990Z Checking CartService Health
2026-08-15T13:01:56.402488292Z GetCartAsync called with userId=dbc81ea5-5531-4605-9216-4c4255eaf706
2026-08-15T13:01:57.257399511Z GetCartAsync called with userId=1a78ea5e-f3eb-4fc8-b79b-d8ffed14c071
2026-08-15T13:01:57.258994359Z GetCartAsync called with userId=503c59e6-3248-41ab-b86d-35a34eadc2c8
2026-08-15T13:01:57.447368450Z GetCartAsync called with userId=40e41bab-7ac7-4eb1-9d5c-3bd1e797c094
2026-08-15T13:01:57.455012677Z GetCartAsync called with userId=a3e940e3-04a9-4123-b8ae-9b66e1087df3
2026-08-15T13:01:57.606902486Z GetCartAsync called with userId=fe551a84-c24b-4719-a509-b9e5fdf64e37
2026-08-15T13:01:58.099766216Z GetCartAsync called with userId=bfc202a9-206c-45fc-85e1-bb5fc4c56ed0
2026-08-15T13:01:58.118015458Z AddItemAsync called with userId=bfc202a9-206c-45fc-85e1-bb5fc4c56ed0, productId=66VCHSJNUP, quantity=2
2026-08-15T13:01:58.123735128Z GetCartAsync called with userId=bfc202a9-206c-45fc-85e1-bb5fc4c56ed0
2026-08-15T13:01:58.702930020Z GetCartAsync called with userId=2a3f6416-cbe5-4f35-a5b3-b222c38dd6b1
2026-08-15T13:02:00.693929548Z GetCartAsync called with userId=7c83c8f1-08fe-4458-a9a9-0c772a23d674
2026-08-15T13:02:00.920942582Z GetCartAsync called with userId=503c59e6-3248-41ab-b86d-35a34eadc2c8
2026-08-15T13:02:00.941035541Z GetCartAsync called with userId=a3e940e3-04a9-4123-b8ae-9b66e1087df3
2026-08-15T13:02:01.110628576Z GetCartAsync called with userId=be3bdda6-898f-4a6c-a1cb-3ded9cc31c28
2026-08-15T13:02:01.380478986Z GetCartAsync called with userId=9acecf4b-1a54-469f-a88c-1831fc170649
2026-08-15T13:02:01.444160095Z AddItemAsync called with userId=9acecf4b-1a54-469f-a88c-1831fc170649, productId=9SIQT8TOJO, quantity=10
2026-08-15T13:02:01.561601746Z GetCartAsync called with userId=9acecf4b-1a54-469f-a88c-1831fc170649
2026-08-15T13:02:01.707174839Z GetCartAsync called with userId=b6862a64-9aa0-43ed-925f-989df9463214
2026-08-15T13:02:02.110962508Z GetCartAsync called with userId=b7346bb4-8dd0-4f04-a092-01bc982d095c
2026-08-15T13:02:02.224259454Z AddItemAsync called with userId=b7346bb4-8dd0-4f04-a092-01bc982d095c, productId=1YMWWN1N4O, quantity=7
2026-08-15T13:02:02.237818276Z GetCartAsync called with userId=b7346bb4-8dd0-4f04-a092-01bc982d095c
2026-08-15T13:02:02.631771161Z GetCartAsync called with userId=dbc81ea5-5531-4605-9216-4c4255eaf706
2026-08-15T13:02:03.232855805Z GetCartAsync called with userId=adb034c7-2a87-4c97-ba43-226f28dee2e6
2026-08-15T13:02:03.527648070Z GetCartAsync called with userId=75fb99d4-1648-4332-8535-ad4aaffa2159
2026-08-15T13:02:03.766431907Z GetCartAsync called with userId=dbc81ea5-5531-4605-9216-4c4255eaf706
2026-08-15T13:02:03.787734271Z Checking CartService Health
2026-08-15T13:02:05.124694319Z GetCartAsync called with userId=fe551a84-c24b-4719-a509-b9e5fdf64e37
2026-08-15T13:02:05.762806151Z GetCartAsync called with userId=bfc202a9-206c-45fc-85e1-bb5fc4c56ed0
2026-08-15T13:02:05.988622532Z GetCartAsync called with userId=2a3f6416-cbe5-4f35-a5b3-b222c38dd6b1
2026-08-15T13:02:06.048301514Z AddItemAsync called with userId=2a3f6416-cbe5-4f35-a5b3-b222c38dd6b1, productId=6E92ZMYYFZ, quantity=1
2026-08-15T13:02:06.109377232Z GetCartAsync called with userId=2a3f6416-cbe5-4f35-a5b3-b222c38dd6b1
2026-08-15T13:02:06.113835564Z Checking CartService Health
2026-08-15T13:02:06.312289794Z GetCartAsync called with userId=2a3f6416-cbe5-4f35-a5b3-b222c38dd6b1
2026-08-15T13:02:06.334778873Z EmptyCartAsync called with userId=2a3f6416-cbe5-4f35-a5b3-b222c38dd6b1
2026-08-15T13:02:06.838336667Z GetCartAsync called with userId=40e41bab-7ac7-4eb1-9d5c-3bd1e797c094
2026-08-15T13:02:07.066719897Z GetCartAsync called with userId=b7346bb4-8dd0-4f04-a092-01bc982d095c
2026-08-15T13:02:07.237959589Z GetCartAsync called with userId=1a78ea5e-f3eb-4fc8-b79b-d8ffed14c071
2026-08-15T13:02:07.467895769Z GetCartAsync called with userId=9acecf4b-1a54-469f-a88c-1831fc170649
2026-08-15T13:02:08.010217219Z GetCartAsync called with userId=b6862a64-9aa0-43ed-925f-989df9463214
2026-08-15T13:02:08.268786374Z GetCartAsync called with userId=75fb99d4-1648-4332-8535-ad4aaffa2159
2026-08-15T13:02:08.956801341Z GetCartAsync called with userId=503c59e6-3248-41ab-b86d-35a34eadc2c8
2026-08-15T13:02:09.452221145Z GetCartAsync called with userId=40e41bab-7ac7-4eb1-9d5c-3bd1e797c094
2026-08-15T13:02:09.615392656Z GetCartAsync called with userId=adb034c7-2a87-4c97-ba43-226f28dee2e6
2026-08-15T13:02:09.801602100Z GetCartAsync called with userId=a3e940e3-04a9-4123-b8ae-9b66e1087df3
2026-08-15T13:02:09.865262368Z GetCartAsync called with userId=be3bdda6-898f-4a6c-a1cb-3ded9cc31c28
2026-08-15T13:02:09.885046485Z AddItemAsync called with userId=be3bdda6-898f-4a6c-a1cb-3ded9cc31c28, productId=66VCHSJNUP, quantity=4
2026-08-15T13:02:09.905406658Z GetCartAsync called with userId=be3bdda6-898f-4a6c-a1cb-3ded9cc31c28
2026-08-15T13:02:11.127058668Z GetCartAsync called with userId=2a3f6416-cbe5-4f35-a5b3-b222c38dd6b1
2026-08-15T13:02:11.340911575Z GetCartAsync called with userId=be3bdda6-898f-4a6c-a1cb-3ded9cc31c28
2026-08-15T13:02:12.458859882Z GetCartAsync called with userId=fe551a84-c24b-4719-a509-b9e5fdf64e37
2026-08-15T13:02:12.641534968Z GetCartAsync called with userId=b6862a64-9aa0-43ed-925f-989df9463214
2026-08-15T13:02:13.021479801Z GetCartAsync called with userId=40e41bab-7ac7-4eb1-9d5c-3bd1e797c094
2026-08-15T13:02:13.051099466Z AddItemAsync called with userId=40e41bab-7ac7-4eb1-9d5c-3bd1e797c094, productId=LS4PSXUNUM, quantity=3
2026-08-15T13:02:13.057883245Z GetCartAsync called with userId=40e41bab-7ac7-4eb1-9d5c-3bd1e797c094
2026-08-15T13:02:13.117418905Z GetCartAsync called with userId=40e41bab-7ac7-4eb1-9d5c-3bd1e797c094
2026-08-15T13:02:13.131659430Z EmptyCartAsync called with userId=40e41bab-7ac7-4eb1-9d5c-3bd1e797c094
2026-08-15T13:02:13.356695757Z GetCartAsync called with userId=bfc202a9-206c-45fc-85e1-bb5fc4c56ed0
2026-08-15T13:02:13.454387636Z AddItemAsync called with userId=bfc202a9-206c-45fc-85e1-bb5fc4c56ed0, productId=2ZYFJ3GM2N, quantity=2
2026-08-15T13:02:13.461737472Z GetCartAsync called with userId=bfc202a9-206c-45fc-85e1-bb5fc4c56ed0
2026-08-15T13:02:13.550396746Z GetCartAsync called with userId=9acecf4b-1a54-469f-a88c-1831fc170649
2026-08-15T13:02:13.554849292Z GetCartAsync called with userId=bfc202a9-206c-45fc-85e1-bb5fc4c56ed0
2026-08-15T13:02:13.570395848Z EmptyCartAsync called with userId=bfc202a9-206c-45fc-85e1-bb5fc4c56ed0
2026-08-15T13:02:13.779916522Z Checking CartService Health
2026-08-15T13:02:14.104044667Z GetCartAsync called with userId=7c83c8f1-08fe-4458-a9a9-0c772a23d674
2026-08-15T13:02:14.285524133Z GetCartAsync called with userId=dbc81ea5-5531-4605-9216-4c4255eaf706
2026-08-15T13:02:14.579137824Z GetCartAsync called with userId=fe551a84-c24b-4719-a509-b9e5fdf64e37
2026-08-15T13:02:14.673465967Z GetCartAsync called with userId=9acecf4b-1a54-469f-a88c-1831fc170649
2026-08-15T13:02:15.130344101Z GetCartAsync called with userId=b6862a64-9aa0-43ed-925f-989df9463214
2026-08-15T13:02:15.650768096Z GetCartAsync called with userId=75fb99d4-1648-4332-8535-ad4aaffa2159
2026-08-15T13:02:15.850794919Z AddItemAsync called with userId=75fb99d4-1648-4332-8535-ad4aaffa2159, productId=1YMWWN1N4O, quantity=7
2026-08-15T13:02:15.861366477Z GetCartAsync called with userId=75fb99d4-1648-4332-8535-ad4aaffa2159
2026-08-15T13:02:16.110413807Z Checking CartService Health
2026-08-15T13:02:16.247396519Z GetCartAsync called with userId=b7346bb4-8dd0-4f04-a092-01bc982d095c
2026-08-15T13:02:16.336880376Z GetCartAsync called with userId=1a78ea5e-f3eb-4fc8-b79b-d8ffed14c071
2026-08-15T13:02:17.385740768Z GetCartAsync called with userId=2a3f6416-cbe5-4f35-a5b3-b222c38dd6b1
2026-08-15T13:02:17.621892107Z GetCartAsync called with userId=be3bdda6-898f-4a6c-a1cb-3ded9cc31c28
2026-08-15T13:02:17.624881606Z GetCartAsync called with userId=503c59e6-3248-41ab-b86d-35a34eadc2c8
2026-08-15T13:02:17.747025233Z GetCartAsync called with userId=7c83c8f1-08fe-4458-a9a9-0c772a23d674
2026-08-15T13:02:18.310707461Z GetCartAsync called with userId=b7346bb4-8dd0-4f04-a092-01bc982d095c
2026-08-15T13:02:18.408551565Z GetCartAsync called with userId=fe551a84-c24b-4719-a509-b9e5fdf64e37
2026-08-15T13:02:18.410196229Z AddItemAsync called with userId=b7346bb4-8dd0-4f04-a092-01bc982d095c, productId=1YMWWN1N4O, quantity=9
2026-08-15T13:02:18.439255841Z GetCartAsync called with userId=b7346bb4-8dd0-4f04-a092-01bc982d095c
2026-08-15T13:02:18.714074178Z GetCartAsync called with userId=bfc202a9-206c-45fc-85e1-bb5fc4c56ed0
2026-08-15T13:02:18.811043794Z GetCartAsync called with userId=40e41bab-7ac7-4eb1-9d5c-3bd1e797c094
2026-08-15T13:02:19.360183418Z GetCartAsync called with userId=a3e940e3-04a9-4123-b8ae-9b66e1087df3
2026-08-15T13:02:19.374697172Z GetCartAsync called with userId=adb034c7-2a87-4c97-ba43-226f28dee2e6
2026-08-15T13:02:19.503987027Z GetCartAsync called with userId=dbc81ea5-5531-4605-9216-4c4255eaf706
2026-08-15T13:02:19.659812541Z GetCartAsync called with userId=b6862a64-9aa0-43ed-925f-989df9463214
2026-08-15T13:02:19.796643551Z GetCartAsync called with userId=be3bdda6-898f-4a6c-a1cb-3ded9cc31c28
2026-08-15T13:02:20.207661835Z GetCartAsync called with userId=9acecf4b-1a54-469f-a88c-1831fc170649
2026-08-15T13:02:20.244537030Z AddItemAsync called with userId=9acecf4b-1a54-469f-a88c-1831fc170649, productId=L9ECAV7KIM, quantity=3
2026-08-15T13:02:20.307460635Z GetCartAsync called with userId=9acecf4b-1a54-469f-a88c-1831fc170649
2026-08-15T13:02:20.331513845Z GetCartAsync called with userId=1a78ea5e-f3eb-4fc8-b79b-d8ffed14c071
2026-08-15T13:02:20.411954105Z GetCartAsync called with userId=2a3f6416-cbe5-4f35-a5b3-b222c38dd6b1
2026-08-15T13:02:21.487332558Z GetCartAsync called with userId=adb034c7-2a87-4c97-ba43-226f28dee2e6
2026-08-15T13:02:21.872488251Z GetCartAsync called with userId=503c59e6-3248-41ab-b86d-35a34eadc2c8
2026-08-15T13:02:22.173041666Z GetCartAsync called with userId=fe551a84-c24b-4719-a509-b9e5fdf64e37
2026-08-15T13:02:22.240797955Z AddItemAsync called with userId=fe551a84-c24b-4719-a509-b9e5fdf64e37, productId=2ZYFJ3GM2N, quantity=1
2026-08-15T13:02:22.264037384Z GetCartAsync called with userId=fe551a84-c24b-4719-a509-b9e5fdf64e37
2026-08-15T13:02:22.265450725Z GetCartAsync called with userId=40e41bab-7ac7-4eb1-9d5c-3bd1e797c094
2026-08-15T13:02:22.349553253Z GetCartAsync called with userId=fe551a84-c24b-4719-a509-b9e5fdf64e37
2026-08-15T13:02:22.362246224Z EmptyCartAsync called with userId=fe551a84-c24b-4719-a509-b9e5fdf64e37
2026-08-15T13:02:22.828409434Z GetCartAsync called with userId=be3bdda6-898f-4a6c-a1cb-3ded9cc31c28
2026-08-15T13:02:22.975273450Z GetCartAsync called with userId=2a3f6416-cbe5-4f35-a5b3-b222c38dd6b1
2026-08-15T13:02:23.193400006Z GetCartAsync called with userId=bfc202a9-206c-45fc-85e1-bb5fc4c56ed0
2026-08-15T13:02:23.779993082Z Checking CartService Health
2026-08-15T13:02:24.160723932Z GetCartAsync called with userId=b7346bb4-8dd0-4f04-a092-01bc982d095c
2026-08-15T13:02:24.253121990Z GetCartAsync called with userId=75fb99d4-1648-4332-8535-ad4aaffa2159
2026-08-15T13:02:26.117088659Z Checking CartService Health
2026-08-15T13:02:26.248154792Z GetCartAsync called with userId=be3bdda6-898f-4a6c-a1cb-3ded9cc31c28
2026-08-15T13:02:26.264310411Z AddItemAsync called with userId=be3bdda6-898f-4a6c-a1cb-3ded9cc31c28, productId=9SIQT8TOJO, quantity=10
2026-08-15T13:02:26.269610342Z GetCartAsync called with userId=be3bdda6-898f-4a6c-a1cb-3ded9cc31c28
2026-08-15T13:02:26.464638574Z GetCartAsync called with userId=fe551a84-c24b-4719-a509-b9e5fdf64e37
2026-08-15T13:02:26.868553524Z GetCartAsync called with userId=7c83c8f1-08fe-4458-a9a9-0c772a23d674
2026-08-15T13:02:27.437212004Z GetCartAsync called with userId=1a78ea5e-f3eb-4fc8-b79b-d8ffed14c071
2026-08-15T13:02:27.452306297Z AddItemAsync called with userId=1a78ea5e-f3eb-4fc8-b79b-d8ffed14c071, productId=66VCHSJNUP, quantity=10
2026-08-15T13:02:27.457047366Z GetCartAsync called with userId=1a78ea5e-f3eb-4fc8-b79b-d8ffed14c071
2026-08-15T13:02:27.488296756Z GetCartAsync called with userId=dbc81ea5-5531-4605-9216-4c4255eaf706
2026-08-15T13:02:27.890266513Z GetCartAsync called with userId=2a3f6416-cbe5-4f35-a5b3-b222c38dd6b1
2026-08-15T13:02:28.004648926Z GetCartAsync called with userId=b6862a64-9aa0-43ed-925f-989df9463214
2026-08-15T13:02:28.696974701Z GetCartAsync called with userId=9acecf4b-1a54-469f-a88c-1831fc170649
2026-08-15T13:02:29.626307218Z GetCartAsync called with userId=503c59e6-3248-41ab-b86d-35a34eadc2c8
2026-08-15T13:02:30.072728871Z GetCartAsync called with userId=adb034c7-2a87-4c97-ba43-226f28dee2e6
2026-08-15T13:02:30.989311427Z GetCartAsync called with userId=bfc202a9-206c-45fc-85e1-bb5fc4c56ed0
2026-08-15T13:02:31.438413645Z GetCartAsync called with userId=75fb99d4-1648-4332-8535-ad4aaffa2159
2026-08-15T13:02:31.580787327Z GetCartAsync called with userId=a3e940e3-04a9-4123-b8ae-9b66e1087df3
2026-08-15T13:02:31.708956404Z GetCartAsync called with userId=40e41bab-7ac7-4eb1-9d5c-3bd1e797c094
2026-08-15T13:02:32.720624063Z GetCartAsync called with userId=1a78ea5e-f3eb-4fc8-b79b-d8ffed14c071
2026-08-15T13:02:33.420230258Z GetCartAsync called with userId=7c83c8f1-08fe-4458-a9a9-0c772a23d674
2026-08-15T13:02:33.602246861Z GetCartAsync called with userId=b7346bb4-8dd0-4f04-a092-01bc982d095c
2026-08-15T13:02:33.602329069Z GetCartAsync called with userId=a3e940e3-04a9-4123-b8ae-9b66e1087df3
2026-08-15T13:02:33.706293552Z GetCartAsync called with userId=9acecf4b-1a54-469f-a88c-1831fc170649
2026-08-15T13:02:33.774508899Z Checking CartService Health
2026-08-15T13:02:34.343498019Z GetCartAsync called with userId=503c59e6-3248-41ab-b86d-35a34eadc2c8
2026-08-15T13:02:34.440672170Z GetCartAsync called with userId=fe551a84-c24b-4719-a509-b9e5fdf64e37
2026-08-15T13:02:34.543712557Z GetCartAsync called with userId=be3bdda6-898f-4a6c-a1cb-3ded9cc31c28
2026-08-15T13:02:34.546478157Z GetCartAsync called with userId=2a3f6416-cbe5-4f35-a5b3-b222c38dd6b1
2026-08-15T13:02:34.962941274Z GetCartAsync called with userId=dbc81ea5-5531-4605-9216-4c4255eaf706
2026-08-15T13:02:35.702382658Z GetCartAsync called with userId=1a78ea5e-f3eb-4fc8-b79b-d8ffed14c071
2026-08-15T13:02:35.738208147Z AddItemAsync called with userId=1a78ea5e-f3eb-4fc8-b79b-d8ffed14c071, productId=LS4PSXUNUM, quantity=3
2026-08-15T13:02:35.741486103Z GetCartAsync called with userId=1a78ea5e-f3eb-4fc8-b79b-d8ffed14c071
2026-08-15T13:02:36.016387950Z GetCartAsync called with userId=a3e940e3-04a9-4123-b8ae-9b66e1087df3
2026-08-15T13:02:36.108839988Z Checking CartService Health
2026-08-15T13:02:37.002149177Z GetCartAsync called with userId=2a3f6416-cbe5-4f35-a5b3-b222c38dd6b1
2026-08-15T13:02:37.441921325Z GetCartAsync called with userId=b7346bb4-8dd0-4f04-a092-01bc982d095c
2026-08-15T13:02:37.833961390Z GetCartAsync called with userId=9acecf4b-1a54-469f-a88c-1831fc170649
2026-08-15T13:02:37.957581112Z GetCartAsync called with userId=1a78ea5e-f3eb-4fc8-b79b-d8ffed14c071
2026-08-15T13:02:38.055685163Z GetCartAsync called with userId=be3bdda6-898f-4a6c-a1cb-3ded9cc31c28
2026-08-15T13:02:38.261215778Z GetCartAsync called with userId=adb034c7-2a87-4c97-ba43-226f28dee2e6
2026-08-15T13:02:38.466926313Z GetCartAsync called with userId=dbc81ea5-5531-4605-9216-4c4255eaf706
2026-08-15T13:02:38.875578282Z GetCartAsync called with userId=b6862a64-9aa0-43ed-925f-989df9463214
2026-08-15T13:02:38.942570555Z AddItemAsync called with userId=b6862a64-9aa0-43ed-925f-989df9463214, productId=0PUK6V6EV0, quantity=3
2026-08-15T13:02:39.001552359Z GetCartAsync called with userId=b6862a64-9aa0-43ed-925f-989df9463214
2026-08-15T13:02:39.033249601Z GetCartAsync called with userId=a3e940e3-04a9-4123-b8ae-9b66e1087df3
2026-08-15T13:02:40.084598349Z GetCartAsync called with userId=9acecf4b-1a54-469f-a88c-1831fc170649
2026-08-15T13:02:40.200422024Z GetCartAsync called with userId=75fb99d4-1648-4332-8535-ad4aaffa2159
2026-08-15T13:02:40.238420550Z GetCartAsync called with userId=adb034c7-2a87-4c97-ba43-226f28dee2e6
2026-08-15T13:02:40.652047659Z GetCartAsync called with userId=fe551a84-c24b-4719-a509-b9e5fdf64e37
2026-08-15T13:02:41.098608643Z GetCartAsync called with userId=40e41bab-7ac7-4eb1-9d5c-3bd1e797c094
2026-08-15T13:02:41.444408988Z GetCartAsync called with userId=7c83c8f1-08fe-4458-a9a9-0c772a23d674
2026-08-15T13:02:42.198948511Z GetCartAsync called with userId=b7346bb4-8dd0-4f04-a092-01bc982d095c
2026-08-15T13:02:42.560021937Z GetCartAsync called with userId=dbc81ea5-5531-4605-9216-4c4255eaf706
2026-08-15T13:02:42.572622140Z AddItemAsync called with userId=dbc81ea5-5531-4605-9216-4c4255eaf706, productId=OLJCESPC7Z, quantity=2
2026-08-15T13:02:42.576688793Z GetCartAsync called with userId=dbc81ea5-5531-4605-9216-4c4255eaf706
2026-08-15T13:02:42.593503566Z GetCartAsync called with userId=dbc81ea5-5531-4605-9216-4c4255eaf706
2026-08-15T13:02:42.602664386Z EmptyCartAsync called with userId=dbc81ea5-5531-4605-9216-4c4255eaf706
2026-08-15T13:02:42.732664762Z GetCartAsync called with userId=2a3f6416-cbe5-4f35-a5b3-b222c38dd6b1
2026-08-15T13:02:43.197512526Z GetCartAsync called with userId=1a78ea5e-f3eb-4fc8-b79b-d8ffed14c071
2026-08-15T13:02:43.712478772Z GetCartAsync called with userId=503c59e6-3248-41ab-b86d-35a34eadc2c8
2026-08-15T13:02:43.722425179Z AddItemAsync called with userId=503c59e6-3248-41ab-b86d-35a34eadc2c8, productId=L9ECAV7KIM, quantity=4
2026-08-15T13:02:43.726013779Z GetCartAsync called with userId=503c59e6-3248-41ab-b86d-35a34eadc2c8
2026-08-15T13:02:43.774314057Z Checking CartService Health
2026-08-15T13:02:43.966512860Z GetCartAsync called with userId=a3e940e3-04a9-4123-b8ae-9b66e1087df3
2026-08-15T13:02:44.098548263Z GetCartAsync called with userId=bfc202a9-206c-45fc-85e1-bb5fc4c56ed0
2026-08-15T13:02:44.427056245Z GetCartAsync called with userId=fe551a84-c24b-4719-a509-b9e5fdf64e37
2026-08-15T13:02:44.718507300Z GetCartAsync called with userId=9acecf4b-1a54-469f-a88c-1831fc170649
2026-08-15T13:02:44.773775055Z GetCartAsync called with userId=be3bdda6-898f-4a6c-a1cb-3ded9cc31c28
2026-08-15T13:02:46.107831511Z Checking CartService Health
2026-08-15T13:02:46.139335420Z GetCartAsync called with userId=75fb99d4-1648-4332-8535-ad4aaffa2159
2026-08-15T13:02:47.064145904Z GetCartAsync called with userId=503c59e6-3248-41ab-b86d-35a34eadc2c8
2026-08-15T13:02:47.454555079Z GetCartAsync called with userId=bfc202a9-206c-45fc-85e1-bb5fc4c56ed0
2026-08-15T13:02:47.602331535Z GetCartAsync called with userId=adb034c7-2a87-4c97-ba43-226f28dee2e6
2026-08-15T13:02:47.734927600Z GetCartAsync called with userId=40e41bab-7ac7-4eb1-9d5c-3bd1e797c094
2026-08-15T13:02:47.835516802Z GetCartAsync called with userId=7c83c8f1-08fe-4458-a9a9-0c772a23d674
2026-08-15T13:02:47.835619013Z GetCartAsync called with userId=b6862a64-9aa0-43ed-925f-989df9463214
2026-08-15T13:02:48.415249459Z GetCartAsync called with userId=9acecf4b-1a54-469f-a88c-1831fc170649
2026-08-15T13:02:48.517727171Z AddItemAsync called with userId=9acecf4b-1a54-469f-a88c-1831fc170649, productId=L9ECAV7KIM, quantity=9
2026-08-15T13:02:48.610378188Z GetCartAsync called with userId=bfc202a9-206c-45fc-85e1-bb5fc4c56ed0
2026-08-15T13:02:48.611578522Z GetCartAsync called with userId=9acecf4b-1a54-469f-a88c-1831fc170649
2026-08-15T13:02:48.703301136Z GetCartAsync called with userId=b7346bb4-8dd0-4f04-a092-01bc982d095c
2026-08-15T13:02:48.733493898Z AddItemAsync called with userId=bfc202a9-206c-45fc-85e1-bb5fc4c56ed0, productId=0PUK6V6EV0, quantity=1
2026-08-15T13:02:48.799375534Z GetCartAsync called with userId=bfc202a9-206c-45fc-85e1-bb5fc4c56ed0
2026-08-15T13:02:48.802580291Z GetCartAsync called with userId=9acecf4b-1a54-469f-a88c-1831fc170649
2026-08-15T13:02:48.815447224Z GetCartAsync called with userId=bfc202a9-206c-45fc-85e1-bb5fc4c56ed0
2026-08-15T13:02:48.818287940Z EmptyCartAsync called with userId=9acecf4b-1a54-469f-a88c-1831fc170649
2026-08-15T13:02:48.823128379Z EmptyCartAsync called with userId=bfc202a9-206c-45fc-85e1-bb5fc4c56ed0
2026-08-15T13:02:49.033176670Z GetCartAsync called with userId=75fb99d4-1648-4332-8535-ad4aaffa2159
2026-08-15T13:02:49.044315710Z AddItemAsync called with userId=75fb99d4-1648-4332-8535-ad4aaffa2159, productId=66VCHSJNUP, quantity=3
2026-08-15T13:02:49.048315356Z GetCartAsync called with userId=75fb99d4-1648-4332-8535-ad4aaffa2159
2026-08-15T13:02:49.515498180Z GetCartAsync called with userId=dbc81ea5-5531-4605-9216-4c4255eaf706
2026-08-15T13:02:49.627880794Z AddItemAsync called with userId=dbc81ea5-5531-4605-9216-4c4255eaf706, productId=OLJCESPC7Z, quantity=9
2026-08-15T13:02:49.642721147Z GetCartAsync called with userId=dbc81ea5-5531-4605-9216-4c4255eaf706
2026-08-15T13:02:50.581142364Z GetCartAsync called with userId=b6862a64-9aa0-43ed-925f-989df9463214
2026-08-15T13:02:50.806598524Z GetCartAsync called with userId=7c83c8f1-08fe-4458-a9a9-0c772a23d674
2026-08-15T13:02:51.695011648Z GetCartAsync called with userId=fe551a84-c24b-4719-a509-b9e5fdf64e37
2026-08-15T13:02:52.024530622Z GetCartAsync called with userId=1a78ea5e-f3eb-4fc8-b79b-d8ffed14c071
2026-08-15T13:02:52.108802341Z GetCartAsync called with userId=75fb99d4-1648-4332-8535-ad4aaffa2159
2026-08-15T13:02:52.299748649Z GetCartAsync called with userId=2a3f6416-cbe5-4f35-a5b3-b222c38dd6b1
2026-08-15T13:02:52.316125883Z AddItemAsync called with userId=75fb99d4-1648-4332-8535-ad4aaffa2159, productId=6E92ZMYYFZ, quantity=9
2026-08-15T13:02:52.320233217Z GetCartAsync called with userId=75fb99d4-1648-4332-8535-ad4aaffa2159
2026-08-15T13:02:52.342211243Z GetCartAsync called with userId=75fb99d4-1648-4332-8535-ad4aaffa2159
2026-08-15T13:02:52.353048890Z EmptyCartAsync called with userId=75fb99d4-1648-4332-8535-ad4aaffa2159
2026-08-15T13:02:53.410369590Z GetCartAsync called with userId=bfc202a9-206c-45fc-85e1-bb5fc4c56ed0
2026-08-15T13:02:53.749354366Z GetCartAsync called with userId=dbc81ea5-5531-4605-9216-4c4255eaf706
2026-08-15T13:02:53.775055286Z Checking CartService Health
2026-08-15T13:02:54.075104841Z GetCartAsync called with userId=7c83c8f1-08fe-4458-a9a9-0c772a23d674
2026-08-15T13:02:54.287863358Z GetCartAsync called with userId=40e41bab-7ac7-4eb1-9d5c-3bd1e797c094
2026-08-15T13:02:54.836851260Z GetCartAsync called with userId=503c59e6-3248-41ab-b86d-35a34eadc2c8
2026-08-15T13:02:54.963693684Z GetCartAsync called with userId=75fb99d4-1648-4332-8535-ad4aaffa2159
2026-08-15T13:02:55.285532745Z GetCartAsync called with userId=adb034c7-2a87-4c97-ba43-226f28dee2e6
2026-08-15T13:02:55.328309872Z GetCartAsync called with userId=a3e940e3-04a9-4123-b8ae-9b66e1087df3
2026-08-15T13:02:55.403338813Z GetCartAsync called with userId=be3bdda6-898f-4a6c-a1cb-3ded9cc31c28
2026-08-15T13:02:55.789288059Z GetCartAsync called with userId=b7346bb4-8dd0-4f04-a092-01bc982d095c
2026-08-15T13:02:55.977291356Z GetCartAsync called with userId=bfc202a9-206c-45fc-85e1-bb5fc4c56ed0
2026-08-15T13:02:56.111985611Z Checking CartService Health
2026-08-15T13:02:56.256608817Z GetCartAsync called with userId=b6862a64-9aa0-43ed-925f-989df9463214
2026-08-15T13:02:57.515768850Z GetCartAsync called with userId=7c83c8f1-08fe-4458-a9a9-0c772a23d674
2026-08-15T13:02:57.745443457Z GetCartAsync called with userId=1a78ea5e-f3eb-4fc8-b79b-d8ffed14c071
2026-08-15T13:02:57.959585020Z GetCartAsync called with userId=b6862a64-9aa0-43ed-925f-989df9463214
2026-08-15T13:02:58.049665754Z AddItemAsync called with userId=b6862a64-9aa0-43ed-925f-989df9463214, productId=L9ECAV7KIM, quantity=6
2026-08-15T13:02:58.054282142Z GetCartAsync called with userId=b6862a64-9aa0-43ed-925f-989df9463214
2026-08-15T13:02:58.140397456Z GetCartAsync called with userId=b7346bb4-8dd0-4f04-a092-01bc982d095c
2026-08-15T13:02:58.140423959Z GetCartAsync called with userId=9acecf4b-1a54-469f-a88c-1831fc170649
2026-08-15T13:02:58.692485190Z GetCartAsync called with userId=40e41bab-7ac7-4eb1-9d5c-3bd1e797c094
2026-08-15T13:02:58.845992801Z GetCartAsync called with userId=be3bdda6-898f-4a6c-a1cb-3ded9cc31c28
2026-08-15T13:02:58.975609513Z AddItemAsync called with userId=be3bdda6-898f-4a6c-a1cb-3ded9cc31c28, productId=L9ECAV7KIM, quantity=7
2026-08-15T13:02:59.037083984Z GetCartAsync called with userId=be3bdda6-898f-4a6c-a1cb-3ded9cc31c28
2026-08-15T13:02:59.358315132Z GetCartAsync called with userId=503c59e6-3248-41ab-b86d-35a34eadc2c8
2026-08-15T13:02:59.360527354Z GetCartAsync called with userId=2a3f6416-cbe5-4f35-a5b3-b222c38dd6b1
2026-08-15T13:02:59.362460348Z GetCartAsync called with userId=fe551a84-c24b-4719-a509-b9e5fdf64e37
2026-08-15T13:02:59.376488357Z GetCartAsync called with userId=be3bdda6-898f-4a6c-a1cb-3ded9cc31c28
2026-08-15T13:02:59.667003321Z EmptyCartAsync called with userId=be3bdda6-898f-4a6c-a1cb-3ded9cc31c28
2026-08-15T13:02:59.965800217Z GetCartAsync called with userId=adb034c7-2a87-4c97-ba43-226f28dee2e6
2026-08-15T13:03:00.038249090Z GetCartAsync called with userId=b7346bb4-8dd0-4f04-a092-01bc982d095c
2026-08-15T13:03:01.683614366Z GetCartAsync called with userId=503c59e6-3248-41ab-b86d-35a34eadc2c8
2026-08-15T13:03:01.806401393Z GetCartAsync called with userId=9acecf4b-1a54-469f-a88c-1831fc170649
2026-08-15T13:03:01.934207323Z AddItemAsync called with userId=9acecf4b-1a54-469f-a88c-1831fc170649, productId=2ZYFJ3GM2N, quantity=4
2026-08-15T13:03:02.007998331Z GetCartAsync called with userId=9acecf4b-1a54-469f-a88c-1831fc170649
2026-08-15T13:03:02.099434710Z GetCartAsync called with userId=2a3f6416-cbe5-4f35-a5b3-b222c38dd6b1
2026-08-15T13:03:02.209558265Z GetCartAsync called with userId=9acecf4b-1a54-469f-a88c-1831fc170649
2026-08-15T13:03:02.253026629Z EmptyCartAsync called with userId=9acecf4b-1a54-469f-a88c-1831fc170649
2026-08-15T13:03:03.242133124Z GetCartAsync called with userId=503c59e6-3248-41ab-b86d-35a34eadc2c8
2026-08-15T13:03:03.420199000Z GetCartAsync called with userId=2a3f6416-cbe5-4f35-a5b3-b222c38dd6b1
2026-08-15T13:03:03.613194175Z GetCartAsync called with userId=a3e940e3-04a9-4123-b8ae-9b66e1087df3
2026-08-15T13:03:03.773452163Z Checking CartService Health
2026-08-15T13:03:04.304209045Z GetCartAsync called with userId=dbc81ea5-5531-4605-9216-4c4255eaf706
2026-08-15T13:03:04.496243123Z GetCartAsync called with userId=75fb99d4-1648-4332-8535-ad4aaffa2159
2026-08-15T13:03:04.965570739Z GetCartAsync called with userId=adb034c7-2a87-4c97-ba43-226f28dee2e6
2026-08-15T13:03:05.060825401Z GetCartAsync called with userId=2a3f6416-cbe5-4f35-a5b3-b222c38dd6b1
2026-08-15T13:03:05.132757722Z GetCartAsync called with userId=bfc202a9-206c-45fc-85e1-bb5fc4c56ed0
2026-08-15T13:03:05.935633022Z GetCartAsync called with userId=1a78ea5e-f3eb-4fc8-b79b-d8ffed14c071
2026-08-15T13:03:06.068827393Z GetCartAsync called with userId=7c83c8f1-08fe-4458-a9a9-0c772a23d674
2026-08-15T13:03:06.104574082Z Checking CartService Health
2026-08-15T13:03:06.189597217Z GetCartAsync called with userId=fe551a84-c24b-4719-a509-b9e5fdf64e37
2026-08-15T13:03:06.699624767Z GetCartAsync called with userId=9acecf4b-1a54-469f-a88c-1831fc170649
2026-08-15T13:03:06.818021846Z GetCartAsync called with userId=bfc202a9-206c-45fc-85e1-bb5fc4c56ed0
2026-08-15T13:03:06.913177091Z GetCartAsync called with userId=b6862a64-9aa0-43ed-925f-989df9463214
2026-08-15T13:03:06.998017999Z GetCartAsync called with userId=be3bdda6-898f-4a6c-a1cb-3ded9cc31c28
2026-08-15T13:03:06.998095210Z GetCartAsync called with userId=b7346bb4-8dd0-4f04-a092-01bc982d095c
2026-08-15T13:03:07.099741458Z AddItemAsync called with userId=b6862a64-9aa0-43ed-925f-989df9463214, productId=LS4PSXUNUM, quantity=4
2026-08-15T13:03:07.102301414Z GetCartAsync called with userId=a3e940e3-04a9-4123-b8ae-9b66e1087df3
2026-08-15T13:03:07.110365937Z GetCartAsync called with userId=b6862a64-9aa0-43ed-925f-989df9463214
2026-08-15T13:03:07.199636762Z AddItemAsync called with userId=b7346bb4-8dd0-4f04-a092-01bc982d095c, productId=OLJCESPC7Z, quantity=7
2026-08-15T13:03:07.236767930Z GetCartAsync called with userId=b7346bb4-8dd0-4f04-a092-01bc982d095c
2026-08-15T13:03:07.333523897Z GetCartAsync called with userId=b6862a64-9aa0-43ed-925f-989df9463214
2026-08-15T13:03:07.451624535Z EmptyCartAsync called with userId=b6862a64-9aa0-43ed-925f-989df9463214
2026-08-15T13:03:07.492103670Z GetCartAsync called with userId=75fb99d4-1648-4332-8535-ad4aaffa2159
2026-08-15T13:03:07.981688313Z GetCartAsync called with userId=40e41bab-7ac7-4eb1-9d5c-3bd1e797c094
2026-08-15T13:03:08.992535610Z GetCartAsync called with userId=75fb99d4-1648-4332-8535-ad4aaffa2159
2026-08-15T13:03:09.199707746Z AddItemAsync called with userId=75fb99d4-1648-4332-8535-ad4aaffa2159, productId=2ZYFJ3GM2N, quantity=8
2026-08-15T13:03:09.205629170Z GetCartAsync called with userId=75fb99d4-1648-4332-8535-ad4aaffa2159
2026-08-15T13:03:09.429887584Z GetCartAsync called with userId=7c83c8f1-08fe-4458-a9a9-0c772a23d674
2026-08-15T13:03:11.008539212Z GetCartAsync called with userId=9acecf4b-1a54-469f-a88c-1831fc170649
2026-08-15T13:03:12.661110328Z GetCartAsync called with userId=503c59e6-3248-41ab-b86d-35a34eadc2c8
2026-08-15T13:03:13.323795065Z GetCartAsync called with userId=2a3f6416-cbe5-4f35-a5b3-b222c38dd6b1
2026-08-15T13:03:13.452236543Z GetCartAsync called with userId=be3bdda6-898f-4a6c-a1cb-3ded9cc31c28
2026-08-15T13:03:13.600173334Z GetCartAsync called with userId=dbc81ea5-5531-4605-9216-4c4255eaf706
2026-08-15T13:03:13.735594483Z GetCartAsync called with userId=adb034c7-2a87-4c97-ba43-226f28dee2e6
2026-08-15T13:03:13.771700408Z Checking CartService Health
2026-08-15T13:03:14.540564408Z GetCartAsync called with userId=b7346bb4-8dd0-4f04-a092-01bc982d095c
2026-08-15T13:03:14.651395621Z GetCartAsync called with userId=9acecf4b-1a54-469f-a88c-1831fc170649
2026-08-15T13:03:14.651463928Z GetCartAsync called with userId=7c83c8f1-08fe-4458-a9a9-0c772a23d674
2026-08-15T13:03:14.742155657Z AddItemAsync called with userId=9acecf4b-1a54-469f-a88c-1831fc170649, productId=0PUK6V6EV0, quantity=8
2026-08-15T13:03:14.751190136Z GetCartAsync called with userId=9acecf4b-1a54-469f-a88c-1831fc170649
2026-08-15T13:03:14.833528160Z GetCartAsync called with userId=503c59e6-3248-41ab-b86d-35a34eadc2c8
2026-08-15T13:03:14.929687282Z GetCartAsync called with userId=a3e940e3-04a9-4123-b8ae-9b66e1087df3
2026-08-15T13:03:15.036733784Z GetCartAsync called with userId=40e41bab-7ac7-4eb1-9d5c-3bd1e797c094
2026-08-15T13:03:15.142977299Z GetCartAsync called with userId=1a78ea5e-f3eb-4fc8-b79b-d8ffed14c071
2026-08-15T13:03:15.382599470Z GetCartAsync called with userId=75fb99d4-1648-4332-8535-ad4aaffa2159
2026-08-15T13:03:16.105116777Z Checking CartService Health
2026-08-15T13:03:16.194938812Z GetCartAsync called with userId=bfc202a9-206c-45fc-85e1-bb5fc4c56ed0
2026-08-15T13:03:16.217159020Z AddItemAsync called with userId=bfc202a9-206c-45fc-85e1-bb5fc4c56ed0, productId=0PUK6V6EV0, quantity=10
2026-08-15T13:03:16.224640731Z GetCartAsync called with userId=bfc202a9-206c-45fc-85e1-bb5fc4c56ed0
2026-08-15T13:03:16.301090717Z GetCartAsync called with userId=fe551a84-c24b-4719-a509-b9e5fdf64e37
2026-08-15T13:03:16.330459800Z GetCartAsync called with userId=503c59e6-3248-41ab-b86d-35a34eadc2c8
2026-08-15T13:03:16.331411403Z AddItemAsync called with userId=fe551a84-c24b-4719-a509-b9e5fdf64e37, productId=L9ECAV7KIM, quantity=1
2026-08-15T13:03:16.401446094Z GetCartAsync called with userId=fe551a84-c24b-4719-a509-b9e5fdf64e37
2026-08-15T13:03:16.618803151Z GetCartAsync called with userId=be3bdda6-898f-4a6c-a1cb-3ded9cc31c28
2026-08-15T13:03:17.038381426Z GetCartAsync called with userId=b6862a64-9aa0-43ed-925f-989df9463214
2026-08-15T13:03:17.369164677Z GetCartAsync called with userId=9acecf4b-1a54-469f-a88c-1831fc170649
2026-08-15T13:03:18.190063347Z GetCartAsync called with userId=adb034c7-2a87-4c97-ba43-226f28dee2e6
2026-08-15T13:03:18.678754012Z GetCartAsync called with userId=7c83c8f1-08fe-4458-a9a9-0c772a23d674
2026-08-15T13:03:19.736951701Z GetCartAsync called with userId=75fb99d4-1648-4332-8535-ad4aaffa2159
2026-08-15T13:03:20.646553185Z GetCartAsync called with userId=1a78ea5e-f3eb-4fc8-b79b-d8ffed14c071
2026-08-15T13:03:20.840132965Z GetCartAsync called with userId=adb034c7-2a87-4c97-ba43-226f28dee2e6
2026-08-15T13:03:21.048629463Z GetCartAsync called with userId=40e41bab-7ac7-4eb1-9d5c-3bd1e797c094
2026-08-15T13:03:21.054595809Z GetCartAsync called with userId=2a3f6416-cbe5-4f35-a5b3-b222c38dd6b1
2026-08-15T13:03:21.238757569Z GetCartAsync called with userId=dbc81ea5-5531-4605-9216-4c4255eaf706
2026-08-15T13:03:21.887566088Z GetCartAsync called with userId=b7346bb4-8dd0-4f04-a092-01bc982d095c
2026-08-15T13:03:22.176726128Z GetCartAsync called with userId=1a78ea5e-f3eb-4fc8-b79b-d8ffed14c071
2026-08-15T13:03:22.194542759Z AddItemAsync called with userId=1a78ea5e-f3eb-4fc8-b79b-d8ffed14c071, productId=OLJCESPC7Z, quantity=4
2026-08-15T13:03:22.198703309Z GetCartAsync called with userId=1a78ea5e-f3eb-4fc8-b79b-d8ffed14c071
2026-08-15T13:03:22.217171211Z GetCartAsync called with userId=1a78ea5e-f3eb-4fc8-b79b-d8ffed14c071
2026-08-15T13:03:22.227995784Z EmptyCartAsync called with userId=1a78ea5e-f3eb-4fc8-b79b-d8ffed14c071
2026-08-15T13:03:22.554858259Z GetCartAsync called with userId=fe551a84-c24b-4719-a509-b9e5fdf64e37
2026-08-15T13:03:22.568583246Z AddItemAsync called with userId=fe551a84-c24b-4719-a509-b9e5fdf64e37, productId=0PUK6V6EV0, quantity=1
2026-08-15T13:03:22.572175409Z GetCartAsync called with userId=fe551a84-c24b-4719-a509-b9e5fdf64e37
2026-08-15T13:03:22.588176526Z GetCartAsync called with userId=fe551a84-c24b-4719-a509-b9e5fdf64e37
2026-08-15T13:03:22.597780097Z EmptyCartAsync called with userId=fe551a84-c24b-4719-a509-b9e5fdf64e37
2026-08-15T13:03:23.179196256Z GetCartAsync called with userId=7c83c8f1-08fe-4458-a9a9-0c772a23d674
2026-08-15T13:03:23.772621429Z Checking CartService Health
2026-08-15T13:03:24.355087495Z GetCartAsync called with userId=a3e940e3-04a9-4123-b8ae-9b66e1087df3
2026-08-15T13:03:24.388378159Z AddItemAsync called with userId=a3e940e3-04a9-4123-b8ae-9b66e1087df3, productId=2ZYFJ3GM2N, quantity=9
2026-08-15T13:03:24.393296456Z GetCartAsync called with userId=a3e940e3-04a9-4123-b8ae-9b66e1087df3
2026-08-15T13:03:25.393804670Z GetCartAsync called with userId=2a3f6416-cbe5-4f35-a5b3-b222c38dd6b1
2026-08-15T13:03:25.500761479Z GetCartAsync called with userId=503c59e6-3248-41ab-b86d-35a34eadc2c8
2026-08-15T13:03:25.599298738Z GetCartAsync called with userId=be3bdda6-898f-4a6c-a1cb-3ded9cc31c28
2026-08-15T13:03:25.831034958Z GetCartAsync called with userId=a3e940e3-04a9-4123-b8ae-9b66e1087df3
2026-08-15T13:03:25.980236236Z GetCartAsync called with userId=bfc202a9-206c-45fc-85e1-bb5fc4c56ed0
2026-08-15T13:03:26.031132380Z GetCartAsync called with userId=9acecf4b-1a54-469f-a88c-1831fc170649
2026-08-15T13:03:26.105202566Z Checking CartService Health
2026-08-15T13:03:26.850916530Z GetCartAsync called with userId=b6862a64-9aa0-43ed-925f-989df9463214
2026-08-15T13:03:26.999119407Z GetCartAsync called with userId=a3e940e3-04a9-4123-b8ae-9b66e1087df3
2026-08-15T13:03:27.076289907Z GetCartAsync called with userId=75fb99d4-1648-4332-8535-ad4aaffa2159
2026-08-15T13:03:27.970384966Z GetCartAsync called with userId=bfc202a9-206c-45fc-85e1-bb5fc4c56ed0
2026-08-15T13:03:28.806046120Z GetCartAsync called with userId=dbc81ea5-5531-4605-9216-4c4255eaf706
2026-08-15T13:03:29.077236028Z GetCartAsync called with userId=7c83c8f1-08fe-4458-a9a9-0c772a23d674
2026-08-15T13:03:30.377790865Z GetCartAsync called with userId=b7346bb4-8dd0-4f04-a092-01bc982d095c
2026-08-15T13:03:30.624221372Z GetCartAsync called with userId=adb034c7-2a87-4c97-ba43-226f28dee2e6
2026-08-15T13:03:30.756073733Z GetCartAsync called with userId=fe551a84-c24b-4719-a509-b9e5fdf64e37
2026-08-15T13:03:30.771610695Z AddItemAsync called with userId=fe551a84-c24b-4719-a509-b9e5fdf64e37, productId=9SIQT8TOJO, quantity=5
2026-08-15T13:03:30.774493285Z GetCartAsync called with userId=503c59e6-3248-41ab-b86d-35a34eadc2c8
2026-08-15T13:03:30.777491187Z GetCartAsync called with userId=fe551a84-c24b-4719-a509-b9e5fdf64e37
2026-08-15T13:03:31.032796063Z GetCartAsync called with userId=40e41bab-7ac7-4eb1-9d5c-3bd1e797c094
2026-08-15T13:03:31.048273720Z AddItemAsync called with userId=40e41bab-7ac7-4eb1-9d5c-3bd1e797c094, productId=66VCHSJNUP, quantity=4
2026-08-15T13:03:31.053722268Z GetCartAsync called with userId=40e41bab-7ac7-4eb1-9d5c-3bd1e797c094
2026-08-15T13:03:31.974192842Z GetCartAsync called with userId=1a78ea5e-f3eb-4fc8-b79b-d8ffed14c071
2026-08-15T13:03:32.099553249Z AddItemAsync called with userId=1a78ea5e-f3eb-4fc8-b79b-d8ffed14c071, productId=6E92ZMYYFZ, quantity=1
2026-08-15T13:03:32.128043815Z GetCartAsync called with userId=1a78ea5e-f3eb-4fc8-b79b-d8ffed14c071
2026-08-15T13:03:32.229874856Z GetCartAsync called with userId=fe551a84-c24b-4719-a509-b9e5fdf64e37
2026-08-15T13:03:32.524338171Z GetCartAsync called with userId=dbc81ea5-5531-4605-9216-4c4255eaf706
2026-08-15T13:03:32.814447748Z GetCartAsync called with userId=adb034c7-2a87-4c97-ba43-226f28dee2e6
2026-08-15T13:03:32.832746288Z GetCartAsync called with userId=503c59e6-3248-41ab-b86d-35a34eadc2c8
2026-08-15T13:03:33.791342396Z GetCartAsync called with userId=bfc202a9-206c-45fc-85e1-bb5fc4c56ed0
2026-08-15T13:03:33.791501612Z Checking CartService Health
2026-08-15T13:03:33.874729082Z GetCartAsync called with userId=be3bdda6-898f-4a6c-a1cb-3ded9cc31c28
2026-08-15T13:03:34.180815766Z GetCartAsync called with userId=b6862a64-9aa0-43ed-925f-989df9463214
2026-08-15T13:03:34.280574299Z GetCartAsync called with userId=9acecf4b-1a54-469f-a88c-1831fc170649
2026-08-15T13:03:34.534908978Z GetCartAsync called with userId=adb034c7-2a87-4c97-ba43-226f28dee2e6
2026-08-15T13:03:34.708118098Z GetCartAsync called with userId=a3e940e3-04a9-4123-b8ae-9b66e1087df3
2026-08-15T13:03:34.861204394Z GetCartAsync called with userId=2a3f6416-cbe5-4f35-a5b3-b222c38dd6b1
2026-08-15T13:03:35.494374073Z GetCartAsync called with userId=7c83c8f1-08fe-4458-a9a9-0c772a23d674
2026-08-15T13:03:35.557904063Z AddItemAsync called with userId=7c83c8f1-08fe-4458-a9a9-0c772a23d674, productId=L9ECAV7KIM, quantity=7
2026-08-15T13:03:35.563175893Z GetCartAsync called with userId=7c83c8f1-08fe-4458-a9a9-0c772a23d674
2026-08-15T13:03:36.108874575Z Checking CartService Health
2026-08-15T13:03:36.521756199Z GetCartAsync called with userId=2a3f6416-cbe5-4f35-a5b3-b222c38dd6b1
2026-08-15T13:03:36.746524305Z GetCartAsync called with userId=40e41bab-7ac7-4eb1-9d5c-3bd1e797c094
2026-08-15T13:03:36.835121915Z GetCartAsync called with userId=75fb99d4-1648-4332-8535-ad4aaffa2159
2026-08-15T13:03:37.863389630Z GetCartAsync called with userId=b7346bb4-8dd0-4f04-a092-01bc982d095c
2026-08-15T13:03:38.502329749Z GetCartAsync called with userId=bfc202a9-206c-45fc-85e1-bb5fc4c56ed0
2026-08-15T13:03:38.913674701Z GetCartAsync called with userId=a3e940e3-04a9-4123-b8ae-9b66e1087df3
2026-08-15T13:03:39.381458181Z GetCartAsync called with userId=7c83c8f1-08fe-4458-a9a9-0c772a23d674
2026-08-15T13:03:39.634113626Z GetCartAsync called with userId=75fb99d4-1648-4332-8535-ad4aaffa2159
2026-08-15T13:03:39.700384553Z GetCartAsync called with userId=503c59e6-3248-41ab-b86d-35a34eadc2c8
2026-08-15T13:03:39.821843181Z AddItemAsync called with userId=75fb99d4-1648-4332-8535-ad4aaffa2159, productId=0PUK6V6EV0, quantity=7
2026-08-15T13:03:39.895013808Z GetCartAsync called with userId=75fb99d4-1648-4332-8535-ad4aaffa2159
2026-08-15T13:03:39.919895034Z GetCartAsync called with userId=dbc81ea5-5531-4605-9216-4c4255eaf706
2026-08-15T13:03:40.442469276Z GetCartAsync called with userId=be3bdda6-898f-4a6c-a1cb-3ded9cc31c28
2026-08-15T13:03:40.462977557Z GetCartAsync called with userId=1a78ea5e-f3eb-4fc8-b79b-d8ffed14c071
2026-08-15T13:03:40.804816554Z GetCartAsync called with userId=b6862a64-9aa0-43ed-925f-989df9463214
2026-08-15T13:03:41.443661898Z GetCartAsync called with userId=2a3f6416-cbe5-4f35-a5b3-b222c38dd6b1
2026-08-15T13:03:41.519255171Z GetCartAsync called with userId=9acecf4b-1a54-469f-a88c-1831fc170649
2026-08-15T13:03:41.748353725Z GetCartAsync called with userId=b7346bb4-8dd0-4f04-a092-01bc982d095c
2026-08-15T13:03:42.165977414Z GetCartAsync called with userId=fe551a84-c24b-4719-a509-b9e5fdf64e37
2026-08-15T13:03:42.184054449Z AddItemAsync called with userId=fe551a84-c24b-4719-a509-b9e5fdf64e37, productId=9SIQT8TOJO, quantity=3
2026-08-15T13:03:42.189847537Z GetCartAsync called with userId=fe551a84-c24b-4719-a509-b9e5fdf64e37
2026-08-15T13:03:42.241397969Z GetCartAsync called with userId=fe551a84-c24b-4719-a509-b9e5fdf64e37
2026-08-15T13:03:42.254005949Z EmptyCartAsync called with userId=fe551a84-c24b-4719-a509-b9e5fdf64e37
2026-08-15T13:03:42.351550550Z GetCartAsync called with userId=be3bdda6-898f-4a6c-a1cb-3ded9cc31c28
2026-08-15T13:03:42.627826992Z GetCartAsync called with userId=adb034c7-2a87-4c97-ba43-226f28dee2e6
2026-08-15T13:03:42.714764217Z GetCartAsync called with userId=b6862a64-9aa0-43ed-925f-989df9463214
2026-08-15T13:03:42.799472615Z AddItemAsync called with userId=adb034c7-2a87-4c97-ba43-226f28dee2e6, productId=L9ECAV7KIM, quantity=5
2026-08-15T13:03:42.809303813Z GetCartAsync called with userId=adb034c7-2a87-4c97-ba43-226f28dee2e6
2026-08-15T13:03:43.775322265Z Checking CartService Health
2026-08-15T13:03:44.542160300Z GetCartAsync called with userId=2a3f6416-cbe5-4f35-a5b3-b222c38dd6b1
2026-08-15T13:03:44.571521780Z AddItemAsync called with userId=2a3f6416-cbe5-4f35-a5b3-b222c38dd6b1, productId=OLJCESPC7Z, quantity=10
2026-08-15T13:03:44.596198785Z GetCartAsync called with userId=2a3f6416-cbe5-4f35-a5b3-b222c38dd6b1
2026-08-15T13:03:45.613136105Z GetCartAsync called with userId=bfc202a9-206c-45fc-85e1-bb5fc4c56ed0
2026-08-15T13:03:45.897729692Z GetCartAsync called with userId=40e41bab-7ac7-4eb1-9d5c-3bd1e797c094
2026-08-15T13:03:45.918937545Z AddItemAsync called with userId=40e41bab-7ac7-4eb1-9d5c-3bd1e797c094, productId=9SIQT8TOJO, quantity=8
2026-08-15T13:03:45.996144081Z GetCartAsync called with userId=40e41bab-7ac7-4eb1-9d5c-3bd1e797c094
2026-08-15T13:03:46.107198153Z Checking CartService Health
2026-08-15T13:03:46.273833067Z GetCartAsync called with userId=75fb99d4-1648-4332-8535-ad4aaffa2159
2026-08-15T13:03:46.884458779Z GetCartAsync called with userId=adb034c7-2a87-4c97-ba43-226f28dee2e6
2026-08-15T13:03:47.364918337Z GetCartAsync called with userId=9acecf4b-1a54-469f-a88c-1831fc170649
2026-08-15T13:03:48.070061410Z GetCartAsync called with userId=503c59e6-3248-41ab-b86d-35a34eadc2c8
2026-08-15T13:03:48.713219144Z GetCartAsync called with userId=dbc81ea5-5531-4605-9216-4c4255eaf706
2026-08-15T13:03:48.866500772Z GetCartAsync called with userId=be3bdda6-898f-4a6c-a1cb-3ded9cc31c28
2026-08-15T13:03:49.662385878Z GetCartAsync called with userId=1a78ea5e-f3eb-4fc8-b79b-d8ffed14c071
2026-08-15T13:03:49.807279961Z GetCartAsync called with userId=7c83c8f1-08fe-4458-a9a9-0c772a23d674
2026-08-15T13:03:49.826576903Z AddItemAsync called with userId=7c83c8f1-08fe-4458-a9a9-0c772a23d674, productId=66VCHSJNUP, quantity=8
2026-08-15T13:03:49.833081758Z GetCartAsync called with userId=7c83c8f1-08fe-4458-a9a9-0c772a23d674
2026-08-15T13:03:50.198846672Z GetCartAsync called with userId=7c83c8f1-08fe-4458-a9a9-0c772a23d674
2026-08-15T13:03:50.257868013Z GetCartAsync called with userId=40e41bab-7ac7-4eb1-9d5c-3bd1e797c094
2026-08-15T13:03:50.259602988Z EmptyCartAsync called with userId=7c83c8f1-08fe-4458-a9a9-0c772a23d674
2026-08-15T13:03:50.332125787Z GetCartAsync called with userId=dbc81ea5-5531-4605-9216-4c4255eaf706
2026-08-15T13:03:50.332156490Z GetCartAsync called with userId=75fb99d4-1648-4332-8535-ad4aaffa2159
2026-08-15T13:03:50.910751026Z GetCartAsync called with userId=9acecf4b-1a54-469f-a88c-1831fc170649
2026-08-15T13:03:51.036924725Z GetCartAsync called with userId=2a3f6416-cbe5-4f35-a5b3-b222c38dd6b1
2026-08-15T13:03:51.043664503Z GetCartAsync called with userId=fe551a84-c24b-4719-a509-b9e5fdf64e37
2026-08-15T13:03:51.641586084Z GetCartAsync called with userId=a3e940e3-04a9-4123-b8ae-9b66e1087df3
2026-08-15T13:03:51.642013127Z GetCartAsync called with userId=b6862a64-9aa0-43ed-925f-989df9463214
2026-08-15T13:03:51.647447174Z GetCartAsync called with userId=b7346bb4-8dd0-4f04-a092-01bc982d095c
2026-08-15T13:03:52.590704613Z GetCartAsync called with userId=dbc81ea5-5531-4605-9216-4c4255eaf706
2026-08-15T13:03:52.598655213Z GetCartAsync called with userId=9acecf4b-1a54-469f-a88c-1831fc170649
2026-08-15T13:03:53.772013312Z Checking CartService Health
2026-08-15T13:03:54.542218133Z GetCartAsync called with userId=a3e940e3-04a9-4123-b8ae-9b66e1087df3
2026-08-15T13:03:54.689195307Z GetCartAsync called with userId=503c59e6-3248-41ab-b86d-35a34eadc2c8
2026-08-15T13:03:55.584262261Z GetCartAsync called with userId=a3e940e3-04a9-4123-b8ae-9b66e1087df3
2026-08-15T13:03:55.649937273Z GetCartAsync called with userId=be3bdda6-898f-4a6c-a1cb-3ded9cc31c28
2026-08-15T13:03:55.752138007Z GetCartAsync called with userId=bfc202a9-206c-45fc-85e1-bb5fc4c56ed0
2026-08-15T13:03:55.974717678Z GetCartAsync called with userId=b7346bb4-8dd0-4f04-a092-01bc982d095c
2026-08-15T13:03:56.107185213Z Checking CartService Health
2026-08-15T13:03:56.441210534Z GetCartAsync called with userId=7c83c8f1-08fe-4458-a9a9-0c772a23d674
2026-08-15T13:03:56.541056935Z GetCartAsync called with userId=adb034c7-2a87-4c97-ba43-226f28dee2e6
2026-08-15T13:03:57.043965103Z GetCartAsync called with userId=1a78ea5e-f3eb-4fc8-b79b-d8ffed14c071
2026-08-15T13:03:57.546636381Z GetCartAsync called with userId=be3bdda6-898f-4a6c-a1cb-3ded9cc31c28
2026-08-15T13:03:57.567025703Z AddItemAsync called with userId=be3bdda6-898f-4a6c-a1cb-3ded9cc31c28, productId=0PUK6V6EV0, quantity=6
2026-08-15T13:03:57.575369630Z GetCartAsync called with userId=be3bdda6-898f-4a6c-a1cb-3ded9cc31c28
2026-08-15T13:03:58.648774267Z GetCartAsync called with userId=fe551a84-c24b-4719-a509-b9e5fdf64e37
2026-08-15T13:03:58.668836057Z GetCartAsync called with userId=9acecf4b-1a54-469f-a88c-1831fc170649
2026-08-15T13:03:59.190361570Z GetCartAsync called with userId=b6862a64-9aa0-43ed-925f-989df9463214
2026-08-15T13:03:59.238392633Z AddItemAsync called with userId=b6862a64-9aa0-43ed-925f-989df9463214, productId=0PUK6V6EV0, quantity=2
2026-08-15T13:03:59.298516195Z GetCartAsync called with userId=b6862a64-9aa0-43ed-925f-989df9463214
2026-08-15T13:03:59.491874268Z GetCartAsync called with userId=b6862a64-9aa0-43ed-925f-989df9463214
2026-08-15T13:03:59.493769356Z GetCartAsync called with userId=b7346bb4-8dd0-4f04-a092-01bc982d095c
2026-08-15T13:03:59.498961271Z GetCartAsync called with userId=40e41bab-7ac7-4eb1-9d5c-3bd1e797c094
2026-08-15T13:03:59.501380711Z GetCartAsync called with userId=dbc81ea5-5531-4605-9216-4c4255eaf706
2026-08-15T13:03:59.518012760Z EmptyCartAsync called with userId=b6862a64-9aa0-43ed-925f-989df9463214
2026-08-15T13:03:59.795570382Z GetCartAsync called with userId=2a3f6416-cbe5-4f35-a5b3-b222c38dd6b1
2026-08-15T13:03:59.892948938Z GetCartAsync called with userId=7c83c8f1-08fe-4458-a9a9-0c772a23d674
2026-08-15T13:03:59.990386700Z AddItemAsync called with userId=7c83c8f1-08fe-4458-a9a9-0c772a23d674, productId=OLJCESPC7Z, quantity=2
2026-08-15T13:04:00.007210368Z GetCartAsync called with userId=7c83c8f1-08fe-4458-a9a9-0c772a23d674
2026-08-15T13:04:00.114928149Z GetCartAsync called with userId=7c83c8f1-08fe-4458-a9a9-0c772a23d674
2026-08-15T13:04:00.129689813Z EmptyCartAsync called with userId=7c83c8f1-08fe-4458-a9a9-0c772a23d674
2026-08-15T13:04:00.344535817Z GetCartAsync called with userId=75fb99d4-1648-4332-8535-ad4aaffa2159
2026-08-15T13:04:00.514411261Z GetCartAsync called with userId=503c59e6-3248-41ab-b86d-35a34eadc2c8
2026-08-15T13:04:00.524911002Z AddItemAsync called with userId=75fb99d4-1648-4332-8535-ad4aaffa2159, productId=66VCHSJNUP, quantity=3
2026-08-15T13:04:00.593153569Z GetCartAsync called with userId=75fb99d4-1648-4332-8535-ad4aaffa2159
2026-08-15T13:04:01.440473488Z GetCartAsync called with userId=be3bdda6-898f-4a6c-a1cb-3ded9cc31c28
2026-08-15T13:04:02.792036022Z GetCartAsync called with userId=bfc202a9-206c-45fc-85e1-bb5fc4c56ed0
2026-08-15T13:04:02.804841893Z AddItemAsync called with userId=bfc202a9-206c-45fc-85e1-bb5fc4c56ed0, productId=66VCHSJNUP, quantity=4
2026-08-15T13:04:02.808559262Z GetCartAsync called with userId=bfc202a9-206c-45fc-85e1-bb5fc4c56ed0
2026-08-15T13:04:03.079669758Z GetCartAsync called with userId=1a78ea5e-f3eb-4fc8-b79b-d8ffed14c071
2026-08-15T13:04:03.539157343Z GetCartAsync called with userId=a3e940e3-04a9-4123-b8ae-9b66e1087df3
2026-08-15T13:04:03.765483897Z Checking CartService Health
2026-08-15T13:04:04.093218911Z GetCartAsync called with userId=fe551a84-c24b-4719-a509-b9e5fdf64e37
2026-08-15T13:04:05.001163687Z GetCartAsync called with userId=b7346bb4-8dd0-4f04-a092-01bc982d095c
2026-08-15T13:04:05.103183508Z GetCartAsync called with userId=2a3f6416-cbe5-4f35-a5b3-b222c38dd6b1
2026-08-15T13:04:05.195573474Z AddItemAsync called with userId=2a3f6416-cbe5-4f35-a5b3-b222c38dd6b1, productId=L9ECAV7KIM, quantity=1
2026-08-15T13:04:05.200338047Z GetCartAsync called with userId=2a3f6416-cbe5-4f35-a5b3-b222c38dd6b1
2026-08-15T13:04:05.893205785Z GetCartAsync called with userId=9acecf4b-1a54-469f-a88c-1831fc170649
2026-08-15T13:04:06.100207222Z Checking CartService Health
2026-08-15T13:04:06.385973172Z GetCartAsync called with userId=adb034c7-2a87-4c97-ba43-226f28dee2e6
2026-08-15T13:04:07.189396379Z GetCartAsync called with userId=40e41bab-7ac7-4eb1-9d5c-3bd1e797c094
2026-08-15T13:04:07.618357236Z GetCartAsync called with userId=503c59e6-3248-41ab-b86d-35a34eadc2c8
2026-08-15T13:04:08.045807842Z GetCartAsync called with userId=b7346bb4-8dd0-4f04-a092-01bc982d095c
2026-08-15T13:04:08.789979671Z GetCartAsync called with userId=adb034c7-2a87-4c97-ba43-226f28dee2e6
2026-08-15T13:04:08.896035292Z GetCartAsync called with userId=a3e940e3-04a9-4123-b8ae-9b66e1087df3
2026-08-15T13:04:08.923932160Z AddItemAsync called with userId=adb034c7-2a87-4c97-ba43-226f28dee2e6, productId=6E92ZMYYFZ, quantity=3
2026-08-15T13:04:09.002051910Z GetCartAsync called with userId=adb034c7-2a87-4c97-ba43-226f28dee2e6
2026-08-15T13:04:09.451482598Z GetCartAsync called with userId=b6862a64-9aa0-43ed-925f-989df9463214
2026-08-15T13:04:09.531475334Z AddItemAsync called with userId=b6862a64-9aa0-43ed-925f-989df9463214, productId=9SIQT8TOJO, quantity=7
2026-08-15T13:04:09.548090082Z GetCartAsync called with userId=b6862a64-9aa0-43ed-925f-989df9463214
2026-08-15T13:04:09.739524474Z GetCartAsync called with userId=b6862a64-9aa0-43ed-925f-989df9463214
2026-08-15T13:04:09.803142785Z EmptyCartAsync called with userId=b6862a64-9aa0-43ed-925f-989df9463214
2026-08-15T13:04:09.923237100Z GetCartAsync called with userId=7c83c8f1-08fe-4458-a9a9-0c772a23d674
2026-08-15T13:04:10.073143972Z GetCartAsync called with userId=be3bdda6-898f-4a6c-a1cb-3ded9cc31c28
2026-08-15T13:04:10.189711736Z AddItemAsync called with userId=be3bdda6-898f-4a6c-a1cb-3ded9cc31c28, productId=LS4PSXUNUM, quantity=5
2026-08-15T13:04:10.196557516Z GetCartAsync called with userId=be3bdda6-898f-4a6c-a1cb-3ded9cc31c28
2026-08-15T13:04:10.224678205Z GetCartAsync called with userId=be3bdda6-898f-4a6c-a1cb-3ded9cc31c28
2026-08-15T13:04:10.234020832Z EmptyCartAsync called with userId=be3bdda6-898f-4a6c-a1cb-3ded9cc31c28
2026-08-15T13:04:10.283488240Z GetCartAsync called with userId=a3e940e3-04a9-4123-b8ae-9b66e1087df3
2026-08-15T13:04:10.292882972Z AddItemAsync called with userId=a3e940e3-04a9-4123-b8ae-9b66e1087df3, productId=1YMWWN1N4O, quantity=2
2026-08-15T13:04:10.295634045Z GetCartAsync called with userId=a3e940e3-04a9-4123-b8ae-9b66e1087df3
2026-08-15T13:04:10.321235585Z GetCartAsync called with userId=75fb99d4-1648-4332-8535-ad4aaffa2159
2026-08-15T13:04:10.330322986Z AddItemAsync called with userId=75fb99d4-1648-4332-8535-ad4aaffa2159, productId=6E92ZMYYFZ, quantity=9
2026-08-15T13:04:10.334041255Z GetCartAsync called with userId=75fb99d4-1648-4332-8535-ad4aaffa2159
2026-08-15T13:04:10.537938891Z GetCartAsync called with userId=fe551a84-c24b-4719-a509-b9e5fdf64e37
2026-08-15T13:04:10.770786564Z GetCartAsync called with userId=9acecf4b-1a54-469f-a88c-1831fc170649
2026-08-15T13:04:12.130351768Z GetCartAsync called with userId=bfc202a9-206c-45fc-85e1-bb5fc4c56ed0
2026-08-15T13:04:12.794877401Z GetCartAsync called with userId=b6862a64-9aa0-43ed-925f-989df9463214
2026-08-15T13:04:12.923357788Z GetCartAsync called with userId=dbc81ea5-5531-4605-9216-4c4255eaf706
2026-08-15T13:04:12.997813198Z AddItemAsync called with userId=b6862a64-9aa0-43ed-925f-989df9463214, productId=L9ECAV7KIM, quantity=2
2026-08-15T13:04:13.023421046Z GetCartAsync called with userId=b6862a64-9aa0-43ed-925f-989df9463214
2026-08-15T13:04:13.192469470Z GetCartAsync called with userId=9acecf4b-1a54-469f-a88c-1831fc170649
2026-08-15T13:04:13.753447198Z GetCartAsync called with userId=be3bdda6-898f-4a6c-a1cb-3ded9cc31c28
2026-08-15T13:04:13.855278232Z Checking CartService Health
2026-08-15T13:04:14.034360855Z GetCartAsync called with userId=b7346bb4-8dd0-4f04-a092-01bc982d095c
2026-08-15T13:04:14.267267134Z GetCartAsync called with userId=adb034c7-2a87-4c97-ba43-226f28dee2e6
2026-08-15T13:04:14.605214766Z GetCartAsync called with userId=40e41bab-7ac7-4eb1-9d5c-3bd1e797c094
2026-08-15T13:04:14.619019640Z GetCartAsync called with userId=1a78ea5e-f3eb-4fc8-b79b-d8ffed14c071
2026-08-15T13:04:14.747825859Z GetCartAsync called with userId=2a3f6416-cbe5-4f35-a5b3-b222c38dd6b1
2026-08-15T13:04:14.864269447Z GetCartAsync called with userId=dbc81ea5-5531-4605-9216-4c4255eaf706
2026-08-15T13:04:14.921758168Z GetCartAsync called with userId=be3bdda6-898f-4a6c-a1cb-3ded9cc31c28
2026-08-15T13:04:16.100411568Z Checking CartService Health
2026-08-15T13:04:16.841626233Z GetCartAsync called with userId=9acecf4b-1a54-469f-a88c-1831fc170649
2026-08-15T13:04:16.981630367Z GetCartAsync called with userId=7c83c8f1-08fe-4458-a9a9-0c772a23d674
2026-08-15T13:04:17.350880814Z GetCartAsync called with userId=2a3f6416-cbe5-4f35-a5b3-b222c38dd6b1
2026-08-15T13:04:18.239517551Z GetCartAsync called with userId=9acecf4b-1a54-469f-a88c-1831fc170649
2026-08-15T13:04:18.324164875Z GetCartAsync called with userId=7c83c8f1-08fe-4458-a9a9-0c772a23d674
2026-08-15T13:04:18.350906537Z GetCartAsync called with userId=b6862a64-9aa0-43ed-925f-989df9463214
2026-08-15T13:04:19.186214814Z GetCartAsync called with userId=be3bdda6-898f-4a6c-a1cb-3ded9cc31c28
2026-08-15T13:04:19.773797923Z GetCartAsync called with userId=fe551a84-c24b-4719-a509-b9e5fdf64e37
2026-08-15T13:04:19.791372576Z GetCartAsync called with userId=a3e940e3-04a9-4123-b8ae-9b66e1087df3
2026-08-15T13:04:20.188114950Z GetCartAsync called with userId=1a78ea5e-f3eb-4fc8-b79b-d8ffed14c071
2026-08-15T13:04:20.339077608Z GetCartAsync called with userId=75fb99d4-1648-4332-8535-ad4aaffa2159
2026-08-15T13:04:20.358384333Z AddItemAsync called with userId=75fb99d4-1648-4332-8535-ad4aaffa2159, productId=0PUK6V6EV0, quantity=7
2026-08-15T13:04:20.364681761Z GetCartAsync called with userId=75fb99d4-1648-4332-8535-ad4aaffa2159
2026-08-15T13:04:20.434648040Z GetCartAsync called with userId=75fb99d4-1648-4332-8535-ad4aaffa2159
2026-08-15T13:04:20.453611332Z EmptyCartAsync called with userId=75fb99d4-1648-4332-8535-ad4aaffa2159
2026-08-15T13:04:20.791763561Z GetCartAsync called with userId=bfc202a9-206c-45fc-85e1-bb5fc4c56ed0
2026-08-15T13:04:20.795965280Z GetCartAsync called with userId=9acecf4b-1a54-469f-a88c-1831fc170649
2026-08-15T13:04:20.890845444Z GetCartAsync called with userId=503c59e6-3248-41ab-b86d-35a34eadc2c8
2026-08-15T13:04:21.048408961Z GetCartAsync called with userId=fe551a84-c24b-4719-a509-b9e5fdf64e37
2026-08-15T13:04:21.491332240Z GetCartAsync called with userId=adb034c7-2a87-4c97-ba43-226f28dee2e6
2026-08-15T13:04:21.820107534Z GetCartAsync called with userId=b7346bb4-8dd0-4f04-a092-01bc982d095c
2026-08-15T13:04:22.711721769Z GetCartAsync called with userId=bfc202a9-206c-45fc-85e1-bb5fc4c56ed0
2026-08-15T13:04:23.161937177Z GetCartAsync called with userId=be3bdda6-898f-4a6c-a1cb-3ded9cc31c28
2026-08-15T13:04:23.173613541Z AddItemAsync called with userId=be3bdda6-898f-4a6c-a1cb-3ded9cc31c28, productId=OLJCESPC7Z, quantity=2
2026-08-15T13:04:23.177370416Z GetCartAsync called with userId=be3bdda6-898f-4a6c-a1cb-3ded9cc31c28
2026-08-15T13:04:23.234614426Z GetCartAsync called with userId=dbc81ea5-5531-4605-9216-4c4255eaf706
2026-08-15T13:04:23.769801209Z Checking CartService Health
2026-08-15T13:04:23.925137503Z GetCartAsync called with userId=40e41bab-7ac7-4eb1-9d5c-3bd1e797c094
2026-08-15T13:04:24.073684120Z GetCartAsync called with userId=2a3f6416-cbe5-4f35-a5b3-b222c38dd6b1
2026-08-15T13:04:24.085155664Z AddItemAsync called with userId=2a3f6416-cbe5-4f35-a5b3-b222c38dd6b1, productId=2ZYFJ3GM2N, quantity=6
2026-08-15T13:04:24.088479295Z GetCartAsync called with userId=2a3f6416-cbe5-4f35-a5b3-b222c38dd6b1
2026-08-15T13:04:26.098957233Z Checking CartService Health
2026-08-15T13:04:26.122473478Z GetCartAsync called with userId=1a78ea5e-f3eb-4fc8-b79b-d8ffed14c071
2026-08-15T13:04:26.710060792Z GetCartAsync called with userId=7c83c8f1-08fe-4458-a9a9-0c772a23d674
2026-08-15T13:04:27.500821275Z GetCartAsync called with userId=b6862a64-9aa0-43ed-925f-989df9463214
2026-08-15T13:04:27.942703163Z GetCartAsync called with userId=be3bdda6-898f-4a6c-a1cb-3ded9cc31c28
2026-08-15T13:04:28.047313500Z GetCartAsync called with userId=bfc202a9-206c-45fc-85e1-bb5fc4c56ed0
2026-08-15T13:04:28.411970583Z GetCartAsync called with userId=75fb99d4-1648-4332-8535-ad4aaffa2159
2026-08-15T13:04:28.908813455Z GetCartAsync called with userId=dbc81ea5-5531-4605-9216-4c4255eaf706
2026-08-15T13:04:29.023713718Z GetCartAsync called with userId=9acecf4b-1a54-469f-a88c-1831fc170649
2026-08-15T13:04:29.089583991Z AddItemAsync called with userId=9acecf4b-1a54-469f-a88c-1831fc170649, productId=LS4PSXUNUM, quantity=9
2026-08-15T13:04:29.098410871Z GetCartAsync called with userId=9acecf4b-1a54-469f-a88c-1831fc170649
2026-08-15T13:04:29.193948003Z GetCartAsync called with userId=9acecf4b-1a54-469f-a88c-1831fc170649
2026-08-15T13:04:29.208961301Z EmptyCartAsync called with userId=9acecf4b-1a54-469f-a88c-1831fc170649
2026-08-15T13:04:29.529645197Z GetCartAsync called with userId=a3e940e3-04a9-4123-b8ae-9b66e1087df3
2026-08-15T13:04:29.625849295Z GetCartAsync called with userId=fe551a84-c24b-4719-a509-b9e5fdf64e37
2026-08-15T13:04:29.726915779Z GetCartAsync called with userId=503c59e6-3248-41ab-b86d-35a34eadc2c8
2026-08-15T13:04:30.334938143Z GetCartAsync called with userId=adb034c7-2a87-4c97-ba43-226f28dee2e6
2026-08-15T13:04:31.257821922Z GetCartAsync called with userId=1a78ea5e-f3eb-4fc8-b79b-d8ffed14c071
2026-08-15T13:04:31.728232357Z GetCartAsync called with userId=b7346bb4-8dd0-4f04-a092-01bc982d095c
2026-08-15T13:04:31.944007485Z GetCartAsync called with userId=be3bdda6-898f-4a6c-a1cb-3ded9cc31c28
2026-08-15T13:04:32.340544549Z GetCartAsync called with userId=503c59e6-3248-41ab-b86d-35a34eadc2c8
2026-08-15T13:04:32.369094997Z AddItemAsync called with userId=503c59e6-3248-41ab-b86d-35a34eadc2c8, productId=OLJCESPC7Z, quantity=9
2026-08-15T13:04:32.373952182Z GetCartAsync called with userId=503c59e6-3248-41ab-b86d-35a34eadc2c8
2026-08-15T13:04:32.423241500Z GetCartAsync called with userId=2a3f6416-cbe5-4f35-a5b3-b222c38dd6b1
2026-08-15T13:04:32.504837241Z AddItemAsync called with userId=2a3f6416-cbe5-4f35-a5b3-b222c38dd6b1, productId=LS4PSXUNUM, quantity=3
2026-08-15T13:04:32.508667123Z GetCartAsync called with userId=2a3f6416-cbe5-4f35-a5b3-b222c38dd6b1
2026-08-15T13:04:33.220506145Z GetCartAsync called with userId=adb034c7-2a87-4c97-ba43-226f28dee2e6
2026-08-15T13:04:33.767470218Z Checking CartService Health
2026-08-15T13:04:33.945331964Z GetCartAsync called with userId=b6862a64-9aa0-43ed-925f-989df9463214
2026-08-15T13:04:34.693800665Z GetCartAsync called with userId=75fb99d4-1648-4332-8535-ad4aaffa2159
2026-08-15T13:04:34.952797857Z GetCartAsync called with userId=9acecf4b-1a54-469f-a88c-1831fc170649
2026-08-15T13:04:35.045686644Z GetCartAsync called with userId=7c83c8f1-08fe-4458-a9a9-0c772a23d674
2026-08-15T13:04:35.599105069Z GetCartAsync called with userId=dbc81ea5-5531-4605-9216-4c4255eaf706
2026-08-15T13:04:35.698094265Z AddItemAsync called with userId=dbc81ea5-5531-4605-9216-4c4255eaf706, productId=LS4PSXUNUM, quantity=6
2026-08-15T13:04:35.793026856Z GetCartAsync called with userId=dbc81ea5-5531-4605-9216-4c4255eaf706
2026-08-15T13:04:35.795593512Z GetCartAsync called with userId=40e41bab-7ac7-4eb1-9d5c-3bd1e797c094
2026-08-15T13:04:35.992926240Z GetCartAsync called with userId=dbc81ea5-5531-4605-9216-4c4255eaf706
2026-08-15T13:04:36.002442691Z GetCartAsync called with userId=503c59e6-3248-41ab-b86d-35a34eadc2c8
2026-08-15T13:04:36.048217867Z EmptyCartAsync called with userId=dbc81ea5-5531-4605-9216-4c4255eaf706
2026-08-15T13:04:36.098732417Z Checking CartService Health
2026-08-15T13:04:36.652639592Z GetCartAsync called with userId=bfc202a9-206c-45fc-85e1-bb5fc4c56ed0
2026-08-15T13:04:37.003379655Z GetCartAsync called with userId=b6862a64-9aa0-43ed-925f-989df9463214
2026-08-15T13:04:37.089043419Z GetCartAsync called with userId=40e41bab-7ac7-4eb1-9d5c-3bd1e797c094
2026-08-15T13:04:37.129780692Z AddItemAsync called with userId=40e41bab-7ac7-4eb1-9d5c-3bd1e797c094, productId=9SIQT8TOJO, quantity=5
2026-08-15T13:04:37.133019316Z GetCartAsync called with userId=40e41bab-7ac7-4eb1-9d5c-3bd1e797c094
2026-08-15T13:04:37.463466251Z GetCartAsync called with userId=dbc81ea5-5531-4605-9216-4c4255eaf706
2026-08-15T13:04:37.877447437Z GetCartAsync called with userId=503c59e6-3248-41ab-b86d-35a34eadc2c8
2026-08-15T13:04:37.916342525Z GetCartAsync called with userId=a3e940e3-04a9-4123-b8ae-9b66e1087df3
2026-08-15T13:04:37.970259315Z GetCartAsync called with userId=be3bdda6-898f-4a6c-a1cb-3ded9cc31c28
2026-08-15T13:04:38.191132096Z GetCartAsync called with userId=fe551a84-c24b-4719-a509-b9e5fdf64e37
2026-08-15T13:04:38.715362504Z GetCartAsync called with userId=9acecf4b-1a54-469f-a88c-1831fc170649
2026-08-15T13:04:39.574783220Z GetCartAsync called with userId=2a3f6416-cbe5-4f35-a5b3-b222c38dd6b1
2026-08-15T13:04:39.631847425Z GetCartAsync called with userId=503c59e6-3248-41ab-b86d-35a34eadc2c8
2026-08-15T13:04:39.723669405Z AddItemAsync called with userId=2a3f6416-cbe5-4f35-a5b3-b222c38dd6b1, productId=66VCHSJNUP, quantity=3
2026-08-15T13:04:39.791813817Z GetCartAsync called with userId=2a3f6416-cbe5-4f35-a5b3-b222c38dd6b1
2026-08-15T13:04:39.791960432Z GetCartAsync called with userId=adb034c7-2a87-4c97-ba43-226f28dee2e6
2026-08-15T13:04:39.925766408Z AddItemAsync called with userId=adb034c7-2a87-4c97-ba43-226f28dee2e6, productId=OLJCESPC7Z, quantity=10
2026-08-15T13:04:39.990777408Z GetCartAsync called with userId=adb034c7-2a87-4c97-ba43-226f28dee2e6
2026-08-15T13:04:40.623157827Z GetCartAsync called with userId=1a78ea5e-f3eb-4fc8-b79b-d8ffed14c071
2026-08-15T13:04:40.986312732Z GetCartAsync called with userId=b7346bb4-8dd0-4f04-a092-01bc982d095c
2026-08-15T13:04:41.047283427Z GetCartAsync called with userId=503c59e6-3248-41ab-b86d-35a34eadc2c8
2026-08-15T13:04:41.452409828Z GetCartAsync called with userId=75fb99d4-1648-4332-8535-ad4aaffa2159
2026-08-15T13:04:42.141925859Z GetCartAsync called with userId=1a78ea5e-f3eb-4fc8-b79b-d8ffed14c071
2026-08-15T13:04:42.773757852Z GetCartAsync called with userId=bfc202a9-206c-45fc-85e1-bb5fc4c56ed0
2026-08-15T13:04:42.893187609Z AddItemAsync called with userId=bfc202a9-206c-45fc-85e1-bb5fc4c56ed0, productId=LS4PSXUNUM, quantity=2
2026-08-15T13:04:42.925915486Z GetCartAsync called with userId=bfc202a9-206c-45fc-85e1-bb5fc4c56ed0
2026-08-15T13:04:42.999312934Z GetCartAsync called with userId=a3e940e3-04a9-4123-b8ae-9b66e1087df3
2026-08-15T13:04:43.129658684Z GetCartAsync called with userId=7c83c8f1-08fe-4458-a9a9-0c772a23d674
2026-08-15T13:04:43.426757929Z GetCartAsync called with userId=bfc202a9-206c-45fc-85e1-bb5fc4c56ed0
2026-08-15T13:04:43.643866165Z EmptyCartAsync called with userId=bfc202a9-206c-45fc-85e1-bb5fc4c56ed0
2026-08-15T13:04:43.740615952Z GetCartAsync called with userId=2a3f6416-cbe5-4f35-a5b3-b222c38dd6b1
2026-08-15T13:04:43.764116504Z Checking CartService Health
2026-08-15T13:04:44.000991520Z GetCartAsync called with userId=adb034c7-2a87-4c97-ba43-226f28dee2e6
2026-08-15T13:04:44.134955132Z GetCartAsync called with userId=40e41bab-7ac7-4eb1-9d5c-3bd1e797c094
2026-08-15T13:04:44.208705916Z GetCartAsync called with userId=1a78ea5e-f3eb-4fc8-b79b-d8ffed14c071
2026-08-15T13:04:45.598551364Z GetCartAsync called with userId=fe551a84-c24b-4719-a509-b9e5fdf64e37
2026-08-15T13:04:45.916435690Z GetCartAsync called with userId=dbc81ea5-5531-4605-9216-4c4255eaf706
2026-08-15T13:04:46.101728241Z Checking CartService Health
2026-08-15T13:04:46.131800952Z GetCartAsync called with userId=1a78ea5e-f3eb-4fc8-b79b-d8ffed14c071
2026-08-15T13:04:47.315191730Z GetCartAsync called with userId=be3bdda6-898f-4a6c-a1cb-3ded9cc31c28
2026-08-15T13:04:47.750563818Z GetCartAsync called with userId=b6862a64-9aa0-43ed-925f-989df9463214
2026-08-15T13:04:47.924692952Z GetCartAsync called with userId=fe551a84-c24b-4719-a509-b9e5fdf64e37
2026-08-15T13:04:48.154678877Z GetCartAsync called with userId=1a78ea5e-f3eb-4fc8-b79b-d8ffed14c071
2026-08-15T13:04:48.336506082Z GetCartAsync called with userId=9acecf4b-1a54-469f-a88c-1831fc170649
2026-08-15T13:04:48.398640902Z GetCartAsync called with userId=503c59e6-3248-41ab-b86d-35a34eadc2c8
2026-08-15T13:04:48.916370436Z GetCartAsync called with userId=b7346bb4-8dd0-4f04-a092-01bc982d095c
2026-08-15T13:04:48.921649265Z GetCartAsync called with userId=2a3f6416-cbe5-4f35-a5b3-b222c38dd6b1
2026-08-15T13:04:49.425466706Z GetCartAsync called with userId=75fb99d4-1648-4332-8535-ad4aaffa2159
2026-08-15T13:04:50.083826619Z GetCartAsync called with userId=bfc202a9-206c-45fc-85e1-bb5fc4c56ed0
2026-08-15T13:04:50.132007343Z GetCartAsync called with userId=a3e940e3-04a9-4123-b8ae-9b66e1087df3
2026-08-15T13:04:51.934157583Z GetCartAsync called with userId=be3bdda6-898f-4a6c-a1cb-3ded9cc31c28
2026-08-15T13:04:52.654543890Z GetCartAsync called with userId=40e41bab-7ac7-4eb1-9d5c-3bd1e797c094
2026-08-15T13:04:53.244199665Z GetCartAsync called with userId=bfc202a9-206c-45fc-85e1-bb5fc4c56ed0
2026-08-15T13:04:53.254431685Z AddItemAsync called with userId=bfc202a9-206c-45fc-85e1-bb5fc4c56ed0, productId=LS4PSXUNUM, quantity=6
2026-08-15T13:04:53.257208562Z GetCartAsync called with userId=bfc202a9-206c-45fc-85e1-bb5fc4c56ed0
2026-08-15T13:04:53.444527933Z GetCartAsync called with userId=a3e940e3-04a9-4123-b8ae-9b66e1087df3
2026-08-15T13:04:53.539942244Z GetCartAsync called with userId=adb034c7-2a87-4c97-ba43-226f28dee2e6
2026-08-15T13:04:53.571868826Z GetCartAsync called with userId=9acecf4b-1a54-469f-a88c-1831fc170649
2026-08-15T13:04:53.730827971Z GetCartAsync called with userId=503c59e6-3248-41ab-b86d-35a34eadc2c8
2026-08-15T13:04:53.767113788Z Checking CartService Health
2026-08-15T13:04:53.892138450Z GetCartAsync called with userId=b6862a64-9aa0-43ed-925f-989df9463214
2026-08-15T13:04:54.434924054Z GetCartAsync called with userId=75fb99d4-1648-4332-8535-ad4aaffa2159
2026-08-15T13:04:54.630830481Z GetCartAsync called with userId=bfc202a9-206c-45fc-85e1-bb5fc4c56ed0
2026-08-15T13:04:55.007973974Z GetCartAsync called with userId=b7346bb4-8dd0-4f04-a092-01bc982d095c
2026-08-15T13:04:55.227145820Z GetCartAsync called with userId=1a78ea5e-f3eb-4fc8-b79b-d8ffed14c071
2026-08-15T13:04:55.298501633Z GetCartAsync called with userId=7c83c8f1-08fe-4458-a9a9-0c772a23d674
2026-08-15T13:04:55.857459549Z GetCartAsync called with userId=dbc81ea5-5531-4605-9216-4c4255eaf706
2026-08-15T13:04:56.101146139Z Checking CartService Health
2026-08-15T13:04:56.759328745Z GetCartAsync called with userId=2a3f6416-cbe5-4f35-a5b3-b222c38dd6b1
2026-08-15T13:04:56.821992891Z AddItemAsync called with userId=2a3f6416-cbe5-4f35-a5b3-b222c38dd6b1, productId=1YMWWN1N4O, quantity=4
2026-08-15T13:04:56.827800770Z GetCartAsync called with userId=2a3f6416-cbe5-4f35-a5b3-b222c38dd6b1
2026-08-15T13:04:57.639906569Z GetCartAsync called with userId=fe551a84-c24b-4719-a509-b9e5fdf64e37
2026-08-15T13:04:57.742724418Z GetCartAsync called with userId=40e41bab-7ac7-4eb1-9d5c-3bd1e797c094
2026-08-15T13:04:58.263032781Z GetCartAsync called with userId=75fb99d4-1648-4332-8535-ad4aaffa2159
2026-08-15T13:04:59.016018781Z GetCartAsync called with userId=1a78ea5e-f3eb-4fc8-b79b-d8ffed14c071
2026-08-15T13:04:59.399507253Z GetCartAsync called with userId=be3bdda6-898f-4a6c-a1cb-3ded9cc31c28
2026-08-15T13:04:59.470666136Z GetCartAsync called with userId=7c83c8f1-08fe-4458-a9a9-0c772a23d674
2026-08-15T13:04:59.712857843Z AddItemAsync called with userId=7c83c8f1-08fe-4458-a9a9-0c772a23d674, productId=9SIQT8TOJO, quantity=5
2026-08-15T13:04:59.726366888Z GetCartAsync called with userId=7c83c8f1-08fe-4458-a9a9-0c772a23d674
2026-08-15T13:05:00.298113899Z GetCartAsync called with userId=40e41bab-7ac7-4eb1-9d5c-3bd1e797c094
2026-08-15T13:05:00.718169811Z GetCartAsync called with userId=fe551a84-c24b-4719-a509-b9e5fdf64e37
2026-08-15T13:05:01.380531242Z GetCartAsync called with userId=adb034c7-2a87-4c97-ba43-226f28dee2e6
2026-08-15T13:05:01.900960244Z GetCartAsync called with userId=a3e940e3-04a9-4123-b8ae-9b66e1087df3
2026-08-15T13:05:02.132953037Z GetCartAsync called with userId=9acecf4b-1a54-469f-a88c-1831fc170649
2026-08-15T13:05:02.145226558Z GetCartAsync called with userId=b7346bb4-8dd0-4f04-a092-01bc982d095c
2026-08-15T13:05:02.417474558Z GetCartAsync called with userId=503c59e6-3248-41ab-b86d-35a34eadc2c8
2026-08-15T13:05:03.240452276Z GetCartAsync called with userId=2a3f6416-cbe5-4f35-a5b3-b222c38dd6b1
2026-08-15T13:05:03.252097035Z AddItemAsync called with userId=2a3f6416-cbe5-4f35-a5b3-b222c38dd6b1, productId=OLJCESPC7Z, quantity=9
2026-08-15T13:05:03.255310455Z GetCartAsync called with userId=2a3f6416-cbe5-4f35-a5b3-b222c38dd6b1
2026-08-15T13:05:03.408184672Z GetCartAsync called with userId=b6862a64-9aa0-43ed-925f-989df9463214
2026-08-15T13:05:03.763745564Z Checking CartService Health
2026-08-15T13:05:04.472036866Z GetCartAsync called with userId=dbc81ea5-5531-4605-9216-4c4255eaf706
2026-08-15T13:05:04.527649002Z GetCartAsync called with userId=bfc202a9-206c-45fc-85e1-bb5fc4c56ed0
2026-08-15T13:05:04.597104615Z GetCartAsync called with userId=75fb99d4-1648-4332-8535-ad4aaffa2159
2026-08-15T13:05:05.142689622Z GetCartAsync called with userId=adb034c7-2a87-4c97-ba43-226f28dee2e6
2026-08-15T13:05:05.163967640Z AddItemAsync called with userId=adb034c7-2a87-4c97-ba43-226f28dee2e6, productId=2ZYFJ3GM2N, quantity=8
2026-08-15T13:05:05.170157356Z GetCartAsync called with userId=adb034c7-2a87-4c97-ba43-226f28dee2e6
2026-08-15T13:05:05.233054617Z GetCartAsync called with userId=adb034c7-2a87-4c97-ba43-226f28dee2e6
2026-08-15T13:05:05.253968499Z EmptyCartAsync called with userId=adb034c7-2a87-4c97-ba43-226f28dee2e6
2026-08-15T13:05:05.731410123Z GetCartAsync called with userId=9acecf4b-1a54-469f-a88c-1831fc170649
2026-08-15T13:05:06.095012415Z Checking CartService Health
2026-08-15T13:05:06.181830157Z GetCartAsync called with userId=b6862a64-9aa0-43ed-925f-989df9463214
2026-08-15T13:05:06.206322595Z GetCartAsync called with userId=b7346bb4-8dd0-4f04-a092-01bc982d095c
2026-08-15T13:05:06.281891017Z AddItemAsync called with userId=b6862a64-9aa0-43ed-925f-989df9463214, productId=OLJCESPC7Z, quantity=9
2026-08-15T13:05:06.301787597Z GetCartAsync called with userId=1a78ea5e-f3eb-4fc8-b79b-d8ffed14c071
2026-08-15T13:05:06.381556237Z GetCartAsync called with userId=b6862a64-9aa0-43ed-925f-989df9463214
2026-08-15T13:05:06.586691856Z GetCartAsync called with userId=bfc202a9-206c-45fc-85e1-bb5fc4c56ed0
2026-08-15T13:05:07.223866732Z GetCartAsync called with userId=be3bdda6-898f-4a6c-a1cb-3ded9cc31c28
2026-08-15T13:05:07.384085883Z AddItemAsync called with userId=be3bdda6-898f-4a6c-a1cb-3ded9cc31c28, productId=L9ECAV7KIM, quantity=1
2026-08-15T13:05:07.387436721Z GetCartAsync called with userId=be3bdda6-898f-4a6c-a1cb-3ded9cc31c28
2026-08-15T13:05:07.628233595Z GetCartAsync called with userId=7c83c8f1-08fe-4458-a9a9-0c772a23d674
2026-08-15T13:05:08.528840582Z GetCartAsync called with userId=75fb99d4-1648-4332-8535-ad4aaffa2159
2026-08-15T13:05:08.747965371Z GetCartAsync called with userId=b6862a64-9aa0-43ed-925f-989df9463214
2026-08-15T13:05:08.924255943Z GetCartAsync called with userId=2a3f6416-cbe5-4f35-a5b3-b222c38dd6b1
2026-08-15T13:05:09.024885287Z GetCartAsync called with userId=adb034c7-2a87-4c97-ba43-226f28dee2e6
2026-08-15T13:05:09.030892092Z GetCartAsync called with userId=a3e940e3-04a9-4123-b8ae-9b66e1087df3
2026-08-15T13:05:09.251352816Z GetCartAsync called with userId=40e41bab-7ac7-4eb1-9d5c-3bd1e797c094
2026-08-15T13:05:09.322715210Z GetCartAsync called with userId=dbc81ea5-5531-4605-9216-4c4255eaf706
2026-08-15T13:05:09.788231637Z GetCartAsync called with userId=503c59e6-3248-41ab-b86d-35a34eadc2c8
2026-08-15T13:05:10.135470341Z GetCartAsync called with userId=75fb99d4-1648-4332-8535-ad4aaffa2159
2026-08-15T13:05:10.603978370Z GetCartAsync called with userId=9acecf4b-1a54-469f-a88c-1831fc170649
2026-08-15T13:05:11.576681825Z GetCartAsync called with userId=503c59e6-3248-41ab-b86d-35a34eadc2c8
2026-08-15T13:05:11.766142123Z GetCartAsync called with userId=b7346bb4-8dd0-4f04-a092-01bc982d095c
2026-08-15T13:05:12.874174320Z GetCartAsync called with userId=a3e940e3-04a9-4123-b8ae-9b66e1087df3
2026-08-15T13:05:12.889929309Z GetCartAsync called with userId=b6862a64-9aa0-43ed-925f-989df9463214
2026-08-15T13:05:13.418205962Z GetCartAsync called with userId=503c59e6-3248-41ab-b86d-35a34eadc2c8
2026-08-15T13:05:13.494657169Z AddItemAsync called with userId=503c59e6-3248-41ab-b86d-35a34eadc2c8, productId=0PUK6V6EV0, quantity=2
2026-08-15T13:05:13.527195449Z GetCartAsync called with userId=503c59e6-3248-41ab-b86d-35a34eadc2c8
2026-08-15T13:05:13.590263307Z GetCartAsync called with userId=bfc202a9-206c-45fc-85e1-bb5fc4c56ed0
2026-08-15T13:05:13.764922914Z Checking CartService Health
2026-08-15T13:05:13.943028368Z GetCartAsync called with userId=2a3f6416-cbe5-4f35-a5b3-b222c38dd6b1
2026-08-15T13:05:14.506830803Z GetCartAsync called with userId=fe551a84-c24b-4719-a509-b9e5fdf64e37
2026-08-15T13:05:15.172898258Z GetCartAsync called with userId=1a78ea5e-f3eb-4fc8-b79b-d8ffed14c071
2026-08-15T13:05:15.526372472Z GetCartAsync called with userId=b6862a64-9aa0-43ed-925f-989df9463214
2026-08-15T13:05:16.097062524Z Checking CartService Health
2026-08-15T13:05:16.154162422Z GetCartAsync called with userId=be3bdda6-898f-4a6c-a1cb-3ded9cc31c28
2026-08-15T13:05:16.223966333Z GetCartAsync called with userId=9acecf4b-1a54-469f-a88c-1831fc170649
2026-08-15T13:05:16.431263347Z AddItemAsync called with userId=9acecf4b-1a54-469f-a88c-1831fc170649, productId=LS4PSXUNUM, quantity=5
2026-08-15T13:05:16.519786991Z GetCartAsync called with userId=9acecf4b-1a54-469f-a88c-1831fc170649
2026-08-15T13:05:16.631459527Z GetCartAsync called with userId=9acecf4b-1a54-469f-a88c-1831fc170649
2026-08-15T13:05:16.661214801Z EmptyCartAsync called with userId=9acecf4b-1a54-469f-a88c-1831fc170649
2026-08-15T13:05:17.551141930Z GetCartAsync called with userId=1a78ea5e-f3eb-4fc8-b79b-d8ffed14c071
2026-08-15T13:05:17.571175599Z AddItemAsync called with userId=1a78ea5e-f3eb-4fc8-b79b-d8ffed14c071, productId=2ZYFJ3GM2N, quantity=8
2026-08-15T13:05:17.581847602Z GetCartAsync called with userId=1a78ea5e-f3eb-4fc8-b79b-d8ffed14c071
2026-08-15T13:05:18.515081305Z GetCartAsync called with userId=b7346bb4-8dd0-4f04-a092-01bc982d095c
2026-08-15T13:05:18.524896119Z GetCartAsync called with userId=7c83c8f1-08fe-4458-a9a9-0c772a23d674
2026-08-15T13:05:18.585618591Z GetCartAsync called with userId=75fb99d4-1648-4332-8535-ad4aaffa2159
2026-08-15T13:05:18.597699539Z GetCartAsync called with userId=dbc81ea5-5531-4605-9216-4c4255eaf706
2026-08-15T13:05:18.691817161Z GetCartAsync called with userId=2a3f6416-cbe5-4f35-a5b3-b222c38dd6b1
2026-08-15T13:05:18.887125737Z AddItemAsync called with userId=dbc81ea5-5531-4605-9216-4c4255eaf706, productId=9SIQT8TOJO, quantity=4
2026-08-15T13:05:18.931789451Z GetCartAsync called with userId=dbc81ea5-5531-4605-9216-4c4255eaf706
2026-08-15T13:05:19.081948462Z AddItemAsync called with userId=2a3f6416-cbe5-4f35-a5b3-b222c38dd6b1, productId=L9ECAV7KIM, quantity=8
2026-08-15T13:05:19.090086103Z GetCartAsync called with userId=2a3f6416-cbe5-4f35-a5b3-b222c38dd6b1
2026-08-15T13:05:19.090110905Z GetCartAsync called with userId=b6862a64-9aa0-43ed-925f-989df9463214
2026-08-15T13:05:19.090115806Z GetCartAsync called with userId=40e41bab-7ac7-4eb1-9d5c-3bd1e797c094
2026-08-15T13:05:19.093493054Z GetCartAsync called with userId=dbc81ea5-5531-4605-9216-4c4255eaf706
2026-08-15T13:05:19.103042241Z EmptyCartAsync called with userId=dbc81ea5-5531-4605-9216-4c4255eaf706
2026-08-15T13:05:19.464651395Z GetCartAsync called with userId=fe551a84-c24b-4719-a509-b9e5fdf64e37
2026-08-15T13:05:20.526135246Z GetCartAsync called with userId=adb034c7-2a87-4c97-ba43-226f28dee2e6
2026-08-15T13:05:20.862024843Z GetCartAsync called with userId=a3e940e3-04a9-4123-b8ae-9b66e1087df3
2026-08-15T13:05:20.920387472Z GetCartAsync called with userId=bfc202a9-206c-45fc-85e1-bb5fc4c56ed0
2026-08-15T13:05:21.154211826Z GetCartAsync called with userId=b7346bb4-8dd0-4f04-a092-01bc982d095c
2026-08-15T13:05:21.338923107Z GetCartAsync called with userId=503c59e6-3248-41ab-b86d-35a34eadc2c8
2026-08-15T13:05:21.786209511Z GetCartAsync called with userId=40e41bab-7ac7-4eb1-9d5c-3bd1e797c094
2026-08-15T13:05:22.201135173Z GetCartAsync called with userId=9acecf4b-1a54-469f-a88c-1831fc170649
2026-08-15T13:05:22.435816716Z GetCartAsync called with userId=7c83c8f1-08fe-4458-a9a9-0c772a23d674
2026-08-15T13:05:22.445743441Z AddItemAsync called with userId=7c83c8f1-08fe-4458-a9a9-0c772a23d674, productId=1YMWWN1N4O, quantity=4
2026-08-15T13:05:22.449095687Z GetCartAsync called with userId=7c83c8f1-08fe-4458-a9a9-0c772a23d674
2026-08-15T13:05:22.681006737Z GetCartAsync called with userId=be3bdda6-898f-4a6c-a1cb-3ded9cc31c28
2026-08-15T13:05:22.819710914Z AddItemAsync called with userId=be3bdda6-898f-4a6c-a1cb-3ded9cc31c28, productId=9SIQT8TOJO, quantity=7
2026-08-15T13:05:22.885587594Z GetCartAsync called with userId=be3bdda6-898f-4a6c-a1cb-3ded9cc31c28
2026-08-15T13:05:22.899708648Z GetCartAsync called with userId=be3bdda6-898f-4a6c-a1cb-3ded9cc31c28
2026-08-15T13:05:22.908409143Z EmptyCartAsync called with userId=be3bdda6-898f-4a6c-a1cb-3ded9cc31c28
2026-08-15T13:05:23.711301784Z GetCartAsync called with userId=7c83c8f1-08fe-4458-a9a9-0c772a23d674
2026-08-15T13:05:23.760307828Z Checking CartService Health
2026-08-15T13:05:24.175876601Z GetCartAsync called with userId=dbc81ea5-5531-4605-9216-4c4255eaf706
2026-08-15T13:05:24.786747977Z GetCartAsync called with userId=2a3f6416-cbe5-4f35-a5b3-b222c38dd6b1
2026-08-15T13:05:25.387790541Z GetCartAsync called with userId=75fb99d4-1648-4332-8535-ad4aaffa2159
2026-08-15T13:05:25.912352533Z GetCartAsync called with userId=40e41bab-7ac7-4eb1-9d5c-3bd1e797c094
2026-08-15T13:05:26.023892614Z GetCartAsync called with userId=9acecf4b-1a54-469f-a88c-1831fc170649
2026-08-15T13:05:26.094824315Z Checking CartService Health
2026-08-15T13:05:27.100813945Z GetCartAsync called with userId=fe551a84-c24b-4719-a509-b9e5fdf64e37
2026-08-15T13:05:27.296567394Z GetCartAsync called with userId=1a78ea5e-f3eb-4fc8-b79b-d8ffed14c071
2026-08-15T13:05:27.577398199Z GetCartAsync called with userId=a3e940e3-04a9-4123-b8ae-9b66e1087df3
2026-08-15T13:05:27.654705456Z GetCartAsync called with userId=b6862a64-9aa0-43ed-925f-989df9463214
2026-08-15T13:05:28.027813359Z GetCartAsync called with userId=40e41bab-7ac7-4eb1-9d5c-3bd1e797c094
2026-08-15T13:05:28.055661226Z AddItemAsync called with userId=40e41bab-7ac7-4eb1-9d5c-3bd1e797c094, productId=66VCHSJNUP, quantity=3
2026-08-15T13:05:28.115359370Z GetCartAsync called with userId=40e41bab-7ac7-4eb1-9d5c-3bd1e797c094
2026-08-15T13:05:28.707187986Z GetCartAsync called with userId=adb034c7-2a87-4c97-ba43-226f28dee2e6
2026-08-15T13:05:28.918389124Z GetCartAsync called with userId=1a78ea5e-f3eb-4fc8-b79b-d8ffed14c071
2026-08-15T13:05:29.331724468Z GetCartAsync called with userId=bfc202a9-206c-45fc-85e1-bb5fc4c56ed0
2026-08-15T13:05:30.273536907Z GetCartAsync called with userId=b7346bb4-8dd0-4f04-a092-01bc982d095c
2026-08-15T13:05:30.384278205Z GetCartAsync called with userId=503c59e6-3248-41ab-b86d-35a34eadc2c8
2026-08-15T13:05:30.648752427Z GetCartAsync called with userId=fe551a84-c24b-4719-a509-b9e5fdf64e37
2026-08-15T13:05:31.299955499Z GetCartAsync called with userId=dbc81ea5-5531-4605-9216-4c4255eaf706
2026-08-15T13:05:31.380406203Z GetCartAsync called with userId=be3bdda6-898f-4a6c-a1cb-3ded9cc31c28
2026-08-15T13:05:31.825032491Z GetCartAsync called with userId=75fb99d4-1648-4332-8535-ad4aaffa2159
2026-08-15T13:05:31.957629447Z GetCartAsync called with userId=40e41bab-7ac7-4eb1-9d5c-3bd1e797c094
2026-08-15T13:05:32.808473453Z GetCartAsync called with userId=7c83c8f1-08fe-4458-a9a9-0c772a23d674
2026-08-15T13:05:33.758068407Z Checking CartService Health
2026-08-15T13:05:35.232566234Z GetCartAsync called with userId=9acecf4b-1a54-469f-a88c-1831fc170649
2026-08-15T13:05:35.232589436Z GetCartAsync called with userId=503c59e6-3248-41ab-b86d-35a34eadc2c8
2026-08-15T13:05:35.250685559Z AddItemAsync called with userId=9acecf4b-1a54-469f-a88c-1831fc170649, productId=9SIQT8TOJO, quantity=2
2026-08-15T13:05:35.251194210Z AddItemAsync called with userId=503c59e6-3248-41ab-b86d-35a34eadc2c8, productId=OLJCESPC7Z, quantity=8
2026-08-15T13:05:35.255679562Z GetCartAsync called with userId=9acecf4b-1a54-469f-a88c-1831fc170649
2026-08-15T13:05:35.279950507Z GetCartAsync called with userId=503c59e6-3248-41ab-b86d-35a34eadc2c8
2026-08-15T13:05:35.485382400Z GetCartAsync called with userId=b7346bb4-8dd0-4f04-a092-01bc982d095c
2026-08-15T13:05:35.852949225Z GetCartAsync called with userId=1a78ea5e-f3eb-4fc8-b79b-d8ffed14c071
2026-08-15T13:05:35.869191761Z GetCartAsync called with userId=bfc202a9-206c-45fc-85e1-bb5fc4c56ed0
2026-08-15T13:05:35.934946285Z AddItemAsync called with userId=1a78ea5e-f3eb-4fc8-b79b-d8ffed14c071, productId=2ZYFJ3GM2N, quantity=3
2026-08-15T13:05:36.017631614Z GetCartAsync called with userId=1a78ea5e-f3eb-4fc8-b79b-d8ffed14c071
2026-08-15T13:05:36.089946498Z Checking CartService Health
2026-08-15T13:05:36.214005295Z AddItemAsync called with userId=bfc202a9-206c-45fc-85e1-bb5fc4c56ed0, productId=1YMWWN1N4O, quantity=7
2026-08-15T13:05:36.237379549Z GetCartAsync called with userId=bfc202a9-206c-45fc-85e1-bb5fc4c56ed0
2026-08-15T13:05:36.253112534Z GetCartAsync called with userId=1a78ea5e-f3eb-4fc8-b79b-d8ffed14c071
2026-08-15T13:05:36.277209761Z EmptyCartAsync called with userId=1a78ea5e-f3eb-4fc8-b79b-d8ffed14c071
2026-08-15T13:05:36.877273006Z GetCartAsync called with userId=a3e940e3-04a9-4123-b8ae-9b66e1087df3
2026-08-15T13:05:37.274718441Z GetCartAsync called with userId=b6862a64-9aa0-43ed-925f-989df9463214
2026-08-15T13:05:37.593318134Z GetCartAsync called with userId=adb034c7-2a87-4c97-ba43-226f28dee2e6
2026-08-15T13:05:37.654458593Z GetCartAsync called with userId=b7346bb4-8dd0-4f04-a092-01bc982d095c
2026-08-15T13:05:38.049883724Z GetCartAsync called with userId=2a3f6416-cbe5-4f35-a5b3-b222c38dd6b1
2026-08-15T13:05:38.362373001Z GetCartAsync called with userId=dbc81ea5-5531-4605-9216-4c4255eaf706
2026-08-15T13:05:38.481925444Z AddItemAsync called with userId=dbc81ea5-5531-4605-9216-4c4255eaf706, productId=L9ECAV7KIM, quantity=2
2026-08-15T13:05:38.501578524Z GetCartAsync called with userId=dbc81ea5-5531-4605-9216-4c4255eaf706
2026-08-15T13:05:38.837240857Z GetCartAsync called with userId=be3bdda6-898f-4a6c-a1cb-3ded9cc31c28
2026-08-15T13:05:38.930371071Z AddItemAsync called with userId=be3bdda6-898f-4a6c-a1cb-3ded9cc31c28, productId=6E92ZMYYFZ, quantity=7
2026-08-15T13:05:38.941996345Z GetCartAsync called with userId=be3bdda6-898f-4a6c-a1cb-3ded9cc31c28
2026-08-15T13:05:39.364278983Z GetCartAsync called with userId=adb034c7-2a87-4c97-ba43-226f28dee2e6
2026-08-15T13:05:40.197955369Z GetCartAsync called with userId=fe551a84-c24b-4719-a509-b9e5fdf64e37
2026-08-15T13:05:40.317847647Z AddItemAsync called with userId=fe551a84-c24b-4719-a509-b9e5fdf64e37, productId=LS4PSXUNUM, quantity=7
2026-08-15T13:05:40.382226460Z GetCartAsync called with userId=fe551a84-c24b-4719-a509-b9e5fdf64e37
2026-08-15T13:05:40.999668276Z GetCartAsync called with userId=75fb99d4-1648-4332-8535-ad4aaffa2159
2026-08-15T13:05:41.708110953Z GetCartAsync called with userId=9acecf4b-1a54-469f-a88c-1831fc170649
2026-08-15T13:05:41.780180076Z GetCartAsync called with userId=7c83c8f1-08fe-4458-a9a9-0c772a23d674
2026-08-15T13:05:42.437175169Z GetCartAsync called with userId=1a78ea5e-f3eb-4fc8-b79b-d8ffed14c071
2026-08-15T13:05:42.833924887Z GetCartAsync called with userId=7c83c8f1-08fe-4458-a9a9-0c772a23d674
2026-08-15T13:05:42.843956873Z AddItemAsync called with userId=7c83c8f1-08fe-4458-a9a9-0c772a23d674, productId=LS4PSXUNUM, quantity=10
2026-08-15T13:05:42.847955046Z GetCartAsync called with userId=7c83c8f1-08fe-4458-a9a9-0c772a23d674
2026-08-15T13:05:43.349682978Z GetCartAsync called with userId=dbc81ea5-5531-4605-9216-4c4255eaf706
2026-08-15T13:05:43.359915288Z AddItemAsync called with userId=dbc81ea5-5531-4605-9216-4c4255eaf706, productId=OLJCESPC7Z, quantity=10
2026-08-15T13:05:43.363555519Z GetCartAsync called with userId=dbc81ea5-5531-4605-9216-4c4255eaf706
2026-08-15T13:05:43.754469946Z Checking CartService Health
2026-08-15T13:05:43.820812892Z GetCartAsync called with userId=1a78ea5e-f3eb-4fc8-b79b-d8ffed14c071
2026-08-15T13:05:44.065310505Z GetCartAsync called with userId=503c59e6-3248-41ab-b86d-35a34eadc2c8
2026-08-15T13:05:44.429915621Z GetCartAsync called with userId=b6862a64-9aa0-43ed-925f-989df9463214
2026-08-15T13:05:44.768068210Z GetCartAsync called with userId=b7346bb4-8dd0-4f04-a092-01bc982d095c
2026-08-15T13:05:44.926329225Z GetCartAsync called with userId=a3e940e3-04a9-4123-b8ae-9b66e1087df3
2026-08-15T13:05:45.028912356Z GetCartAsync called with userId=2a3f6416-cbe5-4f35-a5b3-b222c38dd6b1
2026-08-15T13:05:45.119757199Z GetCartAsync called with userId=1a78ea5e-f3eb-4fc8-b79b-d8ffed14c071
2026-08-15T13:05:45.246471084Z GetCartAsync called with userId=40e41bab-7ac7-4eb1-9d5c-3bd1e797c094
2026-08-15T13:05:45.258881951Z AddItemAsync called with userId=40e41bab-7ac7-4eb1-9d5c-3bd1e797c094, productId=9SIQT8TOJO, quantity=8
2026-08-15T13:05:45.262644196Z GetCartAsync called with userId=40e41bab-7ac7-4eb1-9d5c-3bd1e797c094
2026-08-15T13:05:45.919298649Z GetCartAsync called with userId=adb034c7-2a87-4c97-ba43-226f28dee2e6
2026-08-15T13:05:46.016971299Z GetCartAsync called with userId=bfc202a9-206c-45fc-85e1-bb5fc4c56ed0
2026-08-15T13:05:46.092241000Z Checking CartService Health
2026-08-15T13:05:46.607143490Z GetCartAsync called with userId=b6862a64-9aa0-43ed-925f-989df9463214
2026-08-15T13:05:48.002831119Z GetCartAsync called with userId=dbc81ea5-5531-4605-9216-4c4255eaf706
2026-08-15T13:05:48.431856390Z GetCartAsync called with userId=be3bdda6-898f-4a6c-a1cb-3ded9cc31c28
2026-08-15T13:05:49.250271395Z GetCartAsync called with userId=fe551a84-c24b-4719-a509-b9e5fdf64e37
2026-08-15T13:05:49.452926403Z GetCartAsync called with userId=503c59e6-3248-41ab-b86d-35a34eadc2c8
2026-08-15T13:05:49.754655107Z GetCartAsync called with userId=9acecf4b-1a54-469f-a88c-1831fc170649
2026-08-15T13:05:50.790715477Z GetCartAsync called with userId=b7346bb4-8dd0-4f04-a092-01bc982d095c
2026-08-15T13:05:50.829978565Z GetCartAsync called with userId=75fb99d4-1648-4332-8535-ad4aaffa2159
2026-08-15T13:05:51.257933390Z GetCartAsync called with userId=1a78ea5e-f3eb-4fc8-b79b-d8ffed14c071
2026-08-15T13:05:51.317494863Z AddItemAsync called with userId=1a78ea5e-f3eb-4fc8-b79b-d8ffed14c071, productId=OLJCESPC7Z, quantity=8
2026-08-15T13:05:51.382231246Z GetCartAsync called with userId=1a78ea5e-f3eb-4fc8-b79b-d8ffed14c071
2026-08-15T13:05:51.991754486Z GetCartAsync called with userId=40e41bab-7ac7-4eb1-9d5c-3bd1e797c094
2026-08-15T13:05:52.498365204Z GetCartAsync called with userId=a3e940e3-04a9-4123-b8ae-9b66e1087df3
2026-08-15T13:05:52.650107126Z GetCartAsync called with userId=fe551a84-c24b-4719-a509-b9e5fdf64e37
2026-08-15T13:05:52.823764156Z GetCartAsync called with userId=7c83c8f1-08fe-4458-a9a9-0c772a23d674
2026-08-15T13:05:53.375887419Z GetCartAsync called with userId=40e41bab-7ac7-4eb1-9d5c-3bd1e797c094
2026-08-15T13:05:53.563140314Z GetCartAsync called with userId=2a3f6416-cbe5-4f35-a5b3-b222c38dd6b1
2026-08-15T13:05:53.759101004Z Checking CartService Health
2026-08-15T13:05:54.112900153Z GetCartAsync called with userId=9acecf4b-1a54-469f-a88c-1831fc170649
2026-08-15T13:05:54.700073926Z GetCartAsync called with userId=503c59e6-3248-41ab-b86d-35a34eadc2c8
2026-08-15T13:05:55.159476886Z GetCartAsync called with userId=b6862a64-9aa0-43ed-925f-989df9463214
2026-08-15T13:05:55.505150069Z GetCartAsync called with userId=40e41bab-7ac7-4eb1-9d5c-3bd1e797c094
2026-08-15T13:05:55.521614169Z AddItemAsync called with userId=40e41bab-7ac7-4eb1-9d5c-3bd1e797c094, productId=OLJCESPC7Z, quantity=9
2026-08-15T13:05:55.528975063Z GetCartAsync called with userId=40e41bab-7ac7-4eb1-9d5c-3bd1e797c094
2026-08-15T13:05:55.915201370Z GetCartAsync called with userId=adb034c7-2a87-4c97-ba43-226f28dee2e6
2026-08-15T13:05:55.924750330Z GetCartAsync called with userId=75fb99d4-1648-4332-8535-ad4aaffa2159
2026-08-15T13:05:56.090070609Z Checking CartService Health
2026-08-15T13:05:56.114375561Z GetCartAsync called with userId=dbc81ea5-5531-4605-9216-4c4255eaf706
2026-08-15T13:05:56.618330567Z GetCartAsync called with userId=b6862a64-9aa0-43ed-925f-989df9463214
2026-08-15T13:05:56.786703216Z GetCartAsync called with userId=be3bdda6-898f-4a6c-a1cb-3ded9cc31c28
2026-08-15T13:05:56.885641732Z AddItemAsync called with userId=be3bdda6-898f-4a6c-a1cb-3ded9cc31c28, productId=6E92ZMYYFZ, quantity=3
2026-08-15T13:05:56.920006806Z GetCartAsync called with userId=be3bdda6-898f-4a6c-a1cb-3ded9cc31c28
2026-08-15T13:05:57.015777237Z GetCartAsync called with userId=1a78ea5e-f3eb-4fc8-b79b-d8ffed14c071
2026-08-15T13:05:57.034123066Z GetCartAsync called with userId=fe551a84-c24b-4719-a509-b9e5fdf64e37
2026-08-15T13:05:57.128353152Z GetCartAsync called with userId=be3bdda6-898f-4a6c-a1cb-3ded9cc31c28
2026-08-15T13:05:57.152809722Z EmptyCartAsync called with userId=be3bdda6-898f-4a6c-a1cb-3ded9cc31c28
2026-08-15T13:05:57.212742501Z AddItemAsync called with userId=1a78ea5e-f3eb-4fc8-b79b-d8ffed14c071, productId=L9ECAV7KIM, quantity=1
2026-08-15T13:05:57.221419855Z GetCartAsync called with userId=1a78ea5e-f3eb-4fc8-b79b-d8ffed14c071
2026-08-15T13:05:58.465442644Z GetCartAsync called with userId=adb034c7-2a87-4c97-ba43-226f28dee2e6
2026-08-15T13:05:58.482808053Z AddItemAsync called with userId=adb034c7-2a87-4c97-ba43-226f28dee2e6, productId=2ZYFJ3GM2N, quantity=5
2026-08-15T13:05:58.487408712Z GetCartAsync called with userId=adb034c7-2a87-4c97-ba43-226f28dee2e6
2026-08-15T13:05:58.928691306Z GetCartAsync called with userId=dbc81ea5-5531-4605-9216-4c4255eaf706
2026-08-15T13:05:59.232667825Z GetCartAsync called with userId=bfc202a9-206c-45fc-85e1-bb5fc4c56ed0
2026-08-15T13:06:00.287880983Z GetCartAsync called with userId=a3e940e3-04a9-4123-b8ae-9b66e1087df3
2026-08-15T13:06:00.400529564Z GetCartAsync called with userId=7c83c8f1-08fe-4458-a9a9-0c772a23d674
2026-08-15T13:06:01.191332708Z GetCartAsync called with userId=b6862a64-9aa0-43ed-925f-989df9463214
2026-08-15T13:06:01.933496045Z GetCartAsync called with userId=a3e940e3-04a9-4123-b8ae-9b66e1087df3
2026-08-15T13:06:02.633608675Z GetCartAsync called with userId=2a3f6416-cbe5-4f35-a5b3-b222c38dd6b1
2026-08-15T13:06:03.117657834Z GetCartAsync called with userId=dbc81ea5-5531-4605-9216-4c4255eaf706
2026-08-15T13:06:03.200424380Z GetCartAsync called with userId=1a78ea5e-f3eb-4fc8-b79b-d8ffed14c071
2026-08-15T13:06:03.754885805Z Checking CartService Health
2026-08-15T13:06:03.939905770Z GetCartAsync called with userId=503c59e6-3248-41ab-b86d-35a34eadc2c8
2026-08-15T13:06:04.771463491Z GetCartAsync called with userId=40e41bab-7ac7-4eb1-9d5c-3bd1e797c094
2026-08-15T13:06:04.778317090Z GetCartAsync called with userId=b7346bb4-8dd0-4f04-a092-01bc982d095c
2026-08-15T13:06:04.879549989Z AddItemAsync called with userId=b7346bb4-8dd0-4f04-a092-01bc982d095c, productId=2ZYFJ3GM2N, quantity=10
2026-08-15T13:06:04.887934866Z GetCartAsync called with userId=b7346bb4-8dd0-4f04-a092-01bc982d095c
2026-08-15T13:06:04.982900235Z GetCartAsync called with userId=fe551a84-c24b-4719-a509-b9e5fdf64e37
2026-08-15T13:06:05.079361278Z GetCartAsync called with userId=b7346bb4-8dd0-4f04-a092-01bc982d095c
2026-08-15T13:06:05.151471382Z EmptyCartAsync called with userId=b7346bb4-8dd0-4f04-a092-01bc982d095c
2026-08-15T13:06:05.337308242Z GetCartAsync called with userId=be3bdda6-898f-4a6c-a1cb-3ded9cc31c28
2026-08-15T13:06:06.087521683Z Checking CartService Health
2026-08-15T13:06:07.835951869Z GetCartAsync called with userId=adb034c7-2a87-4c97-ba43-226f28dee2e6
2026-08-15T13:06:08.064818544Z GetCartAsync called with userId=dbc81ea5-5531-4605-9216-4c4255eaf706
2026-08-15T13:06:08.120781467Z GetCartAsync called with userId=9acecf4b-1a54-469f-a88c-1831fc170649
2026-08-15T13:06:08.913925011Z GetCartAsync called with userId=b6862a64-9aa0-43ed-925f-989df9463214
2026-08-15T13:06:09.133816340Z GetCartAsync called with userId=75fb99d4-1648-4332-8535-ad4aaffa2159
2026-08-15T13:06:09.198972034Z GetCartAsync called with userId=be3bdda6-898f-4a6c-a1cb-3ded9cc31c28
2026-08-15T13:06:09.389979497Z GetCartAsync called with userId=9acecf4b-1a54-469f-a88c-1831fc170649
2026-08-15T13:06:09.901961370Z GetCartAsync called with userId=a3e940e3-04a9-4123-b8ae-9b66e1087df3
2026-08-15T13:06:09.908591943Z GetCartAsync called with userId=bfc202a9-206c-45fc-85e1-bb5fc4c56ed0
2026-08-15T13:06:10.161242191Z GetCartAsync called with userId=fe551a84-c24b-4719-a509-b9e5fdf64e37
2026-08-15T13:06:10.218214731Z GetCartAsync called with userId=7c83c8f1-08fe-4458-a9a9-0c772a23d674
2026-08-15T13:06:10.604033600Z GetCartAsync called with userId=be3bdda6-898f-4a6c-a1cb-3ded9cc31c28
2026-08-15T13:06:10.682165406Z GetCartAsync called with userId=b7346bb4-8dd0-4f04-a092-01bc982d095c
2026-08-15T13:06:10.685196860Z GetCartAsync called with userId=503c59e6-3248-41ab-b86d-35a34eadc2c8
2026-08-15T13:06:11.818188300Z GetCartAsync called with userId=75fb99d4-1648-4332-8535-ad4aaffa2159
2026-08-15T13:06:11.926794507Z AddItemAsync called with userId=75fb99d4-1648-4332-8535-ad4aaffa2159, productId=9SIQT8TOJO, quantity=10
2026-08-15T13:06:11.941938860Z GetCartAsync called with userId=75fb99d4-1648-4332-8535-ad4aaffa2159
2026-08-15T13:06:12.138910963Z GetCartAsync called with userId=7c83c8f1-08fe-4458-a9a9-0c772a23d674
2026-08-15T13:06:12.222138996Z GetCartAsync called with userId=2a3f6416-cbe5-4f35-a5b3-b222c38dd6b1
2026-08-15T13:06:12.794519215Z GetCartAsync called with userId=1a78ea5e-f3eb-4fc8-b79b-d8ffed14c071
2026-08-15T13:06:13.457073962Z GetCartAsync called with userId=be3bdda6-898f-4a6c-a1cb-3ded9cc31c28
2026-08-15T13:06:13.756489877Z Checking CartService Health
2026-08-15T13:06:14.534282187Z GetCartAsync called with userId=fe551a84-c24b-4719-a509-b9e5fdf64e37
2026-08-15T13:06:15.030723611Z GetCartAsync called with userId=40e41bab-7ac7-4eb1-9d5c-3bd1e797c094
2026-08-15T13:06:15.030840426Z GetCartAsync called with userId=dbc81ea5-5531-4605-9216-4c4255eaf706
2026-08-15T13:06:15.111724558Z GetCartAsync called with userId=b6862a64-9aa0-43ed-925f-989df9463214
2026-08-15T13:06:15.544576481Z GetCartAsync called with userId=2a3f6416-cbe5-4f35-a5b3-b222c38dd6b1
2026-08-15T13:06:15.964429329Z GetCartAsync called with userId=503c59e6-3248-41ab-b86d-35a34eadc2c8
2026-08-15T13:06:16.088286502Z AddItemAsync called with userId=503c59e6-3248-41ab-b86d-35a34eadc2c8, productId=LS4PSXUNUM, quantity=7
2026-08-15T13:06:16.088359812Z Checking CartService Health
2026-08-15T13:06:16.112611039Z GetCartAsync called with userId=503c59e6-3248-41ab-b86d-35a34eadc2c8
2026-08-15T13:06:16.478465022Z GetCartAsync called with userId=503c59e6-3248-41ab-b86d-35a34eadc2c8
2026-08-15T13:06:16.498836650Z EmptyCartAsync called with userId=503c59e6-3248-41ab-b86d-35a34eadc2c8
2026-08-15T13:06:17.237232878Z GetCartAsync called with userId=1a78ea5e-f3eb-4fc8-b79b-d8ffed14c071
2026-08-15T13:06:17.330198668Z GetCartAsync called with userId=adb034c7-2a87-4c97-ba43-226f28dee2e6
2026-08-15T13:06:17.545148489Z GetCartAsync called with userId=a3e940e3-04a9-4123-b8ae-9b66e1087df3
2026-08-15T13:06:18.413260447Z GetCartAsync called with userId=75fb99d4-1648-4332-8535-ad4aaffa2159
2026-08-15T13:06:19.547216394Z GetCartAsync called with userId=be3bdda6-898f-4a6c-a1cb-3ded9cc31c28
2026-08-15T13:06:19.638816321Z GetCartAsync called with userId=40e41bab-7ac7-4eb1-9d5c-3bd1e797c094
2026-08-15T13:06:20.041992536Z GetCartAsync called with userId=fe551a84-c24b-4719-a509-b9e5fdf64e37
2026-08-15T13:06:20.726847339Z GetCartAsync called with userId=7c83c8f1-08fe-4458-a9a9-0c772a23d674
2026-08-15T13:06:20.911910811Z AddItemAsync called with userId=7c83c8f1-08fe-4458-a9a9-0c772a23d674, productId=2ZYFJ3GM2N, quantity=8
2026-08-15T13:06:20.927872080Z GetCartAsync called with userId=7c83c8f1-08fe-4458-a9a9-0c772a23d674
2026-08-15T13:06:21.280952129Z GetCartAsync called with userId=adb034c7-2a87-4c97-ba43-226f28dee2e6
2026-08-15T13:06:21.378857895Z GetCartAsync called with userId=dbc81ea5-5531-4605-9216-4c4255eaf706
2026-08-15T13:06:21.532520490Z GetCartAsync called with userId=9acecf4b-1a54-469f-a88c-1831fc170649
2026-08-15T13:06:21.870432863Z GetCartAsync called with userId=503c59e6-3248-41ab-b86d-35a34eadc2c8
2026-08-15T13:06:22.621533423Z GetCartAsync called with userId=75fb99d4-1648-4332-8535-ad4aaffa2159
2026-08-15T13:06:23.345598117Z GetCartAsync called with userId=bfc202a9-206c-45fc-85e1-bb5fc4c56ed0
2026-08-15T13:06:23.493112193Z GetCartAsync called with userId=dbc81ea5-5531-4605-9216-4c4255eaf706
2026-08-15T13:06:23.681105108Z GetCartAsync called with userId=1a78ea5e-f3eb-4fc8-b79b-d8ffed14c071
2026-08-15T13:06:23.758888517Z Checking CartService Health
2026-08-15T13:06:23.793785304Z GetCartAsync called with userId=40e41bab-7ac7-4eb1-9d5c-3bd1e797c094
2026-08-15T13:06:24.404000366Z GetCartAsync called with userId=b7346bb4-8dd0-4f04-a092-01bc982d095c
2026-08-15T13:06:24.634618573Z GetCartAsync called with userId=adb034c7-2a87-4c97-ba43-226f28dee2e6
2026-08-15T13:06:24.657962507Z GetCartAsync called with userId=b6862a64-9aa0-43ed-925f-989df9463214
2026-08-15T13:06:24.969801926Z GetCartAsync called with userId=be3bdda6-898f-4a6c-a1cb-3ded9cc31c28
2026-08-15T13:06:25.553539487Z GetCartAsync called with userId=2a3f6416-cbe5-4f35-a5b3-b222c38dd6b1
2026-08-15T13:06:25.641619802Z GetCartAsync called with userId=9acecf4b-1a54-469f-a88c-1831fc170649
2026-08-15T13:06:26.088560943Z Checking CartService Health
2026-08-15T13:06:26.530840337Z GetCartAsync called with userId=7c83c8f1-08fe-4458-a9a9-0c772a23d674
2026-08-15T13:06:26.902713223Z GetCartAsync called with userId=a3e940e3-04a9-4123-b8ae-9b66e1087df3
2026-08-15T13:06:27.801942452Z GetCartAsync called with userId=adb034c7-2a87-4c97-ba43-226f28dee2e6
2026-08-15T13:06:28.455148254Z GetCartAsync called with userId=40e41bab-7ac7-4eb1-9d5c-3bd1e797c094
2026-08-15T13:06:29.015352859Z GetCartAsync called with userId=b7346bb4-8dd0-4f04-a092-01bc982d095c
2026-08-15T13:06:29.353440670Z GetCartAsync called with userId=1a78ea5e-f3eb-4fc8-b79b-d8ffed14c071
2026-08-15T13:06:29.788836429Z GetCartAsync called with userId=adb034c7-2a87-4c97-ba43-226f28dee2e6
2026-08-15T13:06:30.310491575Z GetCartAsync called with userId=dbc81ea5-5531-4605-9216-4c4255eaf706
2026-08-15T13:06:30.616416897Z GetCartAsync called with userId=503c59e6-3248-41ab-b86d-35a34eadc2c8
2026-08-15T13:06:30.742321859Z GetCartAsync called with userId=75fb99d4-1648-4332-8535-ad4aaffa2159
2026-08-15T13:06:30.910410263Z GetCartAsync called with userId=fe551a84-c24b-4719-a509-b9e5fdf64e37
2026-08-15T13:06:31.010482604Z AddItemAsync called with userId=fe551a84-c24b-4719-a509-b9e5fdf64e37, productId=2ZYFJ3GM2N, quantity=7
2026-08-15T13:06:31.020849296Z GetCartAsync called with userId=fe551a84-c24b-4719-a509-b9e5fdf64e37
2026-08-15T13:06:31.115656081Z GetCartAsync called with userId=be3bdda6-898f-4a6c-a1cb-3ded9cc31c28
2026-08-15T13:06:31.335992089Z GetCartAsync called with userId=2a3f6416-cbe5-4f35-a5b3-b222c38dd6b1
2026-08-15T13:06:31.571775624Z GetCartAsync called with userId=a3e940e3-04a9-4123-b8ae-9b66e1087df3
2026-08-15T13:06:31.747224304Z GetCartAsync called with userId=bfc202a9-206c-45fc-85e1-bb5fc4c56ed0
2026-08-15T13:06:33.163678397Z GetCartAsync called with userId=40e41bab-7ac7-4eb1-9d5c-3bd1e797c094
2026-08-15T13:06:33.757368830Z Checking CartService Health
2026-08-15T13:06:33.827608528Z GetCartAsync called with userId=fe551a84-c24b-4719-a509-b9e5fdf64e37
2026-08-15T13:06:33.922853760Z AddItemAsync called with userId=fe551a84-c24b-4719-a509-b9e5fdf64e37, productId=66VCHSJNUP, quantity=6
2026-08-15T13:06:33.940515620Z GetCartAsync called with userId=fe551a84-c24b-4719-a509-b9e5fdf64e37
2026-08-15T13:06:34.116113516Z GetCartAsync called with userId=2a3f6416-cbe5-4f35-a5b3-b222c38dd6b1
2026-08-15T13:06:34.229752385Z GetCartAsync called with userId=9acecf4b-1a54-469f-a88c-1831fc170649
2026-08-15T13:06:34.503048471Z GetCartAsync called with userId=b6862a64-9aa0-43ed-925f-989df9463214
2026-08-15T13:06:34.579700445Z AddItemAsync called with userId=b6862a64-9aa0-43ed-925f-989df9463214, productId=L9ECAV7KIM, quantity=5
2026-08-15T13:06:34.614015859Z GetCartAsync called with userId=b6862a64-9aa0-43ed-925f-989df9463214
2026-08-15T13:06:35.878184614Z GetCartAsync called with userId=bfc202a9-206c-45fc-85e1-bb5fc4c56ed0
2026-08-15T13:06:36.084041460Z Checking CartService Health
2026-08-15T13:06:36.327806083Z GetCartAsync called with userId=7c83c8f1-08fe-4458-a9a9-0c772a23d674
2026-08-15T13:06:36.430322811Z GetCartAsync called with userId=2a3f6416-cbe5-4f35-a5b3-b222c38dd6b1
2026-08-15T13:06:36.430377817Z GetCartAsync called with userId=b6862a64-9aa0-43ed-925f-989df9463214
2026-08-15T13:06:36.517600900Z GetCartAsync called with userId=a3e940e3-04a9-4123-b8ae-9b66e1087df3
2026-08-15T13:06:36.856781688Z GetCartAsync called with userId=dbc81ea5-5531-4605-9216-4c4255eaf706
2026-08-15T13:06:37.472207794Z GetCartAsync called with userId=b7346bb4-8dd0-4f04-a092-01bc982d095c
2026-08-15T13:06:38.134306520Z GetCartAsync called with userId=503c59e6-3248-41ab-b86d-35a34eadc2c8
2026-08-15T13:06:38.476157995Z GetCartAsync called with userId=fe551a84-c24b-4719-a509-b9e5fdf64e37
2026-08-15T13:06:38.597757577Z GetCartAsync called with userId=75fb99d4-1648-4332-8535-ad4aaffa2159
2026-08-15T13:06:39.595782741Z GetCartAsync called with userId=9acecf4b-1a54-469f-a88c-1831fc170649
2026-08-15T13:06:40.459721680Z GetCartAsync called with userId=be3bdda6-898f-4a6c-a1cb-3ded9cc31c28
2026-08-15T13:06:40.523372428Z GetCartAsync called with userId=1a78ea5e-f3eb-4fc8-b79b-d8ffed14c071
2026-08-15T13:06:40.993761831Z GetCartAsync called with userId=40e41bab-7ac7-4eb1-9d5c-3bd1e797c094
2026-08-15T13:06:41.590164590Z GetCartAsync called with userId=2a3f6416-cbe5-4f35-a5b3-b222c38dd6b1
2026-08-15T13:06:41.614975459Z GetCartAsync called with userId=503c59e6-3248-41ab-b86d-35a34eadc2c8
2026-08-15T13:06:42.927843460Z GetCartAsync called with userId=dbc81ea5-5531-4605-9216-4c4255eaf706
2026-08-15T13:06:43.230699073Z GetCartAsync called with userId=bfc202a9-206c-45fc-85e1-bb5fc4c56ed0
2026-08-15T13:06:43.386183149Z GetCartAsync called with userId=adb034c7-2a87-4c97-ba43-226f28dee2e6
2026-08-15T13:06:43.511993057Z AddItemAsync called with userId=adb034c7-2a87-4c97-ba43-226f28dee2e6, productId=L9ECAV7KIM, quantity=9
2026-08-15T13:06:43.576829060Z GetCartAsync called with userId=adb034c7-2a87-4c97-ba43-226f28dee2e6
2026-08-15T13:06:43.755215404Z Checking CartService Health
2026-08-15T13:06:43.854345753Z GetCartAsync called with userId=b6862a64-9aa0-43ed-925f-989df9463214
2026-08-15T13:06:44.463750561Z GetCartAsync called with userId=40e41bab-7ac7-4eb1-9d5c-3bd1e797c094
2026-08-15T13:06:44.705938802Z GetCartAsync called with userId=503c59e6-3248-41ab-b86d-35a34eadc2c8
2026-08-15T13:06:44.776637711Z GetCartAsync called with userId=a3e940e3-04a9-4123-b8ae-9b66e1087df3
2026-08-15T13:06:45.396077057Z GetCartAsync called with userId=1a78ea5e-f3eb-4fc8-b79b-d8ffed14c071
2026-08-15T13:06:45.405934876Z AddItemAsync called with userId=1a78ea5e-f3eb-4fc8-b79b-d8ffed14c071, productId=OLJCESPC7Z, quantity=2
2026-08-15T13:06:45.409420836Z GetCartAsync called with userId=1a78ea5e-f3eb-4fc8-b79b-d8ffed14c071
2026-08-15T13:06:45.422696509Z GetCartAsync called with userId=1a78ea5e-f3eb-4fc8-b79b-d8ffed14c071
2026-08-15T13:06:45.430466912Z EmptyCartAsync called with userId=1a78ea5e-f3eb-4fc8-b79b-d8ffed14c071
2026-08-15T13:06:45.572670615Z GetCartAsync called with userId=b7346bb4-8dd0-4f04-a092-01bc982d095c
2026-08-15T13:06:45.599089747Z AddItemAsync called with userId=b7346bb4-8dd0-4f04-a092-01bc982d095c, productId=1YMWWN1N4O, quantity=4
2026-08-15T13:06:45.609870661Z GetCartAsync called with userId=b7346bb4-8dd0-4f04-a092-01bc982d095c
2026-08-15T13:06:46.086977091Z Checking CartService Health
2026-08-15T13:06:46.256610429Z GetCartAsync called with userId=7c83c8f1-08fe-4458-a9a9-0c772a23d674
2026-08-15T13:06:46.269835597Z AddItemAsync called with userId=7c83c8f1-08fe-4458-a9a9-0c772a23d674, productId=2ZYFJ3GM2N, quantity=2
2026-08-15T13:06:46.274832013Z GetCartAsync called with userId=7c83c8f1-08fe-4458-a9a9-0c772a23d674
2026-08-15T13:06:46.766286926Z GetCartAsync called with userId=bfc202a9-206c-45fc-85e1-bb5fc4c56ed0
2026-08-15T13:06:46.887005708Z GetCartAsync called with userId=503c59e6-3248-41ab-b86d-35a34eadc2c8
2026-08-15T13:06:47.123462855Z GetCartAsync called with userId=75fb99d4-1648-4332-8535-ad4aaffa2159
2026-08-15T13:06:47.424215551Z GetCartAsync called with userId=9acecf4b-1a54-469f-a88c-1831fc170649
2026-08-15T13:06:48.196417891Z GetCartAsync called with userId=fe551a84-c24b-4719-a509-b9e5fdf64e37
2026-08-15T13:06:48.651034495Z GetCartAsync called with userId=1a78ea5e-f3eb-4fc8-b79b-d8ffed14c071
2026-08-15T13:06:49.089510730Z GetCartAsync called with userId=bfc202a9-206c-45fc-85e1-bb5fc4c56ed0
2026-08-15T13:06:49.302647567Z GetCartAsync called with userId=dbc81ea5-5531-4605-9216-4c4255eaf706
2026-08-15T13:06:50.037912388Z GetCartAsync called with userId=be3bdda6-898f-4a6c-a1cb-3ded9cc31c28
2026-08-15T13:06:50.999481057Z GetCartAsync called with userId=2a3f6416-cbe5-4f35-a5b3-b222c38dd6b1
2026-08-15T13:06:51.828019739Z GetCartAsync called with userId=1a78ea5e-f3eb-4fc8-b79b-d8ffed14c071
2026-08-15T13:06:51.844628513Z GetCartAsync called with userId=503c59e6-3248-41ab-b86d-35a34eadc2c8
2026-08-15T13:06:52.031040268Z AddItemAsync called with userId=503c59e6-3248-41ab-b86d-35a34eadc2c8, productId=6E92ZMYYFZ, quantity=6
2026-08-15T13:06:52.111341662Z GetCartAsync called with userId=503c59e6-3248-41ab-b86d-35a34eadc2c8
2026-08-15T13:06:52.336943751Z GetCartAsync called with userId=adb034c7-2a87-4c97-ba43-226f28dee2e6
2026-08-15T13:06:52.363137845Z AddItemAsync called with userId=adb034c7-2a87-4c97-ba43-226f28dee2e6, productId=LS4PSXUNUM, quantity=2
2026-08-15T13:06:52.409900169Z GetCartAsync called with userId=adb034c7-2a87-4c97-ba43-226f28dee2e6
2026-08-15T13:06:52.500010497Z GetCartAsync called with userId=be3bdda6-898f-4a6c-a1cb-3ded9cc31c28
2026-08-15T13:06:53.489410282Z GetCartAsync called with userId=7c83c8f1-08fe-4458-a9a9-0c772a23d674
2026-08-15T13:06:53.540994818Z GetCartAsync called with userId=b6862a64-9aa0-43ed-925f-989df9463214
2026-08-15T13:06:53.605463887Z GetCartAsync called with userId=75fb99d4-1648-4332-8535-ad4aaffa2159
2026-08-15T13:06:53.752175675Z Checking CartService Health
2026-08-15T13:06:53.753722575Z GetCartAsync called with userId=40e41bab-7ac7-4eb1-9d5c-3bd1e797c094
2026-08-15T13:06:54.133103410Z GetCartAsync called with userId=fe551a84-c24b-4719-a509-b9e5fdf64e37
2026-08-15T13:06:54.210452012Z GetCartAsync called with userId=9acecf4b-1a54-469f-a88c-1831fc170649
2026-08-15T13:06:54.551428164Z GetCartAsync called with userId=a3e940e3-04a9-4123-b8ae-9b66e1087df3
2026-08-15T13:06:54.680715925Z GetCartAsync called with userId=b7346bb4-8dd0-4f04-a092-01bc982d095c
2026-08-15T13:06:54.716086612Z GetCartAsync called with userId=b6862a64-9aa0-43ed-925f-989df9463214
2026-08-15T13:06:55.000814226Z GetCartAsync called with userId=503c59e6-3248-41ab-b86d-35a34eadc2c8
2026-08-15T13:06:56.087459200Z Checking CartService Health
2026-08-15T13:06:56.192439789Z GetCartAsync called with userId=bfc202a9-206c-45fc-85e1-bb5fc4c56ed0
2026-08-15T13:06:56.864868775Z GetCartAsync called with userId=adb034c7-2a87-4c97-ba43-226f28dee2e6
2026-08-15T13:06:56.922835524Z AddItemAsync called with userId=adb034c7-2a87-4c97-ba43-226f28dee2e6, productId=LS4PSXUNUM, quantity=3
2026-08-15T13:06:56.984925540Z GetCartAsync called with userId=adb034c7-2a87-4c97-ba43-226f28dee2e6
2026-08-15T13:06:57.123663112Z GetCartAsync called with userId=adb034c7-2a87-4c97-ba43-226f28dee2e6
2026-08-15T13:06:57.144155537Z EmptyCartAsync called with userId=adb034c7-2a87-4c97-ba43-226f28dee2e6
2026-08-15T13:06:57.209470298Z GetCartAsync called with userId=b6862a64-9aa0-43ed-925f-989df9463214
2026-08-15T13:06:57.378777947Z AddItemAsync called with userId=b6862a64-9aa0-43ed-925f-989df9463214, productId=6E92ZMYYFZ, quantity=8
2026-08-15T13:06:57.383394646Z GetCartAsync called with userId=b6862a64-9aa0-43ed-925f-989df9463214
2026-08-15T13:06:58.504877273Z GetCartAsync called with userId=503c59e6-3248-41ab-b86d-35a34eadc2c8
2026-08-15T13:06:59.244241254Z GetCartAsync called with userId=dbc81ea5-5531-4605-9216-4c4255eaf706
2026-08-15T13:06:59.405799600Z GetCartAsync called with userId=2a3f6416-cbe5-4f35-a5b3-b222c38dd6b1
2026-08-15T13:06:59.411784794Z GetCartAsync called with userId=be3bdda6-898f-4a6c-a1cb-3ded9cc31c28
2026-08-15T13:06:59.414245639Z GetCartAsync called with userId=9acecf4b-1a54-469f-a88c-1831fc170649
2026-08-15T13:06:59.783881549Z GetCartAsync called with userId=503c59e6-3248-41ab-b86d-35a34eadc2c8
2026-08-15T13:07:00.531663816Z GetCartAsync called with userId=75fb99d4-1648-4332-8535-ad4aaffa2159
2026-08-15T13:07:00.881425553Z GetCartAsync called with userId=2a3f6416-cbe5-4f35-a5b3-b222c38dd6b1
2026-08-15T13:07:01.089596428Z GetCartAsync called with userId=7c83c8f1-08fe-4458-a9a9-0c772a23d674
2026-08-15T13:07:01.388423106Z GetCartAsync called with userId=b7346bb4-8dd0-4f04-a092-01bc982d095c
2026-08-15T13:07:01.485394937Z GetCartAsync called with userId=9acecf4b-1a54-469f-a88c-1831fc170649
2026-08-15T13:07:02.527485433Z GetCartAsync called with userId=a3e940e3-04a9-4123-b8ae-9b66e1087df3
2026-08-15T13:07:02.539367613Z AddItemAsync called with userId=a3e940e3-04a9-4123-b8ae-9b66e1087df3, productId=LS4PSXUNUM, quantity=3
2026-08-15T13:07:02.543403814Z GetCartAsync called with userId=a3e940e3-04a9-4123-b8ae-9b66e1087df3
2026-08-15T13:07:02.605484580Z GetCartAsync called with userId=a3e940e3-04a9-4123-b8ae-9b66e1087df3
2026-08-15T13:07:02.612835410Z GetCartAsync called with userId=fe551a84-c24b-4719-a509-b9e5fdf64e37
2026-08-15T13:07:02.615168042Z EmptyCartAsync called with userId=a3e940e3-04a9-4123-b8ae-9b66e1087df3
2026-08-15T13:07:02.939837987Z GetCartAsync called with userId=bfc202a9-206c-45fc-85e1-bb5fc4c56ed0
2026-08-15T13:07:03.042304563Z GetCartAsync called with userId=503c59e6-3248-41ab-b86d-35a34eadc2c8
2026-08-15T13:07:03.081548061Z GetCartAsync called with userId=75fb99d4-1648-4332-8535-ad4aaffa2159
2026-08-15T13:07:03.093465244Z AddItemAsync called with userId=75fb99d4-1648-4332-8535-ad4aaffa2159, productId=66VCHSJNUP, quantity=7
2026-08-15T13:07:03.097462741Z GetCartAsync called with userId=75fb99d4-1648-4332-8535-ad4aaffa2159
2026-08-15T13:07:03.113074192Z GetCartAsync called with userId=75fb99d4-1648-4332-8535-ad4aaffa2159
2026-08-15T13:07:03.121795758Z EmptyCartAsync called with userId=75fb99d4-1648-4332-8535-ad4aaffa2159
2026-08-15T13:07:03.749093059Z GetCartAsync called with userId=b6862a64-9aa0-43ed-925f-989df9463214
2026-08-15T13:07:03.762444685Z Checking CartService Health
2026-08-15T13:07:04.201370277Z GetCartAsync called with userId=1a78ea5e-f3eb-4fc8-b79b-d8ffed14c071
2026-08-15T13:07:04.451835352Z GetCartAsync called with userId=9acecf4b-1a54-469f-a88c-1831fc170649
2026-08-15T13:07:04.823940808Z GetCartAsync called with userId=7c83c8f1-08fe-4458-a9a9-0c772a23d674
2026-08-15T13:07:05.719251327Z GetCartAsync called with userId=75fb99d4-1648-4332-8535-ad4aaffa2159
2026-08-15T13:07:05.872604657Z GetCartAsync called with userId=dbc81ea5-5531-4605-9216-4c4255eaf706
2026-08-15T13:07:05.904858361Z GetCartAsync called with userId=adb034c7-2a87-4c97-ba43-226f28dee2e6
2026-08-15T13:07:05.909390611Z GetCartAsync called with userId=1a78ea5e-f3eb-4fc8-b79b-d8ffed14c071
2026-08-15T13:07:05.916217889Z GetCartAsync called with userId=40e41bab-7ac7-4eb1-9d5c-3bd1e797c094
2026-08-15T13:07:05.916259793Z GetCartAsync called with userId=b7346bb4-8dd0-4f04-a092-01bc982d095c
2026-08-15T13:07:06.015107910Z GetCartAsync called with userId=fe551a84-c24b-4719-a509-b9e5fdf64e37
2026-08-15T13:07:06.078382494Z Checking CartService Health
2026-08-15T13:07:06.311900686Z AddItemAsync called with userId=40e41bab-7ac7-4eb1-9d5c-3bd1e797c094, productId=66VCHSJNUP, quantity=4
2026-08-15T13:07:06.380583008Z GetCartAsync called with userId=40e41bab-7ac7-4eb1-9d5c-3bd1e797c094
2026-08-15T13:07:06.591011707Z AddItemAsync called with userId=fe551a84-c24b-4719-a509-b9e5fdf64e37, productId=0PUK6V6EV0, quantity=5
2026-08-15T13:07:06.679755520Z GetCartAsync called with userId=fe551a84-c24b-4719-a509-b9e5fdf64e37
2026-08-15T13:07:06.985703870Z GetCartAsync called with userId=fe551a84-c24b-4719-a509-b9e5fdf64e37
2026-08-15T13:07:07.100064781Z EmptyCartAsync called with userId=fe551a84-c24b-4719-a509-b9e5fdf64e37
2026-08-15T13:07:07.413820808Z GetCartAsync called with userId=be3bdda6-898f-4a6c-a1cb-3ded9cc31c28
2026-08-15T13:07:09.059887160Z GetCartAsync called with userId=9acecf4b-1a54-469f-a88c-1831fc170649
2026-08-15T13:07:09.840049046Z GetCartAsync called with userId=b7346bb4-8dd0-4f04-a092-01bc982d095c
2026-08-15T13:07:09.922113449Z GetCartAsync called with userId=bfc202a9-206c-45fc-85e1-bb5fc4c56ed0
2026-08-15T13:07:11.859628544Z GetCartAsync called with userId=a3e940e3-04a9-4123-b8ae-9b66e1087df3
2026-08-15T13:07:12.054656815Z GetCartAsync called with userId=bfc202a9-206c-45fc-85e1-bb5fc4c56ed0
2026-08-15T13:07:12.083437562Z GetCartAsync called with userId=503c59e6-3248-41ab-b86d-35a34eadc2c8
2026-08-15T13:07:12.104907260Z AddItemAsync called with userId=503c59e6-3248-41ab-b86d-35a34eadc2c8, productId=1YMWWN1N4O, quantity=4
2026-08-15T13:07:12.110709054Z GetCartAsync called with userId=503c59e6-3248-41ab-b86d-35a34eadc2c8
2026-08-15T13:07:12.878983523Z GetCartAsync called with userId=2a3f6416-cbe5-4f35-a5b3-b222c38dd6b1
2026-08-15T13:07:12.898087579Z GetCartAsync called with userId=b7346bb4-8dd0-4f04-a092-01bc982d095c
2026-08-15T13:07:13.254168941Z GetCartAsync called with userId=adb034c7-2a87-4c97-ba43-226f28dee2e6
2026-08-15T13:07:13.366846579Z GetCartAsync called with userId=dbc81ea5-5531-4605-9216-4c4255eaf706
2026-08-15T13:07:13.703176518Z GetCartAsync called with userId=1a78ea5e-f3eb-4fc8-b79b-d8ffed14c071
2026-08-15T13:07:13.719706910Z GetCartAsync called with userId=503c59e6-3248-41ab-b86d-35a34eadc2c8
2026-08-15T13:07:13.750317645Z Checking CartService Health
2026-08-15T13:07:14.360537429Z GetCartAsync called with userId=7c83c8f1-08fe-4458-a9a9-0c772a23d674
2026-08-15T13:07:14.419600877Z AddItemAsync called with userId=7c83c8f1-08fe-4458-a9a9-0c772a23d674, productId=OLJCESPC7Z, quantity=4
2026-08-15T13:07:14.477339589Z GetCartAsync called with userId=7c83c8f1-08fe-4458-a9a9-0c772a23d674
2026-08-15T13:07:14.671917114Z GetCartAsync called with userId=40e41bab-7ac7-4eb1-9d5c-3bd1e797c094
2026-08-15T13:07:14.812655225Z GetCartAsync called with userId=75fb99d4-1648-4332-8535-ad4aaffa2159
2026-08-15T13:07:16.077555390Z Checking CartService Health
2026-08-15T13:07:16.222657585Z GetCartAsync called with userId=b6862a64-9aa0-43ed-925f-989df9463214
2026-08-15T13:07:16.334265595Z GetCartAsync called with userId=fe551a84-c24b-4719-a509-b9e5fdf64e37
2026-08-15T13:07:16.405764133Z GetCartAsync called with userId=be3bdda6-898f-4a6c-a1cb-3ded9cc31c28
2026-08-15T13:07:16.508489019Z GetCartAsync called with userId=bfc202a9-206c-45fc-85e1-bb5fc4c56ed0
2026-08-15T13:07:16.509756451Z AddItemAsync called with userId=be3bdda6-898f-4a6c-a1cb-3ded9cc31c28, productId=L9ECAV7KIM, quantity=3
2026-08-15T13:07:16.513958888Z GetCartAsync called with userId=be3bdda6-898f-4a6c-a1cb-3ded9cc31c28
2026-08-15T13:07:17.291114934Z GetCartAsync called with userId=9acecf4b-1a54-469f-a88c-1831fc170649
2026-08-15T13:07:17.766730512Z GetCartAsync called with userId=dbc81ea5-5531-4605-9216-4c4255eaf706
2026-08-15T13:07:17.991792924Z GetCartAsync called with userId=75fb99d4-1648-4332-8535-ad4aaffa2159
2026-08-15T13:07:18.118206275Z GetCartAsync called with userId=7c83c8f1-08fe-4458-a9a9-0c772a23d674
2026-08-15T13:07:18.722975788Z GetCartAsync called with userId=2a3f6416-cbe5-4f35-a5b3-b222c38dd6b1
2026-08-15T13:07:18.978171335Z GetCartAsync called with userId=bfc202a9-206c-45fc-85e1-bb5fc4c56ed0
2026-08-15T13:07:19.355164953Z GetCartAsync called with userId=fe551a84-c24b-4719-a509-b9e5fdf64e37
2026-08-15T13:07:19.664974282Z GetCartAsync called with userId=40e41bab-7ac7-4eb1-9d5c-3bd1e797c094
2026-08-15T13:07:19.772321149Z GetCartAsync called with userId=adb034c7-2a87-4c97-ba43-226f28dee2e6
2026-08-15T13:07:20.730604737Z GetCartAsync called with userId=be3bdda6-898f-4a6c-a1cb-3ded9cc31c28
2026-08-15T13:07:20.761125412Z AddItemAsync called with userId=be3bdda6-898f-4a6c-a1cb-3ded9cc31c28, productId=9SIQT8TOJO, quantity=3
2026-08-15T13:07:20.805992280Z GetCartAsync called with userId=be3bdda6-898f-4a6c-a1cb-3ded9cc31c28
2026-08-15T13:07:20.809192512Z GetCartAsync called with userId=b7346bb4-8dd0-4f04-a092-01bc982d095c
2026-08-15T13:07:21.323910757Z GetCartAsync called with userId=a3e940e3-04a9-4123-b8ae-9b66e1087df3
2026-08-15T13:07:22.519415823Z GetCartAsync called with userId=1a78ea5e-f3eb-4fc8-b79b-d8ffed14c071
2026-08-15T13:07:22.540254791Z AddItemAsync called with userId=1a78ea5e-f3eb-4fc8-b79b-d8ffed14c071, productId=66VCHSJNUP, quantity=2
2026-08-15T13:07:22.549310933Z GetCartAsync called with userId=1a78ea5e-f3eb-4fc8-b79b-d8ffed14c071
2026-08-15T13:07:22.615087076Z GetCartAsync called with userId=dbc81ea5-5531-4605-9216-4c4255eaf706
2026-08-15T13:07:22.811596518Z GetCartAsync called with userId=503c59e6-3248-41ab-b86d-35a34eadc2c8
2026-08-15T13:07:23.309945994Z GetCartAsync called with userId=7c83c8f1-08fe-4458-a9a9-0c772a23d674
2026-08-15T13:07:23.584486352Z GetCartAsync called with userId=fe551a84-c24b-4719-a509-b9e5fdf64e37
2026-08-15T13:07:23.750046716Z Checking CartService Health
2026-08-15T13:07:23.783643821Z GetCartAsync called with userId=b7346bb4-8dd0-4f04-a092-01bc982d095c
2026-08-15T13:07:24.956176532Z GetCartAsync called with userId=2a3f6416-cbe5-4f35-a5b3-b222c38dd6b1
2026-08-15T13:07:25.628087526Z GetCartAsync called with userId=be3bdda6-898f-4a6c-a1cb-3ded9cc31c28
2026-08-15T13:07:25.628272646Z GetCartAsync called with userId=fe551a84-c24b-4719-a509-b9e5fdf64e37
2026-08-15T13:07:25.628281347Z GetCartAsync called with userId=75fb99d4-1648-4332-8535-ad4aaffa2159
2026-08-15T13:07:25.906473997Z GetCartAsync called with userId=b6862a64-9aa0-43ed-925f-989df9463214
2026-08-15T13:07:25.911080591Z AddItemAsync called with userId=be3bdda6-898f-4a6c-a1cb-3ded9cc31c28, productId=2ZYFJ3GM2N, quantity=8
2026-08-15T13:07:25.922844253Z GetCartAsync called with userId=be3bdda6-898f-4a6c-a1cb-3ded9cc31c28
2026-08-15T13:07:26.007665054Z GetCartAsync called with userId=bfc202a9-206c-45fc-85e1-bb5fc4c56ed0
2026-08-15T13:07:26.077097804Z Checking CartService Health
2026-08-15T13:07:26.417129989Z GetCartAsync called with userId=9acecf4b-1a54-469f-a88c-1831fc170649
2026-08-15T13:07:26.605247974Z AddItemAsync called with userId=9acecf4b-1a54-469f-a88c-1831fc170649, productId=0PUK6V6EV0, quantity=3
2026-08-15T13:07:26.616471878Z GetCartAsync called with userId=9acecf4b-1a54-469f-a88c-1831fc170649
2026-08-15T13:07:27.198342183Z GetCartAsync called with userId=dbc81ea5-5531-4605-9216-4c4255eaf706
2026-08-15T13:07:27.402311468Z GetCartAsync called with userId=a3e940e3-04a9-4123-b8ae-9b66e1087df3
2026-08-15T13:07:28.536734090Z GetCartAsync called with userId=40e41bab-7ac7-4eb1-9d5c-3bd1e797c094
2026-08-15T13:07:29.511641395Z GetCartAsync called with userId=9acecf4b-1a54-469f-a88c-1831fc170649
2026-08-15T13:07:29.734033758Z GetCartAsync called with userId=adb034c7-2a87-4c97-ba43-226f28dee2e6
2026-08-15T13:07:29.826174444Z GetCartAsync called with userId=75fb99d4-1648-4332-8535-ad4aaffa2159
2026-08-15T13:07:31.287433018Z GetCartAsync called with userId=7c83c8f1-08fe-4458-a9a9-0c772a23d674
2026-08-15T13:07:31.665030845Z GetCartAsync called with userId=be3bdda6-898f-4a6c-a1cb-3ded9cc31c28
2026-08-15T13:07:31.883399834Z GetCartAsync called with userId=1a78ea5e-f3eb-4fc8-b79b-d8ffed14c071
2026-08-15T13:07:31.959607876Z GetCartAsync called with userId=b6862a64-9aa0-43ed-925f-989df9463214
2026-08-15T13:07:32.152213511Z GetCartAsync called with userId=9acecf4b-1a54-469f-a88c-1831fc170649
2026-08-15T13:07:32.320023199Z GetCartAsync called with userId=b7346bb4-8dd0-4f04-a092-01bc982d095c
2026-08-15T13:07:32.631261376Z GetCartAsync called with userId=503c59e6-3248-41ab-b86d-35a34eadc2c8
2026-08-15T13:07:32.943240734Z GetCartAsync called with userId=a3e940e3-04a9-4123-b8ae-9b66e1087df3
2026-08-15T13:07:33.623119245Z GetCartAsync called with userId=9acecf4b-1a54-469f-a88c-1831fc170649
2026-08-15T13:07:33.749628559Z Checking CartService Health
2026-08-15T13:07:34.147384719Z GetCartAsync called with userId=7c83c8f1-08fe-4458-a9a9-0c772a23d674
2026-08-15T13:07:34.412107742Z GetCartAsync called with userId=dbc81ea5-5531-4605-9216-4c4255eaf706
2026-08-15T13:07:34.416810563Z GetCartAsync called with userId=1a78ea5e-f3eb-4fc8-b79b-d8ffed14c071
2026-08-15T13:07:34.419726886Z GetCartAsync called with userId=fe551a84-c24b-4719-a509-b9e5fdf64e37
2026-08-15T13:07:34.511219121Z GetCartAsync called with userId=b6862a64-9aa0-43ed-925f-989df9463214
2026-08-15T13:07:34.546925576Z GetCartAsync called with userId=2a3f6416-cbe5-4f35-a5b3-b222c38dd6b1
2026-08-15T13:07:34.803860037Z GetCartAsync called with userId=bfc202a9-206c-45fc-85e1-bb5fc4c56ed0
2026-08-15T13:07:34.805385906Z AddItemAsync called with userId=2a3f6416-cbe5-4f35-a5b3-b222c38dd6b1, productId=0PUK6V6EV0, quantity=8
2026-08-15T13:07:34.870809653Z GetCartAsync called with userId=2a3f6416-cbe5-4f35-a5b3-b222c38dd6b1
2026-08-15T13:07:35.103130988Z GetCartAsync called with userId=75fb99d4-1648-4332-8535-ad4aaffa2159
2026-08-15T13:07:36.082946923Z Checking CartService Health
2026-08-15T13:07:36.784249608Z GetCartAsync called with userId=9acecf4b-1a54-469f-a88c-1831fc170649
2026-08-15T13:07:36.956896532Z AddItemAsync called with userId=9acecf4b-1a54-469f-a88c-1831fc170649, productId=L9ECAV7KIM, quantity=1
2026-08-15T13:07:37.009100915Z GetCartAsync called with userId=9acecf4b-1a54-469f-a88c-1831fc170649
2026-08-15T13:07:37.176715282Z GetCartAsync called with userId=9acecf4b-1a54-469f-a88c-1831fc170649
2026-08-15T13:07:37.199383393Z EmptyCartAsync called with userId=9acecf4b-1a54-469f-a88c-1831fc170649
2026-08-15T13:07:37.572896367Z GetCartAsync called with userId=b7346bb4-8dd0-4f04-a092-01bc982d095c
2026-08-15T13:07:37.750169004Z GetCartAsync called with userId=40e41bab-7ac7-4eb1-9d5c-3bd1e797c094
2026-08-15T13:07:38.709096326Z GetCartAsync called with userId=adb034c7-2a87-4c97-ba43-226f28dee2e6
2026-08-15T13:07:39.065707015Z GetCartAsync called with userId=7c83c8f1-08fe-4458-a9a9-0c772a23d674
2026-08-15T13:07:39.625821970Z GetCartAsync called with userId=75fb99d4-1648-4332-8535-ad4aaffa2159
2026-08-15T13:07:39.762455417Z GetCartAsync called with userId=bfc202a9-206c-45fc-85e1-bb5fc4c56ed0
2026-08-15T13:07:40.116563629Z GetCartAsync called with userId=b6862a64-9aa0-43ed-925f-989df9463214
2026-08-15T13:07:40.736508979Z GetCartAsync called with userId=a3e940e3-04a9-4123-b8ae-9b66e1087df3
2026-08-15T13:07:40.911744775Z AddItemAsync called with userId=a3e940e3-04a9-4123-b8ae-9b66e1087df3, productId=L9ECAV7KIM, quantity=4
2026-08-15T13:07:40.925568669Z GetCartAsync called with userId=a3e940e3-04a9-4123-b8ae-9b66e1087df3
2026-08-15T13:07:40.975035070Z GetCartAsync called with userId=fe551a84-c24b-4719-a509-b9e5fdf64e37
2026-08-15T13:07:41.212160799Z GetCartAsync called with userId=2a3f6416-cbe5-4f35-a5b3-b222c38dd6b1
2026-08-15T13:07:41.508045200Z GetCartAsync called with userId=be3bdda6-898f-4a6c-a1cb-3ded9cc31c28
2026-08-15T13:07:41.616784833Z GetCartAsync called with userId=9acecf4b-1a54-469f-a88c-1831fc170649
2026-08-15T13:07:41.675088152Z AddItemAsync called with userId=be3bdda6-898f-4a6c-a1cb-3ded9cc31c28, productId=6E92ZMYYFZ, quantity=5
2026-08-15T13:07:41.710563841Z GetCartAsync called with userId=be3bdda6-898f-4a6c-a1cb-3ded9cc31c28
2026-08-15T13:07:42.409122151Z GetCartAsync called with userId=7c83c8f1-08fe-4458-a9a9-0c772a23d674
2026-08-15T13:07:42.445459639Z GetCartAsync called with userId=503c59e6-3248-41ab-b86d-35a34eadc2c8
2026-08-15T13:07:43.328060361Z GetCartAsync called with userId=2a3f6416-cbe5-4f35-a5b3-b222c38dd6b1
2026-08-15T13:07:43.618311413Z GetCartAsync called with userId=1a78ea5e-f3eb-4fc8-b79b-d8ffed14c071
2026-08-15T13:07:43.638478838Z GetCartAsync called with userId=dbc81ea5-5531-4605-9216-4c4255eaf706
2026-08-15T13:07:43.744637573Z Checking CartService Health
2026-08-15T13:07:44.300939488Z GetCartAsync called with userId=fe551a84-c24b-4719-a509-b9e5fdf64e37
2026-08-15T13:07:44.462927357Z AddItemAsync called with userId=fe551a84-c24b-4719-a509-b9e5fdf64e37, productId=9SIQT8TOJO, quantity=5
2026-08-15T13:07:44.471900091Z GetCartAsync called with userId=fe551a84-c24b-4719-a509-b9e5fdf64e37
2026-08-15T13:07:44.786385537Z GetCartAsync called with userId=a3e940e3-04a9-4123-b8ae-9b66e1087df3
2026-08-15T13:07:44.813385848Z GetCartAsync called with userId=1a78ea5e-f3eb-4fc8-b79b-d8ffed14c071
2026-08-15T13:07:45.793262081Z GetCartAsync called with userId=40e41bab-7ac7-4eb1-9d5c-3bd1e797c094
2026-08-15T13:07:46.075374396Z Checking CartService Health
2026-08-15T13:07:46.084307225Z GetCartAsync called with userId=bfc202a9-206c-45fc-85e1-bb5fc4c56ed0
2026-08-15T13:07:46.087979948Z GetCartAsync called with userId=fe551a84-c24b-4719-a509-b9e5fdf64e37
2026-08-15T13:07:46.762216956Z GetCartAsync called with userId=75fb99d4-1648-4332-8535-ad4aaffa2159
2026-08-15T13:07:46.769930845Z GetCartAsync called with userId=2a3f6416-cbe5-4f35-a5b3-b222c38dd6b1
2026-08-15T13:07:46.807730301Z GetCartAsync called with userId=adb034c7-2a87-4c97-ba43-226f28dee2e6
2026-08-15T13:07:47.022345762Z AddItemAsync called with userId=adb034c7-2a87-4c97-ba43-226f28dee2e6, productId=2ZYFJ3GM2N, quantity=3
2026-08-15T13:07:47.072750878Z GetCartAsync called with userId=adb034c7-2a87-4c97-ba43-226f28dee2e6
2026-08-15T13:07:47.390404064Z GetCartAsync called with userId=b7346bb4-8dd0-4f04-a092-01bc982d095c
2026-08-15T13:07:48.476695378Z GetCartAsync called with userId=503c59e6-3248-41ab-b86d-35a34eadc2c8
2026-08-15T13:07:48.794112738Z GetCartAsync called with userId=be3bdda6-898f-4a6c-a1cb-3ded9cc31c28
2026-08-15T13:07:48.846916820Z GetCartAsync called with userId=bfc202a9-206c-45fc-85e1-bb5fc4c56ed0
2026-08-15T13:07:49.106964490Z AddItemAsync called with userId=bfc202a9-206c-45fc-85e1-bb5fc4c56ed0, productId=OLJCESPC7Z, quantity=3
2026-08-15T13:07:49.112373992Z GetCartAsync called with userId=bfc202a9-206c-45fc-85e1-bb5fc4c56ed0
2026-08-15T13:07:49.405533351Z GetCartAsync called with userId=b6862a64-9aa0-43ed-925f-989df9463214
2026-08-15T13:07:49.409714716Z GetCartAsync called with userId=bfc202a9-206c-45fc-85e1-bb5fc4c56ed0
2026-08-15T13:07:49.434485976Z EmptyCartAsync called with userId=bfc202a9-206c-45fc-85e1-bb5fc4c56ed0
2026-08-15T13:07:49.706303756Z GetCartAsync called with userId=1a78ea5e-f3eb-4fc8-b79b-d8ffed14c071
2026-08-15T13:07:49.931824780Z AddItemAsync called with userId=1a78ea5e-f3eb-4fc8-b79b-d8ffed14c071, productId=6E92ZMYYFZ, quantity=9
2026-08-15T13:07:49.942031317Z GetCartAsync called with userId=1a78ea5e-f3eb-4fc8-b79b-d8ffed14c071
2026-08-15T13:07:49.988892137Z GetCartAsync called with userId=9acecf4b-1a54-469f-a88c-1831fc170649
2026-08-15T13:07:51.068352589Z GetCartAsync called with userId=7c83c8f1-08fe-4458-a9a9-0c772a23d674
2026-08-15T13:07:51.192661837Z GetCartAsync called with userId=40e41bab-7ac7-4eb1-9d5c-3bd1e797c094
2026-08-15T13:07:51.232729401Z GetCartAsync called with userId=fe551a84-c24b-4719-a509-b9e5fdf64e37
2026-08-15T13:07:51.370982002Z AddItemAsync called with userId=7c83c8f1-08fe-4458-a9a9-0c772a23d674, productId=66VCHSJNUP, quantity=4
2026-08-15T13:07:51.401968854Z GetCartAsync called with userId=7c83c8f1-08fe-4458-a9a9-0c772a23d674
2026-08-15T13:07:51.524769134Z GetCartAsync called with userId=9acecf4b-1a54-469f-a88c-1831fc170649
2026-08-15T13:07:51.911126575Z GetCartAsync called with userId=2a3f6416-cbe5-4f35-a5b3-b222c38dd6b1
2026-08-15T13:07:52.271669439Z GetCartAsync called with userId=be3bdda6-898f-4a6c-a1cb-3ded9cc31c28
2026-08-15T13:07:53.046486354Z GetCartAsync called with userId=a3e940e3-04a9-4123-b8ae-9b66e1087df3
2026-08-15T13:07:53.070855869Z GetCartAsync called with userId=40e41bab-7ac7-4eb1-9d5c-3bd1e797c094
2026-08-15T13:07:53.236047772Z GetCartAsync called with userId=dbc81ea5-5531-4605-9216-4c4255eaf706
2026-08-15T13:07:53.303973338Z GetCartAsync called with userId=75fb99d4-1648-4332-8535-ad4aaffa2159
2026-08-15T13:07:53.747058898Z Checking CartService Health
2026-08-15T13:07:54.468413758Z GetCartAsync called with userId=1a78ea5e-f3eb-4fc8-b79b-d8ffed14c071
2026-08-15T13:07:54.699006446Z AddItemAsync called with userId=1a78ea5e-f3eb-4fc8-b79b-d8ffed14c071, productId=2ZYFJ3GM2N, quantity=3
2026-08-15T13:07:54.774199122Z GetCartAsync called with userId=1a78ea5e-f3eb-4fc8-b79b-d8ffed14c071
2026-08-15T13:07:54.822434896Z GetCartAsync called with userId=fe551a84-c24b-4719-a509-b9e5fdf64e37
2026-08-15T13:07:55.087948478Z GetCartAsync called with userId=adb034c7-2a87-4c97-ba43-226f28dee2e6
2026-08-15T13:07:55.091721573Z GetCartAsync called with userId=dbc81ea5-5531-4605-9216-4c4255eaf706
2026-08-15T13:07:55.101774927Z AddItemAsync called with userId=fe551a84-c24b-4719-a509-b9e5fdf64e37, productId=9SIQT8TOJO, quantity=4
2026-08-15T13:07:55.169345811Z GetCartAsync called with userId=1a78ea5e-f3eb-4fc8-b79b-d8ffed14c071
2026-08-15T13:07:55.171281514Z GetCartAsync called with userId=fe551a84-c24b-4719-a509-b9e5fdf64e37
2026-08-15T13:07:55.179503376Z EmptyCartAsync called with userId=1a78ea5e-f3eb-4fc8-b79b-d8ffed14c071
2026-08-15T13:07:55.925088443Z GetCartAsync called with userId=bfc202a9-206c-45fc-85e1-bb5fc4c56ed0
2026-08-15T13:07:56.007967332Z GetCartAsync called with userId=503c59e6-3248-41ab-b86d-35a34eadc2c8
2026-08-15T13:07:56.075001960Z Checking CartService Health
2026-08-15T13:07:56.370138502Z AddItemAsync called with userId=503c59e6-3248-41ab-b86d-35a34eadc2c8, productId=0PUK6V6EV0, quantity=7
2026-08-15T13:07:56.389024582Z GetCartAsync called with userId=503c59e6-3248-41ab-b86d-35a34eadc2c8
2026-08-15T13:07:56.642984907Z GetCartAsync called with userId=b7346bb4-8dd0-4f04-a092-01bc982d095c
2026-08-15T13:07:57.390334448Z GetCartAsync called with userId=40e41bab-7ac7-4eb1-9d5c-3bd1e797c094
2026-08-15T13:07:59.257659018Z GetCartAsync called with userId=bfc202a9-206c-45fc-85e1-bb5fc4c56ed0
2026-08-15T13:07:59.417462872Z GetCartAsync called with userId=a3e940e3-04a9-4123-b8ae-9b66e1087df3
2026-08-15T13:07:59.514163410Z GetCartAsync called with userId=2a3f6416-cbe5-4f35-a5b3-b222c38dd6b1
2026-08-15T13:07:59.701744076Z GetCartAsync called with userId=be3bdda6-898f-4a6c-a1cb-3ded9cc31c28
2026-08-15T13:07:59.701831785Z GetCartAsync called with userId=b6862a64-9aa0-43ed-925f-989df9463214
2026-08-15T13:07:59.802251213Z GetCartAsync called with userId=1a78ea5e-f3eb-4fc8-b79b-d8ffed14c071
2026-08-15T13:07:59.906864480Z GetCartAsync called with userId=9acecf4b-1a54-469f-a88c-1831fc170649
2026-08-15T13:07:59.908937298Z GetCartAsync called with userId=adb034c7-2a87-4c97-ba43-226f28dee2e6
2026-08-15T13:08:00.100960729Z AddItemAsync called with userId=b6862a64-9aa0-43ed-925f-989df9463214, productId=66VCHSJNUP, quantity=7
2026-08-15T13:08:00.109683444Z GetCartAsync called with userId=75fb99d4-1648-4332-8535-ad4aaffa2159
2026-08-15T13:08:00.109708547Z GetCartAsync called with userId=b6862a64-9aa0-43ed-925f-989df9463214
2026-08-15T13:08:00.135229722Z AddItemAsync called with userId=1a78ea5e-f3eb-4fc8-b79b-d8ffed14c071, productId=L9ECAV7KIM, quantity=1
2026-08-15T13:08:00.170240993Z GetCartAsync called with userId=1a78ea5e-f3eb-4fc8-b79b-d8ffed14c071
2026-08-15T13:08:00.568252820Z GetCartAsync called with userId=dbc81ea5-5531-4605-9216-4c4255eaf706
2026-08-15T13:08:00.591639572Z GetCartAsync called with userId=1a78ea5e-f3eb-4fc8-b79b-d8ffed14c071
2026-08-15T13:08:00.639127951Z EmptyCartAsync called with userId=1a78ea5e-f3eb-4fc8-b79b-d8ffed14c071
2026-08-15T13:08:00.914735946Z AddItemAsync called with userId=dbc81ea5-5531-4605-9216-4c4255eaf706, productId=2ZYFJ3GM2N, quantity=7
2026-08-15T13:08:01.002348831Z GetCartAsync called with userId=dbc81ea5-5531-4605-9216-4c4255eaf706
2026-08-15T13:08:01.168617863Z GetCartAsync called with userId=503c59e6-3248-41ab-b86d-35a34eadc2c8
2026-08-15T13:08:01.222681631Z GetCartAsync called with userId=7c83c8f1-08fe-4458-a9a9-0c772a23d674
2026-08-15T13:08:01.379724695Z GetCartAsync called with userId=bfc202a9-206c-45fc-85e1-bb5fc4c56ed0
2026-08-15T13:08:02.910129042Z GetCartAsync called with userId=7c83c8f1-08fe-4458-a9a9-0c772a23d674
2026-08-15T13:08:03.385902278Z GetCartAsync called with userId=40e41bab-7ac7-4eb1-9d5c-3bd1e797c094
2026-08-15T13:08:03.514179013Z GetCartAsync called with userId=a3e940e3-04a9-4123-b8ae-9b66e1087df3
2026-08-15T13:08:03.602985213Z GetCartAsync called with userId=dbc81ea5-5531-4605-9216-4c4255eaf706
2026-08-15T13:08:03.742956673Z Checking CartService Health
2026-08-15T13:08:03.888593825Z AddItemAsync called with userId=dbc81ea5-5531-4605-9216-4c4255eaf706, productId=66VCHSJNUP, quantity=10
2026-08-15T13:08:03.968689714Z GetCartAsync called with userId=dbc81ea5-5531-4605-9216-4c4255eaf706
2026-08-15T13:08:04.430330062Z GetCartAsync called with userId=be3bdda6-898f-4a6c-a1cb-3ded9cc31c28
2026-08-15T13:08:04.729174460Z GetCartAsync called with userId=fe551a84-c24b-4719-a509-b9e5fdf64e37
2026-08-15T13:08:04.787208938Z GetCartAsync called with userId=2a3f6416-cbe5-4f35-a5b3-b222c38dd6b1
2026-08-15T13:08:04.922146670Z GetCartAsync called with userId=9acecf4b-1a54-469f-a88c-1831fc170649
2026-08-15T13:08:05.504532964Z GetCartAsync called with userId=b7346bb4-8dd0-4f04-a092-01bc982d095c
2026-08-15T13:08:05.570137034Z GetCartAsync called with userId=adb034c7-2a87-4c97-ba43-226f28dee2e6
2026-08-15T13:08:05.981939863Z GetCartAsync called with userId=a3e940e3-04a9-4123-b8ae-9b66e1087df3
2026-08-15T13:08:06.073530255Z Checking CartService Health
2026-08-15T13:08:06.104328281Z GetCartAsync called with userId=b6862a64-9aa0-43ed-925f-989df9463214
2026-08-15T13:08:06.404776347Z AddItemAsync called with userId=a3e940e3-04a9-4123-b8ae-9b66e1087df3, productId=6E92ZMYYFZ, quantity=9
2026-08-15T13:08:06.419134350Z GetCartAsync called with userId=a3e940e3-04a9-4123-b8ae-9b66e1087df3
2026-08-15T13:08:06.585605385Z GetCartAsync called with userId=2a3f6416-cbe5-4f35-a5b3-b222c38dd6b1
2026-08-15T13:08:06.601795781Z GetCartAsync called with userId=bfc202a9-206c-45fc-85e1-bb5fc4c56ed0
2026-08-15T13:08:06.867649024Z GetCartAsync called with userId=9acecf4b-1a54-469f-a88c-1831fc170649
2026-08-15T13:08:06.937607250Z AddItemAsync called with userId=2a3f6416-cbe5-4f35-a5b3-b222c38dd6b1, productId=1YMWWN1N4O, quantity=1
2026-08-15T13:08:06.942874302Z GetCartAsync called with userId=2a3f6416-cbe5-4f35-a5b3-b222c38dd6b1
2026-08-15T13:08:06.944243245Z AddItemAsync called with userId=bfc202a9-206c-45fc-85e1-bb5fc4c56ed0, productId=9SIQT8TOJO, quantity=4
2026-08-15T13:08:06.948703912Z GetCartAsync called with userId=bfc202a9-206c-45fc-85e1-bb5fc4c56ed0
2026-08-15T13:08:07.052923427Z GetCartAsync called with userId=dbc81ea5-5531-4605-9216-4c4255eaf706
2026-08-15T13:08:07.369629396Z GetCartAsync called with userId=bfc202a9-206c-45fc-85e1-bb5fc4c56ed0
2026-08-15T13:08:07.379743055Z EmptyCartAsync called with userId=bfc202a9-206c-45fc-85e1-bb5fc4c56ed0
2026-08-15T13:08:07.402803471Z GetCartAsync called with userId=2a3f6416-cbe5-4f35-a5b3-b222c38dd6b1
2026-08-15T13:08:07.419343503Z EmptyCartAsync called with userId=2a3f6416-cbe5-4f35-a5b3-b222c38dd6b1
2026-08-15T13:08:07.698225510Z GetCartAsync called with userId=75fb99d4-1648-4332-8535-ad4aaffa2159
2026-08-15T13:08:08.334399337Z GetCartAsync called with userId=40e41bab-7ac7-4eb1-9d5c-3bd1e797c094
2026-08-15T13:08:08.388780233Z GetCartAsync called with userId=503c59e6-3248-41ab-b86d-35a34eadc2c8
2026-08-15T13:08:08.777324325Z GetCartAsync called with userId=a3e940e3-04a9-4123-b8ae-9b66e1087df3
2026-08-15T13:08:10.122960654Z GetCartAsync called with userId=1a78ea5e-f3eb-4fc8-b79b-d8ffed14c071
2026-08-15T13:08:10.668111848Z GetCartAsync called with userId=be3bdda6-898f-4a6c-a1cb-3ded9cc31c28
2026-08-15T13:08:10.781406114Z GetCartAsync called with userId=7c83c8f1-08fe-4458-a9a9-0c772a23d674
2026-08-15T13:08:11.489618475Z GetCartAsync called with userId=b6862a64-9aa0-43ed-925f-989df9463214
2026-08-15T13:08:11.745516911Z GetCartAsync called with userId=b7346bb4-8dd0-4f04-a092-01bc982d095c
2026-08-15T13:08:12.871163638Z GetCartAsync called with userId=fe551a84-c24b-4719-a509-b9e5fdf64e37
2026-08-15T13:08:12.969289214Z GetCartAsync called with userId=40e41bab-7ac7-4eb1-9d5c-3bd1e797c094
2026-08-15T13:08:13.204149468Z GetCartAsync called with userId=2a3f6416-cbe5-4f35-a5b3-b222c38dd6b1
2026-08-15T13:08:13.492224441Z GetCartAsync called with userId=dbc81ea5-5531-4605-9216-4c4255eaf706
2026-08-15T13:08:13.744452496Z Checking CartService Health
2026-08-15T13:08:14.528340484Z GetCartAsync called with userId=bfc202a9-206c-45fc-85e1-bb5fc4c56ed0
2026-08-15T13:08:15.257273173Z GetCartAsync called with userId=2a3f6416-cbe5-4f35-a5b3-b222c38dd6b1
2026-08-15T13:08:15.265675644Z GetCartAsync called with userId=75fb99d4-1648-4332-8535-ad4aaffa2159
2026-08-15T13:08:15.367998155Z GetCartAsync called with userId=adb034c7-2a87-4c97-ba43-226f28dee2e6
2026-08-15T13:08:16.077158593Z Checking CartService Health
2026-08-15T13:08:16.741410075Z GetCartAsync called with userId=7c83c8f1-08fe-4458-a9a9-0c772a23d674
2026-08-15T13:08:17.068361679Z GetCartAsync called with userId=bfc202a9-206c-45fc-85e1-bb5fc4c56ed0
2026-08-15T13:08:17.167742484Z GetCartAsync called with userId=9acecf4b-1a54-469f-a88c-1831fc170649
2026-08-15T13:08:17.200620694Z GetCartAsync called with userId=75fb99d4-1648-4332-8535-ad4aaffa2159
2026-08-15T13:08:17.272885988Z GetCartAsync called with userId=1a78ea5e-f3eb-4fc8-b79b-d8ffed14c071
2026-08-15T13:08:18.407742970Z GetCartAsync called with userId=503c59e6-3248-41ab-b86d-35a34eadc2c8
2026-08-15T13:08:20.481812963Z GetCartAsync called with userId=adb034c7-2a87-4c97-ba43-226f28dee2e6
2026-08-15T13:08:20.767843258Z GetCartAsync called with userId=b6862a64-9aa0-43ed-925f-989df9463214
2026-08-15T13:08:21.006582473Z GetCartAsync called with userId=dbc81ea5-5531-4605-9216-4c4255eaf706
2026-08-15T13:08:21.272006916Z AddItemAsync called with userId=b6862a64-9aa0-43ed-925f-989df9463214, productId=66VCHSJNUP, quantity=2
2026-08-15T13:08:21.310439757Z GetCartAsync called with userId=b6862a64-9aa0-43ed-925f-989df9463214
2026-08-15T13:08:21.403793300Z GetCartAsync called with userId=503c59e6-3248-41ab-b86d-35a34eadc2c8
2026-08-15T13:08:21.902587850Z GetCartAsync called with userId=b6862a64-9aa0-43ed-925f-989df9463214
2026-08-15T13:08:21.983435908Z EmptyCartAsync called with userId=b6862a64-9aa0-43ed-925f-989df9463214
2026-08-15T13:08:22.277552569Z GetCartAsync called with userId=7c83c8f1-08fe-4458-a9a9-0c772a23d674
2026-08-15T13:08:22.645047381Z GetCartAsync called with userId=9acecf4b-1a54-469f-a88c-1831fc170649
2026-08-15T13:08:22.710385970Z GetCartAsync called with userId=40e41bab-7ac7-4eb1-9d5c-3bd1e797c094
2026-08-15T13:08:22.984803565Z GetCartAsync called with userId=a3e940e3-04a9-4123-b8ae-9b66e1087df3
2026-08-15T13:08:23.391136056Z AddItemAsync called with userId=a3e940e3-04a9-4123-b8ae-9b66e1087df3, productId=6E92ZMYYFZ, quantity=9
2026-08-15T13:08:23.397040315Z GetCartAsync called with userId=a3e940e3-04a9-4123-b8ae-9b66e1087df3
2026-08-15T13:08:23.726381013Z GetCartAsync called with userId=b7346bb4-8dd0-4f04-a092-01bc982d095c
2026-08-15T13:08:23.752084248Z Checking CartService Health
2026-08-15T13:08:24.069888052Z GetCartAsync called with userId=be3bdda6-898f-4a6c-a1cb-3ded9cc31c28
2026-08-15T13:08:24.140677058Z AddItemAsync called with userId=b7346bb4-8dd0-4f04-a092-01bc982d095c, productId=OLJCESPC7Z, quantity=10
2026-08-15T13:08:24.147448899Z GetCartAsync called with userId=b7346bb4-8dd0-4f04-a092-01bc982d095c
2026-08-15T13:08:24.529642104Z GetCartAsync called with userId=503c59e6-3248-41ab-b86d-35a34eadc2c8
2026-08-15T13:08:24.816111240Z GetCartAsync called with userId=7c83c8f1-08fe-4458-a9a9-0c772a23d674
2026-08-15T13:08:25.407840693Z GetCartAsync called with userId=bfc202a9-206c-45fc-85e1-bb5fc4c56ed0
2026-08-15T13:08:25.924066694Z GetCartAsync called with userId=fe551a84-c24b-4719-a509-b9e5fdf64e37
2026-08-15T13:08:26.073754973Z AddItemAsync called with userId=fe551a84-c24b-4719-a509-b9e5fdf64e37, productId=6E92ZMYYFZ, quantity=7
2026-08-15T13:08:26.075835971Z Checking CartService Health
2026-08-15T13:08:26.099709632Z GetCartAsync called with userId=fe551a84-c24b-4719-a509-b9e5fdf64e37
2026-08-15T13:08:26.619977216Z GetCartAsync called with userId=fe551a84-c24b-4719-a509-b9e5fdf64e37
2026-08-15T13:08:26.689702421Z EmptyCartAsync called with userId=fe551a84-c24b-4719-a509-b9e5fdf64e37
2026-08-15T13:08:27.120290731Z GetCartAsync called with userId=503c59e6-3248-41ab-b86d-35a34eadc2c8
2026-08-15T13:08:27.156776824Z GetCartAsync called with userId=2a3f6416-cbe5-4f35-a5b3-b222c38dd6b1
2026-08-15T13:08:27.851439117Z GetCartAsync called with userId=1a78ea5e-f3eb-4fc8-b79b-d8ffed14c071
2026-08-15T13:08:27.946579253Z GetCartAsync called with userId=be3bdda6-898f-4a6c-a1cb-3ded9cc31c28
2026-08-15T13:08:28.104948169Z GetCartAsync called with userId=40e41bab-7ac7-4eb1-9d5c-3bd1e797c094
2026-08-15T13:08:29.005011366Z GetCartAsync called with userId=dbc81ea5-5531-4605-9216-4c4255eaf706
2026-08-15T13:08:29.065468802Z GetCartAsync called with userId=a3e940e3-04a9-4123-b8ae-9b66e1087df3
2026-08-15T13:08:29.504689190Z GetCartAsync called with userId=9acecf4b-1a54-469f-a88c-1831fc170649
2026-08-15T13:08:29.699839215Z AddItemAsync called with userId=dbc81ea5-5531-4605-9216-4c4255eaf706, productId=1YMWWN1N4O, quantity=1
2026-08-15T13:08:29.717346323Z GetCartAsync called with userId=dbc81ea5-5531-4605-9216-4c4255eaf706
2026-08-15T13:08:30.062008504Z AddItemAsync called with userId=9acecf4b-1a54-469f-a88c-1831fc170649, productId=LS4PSXUNUM, quantity=7
2026-08-15T13:08:30.105918483Z GetCartAsync called with userId=9acecf4b-1a54-469f-a88c-1831fc170649
2026-08-15T13:08:30.120986164Z GetCartAsync called with userId=75fb99d4-1648-4332-8535-ad4aaffa2159
2026-08-15T13:08:30.499813518Z GetCartAsync called with userId=adb034c7-2a87-4c97-ba43-226f28dee2e6
2026-08-15T13:08:30.682880116Z GetCartAsync called with userId=9acecf4b-1a54-469f-a88c-1831fc170649
2026-08-15T13:08:30.700263318Z EmptyCartAsync called with userId=9acecf4b-1a54-469f-a88c-1831fc170649
2026-08-15T13:08:30.705587294Z AddItemAsync called with userId=75fb99d4-1648-4332-8535-ad4aaffa2159, productId=6E92ZMYYFZ, quantity=1
2026-08-15T13:08:30.763675808Z GetCartAsync called with userId=75fb99d4-1648-4332-8535-ad4aaffa2159
2026-08-15T13:08:31.065582571Z GetCartAsync called with userId=503c59e6-3248-41ab-b86d-35a34eadc2c8
2026-08-15T13:08:31.065669576Z GetCartAsync called with userId=b7346bb4-8dd0-4f04-a092-01bc982d095c
2026-08-15T13:08:31.251788032Z GetCartAsync called with userId=75fb99d4-1648-4332-8535-ad4aaffa2159
2026-08-15T13:08:31.268583503Z EmptyCartAsync called with userId=75fb99d4-1648-4332-8535-ad4aaffa2159
2026-08-15T13:08:31.486825826Z GetCartAsync called with userId=7c83c8f1-08fe-4458-a9a9-0c772a23d674
2026-08-15T13:08:31.604931054Z AddItemAsync called with userId=b7346bb4-8dd0-4f04-a092-01bc982d095c, productId=0PUK6V6EV0, quantity=7
2026-08-15T13:08:31.615171485Z GetCartAsync called with userId=b7346bb4-8dd0-4f04-a092-01bc982d095c
2026-08-15T13:08:31.981008865Z AddItemAsync called with userId=7c83c8f1-08fe-4458-a9a9-0c772a23d674, productId=66VCHSJNUP, quantity=8
2026-08-15T13:08:32.007734252Z GetCartAsync called with userId=7c83c8f1-08fe-4458-a9a9-0c772a23d674
2026-08-15T13:08:32.104337264Z GetCartAsync called with userId=b6862a64-9aa0-43ed-925f-989df9463214
2026-08-15T13:08:32.481981056Z GetCartAsync called with userId=be3bdda6-898f-4a6c-a1cb-3ded9cc31c28
2026-08-15T13:08:32.566314732Z GetCartAsync called with userId=40e41bab-7ac7-4eb1-9d5c-3bd1e797c094
2026-08-15T13:08:33.411178065Z GetCartAsync called with userId=fe551a84-c24b-4719-a509-b9e5fdf64e37
2026-08-15T13:08:33.736891163Z Checking CartService Health
2026-08-15T13:08:33.882618924Z AddItemAsync called with userId=fe551a84-c24b-4719-a509-b9e5fdf64e37, productId=OLJCESPC7Z, quantity=4
2026-08-15T13:08:33.964636079Z GetCartAsync called with userId=fe551a84-c24b-4719-a509-b9e5fdf64e37
2026-08-15T13:08:34.429856415Z GetCartAsync called with userId=fe551a84-c24b-4719-a509-b9e5fdf64e37
2026-08-15T13:08:34.440823784Z EmptyCartAsync called with userId=fe551a84-c24b-4719-a509-b9e5fdf64e37
2026-08-15T13:08:34.721147328Z GetCartAsync called with userId=a3e940e3-04a9-4123-b8ae-9b66e1087df3
2026-08-15T13:08:34.835553464Z GetCartAsync called with userId=2a3f6416-cbe5-4f35-a5b3-b222c38dd6b1
2026-08-15T13:08:35.187006048Z GetCartAsync called with userId=9acecf4b-1a54-469f-a88c-1831fc170649
2026-08-15T13:08:35.194017560Z AddItemAsync called with userId=a3e940e3-04a9-4123-b8ae-9b66e1087df3, productId=OLJCESPC7Z, quantity=7
2026-08-15T13:08:35.199876138Z GetCartAsync called with userId=a3e940e3-04a9-4123-b8ae-9b66e1087df3
2026-08-15T13:08:35.411604765Z GetCartAsync called with userId=bfc202a9-206c-45fc-85e1-bb5fc4c56ed0
2026-08-15T13:08:35.620412353Z GetCartAsync called with userId=b7346bb4-8dd0-4f04-a092-01bc982d095c
2026-08-15T13:08:35.809048304Z GetCartAsync called with userId=75fb99d4-1648-4332-8535-ad4aaffa2159
2026-08-15T13:08:36.070378076Z Checking CartService Health
2026-08-15T13:08:36.972164539Z GetCartAsync called with userId=dbc81ea5-5531-4605-9216-4c4255eaf706
2026-08-15T13:08:37.411709955Z GetCartAsync called with userId=fe551a84-c24b-4719-a509-b9e5fdf64e37
2026-08-15T13:08:37.781264064Z GetCartAsync called with userId=be3bdda6-898f-4a6c-a1cb-3ded9cc31c28
2026-08-15T13:08:37.950216935Z AddItemAsync called with userId=fe551a84-c24b-4719-a509-b9e5fdf64e37, productId=2ZYFJ3GM2N, quantity=8
2026-08-15T13:08:38.000216227Z GetCartAsync called with userId=fe551a84-c24b-4719-a509-b9e5fdf64e37
2026-08-15T13:08:38.098658130Z GetCartAsync called with userId=1a78ea5e-f3eb-4fc8-b79b-d8ffed14c071
2026-08-15T13:08:38.327802374Z AddItemAsync called with userId=be3bdda6-898f-4a6c-a1cb-3ded9cc31c28, productId=1YMWWN1N4O, quantity=9
2026-08-15T13:08:38.398160325Z GetCartAsync called with userId=be3bdda6-898f-4a6c-a1cb-3ded9cc31c28
2026-08-15T13:08:38.532478884Z GetCartAsync called with userId=503c59e6-3248-41ab-b86d-35a34eadc2c8
2026-08-15T13:08:38.771190036Z GetCartAsync called with userId=9acecf4b-1a54-469f-a88c-1831fc170649
2026-08-15T13:08:39.007476907Z GetCartAsync called with userId=7c83c8f1-08fe-4458-a9a9-0c772a23d674
2026-08-15T13:08:39.105794896Z AddItemAsync called with userId=503c59e6-3248-41ab-b86d-35a34eadc2c8, productId=OLJCESPC7Z, quantity=2
2026-08-15T13:08:39.112290149Z GetCartAsync called with userId=503c59e6-3248-41ab-b86d-35a34eadc2c8
2026-08-15T13:08:39.137184332Z GetCartAsync called with userId=b6862a64-9aa0-43ed-925f-989df9463214
2026-08-15T13:08:39.196800038Z GetCartAsync called with userId=a3e940e3-04a9-4123-b8ae-9b66e1087df3
2026-08-15T13:08:39.455578015Z GetCartAsync called with userId=adb034c7-2a87-4c97-ba43-226f28dee2e6
2026-08-15T13:08:39.797633838Z GetCartAsync called with userId=503c59e6-3248-41ab-b86d-35a34eadc2c8
2026-08-15T13:08:39.816728650Z EmptyCartAsync called with userId=503c59e6-3248-41ab-b86d-35a34eadc2c8
2026-08-15T13:08:39.832837116Z GetCartAsync called with userId=bfc202a9-206c-45fc-85e1-bb5fc4c56ed0
2026-08-15T13:08:40.221719264Z GetCartAsync called with userId=fe551a84-c24b-4719-a509-b9e5fdf64e37
2026-08-15T13:08:40.811221751Z GetCartAsync called with userId=1a78ea5e-f3eb-4fc8-b79b-d8ffed14c071
2026-08-15T13:08:41.190963940Z GetCartAsync called with userId=a3e940e3-04a9-4123-b8ae-9b66e1087df3
2026-08-15T13:08:41.294918682Z GetCartAsync called with userId=75fb99d4-1648-4332-8535-ad4aaffa2159
2026-08-15T13:08:41.392788419Z AddItemAsync called with userId=1a78ea5e-f3eb-4fc8-b79b-d8ffed14c071, productId=66VCHSJNUP, quantity=5
2026-08-15T13:08:41.405006935Z GetCartAsync called with userId=1a78ea5e-f3eb-4fc8-b79b-d8ffed14c071
2026-08-15T13:08:41.534617049Z GetCartAsync called with userId=2a3f6416-cbe5-4f35-a5b3-b222c38dd6b1
2026-08-15T13:08:41.736455329Z GetCartAsync called with userId=b7346bb4-8dd0-4f04-a092-01bc982d095c
2026-08-15T13:08:42.000254988Z AddItemAsync called with userId=75fb99d4-1648-4332-8535-ad4aaffa2159, productId=0PUK6V6EV0, quantity=3
2026-08-15T13:08:42.064002672Z GetCartAsync called with userId=75fb99d4-1648-4332-8535-ad4aaffa2159
2026-08-15T13:08:42.582524037Z GetCartAsync called with userId=503c59e6-3248-41ab-b86d-35a34eadc2c8
2026-08-15T13:08:43.020289447Z GetCartAsync called with userId=dbc81ea5-5531-4605-9216-4c4255eaf706
2026-08-15T13:08:43.044392140Z GetCartAsync called with userId=40e41bab-7ac7-4eb1-9d5c-3bd1e797c094
2026-08-15T13:08:43.697804989Z GetCartAsync called with userId=fe551a84-c24b-4719-a509-b9e5fdf64e37
2026-08-15T13:08:43.742196918Z Checking CartService Health
2026-08-15T13:08:43.853821711Z GetCartAsync called with userId=9acecf4b-1a54-469f-a88c-1831fc170649
2026-08-15T13:08:44.512032392Z GetCartAsync called with userId=503c59e6-3248-41ab-b86d-35a34eadc2c8
2026-08-15T13:08:44.544610909Z GetCartAsync called with userId=adb034c7-2a87-4c97-ba43-226f28dee2e6
2026-08-15T13:08:45.910983215Z GetCartAsync called with userId=bfc202a9-206c-45fc-85e1-bb5fc4c56ed0
2026-08-15T13:08:46.071196204Z Checking CartService Health
2026-08-15T13:08:46.409347248Z GetCartAsync called with userId=adb034c7-2a87-4c97-ba43-226f28dee2e6
2026-08-15T13:08:46.984646323Z AddItemAsync called with userId=adb034c7-2a87-4c97-ba43-226f28dee2e6, productId=0PUK6V6EV0, quantity=7
2026-08-15T13:08:46.987904584Z GetCartAsync called with userId=adb034c7-2a87-4c97-ba43-226f28dee2e6
2026-08-15T13:08:47.343296743Z GetCartAsync called with userId=2a3f6416-cbe5-4f35-a5b3-b222c38dd6b1
2026-08-15T13:08:47.439235795Z GetCartAsync called with userId=b6862a64-9aa0-43ed-925f-989df9463214
2026-08-15T13:08:47.779436567Z GetCartAsync called with userId=be3bdda6-898f-4a6c-a1cb-3ded9cc31c28
2026-08-15T13:08:47.964437308Z GetCartAsync called with userId=fe551a84-c24b-4719-a509-b9e5fdf64e37
2026-08-15T13:08:48.149340337Z GetCartAsync called with userId=75fb99d4-1648-4332-8535-ad4aaffa2159
2026-08-15T13:08:48.316817132Z GetCartAsync called with userId=b7346bb4-8dd0-4f04-a092-01bc982d095c
2026-08-15T13:08:48.832014133Z GetCartAsync called with userId=40e41bab-7ac7-4eb1-9d5c-3bd1e797c094
2026-08-15T13:08:49.003342556Z GetCartAsync called with userId=7c83c8f1-08fe-4458-a9a9-0c772a23d674
2026-08-15T13:08:49.024105661Z GetCartAsync called with userId=503c59e6-3248-41ab-b86d-35a34eadc2c8
2026-08-15T13:08:49.425739354Z GetCartAsync called with userId=bfc202a9-206c-45fc-85e1-bb5fc4c56ed0
2026-08-15T13:08:49.583104426Z GetCartAsync called with userId=a3e940e3-04a9-4123-b8ae-9b66e1087df3
2026-08-15T13:08:49.734048285Z GetCartAsync called with userId=b6862a64-9aa0-43ed-925f-989df9463214
2026-08-15T13:08:50.163522269Z GetCartAsync called with userId=1a78ea5e-f3eb-4fc8-b79b-d8ffed14c071
2026-08-15T13:08:50.192728412Z GetCartAsync called with userId=9acecf4b-1a54-469f-a88c-1831fc170649
2026-08-15T13:08:50.341734956Z AddItemAsync called with userId=b6862a64-9aa0-43ed-925f-989df9463214, productId=OLJCESPC7Z, quantity=7
2026-08-15T13:08:50.405061387Z GetCartAsync called with userId=b6862a64-9aa0-43ed-925f-989df9463214
2026-08-15T13:08:50.405900380Z GetCartAsync called with userId=adb034c7-2a87-4c97-ba43-226f28dee2e6
2026-08-15T13:08:50.687277121Z GetCartAsync called with userId=7c83c8f1-08fe-4458-a9a9-0c772a23d674
2026-08-15T13:08:50.747106364Z AddItemAsync called with userId=1a78ea5e-f3eb-4fc8-b79b-d8ffed14c071, productId=L9ECAV7KIM, quantity=5
2026-08-15T13:08:50.754164147Z GetCartAsync called with userId=1a78ea5e-f3eb-4fc8-b79b-d8ffed14c071
2026-08-15T13:08:50.964433393Z GetCartAsync called with userId=dbc81ea5-5531-4605-9216-4c4255eaf706
2026-08-15T13:08:51.007434167Z GetCartAsync called with userId=b6862a64-9aa0-43ed-925f-989df9463214
2026-08-15T13:08:51.287820235Z AddItemAsync called with userId=7c83c8f1-08fe-4458-a9a9-0c772a23d674, productId=1YMWWN1N4O, quantity=4
2026-08-15T13:08:51.372087556Z GetCartAsync called with userId=7c83c8f1-08fe-4458-a9a9-0c772a23d674
2026-08-15T13:08:52.184030268Z GetCartAsync called with userId=7c83c8f1-08fe-4458-a9a9-0c772a23d674
2026-08-15T13:08:52.308922699Z EmptyCartAsync called with userId=7c83c8f1-08fe-4458-a9a9-0c772a23d674
2026-08-15T13:08:53.358757668Z GetCartAsync called with userId=9acecf4b-1a54-469f-a88c-1831fc170649
2026-08-15T13:08:53.744364665Z Checking CartService Health
2026-08-15T13:08:53.821327648Z GetCartAsync called with userId=be3bdda6-898f-4a6c-a1cb-3ded9cc31c28
2026-08-15T13:08:54.694359237Z GetCartAsync called with userId=2a3f6416-cbe5-4f35-a5b3-b222c38dd6b1
2026-08-15T13:08:54.897049635Z GetCartAsync called with userId=1a78ea5e-f3eb-4fc8-b79b-d8ffed14c071
2026-08-15T13:08:54.931517421Z GetCartAsync called with userId=fe551a84-c24b-4719-a509-b9e5fdf64e37
2026-08-15T13:08:54.997611805Z GetCartAsync called with userId=75fb99d4-1648-4332-8535-ad4aaffa2159
2026-08-15T13:08:55.510402464Z AddItemAsync called with userId=1a78ea5e-f3eb-4fc8-b79b-d8ffed14c071, productId=9SIQT8TOJO, quantity=8
2026-08-15T13:08:55.518604193Z GetCartAsync called with userId=1a78ea5e-f3eb-4fc8-b79b-d8ffed14c071
2026-08-15T13:08:56.072183377Z Checking CartService Health
2026-08-15T13:08:56.534578139Z GetCartAsync called with userId=b7346bb4-8dd0-4f04-a092-01bc982d095c
2026-08-15T13:08:56.969733746Z GetCartAsync called with userId=be3bdda6-898f-4a6c-a1cb-3ded9cc31c28
2026-08-15T13:08:58.317508821Z GetCartAsync called with userId=503c59e6-3248-41ab-b86d-35a34eadc2c8
2026-08-15T13:08:58.734588400Z GetCartAsync called with userId=1a78ea5e-f3eb-4fc8-b79b-d8ffed14c071
2026-08-15T13:08:59.065329148Z GetCartAsync called with userId=dbc81ea5-5531-4605-9216-4c4255eaf706
2026-08-15T13:08:59.118716552Z GetCartAsync called with userId=a3e940e3-04a9-4123-b8ae-9b66e1087df3
2026-08-15T13:08:59.243195865Z GetCartAsync called with userId=40e41bab-7ac7-4eb1-9d5c-3bd1e797c094
2026-08-15T13:08:59.755521675Z GetCartAsync called with userId=bfc202a9-206c-45fc-85e1-bb5fc4c56ed0
2026-08-15T13:08:59.760676498Z AddItemAsync called with userId=a3e940e3-04a9-4123-b8ae-9b66e1087df3, productId=66VCHSJNUP, quantity=9
2026-08-15T13:08:59.766821920Z GetCartAsync called with userId=a3e940e3-04a9-4123-b8ae-9b66e1087df3
2026-08-15T13:08:59.822979810Z GetCartAsync called with userId=b6862a64-9aa0-43ed-925f-989df9463214
2026-08-15T13:08:59.860504713Z GetCartAsync called with userId=7c83c8f1-08fe-4458-a9a9-0c772a23d674
2026-08-15T13:09:00.015133380Z GetCartAsync called with userId=adb034c7-2a87-4c97-ba43-226f28dee2e6
2026-08-15T13:09:00.119869992Z GetCartAsync called with userId=2a3f6416-cbe5-4f35-a5b3-b222c38dd6b1
2026-08-15T13:09:00.616495512Z AddItemAsync called with userId=7c83c8f1-08fe-4458-a9a9-0c772a23d674, productId=9SIQT8TOJO, quantity=1
2026-08-15T13:09:00.698328604Z GetCartAsync called with userId=7c83c8f1-08fe-4458-a9a9-0c772a23d674
2026-08-15T13:09:01.362043754Z GetCartAsync called with userId=7c83c8f1-08fe-4458-a9a9-0c772a23d674
2026-08-15T13:09:01.373351600Z EmptyCartAsync called with userId=7c83c8f1-08fe-4458-a9a9-0c772a23d674
2026-08-15T13:09:01.449220787Z GetCartAsync called with userId=be3bdda6-898f-4a6c-a1cb-3ded9cc31c28
2026-08-15T13:09:01.917947181Z GetCartAsync called with userId=9acecf4b-1a54-469f-a88c-1831fc170649
2026-08-15T13:09:02.373364325Z GetCartAsync called with userId=b6862a64-9aa0-43ed-925f-989df9463214
2026-08-15T13:09:03.011150148Z AddItemAsync called with userId=b6862a64-9aa0-43ed-925f-989df9463214, productId=1YMWWN1N4O, quantity=5
2026-08-15T13:09:03.015573396Z GetCartAsync called with userId=b6862a64-9aa0-43ed-925f-989df9463214
2026-08-15T13:09:03.312714904Z GetCartAsync called with userId=75fb99d4-1648-4332-8535-ad4aaffa2159
2026-08-15T13:09:03.732906279Z Checking CartService Health
2026-08-15T13:09:03.882586845Z GetCartAsync called with userId=dbc81ea5-5531-4605-9216-4c4255eaf706
2026-08-15T13:09:04.153750521Z GetCartAsync called with userId=b7346bb4-8dd0-4f04-a092-01bc982d095c
2026-08-15T13:09:04.899359369Z GetCartAsync called with userId=a3e940e3-04a9-4123-b8ae-9b66e1087df3
2026-08-15T13:09:05.416774895Z GetCartAsync called with userId=fe551a84-c24b-4719-a509-b9e5fdf64e37
2026-08-15T13:09:06.073921480Z Checking CartService Health
2026-08-15T13:09:06.706703896Z GetCartAsync called with userId=be3bdda6-898f-4a6c-a1cb-3ded9cc31c28
2026-08-15T13:09:06.891889359Z GetCartAsync called with userId=503c59e6-3248-41ab-b86d-35a34eadc2c8
2026-08-15T13:09:06.982924583Z GetCartAsync called with userId=dbc81ea5-5531-4605-9216-4c4255eaf706
2026-08-15T13:09:07.693940063Z GetCartAsync called with userId=7c83c8f1-08fe-4458-a9a9-0c772a23d674
2026-08-15T13:09:07.695342507Z AddItemAsync called with userId=503c59e6-3248-41ab-b86d-35a34eadc2c8, productId=66VCHSJNUP, quantity=10
2026-08-15T13:09:07.703989992Z GetCartAsync called with userId=503c59e6-3248-41ab-b86d-35a34eadc2c8
2026-08-15T13:09:08.158508741Z GetCartAsync called with userId=bfc202a9-206c-45fc-85e1-bb5fc4c56ed0
2026-08-15T13:09:08.261544193Z GetCartAsync called with userId=9acecf4b-1a54-469f-a88c-1831fc170649
2026-08-15T13:09:08.853533221Z GetCartAsync called with userId=1a78ea5e-f3eb-4fc8-b79b-d8ffed14c071
2026-08-15T13:09:09.000117233Z AddItemAsync called with userId=9acecf4b-1a54-469f-a88c-1831fc170649, productId=66VCHSJNUP, quantity=2
2026-08-15T13:09:09.016101270Z GetCartAsync called with userId=9acecf4b-1a54-469f-a88c-1831fc170649
2026-08-15T13:09:09.061837254Z GetCartAsync called with userId=fe551a84-c24b-4719-a509-b9e5fdf64e37
2026-08-15T13:09:09.150071890Z GetCartAsync called with userId=adb034c7-2a87-4c97-ba43-226f28dee2e6
2026-08-15T13:09:09.199751578Z GetCartAsync called with userId=40e41bab-7ac7-4eb1-9d5c-3bd1e797c094
2026-08-15T13:09:09.262580213Z GetCartAsync called with userId=b7346bb4-8dd0-4f04-a092-01bc982d095c
2026-08-15T13:09:09.585350069Z AddItemAsync called with userId=1a78ea5e-f3eb-4fc8-b79b-d8ffed14c071, productId=66VCHSJNUP, quantity=9
2026-08-15T13:09:09.661761794Z GetCartAsync called with userId=1a78ea5e-f3eb-4fc8-b79b-d8ffed14c071
2026-08-15T13:09:09.768832360Z GetCartAsync called with userId=be3bdda6-898f-4a6c-a1cb-3ded9cc31c28
2026-08-15T13:09:10.792847233Z GetCartAsync called with userId=75fb99d4-1648-4332-8535-ad4aaffa2159
2026-08-15T13:09:10.995337070Z GetCartAsync called with userId=7c83c8f1-08fe-4458-a9a9-0c772a23d674
2026-08-15T13:09:11.200116742Z GetCartAsync called with userId=40e41bab-7ac7-4eb1-9d5c-3bd1e797c094
2026-08-15T13:09:11.876293292Z GetCartAsync called with userId=b7346bb4-8dd0-4f04-a092-01bc982d095c
2026-08-15T13:09:11.961114479Z GetCartAsync called with userId=b6862a64-9aa0-43ed-925f-989df9463214
2026-08-15T13:09:12.208705235Z GetCartAsync called with userId=dbc81ea5-5531-4605-9216-4c4255eaf706
2026-08-15T13:09:12.663284490Z GetCartAsync called with userId=adb034c7-2a87-4c97-ba43-226f28dee2e6
2026-08-15T13:09:13.113580307Z GetCartAsync called with userId=75fb99d4-1648-4332-8535-ad4aaffa2159
2026-08-15T13:09:13.660440912Z GetCartAsync called with userId=2a3f6416-cbe5-4f35-a5b3-b222c38dd6b1
2026-08-15T13:09:13.738039259Z Checking CartService Health
2026-08-15T13:09:14.120552634Z GetCartAsync called with userId=503c59e6-3248-41ab-b86d-35a34eadc2c8
2026-08-15T13:09:14.331073494Z GetCartAsync called with userId=7c83c8f1-08fe-4458-a9a9-0c772a23d674
2026-08-15T13:09:14.463917699Z GetCartAsync called with userId=fe551a84-c24b-4719-a509-b9e5fdf64e37
2026-08-15T13:09:14.922658380Z GetCartAsync called with userId=dbc81ea5-5531-4605-9216-4c4255eaf706
2026-08-15T13:09:15.020149765Z GetCartAsync called with userId=a3e940e3-04a9-4123-b8ae-9b66e1087df3
2026-08-15T13:09:15.286897705Z GetCartAsync called with userId=1a78ea5e-f3eb-4fc8-b79b-d8ffed14c071
2026-08-15T13:09:15.709709366Z GetCartAsync called with userId=b7346bb4-8dd0-4f04-a092-01bc982d095c
2026-08-15T13:09:15.929563213Z GetCartAsync called with userId=9acecf4b-1a54-469f-a88c-1831fc170649
2026-08-15T13:09:16.069108324Z Checking CartService Health
2026-08-15T13:09:16.178995693Z GetCartAsync called with userId=adb034c7-2a87-4c97-ba43-226f28dee2e6
2026-08-15T13:09:17.431151306Z GetCartAsync called with userId=be3bdda6-898f-4a6c-a1cb-3ded9cc31c28
2026-08-15T13:09:17.601657993Z GetCartAsync called with userId=2a3f6416-cbe5-4f35-a5b3-b222c38dd6b1
2026-08-15T13:09:17.705945288Z GetCartAsync called with userId=75fb99d4-1648-4332-8535-ad4aaffa2159
2026-08-15T13:09:17.841424782Z GetCartAsync called with userId=bfc202a9-206c-45fc-85e1-bb5fc4c56ed0
2026-08-15T13:09:18.400336300Z GetCartAsync called with userId=9acecf4b-1a54-469f-a88c-1831fc170649
2026-08-15T13:09:18.606470140Z AddItemAsync called with userId=bfc202a9-206c-45fc-85e1-bb5fc4c56ed0, productId=66VCHSJNUP, quantity=9
2026-08-15T13:09:18.611064811Z GetCartAsync called with userId=bfc202a9-206c-45fc-85e1-bb5fc4c56ed0
2026-08-15T13:09:19.304099984Z GetCartAsync called with userId=b6862a64-9aa0-43ed-925f-989df9463214
2026-08-15T13:09:19.380615431Z GetCartAsync called with userId=bfc202a9-206c-45fc-85e1-bb5fc4c56ed0
2026-08-15T13:09:19.392297329Z EmptyCartAsync called with userId=bfc202a9-206c-45fc-85e1-bb5fc4c56ed0
2026-08-15T13:09:19.853976376Z GetCartAsync called with userId=75fb99d4-1648-4332-8535-ad4aaffa2159
2026-08-15T13:09:20.363332012Z GetCartAsync called with userId=40e41bab-7ac7-4eb1-9d5c-3bd1e797c094
2026-08-15T13:09:20.736133744Z GetCartAsync called with userId=2a3f6416-cbe5-4f35-a5b3-b222c38dd6b1
2026-08-15T13:09:20.883550863Z GetCartAsync called with userId=a3e940e3-04a9-4123-b8ae-9b66e1087df3
2026-08-15T13:09:20.883618970Z GetCartAsync called with userId=b6862a64-9aa0-43ed-925f-989df9463214
2026-08-15T13:09:21.768302197Z GetCartAsync called with userId=dbc81ea5-5531-4605-9216-4c4255eaf706
2026-08-15T13:09:22.003011767Z GetCartAsync called with userId=75fb99d4-1648-4332-8535-ad4aaffa2159
2026-08-15T13:09:22.550600025Z GetCartAsync called with userId=b7346bb4-8dd0-4f04-a092-01bc982d095c
2026-08-15T13:09:22.593750950Z GetCartAsync called with userId=fe551a84-c24b-4719-a509-b9e5fdf64e37
2026-08-15T13:09:22.801358241Z AddItemAsync called with userId=75fb99d4-1648-4332-8535-ad4aaffa2159, productId=6E92ZMYYFZ, quantity=7
2026-08-15T13:09:22.867917567Z GetCartAsync called with userId=75fb99d4-1648-4332-8535-ad4aaffa2159
2026-08-15T13:09:22.867981873Z GetCartAsync called with userId=1a78ea5e-f3eb-4fc8-b79b-d8ffed14c071
2026-08-15T13:09:23.385082997Z AddItemAsync called with userId=b7346bb4-8dd0-4f04-a092-01bc982d095c, productId=9SIQT8TOJO, quantity=7
2026-08-15T13:09:23.389910392Z GetCartAsync called with userId=b7346bb4-8dd0-4f04-a092-01bc982d095c
2026-08-15T13:09:23.522925730Z GetCartAsync called with userId=7c83c8f1-08fe-4458-a9a9-0c772a23d674
2026-08-15T13:09:23.599059536Z GetCartAsync called with userId=503c59e6-3248-41ab-b86d-35a34eadc2c8
2026-08-15T13:09:23.741513041Z Checking CartService Health
2026-08-15T13:09:23.804507500Z GetCartAsync called with userId=75fb99d4-1648-4332-8535-ad4aaffa2159
2026-08-15T13:09:23.809231184Z GetCartAsync called with userId=9acecf4b-1a54-469f-a88c-1831fc170649
2026-08-15T13:09:23.915446174Z EmptyCartAsync called with userId=75fb99d4-1648-4332-8535-ad4aaffa2159
2026-08-15T13:09:24.275653705Z GetCartAsync called with userId=b7346bb4-8dd0-4f04-a092-01bc982d095c
2026-08-15T13:09:24.384614276Z EmptyCartAsync called with userId=b7346bb4-8dd0-4f04-a092-01bc982d095c
2026-08-15T13:09:25.657288959Z GetCartAsync called with userId=adb034c7-2a87-4c97-ba43-226f28dee2e6
2026-08-15T13:09:26.067954063Z Checking CartService Health
2026-08-15T13:09:26.124934105Z GetCartAsync called with userId=be3bdda6-898f-4a6c-a1cb-3ded9cc31c28
2026-08-15T13:09:26.202590167Z GetCartAsync called with userId=bfc202a9-206c-45fc-85e1-bb5fc4c56ed0
2026-08-15T13:09:26.385787250Z GetCartAsync called with userId=2a3f6416-cbe5-4f35-a5b3-b222c38dd6b1
2026-08-15T13:09:26.493560200Z AddItemAsync called with userId=adb034c7-2a87-4c97-ba43-226f28dee2e6, productId=9SIQT8TOJO, quantity=4
2026-08-15T13:09:26.503469816Z GetCartAsync called with userId=adb034c7-2a87-4c97-ba43-226f28dee2e6
2026-08-15T13:09:27.354776020Z GetCartAsync called with userId=adb034c7-2a87-4c97-ba43-226f28dee2e6
2026-08-15T13:09:27.366502023Z EmptyCartAsync called with userId=adb034c7-2a87-4c97-ba43-226f28dee2e6
2026-08-15T13:09:27.498574363Z GetCartAsync called with userId=75fb99d4-1648-4332-8535-ad4aaffa2159
2026-08-15T13:09:28.453818002Z GetCartAsync called with userId=fe551a84-c24b-4719-a509-b9e5fdf64e37
2026-08-15T13:09:28.987317300Z GetCartAsync called with userId=7c83c8f1-08fe-4458-a9a9-0c772a23d674
2026-08-15T13:09:29.702796155Z GetCartAsync called with userId=dbc81ea5-5531-4605-9216-4c4255eaf706
2026-08-15T13:09:29.994022314Z GetCartAsync called with userId=a3e940e3-04a9-4123-b8ae-9b66e1087df3
2026-08-15T13:09:30.257614739Z GetCartAsync called with userId=b6862a64-9aa0-43ed-925f-989df9463214
2026-08-15T13:09:30.380722661Z GetCartAsync called with userId=bfc202a9-206c-45fc-85e1-bb5fc4c56ed0
2026-08-15T13:09:31.029337261Z GetCartAsync called with userId=40e41bab-7ac7-4eb1-9d5c-3bd1e797c094
2026-08-15T13:09:31.093151704Z GetCartAsync called with userId=adb034c7-2a87-4c97-ba43-226f28dee2e6
2026-08-15T13:09:31.102682581Z AddItemAsync called with userId=b6862a64-9aa0-43ed-925f-989df9463214, productId=2ZYFJ3GM2N, quantity=10
2026-08-15T13:09:31.188881319Z GetCartAsync called with userId=b6862a64-9aa0-43ed-925f-989df9463214
2026-08-15T13:09:32.106098281Z GetCartAsync called with userId=b6862a64-9aa0-43ed-925f-989df9463214
2026-08-15T13:09:32.123595776Z EmptyCartAsync called with userId=b6862a64-9aa0-43ed-925f-989df9463214
2026-08-15T13:09:32.302730346Z GetCartAsync called with userId=be3bdda6-898f-4a6c-a1cb-3ded9cc31c28
2026-08-15T13:09:32.360401860Z GetCartAsync called with userId=b7346bb4-8dd0-4f04-a092-01bc982d095c
2026-08-15T13:09:32.377571921Z GetCartAsync called with userId=75fb99d4-1648-4332-8535-ad4aaffa2159
2026-08-15T13:09:32.452291884Z GetCartAsync called with userId=fe551a84-c24b-4719-a509-b9e5fdf64e37
2026-08-15T13:09:32.475831298Z GetCartAsync called with userId=9acecf4b-1a54-469f-a88c-1831fc170649
2026-08-15T13:09:33.127473024Z GetCartAsync called with userId=1a78ea5e-f3eb-4fc8-b79b-d8ffed14c071
2026-08-15T13:09:33.142169132Z AddItemAsync called with userId=75fb99d4-1648-4332-8535-ad4aaffa2159, productId=1YMWWN1N4O, quantity=5
2026-08-15T13:09:33.153613405Z GetCartAsync called with userId=75fb99d4-1648-4332-8535-ad4aaffa2159
2026-08-15T13:09:33.181780894Z GetCartAsync called with userId=40e41bab-7ac7-4eb1-9d5c-3bd1e797c094
2026-08-15T13:09:33.309034144Z GetCartAsync called with userId=503c59e6-3248-41ab-b86d-35a34eadc2c8
2026-08-15T13:09:33.496894909Z GetCartAsync called with userId=a3e940e3-04a9-4123-b8ae-9b66e1087df3
2026-08-15T13:09:33.728011710Z Checking CartService Health
2026-08-15T13:09:34.621272515Z GetCartAsync called with userId=7c83c8f1-08fe-4458-a9a9-0c772a23d674
2026-08-15T13:09:34.814324513Z GetCartAsync called with userId=9acecf4b-1a54-469f-a88c-1831fc170649
2026-08-15T13:09:35.755993882Z GetCartAsync called with userId=2a3f6416-cbe5-4f35-a5b3-b222c38dd6b1
2026-08-15T13:09:36.027465422Z GetCartAsync called with userId=503c59e6-3248-41ab-b86d-35a34eadc2c8
2026-08-15T13:09:36.060209280Z Checking CartService Health
2026-08-15T13:09:36.354459456Z GetCartAsync called with userId=75fb99d4-1648-4332-8535-ad4aaffa2159
2026-08-15T13:09:37.706238082Z GetCartAsync called with userId=fe551a84-c24b-4719-a509-b9e5fdf64e37
2026-08-15T13:09:38.455695140Z GetCartAsync called with userId=40e41bab-7ac7-4eb1-9d5c-3bd1e797c094
2026-08-15T13:09:38.521820021Z GetCartAsync called with userId=bfc202a9-206c-45fc-85e1-bb5fc4c56ed0
2026-08-15T13:09:38.556530081Z AddItemAsync called with userId=fe551a84-c24b-4719-a509-b9e5fdf64e37, productId=66VCHSJNUP, quantity=4
2026-08-15T13:09:38.596025631Z GetCartAsync called with userId=fe551a84-c24b-4719-a509-b9e5fdf64e37
2026-08-15T13:09:39.083142786Z GetCartAsync called with userId=dbc81ea5-5531-4605-9216-4c4255eaf706
2026-08-15T13:09:39.269457839Z GetCartAsync called with userId=a3e940e3-04a9-4123-b8ae-9b66e1087df3
2026-08-15T13:09:40.286099368Z GetCartAsync called with userId=be3bdda6-898f-4a6c-a1cb-3ded9cc31c28
2026-08-15T13:09:40.373344650Z GetCartAsync called with userId=1a78ea5e-f3eb-4fc8-b79b-d8ffed14c071
2026-08-15T13:09:40.455847738Z GetCartAsync called with userId=adb034c7-2a87-4c97-ba43-226f28dee2e6
2026-08-15T13:09:40.676812840Z GetCartAsync called with userId=b6862a64-9aa0-43ed-925f-989df9463214
2026-08-15T13:09:41.591871595Z GetCartAsync called with userId=b7346bb4-8dd0-4f04-a092-01bc982d095c
2026-08-15T13:09:42.395929295Z GetCartAsync called with userId=2a3f6416-cbe5-4f35-a5b3-b222c38dd6b1
2026-08-15T13:09:43.611043385Z GetCartAsync called with userId=503c59e6-3248-41ab-b86d-35a34eadc2c8
2026-08-15T13:09:43.732035380Z Checking CartService Health
2026-08-15T13:09:43.810435441Z GetCartAsync called with userId=adb034c7-2a87-4c97-ba43-226f28dee2e6
2026-08-15T13:09:44.112563292Z GetCartAsync called with userId=b6862a64-9aa0-43ed-925f-989df9463214
2026-08-15T13:09:44.330215549Z GetCartAsync called with userId=9acecf4b-1a54-469f-a88c-1831fc170649
2026-08-15T13:09:44.907085499Z GetCartAsync called with userId=7c83c8f1-08fe-4458-a9a9-0c772a23d674
2026-08-15T13:09:45.531325081Z GetCartAsync called with userId=75fb99d4-1648-4332-8535-ad4aaffa2159
2026-08-15T13:09:45.929379317Z GetCartAsync called with userId=1a78ea5e-f3eb-4fc8-b79b-d8ffed14c071
2026-08-15T13:09:46.063257054Z Checking CartService Health
2026-08-15T13:09:47.190775225Z GetCartAsync called with userId=bfc202a9-206c-45fc-85e1-bb5fc4c56ed0
2026-08-15T13:09:47.338245309Z GetCartAsync called with userId=40e41bab-7ac7-4eb1-9d5c-3bd1e797c094
2026-08-15T13:09:47.929156954Z GetCartAsync called with userId=b7346bb4-8dd0-4f04-a092-01bc982d095c
2026-08-15T13:09:48.634651441Z GetCartAsync called with userId=dbc81ea5-5531-4605-9216-4c4255eaf706
2026-08-15T13:09:48.888724707Z GetCartAsync called with userId=9acecf4b-1a54-469f-a88c-1831fc170649
2026-08-15T13:09:48.962015901Z GetCartAsync called with userId=fe551a84-c24b-4719-a509-b9e5fdf64e37
2026-08-15T13:09:49.366689587Z GetCartAsync called with userId=be3bdda6-898f-4a6c-a1cb-3ded9cc31c28
2026-08-15T13:09:50.193752568Z AddItemAsync called with userId=be3bdda6-898f-4a6c-a1cb-3ded9cc31c28, productId=2ZYFJ3GM2N, quantity=10
2026-08-15T13:09:50.254503011Z GetCartAsync called with userId=be3bdda6-898f-4a6c-a1cb-3ded9cc31c28
2026-08-15T13:09:50.428961601Z GetCartAsync called with userId=a3e940e3-04a9-4123-b8ae-9b66e1087df3
2026-08-15T13:09:50.943641036Z GetCartAsync called with userId=adb034c7-2a87-4c97-ba43-226f28dee2e6
2026-08-15T13:09:51.274918917Z GetCartAsync called with userId=75fb99d4-1648-4332-8535-ad4aaffa2159
2026-08-15T13:09:51.415094715Z GetCartAsync called with userId=fe551a84-c24b-4719-a509-b9e5fdf64e37
2026-08-15T13:09:51.468220737Z GetCartAsync called with userId=b6862a64-9aa0-43ed-925f-989df9463214
2026-08-15T13:09:51.628530404Z GetCartAsync called with userId=dbc81ea5-5531-4605-9216-4c4255eaf706
2026-08-15T13:09:51.744488293Z AddItemAsync called with userId=adb034c7-2a87-4c97-ba43-226f28dee2e6, productId=0PUK6V6EV0, quantity=7
2026-08-15T13:09:51.799341701Z GetCartAsync called with userId=adb034c7-2a87-4c97-ba43-226f28dee2e6
2026-08-15T13:09:52.068913936Z GetCartAsync called with userId=2a3f6416-cbe5-4f35-a5b3-b222c38dd6b1
2026-08-15T13:09:52.764250729Z GetCartAsync called with userId=503c59e6-3248-41ab-b86d-35a34eadc2c8
2026-08-15T13:09:52.798411409Z GetCartAsync called with userId=9acecf4b-1a54-469f-a88c-1831fc170649
2026-08-15T13:09:53.191015595Z GetCartAsync called with userId=b7346bb4-8dd0-4f04-a092-01bc982d095c
2026-08-15T13:09:53.563510515Z AddItemAsync called with userId=9acecf4b-1a54-469f-a88c-1831fc170649, productId=6E92ZMYYFZ, quantity=3
2026-08-15T13:09:53.566287714Z GetCartAsync called with userId=9acecf4b-1a54-469f-a88c-1831fc170649
2026-08-15T13:09:53.733325606Z Checking CartService Health
2026-08-15T13:09:53.899014652Z GetCartAsync called with userId=be3bdda6-898f-4a6c-a1cb-3ded9cc31c28
2026-08-15T13:09:54.056510315Z GetCartAsync called with userId=75fb99d4-1648-4332-8535-ad4aaffa2159
2026-08-15T13:09:54.121376702Z GetCartAsync called with userId=bfc202a9-206c-45fc-85e1-bb5fc4c56ed0
2026-08-15T13:09:54.302633924Z GetCartAsync called with userId=1a78ea5e-f3eb-4fc8-b79b-d8ffed14c071
2026-08-15T13:09:54.766392875Z GetCartAsync called with userId=40e41bab-7ac7-4eb1-9d5c-3bd1e797c094
2026-08-15T13:09:54.958549271Z AddItemAsync called with userId=bfc202a9-206c-45fc-85e1-bb5fc4c56ed0, productId=0PUK6V6EV0, quantity=3
2026-08-15T13:09:54.960641497Z GetCartAsync called with userId=7c83c8f1-08fe-4458-a9a9-0c772a23d674
2026-08-15T13:09:54.989508606Z GetCartAsync called with userId=bfc202a9-206c-45fc-85e1-bb5fc4c56ed0
2026-08-15T13:09:55.189947395Z AddItemAsync called with userId=1a78ea5e-f3eb-4fc8-b79b-d8ffed14c071, productId=66VCHSJNUP, quantity=5
2026-08-15T13:09:55.202531150Z GetCartAsync called with userId=1a78ea5e-f3eb-4fc8-b79b-d8ffed14c071
2026-08-15T13:09:55.401516267Z GetCartAsync called with userId=adb034c7-2a87-4c97-ba43-226f28dee2e6
2026-08-15T13:09:55.577759787Z AddItemAsync called with userId=40e41bab-7ac7-4eb1-9d5c-3bd1e797c094, productId=1YMWWN1N4O, quantity=8
2026-08-15T13:09:55.583089474Z GetCartAsync called with userId=40e41bab-7ac7-4eb1-9d5c-3bd1e797c094
2026-08-15T13:09:55.857262686Z GetCartAsync called with userId=bfc202a9-206c-45fc-85e1-bb5fc4c56ed0
2026-08-15T13:09:55.877557222Z EmptyCartAsync called with userId=bfc202a9-206c-45fc-85e1-bb5fc4c56ed0
2026-08-15T13:09:55.962302860Z GetCartAsync called with userId=be3bdda6-898f-4a6c-a1cb-3ded9cc31c28
2026-08-15T13:09:56.064216790Z Checking CartService Health
2026-08-15T13:09:56.147404256Z GetCartAsync called with userId=b6862a64-9aa0-43ed-925f-989df9463214
2026-08-15T13:09:56.725292434Z GetCartAsync called with userId=fe551a84-c24b-4719-a509-b9e5fdf64e37
2026-08-15T13:09:56.863573271Z AddItemAsync called with userId=be3bdda6-898f-4a6c-a1cb-3ded9cc31c28, productId=L9ECAV7KIM, quantity=7
2026-08-15T13:09:56.991199435Z GetCartAsync called with userId=be3bdda6-898f-4a6c-a1cb-3ded9cc31c28
2026-08-15T13:09:57.318077399Z GetCartAsync called with userId=a3e940e3-04a9-4123-b8ae-9b66e1087df3
2026-08-15T13:09:57.860920515Z GetCartAsync called with userId=2a3f6416-cbe5-4f35-a5b3-b222c38dd6b1
2026-08-15T13:09:57.989025231Z GetCartAsync called with userId=be3bdda6-898f-4a6c-a1cb-3ded9cc31c28
2026-08-15T13:09:58.071331201Z EmptyCartAsync called with userId=be3bdda6-898f-4a6c-a1cb-3ded9cc31c28
2026-08-15T13:09:58.574448139Z GetCartAsync called with userId=40e41bab-7ac7-4eb1-9d5c-3bd1e797c094
2026-08-15T13:09:58.687679616Z AddItemAsync called with userId=2a3f6416-cbe5-4f35-a5b3-b222c38dd6b1, productId=6E92ZMYYFZ, quantity=1
2026-08-15T13:09:58.704310749Z GetCartAsync called with userId=2a3f6416-cbe5-4f35-a5b3-b222c38dd6b1
2026-08-15T13:09:58.754737105Z GetCartAsync called with userId=bfc202a9-206c-45fc-85e1-bb5fc4c56ed0
2026-08-15T13:09:58.790931894Z GetCartAsync called with userId=dbc81ea5-5531-4605-9216-4c4255eaf706
2026-08-15T13:10:00.087126122Z GetCartAsync called with userId=b7346bb4-8dd0-4f04-a092-01bc982d095c
2026-08-15T13:10:00.147668793Z GetCartAsync called with userId=1a78ea5e-f3eb-4fc8-b79b-d8ffed14c071
2026-08-15T13:10:00.912259744Z AddItemAsync called with userId=b7346bb4-8dd0-4f04-a092-01bc982d095c, productId=OLJCESPC7Z, quantity=6
2026-08-15T13:10:00.956664037Z GetCartAsync called with userId=b7346bb4-8dd0-4f04-a092-01bc982d095c
2026-08-15T13:10:01.266929625Z GetCartAsync called with userId=b6862a64-9aa0-43ed-925f-989df9463214
2026-08-15T13:10:01.676692677Z GetCartAsync called with userId=2a3f6416-cbe5-4f35-a5b3-b222c38dd6b1
2026-08-15T13:10:02.061029227Z AddItemAsync called with userId=b6862a64-9aa0-43ed-925f-989df9463214, productId=2ZYFJ3GM2N, quantity=10
2026-08-15T13:10:02.097948195Z GetCartAsync called with userId=b6862a64-9aa0-43ed-925f-989df9463214
2026-08-15T13:10:02.628466553Z GetCartAsync called with userId=9acecf4b-1a54-469f-a88c-1831fc170649
2026-08-15T13:10:02.866791014Z GetCartAsync called with userId=b6862a64-9aa0-43ed-925f-989df9463214
2026-08-15T13:10:02.873198120Z EmptyCartAsync called with userId=b6862a64-9aa0-43ed-925f-989df9463214
2026-08-15T13:10:03.016074264Z GetCartAsync called with userId=75fb99d4-1648-4332-8535-ad4aaffa2159
2026-08-15T13:10:03.391377161Z AddItemAsync called with userId=9acecf4b-1a54-469f-a88c-1831fc170649, productId=6E92ZMYYFZ, quantity=4
2026-08-15T13:10:03.396349222Z GetCartAsync called with userId=9acecf4b-1a54-469f-a88c-1831fc170649
2026-08-15T13:10:03.467809582Z GetCartAsync called with userId=503c59e6-3248-41ab-b86d-35a34eadc2c8
2026-08-15T13:10:03.729816233Z Checking CartService Health
2026-08-15T13:10:05.279185387Z GetCartAsync called with userId=7c83c8f1-08fe-4458-a9a9-0c772a23d674
2026-08-15T13:10:05.937694060Z GetCartAsync called with userId=adb034c7-2a87-4c97-ba43-226f28dee2e6
2026-08-15T13:10:06.065689197Z Checking CartService Health
2026-08-15T13:10:06.494363847Z GetCartAsync called with userId=bfc202a9-206c-45fc-85e1-bb5fc4c56ed0
2026-08-15T13:10:07.106574899Z GetCartAsync called with userId=fe551a84-c24b-4719-a509-b9e5fdf64e37
2026-08-15T13:10:07.363260850Z GetCartAsync called with userId=b7346bb4-8dd0-4f04-a092-01bc982d095c
2026-08-15T13:10:07.477788968Z GetCartAsync called with userId=be3bdda6-898f-4a6c-a1cb-3ded9cc31c28
2026-08-15T13:10:07.481752415Z GetCartAsync called with userId=40e41bab-7ac7-4eb1-9d5c-3bd1e797c094
2026-08-15T13:10:08.039385711Z GetCartAsync called with userId=2a3f6416-cbe5-4f35-a5b3-b222c38dd6b1
2026-08-15T13:10:08.148773648Z AddItemAsync called with userId=b7346bb4-8dd0-4f04-a092-01bc982d095c, productId=2ZYFJ3GM2N, quantity=4
2026-08-15T13:10:08.157875475Z GetCartAsync called with userId=b7346bb4-8dd0-4f04-a092-01bc982d095c
2026-08-15T13:10:08.310268363Z GetCartAsync called with userId=dbc81ea5-5531-4605-9216-4c4255eaf706
2026-08-15T13:10:08.674691567Z GetCartAsync called with userId=a3e940e3-04a9-4123-b8ae-9b66e1087df3
2026-08-15T13:10:09.804584608Z GetCartAsync called with userId=7c83c8f1-08fe-4458-a9a9-0c772a23d674
2026-08-15T13:10:10.618360894Z GetCartAsync called with userId=b7346bb4-8dd0-4f04-a092-01bc982d095c
2026-08-15T13:10:11.092623686Z GetCartAsync called with userId=bfc202a9-206c-45fc-85e1-bb5fc4c56ed0
2026-08-15T13:10:11.406248022Z GetCartAsync called with userId=dbc81ea5-5531-4605-9216-4c4255eaf706
2026-08-15T13:10:11.417236866Z GetCartAsync called with userId=75fb99d4-1648-4332-8535-ad4aaffa2159
2026-08-15T13:10:11.883479726Z AddItemAsync called with userId=bfc202a9-206c-45fc-85e1-bb5fc4c56ed0, productId=L9ECAV7KIM, quantity=10
2026-08-15T13:10:11.890022266Z GetCartAsync called with userId=bfc202a9-206c-45fc-85e1-bb5fc4c56ed0
2026-08-15T13:10:12.064651528Z GetCartAsync called with userId=9acecf4b-1a54-469f-a88c-1831fc170649
2026-08-15T13:10:12.254985866Z GetCartAsync called with userId=40e41bab-7ac7-4eb1-9d5c-3bd1e797c094
2026-08-15T13:10:12.494064520Z GetCartAsync called with userId=a3e940e3-04a9-4123-b8ae-9b66e1087df3
2026-08-15T13:10:12.511977347Z GetCartAsync called with userId=adb034c7-2a87-4c97-ba43-226f28dee2e6
2026-08-15T13:10:13.205271101Z GetCartAsync called with userId=b6862a64-9aa0-43ed-925f-989df9463214
2026-08-15T13:10:13.729087776Z Checking CartService Health
2026-08-15T13:10:13.945121122Z GetCartAsync called with userId=503c59e6-3248-41ab-b86d-35a34eadc2c8
2026-08-15T13:10:14.107604609Z GetCartAsync called with userId=9acecf4b-1a54-469f-a88c-1831fc170649
2026-08-15T13:10:14.130569908Z GetCartAsync called with userId=1a78ea5e-f3eb-4fc8-b79b-d8ffed14c071
2026-08-15T13:10:14.885228105Z GetCartAsync called with userId=7c83c8f1-08fe-4458-a9a9-0c772a23d674
2026-08-15T13:10:14.959559217Z GetCartAsync called with userId=a3e940e3-04a9-4123-b8ae-9b66e1087df3
2026-08-15T13:10:14.987330859Z AddItemAsync called with userId=9acecf4b-1a54-469f-a88c-1831fc170649, productId=6E92ZMYYFZ, quantity=5
2026-08-15T13:10:15.053916794Z GetCartAsync called with userId=9acecf4b-1a54-469f-a88c-1831fc170649
2026-08-15T13:10:15.454530028Z GetCartAsync called with userId=b6862a64-9aa0-43ed-925f-989df9463214
2026-08-15T13:10:15.683181602Z GetCartAsync called with userId=2a3f6416-cbe5-4f35-a5b3-b222c38dd6b1
2026-08-15T13:10:15.908008143Z GetCartAsync called with userId=fe551a84-c24b-4719-a509-b9e5fdf64e37
2026-08-15T13:10:16.063524442Z Checking CartService Health
2026-08-15T13:10:16.462988245Z AddItemAsync called with userId=2a3f6416-cbe5-4f35-a5b3-b222c38dd6b1, productId=L9ECAV7KIM, quantity=8
2026-08-15T13:10:16.489688367Z GetCartAsync called with userId=2a3f6416-cbe5-4f35-a5b3-b222c38dd6b1
2026-08-15T13:10:16.775532213Z AddItemAsync called with userId=fe551a84-c24b-4719-a509-b9e5fdf64e37, productId=LS4PSXUNUM, quantity=9
2026-08-15T13:10:16.856991631Z GetCartAsync called with userId=fe551a84-c24b-4719-a509-b9e5fdf64e37
2026-08-15T13:10:17.697856284Z GetCartAsync called with userId=be3bdda6-898f-4a6c-a1cb-3ded9cc31c28
2026-08-15T13:10:17.789077706Z GetCartAsync called with userId=adb034c7-2a87-4c97-ba43-226f28dee2e6
2026-08-15T13:10:18.257986568Z GetCartAsync called with userId=503c59e6-3248-41ab-b86d-35a34eadc2c8
2026-08-15T13:10:19.097244439Z GetCartAsync called with userId=b7346bb4-8dd0-4f04-a092-01bc982d095c
2026-08-15T13:10:19.796954611Z GetCartAsync called with userId=40e41bab-7ac7-4eb1-9d5c-3bd1e797c094
2026-08-15T13:10:20.262236784Z GetCartAsync called with userId=1a78ea5e-f3eb-4fc8-b79b-d8ffed14c071
2026-08-15T13:10:20.499855869Z GetCartAsync called with userId=fe551a84-c24b-4719-a509-b9e5fdf64e37
2026-08-15T13:10:20.499898474Z GetCartAsync called with userId=bfc202a9-206c-45fc-85e1-bb5fc4c56ed0
2026-08-15T13:10:20.706825777Z GetCartAsync called with userId=dbc81ea5-5531-4605-9216-4c4255eaf706
2026-08-15T13:10:20.816960313Z GetCartAsync called with userId=9acecf4b-1a54-469f-a88c-1831fc170649
2026-08-15T13:10:20.961921588Z GetCartAsync called with userId=7c83c8f1-08fe-4458-a9a9-0c772a23d674
2026-08-15T13:10:22.005127447Z GetCartAsync called with userId=75fb99d4-1648-4332-8535-ad4aaffa2159
2026-08-15T13:10:23.677453534Z GetCartAsync called with userId=fe551a84-c24b-4719-a509-b9e5fdf64e37
2026-08-15T13:10:23.731380476Z Checking CartService Health
2026-08-15T13:10:23.778037118Z GetCartAsync called with userId=be3bdda6-898f-4a6c-a1cb-3ded9cc31c28
2026-08-15T13:10:24.084378876Z GetCartAsync called with userId=2a3f6416-cbe5-4f35-a5b3-b222c38dd6b1
2026-08-15T13:10:24.222613209Z GetCartAsync called with userId=a3e940e3-04a9-4123-b8ae-9b66e1087df3
2026-08-15T13:10:24.369306474Z GetCartAsync called with userId=bfc202a9-206c-45fc-85e1-bb5fc4c56ed0
2026-08-15T13:10:25.200159032Z AddItemAsync called with userId=bfc202a9-206c-45fc-85e1-bb5fc4c56ed0, productId=9SIQT8TOJO, quantity=1
2026-08-15T13:10:25.211333364Z GetCartAsync called with userId=bfc202a9-206c-45fc-85e1-bb5fc4c56ed0
2026-08-15T13:10:25.294925175Z GetCartAsync called with userId=adb034c7-2a87-4c97-ba43-226f28dee2e6
2026-08-15T13:10:25.677459630Z GetCartAsync called with userId=40e41bab-7ac7-4eb1-9d5c-3bd1e797c094
2026-08-15T13:10:25.933939293Z GetCartAsync called with userId=75fb99d4-1648-4332-8535-ad4aaffa2159
2026-08-15T13:10:26.062238932Z Checking CartService Health
2026-08-15T13:10:26.776982695Z GetCartAsync called with userId=fe551a84-c24b-4719-a509-b9e5fdf64e37
2026-08-15T13:10:27.570525680Z GetCartAsync called with userId=bfc202a9-206c-45fc-85e1-bb5fc4c56ed0
2026-08-15T13:10:27.739796170Z GetCartAsync called with userId=503c59e6-3248-41ab-b86d-35a34eadc2c8
2026-08-15T13:10:27.876797849Z GetCartAsync called with userId=dbc81ea5-5531-4605-9216-4c4255eaf706
2026-08-15T13:10:28.438019564Z GetCartAsync called with userId=1a78ea5e-f3eb-4fc8-b79b-d8ffed14c071
2026-08-15T13:10:28.550352137Z GetCartAsync called with userId=b7346bb4-8dd0-4f04-a092-01bc982d095c
2026-08-15T13:10:28.688198205Z GetCartAsync called with userId=b6862a64-9aa0-43ed-925f-989df9463214
2026-08-15T13:10:28.806959057Z AddItemAsync called with userId=dbc81ea5-5531-4605-9216-4c4255eaf706, productId=9SIQT8TOJO, quantity=10
2026-08-15T13:10:28.882249214Z GetCartAsync called with userId=dbc81ea5-5531-4605-9216-4c4255eaf706
2026-08-15T13:10:29.682206761Z GetCartAsync called with userId=75fb99d4-1648-4332-8535-ad4aaffa2159
2026-08-15T13:10:29.750038930Z GetCartAsync called with userId=dbc81ea5-5531-4605-9216-4c4255eaf706
2026-08-15T13:10:29.769479485Z EmptyCartAsync called with userId=dbc81ea5-5531-4605-9216-4c4255eaf706
2026-08-15T13:10:30.060692362Z GetCartAsync called with userId=9acecf4b-1a54-469f-a88c-1831fc170649
2026-08-15T13:10:30.471863819Z AddItemAsync called with userId=75fb99d4-1648-4332-8535-ad4aaffa2159, productId=9SIQT8TOJO, quantity=9
2026-08-15T13:10:30.550972479Z GetCartAsync called with userId=75fb99d4-1648-4332-8535-ad4aaffa2159
2026-08-15T13:10:30.655796758Z GetCartAsync called with userId=bfc202a9-206c-45fc-85e1-bb5fc4c56ed0
2026-08-15T13:10:30.749563968Z GetCartAsync called with userId=7c83c8f1-08fe-4458-a9a9-0c772a23d674
2026-08-15T13:10:30.843774425Z GetCartAsync called with userId=adb034c7-2a87-4c97-ba43-226f28dee2e6
2026-08-15T13:10:30.995348745Z GetCartAsync called with userId=b6862a64-9aa0-43ed-925f-989df9463214
2026-08-15T13:10:31.467063500Z GetCartAsync called with userId=a3e940e3-04a9-4123-b8ae-9b66e1087df3
2026-08-15T13:10:31.685855924Z GetCartAsync called with userId=be3bdda6-898f-4a6c-a1cb-3ded9cc31c28
2026-08-15T13:10:32.257980091Z AddItemAsync called with userId=a3e940e3-04a9-4123-b8ae-9b66e1087df3, productId=L9ECAV7KIM, quantity=6
2026-08-15T13:10:32.289825157Z GetCartAsync called with userId=a3e940e3-04a9-4123-b8ae-9b66e1087df3
2026-08-15T13:10:32.605134681Z GetCartAsync called with userId=40e41bab-7ac7-4eb1-9d5c-3bd1e797c094
2026-08-15T13:10:32.869307601Z GetCartAsync called with userId=503c59e6-3248-41ab-b86d-35a34eadc2c8
2026-08-15T13:10:33.181116256Z GetCartAsync called with userId=9acecf4b-1a54-469f-a88c-1831fc170649
2026-08-15T13:10:33.368641275Z AddItemAsync called with userId=40e41bab-7ac7-4eb1-9d5c-3bd1e797c094, productId=LS4PSXUNUM, quantity=10
2026-08-15T13:10:33.373072243Z GetCartAsync called with userId=2a3f6416-cbe5-4f35-a5b3-b222c38dd6b1
2026-08-15T13:10:33.373101247Z GetCartAsync called with userId=40e41bab-7ac7-4eb1-9d5c-3bd1e797c094
2026-08-15T13:10:33.524922092Z GetCartAsync called with userId=b7346bb4-8dd0-4f04-a092-01bc982d095c
2026-08-15T13:10:33.729049066Z Checking CartService Health
2026-08-15T13:10:34.011911062Z GetCartAsync called with userId=fe551a84-c24b-4719-a509-b9e5fdf64e37
2026-08-15T13:10:34.963887875Z GetCartAsync called with userId=1a78ea5e-f3eb-4fc8-b79b-d8ffed14c071
2026-08-15T13:10:36.062455308Z Checking CartService Health
2026-08-15T13:10:36.209664283Z GetCartAsync called with userId=2a3f6416-cbe5-4f35-a5b3-b222c38dd6b1
2026-08-15T13:10:38.290803963Z GetCartAsync called with userId=adb034c7-2a87-4c97-ba43-226f28dee2e6
2026-08-15T13:10:38.313839173Z GetCartAsync called with userId=75fb99d4-1648-4332-8535-ad4aaffa2159
2026-08-15T13:10:38.535160354Z GetCartAsync called with userId=b6862a64-9aa0-43ed-925f-989df9463214
2026-08-15T13:10:38.592239260Z GetCartAsync called with userId=40e41bab-7ac7-4eb1-9d5c-3bd1e797c094
2026-08-15T13:10:38.735091047Z GetCartAsync called with userId=bfc202a9-206c-45fc-85e1-bb5fc4c56ed0
2026-08-15T13:10:38.753375016Z GetCartAsync called with userId=b7346bb4-8dd0-4f04-a092-01bc982d095c
2026-08-15T13:10:39.152582114Z GetCartAsync called with userId=a3e940e3-04a9-4123-b8ae-9b66e1087df3
2026-08-15T13:10:39.340521288Z GetCartAsync called with userId=dbc81ea5-5531-4605-9216-4c4255eaf706
2026-08-15T13:10:39.558599631Z AddItemAsync called with userId=b7346bb4-8dd0-4f04-a092-01bc982d095c, productId=OLJCESPC7Z, quantity=10
2026-08-15T13:10:39.582353338Z GetCartAsync called with userId=b7346bb4-8dd0-4f04-a092-01bc982d095c
2026-08-15T13:10:40.571591097Z GetCartAsync called with userId=40e41bab-7ac7-4eb1-9d5c-3bd1e797c094
2026-08-15T13:10:40.718173088Z GetCartAsync called with userId=adb034c7-2a87-4c97-ba43-226f28dee2e6
2026-08-15T13:10:40.829216780Z GetCartAsync called with userId=7c83c8f1-08fe-4458-a9a9-0c772a23d674
2026-08-15T13:10:41.608386477Z AddItemAsync called with userId=7c83c8f1-08fe-4458-a9a9-0c772a23d674, productId=L9ECAV7KIM, quantity=3
2026-08-15T13:10:41.686613239Z GetCartAsync called with userId=7c83c8f1-08fe-4458-a9a9-0c772a23d674
2026-08-15T13:10:41.925476588Z GetCartAsync called with userId=be3bdda6-898f-4a6c-a1cb-3ded9cc31c28
2026-08-15T13:10:42.417465513Z GetCartAsync called with userId=2a3f6416-cbe5-4f35-a5b3-b222c38dd6b1
2026-08-15T13:10:42.618385840Z GetCartAsync called with userId=7c83c8f1-08fe-4458-a9a9-0c772a23d674
2026-08-15T13:10:42.733039819Z EmptyCartAsync called with userId=7c83c8f1-08fe-4458-a9a9-0c772a23d674
2026-08-15T13:10:43.556221735Z GetCartAsync called with userId=40e41bab-7ac7-4eb1-9d5c-3bd1e797c094
2026-08-15T13:10:43.656349034Z GetCartAsync called with userId=b7346bb4-8dd0-4f04-a092-01bc982d095c
2026-08-15T13:10:43.729101259Z Checking CartService Health
2026-08-15T13:10:44.112559317Z GetCartAsync called with userId=1a78ea5e-f3eb-4fc8-b79b-d8ffed14c071
2026-08-15T13:10:44.398988628Z GetCartAsync called with userId=fe551a84-c24b-4719-a509-b9e5fdf64e37
2026-08-15T13:10:44.548699155Z GetCartAsync called with userId=be3bdda6-898f-4a6c-a1cb-3ded9cc31c28
2026-08-15T13:10:44.698509739Z GetCartAsync called with userId=bfc202a9-206c-45fc-85e1-bb5fc4c56ed0
2026-08-15T13:10:44.940118214Z GetCartAsync called with userId=7c83c8f1-08fe-4458-a9a9-0c772a23d674
2026-08-15T13:10:45.168758958Z GetCartAsync called with userId=503c59e6-3248-41ab-b86d-35a34eadc2c8
2026-08-15T13:10:45.352674220Z AddItemAsync called with userId=be3bdda6-898f-4a6c-a1cb-3ded9cc31c28, productId=6E92ZMYYFZ, quantity=5
2026-08-15T13:10:45.362368801Z GetCartAsync called with userId=be3bdda6-898f-4a6c-a1cb-3ded9cc31c28
2026-08-15T13:10:45.713256248Z GetCartAsync called with userId=dbc81ea5-5531-4605-9216-4c4255eaf706
2026-08-15T13:10:45.714316847Z AddItemAsync called with userId=7c83c8f1-08fe-4458-a9a9-0c772a23d674, productId=1YMWWN1N4O, quantity=2
2026-08-15T13:10:45.723235088Z GetCartAsync called with userId=7c83c8f1-08fe-4458-a9a9-0c772a23d674
2026-08-15T13:10:46.057385074Z Checking CartService Health
2026-08-15T13:10:46.423981902Z GetCartAsync called with userId=be3bdda6-898f-4a6c-a1cb-3ded9cc31c28
2026-08-15T13:10:46.607421204Z GetCartAsync called with userId=b7346bb4-8dd0-4f04-a092-01bc982d095c
2026-08-15T13:10:46.621877512Z GetCartAsync called with userId=7c83c8f1-08fe-4458-a9a9-0c772a23d674
2026-08-15T13:10:46.627897740Z EmptyCartAsync called with userId=be3bdda6-898f-4a6c-a1cb-3ded9cc31c28
2026-08-15T13:10:46.809369665Z GetCartAsync called with userId=75fb99d4-1648-4332-8535-ad4aaffa2159
2026-08-15T13:10:46.816595919Z EmptyCartAsync called with userId=7c83c8f1-08fe-4458-a9a9-0c772a23d674
2026-08-15T13:10:46.901382662Z GetCartAsync called with userId=9acecf4b-1a54-469f-a88c-1831fc170649
2026-08-15T13:10:47.352552115Z GetCartAsync called with userId=40e41bab-7ac7-4eb1-9d5c-3bd1e797c094
2026-08-15T13:10:47.504720584Z AddItemAsync called with userId=b7346bb4-8dd0-4f04-a092-01bc982d095c, productId=9SIQT8TOJO, quantity=6
2026-08-15T13:10:47.584186372Z GetCartAsync called with userId=b7346bb4-8dd0-4f04-a092-01bc982d095c
2026-08-15T13:10:47.588185089Z GetCartAsync called with userId=fe551a84-c24b-4719-a509-b9e5fdf64e37
2026-08-15T13:10:48.221487137Z GetCartAsync called with userId=a3e940e3-04a9-4123-b8ae-9b66e1087df3
2026-08-15T13:10:49.086158314Z AddItemAsync called with userId=a3e940e3-04a9-4123-b8ae-9b66e1087df3, productId=OLJCESPC7Z, quantity=9
2026-08-15T13:10:49.092381263Z GetCartAsync called with userId=a3e940e3-04a9-4123-b8ae-9b66e1087df3
2026-08-15T13:10:50.050508588Z GetCartAsync called with userId=b6862a64-9aa0-43ed-925f-989df9463214
2026-08-15T13:10:50.063540747Z GetCartAsync called with userId=a3e940e3-04a9-4123-b8ae-9b66e1087df3
2026-08-15T13:10:50.306477783Z GetCartAsync called with userId=adb034c7-2a87-4c97-ba43-226f28dee2e6
2026-08-15T13:10:50.621677655Z EmptyCartAsync called with userId=a3e940e3-04a9-4123-b8ae-9b66e1087df3
2026-08-15T13:10:50.705048650Z GetCartAsync called with userId=dbc81ea5-5531-4605-9216-4c4255eaf706
2026-08-15T13:10:50.861023717Z AddItemAsync called with userId=b6862a64-9aa0-43ed-925f-989df9463214, productId=LS4PSXUNUM, quantity=4
2026-08-15T13:10:50.900322216Z GetCartAsync called with userId=b6862a64-9aa0-43ed-925f-989df9463214
2026-08-15T13:10:51.371103211Z AddItemAsync called with userId=adb034c7-2a87-4c97-ba43-226f28dee2e6, productId=1YMWWN1N4O, quantity=4
2026-08-15T13:10:51.387025188Z GetCartAsync called with userId=adb034c7-2a87-4c97-ba43-226f28dee2e6
2026-08-15T13:10:52.812358748Z GetCartAsync called with userId=a3e940e3-04a9-4123-b8ae-9b66e1087df3
2026-08-15T13:10:52.908810680Z GetCartAsync called with userId=fe551a84-c24b-4719-a509-b9e5fdf64e37
2026-08-15T13:10:53.111711445Z GetCartAsync called with userId=503c59e6-3248-41ab-b86d-35a34eadc2c8
2026-08-15T13:10:53.726956166Z Checking CartService Health
2026-08-15T13:10:54.154190515Z AddItemAsync called with userId=503c59e6-3248-41ab-b86d-35a34eadc2c8, productId=L9ECAV7KIM, quantity=1
2026-08-15T13:10:54.158101728Z GetCartAsync called with userId=40e41bab-7ac7-4eb1-9d5c-3bd1e797c094
2026-08-15T13:10:54.171465499Z GetCartAsync called with userId=503c59e6-3248-41ab-b86d-35a34eadc2c8
2026-08-15T13:10:54.326565633Z GetCartAsync called with userId=be3bdda6-898f-4a6c-a1cb-3ded9cc31c28
2026-08-15T13:10:54.339914303Z GetCartAsync called with userId=75fb99d4-1648-4332-8535-ad4aaffa2159
2026-08-15T13:10:54.606060238Z GetCartAsync called with userId=bfc202a9-206c-45fc-85e1-bb5fc4c56ed0
2026-08-15T13:10:55.376096767Z AddItemAsync called with userId=be3bdda6-898f-4a6c-a1cb-3ded9cc31c28, productId=9SIQT8TOJO, quantity=8
2026-08-15T13:10:55.377479978Z AddItemAsync called with userId=40e41bab-7ac7-4eb1-9d5c-3bd1e797c094, productId=6E92ZMYYFZ, quantity=3
2026-08-15T13:10:55.388286345Z GetCartAsync called with userId=40e41bab-7ac7-4eb1-9d5c-3bd1e797c094
2026-08-15T13:10:55.449776974Z GetCartAsync called with userId=be3bdda6-898f-4a6c-a1cb-3ded9cc31c28
2026-08-15T13:10:55.945730831Z GetCartAsync called with userId=2a3f6416-cbe5-4f35-a5b3-b222c38dd6b1
2026-08-15T13:10:56.059692167Z Checking CartService Health
2026-08-15T13:10:56.284156661Z GetCartAsync called with userId=be3bdda6-898f-4a6c-a1cb-3ded9cc31c28
2026-08-15T13:10:56.311116322Z EmptyCartAsync called with userId=be3bdda6-898f-4a6c-a1cb-3ded9cc31c28
2026-08-15T13:10:56.746321310Z AddItemAsync called with userId=2a3f6416-cbe5-4f35-a5b3-b222c38dd6b1, productId=LS4PSXUNUM, quantity=3
2026-08-15T13:10:56.754570571Z GetCartAsync called with userId=2a3f6416-cbe5-4f35-a5b3-b222c38dd6b1
2026-08-15T13:10:57.202781214Z GetCartAsync called with userId=b7346bb4-8dd0-4f04-a092-01bc982d095c
2026-08-15T13:10:57.298909120Z GetCartAsync called with userId=1a78ea5e-f3eb-4fc8-b79b-d8ffed14c071
2026-08-15T13:10:57.298939622Z GetCartAsync called with userId=7c83c8f1-08fe-4458-a9a9-0c772a23d674
2026-08-15T13:10:57.587962392Z GetCartAsync called with userId=9acecf4b-1a54-469f-a88c-1831fc170649
2026-08-15T13:10:59.192605226Z GetCartAsync called with userId=dbc81ea5-5531-4605-9216-4c4255eaf706
2026-08-15T13:10:59.401316271Z GetCartAsync called with userId=503c59e6-3248-41ab-b86d-35a34eadc2c8
2026-08-15T13:10:59.844090990Z GetCartAsync called with userId=b6862a64-9aa0-43ed-925f-989df9463214
2026-08-15T13:11:01.349548157Z GetCartAsync called with userId=adb034c7-2a87-4c97-ba43-226f28dee2e6
2026-08-15T13:11:02.359130186Z GetCartAsync called with userId=a3e940e3-04a9-4123-b8ae-9b66e1087df3
2026-08-15T13:11:02.918115884Z GetCartAsync called with userId=503c59e6-3248-41ab-b86d-35a34eadc2c8
2026-08-15T13:11:02.951907996Z GetCartAsync called with userId=bfc202a9-206c-45fc-85e1-bb5fc4c56ed0
2026-08-15T13:11:02.954415756Z GetCartAsync called with userId=dbc81ea5-5531-4605-9216-4c4255eaf706
2026-08-15T13:11:02.999255817Z GetCartAsync called with userId=fe551a84-c24b-4719-a509-b9e5fdf64e37
2026-08-15T13:11:03.723065745Z Checking CartService Health
2026-08-15T13:11:03.780855051Z AddItemAsync called with userId=dbc81ea5-5531-4605-9216-4c4255eaf706, productId=OLJCESPC7Z, quantity=4
2026-08-15T13:11:03.802182268Z GetCartAsync called with userId=dbc81ea5-5531-4605-9216-4c4255eaf706
2026-08-15T13:11:03.990342124Z GetCartAsync called with userId=1a78ea5e-f3eb-4fc8-b79b-d8ffed14c071
2026-08-15T13:11:04.057510905Z GetCartAsync called with userId=40e41bab-7ac7-4eb1-9d5c-3bd1e797c094
2026-08-15T13:11:04.195174213Z GetCartAsync called with userId=be3bdda6-898f-4a6c-a1cb-3ded9cc31c28
2026-08-15T13:11:04.869498798Z GetCartAsync called with userId=adb034c7-2a87-4c97-ba43-226f28dee2e6
2026-08-15T13:11:05.145155548Z AddItemAsync called with userId=be3bdda6-898f-4a6c-a1cb-3ded9cc31c28, productId=9SIQT8TOJO, quantity=2
2026-08-15T13:11:05.151749833Z GetCartAsync called with userId=be3bdda6-898f-4a6c-a1cb-3ded9cc31c28
2026-08-15T13:11:05.665315710Z GetCartAsync called with userId=2a3f6416-cbe5-4f35-a5b3-b222c38dd6b1
2026-08-15T13:11:05.982527378Z AddItemAsync called with userId=adb034c7-2a87-4c97-ba43-226f28dee2e6, productId=LS4PSXUNUM, quantity=1
2026-08-15T13:11:06.061786216Z Checking CartService Health
2026-08-15T13:11:06.080234233Z GetCartAsync called with userId=adb034c7-2a87-4c97-ba43-226f28dee2e6
2026-08-15T13:11:06.308305938Z GetCartAsync called with userId=7c83c8f1-08fe-4458-a9a9-0c772a23d674
2026-08-15T13:11:06.812896782Z GetCartAsync called with userId=9acecf4b-1a54-469f-a88c-1831fc170649
2026-08-15T13:11:07.322620359Z GetCartAsync called with userId=b6862a64-9aa0-43ed-925f-989df9463214
2026-08-15T13:11:07.416240878Z GetCartAsync called with userId=fe551a84-c24b-4719-a509-b9e5fdf64e37
2026-08-15T13:11:07.420634466Z GetCartAsync called with userId=b7346bb4-8dd0-4f04-a092-01bc982d095c
2026-08-15T13:11:08.094951455Z GetCartAsync called with userId=a3e940e3-04a9-4123-b8ae-9b66e1087df3
2026-08-15T13:11:08.609739527Z GetCartAsync called with userId=75fb99d4-1648-4332-8535-ad4aaffa2159
2026-08-15T13:11:09.079796231Z GetCartAsync called with userId=dbc81ea5-5531-4605-9216-4c4255eaf706
2026-08-15T13:11:09.267314757Z GetCartAsync called with userId=9acecf4b-1a54-469f-a88c-1831fc170649
2026-08-15T13:11:09.901919036Z GetCartAsync called with userId=2a3f6416-cbe5-4f35-a5b3-b222c38dd6b1
2026-08-15T13:11:10.185247403Z GetCartAsync called with userId=a3e940e3-04a9-4123-b8ae-9b66e1087df3
2026-08-15T13:11:10.665623053Z GetCartAsync called with userId=b6862a64-9aa0-43ed-925f-989df9463214
2026-08-15T13:11:10.798099966Z GetCartAsync called with userId=bfc202a9-206c-45fc-85e1-bb5fc4c56ed0
2026-08-15T13:11:10.917368812Z GetCartAsync called with userId=503c59e6-3248-41ab-b86d-35a34eadc2c8
2026-08-15T13:11:11.914530756Z GetCartAsync called with userId=1a78ea5e-f3eb-4fc8-b79b-d8ffed14c071
2026-08-15T13:11:13.282783014Z GetCartAsync called with userId=7c83c8f1-08fe-4458-a9a9-0c772a23d674
2026-08-15T13:11:13.494402616Z GetCartAsync called with userId=9acecf4b-1a54-469f-a88c-1831fc170649
2026-08-15T13:11:13.722661166Z Checking CartService Health
2026-08-15T13:11:13.873809353Z GetCartAsync called with userId=b7346bb4-8dd0-4f04-a092-01bc982d095c
2026-08-15T13:11:13.991899268Z GetCartAsync called with userId=40e41bab-7ac7-4eb1-9d5c-3bd1e797c094
2026-08-15T13:11:14.275773795Z AddItemAsync called with userId=9acecf4b-1a54-469f-a88c-1831fc170649, productId=2ZYFJ3GM2N, quantity=7
2026-08-15T13:11:14.283944002Z GetCartAsync called with userId=dbc81ea5-5531-4605-9216-4c4255eaf706
2026-08-15T13:11:14.349979636Z GetCartAsync called with userId=9acecf4b-1a54-469f-a88c-1831fc170649
2026-08-15T13:11:14.351048455Z GetCartAsync called with userId=fe551a84-c24b-4719-a509-b9e5fdf64e37
2026-08-15T13:11:14.376303560Z GetCartAsync called with userId=503c59e6-3248-41ab-b86d-35a34eadc2c8
2026-08-15T13:11:14.990448466Z GetCartAsync called with userId=be3bdda6-898f-4a6c-a1cb-3ded9cc31c28
2026-08-15T13:11:15.178298629Z GetCartAsync called with userId=9acecf4b-1a54-469f-a88c-1831fc170649
2026-08-15T13:11:15.197124920Z EmptyCartAsync called with userId=9acecf4b-1a54-469f-a88c-1831fc170649
2026-08-15T13:11:15.197923209Z GetCartAsync called with userId=75fb99d4-1648-4332-8535-ad4aaffa2159
2026-08-15T13:11:15.674900668Z GetCartAsync called with userId=adb034c7-2a87-4c97-ba43-226f28dee2e6
2026-08-15T13:11:15.767970164Z AddItemAsync called with userId=be3bdda6-898f-4a6c-a1cb-3ded9cc31c28, productId=2ZYFJ3GM2N, quantity=5
2026-08-15T13:11:15.773167789Z GetCartAsync called with userId=be3bdda6-898f-4a6c-a1cb-3ded9cc31c28
2026-08-15T13:11:15.893786966Z GetCartAsync called with userId=7c83c8f1-08fe-4458-a9a9-0c772a23d674
2026-08-15T13:11:16.053749914Z Checking CartService Health
2026-08-15T13:11:17.457779757Z GetCartAsync called with userId=2a3f6416-cbe5-4f35-a5b3-b222c38dd6b1
2026-08-15T13:11:17.594736783Z GetCartAsync called with userId=1a78ea5e-f3eb-4fc8-b79b-d8ffed14c071
2026-08-15T13:11:18.245029233Z AddItemAsync called with userId=2a3f6416-cbe5-4f35-a5b3-b222c38dd6b1, productId=0PUK6V6EV0, quantity=2
2026-08-15T13:11:18.298594540Z GetCartAsync called with userId=2a3f6416-cbe5-4f35-a5b3-b222c38dd6b1
2026-08-15T13:11:19.070481365Z GetCartAsync called with userId=bfc202a9-206c-45fc-85e1-bb5fc4c56ed0
2026-08-15T13:11:19.503393069Z GetCartAsync called with userId=75fb99d4-1648-4332-8535-ad4aaffa2159
2026-08-15T13:11:19.541835850Z GetCartAsync called with userId=7c83c8f1-08fe-4458-a9a9-0c772a23d674
2026-08-15T13:11:19.947147568Z GetCartAsync called with userId=1a78ea5e-f3eb-4fc8-b79b-d8ffed14c071
2026-08-15T13:11:20.284874563Z AddItemAsync called with userId=75fb99d4-1648-4332-8535-ad4aaffa2159, productId=L9ECAV7KIM, quantity=8
2026-08-15T13:11:20.294388924Z GetCartAsync called with userId=75fb99d4-1648-4332-8535-ad4aaffa2159
2026-08-15T13:11:20.846895701Z GetCartAsync called with userId=a3e940e3-04a9-4123-b8ae-9b66e1087df3
2026-08-15T13:11:21.332871863Z GetCartAsync called with userId=b6862a64-9aa0-43ed-925f-989df9463214
2026-08-15T13:11:21.481905508Z GetCartAsync called with userId=2a3f6416-cbe5-4f35-a5b3-b222c38dd6b1
2026-08-15T13:11:21.485246445Z GetCartAsync called with userId=fe551a84-c24b-4719-a509-b9e5fdf64e37
2026-08-15T13:11:21.732788936Z GetCartAsync called with userId=7c83c8f1-08fe-4458-a9a9-0c772a23d674
2026-08-15T13:11:21.934467296Z GetCartAsync called with userId=b7346bb4-8dd0-4f04-a092-01bc982d095c
2026-08-15T13:11:22.861172351Z GetCartAsync called with userId=503c59e6-3248-41ab-b86d-35a34eadc2c8
2026-08-15T13:11:23.720889523Z Checking CartService Health
2026-08-15T13:11:23.967426411Z GetCartAsync called with userId=9acecf4b-1a54-469f-a88c-1831fc170649
2026-08-15T13:11:24.439861777Z GetCartAsync called with userId=dbc81ea5-5531-4605-9216-4c4255eaf706
2026-08-15T13:11:24.449168819Z GetCartAsync called with userId=adb034c7-2a87-4c97-ba43-226f28dee2e6
2026-08-15T13:11:25.623302807Z GetCartAsync called with userId=40e41bab-7ac7-4eb1-9d5c-3bd1e797c094
2026-08-15T13:11:25.880108444Z GetCartAsync called with userId=be3bdda6-898f-4a6c-a1cb-3ded9cc31c28
2026-08-15T13:11:26.049297377Z GetCartAsync called with userId=a3e940e3-04a9-4123-b8ae-9b66e1087df3
2026-08-15T13:11:26.056702805Z Checking CartService Health
2026-08-15T13:11:26.180054208Z GetCartAsync called with userId=fe551a84-c24b-4719-a509-b9e5fdf64e37
2026-08-15T13:11:26.374802501Z GetCartAsync called with userId=b6862a64-9aa0-43ed-925f-989df9463214
2026-08-15T13:11:27.184702731Z AddItemAsync called with userId=b6862a64-9aa0-43ed-925f-989df9463214, productId=0PUK6V6EV0, quantity=2
2026-08-15T13:11:27.294891194Z GetCartAsync called with userId=b6862a64-9aa0-43ed-925f-989df9463214
2026-08-15T13:11:27.295429754Z GetCartAsync called with userId=bfc202a9-206c-45fc-85e1-bb5fc4c56ed0
2026-08-15T13:11:28.165826653Z GetCartAsync called with userId=fe551a84-c24b-4719-a509-b9e5fdf64e37
2026-08-15T13:11:28.346233641Z GetCartAsync called with userId=a3e940e3-04a9-4123-b8ae-9b66e1087df3
2026-08-15T13:11:28.528558844Z GetCartAsync called with userId=b7346bb4-8dd0-4f04-a092-01bc982d095c
2026-08-15T13:11:28.800311653Z GetCartAsync called with userId=503c59e6-3248-41ab-b86d-35a34eadc2c8
2026-08-15T13:11:30.249136180Z GetCartAsync called with userId=75fb99d4-1648-4332-8535-ad4aaffa2159
2026-08-15T13:11:30.625799529Z GetCartAsync called with userId=7c83c8f1-08fe-4458-a9a9-0c772a23d674
2026-08-15T13:11:30.993595987Z GetCartAsync called with userId=2a3f6416-cbe5-4f35-a5b3-b222c38dd6b1
2026-08-15T13:11:31.177092820Z AddItemAsync called with userId=75fb99d4-1648-4332-8535-ad4aaffa2159, productId=1YMWWN1N4O, quantity=3
2026-08-15T13:11:31.188743824Z GetCartAsync called with userId=75fb99d4-1648-4332-8535-ad4aaffa2159
2026-08-15T13:11:31.407184868Z GetCartAsync called with userId=fe551a84-c24b-4719-a509-b9e5fdf64e37
2026-08-15T13:11:31.804227204Z GetCartAsync called with userId=be3bdda6-898f-4a6c-a1cb-3ded9cc31c28
2026-08-15T13:11:31.944092218Z GetCartAsync called with userId=9acecf4b-1a54-469f-a88c-1831fc170649
2026-08-15T13:11:32.208183171Z AddItemAsync called with userId=fe551a84-c24b-4719-a509-b9e5fdf64e37, productId=1YMWWN1N4O, quantity=3
2026-08-15T13:11:32.293647222Z GetCartAsync called with userId=fe551a84-c24b-4719-a509-b9e5fdf64e37
2026-08-15T13:11:32.527458712Z GetCartAsync called with userId=7c83c8f1-08fe-4458-a9a9-0c772a23d674
2026-08-15T13:11:33.477729474Z GetCartAsync called with userId=1a78ea5e-f3eb-4fc8-b79b-d8ffed14c071
2026-08-15T13:11:33.628101593Z GetCartAsync called with userId=adb034c7-2a87-4c97-ba43-226f28dee2e6
2026-08-15T13:11:33.726460033Z Checking CartService Health
2026-08-15T13:11:33.874018747Z GetCartAsync called with userId=be3bdda6-898f-4a6c-a1cb-3ded9cc31c28
2026-08-15T13:11:34.553975575Z GetCartAsync called with userId=40e41bab-7ac7-4eb1-9d5c-3bd1e797c094
2026-08-15T13:11:35.411144301Z GetCartAsync called with userId=75fb99d4-1648-4332-8535-ad4aaffa2159
2026-08-15T13:11:35.899554730Z GetCartAsync called with userId=b7346bb4-8dd0-4f04-a092-01bc982d095c
2026-08-15T13:11:36.052408459Z Checking CartService Health
2026-08-15T13:11:36.746084312Z GetCartAsync called with userId=1a78ea5e-f3eb-4fc8-b79b-d8ffed14c071
2026-08-15T13:11:37.227501140Z GetCartAsync called with userId=40e41bab-7ac7-4eb1-9d5c-3bd1e797c094
2026-08-15T13:11:37.363536158Z GetCartAsync called with userId=b6862a64-9aa0-43ed-925f-989df9463214
2026-08-15T13:11:37.397236299Z GetCartAsync called with userId=bfc202a9-206c-45fc-85e1-bb5fc4c56ed0
2026-08-15T13:11:37.567456097Z GetCartAsync called with userId=dbc81ea5-5531-4605-9216-4c4255eaf706
2026-08-15T13:11:37.936931599Z GetCartAsync called with userId=a3e940e3-04a9-4123-b8ae-9b66e1087df3
2026-08-15T13:11:38.095566983Z GetCartAsync called with userId=75fb99d4-1648-4332-8535-ad4aaffa2159
2026-08-15T13:11:38.096539061Z GetCartAsync called with userId=503c59e6-3248-41ab-b86d-35a34eadc2c8
2026-08-15T13:11:38.180347938Z AddItemAsync called with userId=b6862a64-9aa0-43ed-925f-989df9463214, productId=1YMWWN1N4O, quantity=7
2026-08-15T13:11:38.243930228Z GetCartAsync called with userId=b6862a64-9aa0-43ed-925f-989df9463214
2026-08-15T13:11:38.891466781Z AddItemAsync called with userId=75fb99d4-1648-4332-8535-ad4aaffa2159, productId=LS4PSXUNUM, quantity=2
2026-08-15T13:11:38.950195482Z GetCartAsync called with userId=75fb99d4-1648-4332-8535-ad4aaffa2159
2026-08-15T13:11:39.890579270Z GetCartAsync called with userId=75fb99d4-1648-4332-8535-ad4aaffa2159
2026-08-15T13:11:39.956719150Z EmptyCartAsync called with userId=75fb99d4-1648-4332-8535-ad4aaffa2159
2026-08-15T13:11:40.079450343Z GetCartAsync called with userId=b7346bb4-8dd0-4f04-a092-01bc982d095c
2026-08-15T13:11:40.944142820Z AddItemAsync called with userId=b7346bb4-8dd0-4f04-a092-01bc982d095c, productId=6E92ZMYYFZ, quantity=10
2026-08-15T13:11:40.952232022Z GetCartAsync called with userId=b7346bb4-8dd0-4f04-a092-01bc982d095c
2026-08-15T13:11:40.978262727Z GetCartAsync called with userId=bfc202a9-206c-45fc-85e1-bb5fc4c56ed0
2026-08-15T13:11:41.371393090Z GetCartAsync called with userId=adb034c7-2a87-4c97-ba43-226f28dee2e6
2026-08-15T13:11:41.558705189Z GetCartAsync called with userId=be3bdda6-898f-4a6c-a1cb-3ded9cc31c28
2026-08-15T13:11:41.842711676Z GetCartAsync called with userId=b7346bb4-8dd0-4f04-a092-01bc982d095c
2026-08-15T13:11:41.854596903Z EmptyCartAsync called with userId=b7346bb4-8dd0-4f04-a092-01bc982d095c
2026-08-15T13:11:42.941988227Z GetCartAsync called with userId=fe551a84-c24b-4719-a509-b9e5fdf64e37
2026-08-15T13:11:43.143596521Z GetCartAsync called with userId=7c83c8f1-08fe-4458-a9a9-0c772a23d674
2026-08-15T13:11:43.265169385Z GetCartAsync called with userId=b6862a64-9aa0-43ed-925f-989df9463214
2026-08-15T13:11:43.267339227Z GetCartAsync called with userId=75fb99d4-1648-4332-8535-ad4aaffa2159
2026-08-15T13:11:43.352275704Z GetCartAsync called with userId=dbc81ea5-5531-4605-9216-4c4255eaf706
2026-08-15T13:11:43.352659347Z GetCartAsync called with userId=1a78ea5e-f3eb-4fc8-b79b-d8ffed14c071
2026-08-15T13:11:43.722916758Z Checking CartService Health
2026-08-15T13:11:43.780088136Z GetCartAsync called with userId=adb034c7-2a87-4c97-ba43-226f28dee2e6
2026-08-15T13:11:44.077800653Z GetCartAsync called with userId=40e41bab-7ac7-4eb1-9d5c-3bd1e797c094
2026-08-15T13:11:44.146255691Z AddItemAsync called with userId=b6862a64-9aa0-43ed-925f-989df9463214, productId=LS4PSXUNUM, quantity=2
2026-08-15T13:11:44.153162162Z GetCartAsync called with userId=b6862a64-9aa0-43ed-925f-989df9463214
2026-08-15T13:11:44.154310490Z AddItemAsync called with userId=dbc81ea5-5531-4605-9216-4c4255eaf706, productId=66VCHSJNUP, quantity=8
2026-08-15T13:11:44.178851528Z GetCartAsync called with userId=dbc81ea5-5531-4605-9216-4c4255eaf706
2026-08-15T13:11:44.264891928Z GetCartAsync called with userId=2a3f6416-cbe5-4f35-a5b3-b222c38dd6b1
2026-08-15T13:11:45.287207191Z GetCartAsync called with userId=b6862a64-9aa0-43ed-925f-989df9463214
2026-08-15T13:11:45.360333950Z EmptyCartAsync called with userId=b6862a64-9aa0-43ed-925f-989df9463214
2026-08-15T13:11:45.451760951Z GetCartAsync called with userId=75fb99d4-1648-4332-8535-ad4aaffa2159
2026-08-15T13:11:45.690272162Z GetCartAsync called with userId=bfc202a9-206c-45fc-85e1-bb5fc4c56ed0
2026-08-15T13:11:45.708577705Z GetCartAsync called with userId=9acecf4b-1a54-469f-a88c-1831fc170649
2026-08-15T13:11:46.053806423Z Checking CartService Health
2026-08-15T13:11:46.485978942Z AddItemAsync called with userId=bfc202a9-206c-45fc-85e1-bb5fc4c56ed0, productId=OLJCESPC7Z, quantity=2
2026-08-15T13:11:46.545048033Z GetCartAsync called with userId=bfc202a9-206c-45fc-85e1-bb5fc4c56ed0
2026-08-15T13:11:47.110303500Z GetCartAsync called with userId=b7346bb4-8dd0-4f04-a092-01bc982d095c
2026-08-15T13:11:47.195826642Z GetCartAsync called with userId=be3bdda6-898f-4a6c-a1cb-3ded9cc31c28
2026-08-15T13:11:47.274031768Z GetCartAsync called with userId=dbc81ea5-5531-4605-9216-4c4255eaf706
2026-08-15T13:11:48.001962472Z GetCartAsync called with userId=7c83c8f1-08fe-4458-a9a9-0c772a23d674
2026-08-15T13:11:48.409979147Z GetCartAsync called with userId=75fb99d4-1648-4332-8535-ad4aaffa2159
2026-08-15T13:11:48.805423031Z GetCartAsync called with userId=503c59e6-3248-41ab-b86d-35a34eadc2c8
2026-08-15T13:11:49.023053400Z GetCartAsync called with userId=2a3f6416-cbe5-4f35-a5b3-b222c38dd6b1
2026-08-15T13:11:49.069147196Z GetCartAsync called with userId=40e41bab-7ac7-4eb1-9d5c-3bd1e797c094
2026-08-15T13:11:49.748348182Z GetCartAsync called with userId=b7346bb4-8dd0-4f04-a092-01bc982d095c
2026-08-15T13:11:50.286067302Z GetCartAsync called with userId=b6862a64-9aa0-43ed-925f-989df9463214
2026-08-15T13:11:50.904637632Z GetCartAsync called with userId=a3e940e3-04a9-4123-b8ae-9b66e1087df3
2026-08-15T13:11:52.039233901Z GetCartAsync called with userId=dbc81ea5-5531-4605-9216-4c4255eaf706
2026-08-15T13:11:52.102918222Z GetCartAsync called with userId=1a78ea5e-f3eb-4fc8-b79b-d8ffed14c071
2026-08-15T13:11:52.247606967Z GetCartAsync called with userId=2a3f6416-cbe5-4f35-a5b3-b222c38dd6b1
2026-08-15T13:11:52.600211037Z GetCartAsync called with userId=fe551a84-c24b-4719-a509-b9e5fdf64e37
2026-08-15T13:11:53.200023241Z GetCartAsync called with userId=b7346bb4-8dd0-4f04-a092-01bc982d095c
2026-08-15T13:11:53.366780198Z GetCartAsync called with userId=b6862a64-9aa0-43ed-925f-989df9463214
2026-08-15T13:11:53.392023587Z AddItemAsync called with userId=fe551a84-c24b-4719-a509-b9e5fdf64e37, productId=6E92ZMYYFZ, quantity=1
2026-08-15T13:11:53.442415356Z GetCartAsync called with userId=fe551a84-c24b-4719-a509-b9e5fdf64e37
2026-08-15T13:11:53.720809292Z Checking CartService Health
2026-08-15T13:11:54.128154209Z GetCartAsync called with userId=75fb99d4-1648-4332-8535-ad4aaffa2159
2026-08-15T13:11:54.277186830Z GetCartAsync called with userId=fe551a84-c24b-4719-a509-b9e5fdf64e37
2026-08-15T13:11:54.309873664Z EmptyCartAsync called with userId=fe551a84-c24b-4719-a509-b9e5fdf64e37
2026-08-15T13:11:54.425107555Z GetCartAsync called with userId=adb034c7-2a87-4c97-ba43-226f28dee2e6
2026-08-15T13:11:54.488632162Z GetCartAsync called with userId=40e41bab-7ac7-4eb1-9d5c-3bd1e797c094
2026-08-15T13:11:55.483425912Z GetCartAsync called with userId=7c83c8f1-08fe-4458-a9a9-0c772a23d674
2026-08-15T13:11:55.577025906Z GetCartAsync called with userId=2a3f6416-cbe5-4f35-a5b3-b222c38dd6b1
2026-08-15T13:11:56.049895442Z Checking CartService Health
2026-08-15T13:11:56.077520161Z GetCartAsync called with userId=dbc81ea5-5531-4605-9216-4c4255eaf706
2026-08-15T13:11:56.600676190Z GetCartAsync called with userId=bfc202a9-206c-45fc-85e1-bb5fc4c56ed0
2026-08-15T13:11:56.812713278Z GetCartAsync called with userId=503c59e6-3248-41ab-b86d-35a34eadc2c8
2026-08-15T13:11:56.905963774Z GetCartAsync called with userId=9acecf4b-1a54-469f-a88c-1831fc170649
2026-08-15T13:11:57.845004632Z AddItemAsync called with userId=9acecf4b-1a54-469f-a88c-1831fc170649, productId=1YMWWN1N4O, quantity=1
2026-08-15T13:11:57.845075138Z GetCartAsync called with userId=adb034c7-2a87-4c97-ba43-226f28dee2e6
2026-08-15T13:11:57.874148875Z GetCartAsync called with userId=9acecf4b-1a54-469f-a88c-1831fc170649
2026-08-15T13:11:58.058821725Z GetCartAsync called with userId=be3bdda6-898f-4a6c-a1cb-3ded9cc31c28
2026-08-15T13:11:58.170814731Z GetCartAsync called with userId=dbc81ea5-5531-4605-9216-4c4255eaf706
2026-08-15T13:11:58.284592480Z GetCartAsync called with userId=a3e940e3-04a9-4123-b8ae-9b66e1087df3
2026-08-15T13:11:58.877179530Z GetCartAsync called with userId=40e41bab-7ac7-4eb1-9d5c-3bd1e797c094
2026-08-15T13:11:58.940699638Z AddItemAsync called with userId=dbc81ea5-5531-4605-9216-4c4255eaf706, productId=0PUK6V6EV0, quantity=4
2026-08-15T13:11:58.945863253Z GetCartAsync called with userId=dbc81ea5-5531-4605-9216-4c4255eaf706
2026-08-15T13:11:59.361667788Z GetCartAsync called with userId=fe551a84-c24b-4719-a509-b9e5fdf64e37
2026-08-15T13:12:00.109549526Z GetCartAsync called with userId=2a3f6416-cbe5-4f35-a5b3-b222c38dd6b1
2026-08-15T13:12:00.140310100Z AddItemAsync called with userId=fe551a84-c24b-4719-a509-b9e5fdf64e37, productId=66VCHSJNUP, quantity=3
2026-08-15T13:12:00.147867107Z GetCartAsync called with userId=fe551a84-c24b-4719-a509-b9e5fdf64e37
2026-08-15T13:12:00.990005925Z GetCartAsync called with userId=fe551a84-c24b-4719-a509-b9e5fdf64e37
2026-08-15T13:12:01.013053678Z EmptyCartAsync called with userId=fe551a84-c24b-4719-a509-b9e5fdf64e37
2026-08-15T13:12:01.073363227Z GetCartAsync called with userId=75fb99d4-1648-4332-8535-ad4aaffa2159
2026-08-15T13:12:01.182128173Z GetCartAsync called with userId=1a78ea5e-f3eb-4fc8-b79b-d8ffed14c071
2026-08-15T13:12:02.077906004Z GetCartAsync called with userId=dbc81ea5-5531-4605-9216-4c4255eaf706
2026-08-15T13:12:02.610777053Z GetCartAsync called with userId=40e41bab-7ac7-4eb1-9d5c-3bd1e797c094
2026-08-15T13:12:02.803531452Z GetCartAsync called with userId=b6862a64-9aa0-43ed-925f-989df9463214
2026-08-15T13:12:03.298158726Z GetCartAsync called with userId=b7346bb4-8dd0-4f04-a092-01bc982d095c
2026-08-15T13:12:03.479244660Z GetCartAsync called with userId=fe551a84-c24b-4719-a509-b9e5fdf64e37
2026-08-15T13:12:03.716477791Z Checking CartService Health
2026-08-15T13:12:03.952022557Z GetCartAsync called with userId=7c83c8f1-08fe-4458-a9a9-0c772a23d674
2026-08-15T13:12:04.577071388Z GetCartAsync called with userId=b6862a64-9aa0-43ed-925f-989df9463214
2026-08-15T13:12:04.706135115Z GetCartAsync called with userId=fe551a84-c24b-4719-a509-b9e5fdf64e37
2026-08-15T13:12:06.048628989Z Checking CartService Health
2026-08-15T13:12:06.756403070Z GetCartAsync called with userId=be3bdda6-898f-4a6c-a1cb-3ded9cc31c28
2026-08-15T13:12:06.803349660Z GetCartAsync called with userId=2a3f6416-cbe5-4f35-a5b3-b222c38dd6b1
2026-08-15T13:12:07.039725351Z GetCartAsync called with userId=75fb99d4-1648-4332-8535-ad4aaffa2159
2026-08-15T13:12:07.092943259Z GetCartAsync called with userId=503c59e6-3248-41ab-b86d-35a34eadc2c8
2026-08-15T13:12:07.134905991Z GetCartAsync called with userId=bfc202a9-206c-45fc-85e1-bb5fc4c56ed0
2026-08-15T13:12:07.220728830Z GetCartAsync called with userId=a3e940e3-04a9-4123-b8ae-9b66e1087df3
2026-08-15T13:12:07.775185138Z AddItemAsync called with userId=2a3f6416-cbe5-4f35-a5b3-b222c38dd6b1, productId=0PUK6V6EV0, quantity=5
2026-08-15T13:12:07.781039742Z GetCartAsync called with userId=2a3f6416-cbe5-4f35-a5b3-b222c38dd6b1
2026-08-15T13:12:07.931104215Z GetCartAsync called with userId=9acecf4b-1a54-469f-a88c-1831fc170649
2026-08-15T13:12:08.189090958Z GetCartAsync called with userId=adb034c7-2a87-4c97-ba43-226f28dee2e6
2026-08-15T13:12:09.053861299Z GetCartAsync called with userId=40e41bab-7ac7-4eb1-9d5c-3bd1e797c094
2026-08-15T13:12:09.874944050Z AddItemAsync called with userId=40e41bab-7ac7-4eb1-9d5c-3bd1e797c094, productId=OLJCESPC7Z, quantity=1
2026-08-15T13:12:09.892600143Z GetCartAsync called with userId=40e41bab-7ac7-4eb1-9d5c-3bd1e797c094
2026-08-15T13:12:10.026640299Z GetCartAsync called with userId=7c83c8f1-08fe-4458-a9a9-0c772a23d674
2026-08-15T13:12:10.136982782Z GetCartAsync called with userId=1a78ea5e-f3eb-4fc8-b79b-d8ffed14c071
2026-08-15T13:12:11.176148649Z GetCartAsync called with userId=bfc202a9-206c-45fc-85e1-bb5fc4c56ed0
2026-08-15T13:12:11.487557716Z GetCartAsync called with userId=b6862a64-9aa0-43ed-925f-989df9463214
2026-08-15T13:12:11.698393274Z GetCartAsync called with userId=2a3f6416-cbe5-4f35-a5b3-b222c38dd6b1
2026-08-15T13:12:12.198480286Z GetCartAsync called with userId=b7346bb4-8dd0-4f04-a092-01bc982d095c
2026-08-15T13:12:12.742013389Z GetCartAsync called with userId=dbc81ea5-5531-4605-9216-4c4255eaf706
2026-08-15T13:12:13.711070823Z GetCartAsync called with userId=fe551a84-c24b-4719-a509-b9e5fdf64e37
2026-08-15T13:12:13.719824889Z Checking CartService Health
2026-08-15T13:12:13.803874926Z GetCartAsync called with userId=be3bdda6-898f-4a6c-a1cb-3ded9cc31c28
2026-08-15T13:12:13.830534874Z GetCartAsync called with userId=adb034c7-2a87-4c97-ba43-226f28dee2e6
2026-08-15T13:12:14.089922268Z GetCartAsync called with userId=2a3f6416-cbe5-4f35-a5b3-b222c38dd6b1
2026-08-15T13:12:15.529722039Z GetCartAsync called with userId=b6862a64-9aa0-43ed-925f-989df9463214
2026-08-15T13:12:15.556133356Z GetCartAsync called with userId=1a78ea5e-f3eb-4fc8-b79b-d8ffed14c071
2026-08-15T13:12:16.050288445Z Checking CartService Health
2026-08-15T13:12:16.181999187Z GetCartAsync called with userId=dbc81ea5-5531-4605-9216-4c4255eaf706
2026-08-15T13:12:16.341309492Z GetCartAsync called with userId=503c59e6-3248-41ab-b86d-35a34eadc2c8
2026-08-15T13:12:17.403722296Z GetCartAsync called with userId=75fb99d4-1648-4332-8535-ad4aaffa2159
2026-08-15T13:12:17.893445746Z GetCartAsync called with userId=9acecf4b-1a54-469f-a88c-1831fc170649
2026-08-15T13:12:17.895336776Z GetCartAsync called with userId=bfc202a9-206c-45fc-85e1-bb5fc4c56ed0
2026-08-15T13:12:18.247023012Z GetCartAsync called with userId=1a78ea5e-f3eb-4fc8-b79b-d8ffed14c071
2026-08-15T13:12:18.268998789Z GetCartAsync called with userId=b7346bb4-8dd0-4f04-a092-01bc982d095c
2026-08-15T13:12:18.464608814Z GetCartAsync called with userId=adb034c7-2a87-4c97-ba43-226f28dee2e6
2026-08-15T13:12:18.745847470Z AddItemAsync called with userId=bfc202a9-206c-45fc-85e1-bb5fc4c56ed0, productId=1YMWWN1N4O, quantity=8
2026-08-15T13:12:18.778813685Z GetCartAsync called with userId=bfc202a9-206c-45fc-85e1-bb5fc4c56ed0
2026-08-15T13:12:18.953878509Z GetCartAsync called with userId=dbc81ea5-5531-4605-9216-4c4255eaf706
2026-08-15T13:12:19.563036529Z GetCartAsync called with userId=7c83c8f1-08fe-4458-a9a9-0c772a23d674
2026-08-15T13:12:20.064442204Z GetCartAsync called with userId=b6862a64-9aa0-43ed-925f-989df9463214
2026-08-15T13:12:20.242241812Z GetCartAsync called with userId=40e41bab-7ac7-4eb1-9d5c-3bd1e797c094
2026-08-15T13:12:20.785408500Z GetCartAsync called with userId=a3e940e3-04a9-4123-b8ae-9b66e1087df3
2026-08-15T13:12:21.541500054Z GetCartAsync called with userId=bfc202a9-206c-45fc-85e1-bb5fc4c56ed0
2026-08-15T13:12:22.092788842Z GetCartAsync called with userId=75fb99d4-1648-4332-8535-ad4aaffa2159
2026-08-15T13:12:22.351792947Z AddItemAsync called with userId=bfc202a9-206c-45fc-85e1-bb5fc4c56ed0, productId=0PUK6V6EV0, quantity=10
2026-08-15T13:12:22.373408075Z GetCartAsync called with userId=bfc202a9-206c-45fc-85e1-bb5fc4c56ed0
2026-08-15T13:12:22.561862433Z GetCartAsync called with userId=be3bdda6-898f-4a6c-a1cb-3ded9cc31c28
2026-08-15T13:12:23.421533087Z GetCartAsync called with userId=a3e940e3-04a9-4123-b8ae-9b66e1087df3
2026-08-15T13:12:23.505663372Z GetCartAsync called with userId=fe551a84-c24b-4719-a509-b9e5fdf64e37
2026-08-15T13:12:23.592619135Z GetCartAsync called with userId=2a3f6416-cbe5-4f35-a5b3-b222c38dd6b1
2026-08-15T13:12:23.716615645Z Checking CartService Health
2026-08-15T13:12:23.749106745Z GetCartAsync called with userId=dbc81ea5-5531-4605-9216-4c4255eaf706
2026-08-15T13:12:23.956815398Z GetCartAsync called with userId=9acecf4b-1a54-469f-a88c-1831fc170649
2026-08-15T13:12:24.290057614Z GetCartAsync called with userId=1a78ea5e-f3eb-4fc8-b79b-d8ffed14c071
2026-08-15T13:12:24.389545411Z AddItemAsync called with userId=fe551a84-c24b-4719-a509-b9e5fdf64e37, productId=OLJCESPC7Z, quantity=6
2026-08-15T13:12:24.480777094Z GetCartAsync called with userId=fe551a84-c24b-4719-a509-b9e5fdf64e37
2026-08-15T13:12:24.598897426Z GetCartAsync called with userId=b7346bb4-8dd0-4f04-a092-01bc982d095c
2026-08-15T13:12:24.813624671Z GetCartAsync called with userId=503c59e6-3248-41ab-b86d-35a34eadc2c8
2026-08-15T13:12:24.968633235Z GetCartAsync called with userId=adb034c7-2a87-4c97-ba43-226f28dee2e6
2026-08-15T13:12:25.615399324Z AddItemAsync called with userId=503c59e6-3248-41ab-b86d-35a34eadc2c8, productId=OLJCESPC7Z, quantity=9
2026-08-15T13:12:25.674373632Z GetCartAsync called with userId=503c59e6-3248-41ab-b86d-35a34eadc2c8
2026-08-15T13:12:26.051773195Z Checking CartService Health
2026-08-15T13:12:26.446721287Z GetCartAsync called with userId=503c59e6-3248-41ab-b86d-35a34eadc2c8
2026-08-15T13:12:26.457572356Z EmptyCartAsync called with userId=503c59e6-3248-41ab-b86d-35a34eadc2c8
2026-08-15T13:12:27.013847334Z GetCartAsync called with userId=1a78ea5e-f3eb-4fc8-b79b-d8ffed14c071
2026-08-15T13:12:28.766397437Z GetCartAsync called with userId=7c83c8f1-08fe-4458-a9a9-0c772a23d674
2026-08-15T13:12:28.913389127Z GetCartAsync called with userId=be3bdda6-898f-4a6c-a1cb-3ded9cc31c28
2026-08-15T13:12:29.095694799Z GetCartAsync called with userId=dbc81ea5-5531-4605-9216-4c4255eaf706
2026-08-15T13:12:29.346258219Z GetCartAsync called with userId=2a3f6416-cbe5-4f35-a5b3-b222c38dd6b1
2026-08-15T13:12:29.814629380Z GetCartAsync called with userId=40e41bab-7ac7-4eb1-9d5c-3bd1e797c094
2026-08-15T13:12:30.414616213Z GetCartAsync called with userId=9acecf4b-1a54-469f-a88c-1831fc170649
2026-08-15T13:12:31.109064077Z GetCartAsync called with userId=bfc202a9-206c-45fc-85e1-bb5fc4c56ed0
2026-08-15T13:12:31.507662507Z GetCartAsync called with userId=75fb99d4-1648-4332-8535-ad4aaffa2159
2026-08-15T13:12:31.520572013Z GetCartAsync called with userId=7c83c8f1-08fe-4458-a9a9-0c772a23d674
2026-08-15T13:12:31.707679916Z GetCartAsync called with userId=b6862a64-9aa0-43ed-925f-989df9463214
2026-08-15T13:12:33.150490273Z GetCartAsync called with userId=fe551a84-c24b-4719-a509-b9e5fdf64e37
2026-08-15T13:12:33.437186471Z GetCartAsync called with userId=a3e940e3-04a9-4123-b8ae-9b66e1087df3
2026-08-15T13:12:33.712896777Z Checking CartService Health
2026-08-15T13:12:33.875647978Z GetCartAsync called with userId=adb034c7-2a87-4c97-ba43-226f28dee2e6
2026-08-15T13:12:34.053430338Z AddItemAsync called with userId=fe551a84-c24b-4719-a509-b9e5fdf64e37, productId=OLJCESPC7Z, quantity=4
2026-08-15T13:12:34.059635099Z GetCartAsync called with userId=fe551a84-c24b-4719-a509-b9e5fdf64e37
2026-08-15T13:12:34.367885144Z GetCartAsync called with userId=40e41bab-7ac7-4eb1-9d5c-3bd1e797c094
2026-08-15T13:12:34.614195694Z GetCartAsync called with userId=7c83c8f1-08fe-4458-a9a9-0c772a23d674
2026-08-15T13:12:34.784839008Z GetCartAsync called with userId=503c59e6-3248-41ab-b86d-35a34eadc2c8
2026-08-15T13:12:34.801573520Z GetCartAsync called with userId=bfc202a9-206c-45fc-85e1-bb5fc4c56ed0
2026-08-15T13:12:34.987566821Z GetCartAsync called with userId=2a3f6416-cbe5-4f35-a5b3-b222c38dd6b1
2026-08-15T13:12:35.175048757Z AddItemAsync called with userId=40e41bab-7ac7-4eb1-9d5c-3bd1e797c094, productId=2ZYFJ3GM2N, quantity=10
2026-08-15T13:12:35.185777226Z GetCartAsync called with userId=40e41bab-7ac7-4eb1-9d5c-3bd1e797c094
2026-08-15T13:12:36.039300772Z Checking CartService Health
2026-08-15T13:12:36.068269439Z GetCartAsync called with userId=b7346bb4-8dd0-4f04-a092-01bc982d095c
2026-08-15T13:12:36.825187130Z GetCartAsync called with userId=a3e940e3-04a9-4123-b8ae-9b66e1087df3
2026-08-15T13:12:36.841800986Z AddItemAsync called with userId=b7346bb4-8dd0-4f04-a092-01bc982d095c, productId=2ZYFJ3GM2N, quantity=10
2026-08-15T13:12:36.848969668Z GetCartAsync called with userId=b7346bb4-8dd0-4f04-a092-01bc982d095c
2026-08-15T13:12:36.932960824Z GetCartAsync called with userId=9acecf4b-1a54-469f-a88c-1831fc170649
2026-08-15T13:12:37.357035142Z GetCartAsync called with userId=1a78ea5e-f3eb-4fc8-b79b-d8ffed14c071
2026-08-15T13:12:37.365457392Z GetCartAsync called with userId=dbc81ea5-5531-4605-9216-4c4255eaf706
2026-08-15T13:12:38.163239776Z AddItemAsync called with userId=dbc81ea5-5531-4605-9216-4c4255eaf706, productId=OLJCESPC7Z, quantity=3
2026-08-15T13:12:38.168088901Z GetCartAsync called with userId=dbc81ea5-5531-4605-9216-4c4255eaf706
2026-08-15T13:12:38.324435175Z GetCartAsync called with userId=adb034c7-2a87-4c97-ba43-226f28dee2e6
2026-08-15T13:12:38.935515452Z GetCartAsync called with userId=dbc81ea5-5531-4605-9216-4c4255eaf706
2026-08-15T13:12:38.945873286Z EmptyCartAsync called with userId=dbc81ea5-5531-4605-9216-4c4255eaf706
2026-08-15T13:12:39.065435246Z GetCartAsync called with userId=7c83c8f1-08fe-4458-a9a9-0c772a23d674
2026-08-15T13:12:39.088357703Z AddItemAsync called with userId=adb034c7-2a87-4c97-ba43-226f28dee2e6, productId=66VCHSJNUP, quantity=2
2026-08-15T13:12:39.091784710Z GetCartAsync called with userId=adb034c7-2a87-4c97-ba43-226f28dee2e6
2026-08-15T13:12:39.332259143Z GetCartAsync called with userId=503c59e6-3248-41ab-b86d-35a34eadc2c8
2026-08-15T13:12:39.474323535Z GetCartAsync called with userId=75fb99d4-1648-4332-8535-ad4aaffa2159
2026-08-15T13:12:40.043450387Z GetCartAsync called with userId=40e41bab-7ac7-4eb1-9d5c-3bd1e797c094
2026-08-15T13:12:40.066779263Z GetCartAsync called with userId=adb034c7-2a87-4c97-ba43-226f28dee2e6
2026-08-15T13:12:40.096840596Z EmptyCartAsync called with userId=adb034c7-2a87-4c97-ba43-226f28dee2e6
2026-08-15T13:12:40.243525406Z GetCartAsync called with userId=b6862a64-9aa0-43ed-925f-989df9463214
2026-08-15T13:12:40.642237202Z GetCartAsync called with userId=b7346bb4-8dd0-4f04-a092-01bc982d095c
2026-08-15T13:12:40.839317428Z AddItemAsync called with userId=40e41bab-7ac7-4eb1-9d5c-3bd1e797c094, productId=0PUK6V6EV0, quantity=7
2026-08-15T13:12:40.846090089Z GetCartAsync called with userId=40e41bab-7ac7-4eb1-9d5c-3bd1e797c094
2026-08-15T13:12:42.839349443Z GetCartAsync called with userId=be3bdda6-898f-4a6c-a1cb-3ded9cc31c28
2026-08-15T13:12:43.437824927Z GetCartAsync called with userId=fe551a84-c24b-4719-a509-b9e5fdf64e37
2026-08-15T13:12:43.707968569Z Checking CartService Health
2026-08-15T13:12:44.867182873Z GetCartAsync called with userId=bfc202a9-206c-45fc-85e1-bb5fc4c56ed0
2026-08-15T13:12:44.937895667Z GetCartAsync called with userId=40e41bab-7ac7-4eb1-9d5c-3bd1e797c094
2026-08-15T13:12:44.967748154Z GetCartAsync called with userId=2a3f6416-cbe5-4f35-a5b3-b222c38dd6b1
2026-08-15T13:12:45.551385668Z GetCartAsync called with userId=1a78ea5e-f3eb-4fc8-b79b-d8ffed14c071
2026-08-15T13:12:45.568935598Z GetCartAsync called with userId=75fb99d4-1648-4332-8535-ad4aaffa2159
2026-08-15T13:12:46.040495040Z Checking CartService Health
2026-08-15T13:12:46.145218226Z GetCartAsync called with userId=fe551a84-c24b-4719-a509-b9e5fdf64e37
2026-08-15T13:12:46.465381811Z GetCartAsync called with userId=7c83c8f1-08fe-4458-a9a9-0c772a23d674
2026-08-15T13:12:46.640034727Z GetCartAsync called with userId=9acecf4b-1a54-469f-a88c-1831fc170649
2026-08-15T13:12:46.731093596Z GetCartAsync called with userId=a3e940e3-04a9-4123-b8ae-9b66e1087df3
2026-08-15T13:12:47.112768866Z GetCartAsync called with userId=2a3f6416-cbe5-4f35-a5b3-b222c38dd6b1
2026-08-15T13:12:48.121643669Z GetCartAsync called with userId=fe551a84-c24b-4719-a509-b9e5fdf64e37
2026-08-15T13:12:48.173051540Z GetCartAsync called with userId=dbc81ea5-5531-4605-9216-4c4255eaf706
2026-08-15T13:12:48.529999954Z GetCartAsync called with userId=503c59e6-3248-41ab-b86d-35a34eadc2c8
2026-08-15T13:12:48.769071238Z GetCartAsync called with userId=bfc202a9-206c-45fc-85e1-bb5fc4c56ed0
2026-08-15T13:12:49.205244923Z GetCartAsync called with userId=9acecf4b-1a54-469f-a88c-1831fc170649
2026-08-15T13:12:49.261454416Z GetCartAsync called with userId=1a78ea5e-f3eb-4fc8-b79b-d8ffed14c071
2026-08-15T13:12:49.371741883Z AddItemAsync called with userId=503c59e6-3248-41ab-b86d-35a34eadc2c8, productId=6E92ZMYYFZ, quantity=1
2026-08-15T13:12:49.388039890Z GetCartAsync called with userId=503c59e6-3248-41ab-b86d-35a34eadc2c8
2026-08-15T13:12:49.586091312Z GetCartAsync called with userId=adb034c7-2a87-4c97-ba43-226f28dee2e6
2026-08-15T13:12:49.852424807Z GetCartAsync called with userId=b7346bb4-8dd0-4f04-a092-01bc982d095c
2026-08-15T13:12:50.072664027Z GetCartAsync called with userId=a3e940e3-04a9-4123-b8ae-9b66e1087df3
2026-08-15T13:12:50.680330961Z GetCartAsync called with userId=b6862a64-9aa0-43ed-925f-989df9463214
2026-08-15T13:12:51.564339232Z AddItemAsync called with userId=b6862a64-9aa0-43ed-925f-989df9463214, productId=66VCHSJNUP, quantity=2
2026-08-15T13:12:51.578185550Z GetCartAsync called with userId=b6862a64-9aa0-43ed-925f-989df9463214
2026-08-15T13:12:51.599513927Z GetCartAsync called with userId=75fb99d4-1648-4332-8535-ad4aaffa2159
2026-08-15T13:12:51.792373792Z GetCartAsync called with userId=be3bdda6-898f-4a6c-a1cb-3ded9cc31c28
2026-08-15T13:12:52.466955638Z GetCartAsync called with userId=40e41bab-7ac7-4eb1-9d5c-3bd1e797c094
2026-08-15T13:12:52.531884943Z AddItemAsync called with userId=75fb99d4-1648-4332-8535-ad4aaffa2159, productId=2ZYFJ3GM2N, quantity=7
2026-08-15T13:12:52.536365358Z GetCartAsync called with userId=75fb99d4-1648-4332-8535-ad4aaffa2159
2026-08-15T13:12:53.463154759Z GetCartAsync called with userId=dbc81ea5-5531-4605-9216-4c4255eaf706
2026-08-15T13:12:53.708815822Z Checking CartService Health
2026-08-15T13:12:53.744680543Z GetCartAsync called with userId=adb034c7-2a87-4c97-ba43-226f28dee2e6
2026-08-15T13:12:54.250755653Z AddItemAsync called with userId=dbc81ea5-5531-4605-9216-4c4255eaf706, productId=9SIQT8TOJO, quantity=6
2026-08-15T13:12:54.277024029Z GetCartAsync called with userId=dbc81ea5-5531-4605-9216-4c4255eaf706
2026-08-15T13:12:54.506097277Z GetCartAsync called with userId=b7346bb4-8dd0-4f04-a092-01bc982d095c
2026-08-15T13:12:55.384501681Z GetCartAsync called with userId=fe551a84-c24b-4719-a509-b9e5fdf64e37
2026-08-15T13:12:55.384571994Z GetCartAsync called with userId=7c83c8f1-08fe-4458-a9a9-0c772a23d674
2026-08-15T13:12:56.040972935Z Checking CartService Health
2026-08-15T13:12:56.473794927Z AddItemAsync called with userId=7c83c8f1-08fe-4458-a9a9-0c772a23d674, productId=LS4PSXUNUM, quantity=9
2026-08-15T13:12:56.538874359Z GetCartAsync called with userId=7c83c8f1-08fe-4458-a9a9-0c772a23d674
2026-08-15T13:12:57.303393464Z GetCartAsync called with userId=7c83c8f1-08fe-4458-a9a9-0c772a23d674
2026-08-15T13:12:57.309332044Z EmptyCartAsync called with userId=7c83c8f1-08fe-4458-a9a9-0c772a23d674
2026-08-15T13:12:57.402991072Z GetCartAsync called with userId=2a3f6416-cbe5-4f35-a5b3-b222c38dd6b1
2026-08-15T13:12:57.801339596Z GetCartAsync called with userId=503c59e6-3248-41ab-b86d-35a34eadc2c8
2026-08-15T13:12:57.901320374Z GetCartAsync called with userId=b6862a64-9aa0-43ed-925f-989df9463214
2026-08-15T13:12:58.047790104Z GetCartAsync called with userId=9acecf4b-1a54-469f-a88c-1831fc170649
2026-08-15T13:12:58.519449657Z GetCartAsync called with userId=1a78ea5e-f3eb-4fc8-b79b-d8ffed14c071
2026-08-15T13:12:58.662956948Z GetCartAsync called with userId=a3e940e3-04a9-4123-b8ae-9b66e1087df3
2026-08-15T13:12:58.665606930Z AddItemAsync called with userId=503c59e6-3248-41ab-b86d-35a34eadc2c8, productId=66VCHSJNUP, quantity=1
2026-08-15T13:12:58.684478261Z GetCartAsync called with userId=503c59e6-3248-41ab-b86d-35a34eadc2c8
2026-08-15T13:12:59.065963619Z GetCartAsync called with userId=adb034c7-2a87-4c97-ba43-226f28dee2e6
2026-08-15T13:12:59.430120027Z GetCartAsync called with userId=bfc202a9-206c-45fc-85e1-bb5fc4c56ed0
2026-08-15T13:12:59.933529001Z GetCartAsync called with userId=fe551a84-c24b-4719-a509-b9e5fdf64e37
2026-08-15T13:13:00.123308888Z GetCartAsync called with userId=be3bdda6-898f-4a6c-a1cb-3ded9cc31c28
2026-08-15T13:13:00.223263749Z GetCartAsync called with userId=75fb99d4-1648-4332-8535-ad4aaffa2159
2026-08-15T13:13:01.245398270Z GetCartAsync called with userId=b7346bb4-8dd0-4f04-a092-01bc982d095c
2026-08-15T13:13:01.296324616Z GetCartAsync called with userId=adb034c7-2a87-4c97-ba43-226f28dee2e6
2026-08-15T13:13:01.812446790Z GetCartAsync called with userId=7c83c8f1-08fe-4458-a9a9-0c772a23d674
2026-08-15T13:13:02.401431047Z GetCartAsync called with userId=b6862a64-9aa0-43ed-925f-989df9463214
2026-08-15T13:13:02.727713618Z GetCartAsync called with userId=2a3f6416-cbe5-4f35-a5b3-b222c38dd6b1
2026-08-15T13:13:03.060886916Z GetCartAsync called with userId=dbc81ea5-5531-4605-9216-4c4255eaf706
2026-08-15T13:13:03.079943447Z GetCartAsync called with userId=40e41bab-7ac7-4eb1-9d5c-3bd1e797c094
2026-08-15T13:13:03.699985791Z Checking CartService Health
2026-08-15T13:13:03.960322115Z AddItemAsync called with userId=dbc81ea5-5531-4605-9216-4c4255eaf706, productId=LS4PSXUNUM, quantity=6
2026-08-15T13:13:04.027749977Z GetCartAsync called with userId=dbc81ea5-5531-4605-9216-4c4255eaf706
2026-08-15T13:13:04.682725193Z GetCartAsync called with userId=b6862a64-9aa0-43ed-925f-989df9463214
2026-08-15T13:13:05.629582557Z GetCartAsync called with userId=75fb99d4-1648-4332-8535-ad4aaffa2159
2026-08-15T13:13:06.036383551Z Checking CartService Health
2026-08-15T13:13:06.641777598Z GetCartAsync called with userId=adb034c7-2a87-4c97-ba43-226f28dee2e6
2026-08-15T13:13:07.519382990Z GetCartAsync called with userId=503c59e6-3248-41ab-b86d-35a34eadc2c8
2026-08-15T13:13:08.103675097Z GetCartAsync called with userId=9acecf4b-1a54-469f-a88c-1831fc170649
2026-08-15T13:13:08.450185132Z GetCartAsync called with userId=b7346bb4-8dd0-4f04-a092-01bc982d095c
2026-08-15T13:13:08.585113578Z GetCartAsync called with userId=fe551a84-c24b-4719-a509-b9e5fdf64e37
2026-08-15T13:13:08.742955286Z GetCartAsync called with userId=a3e940e3-04a9-4123-b8ae-9b66e1087df3
2026-08-15T13:13:09.212646865Z AddItemAsync called with userId=b7346bb4-8dd0-4f04-a092-01bc982d095c, productId=OLJCESPC7Z, quantity=3
2026-08-15T13:13:09.215678014Z GetCartAsync called with userId=b7346bb4-8dd0-4f04-a092-01bc982d095c
2026-08-15T13:13:09.888565309Z GetCartAsync called with userId=bfc202a9-206c-45fc-85e1-bb5fc4c56ed0
2026-08-15T13:13:10.277321885Z GetCartAsync called with userId=9acecf4b-1a54-469f-a88c-1831fc170649
2026-08-15T13:13:10.708148259Z GetCartAsync called with userId=2a3f6416-cbe5-4f35-a5b3-b222c38dd6b1
2026-08-15T13:13:10.899597673Z GetCartAsync called with userId=7c83c8f1-08fe-4458-a9a9-0c772a23d674
2026-08-15T13:13:10.963857954Z GetCartAsync called with userId=40e41bab-7ac7-4eb1-9d5c-3bd1e797c094
2026-08-15T13:13:11.013630255Z GetCartAsync called with userId=503c59e6-3248-41ab-b86d-35a34eadc2c8
2026-08-15T13:13:11.319474640Z GetCartAsync called with userId=be3bdda6-898f-4a6c-a1cb-3ded9cc31c28
2026-08-15T13:13:11.361690573Z GetCartAsync called with userId=1a78ea5e-f3eb-4fc8-b79b-d8ffed14c071
2026-08-15T13:13:11.788935861Z AddItemAsync called with userId=503c59e6-3248-41ab-b86d-35a34eadc2c8, productId=9SIQT8TOJO, quantity=2
2026-08-15T13:13:11.796495030Z GetCartAsync called with userId=503c59e6-3248-41ab-b86d-35a34eadc2c8
2026-08-15T13:13:12.099657652Z GetCartAsync called with userId=dbc81ea5-5531-4605-9216-4c4255eaf706
2026-08-15T13:13:12.675464255Z GetCartAsync called with userId=503c59e6-3248-41ab-b86d-35a34eadc2c8
2026-08-15T13:13:12.690690018Z EmptyCartAsync called with userId=503c59e6-3248-41ab-b86d-35a34eadc2c8
2026-08-15T13:13:13.438464221Z GetCartAsync called with userId=75fb99d4-1648-4332-8535-ad4aaffa2159
2026-08-15T13:13:13.703810898Z Checking CartService Health
2026-08-15T13:13:14.380651671Z GetCartAsync called with userId=b6862a64-9aa0-43ed-925f-989df9463214
2026-08-15T13:13:14.449362252Z GetCartAsync called with userId=adb034c7-2a87-4c97-ba43-226f28dee2e6
2026-08-15T13:13:15.459448681Z AddItemAsync called with userId=b6862a64-9aa0-43ed-925f-989df9463214, productId=6E92ZMYYFZ, quantity=4
2026-08-15T13:13:15.532956248Z GetCartAsync called with userId=b6862a64-9aa0-43ed-925f-989df9463214
2026-08-15T13:13:15.983324530Z GetCartAsync called with userId=b7346bb4-8dd0-4f04-a092-01bc982d095c
2026-08-15T13:13:16.037436720Z Checking CartService Health
2026-08-15T13:13:16.166104437Z GetCartAsync called with userId=75fb99d4-1648-4332-8535-ad4aaffa2159
2026-08-15T13:13:16.384850546Z GetCartAsync called with userId=b6862a64-9aa0-43ed-925f-989df9463214
2026-08-15T13:13:16.439699959Z EmptyCartAsync called with userId=b6862a64-9aa0-43ed-925f-989df9463214
2026-08-15T13:13:16.515099436Z GetCartAsync called with userId=dbc81ea5-5531-4605-9216-4c4255eaf706
2026-08-15T13:13:16.553088088Z GetCartAsync called with userId=bfc202a9-206c-45fc-85e1-bb5fc4c56ed0
2026-08-15T13:13:17.030954286Z GetCartAsync called with userId=7c83c8f1-08fe-4458-a9a9-0c772a23d674
2026-08-15T13:13:17.362202182Z GetCartAsync called with userId=adb034c7-2a87-4c97-ba43-226f28dee2e6
2026-08-15T13:13:18.163894951Z GetCartAsync called with userId=a3e940e3-04a9-4123-b8ae-9b66e1087df3
2026-08-15T13:13:18.407939594Z GetCartAsync called with userId=b6862a64-9aa0-43ed-925f-989df9463214
2026-08-15T13:13:18.527466515Z GetCartAsync called with userId=b7346bb4-8dd0-4f04-a092-01bc982d095c
2026-08-15T13:13:18.890733960Z GetCartAsync called with userId=be3bdda6-898f-4a6c-a1cb-3ded9cc31c28
2026-08-15T13:13:19.409832220Z GetCartAsync called with userId=9acecf4b-1a54-469f-a88c-1831fc170649
2026-08-15T13:13:19.425668076Z GetCartAsync called with userId=2a3f6416-cbe5-4f35-a5b3-b222c38dd6b1
2026-08-15T13:13:19.796690890Z GetCartAsync called with userId=503c59e6-3248-41ab-b86d-35a34eadc2c8
2026-08-15T13:13:19.958167045Z GetCartAsync called with userId=7c83c8f1-08fe-4458-a9a9-0c772a23d674
2026-08-15T13:13:20.591049678Z AddItemAsync called with userId=503c59e6-3248-41ab-b86d-35a34eadc2c8, productId=0PUK6V6EV0, quantity=1
2026-08-15T13:13:20.591791923Z GetCartAsync called with userId=bfc202a9-206c-45fc-85e1-bb5fc4c56ed0
2026-08-15T13:13:20.603154010Z GetCartAsync called with userId=503c59e6-3248-41ab-b86d-35a34eadc2c8
2026-08-15T13:13:21.085222832Z GetCartAsync called with userId=40e41bab-7ac7-4eb1-9d5c-3bd1e797c094
2026-08-15T13:13:21.197162494Z GetCartAsync called with userId=be3bdda6-898f-4a6c-a1cb-3ded9cc31c28
2026-08-15T13:13:21.548262005Z GetCartAsync called with userId=1a78ea5e-f3eb-4fc8-b79b-d8ffed14c071
2026-08-15T13:13:21.689680148Z GetCartAsync called with userId=b7346bb4-8dd0-4f04-a092-01bc982d095c
2026-08-15T13:13:21.871025303Z AddItemAsync called with userId=40e41bab-7ac7-4eb1-9d5c-3bd1e797c094, productId=9SIQT8TOJO, quantity=9
2026-08-15T13:13:21.934416133Z GetCartAsync called with userId=40e41bab-7ac7-4eb1-9d5c-3bd1e797c094
2026-08-15T13:13:22.042667472Z AddItemAsync called with userId=be3bdda6-898f-4a6c-a1cb-3ded9cc31c28, productId=0PUK6V6EV0, quantity=9
2026-08-15T13:13:22.064249376Z GetCartAsync called with userId=be3bdda6-898f-4a6c-a1cb-3ded9cc31c28
2026-08-15T13:13:22.424427535Z GetCartAsync called with userId=a3e940e3-04a9-4123-b8ae-9b66e1087df3
2026-08-15T13:13:22.435027575Z GetCartAsync called with userId=fe551a84-c24b-4719-a509-b9e5fdf64e37
2026-08-15T13:13:22.610062449Z GetCartAsync called with userId=dbc81ea5-5531-4605-9216-4c4255eaf706
2026-08-15T13:13:23.287418769Z GetCartAsync called with userId=bfc202a9-206c-45fc-85e1-bb5fc4c56ed0
2026-08-15T13:13:23.702958562Z Checking CartService Health
2026-08-15T13:13:24.024350423Z GetCartAsync called with userId=adb034c7-2a87-4c97-ba43-226f28dee2e6
2026-08-15T13:13:24.252327265Z GetCartAsync called with userId=9acecf4b-1a54-469f-a88c-1831fc170649
2026-08-15T13:13:24.581817147Z GetCartAsync called with userId=dbc81ea5-5531-4605-9216-4c4255eaf706
2026-08-15T13:13:24.633736501Z GetCartAsync called with userId=75fb99d4-1648-4332-8535-ad4aaffa2159
2026-08-15T13:13:24.810110334Z AddItemAsync called with userId=adb034c7-2a87-4c97-ba43-226f28dee2e6, productId=OLJCESPC7Z, quantity=7
2026-08-15T13:13:24.820243890Z GetCartAsync called with userId=adb034c7-2a87-4c97-ba43-226f28dee2e6
2026-08-15T13:13:25.015869669Z GetCartAsync called with userId=be3bdda6-898f-4a6c-a1cb-3ded9cc31c28
2026-08-15T13:13:25.016928255Z GetCartAsync called with userId=a3e940e3-04a9-4123-b8ae-9b66e1087df3
2026-08-15T13:13:25.365424769Z GetCartAsync called with userId=2a3f6416-cbe5-4f35-a5b3-b222c38dd6b1
2026-08-15T13:13:25.801877094Z GetCartAsync called with userId=bfc202a9-206c-45fc-85e1-bb5fc4c56ed0
2026-08-15T13:13:26.041384834Z Checking CartService Health
2026-08-15T13:13:26.687317403Z GetCartAsync called with userId=b6862a64-9aa0-43ed-925f-989df9463214
2026-08-15T13:13:27.684957420Z GetCartAsync called with userId=40e41bab-7ac7-4eb1-9d5c-3bd1e797c094
2026-08-15T13:13:27.822340940Z GetCartAsync called with userId=75fb99d4-1648-4332-8535-ad4aaffa2159
2026-08-15T13:13:28.180810436Z GetCartAsync called with userId=503c59e6-3248-41ab-b86d-35a34eadc2c8
2026-08-15T13:13:28.626662579Z GetCartAsync called with userId=1a78ea5e-f3eb-4fc8-b79b-d8ffed14c071
2026-08-15T13:13:28.727652378Z GetCartAsync called with userId=adb034c7-2a87-4c97-ba43-226f28dee2e6
2026-08-15T13:13:29.425000056Z GetCartAsync called with userId=b6862a64-9aa0-43ed-925f-989df9463214
2026-08-15T13:13:29.998970826Z GetCartAsync called with userId=fe551a84-c24b-4719-a509-b9e5fdf64e37
2026-08-15T13:13:30.036889761Z GetCartAsync called with userId=40e41bab-7ac7-4eb1-9d5c-3bd1e797c094
2026-08-15T13:13:30.502947731Z GetCartAsync called with userId=9acecf4b-1a54-469f-a88c-1831fc170649
2026-08-15T13:13:30.707783790Z GetCartAsync called with userId=b7346bb4-8dd0-4f04-a092-01bc982d095c
2026-08-15T13:13:30.780382825Z AddItemAsync called with userId=fe551a84-c24b-4719-a509-b9e5fdf64e37, productId=66VCHSJNUP, quantity=5
2026-08-15T13:13:30.788706389Z GetCartAsync called with userId=fe551a84-c24b-4719-a509-b9e5fdf64e37
2026-08-15T13:13:31.376885133Z GetCartAsync called with userId=b6862a64-9aa0-43ed-925f-989df9463214
2026-08-15T13:13:31.757645245Z GetCartAsync called with userId=503c59e6-3248-41ab-b86d-35a34eadc2c8
2026-08-15T13:13:31.821729330Z GetCartAsync called with userId=dbc81ea5-5531-4605-9216-4c4255eaf706
2026-08-15T13:13:32.440191699Z GetCartAsync called with userId=bfc202a9-206c-45fc-85e1-bb5fc4c56ed0
2026-08-15T13:13:32.572857109Z GetCartAsync called with userId=7c83c8f1-08fe-4458-a9a9-0c772a23d674
2026-08-15T13:13:33.060197653Z GetCartAsync called with userId=a3e940e3-04a9-4123-b8ae-9b66e1087df3
2026-08-15T13:13:33.334264220Z AddItemAsync called with userId=7c83c8f1-08fe-4458-a9a9-0c772a23d674, productId=0PUK6V6EV0, quantity=7
2026-08-15T13:13:33.337251878Z GetCartAsync called with userId=7c83c8f1-08fe-4458-a9a9-0c772a23d674
2026-08-15T13:13:33.701715887Z Checking CartService Health
2026-08-15T13:13:34.024119251Z GetCartAsync called with userId=1a78ea5e-f3eb-4fc8-b79b-d8ffed14c071
2026-08-15T13:13:34.024202761Z GetCartAsync called with userId=b7346bb4-8dd0-4f04-a092-01bc982d095c
2026-08-15T13:13:34.071658252Z GetCartAsync called with userId=dbc81ea5-5531-4605-9216-4c4255eaf706
2026-08-15T13:13:35.074545523Z GetCartAsync called with userId=adb034c7-2a87-4c97-ba43-226f28dee2e6
2026-08-15T13:13:35.408323251Z GetCartAsync called with userId=40e41bab-7ac7-4eb1-9d5c-3bd1e797c094
2026-08-15T13:13:35.482375632Z GetCartAsync called with userId=2a3f6416-cbe5-4f35-a5b3-b222c38dd6b1
2026-08-15T13:13:35.557223808Z GetCartAsync called with userId=be3bdda6-898f-4a6c-a1cb-3ded9cc31c28
2026-08-15T13:13:36.034986503Z Checking CartService Health
2026-08-15T13:13:36.853842904Z GetCartAsync called with userId=9acecf4b-1a54-469f-a88c-1831fc170649
2026-08-15T13:13:37.102491324Z GetCartAsync called with userId=bfc202a9-206c-45fc-85e1-bb5fc4c56ed0
2026-08-15T13:13:37.335651285Z GetCartAsync called with userId=a3e940e3-04a9-4123-b8ae-9b66e1087df3
2026-08-15T13:13:37.977013600Z GetCartAsync called with userId=75fb99d4-1648-4332-8535-ad4aaffa2159
2026-08-15T13:13:38.832308871Z GetCartAsync called with userId=fe551a84-c24b-4719-a509-b9e5fdf64e37
2026-08-15T13:13:38.971025807Z GetCartAsync called with userId=b6862a64-9aa0-43ed-925f-989df9463214
2026-08-15T13:13:39.172910418Z GetCartAsync called with userId=b7346bb4-8dd0-4f04-a092-01bc982d095c
2026-08-15T13:13:39.608421846Z AddItemAsync called with userId=fe551a84-c24b-4719-a509-b9e5fdf64e37, productId=OLJCESPC7Z, quantity=8
2026-08-15T13:13:39.618000395Z GetCartAsync called with userId=fe551a84-c24b-4719-a509-b9e5fdf64e37
2026-08-15T13:13:39.762113909Z GetCartAsync called with userId=dbc81ea5-5531-4605-9216-4c4255eaf706
2026-08-15T13:13:39.950363866Z AddItemAsync called with userId=b7346bb4-8dd0-4f04-a092-01bc982d095c, productId=66VCHSJNUP, quantity=9
2026-08-15T13:13:39.963442817Z GetCartAsync called with userId=b7346bb4-8dd0-4f04-a092-01bc982d095c
2026-08-15T13:13:40.144828245Z GetCartAsync called with userId=9acecf4b-1a54-469f-a88c-1831fc170649
2026-08-15T13:13:40.324920660Z GetCartAsync called with userId=503c59e6-3248-41ab-b86d-35a34eadc2c8
2026-08-15T13:13:40.543618923Z GetCartAsync called with userId=bfc202a9-206c-45fc-85e1-bb5fc4c56ed0
2026-08-15T13:13:41.028949933Z GetCartAsync called with userId=1a78ea5e-f3eb-4fc8-b79b-d8ffed14c071
2026-08-15T13:13:41.567395077Z GetCartAsync called with userId=75fb99d4-1648-4332-8535-ad4aaffa2159
2026-08-15T13:13:41.873815766Z GetCartAsync called with userId=be3bdda6-898f-4a6c-a1cb-3ded9cc31c28
2026-08-15T13:13:43.534225911Z GetCartAsync called with userId=b6862a64-9aa0-43ed-925f-989df9463214
2026-08-15T13:13:43.700875915Z Checking CartService Health
2026-08-15T13:13:43.732302383Z GetCartAsync called with userId=adb034c7-2a87-4c97-ba43-226f28dee2e6
2026-08-15T13:13:43.751418227Z GetCartAsync called with userId=40e41bab-7ac7-4eb1-9d5c-3bd1e797c094
2026-08-15T13:13:43.962592653Z GetCartAsync called with userId=9acecf4b-1a54-469f-a88c-1831fc170649
2026-08-15T13:13:44.024231989Z GetCartAsync called with userId=7c83c8f1-08fe-4458-a9a9-0c772a23d674
2026-08-15T13:13:44.818658228Z AddItemAsync called with userId=9acecf4b-1a54-469f-a88c-1831fc170649, productId=9SIQT8TOJO, quantity=4
2026-08-15T13:13:44.832465199Z GetCartAsync called with userId=2a3f6416-cbe5-4f35-a5b3-b222c38dd6b1
2026-08-15T13:13:44.858523984Z GetCartAsync called with userId=9acecf4b-1a54-469f-a88c-1831fc170649
2026-08-15T13:13:45.364507390Z GetCartAsync called with userId=a3e940e3-04a9-4123-b8ae-9b66e1087df3
2026-08-15T13:13:46.034628587Z Checking CartService Health
2026-08-15T13:13:46.171646219Z AddItemAsync called with userId=a3e940e3-04a9-4123-b8ae-9b66e1087df3, productId=LS4PSXUNUM, quantity=5
2026-08-15T13:13:46.186430350Z GetCartAsync called with userId=a3e940e3-04a9-4123-b8ae-9b66e1087df3
2026-08-15T13:13:46.369072685Z GetCartAsync called with userId=dbc81ea5-5531-4605-9216-4c4255eaf706
2026-08-15T13:13:46.622433248Z GetCartAsync called with userId=503c59e6-3248-41ab-b86d-35a34eadc2c8
2026-08-15T13:13:46.996978540Z GetCartAsync called with userId=b7346bb4-8dd0-4f04-a092-01bc982d095c
2026-08-15T13:13:47.061986330Z GetCartAsync called with userId=40e41bab-7ac7-4eb1-9d5c-3bd1e797c094
2026-08-15T13:13:47.080482472Z GetCartAsync called with userId=a3e940e3-04a9-4123-b8ae-9b66e1087df3
2026-08-15T13:13:47.089803705Z EmptyCartAsync called with userId=a3e940e3-04a9-4123-b8ae-9b66e1087df3
2026-08-15T13:13:48.055890388Z GetCartAsync called with userId=b6862a64-9aa0-43ed-925f-989df9463214
2026-08-15T13:13:48.493229741Z GetCartAsync called with userId=fe551a84-c24b-4719-a509-b9e5fdf64e37
2026-08-15T13:13:48.863601908Z GetCartAsync called with userId=1a78ea5e-f3eb-4fc8-b79b-d8ffed14c071
2026-08-15T13:13:49.272640986Z GetCartAsync called with userId=2a3f6416-cbe5-4f35-a5b3-b222c38dd6b1
2026-08-15T13:13:49.325609002Z GetCartAsync called with userId=9acecf4b-1a54-469f-a88c-1831fc170649
2026-08-15T13:13:49.620839708Z GetCartAsync called with userId=75fb99d4-1648-4332-8535-ad4aaffa2159
2026-08-15T13:13:49.726741237Z GetCartAsync called with userId=adb034c7-2a87-4c97-ba43-226f28dee2e6
2026-08-15T13:13:50.937309797Z GetCartAsync called with userId=bfc202a9-206c-45fc-85e1-bb5fc4c56ed0
2026-08-15T13:13:51.798015836Z GetCartAsync called with userId=1a78ea5e-f3eb-4fc8-b79b-d8ffed14c071
2026-08-15T13:13:51.865587594Z GetCartAsync called with userId=b7346bb4-8dd0-4f04-a092-01bc982d095c
2026-08-15T13:13:51.977267411Z GetCartAsync called with userId=dbc81ea5-5531-4605-9216-4c4255eaf706
2026-08-15T13:13:52.037037439Z GetCartAsync called with userId=be3bdda6-898f-4a6c-a1cb-3ded9cc31c28
2026-08-15T13:13:52.610589535Z AddItemAsync called with userId=1a78ea5e-f3eb-4fc8-b79b-d8ffed14c071, productId=66VCHSJNUP, quantity=9
2026-08-15T13:13:52.616778673Z GetCartAsync called with userId=1a78ea5e-f3eb-4fc8-b79b-d8ffed14c071
2026-08-15T13:13:52.858491397Z AddItemAsync called with userId=dbc81ea5-5531-4605-9216-4c4255eaf706, productId=LS4PSXUNUM, quantity=3
2026-08-15T13:13:52.873756017Z GetCartAsync called with userId=dbc81ea5-5531-4605-9216-4c4255eaf706
2026-08-15T13:13:52.959857185Z AddItemAsync called with userId=be3bdda6-898f-4a6c-a1cb-3ded9cc31c28, productId=6E92ZMYYFZ, quantity=1
2026-08-15T13:13:52.979398815Z GetCartAsync called with userId=be3bdda6-898f-4a6c-a1cb-3ded9cc31c28
2026-08-15T13:13:53.453880397Z GetCartAsync called with userId=503c59e6-3248-41ab-b86d-35a34eadc2c8
2026-08-15T13:13:53.467427412Z GetCartAsync called with userId=1a78ea5e-f3eb-4fc8-b79b-d8ffed14c071
2026-08-15T13:13:53.478588043Z EmptyCartAsync called with userId=1a78ea5e-f3eb-4fc8-b79b-d8ffed14c071
2026-08-15T13:13:53.701658544Z Checking CartService Health
2026-08-15T13:13:54.064467009Z GetCartAsync called with userId=be3bdda6-898f-4a6c-a1cb-3ded9cc31c28
2026-08-15T13:13:54.079996961Z EmptyCartAsync called with userId=be3bdda6-898f-4a6c-a1cb-3ded9cc31c28
2026-08-15T13:13:54.092512354Z GetCartAsync called with userId=75fb99d4-1648-4332-8535-ad4aaffa2159
2026-08-15T13:13:54.809806491Z GetCartAsync called with userId=fe551a84-c24b-4719-a509-b9e5fdf64e37
2026-08-15T13:13:54.844932779Z GetCartAsync called with userId=bfc202a9-206c-45fc-85e1-bb5fc4c56ed0
2026-08-15T13:13:55.263076643Z GetCartAsync called with userId=2a3f6416-cbe5-4f35-a5b3-b222c38dd6b1
2026-08-15T13:13:55.525186699Z GetCartAsync called with userId=adb034c7-2a87-4c97-ba43-226f28dee2e6
2026-08-15T13:13:55.610519475Z GetCartAsync called with userId=7c83c8f1-08fe-4458-a9a9-0c772a23d674
2026-08-15T13:13:56.032239245Z Checking CartService Health
2026-08-15T13:13:56.175358000Z GetCartAsync called with userId=40e41bab-7ac7-4eb1-9d5c-3bd1e797c094
2026-08-15T13:13:56.650618094Z GetCartAsync called with userId=dbc81ea5-5531-4605-9216-4c4255eaf706
2026-08-15T13:13:56.951745353Z AddItemAsync called with userId=40e41bab-7ac7-4eb1-9d5c-3bd1e797c094, productId=6E92ZMYYFZ, quantity=8
2026-08-15T13:13:56.958088835Z GetCartAsync called with userId=40e41bab-7ac7-4eb1-9d5c-3bd1e797c094
2026-08-15T13:13:57.256944600Z GetCartAsync called with userId=b6862a64-9aa0-43ed-925f-989df9463214
2026-08-15T13:13:57.257015793Z GetCartAsync called with userId=a3e940e3-04a9-4123-b8ae-9b66e1087df3
2026-08-15T13:13:58.158767931Z GetCartAsync called with userId=dbc81ea5-5531-4605-9216-4c4255eaf706
2026-08-15T13:13:58.467406659Z GetCartAsync called with userId=fe551a84-c24b-4719-a509-b9e5fdf64e37
2026-08-15T13:13:59.097880629Z GetCartAsync called with userId=7c83c8f1-08fe-4458-a9a9-0c772a23d674
2026-08-15T13:13:59.273289438Z GetCartAsync called with userId=9acecf4b-1a54-469f-a88c-1831fc170649
2026-08-15T13:13:59.353735500Z GetCartAsync called with userId=2a3f6416-cbe5-4f35-a5b3-b222c38dd6b1
2026-08-15T13:13:59.638906814Z GetCartAsync called with userId=bfc202a9-206c-45fc-85e1-bb5fc4c56ed0
2026-08-15T13:14:00.177916696Z GetCartAsync called with userId=503c59e6-3248-41ab-b86d-35a34eadc2c8
2026-08-15T13:14:00.427178637Z AddItemAsync called with userId=bfc202a9-206c-45fc-85e1-bb5fc4c56ed0, productId=66VCHSJNUP, quantity=6
2026-08-15T13:14:00.440062975Z GetCartAsync called with userId=bfc202a9-206c-45fc-85e1-bb5fc4c56ed0
2026-08-15T13:14:00.848104338Z GetCartAsync called with userId=1a78ea5e-f3eb-4fc8-b79b-d8ffed14c071
2026-08-15T13:14:01.020732960Z GetCartAsync called with userId=b6862a64-9aa0-43ed-925f-989df9463214
2026-08-15T13:14:01.022511945Z AddItemAsync called with userId=503c59e6-3248-41ab-b86d-35a34eadc2c8, productId=L9ECAV7KIM, quantity=5
2026-08-15T13:14:01.158966211Z GetCartAsync called with userId=503c59e6-3248-41ab-b86d-35a34eadc2c8
2026-08-15T13:14:01.459087670Z GetCartAsync called with userId=b7346bb4-8dd0-4f04-a092-01bc982d095c
2026-08-15T13:14:02.018731172Z GetCartAsync called with userId=40e41bab-7ac7-4eb1-9d5c-3bd1e797c094
2026-08-15T13:14:03.028738932Z GetCartAsync called with userId=75fb99d4-1648-4332-8535-ad4aaffa2159
2026-08-15T13:14:03.698700988Z Checking CartService Health
2026-08-15T13:14:03.984992198Z GetCartAsync called with userId=fe551a84-c24b-4719-a509-b9e5fdf64e37
2026-08-15T13:14:04.664732819Z GetCartAsync called with userId=2a3f6416-cbe5-4f35-a5b3-b222c38dd6b1
2026-08-15T13:14:04.940948729Z GetCartAsync called with userId=be3bdda6-898f-4a6c-a1cb-3ded9cc31c28
2026-08-15T13:14:05.006770165Z GetCartAsync called with userId=adb034c7-2a87-4c97-ba43-226f28dee2e6
2026-08-15T13:14:05.078485743Z GetCartAsync called with userId=75fb99d4-1648-4332-8535-ad4aaffa2159
2026-08-15T13:14:05.554054657Z GetCartAsync called with userId=a3e940e3-04a9-4123-b8ae-9b66e1087df3
2026-08-15T13:14:06.026573178Z Checking CartService Health
2026-08-15T13:14:06.332100789Z GetCartAsync called with userId=503c59e6-3248-41ab-b86d-35a34eadc2c8
2026-08-15T13:14:06.333025423Z GetCartAsync called with userId=1a78ea5e-f3eb-4fc8-b79b-d8ffed14c071
2026-08-15T13:14:06.470963011Z GetCartAsync called with userId=7c83c8f1-08fe-4458-a9a9-0c772a23d674
2026-08-15T13:14:06.530769222Z GetCartAsync called with userId=40e41bab-7ac7-4eb1-9d5c-3bd1e797c094
2026-08-15T13:14:07.707494241Z GetCartAsync called with userId=dbc81ea5-5531-4605-9216-4c4255eaf706
2026-08-15T13:14:08.371788709Z GetCartAsync called with userId=503c59e6-3248-41ab-b86d-35a34eadc2c8
2026-08-15T13:14:08.474091550Z GetCartAsync called with userId=40e41bab-7ac7-4eb1-9d5c-3bd1e797c094
2026-08-15T13:14:09.177528545Z GetCartAsync called with userId=bfc202a9-206c-45fc-85e1-bb5fc4c56ed0
2026-08-15T13:14:09.240693279Z AddItemAsync called with userId=503c59e6-3248-41ab-b86d-35a34eadc2c8, productId=2ZYFJ3GM2N, quantity=6
2026-08-15T13:14:09.247991538Z GetCartAsync called with userId=503c59e6-3248-41ab-b86d-35a34eadc2c8
2026-08-15T13:14:09.260991168Z GetCartAsync called with userId=fe551a84-c24b-4719-a509-b9e5fdf64e37
2026-08-15T13:14:10.023005257Z AddItemAsync called with userId=bfc202a9-206c-45fc-85e1-bb5fc4c56ed0, productId=9SIQT8TOJO, quantity=4
2026-08-15T13:14:10.066394364Z GetCartAsync called with userId=bfc202a9-206c-45fc-85e1-bb5fc4c56ed0
2026-08-15T13:14:11.063060572Z GetCartAsync called with userId=bfc202a9-206c-45fc-85e1-bb5fc4c56ed0
2026-08-15T13:14:11.133902510Z EmptyCartAsync called with userId=bfc202a9-206c-45fc-85e1-bb5fc4c56ed0
2026-08-15T13:14:11.220577111Z GetCartAsync called with userId=dbc81ea5-5531-4605-9216-4c4255eaf706
2026-08-15T13:14:11.978343073Z GetCartAsync called with userId=b7346bb4-8dd0-4f04-a092-01bc982d095c
2026-08-15T13:14:12.030329911Z GetCartAsync called with userId=503c59e6-3248-41ab-b86d-35a34eadc2c8
2026-08-15T13:14:12.186884932Z GetCartAsync called with userId=9acecf4b-1a54-469f-a88c-1831fc170649
2026-08-15T13:14:12.341271452Z GetCartAsync called with userId=1a78ea5e-f3eb-4fc8-b79b-d8ffed14c071
2026-08-15T13:14:13.091756975Z GetCartAsync called with userId=75fb99d4-1648-4332-8535-ad4aaffa2159
2026-08-15T13:14:13.479255309Z GetCartAsync called with userId=b6862a64-9aa0-43ed-925f-989df9463214
2026-08-15T13:14:13.479321421Z GetCartAsync called with userId=be3bdda6-898f-4a6c-a1cb-3ded9cc31c28
2026-08-15T13:14:13.699136870Z Checking CartService Health
2026-08-15T13:14:15.112907552Z GetCartAsync called with userId=adb034c7-2a87-4c97-ba43-226f28dee2e6
2026-08-15T13:14:15.318064683Z GetCartAsync called with userId=bfc202a9-206c-45fc-85e1-bb5fc4c56ed0
2026-08-15T13:14:15.781212540Z GetCartAsync called with userId=9acecf4b-1a54-469f-a88c-1831fc170649
2026-08-15T13:14:16.030240105Z Checking CartService Health
2026-08-15T13:14:16.157375073Z AddItemAsync called with userId=bfc202a9-206c-45fc-85e1-bb5fc4c56ed0, productId=66VCHSJNUP, quantity=1
2026-08-15T13:14:16.162517026Z GetCartAsync called with userId=bfc202a9-206c-45fc-85e1-bb5fc4c56ed0
2026-08-15T13:14:16.165487977Z GetCartAsync called with userId=fe551a84-c24b-4719-a509-b9e5fdf64e37
2026-08-15T13:14:16.660491639Z GetCartAsync called with userId=b7346bb4-8dd0-4f04-a092-01bc982d095c
2026-08-15T13:14:16.915989803Z GetCartAsync called with userId=7c83c8f1-08fe-4458-a9a9-0c772a23d674
2026-08-15T13:14:17.154503318Z GetCartAsync called with userId=2a3f6416-cbe5-4f35-a5b3-b222c38dd6b1
2026-08-15T13:14:17.173411823Z AddItemAsync called with userId=2a3f6416-cbe5-4f35-a5b3-b222c38dd6b1, productId=2ZYFJ3GM2N, quantity=5
2026-08-15T13:14:17.180925416Z GetCartAsync called with userId=2a3f6416-cbe5-4f35-a5b3-b222c38dd6b1
2026-08-15T13:14:17.257147346Z GetCartAsync called with userId=503c59e6-3248-41ab-b86d-35a34eadc2c8
2026-08-15T13:14:17.358394115Z GetCartAsync called with userId=2a3f6416-cbe5-4f35-a5b3-b222c38dd6b1
2026-08-15T13:14:17.370952743Z EmptyCartAsync called with userId=2a3f6416-cbe5-4f35-a5b3-b222c38dd6b1
2026-08-15T13:14:17.533641502Z GetCartAsync called with userId=1a78ea5e-f3eb-4fc8-b79b-d8ffed14c071
2026-08-15T13:14:17.644360426Z GetCartAsync called with userId=a3e940e3-04a9-4123-b8ae-9b66e1087df3
2026-08-15T13:14:17.757255755Z GetCartAsync called with userId=b6862a64-9aa0-43ed-925f-989df9463214
2026-08-15T13:14:17.764989488Z AddItemAsync called with userId=a3e940e3-04a9-4123-b8ae-9b66e1087df3, productId=OLJCESPC7Z, quantity=3
2026-08-15T13:14:17.823053152Z GetCartAsync called with userId=a3e940e3-04a9-4123-b8ae-9b66e1087df3
2026-08-15T13:14:18.852558399Z GetCartAsync called with userId=bfc202a9-206c-45fc-85e1-bb5fc4c56ed0
2026-08-15T13:14:19.006039151Z GetCartAsync called with userId=be3bdda6-898f-4a6c-a1cb-3ded9cc31c28
2026-08-15T13:14:19.067904820Z GetCartAsync called with userId=40e41bab-7ac7-4eb1-9d5c-3bd1e797c094
2026-08-15T13:14:19.320540053Z AddItemAsync called with userId=40e41bab-7ac7-4eb1-9d5c-3bd1e797c094, productId=1YMWWN1N4O, quantity=4
2026-08-15T13:14:19.357206850Z GetCartAsync called with userId=40e41bab-7ac7-4eb1-9d5c-3bd1e797c094
2026-08-15T13:14:19.828033016Z GetCartAsync called with userId=75fb99d4-1648-4332-8535-ad4aaffa2159
2026-08-15T13:14:19.927699049Z AddItemAsync called with userId=75fb99d4-1648-4332-8535-ad4aaffa2159, productId=9SIQT8TOJO, quantity=7
2026-08-15T13:14:19.960509048Z GetCartAsync called with userId=75fb99d4-1648-4332-8535-ad4aaffa2159
2026-08-15T13:14:20.416032417Z GetCartAsync called with userId=dbc81ea5-5531-4605-9216-4c4255eaf706
2026-08-15T13:14:20.522435389Z AddItemAsync called with userId=dbc81ea5-5531-4605-9216-4c4255eaf706, productId=1YMWWN1N4O, quantity=8
2026-08-15T13:14:20.535013069Z GetCartAsync called with userId=dbc81ea5-5531-4605-9216-4c4255eaf706
2026-08-15T13:14:21.262161735Z GetCartAsync called with userId=adb034c7-2a87-4c97-ba43-226f28dee2e6
2026-08-15T13:14:21.761215979Z GetCartAsync called with userId=503c59e6-3248-41ab-b86d-35a34eadc2c8
2026-08-15T13:14:22.153541816Z GetCartAsync called with userId=9acecf4b-1a54-469f-a88c-1831fc170649
2026-08-15T13:14:22.176857773Z AddItemAsync called with userId=9acecf4b-1a54-469f-a88c-1831fc170649, productId=9SIQT8TOJO, quantity=10
2026-08-15T13:14:22.182304671Z GetCartAsync called with userId=9acecf4b-1a54-469f-a88c-1831fc170649
2026-08-15T13:14:22.219752879Z GetCartAsync called with userId=7c83c8f1-08fe-4458-a9a9-0c772a23d674
2026-08-15T13:14:22.254363976Z GetCartAsync called with userId=9acecf4b-1a54-469f-a88c-1831fc170649
2026-08-15T13:14:22.260691670Z EmptyCartAsync called with userId=9acecf4b-1a54-469f-a88c-1831fc170649
2026-08-15T13:14:22.678431294Z GetCartAsync called with userId=fe551a84-c24b-4719-a509-b9e5fdf64e37
2026-08-15T13:14:23.147510951Z GetCartAsync called with userId=b6862a64-9aa0-43ed-925f-989df9463214
2026-08-15T13:14:23.167181608Z AddItemAsync called with userId=b6862a64-9aa0-43ed-925f-989df9463214, productId=L9ECAV7KIM, quantity=8
2026-08-15T13:14:23.173876043Z GetCartAsync called with userId=b6862a64-9aa0-43ed-925f-989df9463214
2026-08-15T13:14:23.259122094Z GetCartAsync called with userId=b6862a64-9aa0-43ed-925f-989df9463214
2026-08-15T13:14:23.271233023Z GetCartAsync called with userId=adb034c7-2a87-4c97-ba43-226f28dee2e6
2026-08-15T13:14:23.275312170Z EmptyCartAsync called with userId=b6862a64-9aa0-43ed-925f-989df9463214
2026-08-15T13:14:23.423433218Z GetCartAsync called with userId=dbc81ea5-5531-4605-9216-4c4255eaf706
2026-08-15T13:14:23.697496582Z Checking CartService Health
2026-08-15T13:14:23.941081003Z GetCartAsync called with userId=2a3f6416-cbe5-4f35-a5b3-b222c38dd6b1
2026-08-15T13:14:24.035234331Z AddItemAsync called with userId=2a3f6416-cbe5-4f35-a5b3-b222c38dd6b1, productId=66VCHSJNUP, quantity=5
2026-08-15T13:14:24.038971041Z GetCartAsync called with userId=2a3f6416-cbe5-4f35-a5b3-b222c38dd6b1
2026-08-15T13:14:24.049440489Z GetCartAsync called with userId=2a3f6416-cbe5-4f35-a5b3-b222c38dd6b1
2026-08-15T13:14:24.055742881Z EmptyCartAsync called with userId=2a3f6416-cbe5-4f35-a5b3-b222c38dd6b1
2026-08-15T13:14:24.484557720Z GetCartAsync called with userId=503c59e6-3248-41ab-b86d-35a34eadc2c8
2026-08-15T13:14:24.706318146Z GetCartAsync called with userId=bfc202a9-206c-45fc-85e1-bb5fc4c56ed0
2026-08-15T13:14:25.183491891Z GetCartAsync called with userId=75fb99d4-1648-4332-8535-ad4aaffa2159
2026-08-15T13:14:25.590697360Z GetCartAsync called with userId=9acecf4b-1a54-469f-a88c-1831fc170649
2026-08-15T13:14:25.656259251Z AddItemAsync called with userId=9acecf4b-1a54-469f-a88c-1831fc170649, productId=66VCHSJNUP, quantity=1
2026-08-15T13:14:25.663301224Z GetCartAsync called with userId=9acecf4b-1a54-469f-a88c-1831fc170649
2026-08-15T13:14:25.763952265Z GetCartAsync called with userId=a3e940e3-04a9-4123-b8ae-9b66e1087df3
2026-08-15T13:14:26.032598835Z Checking CartService Health
2026-08-15T13:14:26.398955523Z GetCartAsync called with userId=1a78ea5e-f3eb-4fc8-b79b-d8ffed14c071
2026-08-15T13:14:26.421404085Z GetCartAsync called with userId=503c59e6-3248-41ab-b86d-35a34eadc2c8
2026-08-15T13:14:26.454223485Z AddItemAsync called with userId=1a78ea5e-f3eb-4fc8-b79b-d8ffed14c071, productId=OLJCESPC7Z, quantity=5
2026-08-15T13:14:26.463021250Z GetCartAsync called with userId=1a78ea5e-f3eb-4fc8-b79b-d8ffed14c071
2026-08-15T13:14:26.664854691Z GetCartAsync called with userId=adb034c7-2a87-4c97-ba43-226f28dee2e6
2026-08-15T13:14:27.267665586Z GetCartAsync called with userId=b6862a64-9aa0-43ed-925f-989df9463214
2026-08-15T13:14:27.716314601Z GetCartAsync called with userId=dbc81ea5-5531-4605-9216-4c4255eaf706
2026-08-15T13:14:27.917030193Z GetCartAsync called with userId=b7346bb4-8dd0-4f04-a092-01bc982d095c
2026-08-15T13:14:28.026200325Z GetCartAsync called with userId=75fb99d4-1648-4332-8535-ad4aaffa2159
2026-08-15T13:14:28.265874958Z GetCartAsync called with userId=40e41bab-7ac7-4eb1-9d5c-3bd1e797c094
2026-08-15T13:14:28.572014791Z GetCartAsync called with userId=bfc202a9-206c-45fc-85e1-bb5fc4c56ed0
2026-08-15T13:14:29.319628758Z GetCartAsync called with userId=b6862a64-9aa0-43ed-925f-989df9463214
2026-08-15T13:14:29.449442574Z AddItemAsync called with userId=b6862a64-9aa0-43ed-925f-989df9463214, productId=2ZYFJ3GM2N, quantity=8
2026-08-15T13:14:29.514871045Z GetCartAsync called with userId=b6862a64-9aa0-43ed-925f-989df9463214
2026-08-15T13:14:29.616905258Z GetCartAsync called with userId=b6862a64-9aa0-43ed-925f-989df9463214
2026-08-15T13:14:29.642368044Z EmptyCartAsync called with userId=b6862a64-9aa0-43ed-925f-989df9463214
2026-08-15T13:14:30.410123678Z GetCartAsync called with userId=40e41bab-7ac7-4eb1-9d5c-3bd1e797c094
2026-08-15T13:14:30.531282426Z GetCartAsync called with userId=7c83c8f1-08fe-4458-a9a9-0c772a23d674
2026-08-15T13:14:30.531426902Z GetCartAsync called with userId=9acecf4b-1a54-469f-a88c-1831fc170649
2026-08-15T13:14:30.885934030Z GetCartAsync called with userId=503c59e6-3248-41ab-b86d-35a34eadc2c8
2026-08-15T13:14:30.955466422Z AddItemAsync called with userId=503c59e6-3248-41ab-b86d-35a34eadc2c8, productId=OLJCESPC7Z, quantity=9
2026-08-15T13:14:30.963740853Z GetCartAsync called with userId=fe551a84-c24b-4719-a509-b9e5fdf64e37
2026-08-15T13:14:31.048757782Z GetCartAsync called with userId=a3e940e3-04a9-4123-b8ae-9b66e1087df3
2026-08-15T13:14:31.048827371Z GetCartAsync called with userId=503c59e6-3248-41ab-b86d-35a34eadc2c8
2026-08-15T13:14:31.354503380Z AddItemAsync called with userId=a3e940e3-04a9-4123-b8ae-9b66e1087df3, productId=OLJCESPC7Z, quantity=6
2026-08-15T13:14:31.457863874Z GetCartAsync called with userId=a3e940e3-04a9-4123-b8ae-9b66e1087df3
2026-08-15T13:14:31.477027202Z GetCartAsync called with userId=503c59e6-3248-41ab-b86d-35a34eadc2c8
2026-08-15T13:14:31.569054672Z GetCartAsync called with userId=2a3f6416-cbe5-4f35-a5b3-b222c38dd6b1
2026-08-15T13:14:31.576864479Z EmptyCartAsync called with userId=503c59e6-3248-41ab-b86d-35a34eadc2c8
2026-08-15T13:14:32.389527081Z GetCartAsync called with userId=dbc81ea5-5531-4605-9216-4c4255eaf706
2026-08-15T13:14:32.720964227Z GetCartAsync called with userId=40e41bab-7ac7-4eb1-9d5c-3bd1e797c094
2026-08-15T13:14:32.734787539Z AddItemAsync called with userId=40e41bab-7ac7-4eb1-9d5c-3bd1e797c094, productId=9SIQT8TOJO, quantity=1
2026-08-15T13:14:32.739120922Z GetCartAsync called with userId=40e41bab-7ac7-4eb1-9d5c-3bd1e797c094
2026-08-15T13:14:33.269767987Z GetCartAsync called with userId=be3bdda6-898f-4a6c-a1cb-3ded9cc31c28
2026-08-15T13:14:33.281162396Z AddItemAsync called with userId=be3bdda6-898f-4a6c-a1cb-3ded9cc31c28, productId=LS4PSXUNUM, quantity=9
2026-08-15T13:14:33.284599491Z GetCartAsync called with userId=be3bdda6-898f-4a6c-a1cb-3ded9cc31c28
2026-08-15T13:14:33.297248244Z GetCartAsync called with userId=be3bdda6-898f-4a6c-a1cb-3ded9cc31c28
2026-08-15T13:14:33.303044610Z EmptyCartAsync called with userId=be3bdda6-898f-4a6c-a1cb-3ded9cc31c28
2026-08-15T13:14:33.520457183Z GetCartAsync called with userId=b6862a64-9aa0-43ed-925f-989df9463214
2026-08-15T13:14:33.672681069Z GetCartAsync called with userId=dbc81ea5-5531-4605-9216-4c4255eaf706
2026-08-15T13:14:33.687239541Z Checking CartService Health
2026-08-15T13:14:33.857410088Z GetCartAsync called with userId=adb034c7-2a87-4c97-ba43-226f28dee2e6
2026-08-15T13:14:33.966578228Z GetCartAsync called with userId=2a3f6416-cbe5-4f35-a5b3-b222c38dd6b1
2026-08-15T13:14:34.220045643Z GetCartAsync called with userId=fe551a84-c24b-4719-a509-b9e5fdf64e37
2026-08-15T13:14:35.471844734Z GetCartAsync called with userId=9acecf4b-1a54-469f-a88c-1831fc170649
2026-08-15T13:14:35.549351237Z GetCartAsync called with userId=1a78ea5e-f3eb-4fc8-b79b-d8ffed14c071
2026-08-15T13:14:36.024856489Z Checking CartService Health
2026-08-15T13:14:36.463054898Z GetCartAsync called with userId=75fb99d4-1648-4332-8535-ad4aaffa2159
2026-08-15T13:14:37.297402360Z GetCartAsync called with userId=b7346bb4-8dd0-4f04-a092-01bc982d095c
2026-08-15T13:14:37.616003905Z GetCartAsync called with userId=75fb99d4-1648-4332-8535-ad4aaffa2159
2026-08-15T13:14:37.728119611Z AddItemAsync called with userId=75fb99d4-1648-4332-8535-ad4aaffa2159, productId=6E92ZMYYFZ, quantity=1
2026-08-15T13:14:37.743010678Z GetCartAsync called with userId=75fb99d4-1648-4332-8535-ad4aaffa2159
2026-08-15T13:14:38.035617851Z GetCartAsync called with userId=be3bdda6-898f-4a6c-a1cb-3ded9cc31c28
2026-08-15T13:14:38.113619078Z AddItemAsync called with userId=be3bdda6-898f-4a6c-a1cb-3ded9cc31c28, productId=OLJCESPC7Z, quantity=7
2026-08-15T13:14:38.119645314Z GetCartAsync called with userId=be3bdda6-898f-4a6c-a1cb-3ded9cc31c28
2026-08-15T13:14:38.214596855Z GetCartAsync called with userId=adb034c7-2a87-4c97-ba43-226f28dee2e6
2026-08-15T13:14:38.345496164Z GetCartAsync called with userId=40e41bab-7ac7-4eb1-9d5c-3bd1e797c094
2026-08-15T13:14:38.678987875Z GetCartAsync called with userId=1a78ea5e-f3eb-4fc8-b79b-d8ffed14c071
2026-08-15T13:14:38.764992828Z AddItemAsync called with userId=1a78ea5e-f3eb-4fc8-b79b-d8ffed14c071, productId=OLJCESPC7Z, quantity=6
2026-08-15T13:14:38.781120664Z GetCartAsync called with userId=1a78ea5e-f3eb-4fc8-b79b-d8ffed14c071
2026-08-15T13:14:38.952826856Z GetCartAsync called with userId=b6862a64-9aa0-43ed-925f-989df9463214
2026-08-15T13:14:39.854875405Z GetCartAsync called with userId=2a3f6416-cbe5-4f35-a5b3-b222c38dd6b1
2026-08-15T13:14:40.163854586Z GetCartAsync called with userId=1a78ea5e-f3eb-4fc8-b79b-d8ffed14c071
2026-08-15T13:14:40.244533995Z AddItemAsync called with userId=1a78ea5e-f3eb-4fc8-b79b-d8ffed14c071, productId=1YMWWN1N4O, quantity=6
2026-08-15T13:14:40.253421743Z GetCartAsync called with userId=1a78ea5e-f3eb-4fc8-b79b-d8ffed14c071
2026-08-15T13:14:40.318825415Z GetCartAsync called with userId=7c83c8f1-08fe-4458-a9a9-0c772a23d674
2026-08-15T13:14:40.417631565Z GetCartAsync called with userId=9acecf4b-1a54-469f-a88c-1831fc170649
2026-08-15T13:14:40.668949116Z GetCartAsync called with userId=dbc81ea5-5531-4605-9216-4c4255eaf706
2026-08-15T13:14:40.728381218Z GetCartAsync called with userId=a3e940e3-04a9-4123-b8ae-9b66e1087df3
2026-08-15T13:14:41.180463841Z GetCartAsync called with userId=bfc202a9-206c-45fc-85e1-bb5fc4c56ed0
2026-08-15T13:14:41.201383875Z AddItemAsync called with userId=bfc202a9-206c-45fc-85e1-bb5fc4c56ed0, productId=0PUK6V6EV0, quantity=1
2026-08-15T13:14:41.207996965Z GetCartAsync called with userId=bfc202a9-206c-45fc-85e1-bb5fc4c56ed0
2026-08-15T13:14:41.268589142Z GetCartAsync called with userId=bfc202a9-206c-45fc-85e1-bb5fc4c56ed0
2026-08-15T13:14:41.284647348Z EmptyCartAsync called with userId=bfc202a9-206c-45fc-85e1-bb5fc4c56ed0
2026-08-15T13:14:41.528424166Z GetCartAsync called with userId=503c59e6-3248-41ab-b86d-35a34eadc2c8
2026-08-15T13:14:41.544833925Z AddItemAsync called with userId=503c59e6-3248-41ab-b86d-35a34eadc2c8, productId=6E92ZMYYFZ, quantity=2
2026-08-15T13:14:41.550583286Z GetCartAsync called with userId=503c59e6-3248-41ab-b86d-35a34eadc2c8
2026-08-15T13:14:41.573536624Z GetCartAsync called with userId=fe551a84-c24b-4719-a509-b9e5fdf64e37
2026-08-15T13:14:41.996637106Z GetCartAsync called with userId=b6862a64-9aa0-43ed-925f-989df9463214
2026-08-15T13:14:42.339534773Z GetCartAsync called with userId=9acecf4b-1a54-469f-a88c-1831fc170649
2026-08-15T13:14:43.142808006Z GetCartAsync called with userId=75fb99d4-1648-4332-8535-ad4aaffa2159
2026-08-15T13:14:43.418658029Z GetCartAsync called with userId=bfc202a9-206c-45fc-85e1-bb5fc4c56ed0
2026-08-15T13:14:43.513514739Z GetCartAsync called with userId=7c83c8f1-08fe-4458-a9a9-0c772a23d674
2026-08-15T13:14:43.516104427Z AddItemAsync called with userId=bfc202a9-206c-45fc-85e1-bb5fc4c56ed0, productId=6E92ZMYYFZ, quantity=6
2026-08-15T13:14:43.546202536Z GetCartAsync called with userId=bfc202a9-206c-45fc-85e1-bb5fc4c56ed0
2026-08-15T13:14:43.693117644Z Checking CartService Health
2026-08-15T13:14:44.862290876Z GetCartAsync called with userId=dbc81ea5-5531-4605-9216-4c4255eaf706
2026-08-15T13:14:45.056992390Z GetCartAsync called with userId=adb034c7-2a87-4c97-ba43-226f28dee2e6
2026-08-15T13:14:45.365754065Z GetCartAsync called with userId=b7346bb4-8dd0-4f04-a092-01bc982d095c
2026-08-15T13:14:45.365860285Z GetCartAsync called with userId=40e41bab-7ac7-4eb1-9d5c-3bd1e797c094
2026-08-15T13:14:45.888143981Z GetCartAsync called with userId=be3bdda6-898f-4a6c-a1cb-3ded9cc31c28
2026-08-15T13:14:45.933564585Z GetCartAsync called with userId=fe551a84-c24b-4719-a509-b9e5fdf64e37
2026-08-15T13:14:46.024356486Z Checking CartService Health
2026-08-15T13:14:46.333224380Z GetCartAsync called with userId=a3e940e3-04a9-4123-b8ae-9b66e1087df3
2026-08-15T13:14:46.421818759Z GetCartAsync called with userId=7c83c8f1-08fe-4458-a9a9-0c772a23d674
2026-08-15T13:14:46.865228239Z GetCartAsync called with userId=b7346bb4-8dd0-4f04-a092-01bc982d095c
2026-08-15T13:14:46.877730435Z GetCartAsync called with userId=b6862a64-9aa0-43ed-925f-989df9463214
2026-08-15T13:14:47.406618396Z GetCartAsync called with userId=fe551a84-c24b-4719-a509-b9e5fdf64e37
2026-08-15T13:14:47.676673352Z GetCartAsync called with userId=7c83c8f1-08fe-4458-a9a9-0c772a23d674
2026-08-15T13:14:47.701643838Z GetCartAsync called with userId=2a3f6416-cbe5-4f35-a5b3-b222c38dd6b1
2026-08-15T13:14:47.955226937Z AddItemAsync called with userId=2a3f6416-cbe5-4f35-a5b3-b222c38dd6b1, productId=9SIQT8TOJO, quantity=2
2026-08-15T13:14:47.969835637Z GetCartAsync called with userId=2a3f6416-cbe5-4f35-a5b3-b222c38dd6b1
2026-08-15T13:14:48.085819165Z GetCartAsync called with userId=bfc202a9-206c-45fc-85e1-bb5fc4c56ed0
2026-08-15T13:14:48.147450077Z GetCartAsync called with userId=2a3f6416-cbe5-4f35-a5b3-b222c38dd6b1
2026-08-15T13:14:48.149834634Z GetCartAsync called with userId=be3bdda6-898f-4a6c-a1cb-3ded9cc31c28
2026-08-15T13:14:48.155827582Z AddItemAsync called with userId=bfc202a9-206c-45fc-85e1-bb5fc4c56ed0, productId=LS4PSXUNUM, quantity=9
2026-08-15T13:14:48.161941854Z EmptyCartAsync called with userId=2a3f6416-cbe5-4f35-a5b3-b222c38dd6b1
2026-08-15T13:14:48.161983262Z GetCartAsync called with userId=bfc202a9-206c-45fc-85e1-bb5fc4c56ed0
2026-08-15T13:14:48.549023738Z GetCartAsync called with userId=bfc202a9-206c-45fc-85e1-bb5fc4c56ed0
2026-08-15T13:14:48.572227485Z EmptyCartAsync called with userId=bfc202a9-206c-45fc-85e1-bb5fc4c56ed0
2026-08-15T13:14:49.287635593Z GetCartAsync called with userId=75fb99d4-1648-4332-8535-ad4aaffa2159
2026-08-15T13:14:49.727227741Z GetCartAsync called with userId=1a78ea5e-f3eb-4fc8-b79b-d8ffed14c071
2026-08-15T13:14:49.814127195Z GetCartAsync called with userId=bfc202a9-206c-45fc-85e1-bb5fc4c56ed0
2026-08-15T13:14:50.118933111Z GetCartAsync called with userId=503c59e6-3248-41ab-b86d-35a34eadc2c8
2026-08-15T13:14:51.069599007Z GetCartAsync called with userId=adb034c7-2a87-4c97-ba43-226f28dee2e6
2026-08-15T13:14:51.126733356Z AddItemAsync called with userId=adb034c7-2a87-4c97-ba43-226f28dee2e6, productId=OLJCESPC7Z, quantity=9
2026-08-15T13:14:51.129874358Z GetCartAsync called with userId=adb034c7-2a87-4c97-ba43-226f28dee2e6
2026-08-15T13:14:51.604618043Z GetCartAsync called with userId=a3e940e3-04a9-4123-b8ae-9b66e1087df3
2026-08-15T13:14:52.161830513Z GetCartAsync called with userId=9acecf4b-1a54-469f-a88c-1831fc170649
2026-08-15T13:14:52.827490289Z GetCartAsync called with userId=40e41bab-7ac7-4eb1-9d5c-3bd1e797c094
2026-08-15T13:14:53.030811753Z GetCartAsync called with userId=fe551a84-c24b-4719-a509-b9e5fdf64e37
2026-08-15T13:14:53.634923587Z GetCartAsync called with userId=b6862a64-9aa0-43ed-925f-989df9463214
2026-08-15T13:14:53.686722736Z Checking CartService Health
2026-08-15T13:14:53.922189554Z GetCartAsync called with userId=dbc81ea5-5531-4605-9216-4c4255eaf706
2026-08-15T13:14:54.561863751Z GetCartAsync called with userId=fe551a84-c24b-4719-a509-b9e5fdf64e37
2026-08-15T13:14:54.662247955Z AddItemAsync called with userId=fe551a84-c24b-4719-a509-b9e5fdf64e37, productId=66VCHSJNUP, quantity=3
2026-08-15T13:14:54.748352391Z GetCartAsync called with userId=fe551a84-c24b-4719-a509-b9e5fdf64e37
2026-08-15T13:14:55.488023167Z GetCartAsync called with userId=dbc81ea5-5531-4605-9216-4c4255eaf706
2026-08-15T13:14:56.017033535Z GetCartAsync called with userId=b7346bb4-8dd0-4f04-a092-01bc982d095c
2026-08-15T13:14:56.025964278Z Checking CartService Health
2026-08-15T13:14:56.523719145Z GetCartAsync called with userId=bfc202a9-206c-45fc-85e1-bb5fc4c56ed0
2026-08-15T13:14:57.283751954Z GetCartAsync called with userId=503c59e6-3248-41ab-b86d-35a34eadc2c8
2026-08-15T13:14:57.305585082Z AddItemAsync called with userId=503c59e6-3248-41ab-b86d-35a34eadc2c8, productId=OLJCESPC7Z, quantity=6
2026-08-15T13:14:57.310866503Z GetCartAsync called with userId=503c59e6-3248-41ab-b86d-35a34eadc2c8
2026-08-15T13:14:57.525027825Z GetCartAsync called with userId=adb034c7-2a87-4c97-ba43-226f28dee2e6
2026-08-15T13:14:57.540894590Z GetCartAsync called with userId=7c83c8f1-08fe-4458-a9a9-0c772a23d674
2026-08-15T13:14:57.547639600Z GetCartAsync called with userId=b7346bb4-8dd0-4f04-a092-01bc982d095c
2026-08-15T13:14:57.716298956Z AddItemAsync called with userId=adb034c7-2a87-4c97-ba43-226f28dee2e6, productId=L9ECAV7KIM, quantity=8
2026-08-15T13:14:57.817756025Z GetCartAsync called with userId=adb034c7-2a87-4c97-ba43-226f28dee2e6
2026-08-15T13:14:57.916078604Z AddItemAsync called with userId=b7346bb4-8dd0-4f04-a092-01bc982d095c, productId=LS4PSXUNUM, quantity=6
2026-08-15T13:14:58.011050079Z GetCartAsync called with userId=b7346bb4-8dd0-4f04-a092-01bc982d095c
2026-08-15T13:14:58.235583732Z GetCartAsync called with userId=1a78ea5e-f3eb-4fc8-b79b-d8ffed14c071
2026-08-15T13:14:58.316548255Z GetCartAsync called with userId=2a3f6416-cbe5-4f35-a5b3-b222c38dd6b1
2026-08-15T13:14:58.413045422Z AddItemAsync called with userId=1a78ea5e-f3eb-4fc8-b79b-d8ffed14c071, productId=0PUK6V6EV0, quantity=9
2026-08-15T13:14:58.426354032Z GetCartAsync called with userId=1a78ea5e-f3eb-4fc8-b79b-d8ffed14c071
2026-08-15T13:14:58.444163615Z GetCartAsync called with userId=be3bdda6-898f-4a6c-a1cb-3ded9cc31c28
2026-08-15T13:14:58.790560578Z GetCartAsync called with userId=7c83c8f1-08fe-4458-a9a9-0c772a23d674
2026-08-15T13:14:58.856842808Z AddItemAsync called with userId=7c83c8f1-08fe-4458-a9a9-0c772a23d674, productId=0PUK6V6EV0, quantity=9
2026-08-15T13:14:58.918947485Z GetCartAsync called with userId=7c83c8f1-08fe-4458-a9a9-0c772a23d674
2026-08-15T13:14:59.045643089Z GetCartAsync called with userId=7c83c8f1-08fe-4458-a9a9-0c772a23d674
2026-08-15T13:14:59.055805007Z EmptyCartAsync called with userId=7c83c8f1-08fe-4458-a9a9-0c772a23d674
2026-08-15T13:15:00.008380675Z GetCartAsync called with userId=a3e940e3-04a9-4123-b8ae-9b66e1087df3
2026-08-15T13:15:00.023843151Z GetCartAsync called with userId=b6862a64-9aa0-43ed-925f-989df9463214
2026-08-15T13:15:00.495063815Z GetCartAsync called with userId=40e41bab-7ac7-4eb1-9d5c-3bd1e797c094
2026-08-15T13:15:00.678489789Z GetCartAsync called with userId=1a78ea5e-f3eb-4fc8-b79b-d8ffed14c071
2026-08-15T13:15:00.759508964Z GetCartAsync called with userId=adb034c7-2a87-4c97-ba43-226f28dee2e6
2026-08-15T13:15:00.862989736Z GetCartAsync called with userId=dbc81ea5-5531-4605-9216-4c4255eaf706
2026-08-15T13:15:00.945626670Z GetCartAsync called with userId=75fb99d4-1648-4332-8535-ad4aaffa2159
2026-08-15T13:15:03.635603457Z GetCartAsync called with userId=75fb99d4-1648-4332-8535-ad4aaffa2159
2026-08-15T13:15:03.638494920Z GetCartAsync called with userId=503c59e6-3248-41ab-b86d-35a34eadc2c8
2026-08-15T13:15:03.648397006Z AddItemAsync called with userId=503c59e6-3248-41ab-b86d-35a34eadc2c8, productId=2ZYFJ3GM2N, quantity=10
2026-08-15T13:15:03.651456696Z GetCartAsync called with userId=503c59e6-3248-41ab-b86d-35a34eadc2c8
2026-08-15T13:15:03.664301953Z GetCartAsync called with userId=503c59e6-3248-41ab-b86d-35a34eadc2c8
2026-08-15T13:15:03.672649990Z EmptyCartAsync called with userId=503c59e6-3248-41ab-b86d-35a34eadc2c8
2026-08-15T13:15:03.681356784Z Checking CartService Health
2026-08-15T13:15:04.153196347Z GetCartAsync called with userId=adb034c7-2a87-4c97-ba43-226f28dee2e6
2026-08-15T13:15:04.249112307Z GetCartAsync called with userId=fe551a84-c24b-4719-a509-b9e5fdf64e37
2026-08-15T13:15:04.253111048Z GetCartAsync called with userId=1a78ea5e-f3eb-4fc8-b79b-d8ffed14c071
2026-08-15T13:15:04.451625039Z GetCartAsync called with userId=7c83c8f1-08fe-4458-a9a9-0c772a23d674
2026-08-15T13:15:04.709958210Z GetCartAsync called with userId=9acecf4b-1a54-469f-a88c-1831fc170649
2026-08-15T13:15:05.572433831Z GetCartAsync called with userId=bfc202a9-206c-45fc-85e1-bb5fc4c56ed0
2026-08-15T13:15:05.964336492Z GetCartAsync called with userId=a3e940e3-04a9-4123-b8ae-9b66e1087df3
2026-08-15T13:15:06.022317878Z Checking CartService Health
2026-08-15T13:15:06.254302829Z GetCartAsync called with userId=2a3f6416-cbe5-4f35-a5b3-b222c38dd6b1
2026-08-15T13:15:06.348805663Z AddItemAsync called with userId=a3e940e3-04a9-4123-b8ae-9b66e1087df3, productId=66VCHSJNUP, quantity=6
2026-08-15T13:15:06.441809657Z GetCartAsync called with userId=a3e940e3-04a9-4123-b8ae-9b66e1087df3
2026-08-15T13:15:06.444243147Z AddItemAsync called with userId=2a3f6416-cbe5-4f35-a5b3-b222c38dd6b1, productId=L9ECAV7KIM, quantity=1
2026-08-15T13:15:06.458820782Z GetCartAsync called with userId=2a3f6416-cbe5-4f35-a5b3-b222c38dd6b1
2026-08-15T13:15:06.760554803Z GetCartAsync called with userId=b7346bb4-8dd0-4f04-a092-01bc982d095c
2026-08-15T13:15:07.057454650Z GetCartAsync called with userId=bfc202a9-206c-45fc-85e1-bb5fc4c56ed0
2026-08-15T13:15:07.200225614Z GetCartAsync called with userId=adb034c7-2a87-4c97-ba43-226f28dee2e6
2026-08-15T13:15:08.528530193Z GetCartAsync called with userId=be3bdda6-898f-4a6c-a1cb-3ded9cc31c28
2026-08-15T13:15:08.546537327Z GetCartAsync called with userId=fe551a84-c24b-4719-a509-b9e5fdf64e37
2026-08-15T13:15:08.608312189Z AddItemAsync called with userId=be3bdda6-898f-4a6c-a1cb-3ded9cc31c28, productId=2ZYFJ3GM2N, quantity=2
2026-08-15T13:15:08.612932941Z GetCartAsync called with userId=be3bdda6-898f-4a6c-a1cb-3ded9cc31c28
2026-08-15T13:15:09.104144952Z GetCartAsync called with userId=40e41bab-7ac7-4eb1-9d5c-3bd1e797c094
2026-08-15T13:15:09.224426745Z GetCartAsync called with userId=adb034c7-2a87-4c97-ba43-226f28dee2e6
2026-08-15T13:15:09.244366993Z AddItemAsync called with userId=adb034c7-2a87-4c97-ba43-226f28dee2e6, productId=6E92ZMYYFZ, quantity=4
2026-08-15T13:15:09.253294847Z GetCartAsync called with userId=adb034c7-2a87-4c97-ba43-226f28dee2e6
2026-08-15T13:15:09.342972254Z GetCartAsync called with userId=2a3f6416-cbe5-4f35-a5b3-b222c38dd6b1
2026-08-15T13:15:09.523998240Z GetCartAsync called with userId=75fb99d4-1648-4332-8535-ad4aaffa2159
2026-08-15T13:15:09.609262829Z AddItemAsync called with userId=75fb99d4-1648-4332-8535-ad4aaffa2159, productId=LS4PSXUNUM, quantity=8
2026-08-15T13:15:09.620179207Z GetCartAsync called with userId=75fb99d4-1648-4332-8535-ad4aaffa2159
2026-08-15T13:15:09.853267273Z GetCartAsync called with userId=b6862a64-9aa0-43ed-925f-989df9463214
2026-08-15T13:15:09.862820129Z AddItemAsync called with userId=b6862a64-9aa0-43ed-925f-989df9463214, productId=6E92ZMYYFZ, quantity=2
2026-08-15T13:15:09.865672994Z GetCartAsync called with userId=b6862a64-9aa0-43ed-925f-989df9463214
2026-08-15T13:15:09.875497794Z GetCartAsync called with userId=b6862a64-9aa0-43ed-925f-989df9463214
2026-08-15T13:15:09.880477105Z EmptyCartAsync called with userId=b6862a64-9aa0-43ed-925f-989df9463214
2026-08-15T13:15:10.221415139Z GetCartAsync called with userId=1a78ea5e-f3eb-4fc8-b79b-d8ffed14c071
2026-08-15T13:15:10.480611458Z GetCartAsync called with userId=7c83c8f1-08fe-4458-a9a9-0c772a23d674
2026-08-15T13:15:10.501247319Z GetCartAsync called with userId=a3e940e3-04a9-4123-b8ae-9b66e1087df3
2026-08-15T13:15:10.893499912Z GetCartAsync called with userId=503c59e6-3248-41ab-b86d-35a34eadc2c8
2026-08-15T13:15:10.893556121Z GetCartAsync called with userId=be3bdda6-898f-4a6c-a1cb-3ded9cc31c28
2026-08-15T13:15:11.008678572Z GetCartAsync called with userId=9acecf4b-1a54-469f-a88c-1831fc170649
2026-08-15T13:15:11.431407529Z GetCartAsync called with userId=dbc81ea5-5531-4605-9216-4c4255eaf706
2026-08-15T13:15:12.837424248Z GetCartAsync called with userId=b7346bb4-8dd0-4f04-a092-01bc982d095c
2026-08-15T13:15:13.642655608Z GetCartAsync called with userId=be3bdda6-898f-4a6c-a1cb-3ded9cc31c28
2026-08-15T13:15:13.682798046Z Checking CartService Health
2026-08-15T13:15:14.818377815Z GetCartAsync called with userId=1a78ea5e-f3eb-4fc8-b79b-d8ffed14c071
2026-08-15T13:15:15.007853178Z GetCartAsync called with userId=b6862a64-9aa0-43ed-925f-989df9463214
2026-08-15T13:15:15.174033646Z GetCartAsync called with userId=b7346bb4-8dd0-4f04-a092-01bc982d095c
2026-08-15T13:15:15.740122554Z GetCartAsync called with userId=bfc202a9-206c-45fc-85e1-bb5fc4c56ed0
2026-08-15T13:15:16.023055640Z Checking CartService Health
2026-08-15T13:15:16.127571200Z GetCartAsync called with userId=1a78ea5e-f3eb-4fc8-b79b-d8ffed14c071
2026-08-15T13:15:16.418010284Z GetCartAsync called with userId=75fb99d4-1648-4332-8535-ad4aaffa2159
2026-08-15T13:15:16.702372570Z GetCartAsync called with userId=7c83c8f1-08fe-4458-a9a9-0c772a23d674
2026-08-15T13:15:16.764507471Z GetCartAsync called with userId=be3bdda6-898f-4a6c-a1cb-3ded9cc31c28
2026-08-15T13:15:16.819717936Z GetCartAsync called with userId=fe551a84-c24b-4719-a509-b9e5fdf64e37
2026-08-15T13:15:17.304943300Z GetCartAsync called with userId=b6862a64-9aa0-43ed-925f-989df9463214
2026-08-15T13:15:17.390246405Z GetCartAsync called with userId=2a3f6416-cbe5-4f35-a5b3-b222c38dd6b1
2026-08-15T13:15:17.613963934Z GetCartAsync called with userId=a3e940e3-04a9-4123-b8ae-9b66e1087df3
2026-08-15T13:15:18.094767572Z GetCartAsync called with userId=b7346bb4-8dd0-4f04-a092-01bc982d095c
2026-08-15T13:15:18.390649150Z GetCartAsync called with userId=bfc202a9-206c-45fc-85e1-bb5fc4c56ed0
2026-08-15T13:15:18.541061244Z GetCartAsync called with userId=adb034c7-2a87-4c97-ba43-226f28dee2e6
2026-08-15T13:15:18.961103907Z GetCartAsync called with userId=dbc81ea5-5531-4605-9216-4c4255eaf706
2026-08-15T13:15:19.246126401Z GetCartAsync called with userId=1a78ea5e-f3eb-4fc8-b79b-d8ffed14c071
2026-08-15T13:15:19.349221727Z GetCartAsync called with userId=503c59e6-3248-41ab-b86d-35a34eadc2c8
2026-08-15T13:15:19.834317070Z GetCartAsync called with userId=adb034c7-2a87-4c97-ba43-226f28dee2e6
2026-08-15T13:15:20.373539699Z GetCartAsync called with userId=9acecf4b-1a54-469f-a88c-1831fc170649
2026-08-15T13:15:20.883692256Z GetCartAsync called with userId=2a3f6416-cbe5-4f35-a5b3-b222c38dd6b1
2026-08-15T13:15:21.489074347Z GetCartAsync called with userId=adb034c7-2a87-4c97-ba43-226f28dee2e6
2026-08-15T13:15:21.631284495Z GetCartAsync called with userId=75fb99d4-1648-4332-8535-ad4aaffa2159
2026-08-15T13:15:22.103093156Z GetCartAsync called with userId=b6862a64-9aa0-43ed-925f-989df9463214
2026-08-15T13:15:22.337982720Z GetCartAsync called with userId=40e41bab-7ac7-4eb1-9d5c-3bd1e797c094
2026-08-15T13:15:22.350386856Z AddItemAsync called with userId=40e41bab-7ac7-4eb1-9d5c-3bd1e797c094, productId=6E92ZMYYFZ, quantity=9
2026-08-15T13:15:22.353902933Z GetCartAsync called with userId=40e41bab-7ac7-4eb1-9d5c-3bd1e797c094
2026-08-15T13:15:22.374086547Z GetCartAsync called with userId=40e41bab-7ac7-4eb1-9d5c-3bd1e797c094
2026-08-15T13:15:22.389310647Z EmptyCartAsync called with userId=40e41bab-7ac7-4eb1-9d5c-3bd1e797c094
2026-08-15T13:15:22.628791264Z GetCartAsync called with userId=fe551a84-c24b-4719-a509-b9e5fdf64e37
2026-08-15T13:15:22.681046744Z AddItemAsync called with userId=fe551a84-c24b-4719-a509-b9e5fdf64e37, productId=2ZYFJ3GM2N, quantity=7
2026-08-15T13:15:22.711971921Z GetCartAsync called with userId=fe551a84-c24b-4719-a509-b9e5fdf64e37
2026-08-15T13:15:22.757789243Z GetCartAsync called with userId=fe551a84-c24b-4719-a509-b9e5fdf64e37
2026-08-15T13:15:22.788748226Z EmptyCartAsync called with userId=fe551a84-c24b-4719-a509-b9e5fdf64e37
2026-08-15T13:15:23.104336839Z GetCartAsync called with userId=1a78ea5e-f3eb-4fc8-b79b-d8ffed14c071
2026-08-15T13:15:23.285074312Z GetCartAsync called with userId=7c83c8f1-08fe-4458-a9a9-0c772a23d674
2026-08-15T13:15:23.502354785Z GetCartAsync called with userId=a3e940e3-04a9-4123-b8ae-9b66e1087df3
2026-08-15T13:15:23.622117148Z AddItemAsync called with userId=a3e940e3-04a9-4123-b8ae-9b66e1087df3, productId=OLJCESPC7Z, quantity=3
2026-08-15T13:15:23.625663230Z GetCartAsync called with userId=a3e940e3-04a9-4123-b8ae-9b66e1087df3
2026-08-15T13:15:23.641467625Z GetCartAsync called with userId=a3e940e3-04a9-4123-b8ae-9b66e1087df3
2026-08-15T13:15:23.650398091Z EmptyCartAsync called with userId=a3e940e3-04a9-4123-b8ae-9b66e1087df3
2026-08-15T13:15:23.681625018Z Checking CartService Health
2026-08-15T13:15:25.264866963Z GetCartAsync called with userId=a3e940e3-04a9-4123-b8ae-9b66e1087df3
2026-08-15T13:15:25.402352237Z GetCartAsync called with userId=fe551a84-c24b-4719-a509-b9e5fdf64e37
2026-08-15T13:15:25.464203047Z AddItemAsync called with userId=fe551a84-c24b-4719-a509-b9e5fdf64e37, productId=2ZYFJ3GM2N, quantity=9
2026-08-15T13:15:25.550185602Z GetCartAsync called with userId=fe551a84-c24b-4719-a509-b9e5fdf64e37
2026-08-15T13:15:25.683812245Z GetCartAsync called with userId=7c83c8f1-08fe-4458-a9a9-0c772a23d674
2026-08-15T13:15:26.020401365Z Checking CartService Health
2026-08-15T13:15:26.279742057Z GetCartAsync called with userId=1a78ea5e-f3eb-4fc8-b79b-d8ffed14c071
2026-08-15T13:15:26.919499334Z GetCartAsync called with userId=be3bdda6-898f-4a6c-a1cb-3ded9cc31c28
2026-08-15T13:15:27.796465287Z GetCartAsync called with userId=503c59e6-3248-41ab-b86d-35a34eadc2c8
2026-08-15T13:15:27.996824838Z GetCartAsync called with userId=bfc202a9-206c-45fc-85e1-bb5fc4c56ed0
2026-08-15T13:15:28.066372107Z GetCartAsync called with userId=b7346bb4-8dd0-4f04-a092-01bc982d095c
2026-08-15T13:15:28.527864144Z GetCartAsync called with userId=75fb99d4-1648-4332-8535-ad4aaffa2159
2026-08-15T13:15:28.540048335Z AddItemAsync called with userId=75fb99d4-1648-4332-8535-ad4aaffa2159, productId=1YMWWN1N4O, quantity=7
2026-08-15T13:15:28.544156007Z GetCartAsync called with userId=75fb99d4-1648-4332-8535-ad4aaffa2159
2026-08-15T13:15:28.958809587Z GetCartAsync called with userId=dbc81ea5-5531-4605-9216-4c4255eaf706
2026-08-15T13:15:29.121582795Z AddItemAsync called with userId=dbc81ea5-5531-4605-9216-4c4255eaf706, productId=66VCHSJNUP, quantity=10
2026-08-15T13:15:29.126008518Z GetCartAsync called with userId=dbc81ea5-5531-4605-9216-4c4255eaf706
2026-08-15T13:15:29.400765031Z GetCartAsync called with userId=9acecf4b-1a54-469f-a88c-1831fc170649
2026-08-15T13:15:29.424188259Z GetCartAsync called with userId=b7346bb4-8dd0-4f04-a092-01bc982d095c
2026-08-15T13:15:29.617896723Z GetCartAsync called with userId=b6862a64-9aa0-43ed-925f-989df9463214
2026-08-15T13:15:29.970562971Z GetCartAsync called with userId=adb034c7-2a87-4c97-ba43-226f28dee2e6
2026-08-15T13:15:30.042279494Z GetCartAsync called with userId=2a3f6416-cbe5-4f35-a5b3-b222c38dd6b1
2026-08-15T13:15:30.273509492Z GetCartAsync called with userId=7c83c8f1-08fe-4458-a9a9-0c772a23d674
2026-08-15T13:15:30.359881310Z GetCartAsync called with userId=dbc81ea5-5531-4605-9216-4c4255eaf706
2026-08-15T13:15:30.824962034Z GetCartAsync called with userId=a3e940e3-04a9-4123-b8ae-9b66e1087df3
2026-08-15T13:15:30.912352719Z AddItemAsync called with userId=a3e940e3-04a9-4123-b8ae-9b66e1087df3, productId=6E92ZMYYFZ, quantity=1
2026-08-15T13:15:30.939952430Z GetCartAsync called with userId=a3e940e3-04a9-4123-b8ae-9b66e1087df3
2026-08-15T13:15:31.143608121Z GetCartAsync called with userId=40e41bab-7ac7-4eb1-9d5c-3bd1e797c094
2026-08-15T13:15:33.678673035Z Checking CartService Health
2026-08-15T13:15:34.336635034Z GetCartAsync called with userId=503c59e6-3248-41ab-b86d-35a34eadc2c8
2026-08-15T13:15:34.337248134Z GetCartAsync called with userId=fe551a84-c24b-4719-a509-b9e5fdf64e37
2026-08-15T13:15:34.506394895Z GetCartAsync called with userId=adb034c7-2a87-4c97-ba43-226f28dee2e6
2026-08-15T13:15:34.629171473Z GetCartAsync called with userId=bfc202a9-206c-45fc-85e1-bb5fc4c56ed0
2026-08-15T13:15:35.631154831Z GetCartAsync called with userId=40e41bab-7ac7-4eb1-9d5c-3bd1e797c094
2026-08-15T13:15:35.741761019Z GetCartAsync called with userId=1a78ea5e-f3eb-4fc8-b79b-d8ffed14c071
2026-08-15T13:15:35.774513675Z GetCartAsync called with userId=b7346bb4-8dd0-4f04-a092-01bc982d095c
2026-08-15T13:15:35.844848077Z AddItemAsync called with userId=b7346bb4-8dd0-4f04-a092-01bc982d095c, productId=66VCHSJNUP, quantity=5
2026-08-15T13:15:35.859245632Z GetCartAsync called with userId=b7346bb4-8dd0-4f04-a092-01bc982d095c
2026-08-15T13:15:36.016258908Z Checking CartService Health
2026-08-15T13:15:36.544422481Z GetCartAsync called with userId=b6862a64-9aa0-43ed-925f-989df9463214
2026-08-15T13:15:36.574692331Z GetCartAsync called with userId=a3e940e3-04a9-4123-b8ae-9b66e1087df3
2026-08-15T13:15:36.587216679Z AddItemAsync called with userId=a3e940e3-04a9-4123-b8ae-9b66e1087df3, productId=66VCHSJNUP, quantity=7
2026-08-15T13:15:36.591746020Z GetCartAsync called with userId=a3e940e3-04a9-4123-b8ae-9b66e1087df3
2026-08-15T13:15:36.731412660Z GetCartAsync called with userId=2a3f6416-cbe5-4f35-a5b3-b222c38dd6b1
2026-08-15T13:15:37.003207107Z GetCartAsync called with userId=9acecf4b-1a54-469f-a88c-1831fc170649
2026-08-15T13:15:37.058779295Z GetCartAsync called with userId=adb034c7-2a87-4c97-ba43-226f28dee2e6
2026-08-15T13:15:37.546353630Z GetCartAsync called with userId=75fb99d4-1648-4332-8535-ad4aaffa2159
2026-08-15T13:15:37.657077037Z GetCartAsync called with userId=1a78ea5e-f3eb-4fc8-b79b-d8ffed14c071
2026-08-15T13:15:37.841630117Z AddItemAsync called with userId=1a78ea5e-f3eb-4fc8-b79b-d8ffed14c071, productId=66VCHSJNUP, quantity=9
2026-08-15T13:15:37.856005368Z GetCartAsync called with userId=1a78ea5e-f3eb-4fc8-b79b-d8ffed14c071
2026-08-15T13:15:39.386433144Z GetCartAsync called with userId=dbc81ea5-5531-4605-9216-4c4255eaf706
2026-08-15T13:15:39.443785123Z GetCartAsync called with userId=2a3f6416-cbe5-4f35-a5b3-b222c38dd6b1
2026-08-15T13:15:39.540584453Z AddItemAsync called with userId=dbc81ea5-5531-4605-9216-4c4255eaf706, productId=L9ECAV7KIM, quantity=7
2026-08-15T13:15:39.619684989Z GetCartAsync called with userId=dbc81ea5-5531-4605-9216-4c4255eaf706
2026-08-15T13:15:39.921004163Z GetCartAsync called with userId=dbc81ea5-5531-4605-9216-4c4255eaf706
2026-08-15T13:15:40.033109682Z EmptyCartAsync called with userId=dbc81ea5-5531-4605-9216-4c4255eaf706
2026-08-15T13:15:40.048730735Z GetCartAsync called with userId=1a78ea5e-f3eb-4fc8-b79b-d8ffed14c071
2026-08-15T13:15:40.832773255Z GetCartAsync called with userId=503c59e6-3248-41ab-b86d-35a34eadc2c8
2026-08-15T13:15:40.919796875Z AddItemAsync called with userId=503c59e6-3248-41ab-b86d-35a34eadc2c8, productId=2ZYFJ3GM2N, quantity=1
2026-08-15T13:15:40.944876773Z GetCartAsync called with userId=503c59e6-3248-41ab-b86d-35a34eadc2c8
2026-08-15T13:15:41.019976445Z GetCartAsync called with userId=be3bdda6-898f-4a6c-a1cb-3ded9cc31c28
2026-08-15T13:15:41.107216901Z GetCartAsync called with userId=2a3f6416-cbe5-4f35-a5b3-b222c38dd6b1
2026-08-15T13:15:41.341875947Z GetCartAsync called with userId=503c59e6-3248-41ab-b86d-35a34eadc2c8
2026-08-15T13:15:41.427172985Z EmptyCartAsync called with userId=503c59e6-3248-41ab-b86d-35a34eadc2c8
2026-08-15T13:15:42.094271195Z GetCartAsync called with userId=40e41bab-7ac7-4eb1-9d5c-3bd1e797c094
2026-08-15T13:15:42.494683426Z GetCartAsync called with userId=b7346bb4-8dd0-4f04-a092-01bc982d095c
2026-08-15T13:15:43.411509744Z GetCartAsync called with userId=a3e940e3-04a9-4123-b8ae-9b66e1087df3
2026-08-15T13:15:43.421040101Z GetCartAsync called with userId=fe551a84-c24b-4719-a509-b9e5fdf64e37
2026-08-15T13:15:43.677789356Z Checking CartService Health
2026-08-15T13:15:43.799065974Z GetCartAsync called with userId=bfc202a9-206c-45fc-85e1-bb5fc4c56ed0
2026-08-15T13:15:44.063464479Z GetCartAsync called with userId=dbc81ea5-5531-4605-9216-4c4255eaf706
2026-08-15T13:15:44.159377052Z GetCartAsync called with userId=75fb99d4-1648-4332-8535-ad4aaffa2159
2026-08-15T13:15:44.159675501Z GetCartAsync called with userId=7c83c8f1-08fe-4458-a9a9-0c772a23d674
2026-08-15T13:15:44.378478255Z GetCartAsync called with userId=503c59e6-3248-41ab-b86d-35a34eadc2c8
2026-08-15T13:15:44.381173896Z GetCartAsync called with userId=1a78ea5e-f3eb-4fc8-b79b-d8ffed14c071
2026-08-15T13:15:45.092091166Z GetCartAsync called with userId=be3bdda6-898f-4a6c-a1cb-3ded9cc31c28
2026-08-15T13:15:45.157701688Z GetCartAsync called with userId=40e41bab-7ac7-4eb1-9d5c-3bd1e797c094
2026-08-15T13:15:45.159508883Z GetCartAsync called with userId=9acecf4b-1a54-469f-a88c-1831fc170649
2026-08-15T13:15:45.552803351Z GetCartAsync called with userId=bfc202a9-206c-45fc-85e1-bb5fc4c56ed0
2026-08-15T13:15:45.592362015Z GetCartAsync called with userId=75fb99d4-1648-4332-8535-ad4aaffa2159
2026-08-15T13:15:45.989802861Z GetCartAsync called with userId=b6862a64-9aa0-43ed-925f-989df9463214
2026-08-15T13:15:46.015256820Z Checking CartService Health
2026-08-15T13:15:46.609879987Z GetCartAsync called with userId=40e41bab-7ac7-4eb1-9d5c-3bd1e797c094
2026-08-15T13:15:46.739121706Z GetCartAsync called with userId=2a3f6416-cbe5-4f35-a5b3-b222c38dd6b1
2026-08-15T13:15:46.770747074Z AddItemAsync called with userId=2a3f6416-cbe5-4f35-a5b3-b222c38dd6b1, productId=0PUK6V6EV0, quantity=6
2026-08-15T13:15:46.807555089Z GetCartAsync called with userId=2a3f6416-cbe5-4f35-a5b3-b222c38dd6b1
2026-08-15T13:15:47.017129635Z GetCartAsync called with userId=7c83c8f1-08fe-4458-a9a9-0c772a23d674
2026-08-15T13:15:47.017726533Z GetCartAsync called with userId=bfc202a9-206c-45fc-85e1-bb5fc4c56ed0
2026-08-15T13:15:47.252873858Z AddItemAsync called with userId=bfc202a9-206c-45fc-85e1-bb5fc4c56ed0, productId=L9ECAV7KIM, quantity=8
2026-08-15T13:15:47.308647672Z GetCartAsync called with userId=bfc202a9-206c-45fc-85e1-bb5fc4c56ed0
2026-08-15T13:15:47.349766891Z GetCartAsync called with userId=bfc202a9-206c-45fc-85e1-bb5fc4c56ed0
2026-08-15T13:15:47.360597461Z EmptyCartAsync called with userId=bfc202a9-206c-45fc-85e1-bb5fc4c56ed0
2026-08-15T13:15:48.874900984Z GetCartAsync called with userId=adb034c7-2a87-4c97-ba43-226f28dee2e6
2026-08-15T13:15:48.940714800Z GetCartAsync called with userId=75fb99d4-1648-4332-8535-ad4aaffa2159
2026-08-15T13:15:50.281535265Z GetCartAsync called with userId=503c59e6-3248-41ab-b86d-35a34eadc2c8
2026-08-15T13:15:50.352995866Z GetCartAsync called with userId=b7346bb4-8dd0-4f04-a092-01bc982d095c
2026-08-15T13:15:50.509952468Z GetCartAsync called with userId=b6862a64-9aa0-43ed-925f-989df9463214
2026-08-15T13:15:50.721218883Z GetCartAsync called with userId=dbc81ea5-5531-4605-9216-4c4255eaf706
2026-08-15T13:15:51.103357481Z GetCartAsync called with userId=a3e940e3-04a9-4123-b8ae-9b66e1087df3
2026-08-15T13:15:51.736222278Z GetCartAsync called with userId=fe551a84-c24b-4719-a509-b9e5fdf64e37
2026-08-15T13:15:51.741300874Z GetCartAsync called with userId=bfc202a9-206c-45fc-85e1-bb5fc4c56ed0
2026-08-15T13:15:51.969700874Z GetCartAsync called with userId=be3bdda6-898f-4a6c-a1cb-3ded9cc31c28
2026-08-15T13:15:52.602295530Z GetCartAsync called with userId=40e41bab-7ac7-4eb1-9d5c-3bd1e797c094
2026-08-15T13:15:52.643120029Z GetCartAsync called with userId=b7346bb4-8dd0-4f04-a092-01bc982d095c
2026-08-15T13:15:53.085668695Z GetCartAsync called with userId=b6862a64-9aa0-43ed-925f-989df9463214
2026-08-15T13:15:53.113217013Z AddItemAsync called with userId=b6862a64-9aa0-43ed-925f-989df9463214, productId=66VCHSJNUP, quantity=10
2026-08-15T13:15:53.118342917Z GetCartAsync called with userId=b6862a64-9aa0-43ed-925f-989df9463214
2026-08-15T13:15:53.144593331Z GetCartAsync called with userId=b6862a64-9aa0-43ed-925f-989df9463214
2026-08-15T13:15:53.151731850Z EmptyCartAsync called with userId=b6862a64-9aa0-43ed-925f-989df9463214
2026-08-15T13:15:53.678702750Z Checking CartService Health
2026-08-15T13:15:53.934084279Z GetCartAsync called with userId=9acecf4b-1a54-469f-a88c-1831fc170649
2026-08-15T13:15:54.467413175Z GetCartAsync called with userId=1a78ea5e-f3eb-4fc8-b79b-d8ffed14c071
2026-08-15T13:15:54.579314215Z GetCartAsync called with userId=2a3f6416-cbe5-4f35-a5b3-b222c38dd6b1
2026-08-15T13:15:55.165541502Z GetCartAsync called with userId=b6862a64-9aa0-43ed-925f-989df9463214
2026-08-15T13:15:55.239323967Z GetCartAsync called with userId=75fb99d4-1648-4332-8535-ad4aaffa2159
2026-08-15T13:15:55.268669567Z GetCartAsync called with userId=b7346bb4-8dd0-4f04-a092-01bc982d095c
2026-08-15T13:15:55.716847616Z GetCartAsync called with userId=a3e940e3-04a9-4123-b8ae-9b66e1087df3
2026-08-15T13:15:56.016177204Z Checking CartService Health
2026-08-15T13:15:56.245435136Z GetCartAsync called with userId=b6862a64-9aa0-43ed-925f-989df9463214
2026-08-15T13:15:56.245475641Z GetCartAsync called with userId=503c59e6-3248-41ab-b86d-35a34eadc2c8
2026-08-15T13:15:56.608905508Z AddItemAsync called with userId=503c59e6-3248-41ab-b86d-35a34eadc2c8, productId=6E92ZMYYFZ, quantity=2
2026-08-15T13:15:56.611880246Z GetCartAsync called with userId=75fb99d4-1648-4332-8535-ad4aaffa2159
2026-08-15T13:15:56.622283827Z GetCartAsync called with userId=503c59e6-3248-41ab-b86d-35a34eadc2c8
2026-08-15T13:15:56.914726634Z GetCartAsync called with userId=7c83c8f1-08fe-4458-a9a9-0c772a23d674
2026-08-15T13:15:57.064638456Z GetCartAsync called with userId=adb034c7-2a87-4c97-ba43-226f28dee2e6
2026-08-15T13:15:57.532343923Z GetCartAsync called with userId=a3e940e3-04a9-4123-b8ae-9b66e1087df3
2026-08-15T13:15:58.305193079Z GetCartAsync called with userId=2a3f6416-cbe5-4f35-a5b3-b222c38dd6b1
2026-08-15T13:15:58.410169099Z AddItemAsync called with userId=2a3f6416-cbe5-4f35-a5b3-b222c38dd6b1, productId=LS4PSXUNUM, quantity=8
2026-08-15T13:15:58.500813292Z GetCartAsync called with userId=2a3f6416-cbe5-4f35-a5b3-b222c38dd6b1
2026-08-15T13:15:58.516983828Z GetCartAsync called with userId=2a3f6416-cbe5-4f35-a5b3-b222c38dd6b1
2026-08-15T13:15:58.527758051Z EmptyCartAsync called with userId=2a3f6416-cbe5-4f35-a5b3-b222c38dd6b1
2026-08-15T13:15:58.914617279Z GetCartAsync called with userId=dbc81ea5-5531-4605-9216-4c4255eaf706
2026-08-15T13:16:00.088829910Z GetCartAsync called with userId=bfc202a9-206c-45fc-85e1-bb5fc4c56ed0
2026-08-15T13:16:00.245808335Z GetCartAsync called with userId=503c59e6-3248-41ab-b86d-35a34eadc2c8
2026-08-15T13:16:00.533233272Z GetCartAsync called with userId=dbc81ea5-5531-4605-9216-4c4255eaf706
2026-08-15T13:16:00.814262982Z GetCartAsync called with userId=7c83c8f1-08fe-4458-a9a9-0c772a23d674
2026-08-15T13:16:00.909482694Z GetCartAsync called with userId=2a3f6416-cbe5-4f35-a5b3-b222c38dd6b1
2026-08-15T13:16:01.112643163Z GetCartAsync called with userId=1a78ea5e-f3eb-4fc8-b79b-d8ffed14c071
2026-08-15T13:16:01.754132804Z GetCartAsync called with userId=9acecf4b-1a54-469f-a88c-1831fc170649
2026-08-15T13:16:01.866938213Z GetCartAsync called with userId=adb034c7-2a87-4c97-ba43-226f28dee2e6
2026-08-15T13:16:01.935062648Z AddItemAsync called with userId=adb034c7-2a87-4c97-ba43-226f28dee2e6, productId=2ZYFJ3GM2N, quantity=7
2026-08-15T13:16:01.943479104Z GetCartAsync called with userId=adb034c7-2a87-4c97-ba43-226f28dee2e6
2026-08-15T13:16:02.224033761Z GetCartAsync called with userId=40e41bab-7ac7-4eb1-9d5c-3bd1e797c094
2026-08-15T13:16:02.244004729Z GetCartAsync called with userId=be3bdda6-898f-4a6c-a1cb-3ded9cc31c28
2026-08-15T13:16:03.200868980Z GetCartAsync called with userId=2a3f6416-cbe5-4f35-a5b3-b222c38dd6b1
2026-08-15T13:16:03.674448855Z Checking CartService Health
2026-08-15T13:16:04.092136118Z GetCartAsync called with userId=fe551a84-c24b-4719-a509-b9e5fdf64e37
2026-08-15T13:16:04.732551995Z GetCartAsync called with userId=b6862a64-9aa0-43ed-925f-989df9463214
2026-08-15T13:16:05.080881743Z GetCartAsync called with userId=75fb99d4-1648-4332-8535-ad4aaffa2159
2026-08-15T13:16:05.086437225Z GetCartAsync called with userId=be3bdda6-898f-4a6c-a1cb-3ded9cc31c28
2026-08-15T13:16:05.138570193Z AddItemAsync called with userId=75fb99d4-1648-4332-8535-ad4aaffa2159, productId=66VCHSJNUP, quantity=4
2026-08-15T13:16:05.149050256Z GetCartAsync called with userId=75fb99d4-1648-4332-8535-ad4aaffa2159
2026-08-15T13:16:05.305331844Z GetCartAsync called with userId=1a78ea5e-f3eb-4fc8-b79b-d8ffed14c071
2026-08-15T13:16:05.444857874Z GetCartAsync called with userId=75fb99d4-1648-4332-8535-ad4aaffa2159
2026-08-15T13:16:05.523282113Z EmptyCartAsync called with userId=75fb99d4-1648-4332-8535-ad4aaffa2159
2026-08-15T13:16:06.011324522Z Checking CartService Health
2026-08-15T13:16:07.294727083Z GetCartAsync called with userId=dbc81ea5-5531-4605-9216-4c4255eaf706
2026-08-15T13:16:07.353498605Z GetCartAsync called with userId=bfc202a9-206c-45fc-85e1-bb5fc4c56ed0
2026-08-15T13:16:07.598114003Z GetCartAsync called with userId=fe551a84-c24b-4719-a509-b9e5fdf64e37
2026-08-15T13:16:07.702053189Z AddItemAsync called with userId=fe551a84-c24b-4719-a509-b9e5fdf64e37, productId=6E92ZMYYFZ, quantity=6
2026-08-15T13:16:07.716655605Z GetCartAsync called with userId=fe551a84-c24b-4719-a509-b9e5fdf64e37
2026-08-15T13:16:07.939922118Z GetCartAsync called with userId=b7346bb4-8dd0-4f04-a092-01bc982d095c
2026-08-15T13:16:07.952356090Z GetCartAsync called with userId=503c59e6-3248-41ab-b86d-35a34eadc2c8
2026-08-15T13:16:09.054110540Z GetCartAsync called with userId=7c83c8f1-08fe-4458-a9a9-0c772a23d674
2026-08-15T13:16:09.265481466Z GetCartAsync called with userId=a3e940e3-04a9-4123-b8ae-9b66e1087df3
2026-08-15T13:16:09.684847181Z GetCartAsync called with userId=9acecf4b-1a54-469f-a88c-1831fc170649
2026-08-15T13:16:09.739259912Z GetCartAsync called with userId=2a3f6416-cbe5-4f35-a5b3-b222c38dd6b1
2026-08-15T13:16:09.839836364Z AddItemAsync called with userId=2a3f6416-cbe5-4f35-a5b3-b222c38dd6b1, productId=OLJCESPC7Z, quantity=7
2026-08-15T13:16:09.844863262Z GetCartAsync called with userId=2a3f6416-cbe5-4f35-a5b3-b222c38dd6b1
2026-08-15T13:16:10.033430070Z GetCartAsync called with userId=503c59e6-3248-41ab-b86d-35a34eadc2c8
2026-08-15T13:16:10.481316710Z GetCartAsync called with userId=adb034c7-2a87-4c97-ba43-226f28dee2e6
2026-08-15T13:16:10.544919298Z GetCartAsync called with userId=b6862a64-9aa0-43ed-925f-989df9463214
2026-08-15T13:16:11.515002163Z GetCartAsync called with userId=40e41bab-7ac7-4eb1-9d5c-3bd1e797c094
2026-08-15T13:16:12.031812471Z GetCartAsync called with userId=be3bdda6-898f-4a6c-a1cb-3ded9cc31c28
2026-08-15T13:16:12.109411525Z GetCartAsync called with userId=7c83c8f1-08fe-4458-a9a9-0c772a23d674
2026-08-15T13:16:13.087187687Z GetCartAsync called with userId=9acecf4b-1a54-469f-a88c-1831fc170649
2026-08-15T13:16:13.673413614Z Checking CartService Health
2026-08-15T13:16:13.756195893Z GetCartAsync called with userId=bfc202a9-206c-45fc-85e1-bb5fc4c56ed0
2026-08-15T13:16:14.218077625Z GetCartAsync called with userId=dbc81ea5-5531-4605-9216-4c4255eaf706
2026-08-15T13:16:14.323326081Z GetCartAsync called with userId=b7346bb4-8dd0-4f04-a092-01bc982d095c
2026-08-15T13:16:14.802634987Z GetCartAsync called with userId=1a78ea5e-f3eb-4fc8-b79b-d8ffed14c071
2026-08-15T13:16:15.490563005Z GetCartAsync called with userId=75fb99d4-1648-4332-8535-ad4aaffa2159
2026-08-15T13:16:15.756670870Z GetCartAsync called with userId=40e41bab-7ac7-4eb1-9d5c-3bd1e797c094
2026-08-15T13:16:15.775692398Z GetCartAsync called with userId=a3e940e3-04a9-4123-b8ae-9b66e1087df3
2026-08-15T13:16:15.833320773Z AddItemAsync called with userId=40e41bab-7ac7-4eb1-9d5c-3bd1e797c094, productId=2ZYFJ3GM2N, quantity=1
2026-08-15T13:16:15.838071429Z GetCartAsync called with userId=40e41bab-7ac7-4eb1-9d5c-3bd1e797c094
2026-08-15T13:16:16.011152183Z Checking CartService Health
2026-08-15T13:16:16.509626041Z GetCartAsync called with userId=b7346bb4-8dd0-4f04-a092-01bc982d095c
2026-08-15T13:16:17.077622166Z GetCartAsync called with userId=be3bdda6-898f-4a6c-a1cb-3ded9cc31c28
2026-08-15T13:16:17.738131219Z GetCartAsync called with userId=fe551a84-c24b-4719-a509-b9e5fdf64e37
2026-08-15T13:16:17.836343855Z AddItemAsync called with userId=fe551a84-c24b-4719-a509-b9e5fdf64e37, productId=66VCHSJNUP, quantity=10
2026-08-15T13:16:17.850839362Z GetCartAsync called with userId=fe551a84-c24b-4719-a509-b9e5fdf64e37
2026-08-15T13:16:17.944402158Z GetCartAsync called with userId=b6862a64-9aa0-43ed-925f-989df9463214
2026-08-15T13:16:18.047699803Z GetCartAsync called with userId=9acecf4b-1a54-469f-a88c-1831fc170649
2026-08-15T13:16:18.373383352Z GetCartAsync called with userId=bfc202a9-206c-45fc-85e1-bb5fc4c56ed0
2026-08-15T13:16:18.492467310Z GetCartAsync called with userId=2a3f6416-cbe5-4f35-a5b3-b222c38dd6b1
2026-08-15T13:16:19.742829068Z GetCartAsync called with userId=503c59e6-3248-41ab-b86d-35a34eadc2c8
2026-08-15T13:16:20.121305990Z GetCartAsync called with userId=7c83c8f1-08fe-4458-a9a9-0c772a23d674
2026-08-15T13:16:20.144475606Z GetCartAsync called with userId=bfc202a9-206c-45fc-85e1-bb5fc4c56ed0
2026-08-15T13:16:20.300290530Z GetCartAsync called with userId=fe551a84-c24b-4719-a509-b9e5fdf64e37
2026-08-15T13:16:20.403250318Z GetCartAsync called with userId=adb034c7-2a87-4c97-ba43-226f28dee2e6
2026-08-15T13:16:21.375938207Z GetCartAsync called with userId=7c83c8f1-08fe-4458-a9a9-0c772a23d674
2026-08-15T13:16:21.536469386Z GetCartAsync called with userId=1a78ea5e-f3eb-4fc8-b79b-d8ffed14c071
2026-08-15T13:16:21.567794233Z AddItemAsync called with userId=1a78ea5e-f3eb-4fc8-b79b-d8ffed14c071, productId=L9ECAV7KIM, quantity=7
2026-08-15T13:16:21.576209501Z GetCartAsync called with userId=1a78ea5e-f3eb-4fc8-b79b-d8ffed14c071
2026-08-15T13:16:22.991566123Z GetCartAsync called with userId=1a78ea5e-f3eb-4fc8-b79b-d8ffed14c071
2026-08-15T13:16:23.262356403Z GetCartAsync called with userId=fe551a84-c24b-4719-a509-b9e5fdf64e37
2026-08-15T13:16:23.674241865Z Checking CartService Health
2026-08-15T13:16:23.781039686Z GetCartAsync called with userId=2a3f6416-cbe5-4f35-a5b3-b222c38dd6b1
2026-08-15T13:16:23.817863696Z GetCartAsync called with userId=a3e940e3-04a9-4123-b8ae-9b66e1087df3
2026-08-15T13:16:23.963597821Z GetCartAsync called with userId=75fb99d4-1648-4332-8535-ad4aaffa2159
2026-08-15T13:16:23.974798276Z AddItemAsync called with userId=75fb99d4-1648-4332-8535-ad4aaffa2159, productId=1YMWWN1N4O, quantity=10
2026-08-15T13:16:23.979337406Z GetCartAsync called with userId=75fb99d4-1648-4332-8535-ad4aaffa2159
2026-08-15T13:16:24.432165949Z GetCartAsync called with userId=40e41bab-7ac7-4eb1-9d5c-3bd1e797c094
2026-08-15T13:16:25.621264571Z GetCartAsync called with userId=7c83c8f1-08fe-4458-a9a9-0c772a23d674
2026-08-15T13:16:25.877178787Z GetCartAsync called with userId=503c59e6-3248-41ab-b86d-35a34eadc2c8
2026-08-15T13:16:26.008595125Z Checking CartService Health
2026-08-15T13:16:26.300431926Z GetCartAsync called with userId=dbc81ea5-5531-4605-9216-4c4255eaf706
2026-08-15T13:16:26.468209110Z GetCartAsync called with userId=b6862a64-9aa0-43ed-925f-989df9463214
2026-08-15T13:16:26.682147100Z GetCartAsync called with userId=adb034c7-2a87-4c97-ba43-226f28dee2e6
2026-08-15T13:16:26.735599018Z GetCartAsync called with userId=bfc202a9-206c-45fc-85e1-bb5fc4c56ed0
2026-08-15T13:16:26.853593593Z AddItemAsync called with userId=bfc202a9-206c-45fc-85e1-bb5fc4c56ed0, productId=OLJCESPC7Z, quantity=4
2026-08-15T13:16:26.939487114Z GetCartAsync called with userId=bfc202a9-206c-45fc-85e1-bb5fc4c56ed0
2026-08-15T13:16:27.208274016Z GetCartAsync called with userId=1a78ea5e-f3eb-4fc8-b79b-d8ffed14c071
2026-08-15T13:16:27.312381087Z AddItemAsync called with userId=1a78ea5e-f3eb-4fc8-b79b-d8ffed14c071, productId=2ZYFJ3GM2N, quantity=9
2026-08-15T13:16:27.318520039Z GetCartAsync called with userId=1a78ea5e-f3eb-4fc8-b79b-d8ffed14c071
2026-08-15T13:16:27.794142645Z GetCartAsync called with userId=9acecf4b-1a54-469f-a88c-1831fc170649
2026-08-15T13:16:27.895939573Z GetCartAsync called with userId=fe551a84-c24b-4719-a509-b9e5fdf64e37
2026-08-15T13:16:27.927852201Z AddItemAsync called with userId=9acecf4b-1a54-469f-a88c-1831fc170649, productId=0PUK6V6EV0, quantity=6
2026-08-15T13:16:27.947368510Z GetCartAsync called with userId=9acecf4b-1a54-469f-a88c-1831fc170649
2026-08-15T13:16:28.166280306Z GetCartAsync called with userId=40e41bab-7ac7-4eb1-9d5c-3bd1e797c094
2026-08-15T13:16:28.489571823Z GetCartAsync called with userId=b7346bb4-8dd0-4f04-a092-01bc982d095c
2026-08-15T13:16:28.700121682Z GetCartAsync called with userId=2a3f6416-cbe5-4f35-a5b3-b222c38dd6b1
2026-08-15T13:16:28.800525897Z AddItemAsync called with userId=2a3f6416-cbe5-4f35-a5b3-b222c38dd6b1, productId=6E92ZMYYFZ, quantity=8
2026-08-15T13:16:28.809016271Z GetCartAsync called with userId=a3e940e3-04a9-4123-b8ae-9b66e1087df3
2026-08-15T13:16:28.814567415Z GetCartAsync called with userId=2a3f6416-cbe5-4f35-a5b3-b222c38dd6b1
2026-08-15T13:16:29.014637813Z GetCartAsync called with userId=2a3f6416-cbe5-4f35-a5b3-b222c38dd6b1
2026-08-15T13:16:29.114694413Z EmptyCartAsync called with userId=2a3f6416-cbe5-4f35-a5b3-b222c38dd6b1
2026-08-15T13:16:30.132824187Z GetCartAsync called with userId=fe551a84-c24b-4719-a509-b9e5fdf64e37
2026-08-15T13:16:30.542101785Z GetCartAsync called with userId=be3bdda6-898f-4a6c-a1cb-3ded9cc31c28
2026-08-15T13:16:30.932195140Z GetCartAsync called with userId=40e41bab-7ac7-4eb1-9d5c-3bd1e797c094
2026-08-15T13:16:31.030127546Z GetCartAsync called with userId=dbc81ea5-5531-4605-9216-4c4255eaf706
2026-08-15T13:16:32.930494717Z GetCartAsync called with userId=75fb99d4-1648-4332-8535-ad4aaffa2159
2026-08-15T13:16:33.667753339Z Checking CartService Health
2026-08-15T13:16:34.201087993Z GetCartAsync called with userId=503c59e6-3248-41ab-b86d-35a34eadc2c8
2026-08-15T13:16:34.425280652Z GetCartAsync called with userId=fe551a84-c24b-4719-a509-b9e5fdf64e37
2026-08-15T13:16:34.500104242Z GetCartAsync called with userId=b6862a64-9aa0-43ed-925f-989df9463214
2026-08-15T13:16:34.664359566Z GetCartAsync called with userId=b7346bb4-8dd0-4f04-a092-01bc982d095c
2026-08-15T13:16:35.132488452Z GetCartAsync called with userId=7c83c8f1-08fe-4458-a9a9-0c772a23d674
2026-08-15T13:16:35.167909110Z GetCartAsync called with userId=bfc202a9-206c-45fc-85e1-bb5fc4c56ed0
2026-08-15T13:16:35.718790835Z GetCartAsync called with userId=1a78ea5e-f3eb-4fc8-b79b-d8ffed14c071
2026-08-15T13:16:35.736849429Z AddItemAsync called with userId=1a78ea5e-f3eb-4fc8-b79b-d8ffed14c071, productId=66VCHSJNUP, quantity=7
2026-08-15T13:16:35.742980999Z GetCartAsync called with userId=1a78ea5e-f3eb-4fc8-b79b-d8ffed14c071
2026-08-15T13:16:36.003665063Z Checking CartService Health
2026-08-15T13:16:36.028157622Z GetCartAsync called with userId=adb034c7-2a87-4c97-ba43-226f28dee2e6
2026-08-15T13:16:37.263890080Z GetCartAsync called with userId=1a78ea5e-f3eb-4fc8-b79b-d8ffed14c071
2026-08-15T13:16:37.338786327Z GetCartAsync called with userId=503c59e6-3248-41ab-b86d-35a34eadc2c8
2026-08-15T13:16:37.634165197Z GetCartAsync called with userId=a3e940e3-04a9-4123-b8ae-9b66e1087df3
2026-08-15T13:16:37.786293779Z GetCartAsync called with userId=be3bdda6-898f-4a6c-a1cb-3ded9cc31c28
2026-08-15T13:16:38.055752211Z GetCartAsync called with userId=2a3f6416-cbe5-4f35-a5b3-b222c38dd6b1
2026-08-15T13:16:38.132986147Z GetCartAsync called with userId=9acecf4b-1a54-469f-a88c-1831fc170649
2026-08-15T13:16:39.793423070Z GetCartAsync called with userId=40e41bab-7ac7-4eb1-9d5c-3bd1e797c094
2026-08-15T13:16:39.957075936Z GetCartAsync called with userId=75fb99d4-1648-4332-8535-ad4aaffa2159
2026-08-15T13:16:40.132116141Z GetCartAsync called with userId=adb034c7-2a87-4c97-ba43-226f28dee2e6
2026-08-15T13:16:40.213700143Z GetCartAsync called with userId=dbc81ea5-5531-4605-9216-4c4255eaf706
2026-08-15T13:16:40.272207565Z GetCartAsync called with userId=503c59e6-3248-41ab-b86d-35a34eadc2c8
2026-08-15T13:16:40.612446157Z GetCartAsync called with userId=b7346bb4-8dd0-4f04-a092-01bc982d095c
2026-08-15T13:16:40.700344888Z GetCartAsync called with userId=b6862a64-9aa0-43ed-925f-989df9463214
2026-08-15T13:16:40.795439243Z AddItemAsync called with userId=b6862a64-9aa0-43ed-925f-989df9463214, productId=L9ECAV7KIM, quantity=7
2026-08-15T13:16:40.800909987Z GetCartAsync called with userId=b6862a64-9aa0-43ed-925f-989df9463214
2026-08-15T13:16:41.381325642Z GetCartAsync called with userId=bfc202a9-206c-45fc-85e1-bb5fc4c56ed0
2026-08-15T13:16:42.542861389Z GetCartAsync called with userId=2a3f6416-cbe5-4f35-a5b3-b222c38dd6b1
2026-08-15T13:16:43.132554098Z GetCartAsync called with userId=7c83c8f1-08fe-4458-a9a9-0c772a23d674
2026-08-15T13:16:43.667013790Z Checking CartService Health
2026-08-15T13:16:44.019920679Z GetCartAsync called with userId=503c59e6-3248-41ab-b86d-35a34eadc2c8
2026-08-15T13:16:44.637228600Z GetCartAsync called with userId=fe551a84-c24b-4719-a509-b9e5fdf64e37
2026-08-15T13:16:44.742817703Z AddItemAsync called with userId=fe551a84-c24b-4719-a509-b9e5fdf64e37, productId=6E92ZMYYFZ, quantity=7
2026-08-15T13:16:44.757247636Z GetCartAsync called with userId=fe551a84-c24b-4719-a509-b9e5fdf64e37
2026-08-15T13:16:45.304954096Z GetCartAsync called with userId=1a78ea5e-f3eb-4fc8-b79b-d8ffed14c071
2026-08-15T13:16:46.002512644Z Checking CartService Health
2026-08-15T13:16:46.428811404Z GetCartAsync called with userId=9acecf4b-1a54-469f-a88c-1831fc170649
2026-08-15T13:16:46.861804132Z GetCartAsync called with userId=a3e940e3-04a9-4123-b8ae-9b66e1087df3
2026-08-15T13:16:46.931745082Z GetCartAsync called with userId=adb034c7-2a87-4c97-ba43-226f28dee2e6
2026-08-15T13:16:47.133252956Z GetCartAsync called with userId=b7346bb4-8dd0-4f04-a092-01bc982d095c
2026-08-15T13:16:47.378776469Z GetCartAsync called with userId=be3bdda6-898f-4a6c-a1cb-3ded9cc31c28
2026-08-15T13:16:47.565482640Z GetCartAsync called with userId=dbc81ea5-5531-4605-9216-4c4255eaf706
2026-08-15T13:16:47.668841421Z GetCartAsync called with userId=75fb99d4-1648-4332-8535-ad4aaffa2159
2026-08-15T13:16:47.706019264Z AddItemAsync called with userId=75fb99d4-1648-4332-8535-ad4aaffa2159, productId=LS4PSXUNUM, quantity=4
2026-08-15T13:16:47.727856101Z GetCartAsync called with userId=40e41bab-7ac7-4eb1-9d5c-3bd1e797c094
2026-08-15T13:16:47.728707162Z GetCartAsync called with userId=75fb99d4-1648-4332-8535-ad4aaffa2159
2026-08-15T13:16:48.154654655Z GetCartAsync called with userId=503c59e6-3248-41ab-b86d-35a34eadc2c8
2026-08-15T13:16:48.386734621Z GetCartAsync called with userId=2a3f6416-cbe5-4f35-a5b3-b222c38dd6b1
2026-08-15T13:16:48.446607664Z AddItemAsync called with userId=2a3f6416-cbe5-4f35-a5b3-b222c38dd6b1, productId=2ZYFJ3GM2N, quantity=10
2026-08-15T13:16:48.497863474Z GetCartAsync called with userId=2a3f6416-cbe5-4f35-a5b3-b222c38dd6b1
2026-08-15T13:16:48.626441532Z GetCartAsync called with userId=fe551a84-c24b-4719-a509-b9e5fdf64e37
2026-08-15T13:16:48.777440938Z GetCartAsync called with userId=b6862a64-9aa0-43ed-925f-989df9463214
2026-08-15T13:16:48.789021432Z GetCartAsync called with userId=be3bdda6-898f-4a6c-a1cb-3ded9cc31c28
2026-08-15T13:16:49.122090930Z GetCartAsync called with userId=dbc81ea5-5531-4605-9216-4c4255eaf706
2026-08-15T13:16:50.232771742Z GetCartAsync called with userId=bfc202a9-206c-45fc-85e1-bb5fc4c56ed0
2026-08-15T13:16:50.878409754Z GetCartAsync called with userId=be3bdda6-898f-4a6c-a1cb-3ded9cc31c28
2026-08-15T13:16:50.899470144Z GetCartAsync called with userId=b6862a64-9aa0-43ed-925f-989df9463214
2026-08-15T13:16:51.093985594Z AddItemAsync called with userId=b6862a64-9aa0-43ed-925f-989df9463214, productId=2ZYFJ3GM2N, quantity=6
2026-08-15T13:16:51.103586413Z GetCartAsync called with userId=b6862a64-9aa0-43ed-925f-989df9463214
2026-08-15T13:16:51.938466476Z GetCartAsync called with userId=a3e940e3-04a9-4123-b8ae-9b66e1087df3
2026-08-15T13:16:52.056317507Z GetCartAsync called with userId=7c83c8f1-08fe-4458-a9a9-0c772a23d674
2026-08-15T13:16:52.227173733Z AddItemAsync called with userId=7c83c8f1-08fe-4458-a9a9-0c772a23d674, productId=L9ECAV7KIM, quantity=2
2026-08-15T13:16:52.237745455Z GetCartAsync called with userId=7c83c8f1-08fe-4458-a9a9-0c772a23d674
2026-08-15T13:16:53.108896633Z GetCartAsync called with userId=dbc81ea5-5531-4605-9216-4c4255eaf706
2026-08-15T13:16:53.587774224Z GetCartAsync called with userId=503c59e6-3248-41ab-b86d-35a34eadc2c8
2026-08-15T13:16:53.667406894Z Checking CartService Health
2026-08-15T13:16:53.695324940Z GetCartAsync called with userId=9acecf4b-1a54-469f-a88c-1831fc170649
2026-08-15T13:16:53.697145237Z AddItemAsync called with userId=503c59e6-3248-41ab-b86d-35a34eadc2c8, productId=0PUK6V6EV0, quantity=1
2026-08-15T13:16:53.700740122Z GetCartAsync called with userId=503c59e6-3248-41ab-b86d-35a34eadc2c8
2026-08-15T13:16:53.853282366Z GetCartAsync called with userId=40e41bab-7ac7-4eb1-9d5c-3bd1e797c094
2026-08-15T13:16:54.421991288Z GetCartAsync called with userId=2a3f6416-cbe5-4f35-a5b3-b222c38dd6b1
2026-08-15T13:16:54.749298594Z GetCartAsync called with userId=bfc202a9-206c-45fc-85e1-bb5fc4c56ed0
2026-08-15T13:16:55.068331753Z GetCartAsync called with userId=adb034c7-2a87-4c97-ba43-226f28dee2e6
2026-08-15T13:16:55.473204491Z GetCartAsync called with userId=1a78ea5e-f3eb-4fc8-b79b-d8ffed14c071
2026-08-15T13:16:56.000505269Z Checking CartService Health
2026-08-15T13:16:56.488137686Z GetCartAsync called with userId=b7346bb4-8dd0-4f04-a092-01bc982d095c
2026-08-15T13:16:56.540968091Z GetCartAsync called with userId=b6862a64-9aa0-43ed-925f-989df9463214
2026-08-15T13:16:56.638311544Z AddItemAsync called with userId=b7346bb4-8dd0-4f04-a092-01bc982d095c, productId=9SIQT8TOJO, quantity=2
2026-08-15T13:16:56.729497195Z GetCartAsync called with userId=b7346bb4-8dd0-4f04-a092-01bc982d095c
2026-08-15T13:16:56.839440201Z GetCartAsync called with userId=75fb99d4-1648-4332-8535-ad4aaffa2159
2026-08-15T13:16:57.001026017Z GetCartAsync called with userId=503c59e6-3248-41ab-b86d-35a34eadc2c8
2026-08-15T13:16:57.053821815Z GetCartAsync called with userId=bfc202a9-206c-45fc-85e1-bb5fc4c56ed0
2026-08-15T13:16:57.361191986Z GetCartAsync called with userId=fe551a84-c24b-4719-a509-b9e5fdf64e37
2026-08-15T13:16:58.209396227Z GetCartAsync called with userId=7c83c8f1-08fe-4458-a9a9-0c772a23d674
2026-08-15T13:16:58.519455025Z GetCartAsync called with userId=dbc81ea5-5531-4605-9216-4c4255eaf706
2026-08-15T13:16:59.635191737Z GetCartAsync called with userId=1a78ea5e-f3eb-4fc8-b79b-d8ffed14c071
2026-08-15T13:16:59.740096322Z AddItemAsync called with userId=1a78ea5e-f3eb-4fc8-b79b-d8ffed14c071, productId=LS4PSXUNUM, quantity=7
2026-08-15T13:16:59.796798357Z GetCartAsync called with userId=1a78ea5e-f3eb-4fc8-b79b-d8ffed14c071
2026-08-15T13:17:01.157393972Z GetCartAsync called with userId=1a78ea5e-f3eb-4fc8-b79b-d8ffed14c071
2026-08-15T13:17:01.230185802Z GetCartAsync called with userId=a3e940e3-04a9-4123-b8ae-9b66e1087df3
2026-08-15T13:17:01.451768113Z GetCartAsync called with userId=adb034c7-2a87-4c97-ba43-226f28dee2e6
2026-08-15T13:17:01.536712318Z AddItemAsync called with userId=adb034c7-2a87-4c97-ba43-226f28dee2e6, productId=2ZYFJ3GM2N, quantity=10
2026-08-15T13:17:01.549496196Z GetCartAsync called with userId=adb034c7-2a87-4c97-ba43-226f28dee2e6
2026-08-15T13:17:02.134145513Z GetCartAsync called with userId=2a3f6416-cbe5-4f35-a5b3-b222c38dd6b1
2026-08-15T13:17:02.235445576Z AddItemAsync called with userId=2a3f6416-cbe5-4f35-a5b3-b222c38dd6b1, productId=66VCHSJNUP, quantity=7
2026-08-15T13:17:02.243231441Z GetCartAsync called with userId=2a3f6416-cbe5-4f35-a5b3-b222c38dd6b1
2026-08-15T13:17:02.329422949Z GetCartAsync called with userId=2a3f6416-cbe5-4f35-a5b3-b222c38dd6b1
2026-08-15T13:17:02.337194112Z EmptyCartAsync called with userId=2a3f6416-cbe5-4f35-a5b3-b222c38dd6b1
2026-08-15T13:17:02.648886968Z GetCartAsync called with userId=40e41bab-7ac7-4eb1-9d5c-3bd1e797c094
2026-08-15T13:17:02.679592959Z AddItemAsync called with userId=40e41bab-7ac7-4eb1-9d5c-3bd1e797c094, productId=1YMWWN1N4O, quantity=9
2026-08-15T13:17:02.685996799Z GetCartAsync called with userId=40e41bab-7ac7-4eb1-9d5c-3bd1e797c094
2026-08-15T13:17:02.991381030Z GetCartAsync called with userId=1a78ea5e-f3eb-4fc8-b79b-d8ffed14c071
2026-08-15T13:17:03.318263655Z GetCartAsync called with userId=9acecf4b-1a54-469f-a88c-1831fc170649
2026-08-15T13:17:03.665486885Z Checking CartService Health
2026-08-15T13:17:03.910645528Z GetCartAsync called with userId=503c59e6-3248-41ab-b86d-35a34eadc2c8
2026-08-15T13:17:04.284893951Z GetCartAsync called with userId=7c83c8f1-08fe-4458-a9a9-0c772a23d674
2026-08-15T13:17:04.607038706Z GetCartAsync called with userId=1a78ea5e-f3eb-4fc8-b79b-d8ffed14c071
2026-08-15T13:17:04.946360352Z GetCartAsync called with userId=be3bdda6-898f-4a6c-a1cb-3ded9cc31c28
2026-08-15T13:17:05.094450119Z GetCartAsync called with userId=bfc202a9-206c-45fc-85e1-bb5fc4c56ed0
2026-08-15T13:17:05.197747207Z GetCartAsync called with userId=b7346bb4-8dd0-4f04-a092-01bc982d095c
2026-08-15T13:17:06.002482292Z Checking CartService Health
2026-08-15T13:17:06.623494619Z GetCartAsync called with userId=adb034c7-2a87-4c97-ba43-226f28dee2e6
2026-08-15T13:17:07.086459659Z GetCartAsync called with userId=fe551a84-c24b-4719-a509-b9e5fdf64e37
2026-08-15T13:17:07.196165689Z GetCartAsync called with userId=a3e940e3-04a9-4123-b8ae-9b66e1087df3
2026-08-15T13:17:07.967359423Z GetCartAsync called with userId=b7346bb4-8dd0-4f04-a092-01bc982d095c
2026-08-15T13:17:08.110174521Z GetCartAsync called with userId=503c59e6-3248-41ab-b86d-35a34eadc2c8
2026-08-15T13:17:08.185806382Z GetCartAsync called with userId=1a78ea5e-f3eb-4fc8-b79b-d8ffed14c071
2026-08-15T13:17:08.209976400Z GetCartAsync called with userId=40e41bab-7ac7-4eb1-9d5c-3bd1e797c094
2026-08-15T13:17:08.318209046Z AddItemAsync called with userId=40e41bab-7ac7-4eb1-9d5c-3bd1e797c094, productId=2ZYFJ3GM2N, quantity=4
2026-08-15T13:17:08.402708145Z GetCartAsync called with userId=40e41bab-7ac7-4eb1-9d5c-3bd1e797c094
2026-08-15T13:17:08.504809597Z GetCartAsync called with userId=dbc81ea5-5531-4605-9216-4c4255eaf706
2026-08-15T13:17:08.593156319Z GetCartAsync called with userId=40e41bab-7ac7-4eb1-9d5c-3bd1e797c094
2026-08-15T13:17:08.616051230Z EmptyCartAsync called with userId=40e41bab-7ac7-4eb1-9d5c-3bd1e797c094
2026-08-15T13:17:08.698809647Z GetCartAsync called with userId=b6862a64-9aa0-43ed-925f-989df9463214
2026-08-15T13:17:09.023980061Z GetCartAsync called with userId=75fb99d4-1648-4332-8535-ad4aaffa2159
2026-08-15T13:17:09.438404945Z GetCartAsync called with userId=9acecf4b-1a54-469f-a88c-1831fc170649
2026-08-15T13:17:09.525567276Z GetCartAsync called with userId=adb034c7-2a87-4c97-ba43-226f28dee2e6
2026-08-15T13:17:09.650145171Z AddItemAsync called with userId=adb034c7-2a87-4c97-ba43-226f28dee2e6, productId=2ZYFJ3GM2N, quantity=8
2026-08-15T13:17:09.733836639Z GetCartAsync called with userId=adb034c7-2a87-4c97-ba43-226f28dee2e6
2026-08-15T13:17:09.941860763Z GetCartAsync called with userId=adb034c7-2a87-4c97-ba43-226f28dee2e6
2026-08-15T13:17:10.072622861Z EmptyCartAsync called with userId=adb034c7-2a87-4c97-ba43-226f28dee2e6
2026-08-15T13:17:10.128002039Z GetCartAsync called with userId=a3e940e3-04a9-4123-b8ae-9b66e1087df3
2026-08-15T13:17:11.149776083Z GetCartAsync called with userId=be3bdda6-898f-4a6c-a1cb-3ded9cc31c28
2026-08-15T13:17:12.026074943Z GetCartAsync called with userId=adb034c7-2a87-4c97-ba43-226f28dee2e6
2026-08-15T13:17:12.187308581Z GetCartAsync called with userId=2a3f6416-cbe5-4f35-a5b3-b222c38dd6b1
2026-08-15T13:17:13.279456233Z GetCartAsync called with userId=503c59e6-3248-41ab-b86d-35a34eadc2c8
2026-08-15T13:17:13.411650064Z GetCartAsync called with userId=bfc202a9-206c-45fc-85e1-bb5fc4c56ed0
2026-08-15T13:17:13.428532001Z AddItemAsync called with userId=bfc202a9-206c-45fc-85e1-bb5fc4c56ed0, productId=1YMWWN1N4O, quantity=5
2026-08-15T13:17:13.432551052Z GetCartAsync called with userId=bfc202a9-206c-45fc-85e1-bb5fc4c56ed0
2026-08-15T13:17:13.676518303Z Checking CartService Health
2026-08-15T13:17:13.902749978Z GetCartAsync called with userId=a3e940e3-04a9-4123-b8ae-9b66e1087df3
2026-08-15T13:17:14.008355098Z AddItemAsync called with userId=a3e940e3-04a9-4123-b8ae-9b66e1087df3, productId=6E92ZMYYFZ, quantity=2
2026-08-15T13:17:14.092708473Z GetCartAsync called with userId=a3e940e3-04a9-4123-b8ae-9b66e1087df3
2026-08-15T13:17:14.099039099Z GetCartAsync called with userId=7c83c8f1-08fe-4458-a9a9-0c772a23d674
2026-08-15T13:17:15.646266626Z GetCartAsync called with userId=1a78ea5e-f3eb-4fc8-b79b-d8ffed14c071
2026-08-15T13:17:15.758864880Z GetCartAsync called with userId=fe551a84-c24b-4719-a509-b9e5fdf64e37
2026-08-15T13:17:15.998710362Z Checking CartService Health
2026-08-15T13:17:16.008587163Z GetCartAsync called with userId=9acecf4b-1a54-469f-a88c-1831fc170649
2026-08-15T13:17:16.362607349Z GetCartAsync called with userId=be3bdda6-898f-4a6c-a1cb-3ded9cc31c28
2026-08-15T13:17:16.681854864Z GetCartAsync called with userId=b7346bb4-8dd0-4f04-a092-01bc982d095c
2026-08-15T13:17:16.970483268Z GetCartAsync called with userId=40e41bab-7ac7-4eb1-9d5c-3bd1e797c094
2026-08-15T13:17:17.042366327Z AddItemAsync called with userId=40e41bab-7ac7-4eb1-9d5c-3bd1e797c094, productId=0PUK6V6EV0, quantity=6
2026-08-15T13:17:17.095965172Z GetCartAsync called with userId=40e41bab-7ac7-4eb1-9d5c-3bd1e797c094
2026-08-15T13:17:17.142635352Z GetCartAsync called with userId=40e41bab-7ac7-4eb1-9d5c-3bd1e797c094
2026-08-15T13:17:17.153438414Z EmptyCartAsync called with userId=40e41bab-7ac7-4eb1-9d5c-3bd1e797c094
2026-08-15T13:17:17.514177812Z GetCartAsync called with userId=2a3f6416-cbe5-4f35-a5b3-b222c38dd6b1
2026-08-15T13:17:17.692694476Z GetCartAsync called with userId=7c83c8f1-08fe-4458-a9a9-0c772a23d674
2026-08-15T13:17:17.792548738Z AddItemAsync called with userId=7c83c8f1-08fe-4458-a9a9-0c772a23d674, productId=0PUK6V6EV0, quantity=9
2026-08-15T13:17:17.796832297Z GetCartAsync called with userId=dbc81ea5-5531-4605-9216-4c4255eaf706
2026-08-15T13:17:17.807320511Z GetCartAsync called with userId=7c83c8f1-08fe-4458-a9a9-0c772a23d674
2026-08-15T13:17:17.925508794Z GetCartAsync called with userId=75fb99d4-1648-4332-8535-ad4aaffa2159
2026-08-15T13:17:18.009403501Z GetCartAsync called with userId=b6862a64-9aa0-43ed-925f-989df9463214
2026-08-15T13:17:18.366867695Z GetCartAsync called with userId=a3e940e3-04a9-4123-b8ae-9b66e1087df3
2026-08-15T13:17:19.099282173Z GetCartAsync called with userId=503c59e6-3248-41ab-b86d-35a34eadc2c8
2026-08-15T13:17:19.439699745Z GetCartAsync called with userId=adb034c7-2a87-4c97-ba43-226f28dee2e6
2026-08-15T13:17:19.619082142Z GetCartAsync called with userId=1a78ea5e-f3eb-4fc8-b79b-d8ffed14c071
2026-08-15T13:17:19.703461423Z AddItemAsync called with userId=1a78ea5e-f3eb-4fc8-b79b-d8ffed14c071, productId=L9ECAV7KIM, quantity=9
2026-08-15T13:17:19.733050775Z GetCartAsync called with userId=1a78ea5e-f3eb-4fc8-b79b-d8ffed14c071
2026-08-15T13:17:20.002416816Z GetCartAsync called with userId=1a78ea5e-f3eb-4fc8-b79b-d8ffed14c071
2026-08-15T13:17:20.117047151Z EmptyCartAsync called with userId=1a78ea5e-f3eb-4fc8-b79b-d8ffed14c071
2026-08-15T13:17:21.236820923Z GetCartAsync called with userId=be3bdda6-898f-4a6c-a1cb-3ded9cc31c28
2026-08-15T13:17:21.356752574Z GetCartAsync called with userId=bfc202a9-206c-45fc-85e1-bb5fc4c56ed0
2026-08-15T13:17:21.813432832Z GetCartAsync called with userId=fe551a84-c24b-4719-a509-b9e5fdf64e37
2026-08-15T13:17:22.224878131Z GetCartAsync called with userId=40e41bab-7ac7-4eb1-9d5c-3bd1e797c094
2026-08-15T13:17:22.600406004Z GetCartAsync called with userId=9acecf4b-1a54-469f-a88c-1831fc170649
2026-08-15T13:17:22.697892102Z AddItemAsync called with userId=9acecf4b-1a54-469f-a88c-1831fc170649, productId=9SIQT8TOJO, quantity=10
2026-08-15T13:17:22.706022153Z GetCartAsync called with userId=9acecf4b-1a54-469f-a88c-1831fc170649
2026-08-15T13:17:22.829153496Z GetCartAsync called with userId=503c59e6-3248-41ab-b86d-35a34eadc2c8
2026-08-15T13:17:22.893665721Z GetCartAsync called with userId=a3e940e3-04a9-4123-b8ae-9b66e1087df3
2026-08-15T13:17:23.664599025Z Checking CartService Health
2026-08-15T13:17:24.134520122Z GetCartAsync called with userId=2a3f6416-cbe5-4f35-a5b3-b222c38dd6b1
2026-08-15T13:17:24.147018983Z AddItemAsync called with userId=2a3f6416-cbe5-4f35-a5b3-b222c38dd6b1, productId=9SIQT8TOJO, quantity=4
2026-08-15T13:17:24.151516473Z GetCartAsync called with userId=2a3f6416-cbe5-4f35-a5b3-b222c38dd6b1
2026-08-15T13:17:24.605283681Z GetCartAsync called with userId=adb034c7-2a87-4c97-ba43-226f28dee2e6
2026-08-15T13:17:24.872050329Z GetCartAsync called with userId=dbc81ea5-5531-4605-9216-4c4255eaf706
2026-08-15T13:17:25.289448877Z GetCartAsync called with userId=7c83c8f1-08fe-4458-a9a9-0c772a23d674
2026-08-15T13:17:25.350247298Z GetCartAsync called with userId=b7346bb4-8dd0-4f04-a092-01bc982d095c
2026-08-15T13:17:25.746013891Z GetCartAsync called with userId=503c59e6-3248-41ab-b86d-35a34eadc2c8
2026-08-15T13:17:25.795689900Z AddItemAsync called with userId=503c59e6-3248-41ab-b86d-35a34eadc2c8, productId=LS4PSXUNUM, quantity=9
2026-08-15T13:17:25.825225616Z GetCartAsync called with userId=503c59e6-3248-41ab-b86d-35a34eadc2c8
2026-08-15T13:17:26.003959878Z Checking CartService Health
2026-08-15T13:17:26.296329013Z GetCartAsync called with userId=2a3f6416-cbe5-4f35-a5b3-b222c38dd6b1
2026-08-15T13:17:26.810834835Z GetCartAsync called with userId=1a78ea5e-f3eb-4fc8-b79b-d8ffed14c071
2026-08-15T13:17:26.931453569Z GetCartAsync called with userId=bfc202a9-206c-45fc-85e1-bb5fc4c56ed0
2026-08-15T13:17:26.942935519Z GetCartAsync called with userId=40e41bab-7ac7-4eb1-9d5c-3bd1e797c094
2026-08-15T13:17:27.125706820Z AddItemAsync called with userId=bfc202a9-206c-45fc-85e1-bb5fc4c56ed0, productId=0PUK6V6EV0, quantity=8
2026-08-15T13:17:27.194120070Z GetCartAsync called with userId=bfc202a9-206c-45fc-85e1-bb5fc4c56ed0
2026-08-15T13:17:27.636227746Z GetCartAsync called with userId=2a3f6416-cbe5-4f35-a5b3-b222c38dd6b1
2026-08-15T13:17:27.736220033Z AddItemAsync called with userId=2a3f6416-cbe5-4f35-a5b3-b222c38dd6b1, productId=LS4PSXUNUM, quantity=5
2026-08-15T13:17:27.828149143Z GetCartAsync called with userId=2a3f6416-cbe5-4f35-a5b3-b222c38dd6b1
2026-08-15T13:17:28.133717815Z GetCartAsync called with userId=b6862a64-9aa0-43ed-925f-989df9463214
2026-08-15T13:17:28.220346848Z AddItemAsync called with userId=b6862a64-9aa0-43ed-925f-989df9463214, productId=LS4PSXUNUM, quantity=3
2026-08-15T13:17:28.232584681Z GetCartAsync called with userId=b6862a64-9aa0-43ed-925f-989df9463214
2026-08-15T13:17:28.325368784Z GetCartAsync called with userId=7c83c8f1-08fe-4458-a9a9-0c772a23d674
2026-08-15T13:17:28.437012840Z AddItemAsync called with userId=7c83c8f1-08fe-4458-a9a9-0c772a23d674, productId=1YMWWN1N4O, quantity=6
2026-08-15T13:17:28.520626244Z GetCartAsync called with userId=7c83c8f1-08fe-4458-a9a9-0c772a23d674
2026-08-15T13:17:28.627036631Z GetCartAsync called with userId=75fb99d4-1648-4332-8535-ad4aaffa2159
2026-08-15T13:17:28.641388594Z GetCartAsync called with userId=7c83c8f1-08fe-4458-a9a9-0c772a23d674
2026-08-15T13:17:28.832471600Z GetCartAsync called with userId=bfc202a9-206c-45fc-85e1-bb5fc4c56ed0
2026-08-15T13:17:28.835846067Z EmptyCartAsync called with userId=7c83c8f1-08fe-4458-a9a9-0c772a23d674
2026-08-15T13:17:30.292145338Z GetCartAsync called with userId=9acecf4b-1a54-469f-a88c-1831fc170649
2026-08-15T13:17:30.387527424Z GetCartAsync called with userId=b7346bb4-8dd0-4f04-a092-01bc982d095c
2026-08-15T13:17:30.536772974Z GetCartAsync called with userId=dbc81ea5-5531-4605-9216-4c4255eaf706
2026-08-15T13:17:30.687633601Z GetCartAsync called with userId=b6862a64-9aa0-43ed-925f-989df9463214
2026-08-15T13:17:30.725459820Z AddItemAsync called with userId=dbc81ea5-5531-4605-9216-4c4255eaf706, productId=6E92ZMYYFZ, quantity=5
2026-08-15T13:17:30.741503367Z GetCartAsync called with userId=dbc81ea5-5531-4605-9216-4c4255eaf706
2026-08-15T13:17:31.585128426Z GetCartAsync called with userId=fe551a84-c24b-4719-a509-b9e5fdf64e37
2026-08-15T13:17:32.011704474Z GetCartAsync called with userId=40e41bab-7ac7-4eb1-9d5c-3bd1e797c094
2026-08-15T13:17:32.030170385Z GetCartAsync called with userId=be3bdda6-898f-4a6c-a1cb-3ded9cc31c28
2026-08-15T13:17:32.211569367Z GetCartAsync called with userId=a3e940e3-04a9-4123-b8ae-9b66e1087df3
2026-08-15T13:17:32.420493397Z GetCartAsync called with userId=9acecf4b-1a54-469f-a88c-1831fc170649
2026-08-15T13:17:33.289948791Z GetCartAsync called with userId=adb034c7-2a87-4c97-ba43-226f28dee2e6
2026-08-15T13:17:33.660700731Z Checking CartService Health
2026-08-15T13:17:33.918687282Z GetCartAsync called with userId=7c83c8f1-08fe-4458-a9a9-0c772a23d674
2026-08-15T13:17:34.022238257Z GetCartAsync called with userId=9acecf4b-1a54-469f-a88c-1831fc170649
2026-08-15T13:17:34.063629403Z GetCartAsync called with userId=dbc81ea5-5531-4605-9216-4c4255eaf706
2026-08-15T13:17:34.305836635Z GetCartAsync called with userId=b6862a64-9aa0-43ed-925f-989df9463214
2026-08-15T13:17:34.905631689Z GetCartAsync called with userId=1a78ea5e-f3eb-4fc8-b79b-d8ffed14c071
2026-08-15T13:17:35.009773754Z GetCartAsync called with userId=503c59e6-3248-41ab-b86d-35a34eadc2c8
2026-08-15T13:17:35.122120478Z AddItemAsync called with userId=503c59e6-3248-41ab-b86d-35a34eadc2c8, productId=9SIQT8TOJO, quantity=7
2026-08-15T13:17:35.131086453Z GetCartAsync called with userId=503c59e6-3248-41ab-b86d-35a34eadc2c8
2026-08-15T13:17:35.320854146Z GetCartAsync called with userId=503c59e6-3248-41ab-b86d-35a34eadc2c8
2026-08-15T13:17:35.322675425Z GetCartAsync called with userId=b7346bb4-8dd0-4f04-a092-01bc982d095c
2026-08-15T13:17:35.440614506Z EmptyCartAsync called with userId=503c59e6-3248-41ab-b86d-35a34eadc2c8
2026-08-15T13:17:35.821388782Z GetCartAsync called with userId=bfc202a9-206c-45fc-85e1-bb5fc4c56ed0
2026-08-15T13:17:35.999084124Z Checking CartService Health
2026-08-15T13:17:36.329504680Z GetCartAsync called with userId=9acecf4b-1a54-469f-a88c-1831fc170649
2026-08-15T13:17:36.753228340Z GetCartAsync called with userId=503c59e6-3248-41ab-b86d-35a34eadc2c8
2026-08-15T13:17:37.267935549Z GetCartAsync called with userId=7c83c8f1-08fe-4458-a9a9-0c772a23d674
2026-08-15T13:17:37.320755647Z GetCartAsync called with userId=2a3f6416-cbe5-4f35-a5b3-b222c38dd6b1
2026-08-15T13:17:37.877984274Z GetCartAsync called with userId=75fb99d4-1648-4332-8535-ad4aaffa2159
2026-08-15T13:17:38.903106634Z GetCartAsync called with userId=40e41bab-7ac7-4eb1-9d5c-3bd1e797c094
2026-08-15T13:17:39.322732266Z GetCartAsync called with userId=be3bdda6-898f-4a6c-a1cb-3ded9cc31c28
2026-08-15T13:17:39.428895542Z AddItemAsync called with userId=be3bdda6-898f-4a6c-a1cb-3ded9cc31c28, productId=66VCHSJNUP, quantity=5
2026-08-15T13:17:39.493386028Z GetCartAsync called with userId=be3bdda6-898f-4a6c-a1cb-3ded9cc31c28
2026-08-15T13:17:39.987668406Z GetCartAsync called with userId=fe551a84-c24b-4719-a509-b9e5fdf64e37
2026-08-15T13:17:40.240353824Z GetCartAsync called with userId=adb034c7-2a87-4c97-ba43-226f28dee2e6
2026-08-15T13:17:41.334201519Z GetCartAsync called with userId=a3e940e3-04a9-4123-b8ae-9b66e1087df3
2026-08-15T13:17:41.421081497Z GetCartAsync called with userId=9acecf4b-1a54-469f-a88c-1831fc170649
2026-08-15T13:17:42.245813443Z GetCartAsync called with userId=503c59e6-3248-41ab-b86d-35a34eadc2c8
2026-08-15T13:17:42.976468894Z GetCartAsync called with userId=7c83c8f1-08fe-4458-a9a9-0c772a23d674
2026-08-15T13:17:43.263635644Z GetCartAsync called with userId=dbc81ea5-5531-4605-9216-4c4255eaf706
2026-08-15T13:17:43.326919161Z GetCartAsync called with userId=b7346bb4-8dd0-4f04-a092-01bc982d095c
2026-08-15T13:17:43.652512673Z GetCartAsync called with userId=b6862a64-9aa0-43ed-925f-989df9463214
2026-08-15T13:17:43.670899325Z Checking CartService Health
2026-08-15T13:17:44.328693473Z GetCartAsync called with userId=2a3f6416-cbe5-4f35-a5b3-b222c38dd6b1
2026-08-15T13:17:44.814380320Z GetCartAsync called with userId=75fb99d4-1648-4332-8535-ad4aaffa2159
2026-08-15T13:17:44.828962782Z GetCartAsync called with userId=bfc202a9-206c-45fc-85e1-bb5fc4c56ed0
2026-08-15T13:17:44.889102612Z GetCartAsync called with userId=1a78ea5e-f3eb-4fc8-b79b-d8ffed14c071
2026-08-15T13:17:44.889128316Z GetCartAsync called with userId=b7346bb4-8dd0-4f04-a092-01bc982d095c
2026-08-15T13:17:45.055151672Z GetCartAsync called with userId=b6862a64-9aa0-43ed-925f-989df9463214
2026-08-15T13:17:45.411201509Z GetCartAsync called with userId=503c59e6-3248-41ab-b86d-35a34eadc2c8
2026-08-15T13:17:45.958656839Z GetCartAsync called with userId=be3bdda6-898f-4a6c-a1cb-3ded9cc31c28
2026-08-15T13:17:45.997577777Z Checking CartService Health
2026-08-15T13:17:46.259982085Z GetCartAsync called with userId=9acecf4b-1a54-469f-a88c-1831fc170649
2026-08-15T13:17:46.828784827Z GetCartAsync called with userId=adb034c7-2a87-4c97-ba43-226f28dee2e6
2026-08-15T13:17:47.039242276Z GetCartAsync called with userId=fe551a84-c24b-4719-a509-b9e5fdf64e37
2026-08-15T13:17:47.127457862Z GetCartAsync called with userId=40e41bab-7ac7-4eb1-9d5c-3bd1e797c094
2026-08-15T13:17:47.812160684Z GetCartAsync called with userId=a3e940e3-04a9-4123-b8ae-9b66e1087df3
2026-08-15T13:17:48.239440909Z GetCartAsync called with userId=1a78ea5e-f3eb-4fc8-b79b-d8ffed14c071
2026-08-15T13:17:48.487493204Z AddItemAsync called with userId=1a78ea5e-f3eb-4fc8-b79b-d8ffed14c071, productId=9SIQT8TOJO, quantity=5
2026-08-15T13:17:48.519798291Z GetCartAsync called with userId=1a78ea5e-f3eb-4fc8-b79b-d8ffed14c071
2026-08-15T13:17:49.348464922Z GetCartAsync called with userId=fe551a84-c24b-4719-a509-b9e5fdf64e37
2026-08-15T13:17:49.822731040Z GetCartAsync called with userId=75fb99d4-1648-4332-8535-ad4aaffa2159
2026-08-15T13:17:50.556465715Z GetCartAsync called with userId=b6862a64-9aa0-43ed-925f-989df9463214
2026-08-15T13:17:50.832894891Z GetCartAsync called with userId=7c83c8f1-08fe-4458-a9a9-0c772a23d674
2026-08-15T13:17:51.151404363Z GetCartAsync called with userId=40e41bab-7ac7-4eb1-9d5c-3bd1e797c094
2026-08-15T13:17:51.400162066Z GetCartAsync called with userId=503c59e6-3248-41ab-b86d-35a34eadc2c8
2026-08-15T13:17:51.577910107Z GetCartAsync called with userId=a3e940e3-04a9-4123-b8ae-9b66e1087df3
2026-08-15T13:17:52.041487175Z GetCartAsync called with userId=9acecf4b-1a54-469f-a88c-1831fc170649
2026-08-15T13:17:52.317626606Z GetCartAsync called with userId=b7346bb4-8dd0-4f04-a092-01bc982d095c
2026-08-15T13:17:52.704204686Z GetCartAsync called with userId=dbc81ea5-5531-4605-9216-4c4255eaf706
2026-08-15T13:17:52.790036637Z GetCartAsync called with userId=fe551a84-c24b-4719-a509-b9e5fdf64e37
2026-08-15T13:17:53.230337512Z GetCartAsync called with userId=9acecf4b-1a54-469f-a88c-1831fc170649
2026-08-15T13:17:53.338991586Z AddItemAsync called with userId=9acecf4b-1a54-469f-a88c-1831fc170649, productId=0PUK6V6EV0, quantity=6
2026-08-15T13:17:53.427507351Z GetCartAsync called with userId=9acecf4b-1a54-469f-a88c-1831fc170649
2026-08-15T13:17:53.428647927Z GetCartAsync called with userId=2a3f6416-cbe5-4f35-a5b3-b222c38dd6b1
2026-08-15T13:17:53.642512644Z GetCartAsync called with userId=9acecf4b-1a54-469f-a88c-1831fc170649
2026-08-15T13:17:53.659459560Z EmptyCartAsync called with userId=9acecf4b-1a54-469f-a88c-1831fc170649
2026-08-15T13:17:53.660665947Z Checking CartService Health
2026-08-15T13:17:54.293418432Z GetCartAsync called with userId=503c59e6-3248-41ab-b86d-35a34eadc2c8
2026-08-15T13:17:54.657719173Z GetCartAsync called with userId=adb034c7-2a87-4c97-ba43-226f28dee2e6
2026-08-15T13:17:55.429336497Z GetCartAsync called with userId=be3bdda6-898f-4a6c-a1cb-3ded9cc31c28
2026-08-15T13:17:55.581318760Z GetCartAsync called with userId=9acecf4b-1a54-469f-a88c-1831fc170649
2026-08-15T13:17:55.862964741Z GetCartAsync called with userId=adb034c7-2a87-4c97-ba43-226f28dee2e6
2026-08-15T13:17:55.884988241Z AddItemAsync called with userId=adb034c7-2a87-4c97-ba43-226f28dee2e6, productId=9SIQT8TOJO, quantity=10
2026-08-15T13:17:55.892530706Z GetCartAsync called with userId=adb034c7-2a87-4c97-ba43-226f28dee2e6
2026-08-15T13:17:55.987609084Z GetCartAsync called with userId=fe551a84-c24b-4719-a509-b9e5fdf64e37
2026-08-15T13:17:55.994481045Z Checking CartService Health
2026-08-15T13:17:56.929023799Z GetCartAsync called with userId=75fb99d4-1648-4332-8535-ad4aaffa2159
2026-08-15T13:17:57.025710849Z GetCartAsync called with userId=b7346bb4-8dd0-4f04-a092-01bc982d095c
2026-08-15T13:17:57.129378043Z GetCartAsync called with userId=a3e940e3-04a9-4123-b8ae-9b66e1087df3
2026-08-15T13:17:57.219591326Z AddItemAsync called with userId=b7346bb4-8dd0-4f04-a092-01bc982d095c, productId=L9ECAV7KIM, quantity=10
2026-08-15T13:17:57.230158805Z GetCartAsync called with userId=b7346bb4-8dd0-4f04-a092-01bc982d095c
2026-08-15T13:17:57.512290187Z GetCartAsync called with userId=fe551a84-c24b-4719-a509-b9e5fdf64e37
2026-08-15T13:17:57.692471215Z GetCartAsync called with userId=adb034c7-2a87-4c97-ba43-226f28dee2e6
2026-08-15T13:17:57.788880324Z GetCartAsync called with userId=be3bdda6-898f-4a6c-a1cb-3ded9cc31c28
2026-08-15T13:17:57.983226670Z GetCartAsync called with userId=1a78ea5e-f3eb-4fc8-b79b-d8ffed14c071
2026-08-15T13:17:57.992547163Z GetCartAsync called with userId=dbc81ea5-5531-4605-9216-4c4255eaf706
2026-08-15T13:17:58.119067472Z GetCartAsync called with userId=503c59e6-3248-41ab-b86d-35a34eadc2c8
2026-08-15T13:17:58.121102176Z GetCartAsync called with userId=bfc202a9-206c-45fc-85e1-bb5fc4c56ed0
2026-08-15T13:18:00.030245905Z GetCartAsync called with userId=b6862a64-9aa0-43ed-925f-989df9463214
2026-08-15T13:18:00.125211898Z AddItemAsync called with userId=b6862a64-9aa0-43ed-925f-989df9463214, productId=OLJCESPC7Z, quantity=5
2026-08-15T13:18:00.180785404Z GetCartAsync called with userId=b6862a64-9aa0-43ed-925f-989df9463214
2026-08-15T13:18:00.430180977Z GetCartAsync called with userId=b7346bb4-8dd0-4f04-a092-01bc982d095c
2026-08-15T13:18:00.616255987Z GetCartAsync called with userId=adb034c7-2a87-4c97-ba43-226f28dee2e6
2026-08-15T13:18:00.794703556Z GetCartAsync called with userId=7c83c8f1-08fe-4458-a9a9-0c772a23d674
2026-08-15T13:18:01.645348489Z GetCartAsync called with userId=b6862a64-9aa0-43ed-925f-989df9463214
2026-08-15T13:18:01.733403449Z AddItemAsync called with userId=b6862a64-9aa0-43ed-925f-989df9463214, productId=LS4PSXUNUM, quantity=1
2026-08-15T13:18:01.820146013Z GetCartAsync called with userId=b6862a64-9aa0-43ed-925f-989df9463214
2026-08-15T13:18:01.824057598Z GetCartAsync called with userId=a3e940e3-04a9-4123-b8ae-9b66e1087df3
2026-08-15T13:18:02.029325876Z GetCartAsync called with userId=75fb99d4-1648-4332-8535-ad4aaffa2159
2026-08-15T13:18:02.121980923Z GetCartAsync called with userId=503c59e6-3248-41ab-b86d-35a34eadc2c8
2026-08-15T13:18:02.220897707Z GetCartAsync called with userId=bfc202a9-206c-45fc-85e1-bb5fc4c56ed0
2026-08-15T13:18:02.376165612Z GetCartAsync called with userId=2a3f6416-cbe5-4f35-a5b3-b222c38dd6b1
2026-08-15T13:18:03.341044917Z GetCartAsync called with userId=be3bdda6-898f-4a6c-a1cb-3ded9cc31c28
2026-08-15T13:18:03.350565340Z AddItemAsync called with userId=be3bdda6-898f-4a6c-a1cb-3ded9cc31c28, productId=2ZYFJ3GM2N, quantity=2
2026-08-15T13:18:03.354282096Z GetCartAsync called with userId=be3bdda6-898f-4a6c-a1cb-3ded9cc31c28
2026-08-15T13:18:03.654957333Z Checking CartService Health
2026-08-15T13:18:03.722054661Z GetCartAsync called with userId=9acecf4b-1a54-469f-a88c-1831fc170649
2026-08-15T13:18:03.737223528Z AddItemAsync called with userId=9acecf4b-1a54-469f-a88c-1831fc170649, productId=2ZYFJ3GM2N, quantity=1
2026-08-15T13:18:03.742235977Z GetCartAsync called with userId=9acecf4b-1a54-469f-a88c-1831fc170649
2026-08-15T13:18:04.691905655Z GetCartAsync called with userId=7c83c8f1-08fe-4458-a9a9-0c772a23d674
2026-08-15T13:18:04.700123738Z GetCartAsync called with userId=40e41bab-7ac7-4eb1-9d5c-3bd1e797c094
2026-08-15T13:18:04.704694051Z AddItemAsync called with userId=7c83c8f1-08fe-4458-a9a9-0c772a23d674, productId=L9ECAV7KIM, quantity=7
2026-08-15T13:18:04.708609363Z GetCartAsync called with userId=7c83c8f1-08fe-4458-a9a9-0c772a23d674
2026-08-15T13:18:05.992707818Z Checking CartService Health
2026-08-15T13:18:06.499286398Z GetCartAsync called with userId=bfc202a9-206c-45fc-85e1-bb5fc4c56ed0
2026-08-15T13:18:06.588842779Z GetCartAsync called with userId=9acecf4b-1a54-469f-a88c-1831fc170649
2026-08-15T13:18:06.784246182Z AddItemAsync called with userId=9acecf4b-1a54-469f-a88c-1831fc170649, productId=1YMWWN1N4O, quantity=9
2026-08-15T13:18:06.792436061Z GetCartAsync called with userId=9acecf4b-1a54-469f-a88c-1831fc170649
2026-08-15T13:18:06.830940872Z GetCartAsync called with userId=be3bdda6-898f-4a6c-a1cb-3ded9cc31c28
2026-08-15T13:18:06.914201969Z GetCartAsync called with userId=1a78ea5e-f3eb-4fc8-b79b-d8ffed14c071
2026-08-15T13:18:06.987906675Z GetCartAsync called with userId=dbc81ea5-5531-4605-9216-4c4255eaf706
2026-08-15T13:18:07.189105283Z GetCartAsync called with userId=fe551a84-c24b-4719-a509-b9e5fdf64e37
2026-08-15T13:18:07.191475253Z GetCartAsync called with userId=40e41bab-7ac7-4eb1-9d5c-3bd1e797c094
2026-08-15T13:18:08.127642195Z GetCartAsync called with userId=b7346bb4-8dd0-4f04-a092-01bc982d095c
2026-08-15T13:18:08.222861959Z GetCartAsync called with userId=adb034c7-2a87-4c97-ba43-226f28dee2e6
2026-08-15T13:18:08.326588652Z GetCartAsync called with userId=a3e940e3-04a9-4123-b8ae-9b66e1087df3
2026-08-15T13:18:08.414145620Z AddItemAsync called with userId=adb034c7-2a87-4c97-ba43-226f28dee2e6, productId=2ZYFJ3GM2N, quantity=2
2026-08-15T13:18:08.423658005Z GetCartAsync called with userId=adb034c7-2a87-4c97-ba43-226f28dee2e6
2026-08-15T13:18:08.520665548Z GetCartAsync called with userId=adb034c7-2a87-4c97-ba43-226f28dee2e6
2026-08-15T13:18:08.550914770Z EmptyCartAsync called with userId=adb034c7-2a87-4c97-ba43-226f28dee2e6
2026-08-15T13:18:08.706864215Z GetCartAsync called with userId=2a3f6416-cbe5-4f35-a5b3-b222c38dd6b1
2026-08-15T13:18:09.699379553Z GetCartAsync called with userId=1a78ea5e-f3eb-4fc8-b79b-d8ffed14c071
2026-08-15T13:18:09.704850307Z GetCartAsync called with userId=75fb99d4-1648-4332-8535-ad4aaffa2159
2026-08-15T13:18:09.803348983Z AddItemAsync called with userId=75fb99d4-1648-4332-8535-ad4aaffa2159, productId=OLJCESPC7Z, quantity=2
2026-08-15T13:18:09.805248980Z AddItemAsync called with userId=1a78ea5e-f3eb-4fc8-b79b-d8ffed14c071, productId=0PUK6V6EV0, quantity=2
2026-08-15T13:18:09.807108870Z GetCartAsync called with userId=75fb99d4-1648-4332-8535-ad4aaffa2159
2026-08-15T13:18:09.808496687Z GetCartAsync called with userId=1a78ea5e-f3eb-4fc8-b79b-d8ffed14c071
2026-08-15T13:18:09.986843228Z GetCartAsync called with userId=2a3f6416-cbe5-4f35-a5b3-b222c38dd6b1
2026-08-15T13:18:10.274381214Z GetCartAsync called with userId=b6862a64-9aa0-43ed-925f-989df9463214
2026-08-15T13:18:10.601634200Z GetCartAsync called with userId=7c83c8f1-08fe-4458-a9a9-0c772a23d674
2026-08-15T13:18:10.933685936Z GetCartAsync called with userId=75fb99d4-1648-4332-8535-ad4aaffa2159
2026-08-15T13:18:11.306436524Z GetCartAsync called with userId=b6862a64-9aa0-43ed-925f-989df9463214
2026-08-15T13:18:12.860686934Z GetCartAsync called with userId=adb034c7-2a87-4c97-ba43-226f28dee2e6
2026-08-15T13:18:12.947849065Z GetCartAsync called with userId=503c59e6-3248-41ab-b86d-35a34eadc2c8
2026-08-15T13:18:13.156467990Z GetCartAsync called with userId=40e41bab-7ac7-4eb1-9d5c-3bd1e797c094
2026-08-15T13:18:13.156536800Z GetCartAsync called with userId=b6862a64-9aa0-43ed-925f-989df9463214
2026-08-15T13:18:13.660005835Z Checking CartService Health
2026-08-15T13:18:13.981366291Z GetCartAsync called with userId=b7346bb4-8dd0-4f04-a092-01bc982d095c
2026-08-15T13:18:14.139681649Z GetCartAsync called with userId=bfc202a9-206c-45fc-85e1-bb5fc4c56ed0
2026-08-15T13:18:15.135979355Z GetCartAsync called with userId=adb034c7-2a87-4c97-ba43-226f28dee2e6
2026-08-15T13:18:15.136034364Z GetCartAsync called with userId=dbc81ea5-5531-4605-9216-4c4255eaf706
2026-08-15T13:18:15.138572461Z GetCartAsync called with userId=a3e940e3-04a9-4123-b8ae-9b66e1087df3
2026-08-15T13:18:15.139693736Z GetCartAsync called with userId=2a3f6416-cbe5-4f35-a5b3-b222c38dd6b1
2026-08-15T13:18:15.569635572Z GetCartAsync called with userId=be3bdda6-898f-4a6c-a1cb-3ded9cc31c28
2026-08-15T13:18:15.988457470Z Checking CartService Health
2026-08-15T13:18:16.555419334Z GetCartAsync called with userId=75fb99d4-1648-4332-8535-ad4aaffa2159
2026-08-15T13:18:16.796834488Z GetCartAsync called with userId=9acecf4b-1a54-469f-a88c-1831fc170649
2026-08-15T13:18:17.525613158Z GetCartAsync called with userId=7c83c8f1-08fe-4458-a9a9-0c772a23d674
2026-08-15T13:18:17.845122224Z GetCartAsync called with userId=dbc81ea5-5531-4605-9216-4c4255eaf706
2026-08-15T13:18:17.931984208Z GetCartAsync called with userId=9acecf4b-1a54-469f-a88c-1831fc170649
2026-08-15T13:18:18.031789916Z GetCartAsync called with userId=fe551a84-c24b-4719-a509-b9e5fdf64e37
2026-08-15T13:18:18.238273607Z GetCartAsync called with userId=1a78ea5e-f3eb-4fc8-b79b-d8ffed14c071
2026-08-15T13:18:18.418741129Z GetCartAsync called with userId=40e41bab-7ac7-4eb1-9d5c-3bd1e797c094
2026-08-15T13:18:18.420005327Z GetCartAsync called with userId=503c59e6-3248-41ab-b86d-35a34eadc2c8
2026-08-15T13:18:18.521046228Z AddItemAsync called with userId=503c59e6-3248-41ab-b86d-35a34eadc2c8, productId=L9ECAV7KIM, quantity=7
2026-08-15T13:18:18.527389620Z GetCartAsync called with userId=503c59e6-3248-41ab-b86d-35a34eadc2c8
2026-08-15T13:18:18.582872397Z GetCartAsync called with userId=503c59e6-3248-41ab-b86d-35a34eadc2c8
2026-08-15T13:18:18.598181091Z EmptyCartAsync called with userId=503c59e6-3248-41ab-b86d-35a34eadc2c8
2026-08-15T13:18:18.998864352Z GetCartAsync called with userId=a3e940e3-04a9-4123-b8ae-9b66e1087df3
2026-08-15T13:18:19.081403059Z GetCartAsync called with userId=bfc202a9-206c-45fc-85e1-bb5fc4c56ed0
2026-08-15T13:18:19.089812075Z GetCartAsync called with userId=be3bdda6-898f-4a6c-a1cb-3ded9cc31c28
2026-08-15T13:18:19.500811149Z GetCartAsync called with userId=b6862a64-9aa0-43ed-925f-989df9463214
2026-08-15T13:18:21.181419664Z GetCartAsync called with userId=2a3f6416-cbe5-4f35-a5b3-b222c38dd6b1
2026-08-15T13:18:21.251074455Z AddItemAsync called with userId=2a3f6416-cbe5-4f35-a5b3-b222c38dd6b1, productId=9SIQT8TOJO, quantity=5
2026-08-15T13:18:21.323365038Z GetCartAsync called with userId=2a3f6416-cbe5-4f35-a5b3-b222c38dd6b1
2026-08-15T13:18:21.434031246Z GetCartAsync called with userId=2a3f6416-cbe5-4f35-a5b3-b222c38dd6b1
2026-08-15T13:18:21.446339282Z EmptyCartAsync called with userId=2a3f6416-cbe5-4f35-a5b3-b222c38dd6b1
2026-08-15T13:18:22.552860842Z GetCartAsync called with userId=dbc81ea5-5531-4605-9216-4c4255eaf706
2026-08-15T13:18:22.792095928Z GetCartAsync called with userId=adb034c7-2a87-4c97-ba43-226f28dee2e6
2026-08-15T13:18:23.184846615Z GetCartAsync called with userId=fe551a84-c24b-4719-a509-b9e5fdf64e37
2026-08-15T13:18:23.660034299Z Checking CartService Health
2026-08-15T13:18:23.675574917Z GetCartAsync called with userId=9acecf4b-1a54-469f-a88c-1831fc170649
2026-08-15T13:18:23.903781958Z GetCartAsync called with userId=a3e940e3-04a9-4123-b8ae-9b66e1087df3
2026-08-15T13:18:24.053768132Z GetCartAsync called with userId=b7346bb4-8dd0-4f04-a092-01bc982d095c
2026-08-15T13:18:24.388719496Z GetCartAsync called with userId=75fb99d4-1648-4332-8535-ad4aaffa2159
2026-08-15T13:18:25.021102229Z GetCartAsync called with userId=fe551a84-c24b-4719-a509-b9e5fdf64e37
2026-08-15T13:18:25.287616785Z GetCartAsync called with userId=bfc202a9-206c-45fc-85e1-bb5fc4c56ed0
2026-08-15T13:18:25.573685758Z GetCartAsync called with userId=a3e940e3-04a9-4123-b8ae-9b66e1087df3
2026-08-15T13:18:25.716252224Z GetCartAsync called with userId=503c59e6-3248-41ab-b86d-35a34eadc2c8
2026-08-15T13:18:25.922472986Z GetCartAsync called with userId=be3bdda6-898f-4a6c-a1cb-3ded9cc31c28
2026-08-15T13:18:25.933302402Z AddItemAsync called with userId=be3bdda6-898f-4a6c-a1cb-3ded9cc31c28, productId=66VCHSJNUP, quantity=1
2026-08-15T13:18:25.936465273Z GetCartAsync called with userId=be3bdda6-898f-4a6c-a1cb-3ded9cc31c28
2026-08-15T13:18:25.951473812Z GetCartAsync called with userId=be3bdda6-898f-4a6c-a1cb-3ded9cc31c28
2026-08-15T13:18:25.959426098Z EmptyCartAsync called with userId=be3bdda6-898f-4a6c-a1cb-3ded9cc31c28
2026-08-15T13:18:25.988193890Z Checking CartService Health
2026-08-15T13:18:26.151343227Z GetCartAsync called with userId=7c83c8f1-08fe-4458-a9a9-0c772a23d674
2026-08-15T13:18:26.223962259Z GetCartAsync called with userId=b7346bb4-8dd0-4f04-a092-01bc982d095c
2026-08-15T13:18:27.256565946Z GetCartAsync called with userId=40e41bab-7ac7-4eb1-9d5c-3bd1e797c094
2026-08-15T13:18:27.267552785Z AddItemAsync called with userId=40e41bab-7ac7-4eb1-9d5c-3bd1e797c094, productId=66VCHSJNUP, quantity=9
2026-08-15T13:18:27.272063358Z GetCartAsync called with userId=40e41bab-7ac7-4eb1-9d5c-3bd1e797c094
2026-08-15T13:18:27.284927577Z GetCartAsync called with userId=40e41bab-7ac7-4eb1-9d5c-3bd1e797c094
2026-08-15T13:18:27.291388141Z EmptyCartAsync called with userId=40e41bab-7ac7-4eb1-9d5c-3bd1e797c094
2026-08-15T13:18:28.286008367Z GetCartAsync called with userId=1a78ea5e-f3eb-4fc8-b79b-d8ffed14c071
2026-08-15T13:18:28.378243961Z AddItemAsync called with userId=1a78ea5e-f3eb-4fc8-b79b-d8ffed14c071, productId=OLJCESPC7Z, quantity=3
2026-08-15T13:18:28.392318170Z GetCartAsync called with userId=1a78ea5e-f3eb-4fc8-b79b-d8ffed14c071
2026-08-15T13:18:28.502938095Z GetCartAsync called with userId=1a78ea5e-f3eb-4fc8-b79b-d8ffed14c071
2026-08-15T13:18:28.591091494Z EmptyCartAsync called with userId=1a78ea5e-f3eb-4fc8-b79b-d8ffed14c071
2026-08-15T13:18:29.035555238Z GetCartAsync called with userId=b7346bb4-8dd0-4f04-a092-01bc982d095c
2026-08-15T13:18:29.591575121Z GetCartAsync called with userId=b6862a64-9aa0-43ed-925f-989df9463214
2026-08-15T13:18:29.601702250Z GetCartAsync called with userId=adb034c7-2a87-4c97-ba43-226f28dee2e6
2026-08-15T13:18:29.784915186Z GetCartAsync called with userId=a3e940e3-04a9-4123-b8ae-9b66e1087df3
2026-08-15T13:18:29.800111430Z AddItemAsync called with userId=adb034c7-2a87-4c97-ba43-226f28dee2e6, productId=1YMWWN1N4O, quantity=10
2026-08-15T13:18:29.888595069Z GetCartAsync called with userId=adb034c7-2a87-4c97-ba43-226f28dee2e6
2026-08-15T13:18:30.212341262Z GetCartAsync called with userId=2a3f6416-cbe5-4f35-a5b3-b222c38dd6b1
2026-08-15T13:18:30.355392923Z GetCartAsync called with userId=1a78ea5e-f3eb-4fc8-b79b-d8ffed14c071
2026-08-15T13:18:30.983947710Z GetCartAsync called with userId=fe551a84-c24b-4719-a509-b9e5fdf64e37
2026-08-15T13:18:31.406668514Z GetCartAsync called with userId=503c59e6-3248-41ab-b86d-35a34eadc2c8
2026-08-15T13:18:31.945028754Z GetCartAsync called with userId=dbc81ea5-5531-4605-9216-4c4255eaf706
2026-08-15T13:18:32.217684945Z GetCartAsync called with userId=a3e940e3-04a9-4123-b8ae-9b66e1087df3
2026-08-15T13:18:32.365102037Z GetCartAsync called with userId=b6862a64-9aa0-43ed-925f-989df9463214
2026-08-15T13:18:32.754243666Z GetCartAsync called with userId=9acecf4b-1a54-469f-a88c-1831fc170649
2026-08-15T13:18:32.778551116Z GetCartAsync called with userId=2a3f6416-cbe5-4f35-a5b3-b222c38dd6b1
2026-08-15T13:18:32.789407434Z AddItemAsync called with userId=2a3f6416-cbe5-4f35-a5b3-b222c38dd6b1, productId=L9ECAV7KIM, quantity=6
2026-08-15T13:18:32.793245400Z GetCartAsync called with userId=2a3f6416-cbe5-4f35-a5b3-b222c38dd6b1
2026-08-15T13:18:33.501519561Z GetCartAsync called with userId=fe551a84-c24b-4719-a509-b9e5fdf64e37
2026-08-15T13:18:33.651605977Z Checking CartService Health
2026-08-15T13:18:34.090466440Z GetCartAsync called with userId=75fb99d4-1648-4332-8535-ad4aaffa2159
2026-08-15T13:18:34.193127400Z AddItemAsync called with userId=75fb99d4-1648-4332-8535-ad4aaffa2159, productId=0PUK6V6EV0, quantity=3
2026-08-15T13:18:34.203048204Z GetCartAsync called with userId=75fb99d4-1648-4332-8535-ad4aaffa2159
2026-08-15T13:18:34.478684558Z GetCartAsync called with userId=7c83c8f1-08fe-4458-a9a9-0c772a23d674
2026-08-15T13:18:34.518601802Z GetCartAsync called with userId=1a78ea5e-f3eb-4fc8-b79b-d8ffed14c071
2026-08-15T13:18:34.611711503Z GetCartAsync called with userId=bfc202a9-206c-45fc-85e1-bb5fc4c56ed0
2026-08-15T13:18:35.582334405Z GetCartAsync called with userId=be3bdda6-898f-4a6c-a1cb-3ded9cc31c28
2026-08-15T13:18:35.606221304Z AddItemAsync called with userId=be3bdda6-898f-4a6c-a1cb-3ded9cc31c28, productId=2ZYFJ3GM2N, quantity=2
2026-08-15T13:18:35.677523258Z GetCartAsync called with userId=be3bdda6-898f-4a6c-a1cb-3ded9cc31c28
2026-08-15T13:18:35.723678360Z GetCartAsync called with userId=be3bdda6-898f-4a6c-a1cb-3ded9cc31c28
2026-08-15T13:18:35.732974388Z EmptyCartAsync called with userId=be3bdda6-898f-4a6c-a1cb-3ded9cc31c28
2026-08-15T13:18:35.987317157Z Checking CartService Health
2026-08-15T13:18:36.238715568Z GetCartAsync called with userId=adb034c7-2a87-4c97-ba43-226f28dee2e6
2026-08-15T13:18:36.341763368Z GetCartAsync called with userId=40e41bab-7ac7-4eb1-9d5c-3bd1e797c094
2026-08-15T13:18:36.432572732Z GetCartAsync called with userId=75fb99d4-1648-4332-8535-ad4aaffa2159
2026-08-15T13:18:37.621577968Z GetCartAsync called with userId=b6862a64-9aa0-43ed-925f-989df9463214
2026-08-15T13:18:37.719850679Z AddItemAsync called with userId=b6862a64-9aa0-43ed-925f-989df9463214, productId=0PUK6V6EV0, quantity=7
2026-08-15T13:18:37.745826274Z GetCartAsync called with userId=b6862a64-9aa0-43ed-925f-989df9463214
2026-08-15T13:18:38.769663911Z GetCartAsync called with userId=b7346bb4-8dd0-4f04-a092-01bc982d095c
2026-08-15T13:18:38.799451392Z GetCartAsync called with userId=1a78ea5e-f3eb-4fc8-b79b-d8ffed14c071
2026-08-15T13:18:39.098663202Z GetCartAsync called with userId=fe551a84-c24b-4719-a509-b9e5fdf64e37
2026-08-15T13:18:39.733061355Z GetCartAsync called with userId=9acecf4b-1a54-469f-a88c-1831fc170649
2026-08-15T13:18:39.824565025Z GetCartAsync called with userId=dbc81ea5-5531-4605-9216-4c4255eaf706
2026-08-15T13:18:39.985333947Z AddItemAsync called with userId=dbc81ea5-5531-4605-9216-4c4255eaf706, productId=6E92ZMYYFZ, quantity=7
2026-08-15T13:18:40.011955641Z GetCartAsync called with userId=dbc81ea5-5531-4605-9216-4c4255eaf706
2026-08-15T13:18:40.470824002Z GetCartAsync called with userId=adb034c7-2a87-4c97-ba43-226f28dee2e6
2026-08-15T13:18:40.713772960Z GetCartAsync called with userId=b6862a64-9aa0-43ed-925f-989df9463214
2026-08-15T13:18:40.950462657Z GetCartAsync called with userId=bfc202a9-206c-45fc-85e1-bb5fc4c56ed0
2026-08-15T13:18:41.228075246Z GetCartAsync called with userId=2a3f6416-cbe5-4f35-a5b3-b222c38dd6b1
2026-08-15T13:18:41.416766861Z GetCartAsync called with userId=503c59e6-3248-41ab-b86d-35a34eadc2c8
2026-08-15T13:18:41.569491946Z GetCartAsync called with userId=40e41bab-7ac7-4eb1-9d5c-3bd1e797c094
2026-08-15T13:18:42.155880616Z GetCartAsync called with userId=a3e940e3-04a9-4123-b8ae-9b66e1087df3
2026-08-15T13:18:42.543564631Z GetCartAsync called with userId=503c59e6-3248-41ab-b86d-35a34eadc2c8
2026-08-15T13:18:42.563441988Z GetCartAsync called with userId=be3bdda6-898f-4a6c-a1cb-3ded9cc31c28
2026-08-15T13:18:42.832788706Z GetCartAsync called with userId=b7346bb4-8dd0-4f04-a092-01bc982d095c
2026-08-15T13:18:42.853054622Z GetCartAsync called with userId=adb034c7-2a87-4c97-ba43-226f28dee2e6
2026-08-15T13:18:43.654033490Z Checking CartService Health
2026-08-15T13:18:44.294692080Z GetCartAsync called with userId=7c83c8f1-08fe-4458-a9a9-0c772a23d674
2026-08-15T13:18:44.525436142Z GetCartAsync called with userId=b7346bb4-8dd0-4f04-a092-01bc982d095c
2026-08-15T13:18:44.646754978Z GetCartAsync called with userId=75fb99d4-1648-4332-8535-ad4aaffa2159
2026-08-15T13:18:44.818003489Z GetCartAsync called with userId=9acecf4b-1a54-469f-a88c-1831fc170649
2026-08-15T13:18:44.839935341Z GetCartAsync called with userId=bfc202a9-206c-45fc-85e1-bb5fc4c56ed0
2026-08-15T13:18:44.913622631Z AddItemAsync called with userId=bfc202a9-206c-45fc-85e1-bb5fc4c56ed0, productId=0PUK6V6EV0, quantity=7
2026-08-15T13:18:44.920184874Z GetCartAsync called with userId=bfc202a9-206c-45fc-85e1-bb5fc4c56ed0
2026-08-15T13:18:44.946033989Z GetCartAsync called with userId=bfc202a9-206c-45fc-85e1-bb5fc4c56ed0
2026-08-15T13:18:45.035849097Z EmptyCartAsync called with userId=bfc202a9-206c-45fc-85e1-bb5fc4c56ed0
2026-08-15T13:18:45.815911405Z GetCartAsync called with userId=1a78ea5e-f3eb-4fc8-b79b-d8ffed14c071
2026-08-15T13:18:45.983946654Z Checking CartService Health
2026-08-15T13:18:46.140249018Z GetCartAsync called with userId=be3bdda6-898f-4a6c-a1cb-3ded9cc31c28
2026-08-15T13:18:46.151665258Z AddItemAsync called with userId=be3bdda6-898f-4a6c-a1cb-3ded9cc31c28, productId=9SIQT8TOJO, quantity=5
2026-08-15T13:18:46.156262619Z GetCartAsync called with userId=be3bdda6-898f-4a6c-a1cb-3ded9cc31c28
2026-08-15T13:18:46.617524410Z GetCartAsync called with userId=503c59e6-3248-41ab-b86d-35a34eadc2c8
2026-08-15T13:18:46.717382361Z GetCartAsync called with userId=7c83c8f1-08fe-4458-a9a9-0c772a23d674
2026-08-15T13:18:46.825623217Z AddItemAsync called with userId=7c83c8f1-08fe-4458-a9a9-0c772a23d674, productId=LS4PSXUNUM, quantity=5
2026-08-15T13:18:46.840333832Z GetCartAsync called with userId=7c83c8f1-08fe-4458-a9a9-0c772a23d674
2026-08-15T13:18:47.016417338Z GetCartAsync called with userId=7c83c8f1-08fe-4458-a9a9-0c772a23d674
2026-08-15T13:18:47.031666629Z EmptyCartAsync called with userId=7c83c8f1-08fe-4458-a9a9-0c772a23d674
2026-08-15T13:18:47.871411615Z GetCartAsync called with userId=bfc202a9-206c-45fc-85e1-bb5fc4c56ed0
2026-08-15T13:18:48.662121753Z GetCartAsync called with userId=b7346bb4-8dd0-4f04-a092-01bc982d095c
2026-08-15T13:18:49.243881461Z GetCartAsync called with userId=40e41bab-7ac7-4eb1-9d5c-3bd1e797c094
2026-08-15T13:18:49.263803525Z GetCartAsync called with userId=adb034c7-2a87-4c97-ba43-226f28dee2e6
2026-08-15T13:18:49.765413114Z GetCartAsync called with userId=dbc81ea5-5531-4605-9216-4c4255eaf706
2026-08-15T13:18:50.397480253Z GetCartAsync called with userId=fe551a84-c24b-4719-a509-b9e5fdf64e37
2026-08-15T13:18:50.484769498Z GetCartAsync called with userId=2a3f6416-cbe5-4f35-a5b3-b222c38dd6b1
2026-08-15T13:18:50.669133294Z GetCartAsync called with userId=a3e940e3-04a9-4123-b8ae-9b66e1087df3
2026-08-15T13:18:51.088436955Z GetCartAsync called with userId=9acecf4b-1a54-469f-a88c-1831fc170649
2026-08-15T13:18:51.212037918Z AddItemAsync called with userId=9acecf4b-1a54-469f-a88c-1831fc170649, productId=L9ECAV7KIM, quantity=7
2026-08-15T13:18:51.283685315Z GetCartAsync called with userId=9acecf4b-1a54-469f-a88c-1831fc170649
2026-08-15T13:18:52.362015255Z GetCartAsync called with userId=b6862a64-9aa0-43ed-925f-989df9463214
2026-08-15T13:18:52.376769869Z AddItemAsync called with userId=b6862a64-9aa0-43ed-925f-989df9463214, productId=2ZYFJ3GM2N, quantity=8
2026-08-15T13:18:52.381520393Z GetCartAsync called with userId=b6862a64-9aa0-43ed-925f-989df9463214
2026-08-15T13:18:52.487431829Z GetCartAsync called with userId=a3e940e3-04a9-4123-b8ae-9b66e1087df3
2026-08-15T13:18:53.655761430Z Checking CartService Health
2026-08-15T13:18:54.277919865Z GetCartAsync called with userId=1a78ea5e-f3eb-4fc8-b79b-d8ffed14c071
2026-08-15T13:18:54.622587675Z GetCartAsync called with userId=75fb99d4-1648-4332-8535-ad4aaffa2159
2026-08-15T13:18:55.361836744Z GetCartAsync called with userId=503c59e6-3248-41ab-b86d-35a34eadc2c8
2026-08-15T13:18:55.555960240Z GetCartAsync called with userId=7c83c8f1-08fe-4458-a9a9-0c772a23d674
2026-08-15T13:18:55.983954375Z Checking CartService Health
2026-08-15T13:18:56.017032823Z GetCartAsync called with userId=be3bdda6-898f-4a6c-a1cb-3ded9cc31c28
2026-08-15T13:18:56.234641812Z GetCartAsync called with userId=40e41bab-7ac7-4eb1-9d5c-3bd1e797c094
2026-08-15T13:18:56.519924631Z GetCartAsync called with userId=b7346bb4-8dd0-4f04-a092-01bc982d095c
2026-08-15T13:18:57.773668959Z GetCartAsync called with userId=adb034c7-2a87-4c97-ba43-226f28dee2e6
2026-08-15T13:18:57.937585564Z GetCartAsync called with userId=9acecf4b-1a54-469f-a88c-1831fc170649
2026-08-15T13:18:58.051144682Z GetCartAsync called with userId=bfc202a9-206c-45fc-85e1-bb5fc4c56ed0
2026-08-15T13:18:58.075621363Z GetCartAsync called with userId=75fb99d4-1648-4332-8535-ad4aaffa2159
2026-08-15T13:18:58.210190354Z AddItemAsync called with userId=75fb99d4-1648-4332-8535-ad4aaffa2159, productId=66VCHSJNUP, quantity=9
2026-08-15T13:18:58.283511487Z GetCartAsync called with userId=75fb99d4-1648-4332-8535-ad4aaffa2159
2026-08-15T13:18:58.476005238Z GetCartAsync called with userId=1a78ea5e-f3eb-4fc8-b79b-d8ffed14c071
2026-08-15T13:18:58.509605732Z AddItemAsync called with userId=1a78ea5e-f3eb-4fc8-b79b-d8ffed14c071, productId=OLJCESPC7Z, quantity=10
2026-08-15T13:18:58.513204453Z GetCartAsync called with userId=1a78ea5e-f3eb-4fc8-b79b-d8ffed14c071
2026-08-15T13:18:58.573910862Z GetCartAsync called with userId=b6862a64-9aa0-43ed-925f-989df9463214
2026-08-15T13:18:58.583908053Z AddItemAsync called with userId=b6862a64-9aa0-43ed-925f-989df9463214, productId=OLJCESPC7Z, quantity=3
2026-08-15T13:18:58.586731104Z GetCartAsync called with userId=b6862a64-9aa0-43ed-925f-989df9463214
2026-08-15T13:18:58.612652014Z GetCartAsync called with userId=b6862a64-9aa0-43ed-925f-989df9463214
2026-08-15T13:18:58.623832910Z EmptyCartAsync called with userId=b6862a64-9aa0-43ed-925f-989df9463214
2026-08-15T13:18:58.939653750Z GetCartAsync called with userId=2a3f6416-cbe5-4f35-a5b3-b222c38dd6b1
2026-08-15T13:18:59.557725021Z GetCartAsync called with userId=dbc81ea5-5531-4605-9216-4c4255eaf706
2026-08-15T13:18:59.789563478Z GetCartAsync called with userId=40e41bab-7ac7-4eb1-9d5c-3bd1e797c094
2026-08-15T13:18:59.880861613Z GetCartAsync called with userId=fe551a84-c24b-4719-a509-b9e5fdf64e37
2026-08-15T13:19:00.479893755Z GetCartAsync called with userId=503c59e6-3248-41ab-b86d-35a34eadc2c8
2026-08-15T13:19:00.909709386Z GetCartAsync called with userId=dbc81ea5-5531-4605-9216-4c4255eaf706
2026-08-15T13:19:01.008959548Z GetCartAsync called with userId=be3bdda6-898f-4a6c-a1cb-3ded9cc31c28
2026-08-15T13:19:01.016371773Z AddItemAsync called with userId=dbc81ea5-5531-4605-9216-4c4255eaf706, productId=L9ECAV7KIM, quantity=5
2026-08-15T13:19:01.075840399Z GetCartAsync called with userId=dbc81ea5-5531-4605-9216-4c4255eaf706
2026-08-15T13:19:01.415214004Z GetCartAsync called with userId=dbc81ea5-5531-4605-9216-4c4255eaf706
2026-08-15T13:19:01.489861432Z EmptyCartAsync called with userId=dbc81ea5-5531-4605-9216-4c4255eaf706
2026-08-15T13:19:01.856342851Z GetCartAsync called with userId=bfc202a9-206c-45fc-85e1-bb5fc4c56ed0
2026-08-15T13:19:01.911107863Z AddItemAsync called with userId=bfc202a9-206c-45fc-85e1-bb5fc4c56ed0, productId=OLJCESPC7Z, quantity=9
2026-08-15T13:19:01.915527834Z GetCartAsync called with userId=bfc202a9-206c-45fc-85e1-bb5fc4c56ed0
2026-08-15T13:19:01.975988309Z GetCartAsync called with userId=bfc202a9-206c-45fc-85e1-bb5fc4c56ed0
2026-08-15T13:19:01.982598713Z EmptyCartAsync called with userId=bfc202a9-206c-45fc-85e1-bb5fc4c56ed0
2026-08-15T13:19:02.065630414Z GetCartAsync called with userId=a3e940e3-04a9-4123-b8ae-9b66e1087df3
2026-08-15T13:19:02.666138050Z GetCartAsync called with userId=2a3f6416-cbe5-4f35-a5b3-b222c38dd6b1
2026-08-15T13:19:02.725087396Z GetCartAsync called with userId=40e41bab-7ac7-4eb1-9d5c-3bd1e797c094
2026-08-15T13:19:02.738168482Z AddItemAsync called with userId=40e41bab-7ac7-4eb1-9d5c-3bd1e797c094, productId=0PUK6V6EV0, quantity=1
2026-08-15T13:19:02.742427928Z GetCartAsync called with userId=40e41bab-7ac7-4eb1-9d5c-3bd1e797c094
2026-08-15T13:19:02.806152699Z GetCartAsync called with userId=40e41bab-7ac7-4eb1-9d5c-3bd1e797c094
2026-08-15T13:19:02.813803160Z EmptyCartAsync called with userId=40e41bab-7ac7-4eb1-9d5c-3bd1e797c094
2026-08-15T13:19:03.164166533Z GetCartAsync called with userId=1a78ea5e-f3eb-4fc8-b79b-d8ffed14c071
2026-08-15T13:19:03.219601846Z GetCartAsync called with userId=be3bdda6-898f-4a6c-a1cb-3ded9cc31c28
2026-08-15T13:19:03.300632844Z GetCartAsync called with userId=adb034c7-2a87-4c97-ba43-226f28dee2e6
2026-08-15T13:19:03.311881551Z AddItemAsync called with userId=adb034c7-2a87-4c97-ba43-226f28dee2e6, productId=OLJCESPC7Z, quantity=1
2026-08-15T13:19:03.314894308Z GetCartAsync called with userId=adb034c7-2a87-4c97-ba43-226f28dee2e6
2026-08-15T13:19:03.542902612Z GetCartAsync called with userId=7c83c8f1-08fe-4458-a9a9-0c772a23d674
2026-08-15T13:19:03.647984560Z Checking CartService Health
2026-08-15T13:19:04.415038371Z GetCartAsync called with userId=adb034c7-2a87-4c97-ba43-226f28dee2e6
2026-08-15T13:19:04.708842961Z GetCartAsync called with userId=75fb99d4-1648-4332-8535-ad4aaffa2159
2026-08-15T13:19:04.775391760Z GetCartAsync called with userId=bfc202a9-206c-45fc-85e1-bb5fc4c56ed0
2026-08-15T13:19:04.807287901Z AddItemAsync called with userId=75fb99d4-1648-4332-8535-ad4aaffa2159, productId=66VCHSJNUP, quantity=1
2026-08-15T13:19:04.812385375Z GetCartAsync called with userId=75fb99d4-1648-4332-8535-ad4aaffa2159
2026-08-15T13:19:05.689887949Z GetCartAsync called with userId=9acecf4b-1a54-469f-a88c-1831fc170649
2026-08-15T13:19:05.825563340Z GetCartAsync called with userId=be3bdda6-898f-4a6c-a1cb-3ded9cc31c28
2026-08-15T13:19:05.911157130Z GetCartAsync called with userId=dbc81ea5-5531-4605-9216-4c4255eaf706
2026-08-15T13:19:05.916110381Z GetCartAsync called with userId=b7346bb4-8dd0-4f04-a092-01bc982d095c
2026-08-15T13:19:05.961810817Z GetCartAsync called with userId=fe551a84-c24b-4719-a509-b9e5fdf64e37
2026-08-15T13:19:05.980221011Z Checking CartService Health
2026-08-15T13:19:06.007208507Z GetCartAsync called with userId=40e41bab-7ac7-4eb1-9d5c-3bd1e797c094
2026-08-15T13:19:06.234666827Z GetCartAsync called with userId=a3e940e3-04a9-4123-b8ae-9b66e1087df3
2026-08-15T13:19:06.252907595Z AddItemAsync called with userId=a3e940e3-04a9-4123-b8ae-9b66e1087df3, productId=2ZYFJ3GM2N, quantity=9
2026-08-15T13:19:06.259557805Z GetCartAsync called with userId=a3e940e3-04a9-4123-b8ae-9b66e1087df3
2026-08-15T13:19:06.446048807Z GetCartAsync called with userId=b6862a64-9aa0-43ed-925f-989df9463214
2026-08-15T13:19:06.960486581Z GetCartAsync called with userId=dbc81ea5-5531-4605-9216-4c4255eaf706
2026-08-15T13:19:08.598239896Z GetCartAsync called with userId=40e41bab-7ac7-4eb1-9d5c-3bd1e797c094
2026-08-15T13:19:09.522429083Z GetCartAsync called with userId=fe551a84-c24b-4719-a509-b9e5fdf64e37
2026-08-15T13:19:09.613832207Z AddItemAsync called with userId=fe551a84-c24b-4719-a509-b9e5fdf64e37, productId=9SIQT8TOJO, quantity=3
2026-08-15T13:19:09.628154388Z GetCartAsync called with userId=fe551a84-c24b-4719-a509-b9e5fdf64e37
2026-08-15T13:19:09.716471442Z GetCartAsync called with userId=bfc202a9-206c-45fc-85e1-bb5fc4c56ed0
2026-08-15T13:19:10.014621361Z GetCartAsync called with userId=503c59e6-3248-41ab-b86d-35a34eadc2c8
2026-08-15T13:19:10.112543078Z GetCartAsync called with userId=7c83c8f1-08fe-4458-a9a9-0c772a23d674
2026-08-15T13:19:10.211553861Z GetCartAsync called with userId=b6862a64-9aa0-43ed-925f-989df9463214
2026-08-15T13:19:10.307659101Z GetCartAsync called with userId=a3e940e3-04a9-4123-b8ae-9b66e1087df3
2026-08-15T13:19:11.028481809Z GetCartAsync called with userId=1a78ea5e-f3eb-4fc8-b79b-d8ffed14c071
2026-08-15T13:19:11.049134255Z AddItemAsync called with userId=1a78ea5e-f3eb-4fc8-b79b-d8ffed14c071, productId=0PUK6V6EV0, quantity=2
2026-08-15T13:19:11.056188629Z GetCartAsync called with userId=1a78ea5e-f3eb-4fc8-b79b-d8ffed14c071
2026-08-15T13:19:11.227670452Z GetCartAsync called with userId=40e41bab-7ac7-4eb1-9d5c-3bd1e797c094
2026-08-15T13:19:11.832070024Z GetCartAsync called with userId=adb034c7-2a87-4c97-ba43-226f28dee2e6
2026-08-15T13:19:11.964205653Z GetCartAsync called with userId=dbc81ea5-5531-4605-9216-4c4255eaf706
2026-08-15T13:19:11.981988762Z AddItemAsync called with userId=dbc81ea5-5531-4605-9216-4c4255eaf706, productId=OLJCESPC7Z, quantity=7
2026-08-15T13:19:11.988738490Z GetCartAsync called with userId=dbc81ea5-5531-4605-9216-4c4255eaf706
2026-08-15T13:19:12.901421725Z GetCartAsync called with userId=a3e940e3-04a9-4123-b8ae-9b66e1087df3
2026-08-15T13:19:13.132562936Z GetCartAsync called with userId=2a3f6416-cbe5-4f35-a5b3-b222c38dd6b1
2026-08-15T13:19:13.386715752Z GetCartAsync called with userId=75fb99d4-1648-4332-8535-ad4aaffa2159
2026-08-15T13:19:13.577847269Z GetCartAsync called with userId=b6862a64-9aa0-43ed-925f-989df9463214
2026-08-15T13:19:13.654371126Z Checking CartService Health
2026-08-15T13:19:14.421745925Z GetCartAsync called with userId=a3e940e3-04a9-4123-b8ae-9b66e1087df3
2026-08-15T13:19:14.520101008Z AddItemAsync called with userId=a3e940e3-04a9-4123-b8ae-9b66e1087df3, productId=66VCHSJNUP, quantity=2
2026-08-15T13:19:14.607698352Z GetCartAsync called with userId=a3e940e3-04a9-4123-b8ae-9b66e1087df3
2026-08-15T13:19:14.818137109Z GetCartAsync called with userId=a3e940e3-04a9-4123-b8ae-9b66e1087df3
2026-08-15T13:19:14.929199228Z EmptyCartAsync called with userId=a3e940e3-04a9-4123-b8ae-9b66e1087df3
2026-08-15T13:19:15.795586410Z GetCartAsync called with userId=9acecf4b-1a54-469f-a88c-1831fc170649
2026-08-15T13:19:15.882484148Z GetCartAsync called with userId=75fb99d4-1648-4332-8535-ad4aaffa2159
2026-08-15T13:19:15.979742764Z Checking CartService Health
2026-08-15T13:19:16.125882526Z GetCartAsync called with userId=7c83c8f1-08fe-4458-a9a9-0c772a23d674
2026-08-15T13:19:16.323122873Z GetCartAsync called with userId=dbc81ea5-5531-4605-9216-4c4255eaf706
