2026-08-15T12:57:14.684869698Z {"timestamp": 1786798634.6844473, "severity": "INFO", "name": "recommendationservice-server", "message": "[Recv ListRecommendations] product_ids=['6E92ZMYYFZ', '0PUK6V6EV0', 'LS4PSXUNUM', '2ZYFJ3GM2N', '1YMWWN1N4O']"}
2026-08-15T12:57:15.230822506Z {"timestamp": 1786798635.2304199, "severity": "INFO", "name": "recommendationservice-server", "message": "[Recv ListRecommendations] product_ids=['L9ECAV7KIM', '2ZYFJ3GM2N', '66VCHSJNUP', '9SIQT8TOJO', 'LS4PSXUNUM']"}
2026-08-15T12:57:15.528653677Z {"timestamp": 1786798635.5282245, "severity": "INFO", "name": "recommendationservice-server", "message": "[Recv ListRecommendations] product_ids=['9SIQT8TOJO', '1YMWWN1N4O', 'LS4PSXUNUM', '66VCHSJNUP', '6E92ZMYYFZ']"}
2026-08-15T12:57:15.548381755Z {"timestamp": 1786798635.5479603, "severity": "INFO", "name": "recommendationservice-server", "message": "[Recv ListRecommendations] product_ids=['1YMWWN1N4O', '9SIQT8TOJO', 'LS4PSXUNUM', 'OLJCESPC7Z', '6E92ZMYYFZ']"}
2026-08-15T12:57:15.564132014Z {"timestamp": 1786798635.5636775, "severity": "INFO", "name": "recommendationservice-server", "message": "[Recv ListRecommendations] product_ids=['2ZYFJ3GM2N', '6E92ZMYYFZ', '9SIQT8TOJO', '1YMWWN1N4O', 'OLJCESPC7Z']"}
2026-08-15T12:57:15.640760486Z {"timestamp": 1786798635.6403742, "severity": "INFO", "name": "recommendationservice-server", "message": "[Recv ListRecommendations] product_ids=['66VCHSJNUP', '0PUK6V6EV0', '2ZYFJ3GM2N', '6E92ZMYYFZ', 'OLJCESPC7Z']"}
2026-08-15T12:57:15.997933608Z {"timestamp": 1786798635.9974275, "severity": "INFO", "name": "recommendationservice-server", "message": "[Recv ListRecommendations] product_ids=['2ZYFJ3GM2N', '9SIQT8TOJO', '0PUK6V6EV0', 'OLJCESPC7Z', '66VCHSJNUP']"}
2026-08-15T12:57:16.277552461Z {"timestamp": 1786798636.2769344, "severity": "INFO", "name": "recommendationservice-server", "message": "[Recv ListRecommendations] product_ids=['6E92ZMYYFZ', 'L9ECAV7KIM', '0PUK6V6EV0', '66VCHSJNUP', '2ZYFJ3GM2N']"}
2026-08-15T12:57:16.569213683Z {"timestamp": 1786798636.568555, "severity": "INFO", "name": "recommendationservice-server", "message": "[Recv ListRecommendations] product_ids=['2ZYFJ3GM2N', '9SIQT8TOJO', '0PUK6V6EV0', '6E92ZMYYFZ', '66VCHSJNUP']"}
2026-08-15T12:57:16.943458204Z {"timestamp": 1786798636.942776, "severity": "INFO", "name": "recommendationservice-server", "message": "[Recv ListRecommendations] product_ids=['2ZYFJ3GM2N', '0PUK6V6EV0', 'OLJCESPC7Z', '6E92ZMYYFZ', '9SIQT8TOJO']"}
2026-08-15T12:57:17.403518363Z {"timestamp": 1786798637.4031675, "severity": "INFO", "name": "recommendationservice-server", "message": "[Recv ListRecommendations] product_ids=['OLJCESPC7Z', 'LS4PSXUNUM', '66VCHSJNUP', 'L9ECAV7KIM', '9SIQT8TOJO']"}
2026-08-15T12:57:17.423477066Z {"timestamp": 1786798637.4231355, "severity": "INFO", "name": "recommendationservice-server", "message": "[Recv ListRecommendations] product_ids=['6E92ZMYYFZ', '1YMWWN1N4O', 'LS4PSXUNUM', '0PUK6V6EV0', 'OLJCESPC7Z']"}
2026-08-15T12:57:18.264837589Z {"timestamp": 1786798638.2643464, "severity": "INFO", "name": "recommendationservice-server", "message": "[Recv ListRecommendations] product_ids=['0PUK6V6EV0', '1YMWWN1N4O', 'OLJCESPC7Z', 'LS4PSXUNUM', 'L9ECAV7KIM']"}
2026-08-15T12:57:18.358072310Z {"timestamp": 1786798638.357646, "severity": "INFO", "name": "recommendationservice-server", "message": "[Recv ListRecommendations] product_ids=['OLJCESPC7Z', '66VCHSJNUP', '0PUK6V6EV0', '2ZYFJ3GM2N', '1YMWWN1N4O']"}
2026-08-15T12:57:18.376437444Z {"timestamp": 1786798638.3760695, "severity": "INFO", "name": "recommendationservice-server", "message": "[Recv ListRecommendations] product_ids=['2ZYFJ3GM2N', '1YMWWN1N4O', 'L9ECAV7KIM', '0PUK6V6EV0']"}
2026-08-15T12:57:18.455890013Z {"timestamp": 1786798638.4555612, "severity": "INFO", "name": "recommendationservice-server", "message": "[Recv ListRecommendations] product_ids=['L9ECAV7KIM', 'OLJCESPC7Z', '0PUK6V6EV0', '9SIQT8TOJO', '66VCHSJNUP']"}
2026-08-15T12:57:19.097133858Z {"timestamp": 1786798639.096772, "severity": "INFO", "name": "recommendationservice-server", "message": "[Recv ListRecommendations] product_ids=['0PUK6V6EV0', '9SIQT8TOJO', '6E92ZMYYFZ', 'OLJCESPC7Z', '2ZYFJ3GM2N']"}
2026-08-15T12:57:19.111465968Z {"timestamp": 1786798639.111096, "severity": "INFO", "name": "recommendationservice-server", "message": "[Recv ListRecommendations] product_ids=['1YMWWN1N4O', '6E92ZMYYFZ', 'OLJCESPC7Z', '9SIQT8TOJO', '66VCHSJNUP']"}
2026-08-15T12:57:20.071437485Z {"timestamp": 1786798640.071135, "severity": "INFO", "name": "recommendationservice-server", "message": "[Recv ListRecommendations] product_ids=['LS4PSXUNUM', '1YMWWN1N4O', '9SIQT8TOJO', '2ZYFJ3GM2N', '66VCHSJNUP']"}
2026-08-15T12:57:21.160493499Z {"timestamp": 1786798641.1601748, "severity": "INFO", "name": "recommendationservice-server", "message": "[Recv ListRecommendations] product_ids=['LS4PSXUNUM', '6E92ZMYYFZ', '9SIQT8TOJO', '1YMWWN1N4O', 'L9ECAV7KIM']"}
2026-08-15T12:57:21.193076931Z {"timestamp": 1786798641.1928341, "severity": "INFO", "name": "recommendationservice-server", "message": "[Recv ListRecommendations] product_ids=['1YMWWN1N4O', 'LS4PSXUNUM', '2ZYFJ3GM2N', '66VCHSJNUP', '9SIQT8TOJO']"}
2026-08-15T12:57:21.385976250Z {"timestamp": 1786798641.3856676, "severity": "INFO", "name": "recommendationservice-server", "message": "[Recv ListRecommendations] product_ids=['66VCHSJNUP', '2ZYFJ3GM2N', '9SIQT8TOJO', '1YMWWN1N4O', 'OLJCESPC7Z']"}
2026-08-15T12:57:21.908389724Z {"timestamp": 1786798641.9080415, "severity": "INFO", "name": "recommendationservice-server", "message": "[Recv ListRecommendations] product_ids=['9SIQT8TOJO', '0PUK6V6EV0', '66VCHSJNUP', '1YMWWN1N4O', '6E92ZMYYFZ']"}
2026-08-15T12:57:21.977219072Z {"timestamp": 1786798641.9769447, "severity": "INFO", "name": "recommendationservice-server", "message": "[Recv ListRecommendations] product_ids=['L9ECAV7KIM', '66VCHSJNUP', 'LS4PSXUNUM', '1YMWWN1N4O', 'OLJCESPC7Z']"}
2026-08-15T12:57:22.656425601Z {"timestamp": 1786798642.6560714, "severity": "INFO", "name": "recommendationservice-server", "message": "[Recv ListRecommendations] product_ids=['L9ECAV7KIM', '1YMWWN1N4O', '9SIQT8TOJO', '0PUK6V6EV0', 'LS4PSXUNUM']"}
2026-08-15T12:57:23.795666976Z {"timestamp": 1786798643.7953312, "severity": "INFO", "name": "recommendationservice-server", "message": "[Recv ListRecommendations] product_ids=['9SIQT8TOJO', 'L9ECAV7KIM', '6E92ZMYYFZ', '1YMWWN1N4O', '0PUK6V6EV0']"}
2026-08-15T12:57:24.214168615Z {"timestamp": 1786798644.213885, "severity": "INFO", "name": "recommendationservice-server", "message": "[Recv ListRecommendations] product_ids=['OLJCESPC7Z', '2ZYFJ3GM2N', 'LS4PSXUNUM', '0PUK6V6EV0', '9SIQT8TOJO']"}
2026-08-15T12:57:24.750390612Z {"timestamp": 1786798644.7501261, "severity": "INFO", "name": "recommendationservice-server", "message": "[Recv ListRecommendations] product_ids=['9SIQT8TOJO', 'OLJCESPC7Z', '6E92ZMYYFZ', '66VCHSJNUP', '0PUK6V6EV0']"}
2026-08-15T12:57:27.002943535Z {"timestamp": 1786798647.002625, "severity": "INFO", "name": "recommendationservice-server", "message": "[Recv ListRecommendations] product_ids=['2ZYFJ3GM2N', 'L9ECAV7KIM', '9SIQT8TOJO', '0PUK6V6EV0', '1YMWWN1N4O']"}
2026-08-15T12:57:27.392116011Z {"timestamp": 1786798647.3918383, "severity": "INFO", "name": "recommendationservice-server", "message": "[Recv ListRecommendations] product_ids=['2ZYFJ3GM2N', '6E92ZMYYFZ', '66VCHSJNUP', '0PUK6V6EV0', '9SIQT8TOJO']"}
2026-08-15T12:57:27.462983025Z {"timestamp": 1786798647.4626868, "severity": "INFO", "name": "recommendationservice-server", "message": "[Recv ListRecommendations] product_ids=['L9ECAV7KIM', 'OLJCESPC7Z', '66VCHSJNUP', '2ZYFJ3GM2N', '0PUK6V6EV0']"}
2026-08-15T12:57:27.616461018Z {"timestamp": 1786798647.6161954, "severity": "INFO", "name": "recommendationservice-server", "message": "[Recv ListRecommendations] product_ids=['2ZYFJ3GM2N', 'OLJCESPC7Z', 'L9ECAV7KIM', '0PUK6V6EV0', '1YMWWN1N4O']"}
2026-08-15T12:57:28.768206520Z {"timestamp": 1786798648.767911, "severity": "INFO", "name": "recommendationservice-server", "message": "[Recv ListRecommendations] product_ids=['2ZYFJ3GM2N', 'OLJCESPC7Z', '0PUK6V6EV0', 'LS4PSXUNUM', '9SIQT8TOJO']"}
2026-08-15T12:57:29.368124543Z {"timestamp": 1786798649.3678396, "severity": "INFO", "name": "recommendationservice-server", "message": "[Recv ListRecommendations] product_ids=['OLJCESPC7Z', '66VCHSJNUP', 'LS4PSXUNUM', 'L9ECAV7KIM', '2ZYFJ3GM2N']"}
2026-08-15T12:57:29.428689613Z {"timestamp": 1786798649.4284062, "severity": "INFO", "name": "recommendationservice-server", "message": "[Recv ListRecommendations] product_ids=['OLJCESPC7Z', 'LS4PSXUNUM', '0PUK6V6EV0', '66VCHSJNUP', 'L9ECAV7KIM']"}
2026-08-15T12:57:29.489826829Z {"timestamp": 1786798649.4895499, "severity": "INFO", "name": "recommendationservice-server", "message": "[Recv ListRecommendations] product_ids=['6E92ZMYYFZ', '2ZYFJ3GM2N', '66VCHSJNUP', '0PUK6V6EV0', 'LS4PSXUNUM']"}
2026-08-15T12:57:30.137053272Z {"timestamp": 1786798650.1368115, "severity": "INFO", "name": "recommendationservice-server", "message": "[Recv ListRecommendations] product_ids=['L9ECAV7KIM', '1YMWWN1N4O', '2ZYFJ3GM2N', '66VCHSJNUP', 'OLJCESPC7Z']"}
2026-08-15T12:57:30.666404684Z {"timestamp": 1786798650.6659214, "severity": "INFO", "name": "recommendationservice-server", "message": "[Recv ListRecommendations] product_ids=['9SIQT8TOJO', 'OLJCESPC7Z', 'LS4PSXUNUM', 'L9ECAV7KIM', '0PUK6V6EV0']"}
2026-08-15T12:57:30.870192624Z {"timestamp": 1786798650.8698633, "severity": "INFO", "name": "recommendationservice-server", "message": "[Recv ListRecommendations] product_ids=['2ZYFJ3GM2N', '0PUK6V6EV0', 'LS4PSXUNUM', 'OLJCESPC7Z', 'L9ECAV7KIM']"}
2026-08-15T12:57:30.882984419Z {"timestamp": 1786798650.8827033, "severity": "INFO", "name": "recommendationservice-server", "message": "[Recv ListRecommendations] product_ids=['1YMWWN1N4O', '9SIQT8TOJO', '0PUK6V6EV0', 'LS4PSXUNUM', '2ZYFJ3GM2N']"}
2026-08-15T12:57:30.917995265Z {"timestamp": 1786798650.9177139, "severity": "INFO", "name": "recommendationservice-server", "message": "[Recv ListRecommendations] product_ids=['L9ECAV7KIM', 'OLJCESPC7Z', 'LS4PSXUNUM', '9SIQT8TOJO', '1YMWWN1N4O']"}
2026-08-15T12:57:31.386046969Z {"timestamp": 1786798651.3857512, "severity": "INFO", "name": "recommendationservice-server", "message": "[Recv ListRecommendations] product_ids=['1YMWWN1N4O', '0PUK6V6EV0', 'L9ECAV7KIM', 'OLJCESPC7Z', '6E92ZMYYFZ']"}
2026-08-15T12:57:31.400719355Z {"timestamp": 1786798651.400377, "severity": "INFO", "name": "recommendationservice-server", "message": "[Recv ListRecommendations] product_ids=['9SIQT8TOJO', '1YMWWN1N4O', '0PUK6V6EV0', '6E92ZMYYFZ', '66VCHSJNUP']"}
2026-08-15T12:57:32.070172457Z {"timestamp": 1786798652.0698857, "severity": "INFO", "name": "recommendationservice-server", "message": "[Recv ListRecommendations] product_ids=['2ZYFJ3GM2N', 'LS4PSXUNUM', 'L9ECAV7KIM', '1YMWWN1N4O', '6E92ZMYYFZ']"}
2026-08-15T12:57:32.082992555Z {"timestamp": 1786798652.0827177, "severity": "INFO", "name": "recommendationservice-server", "message": "[Recv ListRecommendations] product_ids=['LS4PSXUNUM', '2ZYFJ3GM2N', '9SIQT8TOJO', '1YMWWN1N4O', '66VCHSJNUP']"}
2026-08-15T12:57:32.722292903Z {"timestamp": 1786798652.721965, "severity": "INFO", "name": "recommendationservice-server", "message": "[Recv ListRecommendations] product_ids=['6E92ZMYYFZ', '0PUK6V6EV0', '1YMWWN1N4O', 'OLJCESPC7Z', 'LS4PSXUNUM']"}
2026-08-15T12:57:32.977572258Z {"timestamp": 1786798652.9772892, "severity": "INFO", "name": "recommendationservice-server", "message": "[Recv ListRecommendations] product_ids=['1YMWWN1N4O', 'LS4PSXUNUM', '0PUK6V6EV0', 'OLJCESPC7Z', '9SIQT8TOJO']"}
2026-08-15T12:57:32.991512470Z {"timestamp": 1786798652.9912617, "severity": "INFO", "name": "recommendationservice-server", "message": "[Recv ListRecommendations] product_ids=['LS4PSXUNUM', '66VCHSJNUP', '9SIQT8TOJO', '0PUK6V6EV0', 'OLJCESPC7Z']"}
2026-08-15T12:57:33.007592898Z {"timestamp": 1786798653.0073147, "severity": "INFO", "name": "recommendationservice-server", "message": "[Recv ListRecommendations] product_ids=['OLJCESPC7Z', '66VCHSJNUP', 'L9ECAV7KIM', '9SIQT8TOJO', 'LS4PSXUNUM']"}
2026-08-15T12:57:33.158635696Z {"timestamp": 1786798653.1582782, "severity": "INFO", "name": "recommendationservice-server", "message": "[Recv ListRecommendations] product_ids=['6E92ZMYYFZ', '66VCHSJNUP', 'L9ECAV7KIM', '9SIQT8TOJO', 'OLJCESPC7Z']"}
2026-08-15T12:57:33.859650594Z {"timestamp": 1786798653.8593638, "severity": "INFO", "name": "recommendationservice-server", "message": "[Recv ListRecommendations] product_ids=['OLJCESPC7Z', 'LS4PSXUNUM', '6E92ZMYYFZ', 'L9ECAV7KIM', '0PUK6V6EV0']"}
2026-08-15T12:57:33.955656618Z {"timestamp": 1786798653.9553673, "severity": "INFO", "name": "recommendationservice-server", "message": "[Recv ListRecommendations] product_ids=['LS4PSXUNUM', '0PUK6V6EV0', '9SIQT8TOJO', 'OLJCESPC7Z', '66VCHSJNUP']"}
2026-08-15T12:57:34.724416877Z {"timestamp": 1786798654.7240982, "severity": "INFO", "name": "recommendationservice-server", "message": "[Recv ListRecommendations] product_ids=['9SIQT8TOJO', '6E92ZMYYFZ', 'L9ECAV7KIM', '66VCHSJNUP', '1YMWWN1N4O']"}
2026-08-15T12:57:34.736866938Z {"timestamp": 1786798654.7365274, "severity": "INFO", "name": "recommendationservice-server", "message": "[Recv ListRecommendations] product_ids=['1YMWWN1N4O', '9SIQT8TOJO', '66VCHSJNUP', '0PUK6V6EV0', '6E92ZMYYFZ']"}
2026-08-15T12:57:34.761565640Z {"timestamp": 1786798654.761321, "severity": "INFO", "name": "recommendationservice-server", "message": "[Recv ListRecommendations] product_ids=['0PUK6V6EV0', '1YMWWN1N4O', '6E92ZMYYFZ', '66VCHSJNUP', 'LS4PSXUNUM']"}
2026-08-15T12:57:35.078079196Z {"timestamp": 1786798655.0777829, "severity": "INFO", "name": "recommendationservice-server", "message": "[Recv ListRecommendations] product_ids=['2ZYFJ3GM2N', '9SIQT8TOJO', '1YMWWN1N4O', 'LS4PSXUNUM', '6E92ZMYYFZ']"}
2026-08-15T12:57:36.143301481Z {"timestamp": 1786798656.1430278, "severity": "INFO", "name": "recommendationservice-server", "message": "[Recv ListRecommendations] product_ids=['0PUK6V6EV0', '66VCHSJNUP', 'L9ECAV7KIM', '9SIQT8TOJO', '2ZYFJ3GM2N']"}
2026-08-15T12:57:36.470822452Z {"timestamp": 1786798656.4705324, "severity": "INFO", "name": "recommendationservice-server", "message": "[Recv ListRecommendations] product_ids=['L9ECAV7KIM', 'LS4PSXUNUM', 'OLJCESPC7Z', '0PUK6V6EV0', '9SIQT8TOJO']"}
2026-08-15T12:57:37.048430652Z {"timestamp": 1786798657.048128, "severity": "INFO", "name": "recommendationservice-server", "message": "[Recv ListRecommendations] product_ids=['OLJCESPC7Z', '0PUK6V6EV0', '6E92ZMYYFZ', '2ZYFJ3GM2N', 'L9ECAV7KIM']"}
2026-08-15T12:57:37.478327292Z {"timestamp": 1786798657.4780798, "severity": "INFO", "name": "recommendationservice-server", "message": "[Recv ListRecommendations] product_ids=['1YMWWN1N4O', 'LS4PSXUNUM', '0PUK6V6EV0', '6E92ZMYYFZ', '2ZYFJ3GM2N']"}
2026-08-15T12:57:38.259085734Z {"timestamp": 1786798658.2586734, "severity": "INFO", "name": "recommendationservice-server", "message": "[Recv ListRecommendations] product_ids=['OLJCESPC7Z', 'LS4PSXUNUM', '0PUK6V6EV0', '2ZYFJ3GM2N', '9SIQT8TOJO']"}
2026-08-15T12:57:38.290215524Z {"timestamp": 1786798658.2898302, "severity": "INFO", "name": "recommendationservice-server", "message": "[Recv ListRecommendations] product_ids=['1YMWWN1N4O', '66VCHSJNUP', '9SIQT8TOJO', '2ZYFJ3GM2N', 'L9ECAV7KIM']"}
2026-08-15T12:57:38.328713769Z {"timestamp": 1786798658.3283293, "severity": "INFO", "name": "recommendationservice-server", "message": "[Recv ListRecommendations] product_ids=['66VCHSJNUP', 'LS4PSXUNUM', 'OLJCESPC7Z', '2ZYFJ3GM2N', '0PUK6V6EV0']"}
2026-08-15T12:57:38.712455295Z {"timestamp": 1786798658.7121158, "severity": "INFO", "name": "recommendationservice-server", "message": "[Recv ListRecommendations] product_ids=['9SIQT8TOJO', 'LS4PSXUNUM', 'L9ECAV7KIM', '0PUK6V6EV0', '2ZYFJ3GM2N']"}
2026-08-15T12:57:38.855175621Z {"timestamp": 1786798658.854826, "severity": "INFO", "name": "recommendationservice-server", "message": "[Recv ListRecommendations] product_ids=['LS4PSXUNUM', '66VCHSJNUP', 'L9ECAV7KIM', '0PUK6V6EV0', '1YMWWN1N4O']"}
2026-08-15T12:57:38.929195907Z {"timestamp": 1786798658.9288714, "severity": "INFO", "name": "recommendationservice-server", "message": "[Recv ListRecommendations] product_ids=['6E92ZMYYFZ', 'OLJCESPC7Z', 'L9ECAV7KIM', '0PUK6V6EV0', '66VCHSJNUP']"}
2026-08-15T12:57:40.717573481Z {"timestamp": 1786798660.717255, "severity": "INFO", "name": "recommendationservice-server", "message": "[Recv ListRecommendations] product_ids=['1YMWWN1N4O', '0PUK6V6EV0', '66VCHSJNUP', 'LS4PSXUNUM', '2ZYFJ3GM2N']"}
2026-08-15T12:57:41.228626853Z {"timestamp": 1786798661.228229, "severity": "INFO", "name": "recommendationservice-server", "message": "[Recv ListRecommendations] product_ids=['1YMWWN1N4O', '66VCHSJNUP', '0PUK6V6EV0', '9SIQT8TOJO', 'OLJCESPC7Z']"}
2026-08-15T12:57:41.310212314Z {"timestamp": 1786798661.309821, "severity": "INFO", "name": "recommendationservice-server", "message": "[Recv ListRecommendations] product_ids=['6E92ZMYYFZ', 'LS4PSXUNUM', 'L9ECAV7KIM', '1YMWWN1N4O', '2ZYFJ3GM2N']"}
2026-08-15T12:57:41.620673931Z {"timestamp": 1786798661.620373, "severity": "INFO", "name": "recommendationservice-server", "message": "[Recv ListRecommendations] product_ids=['2ZYFJ3GM2N', '1YMWWN1N4O', '66VCHSJNUP', '9SIQT8TOJO', 'OLJCESPC7Z']"}
2026-08-15T12:57:41.749026884Z {"timestamp": 1786798661.7486985, "severity": "INFO", "name": "recommendationservice-server", "message": "[Recv ListRecommendations] product_ids=['0PUK6V6EV0', '9SIQT8TOJO', '66VCHSJNUP', 'LS4PSXUNUM', '6E92ZMYYFZ']"}
2026-08-15T12:57:42.291235850Z {"timestamp": 1786798662.2909474, "severity": "INFO", "name": "recommendationservice-server", "message": "[Recv ListRecommendations] product_ids=['2ZYFJ3GM2N', 'OLJCESPC7Z', '9SIQT8TOJO', '0PUK6V6EV0', '1YMWWN1N4O']"}
2026-08-15T12:57:43.210432750Z {"timestamp": 1786798663.2101674, "severity": "INFO", "name": "recommendationservice-server", "message": "[Recv ListRecommendations] product_ids=['OLJCESPC7Z', 'L9ECAV7KIM', '6E92ZMYYFZ', '66VCHSJNUP', '2ZYFJ3GM2N']"}
2026-08-15T12:57:43.268771428Z {"timestamp": 1786798663.2684865, "severity": "INFO", "name": "recommendationservice-server", "message": "[Recv ListRecommendations] product_ids=['OLJCESPC7Z', '2ZYFJ3GM2N', '9SIQT8TOJO', 'L9ECAV7KIM', '66VCHSJNUP']"}
2026-08-15T12:57:43.358824157Z {"timestamp": 1786798663.3585393, "severity": "INFO", "name": "recommendationservice-server", "message": "[Recv ListRecommendations] product_ids=['2ZYFJ3GM2N', 'L9ECAV7KIM', '0PUK6V6EV0', 'LS4PSXUNUM', 'OLJCESPC7Z']"}
2026-08-15T12:57:44.413911583Z {"timestamp": 1786798664.4136317, "severity": "INFO", "name": "recommendationservice-server", "message": "[Recv ListRecommendations] product_ids=['0PUK6V6EV0', '9SIQT8TOJO', '66VCHSJNUP', 'LS4PSXUNUM', '2ZYFJ3GM2N']"}
2026-08-15T12:57:44.855750563Z {"timestamp": 1786798664.8553803, "severity": "INFO", "name": "recommendationservice-server", "message": "[Recv ListRecommendations] product_ids=['9SIQT8TOJO', '66VCHSJNUP', 'LS4PSXUNUM', '2ZYFJ3GM2N', '0PUK6V6EV0']"}
2026-08-15T12:57:44.871722999Z {"timestamp": 1786798664.8714025, "severity": "INFO", "name": "recommendationservice-server", "message": "[Recv ListRecommendations] product_ids=['9SIQT8TOJO', 'L9ECAV7KIM', '2ZYFJ3GM2N', '6E92ZMYYFZ', '0PUK6V6EV0']"}
2026-08-15T12:57:44.892585137Z {"timestamp": 1786798664.8922565, "severity": "INFO", "name": "recommendationservice-server", "message": "[Recv ListRecommendations] product_ids=['LS4PSXUNUM', '2ZYFJ3GM2N', '66VCHSJNUP', '1YMWWN1N4O', '0PUK6V6EV0']"}
2026-08-15T12:57:45.281906535Z {"timestamp": 1786798665.2816072, "severity": "INFO", "name": "recommendationservice-server", "message": "[Recv ListRecommendations] product_ids=['2ZYFJ3GM2N', 'OLJCESPC7Z', '0PUK6V6EV0', '6E92ZMYYFZ', '9SIQT8TOJO']"}
2026-08-15T12:57:45.445363686Z {"timestamp": 1786798665.4450777, "severity": "INFO", "name": "recommendationservice-server", "message": "[Recv ListRecommendations] product_ids=['66VCHSJNUP', 'L9ECAV7KIM', 'LS4PSXUNUM', '2ZYFJ3GM2N', '9SIQT8TOJO']"}
2026-08-15T12:57:45.467014405Z {"timestamp": 1786798665.4667742, "severity": "INFO", "name": "recommendationservice-server", "message": "[Recv ListRecommendations] product_ids=['LS4PSXUNUM', '1YMWWN1N4O', '6E92ZMYYFZ', '66VCHSJNUP', 'OLJCESPC7Z']"}
2026-08-15T12:57:45.487408795Z {"timestamp": 1786798665.487116, "severity": "INFO", "name": "recommendationservice-server", "message": "[Recv ListRecommendations] product_ids=['0PUK6V6EV0', 'LS4PSXUNUM', '2ZYFJ3GM2N', '1YMWWN1N4O', '9SIQT8TOJO']"}
2026-08-15T12:57:46.652509150Z {"timestamp": 1786798666.6522102, "severity": "INFO", "name": "recommendationservice-server", "message": "[Recv ListRecommendations] product_ids=['L9ECAV7KIM', 'LS4PSXUNUM', '66VCHSJNUP', '0PUK6V6EV0', '6E92ZMYYFZ']"}
2026-08-15T12:57:46.683184060Z {"timestamp": 1786798666.6828918, "severity": "INFO", "name": "recommendationservice-server", "message": "[Recv ListRecommendations] product_ids=['66VCHSJNUP', '6E92ZMYYFZ', 'L9ECAV7KIM', 'OLJCESPC7Z', '1YMWWN1N4O']"}
2026-08-15T12:57:47.468585689Z {"timestamp": 1786798667.468263, "severity": "INFO", "name": "recommendationservice-server", "message": "[Recv ListRecommendations] product_ids=['66VCHSJNUP', 'LS4PSXUNUM', '6E92ZMYYFZ', '0PUK6V6EV0', 'OLJCESPC7Z']"}
2026-08-15T12:57:47.654162204Z {"timestamp": 1786798667.653867, "severity": "INFO", "name": "recommendationservice-server", "message": "[Recv ListRecommendations] product_ids=['LS4PSXUNUM', 'L9ECAV7KIM', '9SIQT8TOJO', '2ZYFJ3GM2N', 'OLJCESPC7Z']"}
2026-08-15T12:57:48.972511267Z {"timestamp": 1786798668.9721673, "severity": "INFO", "name": "recommendationservice-server", "message": "[Recv ListRecommendations] product_ids=['9SIQT8TOJO', 'OLJCESPC7Z', '2ZYFJ3GM2N', 'LS4PSXUNUM', '0PUK6V6EV0']"}
2026-08-15T12:57:49.072389093Z {"timestamp": 1786798669.0720625, "severity": "INFO", "name": "recommendationservice-server", "message": "[Recv ListRecommendations] product_ids=['66VCHSJNUP', 'LS4PSXUNUM', 'L9ECAV7KIM', '1YMWWN1N4O', '2ZYFJ3GM2N']"}
2026-08-15T12:57:49.941898249Z {"timestamp": 1786798669.9415903, "severity": "INFO", "name": "recommendationservice-server", "message": "[Recv ListRecommendations] product_ids=['0PUK6V6EV0', '2ZYFJ3GM2N', 'OLJCESPC7Z', '1YMWWN1N4O', '66VCHSJNUP']"}
2026-08-15T12:57:50.021375607Z {"timestamp": 1786798670.021034, "severity": "INFO", "name": "recommendationservice-server", "message": "[Recv ListRecommendations] product_ids=['0PUK6V6EV0', 'OLJCESPC7Z', '2ZYFJ3GM2N', '66VCHSJNUP', '9SIQT8TOJO']"}
2026-08-15T12:57:50.052786692Z {"timestamp": 1786798670.0524251, "severity": "INFO", "name": "recommendationservice-server", "message": "[Recv ListRecommendations] product_ids=['2ZYFJ3GM2N', 'OLJCESPC7Z', '0PUK6V6EV0', '6E92ZMYYFZ', '66VCHSJNUP']"}
2026-08-15T12:57:50.105559542Z {"timestamp": 1786798670.1051898, "severity": "INFO", "name": "recommendationservice-server", "message": "[Recv ListRecommendations] product_ids=['L9ECAV7KIM', '0PUK6V6EV0', '2ZYFJ3GM2N', '6E92ZMYYFZ', 'OLJCESPC7Z']"}
2026-08-15T12:57:50.330623461Z {"timestamp": 1786798670.330313, "severity": "INFO", "name": "recommendationservice-server", "message": "[Recv ListRecommendations] product_ids=['6E92ZMYYFZ', 'LS4PSXUNUM', 'OLJCESPC7Z', '66VCHSJNUP', '0PUK6V6EV0']"}
2026-08-15T12:57:51.246719941Z {"timestamp": 1786798671.246368, "severity": "INFO", "name": "recommendationservice-server", "message": "[Recv ListRecommendations] product_ids=['LS4PSXUNUM', '9SIQT8TOJO', '1YMWWN1N4O', '0PUK6V6EV0', '66VCHSJNUP']"}
2026-08-15T12:57:51.990727773Z {"timestamp": 1786798671.9904394, "severity": "INFO", "name": "recommendationservice-server", "message": "[Recv ListRecommendations] product_ids=['L9ECAV7KIM', '1YMWWN1N4O', '9SIQT8TOJO', '66VCHSJNUP', '2ZYFJ3GM2N']"}
2026-08-15T12:57:52.275713566Z {"timestamp": 1786798672.275477, "severity": "INFO", "name": "recommendationservice-server", "message": "[Recv ListRecommendations] product_ids=['L9ECAV7KIM', '9SIQT8TOJO', '2ZYFJ3GM2N', '0PUK6V6EV0', '1YMWWN1N4O']"}
2026-08-15T12:57:53.256463401Z {"timestamp": 1786798673.2561624, "severity": "INFO", "name": "recommendationservice-server", "message": "[Recv ListRecommendations] product_ids=['OLJCESPC7Z', '1YMWWN1N4O', '0PUK6V6EV0', '66VCHSJNUP', 'LS4PSXUNUM']"}
2026-08-15T12:57:54.308641893Z {"timestamp": 1786798674.3083506, "severity": "INFO", "name": "recommendationservice-server", "message": "[Recv ListRecommendations] product_ids=['2ZYFJ3GM2N', '1YMWWN1N4O', 'OLJCESPC7Z', '9SIQT8TOJO', 'LS4PSXUNUM']"}
2026-08-15T12:57:54.580677615Z {"timestamp": 1786798674.5800467, "severity": "INFO", "name": "recommendationservice-server", "message": "[Recv ListRecommendations] product_ids=['0PUK6V6EV0', 'OLJCESPC7Z', '66VCHSJNUP', '1YMWWN1N4O', '6E92ZMYYFZ']"}
2026-08-15T12:57:54.863260847Z {"timestamp": 1786798674.8629537, "severity": "INFO", "name": "recommendationservice-server", "message": "[Recv ListRecommendations] product_ids=['1YMWWN1N4O', 'LS4PSXUNUM', '66VCHSJNUP', 'L9ECAV7KIM', '0PUK6V6EV0']"}
2026-08-15T12:57:54.877273887Z {"timestamp": 1786798674.876981, "severity": "INFO", "name": "recommendationservice-server", "message": "[Recv ListRecommendations] product_ids=['L9ECAV7KIM', '2ZYFJ3GM2N', 'LS4PSXUNUM', '66VCHSJNUP', '9SIQT8TOJO']"}
2026-08-15T12:57:55.476146274Z {"timestamp": 1786798675.4758496, "severity": "INFO", "name": "recommendationservice-server", "message": "[Recv ListRecommendations] product_ids=['OLJCESPC7Z', '9SIQT8TOJO', '2ZYFJ3GM2N', '6E92ZMYYFZ', 'LS4PSXUNUM']"}
2026-08-15T12:57:55.489887588Z {"timestamp": 1786798675.4895968, "severity": "INFO", "name": "recommendationservice-server", "message": "[Recv ListRecommendations] product_ids=['OLJCESPC7Z', 'L9ECAV7KIM', '1YMWWN1N4O', '66VCHSJNUP', '9SIQT8TOJO']"}
2026-08-15T12:57:57.117948176Z {"timestamp": 1786798677.117653, "severity": "INFO", "name": "recommendationservice-server", "message": "[Recv ListRecommendations] product_ids=['1YMWWN1N4O', '9SIQT8TOJO', '0PUK6V6EV0', 'OLJCESPC7Z', '66VCHSJNUP']"}
2026-08-15T12:57:57.175832413Z {"timestamp": 1786798677.175518, "severity": "INFO", "name": "recommendationservice-server", "message": "[Recv ListRecommendations] product_ids=['9SIQT8TOJO', '2ZYFJ3GM2N', '6E92ZMYYFZ', 'L9ECAV7KIM', '0PUK6V6EV0']"}
2026-08-15T12:57:57.679712813Z {"timestamp": 1786798677.6794114, "severity": "INFO", "name": "recommendationservice-server", "message": "[Recv ListRecommendations] product_ids=['66VCHSJNUP', '0PUK6V6EV0', '2ZYFJ3GM2N', 'LS4PSXUNUM', '1YMWWN1N4O']"}
2026-08-15T12:57:57.695225297Z {"timestamp": 1786798677.6949158, "severity": "INFO", "name": "recommendationservice-server", "message": "[Recv ListRecommendations] product_ids=['1YMWWN1N4O', '66VCHSJNUP', 'LS4PSXUNUM', '2ZYFJ3GM2N', 'OLJCESPC7Z']"}
2026-08-15T12:57:57.719381308Z {"timestamp": 1786798677.719042, "severity": "INFO", "name": "recommendationservice-server", "message": "[Recv ListRecommendations] product_ids=['1YMWWN1N4O', 'L9ECAV7KIM', 'LS4PSXUNUM', '6E92ZMYYFZ', 'OLJCESPC7Z']"}
2026-08-15T12:57:59.299967903Z {"timestamp": 1786798679.2995863, "severity": "INFO", "name": "recommendationservice-server", "message": "[Recv ListRecommendations] product_ids=['LS4PSXUNUM', '66VCHSJNUP', 'L9ECAV7KIM', '6E92ZMYYFZ', '1YMWWN1N4O']"}
2026-08-15T12:57:59.337865428Z {"timestamp": 1786798679.3375454, "severity": "INFO", "name": "recommendationservice-server", "message": "[Recv ListRecommendations] product_ids=['66VCHSJNUP', 'L9ECAV7KIM', 'LS4PSXUNUM', '9SIQT8TOJO', '0PUK6V6EV0']"}
2026-08-15T12:57:59.567019349Z {"timestamp": 1786798679.5667665, "severity": "INFO", "name": "recommendationservice-server", "message": "[Recv ListRecommendations] product_ids=['OLJCESPC7Z', '1YMWWN1N4O', '66VCHSJNUP', '9SIQT8TOJO', 'LS4PSXUNUM']"}
2026-08-15T12:57:59.899480551Z {"timestamp": 1786798679.8991914, "severity": "INFO", "name": "recommendationservice-server", "message": "[Recv ListRecommendations] product_ids=['1YMWWN1N4O', '0PUK6V6EV0', '66VCHSJNUP', 'L9ECAV7KIM', 'LS4PSXUNUM']"}
2026-08-15T12:58:00.738436504Z {"timestamp": 1786798680.7381418, "severity": "INFO", "name": "recommendationservice-server", "message": "[Recv ListRecommendations] product_ids=['LS4PSXUNUM', 'OLJCESPC7Z', '2ZYFJ3GM2N', '9SIQT8TOJO', '6E92ZMYYFZ']"}
2026-08-15T12:58:00.751061711Z {"timestamp": 1786798680.7507713, "severity": "INFO", "name": "recommendationservice-server", "message": "[Recv ListRecommendations] product_ids=['2ZYFJ3GM2N', '9SIQT8TOJO', '1YMWWN1N4O', 'LS4PSXUNUM', 'OLJCESPC7Z']"}
2026-08-15T12:58:01.036200287Z {"timestamp": 1786798681.0359035, "severity": "INFO", "name": "recommendationservice-server", "message": "[Recv ListRecommendations] product_ids=['9SIQT8TOJO', '0PUK6V6EV0', 'L9ECAV7KIM', '6E92ZMYYFZ', 'OLJCESPC7Z']"}
2026-08-15T12:58:02.042272803Z {"timestamp": 1786798682.0419803, "severity": "INFO", "name": "recommendationservice-server", "message": "[Recv ListRecommendations] product_ids=['0PUK6V6EV0', '1YMWWN1N4O', '9SIQT8TOJO', '2ZYFJ3GM2N', 'LS4PSXUNUM']"}
2026-08-15T12:58:02.653168719Z {"timestamp": 1786798682.6529083, "severity": "INFO", "name": "recommendationservice-server", "message": "[Recv ListRecommendations] product_ids=['2ZYFJ3GM2N', '0PUK6V6EV0', '6E92ZMYYFZ', '9SIQT8TOJO', 'OLJCESPC7Z']"}
2026-08-15T12:58:02.841069210Z {"timestamp": 1786798682.8407595, "severity": "INFO", "name": "recommendationservice-server", "message": "[Recv ListRecommendations] product_ids=['2ZYFJ3GM2N', '6E92ZMYYFZ', '66VCHSJNUP', '1YMWWN1N4O', '9SIQT8TOJO']"}
2026-08-15T12:58:02.903421078Z {"timestamp": 1786798682.9030724, "severity": "INFO", "name": "recommendationservice-server", "message": "[Recv ListRecommendations] product_ids=['2ZYFJ3GM2N', '66VCHSJNUP', 'OLJCESPC7Z', '0PUK6V6EV0', '6E92ZMYYFZ']"}
2026-08-15T12:58:03.202389935Z {"timestamp": 1786798683.2020519, "severity": "INFO", "name": "recommendationservice-server", "message": "[Recv ListRecommendations] product_ids=['1YMWWN1N4O', '9SIQT8TOJO', 'LS4PSXUNUM', 'OLJCESPC7Z', '6E92ZMYYFZ']"}
2026-08-15T12:58:03.303296079Z {"timestamp": 1786798683.302939, "severity": "INFO", "name": "recommendationservice-server", "message": "[Recv ListRecommendations] product_ids=['1YMWWN1N4O', '2ZYFJ3GM2N', 'OLJCESPC7Z', '66VCHSJNUP', '0PUK6V6EV0']"}
2026-08-15T12:58:04.327580355Z {"timestamp": 1786798684.3272994, "severity": "INFO", "name": "recommendationservice-server", "message": "[Recv ListRecommendations] product_ids=['66VCHSJNUP', '9SIQT8TOJO', '2ZYFJ3GM2N', 'OLJCESPC7Z', '6E92ZMYYFZ']"}
2026-08-15T12:58:04.355702682Z {"timestamp": 1786798684.3554337, "severity": "INFO", "name": "recommendationservice-server", "message": "[Recv ListRecommendations] product_ids=['1YMWWN1N4O', '6E92ZMYYFZ', 'L9ECAV7KIM', '9SIQT8TOJO', 'LS4PSXUNUM']"}
2026-08-15T12:58:04.979905236Z {"timestamp": 1786798684.979452, "severity": "INFO", "name": "recommendationservice-server", "message": "[Recv ListRecommendations] product_ids=['6E92ZMYYFZ', 'OLJCESPC7Z', '1YMWWN1N4O', '9SIQT8TOJO', '66VCHSJNUP']"}
2026-08-15T12:58:05.000597516Z {"timestamp": 1786798685.0001323, "severity": "INFO", "name": "recommendationservice-server", "message": "[Recv ListRecommendations] product_ids=['0PUK6V6EV0', '1YMWWN1N4O', 'OLJCESPC7Z', '66VCHSJNUP', 'L9ECAV7KIM']"}
2026-08-15T12:58:06.830428277Z {"timestamp": 1786798686.830141, "severity": "INFO", "name": "recommendationservice-server", "message": "[Recv ListRecommendations] product_ids=['66VCHSJNUP', '2ZYFJ3GM2N', '9SIQT8TOJO', 'LS4PSXUNUM', '0PUK6V6EV0']"}
2026-08-15T12:58:07.341212228Z {"timestamp": 1786798687.3409076, "severity": "INFO", "name": "recommendationservice-server", "message": "[Recv ListRecommendations] product_ids=['66VCHSJNUP', '6E92ZMYYFZ', '1YMWWN1N4O', 'L9ECAV7KIM', '0PUK6V6EV0']"}
2026-08-15T12:58:08.388096776Z {"timestamp": 1786798688.3878024, "severity": "INFO", "name": "recommendationservice-server", "message": "[Recv ListRecommendations] product_ids=['6E92ZMYYFZ', 'LS4PSXUNUM', '66VCHSJNUP', '0PUK6V6EV0', '9SIQT8TOJO']"}
2026-08-15T12:58:08.499485674Z {"timestamp": 1786798688.499206, "severity": "INFO", "name": "recommendationservice-server", "message": "[Recv ListRecommendations] product_ids=['6E92ZMYYFZ', 'LS4PSXUNUM', 'L9ECAV7KIM', '0PUK6V6EV0', 'OLJCESPC7Z']"}
2026-08-15T12:58:08.538816528Z {"timestamp": 1786798688.5385098, "severity": "INFO", "name": "recommendationservice-server", "message": "[Recv ListRecommendations] product_ids=['2ZYFJ3GM2N', '9SIQT8TOJO', 'OLJCESPC7Z', '6E92ZMYYFZ', 'LS4PSXUNUM']"}
2026-08-15T12:58:08.552611615Z {"timestamp": 1786798688.552233, "severity": "INFO", "name": "recommendationservice-server", "message": "[Recv ListRecommendations] product_ids=['L9ECAV7KIM', 'OLJCESPC7Z', '2ZYFJ3GM2N', '0PUK6V6EV0', 'LS4PSXUNUM']"}
2026-08-15T12:58:08.881641894Z {"timestamp": 1786798688.8813646, "severity": "INFO", "name": "recommendationservice-server", "message": "[Recv ListRecommendations] product_ids=['66VCHSJNUP', '9SIQT8TOJO', '6E92ZMYYFZ', 'L9ECAV7KIM', '1YMWWN1N4O']"}
2026-08-15T12:58:09.230920508Z {"timestamp": 1786798689.2306266, "severity": "INFO", "name": "recommendationservice-server", "message": "[Recv ListRecommendations] product_ids=['0PUK6V6EV0', '6E92ZMYYFZ', '9SIQT8TOJO', '66VCHSJNUP', 'LS4PSXUNUM']"}
2026-08-15T12:58:09.438666594Z {"timestamp": 1786798689.438383, "severity": "INFO", "name": "recommendationservice-server", "message": "[Recv ListRecommendations] product_ids=['9SIQT8TOJO', '66VCHSJNUP', '1YMWWN1N4O', 'LS4PSXUNUM', '0PUK6V6EV0']"}
2026-08-15T12:58:09.618954519Z {"timestamp": 1786798689.618697, "severity": "INFO", "name": "recommendationservice-server", "message": "[Recv ListRecommendations] product_ids=['0PUK6V6EV0', '2ZYFJ3GM2N', 'L9ECAV7KIM', 'LS4PSXUNUM', '1YMWWN1N4O']"}
2026-08-15T12:58:09.640011836Z {"timestamp": 1786798689.639738, "severity": "INFO", "name": "recommendationservice-server", "message": "[Recv ListRecommendations] product_ids=['9SIQT8TOJO', '66VCHSJNUP', '2ZYFJ3GM2N', '1YMWWN1N4O', 'L9ECAV7KIM']"}
2026-08-15T12:58:10.001785599Z {"timestamp": 1786798690.0015228, "severity": "INFO", "name": "recommendationservice-server", "message": "[Recv ListRecommendations] product_ids=['1YMWWN1N4O', '0PUK6V6EV0', '2ZYFJ3GM2N', 'L9ECAV7KIM', 'LS4PSXUNUM']"}
2026-08-15T12:58:11.788199956Z {"timestamp": 1786798691.7878764, "severity": "INFO", "name": "recommendationservice-server", "message": "[Recv ListRecommendations] product_ids=['6E92ZMYYFZ', 'LS4PSXUNUM', '0PUK6V6EV0', '66VCHSJNUP', '2ZYFJ3GM2N']"}
2026-08-15T12:58:11.808621230Z {"timestamp": 1786798691.8083098, "severity": "INFO", "name": "recommendationservice-server", "message": "[Recv ListRecommendations] product_ids=['1YMWWN1N4O', '0PUK6V6EV0', 'LS4PSXUNUM', 'OLJCESPC7Z', '6E92ZMYYFZ']"}
2026-08-15T12:58:11.821181006Z {"timestamp": 1786798691.8208733, "severity": "INFO", "name": "recommendationservice-server", "message": "[Recv ListRecommendations] product_ids=['OLJCESPC7Z', '9SIQT8TOJO', 'LS4PSXUNUM', '66VCHSJNUP', '1YMWWN1N4O']"}
2026-08-15T12:58:11.839361753Z {"timestamp": 1786798691.8390615, "severity": "INFO", "name": "recommendationservice-server", "message": "[Recv ListRecommendations] product_ids=['66VCHSJNUP', '9SIQT8TOJO', '6E92ZMYYFZ', 'L9ECAV7KIM', '0PUK6V6EV0']"}
2026-08-15T12:58:11.875885062Z {"timestamp": 1786798691.8755429, "severity": "INFO", "name": "recommendationservice-server", "message": "[Recv ListRecommendations] product_ids=['66VCHSJNUP', '2ZYFJ3GM2N', '9SIQT8TOJO', 'OLJCESPC7Z', 'LS4PSXUNUM']"}
2026-08-15T12:58:11.984513696Z {"timestamp": 1786798691.9842446, "severity": "INFO", "name": "recommendationservice-server", "message": "[Recv ListRecommendations] product_ids=['6E92ZMYYFZ', 'LS4PSXUNUM', '9SIQT8TOJO', '2ZYFJ3GM2N', '66VCHSJNUP']"}
2026-08-15T12:58:12.679387479Z {"timestamp": 1786798692.679112, "severity": "INFO", "name": "recommendationservice-server", "message": "[Recv ListRecommendations] product_ids=['LS4PSXUNUM', '66VCHSJNUP', '1YMWWN1N4O', '9SIQT8TOJO', '6E92ZMYYFZ']"}
2026-08-15T12:58:14.374973510Z {"timestamp": 1786798694.3747015, "severity": "INFO", "name": "recommendationservice-server", "message": "[Recv ListRecommendations] product_ids=['66VCHSJNUP', 'OLJCESPC7Z', '1YMWWN1N4O', 'L9ECAV7KIM', '9SIQT8TOJO']"}
2026-08-15T12:58:14.834912028Z {"timestamp": 1786798694.834534, "severity": "INFO", "name": "recommendationservice-server", "message": "[Recv ListRecommendations] product_ids=['9SIQT8TOJO', '1YMWWN1N4O', '0PUK6V6EV0', 'LS4PSXUNUM', '6E92ZMYYFZ']"}
2026-08-15T12:58:15.439642554Z {"timestamp": 1786798695.4393566, "severity": "INFO", "name": "recommendationservice-server", "message": "[Recv ListRecommendations] product_ids=['2ZYFJ3GM2N', 'L9ECAV7KIM', '0PUK6V6EV0', 'OLJCESPC7Z', '6E92ZMYYFZ']"}
2026-08-15T12:58:15.647086926Z {"timestamp": 1786798695.6467674, "severity": "INFO", "name": "recommendationservice-server", "message": "[Recv ListRecommendations] product_ids=['6E92ZMYYFZ', '66VCHSJNUP', 'L9ECAV7KIM', '9SIQT8TOJO', '2ZYFJ3GM2N']"}
2026-08-15T12:58:15.920200467Z {"timestamp": 1786798695.9198904, "severity": "INFO", "name": "recommendationservice-server", "message": "[Recv ListRecommendations] product_ids=['OLJCESPC7Z', '2ZYFJ3GM2N', 'L9ECAV7KIM', 'LS4PSXUNUM', '9SIQT8TOJO']"}
2026-08-15T12:58:16.788224138Z {"timestamp": 1786798696.7880056, "severity": "INFO", "name": "recommendationservice-server", "message": "[Recv ListRecommendations] product_ids=['0PUK6V6EV0', 'L9ECAV7KIM', '6E92ZMYYFZ', 'LS4PSXUNUM', '1YMWWN1N4O']"}
2026-08-15T12:58:17.147548336Z {"timestamp": 1786798697.1472766, "severity": "INFO", "name": "recommendationservice-server", "message": "[Recv ListRecommendations] product_ids=['L9ECAV7KIM', '2ZYFJ3GM2N', 'OLJCESPC7Z', 'LS4PSXUNUM', '0PUK6V6EV0']"}
2026-08-15T12:58:17.425029222Z {"timestamp": 1786798697.4247162, "severity": "INFO", "name": "recommendationservice-server", "message": "[Recv ListRecommendations] product_ids=['2ZYFJ3GM2N', '1YMWWN1N4O', '9SIQT8TOJO', '0PUK6V6EV0', '66VCHSJNUP']"}
2026-08-15T12:58:17.731731275Z {"timestamp": 1786798697.7314432, "severity": "INFO", "name": "recommendationservice-server", "message": "[Recv ListRecommendations] product_ids=['66VCHSJNUP', '0PUK6V6EV0', '9SIQT8TOJO', 'L9ECAV7KIM', 'OLJCESPC7Z']"}
2026-08-15T12:58:17.742385158Z {"timestamp": 1786798697.742091, "severity": "INFO", "name": "recommendationservice-server", "message": "[Recv ListRecommendations] product_ids=['1YMWWN1N4O', '6E92ZMYYFZ', '9SIQT8TOJO', 'LS4PSXUNUM', '0PUK6V6EV0']"}
2026-08-15T12:58:17.746138439Z {"timestamp": 1786798697.745749, "severity": "INFO", "name": "recommendationservice-server", "message": "[Recv ListRecommendations] product_ids=['0PUK6V6EV0', 'OLJCESPC7Z', '6E92ZMYYFZ', 'LS4PSXUNUM', '9SIQT8TOJO']"}
2026-08-15T12:58:18.065162422Z {"timestamp": 1786798698.0648713, "severity": "INFO", "name": "recommendationservice-server", "message": "[Recv ListRecommendations] product_ids=['LS4PSXUNUM', '1YMWWN1N4O', '66VCHSJNUP', '9SIQT8TOJO', '0PUK6V6EV0']"}
2026-08-15T12:58:18.204946801Z {"timestamp": 1786798698.2046306, "severity": "INFO", "name": "recommendationservice-server", "message": "[Recv ListRecommendations] product_ids=['2ZYFJ3GM2N', '0PUK6V6EV0', 'OLJCESPC7Z', 'L9ECAV7KIM', '9SIQT8TOJO']"}
2026-08-15T12:58:18.266071458Z {"timestamp": 1786798698.2655382, "severity": "INFO", "name": "recommendationservice-server", "message": "[Recv ListRecommendations] product_ids=['1YMWWN1N4O', '9SIQT8TOJO', '6E92ZMYYFZ', '2ZYFJ3GM2N', '66VCHSJNUP']"}
2026-08-15T12:58:18.489689181Z {"timestamp": 1786798698.4893773, "severity": "INFO", "name": "recommendationservice-server", "message": "[Recv ListRecommendations] product_ids=['LS4PSXUNUM', 'OLJCESPC7Z', '2ZYFJ3GM2N', '6E92ZMYYFZ', '1YMWWN1N4O']"}
2026-08-15T12:58:19.847098703Z {"timestamp": 1786798699.8468065, "severity": "INFO", "name": "recommendationservice-server", "message": "[Recv ListRecommendations] product_ids=['66VCHSJNUP', '9SIQT8TOJO', 'LS4PSXUNUM', 'OLJCESPC7Z', 'L9ECAV7KIM']"}
2026-08-15T12:58:20.038487280Z {"timestamp": 1786798700.0381777, "severity": "INFO", "name": "recommendationservice-server", "message": "[Recv ListRecommendations] product_ids=['OLJCESPC7Z', '6E92ZMYYFZ', '0PUK6V6EV0', '66VCHSJNUP', '9SIQT8TOJO']"}
2026-08-15T12:58:20.725187946Z {"timestamp": 1786798700.7248967, "severity": "INFO", "name": "recommendationservice-server", "message": "[Recv ListRecommendations] product_ids=['66VCHSJNUP', '0PUK6V6EV0', 'L9ECAV7KIM', '9SIQT8TOJO', 'OLJCESPC7Z']"}
2026-08-15T12:58:20.939188301Z {"timestamp": 1786798700.9388964, "severity": "INFO", "name": "recommendationservice-server", "message": "[Recv ListRecommendations] product_ids=['OLJCESPC7Z', '0PUK6V6EV0', '66VCHSJNUP', '6E92ZMYYFZ', '1YMWWN1N4O']"}
2026-08-15T12:58:21.535540467Z {"timestamp": 1786798701.535243, "severity": "INFO", "name": "recommendationservice-server", "message": "[Recv ListRecommendations] product_ids=['6E92ZMYYFZ', '66VCHSJNUP', '9SIQT8TOJO', '1YMWWN1N4O', 'LS4PSXUNUM']"}
2026-08-15T12:58:21.547967119Z {"timestamp": 1786798701.5476754, "severity": "INFO", "name": "recommendationservice-server", "message": "[Recv ListRecommendations] product_ids=['2ZYFJ3GM2N', 'LS4PSXUNUM', '1YMWWN1N4O', 'OLJCESPC7Z', '66VCHSJNUP']"}
2026-08-15T12:58:21.996501796Z {"timestamp": 1786798701.9956317, "severity": "INFO", "name": "recommendationservice-server", "message": "[Recv ListRecommendations] product_ids=['1YMWWN1N4O', '6E92ZMYYFZ', 'OLJCESPC7Z', '0PUK6V6EV0', 'LS4PSXUNUM']"}
2026-08-15T12:58:22.067531251Z {"timestamp": 1786798702.0671952, "severity": "INFO", "name": "recommendationservice-server", "message": "[Recv ListRecommendations] product_ids=['LS4PSXUNUM', 'L9ECAV7KIM', '9SIQT8TOJO', '6E92ZMYYFZ', '2ZYFJ3GM2N']"}
2026-08-15T12:58:22.502324244Z {"timestamp": 1786798702.502034, "severity": "INFO", "name": "recommendationservice-server", "message": "[Recv ListRecommendations] product_ids=['0PUK6V6EV0', '66VCHSJNUP', 'L9ECAV7KIM', '2ZYFJ3GM2N', 'LS4PSXUNUM']"}
2026-08-15T12:58:23.193763587Z {"timestamp": 1786798703.1934912, "severity": "INFO", "name": "recommendationservice-server", "message": "[Recv ListRecommendations] product_ids=['LS4PSXUNUM', '0PUK6V6EV0', '6E92ZMYYFZ', 'L9ECAV7KIM', '66VCHSJNUP']"}
2026-08-15T12:58:23.812797238Z {"timestamp": 1786798703.8124654, "severity": "INFO", "name": "recommendationservice-server", "message": "[Recv ListRecommendations] product_ids=['OLJCESPC7Z', '0PUK6V6EV0', '6E92ZMYYFZ', 'LS4PSXUNUM', '9SIQT8TOJO']"}
2026-08-15T12:58:24.499033557Z {"timestamp": 1786798704.4987326, "severity": "INFO", "name": "recommendationservice-server", "message": "[Recv ListRecommendations] product_ids=['1YMWWN1N4O', '66VCHSJNUP', '6E92ZMYYFZ', 'LS4PSXUNUM', '0PUK6V6EV0']"}
2026-08-15T12:58:24.581023416Z {"timestamp": 1786798704.5806715, "severity": "INFO", "name": "recommendationservice-server", "message": "[Recv ListRecommendations] product_ids=['LS4PSXUNUM', '0PUK6V6EV0', '6E92ZMYYFZ', '1YMWWN1N4O', '66VCHSJNUP']"}
2026-08-15T12:58:25.570128241Z {"timestamp": 1786798705.5698693, "severity": "INFO", "name": "recommendationservice-server", "message": "[Recv ListRecommendations] product_ids=['9SIQT8TOJO', 'LS4PSXUNUM', 'OLJCESPC7Z', '2ZYFJ3GM2N', 'L9ECAV7KIM']"}
2026-08-15T12:58:25.691619978Z {"timestamp": 1786798705.69127, "severity": "INFO", "name": "recommendationservice-server", "message": "[Recv ListRecommendations] product_ids=['OLJCESPC7Z', '0PUK6V6EV0', '1YMWWN1N4O', '2ZYFJ3GM2N', 'LS4PSXUNUM']"}
2026-08-15T12:58:26.328197502Z {"timestamp": 1786798706.3278997, "severity": "INFO", "name": "recommendationservice-server", "message": "[Recv ListRecommendations] product_ids=['1YMWWN1N4O', '9SIQT8TOJO', '6E92ZMYYFZ', 'OLJCESPC7Z', '2ZYFJ3GM2N']"}
2026-08-15T12:58:26.557885313Z {"timestamp": 1786798706.557433, "severity": "INFO", "name": "recommendationservice-server", "message": "[Recv ListRecommendations] product_ids=['1YMWWN1N4O', 'OLJCESPC7Z', 'LS4PSXUNUM', '9SIQT8TOJO', '2ZYFJ3GM2N']"}
2026-08-15T12:58:26.859010532Z {"timestamp": 1786798706.8583584, "severity": "INFO", "name": "recommendationservice-server", "message": "[Recv ListRecommendations] product_ids=['0PUK6V6EV0', '66VCHSJNUP', '2ZYFJ3GM2N', '1YMWWN1N4O', 'OLJCESPC7Z']"}
2026-08-15T12:58:27.250110411Z {"timestamp": 1786798707.2496982, "severity": "INFO", "name": "recommendationservice-server", "message": "[Recv ListRecommendations] product_ids=['2ZYFJ3GM2N', 'LS4PSXUNUM', 'OLJCESPC7Z', '66VCHSJNUP', '0PUK6V6EV0']"}
2026-08-15T12:58:27.374378028Z {"timestamp": 1786798707.3740554, "severity": "INFO", "name": "recommendationservice-server", "message": "[Recv ListRecommendations] product_ids=['2ZYFJ3GM2N', '0PUK6V6EV0', 'L9ECAV7KIM', '6E92ZMYYFZ', 'LS4PSXUNUM']"}
2026-08-15T12:58:27.956299200Z {"timestamp": 1786798707.9560213, "severity": "INFO", "name": "recommendationservice-server", "message": "[Recv ListRecommendations] product_ids=['66VCHSJNUP', '6E92ZMYYFZ', '0PUK6V6EV0', 'LS4PSXUNUM', '9SIQT8TOJO']"}
2026-08-15T12:58:28.073500733Z {"timestamp": 1786798708.073218, "severity": "INFO", "name": "recommendationservice-server", "message": "[Recv ListRecommendations] product_ids=['LS4PSXUNUM', 'L9ECAV7KIM', '66VCHSJNUP', '6E92ZMYYFZ', '9SIQT8TOJO']"}
2026-08-15T12:58:29.188946697Z {"timestamp": 1786798709.1886454, "severity": "INFO", "name": "recommendationservice-server", "message": "[Recv ListRecommendations] product_ids=['66VCHSJNUP', 'OLJCESPC7Z', 'L9ECAV7KIM', '1YMWWN1N4O', '0PUK6V6EV0']"}
2026-08-15T12:58:29.264705223Z {"timestamp": 1786798709.2643805, "severity": "INFO", "name": "recommendationservice-server", "message": "[Recv ListRecommendations] product_ids=['9SIQT8TOJO', 'LS4PSXUNUM', 'OLJCESPC7Z', '2ZYFJ3GM2N', '0PUK6V6EV0']"}
2026-08-15T12:58:29.554854080Z {"timestamp": 1786798709.5545607, "severity": "INFO", "name": "recommendationservice-server", "message": "[Recv ListRecommendations] product_ids=['OLJCESPC7Z', 'LS4PSXUNUM', '2ZYFJ3GM2N', '0PUK6V6EV0', '9SIQT8TOJO']"}
2026-08-15T12:58:29.567263280Z {"timestamp": 1786798709.5669878, "severity": "INFO", "name": "recommendationservice-server", "message": "[Recv ListRecommendations] product_ids=['6E92ZMYYFZ', '9SIQT8TOJO', '2ZYFJ3GM2N', 'OLJCESPC7Z', '0PUK6V6EV0']"}
2026-08-15T12:58:29.588224607Z {"timestamp": 1786798709.587931, "severity": "INFO", "name": "recommendationservice-server", "message": "[Recv ListRecommendations] product_ids=['66VCHSJNUP', 'LS4PSXUNUM', '0PUK6V6EV0', '6E92ZMYYFZ', '9SIQT8TOJO']"}
2026-08-15T12:58:30.248306337Z {"timestamp": 1786798710.2480218, "severity": "INFO", "name": "recommendationservice-server", "message": "[Recv ListRecommendations] product_ids=['66VCHSJNUP', '9SIQT8TOJO', '2ZYFJ3GM2N', 'LS4PSXUNUM', '1YMWWN1N4O']"}
2026-08-15T12:58:30.278678574Z {"timestamp": 1786798710.2783887, "severity": "INFO", "name": "recommendationservice-server", "message": "[Recv ListRecommendations] product_ids=['66VCHSJNUP', 'LS4PSXUNUM', '0PUK6V6EV0', '6E92ZMYYFZ', '1YMWWN1N4O']"}
2026-08-15T12:58:30.549942905Z {"timestamp": 1786798710.5496511, "severity": "INFO", "name": "recommendationservice-server", "message": "[Recv ListRecommendations] product_ids=['OLJCESPC7Z', 'LS4PSXUNUM', '0PUK6V6EV0', 'L9ECAV7KIM', '66VCHSJNUP']"}
2026-08-15T12:58:30.562094680Z {"timestamp": 1786798710.5617864, "severity": "INFO", "name": "recommendationservice-server", "message": "[Recv ListRecommendations] product_ids=['66VCHSJNUP', 'L9ECAV7KIM', '1YMWWN1N4O', 'OLJCESPC7Z', '0PUK6V6EV0']"}
2026-08-15T12:58:30.581684074Z {"timestamp": 1786798710.5814006, "severity": "INFO", "name": "recommendationservice-server", "message": "[Recv ListRecommendations] product_ids=['1YMWWN1N4O', '9SIQT8TOJO', '0PUK6V6EV0', '6E92ZMYYFZ', '66VCHSJNUP']"}
2026-08-15T12:58:31.146602202Z {"timestamp": 1786798711.1463127, "severity": "INFO", "name": "recommendationservice-server", "message": "[Recv ListRecommendations] product_ids=['2ZYFJ3GM2N', 'LS4PSXUNUM', '9SIQT8TOJO', '1YMWWN1N4O', '66VCHSJNUP']"}
2026-08-15T12:58:31.160191516Z {"timestamp": 1786798711.159894, "severity": "INFO", "name": "recommendationservice-server", "message": "[Recv ListRecommendations] product_ids=['LS4PSXUNUM', '66VCHSJNUP', '9SIQT8TOJO', '2ZYFJ3GM2N', 'OLJCESPC7Z']"}
2026-08-15T12:58:31.183777997Z {"timestamp": 1786798711.1835067, "severity": "INFO", "name": "recommendationservice-server", "message": "[Recv ListRecommendations] product_ids=['1YMWWN1N4O', 'LS4PSXUNUM', '66VCHSJNUP', 'L9ECAV7KIM', 'OLJCESPC7Z']"}
2026-08-15T12:58:31.647303420Z {"timestamp": 1786798711.647017, "severity": "INFO", "name": "recommendationservice-server", "message": "[Recv ListRecommendations] product_ids=['0PUK6V6EV0', '1YMWWN1N4O', 'L9ECAV7KIM', 'LS4PSXUNUM', '66VCHSJNUP']"}
2026-08-15T12:58:31.694323166Z {"timestamp": 1786798711.694071, "severity": "INFO", "name": "recommendationservice-server", "message": "[Recv ListRecommendations] product_ids=['OLJCESPC7Z', '0PUK6V6EV0', 'L9ECAV7KIM', 'LS4PSXUNUM', '9SIQT8TOJO']"}
2026-08-15T12:58:31.707151907Z {"timestamp": 1786798711.7068605, "severity": "INFO", "name": "recommendationservice-server", "message": "[Recv ListRecommendations] product_ids=['1YMWWN1N4O', 'LS4PSXUNUM', '9SIQT8TOJO', '2ZYFJ3GM2N', 'L9ECAV7KIM']"}
2026-08-15T12:58:32.300101745Z {"timestamp": 1786798712.29977, "severity": "INFO", "name": "recommendationservice-server", "message": "[Recv ListRecommendations] product_ids=['0PUK6V6EV0', '1YMWWN1N4O', '9SIQT8TOJO', '6E92ZMYYFZ', 'OLJCESPC7Z']"}
2026-08-15T12:58:32.497344619Z {"timestamp": 1786798712.497061, "severity": "INFO", "name": "recommendationservice-server", "message": "[Recv ListRecommendations] product_ids=['LS4PSXUNUM', '2ZYFJ3GM2N', 'OLJCESPC7Z', '66VCHSJNUP', '9SIQT8TOJO']"}
2026-08-15T12:58:32.510814921Z {"timestamp": 1786798712.5105016, "severity": "INFO", "name": "recommendationservice-server", "message": "[Recv ListRecommendations] product_ids=['6E92ZMYYFZ', 'LS4PSXUNUM', '1YMWWN1N4O', 'L9ECAV7KIM', 'OLJCESPC7Z']"}
2026-08-15T12:58:32.532391708Z {"timestamp": 1786798712.532111, "severity": "INFO", "name": "recommendationservice-server", "message": "[Recv ListRecommendations] product_ids=['LS4PSXUNUM', '6E92ZMYYFZ', '66VCHSJNUP', 'OLJCESPC7Z', '1YMWWN1N4O']"}
2026-08-15T12:58:32.893442921Z {"timestamp": 1786798712.8931437, "severity": "INFO", "name": "recommendationservice-server", "message": "[Recv ListRecommendations] product_ids=['1YMWWN1N4O', 'OLJCESPC7Z', '9SIQT8TOJO', '2ZYFJ3GM2N', '6E92ZMYYFZ']"}
2026-08-15T12:58:34.507781435Z {"timestamp": 1786798714.5073686, "severity": "INFO", "name": "recommendationservice-server", "message": "[Recv ListRecommendations] product_ids=['1YMWWN1N4O', '9SIQT8TOJO', 'L9ECAV7KIM', '2ZYFJ3GM2N', '0PUK6V6EV0']"}
2026-08-15T12:58:34.523588837Z {"timestamp": 1786798714.5232413, "severity": "INFO", "name": "recommendationservice-server", "message": "[Recv ListRecommendations] product_ids=['6E92ZMYYFZ', 'LS4PSXUNUM', 'L9ECAV7KIM', 'OLJCESPC7Z', '0PUK6V6EV0']"}
2026-08-15T12:58:34.737311390Z {"timestamp": 1786798714.7369661, "severity": "INFO", "name": "recommendationservice-server", "message": "[Recv ListRecommendations] product_ids=['0PUK6V6EV0', '9SIQT8TOJO', 'L9ECAV7KIM', '2ZYFJ3GM2N', '66VCHSJNUP']"}
2026-08-15T12:58:34.753359016Z {"timestamp": 1786798714.753017, "severity": "INFO", "name": "recommendationservice-server", "message": "[Recv ListRecommendations] product_ids=['OLJCESPC7Z', '9SIQT8TOJO', 'LS4PSXUNUM', '6E92ZMYYFZ', '0PUK6V6EV0']"}
2026-08-15T12:58:35.454954299Z {"timestamp": 1786798715.454687, "severity": "INFO", "name": "recommendationservice-server", "message": "[Recv ListRecommendations] product_ids=['LS4PSXUNUM', '6E92ZMYYFZ', 'OLJCESPC7Z', '0PUK6V6EV0', '2ZYFJ3GM2N']"}
2026-08-15T12:58:35.467342054Z {"timestamp": 1786798715.4670775, "severity": "INFO", "name": "recommendationservice-server", "message": "[Recv ListRecommendations] product_ids=['LS4PSXUNUM', 'L9ECAV7KIM', '9SIQT8TOJO', 'OLJCESPC7Z', '66VCHSJNUP']"}
2026-08-15T12:58:35.494820238Z {"timestamp": 1786798715.4944844, "severity": "INFO", "name": "recommendationservice-server", "message": "[Recv ListRecommendations] product_ids=['L9ECAV7KIM', 'LS4PSXUNUM', '1YMWWN1N4O', '6E92ZMYYFZ', 'OLJCESPC7Z']"}
2026-08-15T12:58:35.842888503Z {"timestamp": 1786798715.8423944, "severity": "INFO", "name": "recommendationservice-server", "message": "[Recv ListRecommendations] product_ids=['L9ECAV7KIM', 'OLJCESPC7Z', '6E92ZMYYFZ', '9SIQT8TOJO', '1YMWWN1N4O']"}
2026-08-15T12:58:36.307755502Z {"timestamp": 1786798716.307411, "severity": "INFO", "name": "recommendationservice-server", "message": "[Recv ListRecommendations] product_ids=['9SIQT8TOJO', '66VCHSJNUP', '1YMWWN1N4O', '6E92ZMYYFZ', '2ZYFJ3GM2N']"}
2026-08-15T12:58:36.514683567Z {"timestamp": 1786798716.5142527, "severity": "INFO", "name": "recommendationservice-server", "message": "[Recv ListRecommendations] product_ids=['L9ECAV7KIM', 'LS4PSXUNUM', '9SIQT8TOJO', 'OLJCESPC7Z', '66VCHSJNUP']"}
2026-08-15T12:58:37.188724558Z {"timestamp": 1786798717.1882138, "severity": "INFO", "name": "recommendationservice-server", "message": "[Recv ListRecommendations] product_ids=['OLJCESPC7Z', '9SIQT8TOJO', '66VCHSJNUP', 'LS4PSXUNUM', '2ZYFJ3GM2N']"}
2026-08-15T12:58:37.207014611Z {"timestamp": 1786798717.2066061, "severity": "INFO", "name": "recommendationservice-server", "message": "[Recv ListRecommendations] product_ids=['66VCHSJNUP', 'OLJCESPC7Z', '0PUK6V6EV0', '2ZYFJ3GM2N', 'LS4PSXUNUM']"}
2026-08-15T12:58:37.212301446Z {"timestamp": 1786798717.2120054, "severity": "INFO", "name": "recommendationservice-server", "message": "[Recv ListRecommendations] product_ids=['0PUK6V6EV0', '6E92ZMYYFZ', '9SIQT8TOJO', 'L9ECAV7KIM', 'LS4PSXUNUM']"}
2026-08-15T12:58:37.280159522Z {"timestamp": 1786798717.2798553, "severity": "INFO", "name": "recommendationservice-server", "message": "[Recv ListRecommendations] product_ids=['9SIQT8TOJO', '0PUK6V6EV0', '2ZYFJ3GM2N', 'LS4PSXUNUM', '1YMWWN1N4O']"}
2026-08-15T12:58:37.377521186Z {"timestamp": 1786798717.3772483, "severity": "INFO", "name": "recommendationservice-server", "message": "[Recv ListRecommendations] product_ids=['66VCHSJNUP', '9SIQT8TOJO', 'L9ECAV7KIM', '0PUK6V6EV0', '2ZYFJ3GM2N']"}
2026-08-15T12:58:37.708979268Z {"timestamp": 1786798717.7085974, "severity": "INFO", "name": "recommendationservice-server", "message": "[Recv ListRecommendations] product_ids=['OLJCESPC7Z', '0PUK6V6EV0', '2ZYFJ3GM2N', 'L9ECAV7KIM', 'LS4PSXUNUM']"}
2026-08-15T12:58:37.862587431Z {"timestamp": 1786798717.8623133, "severity": "INFO", "name": "recommendationservice-server", "message": "[Recv ListRecommendations] product_ids=['2ZYFJ3GM2N', 'OLJCESPC7Z', '66VCHSJNUP', 'L9ECAV7KIM', 'LS4PSXUNUM']"}
2026-08-15T12:58:37.962100713Z {"timestamp": 1786798717.961786, "severity": "INFO", "name": "recommendationservice-server", "message": "[Recv ListRecommendations] product_ids=['6E92ZMYYFZ', '1YMWWN1N4O', '2ZYFJ3GM2N', '0PUK6V6EV0', 'L9ECAV7KIM']"}
2026-08-15T12:58:37.977024025Z {"timestamp": 1786798717.9766812, "severity": "INFO", "name": "recommendationservice-server", "message": "[Recv ListRecommendations] product_ids=['0PUK6V6EV0', 'L9ECAV7KIM', '66VCHSJNUP', '9SIQT8TOJO', 'LS4PSXUNUM']"}
2026-08-15T12:58:38.001629518Z {"timestamp": 1786798718.001356, "severity": "INFO", "name": "recommendationservice-server", "message": "[Recv ListRecommendations] product_ids=['LS4PSXUNUM', '2ZYFJ3GM2N', '0PUK6V6EV0', '9SIQT8TOJO', 'L9ECAV7KIM']"}
2026-08-15T12:58:38.113068208Z {"timestamp": 1786798718.112666, "severity": "INFO", "name": "recommendationservice-server", "message": "[Recv ListRecommendations] product_ids=['2ZYFJ3GM2N', '0PUK6V6EV0', 'L9ECAV7KIM', 'LS4PSXUNUM', 'OLJCESPC7Z']"}
2026-08-15T12:58:38.348680580Z {"timestamp": 1786798718.3483796, "severity": "INFO", "name": "recommendationservice-server", "message": "[Recv ListRecommendations] product_ids=['L9ECAV7KIM', '66VCHSJNUP', '0PUK6V6EV0', '2ZYFJ3GM2N', '6E92ZMYYFZ']"}
2026-08-15T12:58:38.361468275Z {"timestamp": 1786798718.3611696, "severity": "INFO", "name": "recommendationservice-server", "message": "[Recv ListRecommendations] product_ids=['2ZYFJ3GM2N', 'LS4PSXUNUM', '6E92ZMYYFZ', 'L9ECAV7KIM', '9SIQT8TOJO']"}
2026-08-15T12:58:38.384191478Z {"timestamp": 1786798718.383972, "severity": "INFO", "name": "recommendationservice-server", "message": "[Recv ListRecommendations] product_ids=['0PUK6V6EV0', '66VCHSJNUP', 'OLJCESPC7Z', '6E92ZMYYFZ', '1YMWWN1N4O']"}
2026-08-15T12:58:38.813745398Z {"timestamp": 1786798718.813412, "severity": "INFO", "name": "recommendationservice-server", "message": "[Recv ListRecommendations] product_ids=['66VCHSJNUP', '1YMWWN1N4O', 'L9ECAV7KIM', 'OLJCESPC7Z', 'LS4PSXUNUM']"}
2026-08-15T12:58:38.870501248Z {"timestamp": 1786798718.8701787, "severity": "INFO", "name": "recommendationservice-server", "message": "[Recv ListRecommendations] product_ids=['2ZYFJ3GM2N', '0PUK6V6EV0', '66VCHSJNUP', '9SIQT8TOJO', 'OLJCESPC7Z']"}
2026-08-15T12:58:40.304044289Z {"timestamp": 1786798720.3036287, "severity": "INFO", "name": "recommendationservice-server", "message": "[Recv ListRecommendations] product_ids=['2ZYFJ3GM2N', '9SIQT8TOJO', 'OLJCESPC7Z', '6E92ZMYYFZ', 'L9ECAV7KIM']"}
2026-08-15T12:58:40.702456455Z {"timestamp": 1786798720.7021573, "severity": "INFO", "name": "recommendationservice-server", "message": "[Recv ListRecommendations] product_ids=['9SIQT8TOJO', '66VCHSJNUP', 'LS4PSXUNUM', '1YMWWN1N4O', '6E92ZMYYFZ']"}
2026-08-15T12:58:40.897031968Z {"timestamp": 1786798720.896587, "severity": "INFO", "name": "recommendationservice-server", "message": "[Recv ListRecommendations] product_ids=['1YMWWN1N4O', '9SIQT8TOJO', '2ZYFJ3GM2N', 'L9ECAV7KIM', '0PUK6V6EV0']"}
2026-08-15T12:58:40.966033059Z {"timestamp": 1786798720.9657707, "severity": "INFO", "name": "recommendationservice-server", "message": "[Recv ListRecommendations] product_ids=['2ZYFJ3GM2N', 'LS4PSXUNUM', 'L9ECAV7KIM', '6E92ZMYYFZ', '1YMWWN1N4O']"}
2026-08-15T12:58:41.780663394Z {"timestamp": 1786798721.780333, "severity": "INFO", "name": "recommendationservice-server", "message": "[Recv ListRecommendations] product_ids=['0PUK6V6EV0', '1YMWWN1N4O', 'OLJCESPC7Z', 'L9ECAV7KIM', '66VCHSJNUP']"}
2026-08-15T12:58:41.944067050Z {"timestamp": 1786798721.9437091, "severity": "INFO", "name": "recommendationservice-server", "message": "[Recv ListRecommendations] product_ids=['L9ECAV7KIM', 'OLJCESPC7Z', '66VCHSJNUP', '1YMWWN1N4O', '6E92ZMYYFZ']"}
2026-08-15T12:58:42.532058720Z {"timestamp": 1786798722.5317876, "severity": "INFO", "name": "recommendationservice-server", "message": "[Recv ListRecommendations] product_ids=['0PUK6V6EV0', '66VCHSJNUP', 'LS4PSXUNUM', '1YMWWN1N4O', '2ZYFJ3GM2N']"}
2026-08-15T12:58:42.543995217Z {"timestamp": 1786798722.543708, "severity": "INFO", "name": "recommendationservice-server", "message": "[Recv ListRecommendations] product_ids=['OLJCESPC7Z', '2ZYFJ3GM2N', '1YMWWN1N4O', 'LS4PSXUNUM', 'L9ECAV7KIM']"}
2026-08-15T12:58:43.216916594Z {"timestamp": 1786798723.216272, "severity": "INFO", "name": "recommendationservice-server", "message": "[Recv ListRecommendations] product_ids=['LS4PSXUNUM', '6E92ZMYYFZ', 'L9ECAV7KIM', '2ZYFJ3GM2N', 'OLJCESPC7Z']"}
2026-08-15T12:58:44.040459874Z {"timestamp": 1786798724.0401568, "severity": "INFO", "name": "recommendationservice-server", "message": "[Recv ListRecommendations] product_ids=['66VCHSJNUP', 'LS4PSXUNUM', '1YMWWN1N4O', 'OLJCESPC7Z', '9SIQT8TOJO']"}
2026-08-15T12:58:44.539590824Z {"timestamp": 1786798724.5392802, "severity": "INFO", "name": "recommendationservice-server", "message": "[Recv ListRecommendations] product_ids=['LS4PSXUNUM', '66VCHSJNUP', 'L9ECAV7KIM', '1YMWWN1N4O', '6E92ZMYYFZ']"}
2026-08-15T12:58:45.333026885Z {"timestamp": 1786798725.332748, "severity": "INFO", "name": "recommendationservice-server", "message": "[Recv ListRecommendations] product_ids=['LS4PSXUNUM', '0PUK6V6EV0', '1YMWWN1N4O', '9SIQT8TOJO', 'L9ECAV7KIM']"}
2026-08-15T12:58:45.849919617Z {"timestamp": 1786798725.849601, "severity": "INFO", "name": "recommendationservice-server", "message": "[Recv ListRecommendations] product_ids=['0PUK6V6EV0', 'LS4PSXUNUM', 'L9ECAV7KIM', '1YMWWN1N4O', '2ZYFJ3GM2N']"}
2026-08-15T12:58:46.032987374Z {"timestamp": 1786798726.0326653, "severity": "INFO", "name": "recommendationservice-server", "message": "[Recv ListRecommendations] product_ids=['L9ECAV7KIM', '2ZYFJ3GM2N', 'LS4PSXUNUM', '6E92ZMYYFZ', '1YMWWN1N4O']"}
2026-08-15T12:58:46.245620495Z {"timestamp": 1786798726.245318, "severity": "INFO", "name": "recommendationservice-server", "message": "[Recv ListRecommendations] product_ids=['6E92ZMYYFZ', '2ZYFJ3GM2N', '66VCHSJNUP', 'L9ECAV7KIM', 'OLJCESPC7Z']"}
2026-08-15T12:58:47.038190570Z {"timestamp": 1786798727.0378833, "severity": "INFO", "name": "recommendationservice-server", "message": "[Recv ListRecommendations] product_ids=['2ZYFJ3GM2N', '66VCHSJNUP', '1YMWWN1N4O', 'OLJCESPC7Z', 'LS4PSXUNUM']"}
2026-08-15T12:58:47.682826110Z {"timestamp": 1786798727.682548, "severity": "INFO", "name": "recommendationservice-server", "message": "[Recv ListRecommendations] product_ids=['9SIQT8TOJO', '6E92ZMYYFZ', 'L9ECAV7KIM', '66VCHSJNUP', '2ZYFJ3GM2N']"}
2026-08-15T12:58:48.104428286Z {"timestamp": 1786798728.1041338, "severity": "INFO", "name": "recommendationservice-server", "message": "[Recv ListRecommendations] product_ids=['1YMWWN1N4O', 'OLJCESPC7Z', '6E92ZMYYFZ', '0PUK6V6EV0', '2ZYFJ3GM2N']"}
2026-08-15T12:58:48.107073251Z {"timestamp": 1786798728.1067867, "severity": "INFO", "name": "recommendationservice-server", "message": "[Recv ListRecommendations] product_ids=['2ZYFJ3GM2N', '66VCHSJNUP', '0PUK6V6EV0', 'LS4PSXUNUM', '6E92ZMYYFZ']"}
2026-08-15T12:58:48.222384914Z {"timestamp": 1786798728.2221117, "severity": "INFO", "name": "recommendationservice-server", "message": "[Recv ListRecommendations] product_ids=['OLJCESPC7Z', '6E92ZMYYFZ', '1YMWWN1N4O', '66VCHSJNUP', '2ZYFJ3GM2N']"}
2026-08-15T12:58:48.941178391Z {"timestamp": 1786798728.9409535, "severity": "INFO", "name": "recommendationservice-server", "message": "[Recv ListRecommendations] product_ids=['2ZYFJ3GM2N', '1YMWWN1N4O', 'LS4PSXUNUM', '9SIQT8TOJO', 'OLJCESPC7Z']"}
2026-08-15T12:58:49.079818393Z {"timestamp": 1786798729.0795934, "severity": "INFO", "name": "recommendationservice-server", "message": "[Recv ListRecommendations] product_ids=['L9ECAV7KIM', '9SIQT8TOJO', '66VCHSJNUP', '6E92ZMYYFZ', '1YMWWN1N4O']"}
2026-08-15T12:58:49.369719362Z {"timestamp": 1786798729.3694103, "severity": "INFO", "name": "recommendationservice-server", "message": "[Recv ListRecommendations] product_ids=['L9ECAV7KIM', '66VCHSJNUP', 'LS4PSXUNUM', '0PUK6V6EV0', 'OLJCESPC7Z']"}
2026-08-15T12:58:49.493708895Z {"timestamp": 1786798729.493414, "severity": "INFO", "name": "recommendationservice-server", "message": "[Recv ListRecommendations] product_ids=['LS4PSXUNUM', '9SIQT8TOJO', '1YMWWN1N4O', '6E92ZMYYFZ', 'L9ECAV7KIM']"}
2026-08-15T12:58:49.986413702Z {"timestamp": 1786798729.9861658, "severity": "INFO", "name": "recommendationservice-server", "message": "[Recv ListRecommendations] product_ids=['66VCHSJNUP', '0PUK6V6EV0', 'L9ECAV7KIM', 'LS4PSXUNUM', '1YMWWN1N4O']"}
2026-08-15T12:58:50.076117189Z {"timestamp": 1786798730.0758152, "severity": "INFO", "name": "recommendationservice-server", "message": "[Recv ListRecommendations] product_ids=['6E92ZMYYFZ', 'OLJCESPC7Z', '9SIQT8TOJO', '1YMWWN1N4O', 'L9ECAV7KIM']"}
2026-08-15T12:58:50.460542978Z {"timestamp": 1786798730.4598596, "severity": "INFO", "name": "recommendationservice-server", "message": "[Recv ListRecommendations] product_ids=['1YMWWN1N4O', '2ZYFJ3GM2N', 'OLJCESPC7Z', 'LS4PSXUNUM', 'L9ECAV7KIM']"}
2026-08-15T12:58:50.476338120Z {"timestamp": 1786798730.4759812, "severity": "INFO", "name": "recommendationservice-server", "message": "[Recv ListRecommendations] product_ids=['2ZYFJ3GM2N', 'LS4PSXUNUM', '66VCHSJNUP', '1YMWWN1N4O', '6E92ZMYYFZ']"}
2026-08-15T12:58:50.629099763Z {"timestamp": 1786798730.6288211, "severity": "INFO", "name": "recommendationservice-server", "message": "[Recv ListRecommendations] product_ids=['OLJCESPC7Z', '9SIQT8TOJO', '1YMWWN1N4O', '6E92ZMYYFZ', '2ZYFJ3GM2N']"}
2026-08-15T12:58:50.759124131Z {"timestamp": 1786798730.758137, "severity": "INFO", "name": "recommendationservice-server", "message": "[Recv ListRecommendations] product_ids=['L9ECAV7KIM', '0PUK6V6EV0', 'LS4PSXUNUM', '9SIQT8TOJO', 'OLJCESPC7Z']"}
2026-08-15T12:58:51.223499917Z {"timestamp": 1786798731.223051, "severity": "INFO", "name": "recommendationservice-server", "message": "[Recv ListRecommendations] product_ids=['L9ECAV7KIM', '66VCHSJNUP', '2ZYFJ3GM2N', '0PUK6V6EV0', 'LS4PSXUNUM']"}
2026-08-15T12:58:51.540405543Z {"timestamp": 1786798731.5401042, "severity": "INFO", "name": "recommendationservice-server", "message": "[Recv ListRecommendations] product_ids=['L9ECAV7KIM', '66VCHSJNUP', '2ZYFJ3GM2N', '6E92ZMYYFZ', '0PUK6V6EV0']"}
2026-08-15T12:58:51.768614673Z {"timestamp": 1786798731.768304, "severity": "INFO", "name": "recommendationservice-server", "message": "[Recv ListRecommendations] product_ids=['2ZYFJ3GM2N', 'L9ECAV7KIM', '66VCHSJNUP', 'OLJCESPC7Z', '6E92ZMYYFZ']"}
2026-08-15T12:58:51.821581207Z {"timestamp": 1786798731.8211954, "severity": "INFO", "name": "recommendationservice-server", "message": "[Recv ListRecommendations] product_ids=['6E92ZMYYFZ', '2ZYFJ3GM2N', 'OLJCESPC7Z', '9SIQT8TOJO', '1YMWWN1N4O']"}
2026-08-15T12:58:51.845993836Z {"timestamp": 1786798731.8455393, "severity": "INFO", "name": "recommendationservice-server", "message": "[Recv ListRecommendations] product_ids=['6E92ZMYYFZ', '2ZYFJ3GM2N', '66VCHSJNUP', '9SIQT8TOJO', '1YMWWN1N4O']"}
2026-08-15T12:58:52.104904568Z {"timestamp": 1786798732.1044843, "severity": "INFO", "name": "recommendationservice-server", "message": "[Recv ListRecommendations] product_ids=['6E92ZMYYFZ', '9SIQT8TOJO', 'OLJCESPC7Z', '66VCHSJNUP', 'LS4PSXUNUM']"}
2026-08-15T12:58:52.886930747Z {"timestamp": 1786798732.8862295, "severity": "INFO", "name": "recommendationservice-server", "message": "[Recv ListRecommendations] product_ids=['2ZYFJ3GM2N', 'OLJCESPC7Z', '6E92ZMYYFZ', '9SIQT8TOJO', '0PUK6V6EV0']"}
2026-08-15T12:58:53.103540519Z {"timestamp": 1786798733.1030993, "severity": "INFO", "name": "recommendationservice-server", "message": "[Recv ListRecommendations] product_ids=['1YMWWN1N4O', 'LS4PSXUNUM', '66VCHSJNUP', '9SIQT8TOJO', 'OLJCESPC7Z']"}
2026-08-15T12:58:54.062817177Z {"timestamp": 1786798734.0625446, "severity": "INFO", "name": "recommendationservice-server", "message": "[Recv ListRecommendations] product_ids=['6E92ZMYYFZ', 'L9ECAV7KIM', 'OLJCESPC7Z', 'LS4PSXUNUM', '1YMWWN1N4O']"}
2026-08-15T12:58:54.205090763Z {"timestamp": 1786798734.204805, "severity": "INFO", "name": "recommendationservice-server", "message": "[Recv ListRecommendations] product_ids=['9SIQT8TOJO', '2ZYFJ3GM2N', 'LS4PSXUNUM', '0PUK6V6EV0', 'OLJCESPC7Z']"}
2026-08-15T12:58:55.539601171Z {"timestamp": 1786798735.5393252, "severity": "INFO", "name": "recommendationservice-server", "message": "[Recv ListRecommendations] product_ids=['9SIQT8TOJO', '1YMWWN1N4O', 'LS4PSXUNUM', '2ZYFJ3GM2N', '6E92ZMYYFZ']"}
2026-08-15T12:58:55.551507558Z {"timestamp": 1786798735.551237, "severity": "INFO", "name": "recommendationservice-server", "message": "[Recv ListRecommendations] product_ids=['2ZYFJ3GM2N', '6E92ZMYYFZ', 'LS4PSXUNUM', 'OLJCESPC7Z', '0PUK6V6EV0']"}
2026-08-15T12:58:56.700376321Z {"timestamp": 1786798736.7000825, "severity": "INFO", "name": "recommendationservice-server", "message": "[Recv ListRecommendations] product_ids=['66VCHSJNUP', 'LS4PSXUNUM', '9SIQT8TOJO', '6E92ZMYYFZ', '2ZYFJ3GM2N']"}
2026-08-15T12:58:56.712442822Z {"timestamp": 1786798736.7121367, "severity": "INFO", "name": "recommendationservice-server", "message": "[Recv ListRecommendations] product_ids=['0PUK6V6EV0', '9SIQT8TOJO', '6E92ZMYYFZ', '1YMWWN1N4O', 'LS4PSXUNUM']"}
2026-08-15T12:58:56.731573969Z {"timestamp": 1786798736.7312906, "severity": "INFO", "name": "recommendationservice-server", "message": "[Recv ListRecommendations] product_ids=['9SIQT8TOJO', '0PUK6V6EV0', 'OLJCESPC7Z', '1YMWWN1N4O', 'LS4PSXUNUM']"}
2026-08-15T12:58:56.822682285Z {"timestamp": 1786798736.82235, "severity": "INFO", "name": "recommendationservice-server", "message": "[Recv ListRecommendations] product_ids=['9SIQT8TOJO', '1YMWWN1N4O', 'LS4PSXUNUM', '0PUK6V6EV0', 'L9ECAV7KIM']"}
2026-08-15T12:58:57.269021368Z {"timestamp": 1786798737.2687376, "severity": "INFO", "name": "recommendationservice-server", "message": "[Recv ListRecommendations] product_ids=['0PUK6V6EV0', 'LS4PSXUNUM', '2ZYFJ3GM2N', '1YMWWN1N4O', 'L9ECAV7KIM']"}
2026-08-15T12:58:57.415124803Z {"timestamp": 1786798737.414819, "severity": "INFO", "name": "recommendationservice-server", "message": "[Recv ListRecommendations] product_ids=['66VCHSJNUP', '1YMWWN1N4O', '6E92ZMYYFZ', 'L9ECAV7KIM', 'LS4PSXUNUM']"}
2026-08-15T12:58:58.931195191Z {"timestamp": 1786798738.9308908, "severity": "INFO", "name": "recommendationservice-server", "message": "[Recv ListRecommendations] product_ids=['6E92ZMYYFZ', 'OLJCESPC7Z', '0PUK6V6EV0', 'L9ECAV7KIM', '1YMWWN1N4O']"}
2026-08-15T12:58:58.944109790Z {"timestamp": 1786798738.943799, "severity": "INFO", "name": "recommendationservice-server", "message": "[Recv ListRecommendations] product_ids=['OLJCESPC7Z', '2ZYFJ3GM2N', '66VCHSJNUP', 'LS4PSXUNUM', '0PUK6V6EV0']"}
2026-08-15T12:58:59.458748224Z {"timestamp": 1786798739.4584703, "severity": "INFO", "name": "recommendationservice-server", "message": "[Recv ListRecommendations] product_ids=['2ZYFJ3GM2N', '1YMWWN1N4O', '66VCHSJNUP', '0PUK6V6EV0', 'L9ECAV7KIM']"}
2026-08-15T12:58:59.639243892Z {"timestamp": 1786798739.638977, "severity": "INFO", "name": "recommendationservice-server", "message": "[Recv ListRecommendations] product_ids=['0PUK6V6EV0', '2ZYFJ3GM2N', '9SIQT8TOJO', '66VCHSJNUP', 'OLJCESPC7Z']"}
2026-08-15T12:59:00.545721809Z {"timestamp": 1786798740.5454285, "severity": "INFO", "name": "recommendationservice-server", "message": "[Recv ListRecommendations] product_ids=['L9ECAV7KIM', '0PUK6V6EV0', '66VCHSJNUP', '2ZYFJ3GM2N', 'OLJCESPC7Z']"}
2026-08-15T12:59:00.614000363Z {"timestamp": 1786798740.6136568, "severity": "INFO", "name": "recommendationservice-server", "message": "[Recv ListRecommendations] product_ids=['LS4PSXUNUM', '2ZYFJ3GM2N', '6E92ZMYYFZ', '66VCHSJNUP', '1YMWWN1N4O']"}
2026-08-15T12:59:01.291318124Z {"timestamp": 1786798741.2910047, "severity": "INFO", "name": "recommendationservice-server", "message": "[Recv ListRecommendations] product_ids=['66VCHSJNUP', '1YMWWN1N4O', 'LS4PSXUNUM', '2ZYFJ3GM2N', 'OLJCESPC7Z']"}
2026-08-15T12:59:01.304690456Z {"timestamp": 1786798741.3043745, "severity": "INFO", "name": "recommendationservice-server", "message": "[Recv ListRecommendations] product_ids=['9SIQT8TOJO', '66VCHSJNUP', '1YMWWN1N4O', 'LS4PSXUNUM', '2ZYFJ3GM2N']"}
2026-08-15T12:59:01.326913903Z {"timestamp": 1786798741.3265934, "severity": "INFO", "name": "recommendationservice-server", "message": "[Recv ListRecommendations] product_ids=['LS4PSXUNUM', 'L9ECAV7KIM', '1YMWWN1N4O', '9SIQT8TOJO', '66VCHSJNUP']"}
2026-08-15T12:59:01.980549015Z {"timestamp": 1786798741.9802663, "severity": "INFO", "name": "recommendationservice-server", "message": "[Recv ListRecommendations] product_ids=['9SIQT8TOJO', '1YMWWN1N4O', 'OLJCESPC7Z', '6E92ZMYYFZ', '0PUK6V6EV0']"}
2026-08-15T12:59:02.349896832Z {"timestamp": 1786798742.349563, "severity": "INFO", "name": "recommendationservice-server", "message": "[Recv ListRecommendations] product_ids=['66VCHSJNUP', 'LS4PSXUNUM', '1YMWWN1N4O', 'L9ECAV7KIM', 'OLJCESPC7Z']"}
2026-08-15T12:59:02.661082800Z {"timestamp": 1786798742.6607468, "severity": "INFO", "name": "recommendationservice-server", "message": "[Recv ListRecommendations] product_ids=['1YMWWN1N4O', '6E92ZMYYFZ', 'LS4PSXUNUM', '9SIQT8TOJO', '66VCHSJNUP']"}
2026-08-15T12:59:03.418899666Z {"timestamp": 1786798743.4185917, "severity": "INFO", "name": "recommendationservice-server", "message": "[Recv ListRecommendations] product_ids=['0PUK6V6EV0', '1YMWWN1N4O', 'OLJCESPC7Z', 'LS4PSXUNUM', 'L9ECAV7KIM']"}
2026-08-15T12:59:03.801549810Z {"timestamp": 1786798743.801188, "severity": "INFO", "name": "recommendationservice-server", "message": "[Recv ListRecommendations] product_ids=['2ZYFJ3GM2N', '6E92ZMYYFZ', 'LS4PSXUNUM', '0PUK6V6EV0', 'L9ECAV7KIM']"}
2026-08-15T12:59:03.817445217Z {"timestamp": 1786798743.8171153, "severity": "INFO", "name": "recommendationservice-server", "message": "[Recv ListRecommendations] product_ids=['L9ECAV7KIM', '9SIQT8TOJO', '2ZYFJ3GM2N', '0PUK6V6EV0', '1YMWWN1N4O']"}
2026-08-15T12:59:04.536505384Z {"timestamp": 1786798744.5362005, "severity": "INFO", "name": "recommendationservice-server", "message": "[Recv ListRecommendations] product_ids=['LS4PSXUNUM', '66VCHSJNUP', 'L9ECAV7KIM', '2ZYFJ3GM2N', '9SIQT8TOJO']"}
2026-08-15T12:59:04.973877438Z {"timestamp": 1786798744.9735777, "severity": "INFO", "name": "recommendationservice-server", "message": "[Recv ListRecommendations] product_ids=['L9ECAV7KIM', '2ZYFJ3GM2N', '1YMWWN1N4O', 'LS4PSXUNUM', '9SIQT8TOJO']"}
2026-08-15T12:59:05.261652276Z {"timestamp": 1786798745.2613156, "severity": "INFO", "name": "recommendationservice-server", "message": "[Recv ListRecommendations] product_ids=['6E92ZMYYFZ', 'OLJCESPC7Z', 'L9ECAV7KIM', 'LS4PSXUNUM', '9SIQT8TOJO']"}
2026-08-15T12:59:06.185864653Z {"timestamp": 1786798746.1855803, "severity": "INFO", "name": "recommendationservice-server", "message": "[Recv ListRecommendations] product_ids=['2ZYFJ3GM2N', 'LS4PSXUNUM', '66VCHSJNUP', 'OLJCESPC7Z', '0PUK6V6EV0']"}
2026-08-15T12:59:07.078877920Z {"timestamp": 1786798747.07854, "severity": "INFO", "name": "recommendationservice-server", "message": "[Recv ListRecommendations] product_ids=['2ZYFJ3GM2N', '66VCHSJNUP', '9SIQT8TOJO', 'OLJCESPC7Z', '6E92ZMYYFZ']"}
2026-08-15T12:59:07.213050472Z {"timestamp": 1786798747.2127097, "severity": "INFO", "name": "recommendationservice-server", "message": "[Recv ListRecommendations] product_ids=['9SIQT8TOJO', '1YMWWN1N4O', 'L9ECAV7KIM', '6E92ZMYYFZ', 'OLJCESPC7Z']"}
2026-08-15T12:59:08.305427325Z {"timestamp": 1786798748.3051295, "severity": "INFO", "name": "recommendationservice-server", "message": "[Recv ListRecommendations] product_ids=['66VCHSJNUP', '0PUK6V6EV0', 'LS4PSXUNUM', '9SIQT8TOJO', 'L9ECAV7KIM']"}
2026-08-15T12:59:08.318479353Z {"timestamp": 1786798748.3182058, "severity": "INFO", "name": "recommendationservice-server", "message": "[Recv ListRecommendations] product_ids=['1YMWWN1N4O', '66VCHSJNUP', 'LS4PSXUNUM', 'L9ECAV7KIM', '6E92ZMYYFZ']"}
2026-08-15T12:59:08.411252593Z {"timestamp": 1786798748.4109504, "severity": "INFO", "name": "recommendationservice-server", "message": "[Recv ListRecommendations] product_ids=['2ZYFJ3GM2N', '1YMWWN1N4O', '6E92ZMYYFZ', 'OLJCESPC7Z', '0PUK6V6EV0']"}
2026-08-15T12:59:08.459535506Z {"timestamp": 1786798748.4592462, "severity": "INFO", "name": "recommendationservice-server", "message": "[Recv ListRecommendations] product_ids=['9SIQT8TOJO', '0PUK6V6EV0', 'LS4PSXUNUM', '1YMWWN1N4O', 'L9ECAV7KIM']"}
2026-08-15T12:59:08.564254862Z {"timestamp": 1786798748.56396, "severity": "INFO", "name": "recommendationservice-server", "message": "[Recv ListRecommendations] product_ids=['1YMWWN1N4O', 'OLJCESPC7Z', '2ZYFJ3GM2N', 'LS4PSXUNUM', '66VCHSJNUP']"}
2026-08-15T12:59:08.801646017Z {"timestamp": 1786798748.8012476, "severity": "INFO", "name": "recommendationservice-server", "message": "[Recv ListRecommendations] product_ids=['6E92ZMYYFZ', '0PUK6V6EV0', '66VCHSJNUP', 'OLJCESPC7Z', '9SIQT8TOJO']"}
2026-08-15T12:59:09.403660274Z {"timestamp": 1786798749.4033759, "severity": "INFO", "name": "recommendationservice-server", "message": "[Recv ListRecommendations] product_ids=['LS4PSXUNUM', 'L9ECAV7KIM', '66VCHSJNUP', '0PUK6V6EV0', '2ZYFJ3GM2N']"}
2026-08-15T12:59:09.677961485Z {"timestamp": 1786798749.6776974, "severity": "INFO", "name": "recommendationservice-server", "message": "[Recv ListRecommendations] product_ids=['LS4PSXUNUM', '9SIQT8TOJO', '6E92ZMYYFZ', '2ZYFJ3GM2N', '1YMWWN1N4O']"}
2026-08-15T12:59:09.697429266Z {"timestamp": 1786798749.6971028, "severity": "INFO", "name": "recommendationservice-server", "message": "[Recv ListRecommendations] product_ids=['L9ECAV7KIM', '66VCHSJNUP', 'OLJCESPC7Z', '1YMWWN1N4O', '6E92ZMYYFZ']"}
2026-08-15T12:59:10.421097901Z {"timestamp": 1786798750.420813, "severity": "INFO", "name": "recommendationservice-server", "message": "[Recv ListRecommendations] product_ids=['L9ECAV7KIM', '0PUK6V6EV0', '6E92ZMYYFZ', 'OLJCESPC7Z', 'LS4PSXUNUM']"}
2026-08-15T12:59:11.109516250Z {"timestamp": 1786798751.109213, "severity": "INFO", "name": "recommendationservice-server", "message": "[Recv ListRecommendations] product_ids=['66VCHSJNUP', 'L9ECAV7KIM', '0PUK6V6EV0', 'OLJCESPC7Z', 'LS4PSXUNUM']"}
2026-08-15T12:59:11.874641404Z {"timestamp": 1786798751.8743181, "severity": "INFO", "name": "recommendationservice-server", "message": "[Recv ListRecommendations] product_ids=['OLJCESPC7Z', '9SIQT8TOJO', '1YMWWN1N4O', 'L9ECAV7KIM', '2ZYFJ3GM2N']"}
2026-08-15T12:59:12.025125216Z {"timestamp": 1786798752.0248282, "severity": "INFO", "name": "recommendationservice-server", "message": "[Recv ListRecommendations] product_ids=['L9ECAV7KIM', '9SIQT8TOJO', '2ZYFJ3GM2N', 'OLJCESPC7Z', '6E92ZMYYFZ']"}
2026-08-15T12:59:12.037066331Z {"timestamp": 1786798752.0368278, "severity": "INFO", "name": "recommendationservice-server", "message": "[Recv ListRecommendations] product_ids=['OLJCESPC7Z', '1YMWWN1N4O', 'LS4PSXUNUM', '9SIQT8TOJO', '66VCHSJNUP']"}
2026-08-15T12:59:12.399543514Z {"timestamp": 1786798752.3992443, "severity": "INFO", "name": "recommendationservice-server", "message": "[Recv ListRecommendations] product_ids=['OLJCESPC7Z', '6E92ZMYYFZ', '66VCHSJNUP', '1YMWWN1N4O', '2ZYFJ3GM2N']"}
2026-08-15T12:59:12.573074472Z {"timestamp": 1786798752.5726156, "severity": "INFO", "name": "recommendationservice-server", "message": "[Recv ListRecommendations] product_ids=['1YMWWN1N4O', '2ZYFJ3GM2N', '6E92ZMYYFZ', '66VCHSJNUP', '9SIQT8TOJO']"}
2026-08-15T12:59:13.546895661Z {"timestamp": 1786798753.5465512, "severity": "INFO", "name": "recommendationservice-server", "message": "[Recv ListRecommendations] product_ids=['OLJCESPC7Z', '1YMWWN1N4O', 'LS4PSXUNUM', '2ZYFJ3GM2N', '66VCHSJNUP']"}
2026-08-15T12:59:13.829173484Z {"timestamp": 1786798753.8288627, "severity": "INFO", "name": "recommendationservice-server", "message": "[Recv ListRecommendations] product_ids=['2ZYFJ3GM2N', '0PUK6V6EV0', 'LS4PSXUNUM', '1YMWWN1N4O', '66VCHSJNUP']"}
2026-08-15T12:59:14.044725080Z {"timestamp": 1786798754.044447, "severity": "INFO", "name": "recommendationservice-server", "message": "[Recv ListRecommendations] product_ids=['OLJCESPC7Z', '6E92ZMYYFZ', '9SIQT8TOJO', '1YMWWN1N4O', '66VCHSJNUP']"}
2026-08-15T12:59:15.486592222Z {"timestamp": 1786798755.4862947, "severity": "INFO", "name": "recommendationservice-server", "message": "[Recv ListRecommendations] product_ids=['OLJCESPC7Z', '9SIQT8TOJO', 'LS4PSXUNUM', 'L9ECAV7KIM', '66VCHSJNUP']"}
2026-08-15T12:59:16.062207012Z {"timestamp": 1786798756.0619118, "severity": "INFO", "name": "recommendationservice-server", "message": "[Recv ListRecommendations] product_ids=['LS4PSXUNUM', '66VCHSJNUP', '1YMWWN1N4O', '2ZYFJ3GM2N', '9SIQT8TOJO']"}
2026-08-15T12:59:16.766153373Z {"timestamp": 1786798756.765863, "severity": "INFO", "name": "recommendationservice-server", "message": "[Recv ListRecommendations] product_ids=['L9ECAV7KIM', '2ZYFJ3GM2N', '0PUK6V6EV0', '9SIQT8TOJO', '1YMWWN1N4O']"}
2026-08-15T12:59:16.955637443Z {"timestamp": 1786798756.955353, "severity": "INFO", "name": "recommendationservice-server", "message": "[Recv ListRecommendations] product_ids=['6E92ZMYYFZ', '2ZYFJ3GM2N', '66VCHSJNUP', '9SIQT8TOJO', 'LS4PSXUNUM']"}
2026-08-15T12:59:17.156665108Z {"timestamp": 1786798757.1563911, "severity": "INFO", "name": "recommendationservice-server", "message": "[Recv ListRecommendations] product_ids=['6E92ZMYYFZ', 'LS4PSXUNUM', 'L9ECAV7KIM', 'OLJCESPC7Z', '0PUK6V6EV0']"}
2026-08-15T12:59:17.202010708Z {"timestamp": 1786798757.2016575, "severity": "INFO", "name": "recommendationservice-server", "message": "[Recv ListRecommendations] product_ids=['LS4PSXUNUM', 'L9ECAV7KIM', '1YMWWN1N4O', '6E92ZMYYFZ', '0PUK6V6EV0']"}
2026-08-15T12:59:17.218877808Z {"timestamp": 1786798757.2185934, "severity": "INFO", "name": "recommendationservice-server", "message": "[Recv ListRecommendations] product_ids=['9SIQT8TOJO', 'LS4PSXUNUM', 'L9ECAV7KIM', '1YMWWN1N4O', '66VCHSJNUP']"}
2026-08-15T12:59:18.271689154Z {"timestamp": 1786798758.2714062, "severity": "INFO", "name": "recommendationservice-server", "message": "[Recv ListRecommendations] product_ids=['66VCHSJNUP', '9SIQT8TOJO', '2ZYFJ3GM2N', '1YMWWN1N4O', 'LS4PSXUNUM']"}
2026-08-15T12:59:18.499301240Z {"timestamp": 1786798758.4989684, "severity": "INFO", "name": "recommendationservice-server", "message": "[Recv ListRecommendations] product_ids=['OLJCESPC7Z', '1YMWWN1N4O', '6E92ZMYYFZ', '0PUK6V6EV0', 'L9ECAV7KIM']"}
2026-08-15T12:59:18.515554781Z {"timestamp": 1786798758.5152802, "severity": "INFO", "name": "recommendationservice-server", "message": "[Recv ListRecommendations] product_ids=['0PUK6V6EV0', '2ZYFJ3GM2N', 'L9ECAV7KIM', '6E92ZMYYFZ', 'LS4PSXUNUM']"}
2026-08-15T12:59:18.738676941Z {"timestamp": 1786798758.7383878, "severity": "INFO", "name": "recommendationservice-server", "message": "[Recv ListRecommendations] product_ids=['9SIQT8TOJO', '1YMWWN1N4O', '2ZYFJ3GM2N', '6E92ZMYYFZ', '66VCHSJNUP']"}
2026-08-15T12:59:18.916785033Z {"timestamp": 1786798758.916494, "severity": "INFO", "name": "recommendationservice-server", "message": "[Recv ListRecommendations] product_ids=['6E92ZMYYFZ', '0PUK6V6EV0', '9SIQT8TOJO', 'OLJCESPC7Z', '2ZYFJ3GM2N']"}
2026-08-15T12:59:18.941990923Z {"timestamp": 1786798758.9415927, "severity": "INFO", "name": "recommendationservice-server", "message": "[Recv ListRecommendations] product_ids=['LS4PSXUNUM', 'L9ECAV7KIM', '9SIQT8TOJO', '1YMWWN1N4O', '2ZYFJ3GM2N']"}
2026-08-15T12:59:19.545120222Z {"timestamp": 1786798759.5448377, "severity": "INFO", "name": "recommendationservice-server", "message": "[Recv ListRecommendations] product_ids=['2ZYFJ3GM2N', 'OLJCESPC7Z', '0PUK6V6EV0', '9SIQT8TOJO', '6E92ZMYYFZ']"}
2026-08-15T12:59:19.803503427Z {"timestamp": 1786798759.8032002, "severity": "INFO", "name": "recommendationservice-server", "message": "[Recv ListRecommendations] product_ids=['1YMWWN1N4O', 'OLJCESPC7Z', 'LS4PSXUNUM', '2ZYFJ3GM2N', '6E92ZMYYFZ']"}
2026-08-15T12:59:20.845406338Z {"timestamp": 1786798760.8451252, "severity": "INFO", "name": "recommendationservice-server", "message": "[Recv ListRecommendations] product_ids=['6E92ZMYYFZ', '66VCHSJNUP', 'L9ECAV7KIM', 'OLJCESPC7Z', '9SIQT8TOJO']"}
2026-08-15T12:59:21.573327172Z {"timestamp": 1786798761.5730288, "severity": "INFO", "name": "recommendationservice-server", "message": "[Recv ListRecommendations] product_ids=['6E92ZMYYFZ', '2ZYFJ3GM2N', '66VCHSJNUP', '9SIQT8TOJO', 'OLJCESPC7Z']"}
2026-08-15T12:59:21.704654427Z {"timestamp": 1786798761.7043612, "severity": "INFO", "name": "recommendationservice-server", "message": "[Recv ListRecommendations] product_ids=['6E92ZMYYFZ', 'L9ECAV7KIM', '0PUK6V6EV0', '2ZYFJ3GM2N', '1YMWWN1N4O']"}
2026-08-15T12:59:22.137754034Z {"timestamp": 1786798762.1374629, "severity": "INFO", "name": "recommendationservice-server", "message": "[Recv ListRecommendations] product_ids=['6E92ZMYYFZ', 'OLJCESPC7Z', '2ZYFJ3GM2N', 'L9ECAV7KIM', 'LS4PSXUNUM']"}
2026-08-15T12:59:22.804872159Z {"timestamp": 1786798762.804553, "severity": "INFO", "name": "recommendationservice-server", "message": "[Recv ListRecommendations] product_ids=['0PUK6V6EV0', '2ZYFJ3GM2N', 'LS4PSXUNUM', 'OLJCESPC7Z', 'L9ECAV7KIM']"}
2026-08-15T12:59:22.821912592Z {"timestamp": 1786798762.821544, "severity": "INFO", "name": "recommendationservice-server", "message": "[Recv ListRecommendations] product_ids=['9SIQT8TOJO', 'OLJCESPC7Z', '66VCHSJNUP', 'LS4PSXUNUM', '1YMWWN1N4O']"}
2026-08-15T12:59:22.823404773Z {"timestamp": 1786798762.8230693, "severity": "INFO", "name": "recommendationservice-server", "message": "[Recv ListRecommendations] product_ids=['0PUK6V6EV0', '1YMWWN1N4O', 'OLJCESPC7Z', 'L9ECAV7KIM', 'LS4PSXUNUM']"}
2026-08-15T12:59:23.393233971Z {"timestamp": 1786798763.3929145, "severity": "INFO", "name": "recommendationservice-server", "message": "[Recv ListRecommendations] product_ids=['1YMWWN1N4O', '2ZYFJ3GM2N', 'L9ECAV7KIM', '66VCHSJNUP', '0PUK6V6EV0']"}
2026-08-15T12:59:23.409626569Z {"timestamp": 1786798763.4092984, "severity": "INFO", "name": "recommendationservice-server", "message": "[Recv ListRecommendations] product_ids=['L9ECAV7KIM', '6E92ZMYYFZ', 'LS4PSXUNUM', '0PUK6V6EV0', '66VCHSJNUP']"}
2026-08-15T12:59:23.746605318Z {"timestamp": 1786798763.7463088, "severity": "INFO", "name": "recommendationservice-server", "message": "[Recv ListRecommendations] product_ids=['9SIQT8TOJO', 'LS4PSXUNUM', 'OLJCESPC7Z', '6E92ZMYYFZ', '0PUK6V6EV0']"}
2026-08-15T12:59:24.363392287Z {"timestamp": 1786798764.363037, "severity": "INFO", "name": "recommendationservice-server", "message": "[Recv ListRecommendations] product_ids=['9SIQT8TOJO', '66VCHSJNUP', 'LS4PSXUNUM', '0PUK6V6EV0', 'OLJCESPC7Z']"}
2026-08-15T12:59:24.592678940Z {"timestamp": 1786798764.592386, "severity": "INFO", "name": "recommendationservice-server", "message": "[Recv ListRecommendations] product_ids=['L9ECAV7KIM', '0PUK6V6EV0', '1YMWWN1N4O', 'LS4PSXUNUM', '9SIQT8TOJO']"}
2026-08-15T12:59:24.609575765Z {"timestamp": 1786798764.6091785, "severity": "INFO", "name": "recommendationservice-server", "message": "[Recv ListRecommendations] product_ids=['L9ECAV7KIM', '1YMWWN1N4O', 'OLJCESPC7Z', '0PUK6V6EV0', 'LS4PSXUNUM']"}
2026-08-15T12:59:24.637818211Z {"timestamp": 1786798764.637493, "severity": "INFO", "name": "recommendationservice-server", "message": "[Recv ListRecommendations] product_ids=['L9ECAV7KIM', 'OLJCESPC7Z', '66VCHSJNUP', 'LS4PSXUNUM', '6E92ZMYYFZ']"}
2026-08-15T12:59:24.913499105Z {"timestamp": 1786798764.913169, "severity": "INFO", "name": "recommendationservice-server", "message": "[Recv ListRecommendations] product_ids=['9SIQT8TOJO', '6E92ZMYYFZ', 'LS4PSXUNUM', 'L9ECAV7KIM', '1YMWWN1N4O']"}
2026-08-15T12:59:25.307160757Z {"timestamp": 1786798765.3068607, "severity": "INFO", "name": "recommendationservice-server", "message": "[Recv ListRecommendations] product_ids=['OLJCESPC7Z', '1YMWWN1N4O', 'LS4PSXUNUM', '6E92ZMYYFZ', '2ZYFJ3GM2N']"}
2026-08-15T12:59:25.514269796Z {"timestamp": 1786798765.5139685, "severity": "INFO", "name": "recommendationservice-server", "message": "[Recv ListRecommendations] product_ids=['0PUK6V6EV0', '6E92ZMYYFZ', '9SIQT8TOJO', 'OLJCESPC7Z', 'LS4PSXUNUM']"}
2026-08-15T12:59:26.381328167Z {"timestamp": 1786798766.3809578, "severity": "INFO", "name": "recommendationservice-server", "message": "[Recv ListRecommendations] product_ids=['OLJCESPC7Z', '66VCHSJNUP', 'LS4PSXUNUM', '0PUK6V6EV0', '2ZYFJ3GM2N']"}
2026-08-15T12:59:26.484884037Z {"timestamp": 1786798766.484567, "severity": "INFO", "name": "recommendationservice-server", "message": "[Recv ListRecommendations] product_ids=['6E92ZMYYFZ', '66VCHSJNUP', '9SIQT8TOJO', '1YMWWN1N4O', 'OLJCESPC7Z']"}
2026-08-15T12:59:26.497370821Z {"timestamp": 1786798766.497074, "severity": "INFO", "name": "recommendationservice-server", "message": "[Recv ListRecommendations] product_ids=['1YMWWN1N4O', '66VCHSJNUP', 'LS4PSXUNUM', '0PUK6V6EV0', 'OLJCESPC7Z']"}
2026-08-15T12:59:26.889355681Z {"timestamp": 1786798766.8890173, "severity": "INFO", "name": "recommendationservice-server", "message": "[Recv ListRecommendations] product_ids=['2ZYFJ3GM2N', '9SIQT8TOJO', '0PUK6V6EV0', 'OLJCESPC7Z', '6E92ZMYYFZ']"}
2026-08-15T12:59:26.905507166Z {"timestamp": 1786798766.9051824, "severity": "INFO", "name": "recommendationservice-server", "message": "[Recv ListRecommendations] product_ids=['6E92ZMYYFZ', 'OLJCESPC7Z', '66VCHSJNUP', '9SIQT8TOJO', '2ZYFJ3GM2N']"}
2026-08-15T12:59:27.265298586Z {"timestamp": 1786798767.2649567, "severity": "INFO", "name": "recommendationservice-server", "message": "[Recv ListRecommendations] product_ids=['L9ECAV7KIM', '0PUK6V6EV0', '66VCHSJNUP', '6E92ZMYYFZ', '9SIQT8TOJO']"}
2026-08-15T12:59:28.503483776Z {"timestamp": 1786798768.5031695, "severity": "INFO", "name": "recommendationservice-server", "message": "[Recv ListRecommendations] product_ids=['L9ECAV7KIM', 'OLJCESPC7Z', '6E92ZMYYFZ', '0PUK6V6EV0', 'LS4PSXUNUM']"}
2026-08-15T12:59:28.735979905Z {"timestamp": 1786798768.7356262, "severity": "INFO", "name": "recommendationservice-server", "message": "[Recv ListRecommendations] product_ids=['66VCHSJNUP', '6E92ZMYYFZ', '9SIQT8TOJO', '1YMWWN1N4O', 'LS4PSXUNUM']"}
2026-08-15T12:59:29.019606033Z {"timestamp": 1786798769.019296, "severity": "INFO", "name": "recommendationservice-server", "message": "[Recv ListRecommendations] product_ids=['LS4PSXUNUM', '6E92ZMYYFZ', '0PUK6V6EV0', '66VCHSJNUP', '9SIQT8TOJO']"}
2026-08-15T12:59:29.520096635Z {"timestamp": 1786798769.5198298, "severity": "INFO", "name": "recommendationservice-server", "message": "[Recv ListRecommendations] product_ids=['0PUK6V6EV0', '1YMWWN1N4O', '2ZYFJ3GM2N', '66VCHSJNUP', 'L9ECAV7KIM']"}
2026-08-15T12:59:29.768067752Z {"timestamp": 1786798769.767777, "severity": "INFO", "name": "recommendationservice-server", "message": "[Recv ListRecommendations] product_ids=['6E92ZMYYFZ', '2ZYFJ3GM2N', '0PUK6V6EV0', 'OLJCESPC7Z', '66VCHSJNUP']"}
2026-08-15T12:59:30.181473720Z {"timestamp": 1786798770.1810853, "severity": "INFO", "name": "recommendationservice-server", "message": "[Recv ListRecommendations] product_ids=['2ZYFJ3GM2N', 'L9ECAV7KIM', '1YMWWN1N4O', '9SIQT8TOJO', '0PUK6V6EV0']"}
2026-08-15T12:59:30.572127550Z {"timestamp": 1786798770.5718482, "severity": "INFO", "name": "recommendationservice-server", "message": "[Recv ListRecommendations] product_ids=['6E92ZMYYFZ', 'OLJCESPC7Z', '0PUK6V6EV0', '2ZYFJ3GM2N', '1YMWWN1N4O']"}
2026-08-15T12:59:30.609646237Z {"timestamp": 1786798770.6093812, "severity": "INFO", "name": "recommendationservice-server", "message": "[Recv ListRecommendations] product_ids=['L9ECAV7KIM', '0PUK6V6EV0', '1YMWWN1N4O', '6E92ZMYYFZ', 'OLJCESPC7Z']"}
2026-08-15T12:59:30.627110999Z {"timestamp": 1786798770.6268387, "severity": "INFO", "name": "recommendationservice-server", "message": "[Recv ListRecommendations] product_ids=['9SIQT8TOJO', '66VCHSJNUP', 'LS4PSXUNUM', '1YMWWN1N4O', 'L9ECAV7KIM']"}
2026-08-15T12:59:31.074684874Z {"timestamp": 1786798771.0743961, "severity": "INFO", "name": "recommendationservice-server", "message": "[Recv ListRecommendations] product_ids=['0PUK6V6EV0', '2ZYFJ3GM2N', 'OLJCESPC7Z', '66VCHSJNUP', 'L9ECAV7KIM']"}
2026-08-15T12:59:31.755494591Z {"timestamp": 1786798771.7551413, "severity": "INFO", "name": "recommendationservice-server", "message": "[Recv ListRecommendations] product_ids=['6E92ZMYYFZ', 'LS4PSXUNUM', 'L9ECAV7KIM', '66VCHSJNUP', 'OLJCESPC7Z']"}
2026-08-15T12:59:33.237514475Z {"timestamp": 1786798773.2372668, "severity": "INFO", "name": "recommendationservice-server", "message": "[Recv ListRecommendations] product_ids=['L9ECAV7KIM', '9SIQT8TOJO', '0PUK6V6EV0', '1YMWWN1N4O', 'LS4PSXUNUM']"}
2026-08-15T12:59:33.250813117Z {"timestamp": 1786798773.2505558, "severity": "INFO", "name": "recommendationservice-server", "message": "[Recv ListRecommendations] product_ids=['LS4PSXUNUM', '6E92ZMYYFZ', '66VCHSJNUP', 'L9ECAV7KIM', '1YMWWN1N4O']"}
2026-08-15T12:59:33.271857542Z {"timestamp": 1786798773.2715495, "severity": "INFO", "name": "recommendationservice-server", "message": "[Recv ListRecommendations] product_ids=['L9ECAV7KIM', '0PUK6V6EV0', '66VCHSJNUP', '2ZYFJ3GM2N', '6E92ZMYYFZ']"}
2026-08-15T12:59:34.084017915Z {"timestamp": 1786798774.083549, "severity": "INFO", "name": "recommendationservice-server", "message": "[Recv ListRecommendations] product_ids=['0PUK6V6EV0', 'LS4PSXUNUM', '66VCHSJNUP', '9SIQT8TOJO', '6E92ZMYYFZ']"}
2026-08-15T12:59:34.105916726Z {"timestamp": 1786798774.1054518, "severity": "INFO", "name": "recommendationservice-server", "message": "[Recv ListRecommendations] product_ids=['L9ECAV7KIM', '2ZYFJ3GM2N', '66VCHSJNUP', '0PUK6V6EV0', '9SIQT8TOJO']"}
2026-08-15T12:59:34.196897108Z {"timestamp": 1786798774.1964126, "severity": "INFO", "name": "recommendationservice-server", "message": "[Recv ListRecommendations] product_ids=['9SIQT8TOJO', 'L9ECAV7KIM', '6E92ZMYYFZ', '1YMWWN1N4O', 'LS4PSXUNUM']"}
2026-08-15T12:59:35.675819480Z {"timestamp": 1786798775.67555, "severity": "INFO", "name": "recommendationservice-server", "message": "[Recv ListRecommendations] product_ids=['LS4PSXUNUM', '66VCHSJNUP', '9SIQT8TOJO', 'L9ECAV7KIM', '0PUK6V6EV0']"}
2026-08-15T12:59:36.653929504Z {"timestamp": 1786798776.6536264, "severity": "INFO", "name": "recommendationservice-server", "message": "[Recv ListRecommendations] product_ids=['6E92ZMYYFZ', '2ZYFJ3GM2N', '9SIQT8TOJO', '1YMWWN1N4O', '0PUK6V6EV0']"}
2026-08-15T12:59:36.816610124Z {"timestamp": 1786798776.816329, "severity": "INFO", "name": "recommendationservice-server", "message": "[Recv ListRecommendations] product_ids=['LS4PSXUNUM', '0PUK6V6EV0', '6E92ZMYYFZ', '66VCHSJNUP', '2ZYFJ3GM2N']"}
2026-08-15T12:59:37.555183470Z {"timestamp": 1786798777.5549085, "severity": "INFO", "name": "recommendationservice-server", "message": "[Recv ListRecommendations] product_ids=['LS4PSXUNUM', 'OLJCESPC7Z', '66VCHSJNUP', '1YMWWN1N4O', '0PUK6V6EV0']"}
2026-08-15T12:59:38.157233534Z {"timestamp": 1786798778.1569269, "severity": "INFO", "name": "recommendationservice-server", "message": "[Recv ListRecommendations] product_ids=['0PUK6V6EV0', 'LS4PSXUNUM', '9SIQT8TOJO', '66VCHSJNUP', '1YMWWN1N4O']"}
2026-08-15T12:59:38.170816805Z {"timestamp": 1786798778.1705348, "severity": "INFO", "name": "recommendationservice-server", "message": "[Recv ListRecommendations] product_ids=['OLJCESPC7Z', '0PUK6V6EV0', '66VCHSJNUP', 'LS4PSXUNUM', '1YMWWN1N4O']"}
2026-08-15T12:59:38.178336964Z {"timestamp": 1786798778.178058, "severity": "INFO", "name": "recommendationservice-server", "message": "[Recv ListRecommendations] product_ids=['1YMWWN1N4O', 'LS4PSXUNUM', '66VCHSJNUP', '0PUK6V6EV0', 'OLJCESPC7Z']"}
2026-08-15T12:59:38.449984976Z {"timestamp": 1786798778.4496713, "severity": "INFO", "name": "recommendationservice-server", "message": "[Recv ListRecommendations] product_ids=['OLJCESPC7Z', 'L9ECAV7KIM', '6E92ZMYYFZ', '0PUK6V6EV0', '66VCHSJNUP']"}
2026-08-15T12:59:38.461672455Z {"timestamp": 1786798778.4614286, "severity": "INFO", "name": "recommendationservice-server", "message": "[Recv ListRecommendations] product_ids=['LS4PSXUNUM', '9SIQT8TOJO', '66VCHSJNUP', '6E92ZMYYFZ', 'OLJCESPC7Z']"}
2026-08-15T12:59:38.483004808Z {"timestamp": 1786798778.482738, "severity": "INFO", "name": "recommendationservice-server", "message": "[Recv ListRecommendations] product_ids=['L9ECAV7KIM', '1YMWWN1N4O', '9SIQT8TOJO', '6E92ZMYYFZ', '0PUK6V6EV0']"}
2026-08-15T12:59:38.623209156Z {"timestamp": 1786798778.6229222, "severity": "INFO", "name": "recommendationservice-server", "message": "[Recv ListRecommendations] product_ids=['2ZYFJ3GM2N', '1YMWWN1N4O', 'OLJCESPC7Z', '66VCHSJNUP', '9SIQT8TOJO']"}
2026-08-15T12:59:38.897285413Z {"timestamp": 1786798778.897023, "severity": "INFO", "name": "recommendationservice-server", "message": "[Recv ListRecommendations] product_ids=['9SIQT8TOJO', '1YMWWN1N4O', '0PUK6V6EV0', 'L9ECAV7KIM', 'LS4PSXUNUM']"}
2026-08-15T12:59:39.109496927Z {"timestamp": 1786798779.109218, "severity": "INFO", "name": "recommendationservice-server", "message": "[Recv ListRecommendations] product_ids=['L9ECAV7KIM', 'LS4PSXUNUM', '0PUK6V6EV0', 'OLJCESPC7Z', '9SIQT8TOJO']"}
2026-08-15T12:59:39.314614626Z {"timestamp": 1786798779.3143003, "severity": "INFO", "name": "recommendationservice-server", "message": "[Recv ListRecommendations] product_ids=['66VCHSJNUP', 'LS4PSXUNUM', '9SIQT8TOJO', '2ZYFJ3GM2N', 'OLJCESPC7Z']"}
2026-08-15T12:59:39.327389115Z {"timestamp": 1786798779.3270738, "severity": "INFO", "name": "recommendationservice-server", "message": "[Recv ListRecommendations] product_ids=['LS4PSXUNUM', 'L9ECAV7KIM', '9SIQT8TOJO', '2ZYFJ3GM2N', '6E92ZMYYFZ']"}
2026-08-15T12:59:39.923421961Z {"timestamp": 1786798779.9231184, "severity": "INFO", "name": "recommendationservice-server", "message": "[Recv ListRecommendations] product_ids=['L9ECAV7KIM', '66VCHSJNUP', 'LS4PSXUNUM', 'OLJCESPC7Z', '2ZYFJ3GM2N']"}
2026-08-15T12:59:40.138594574Z {"timestamp": 1786798780.138298, "severity": "INFO", "name": "recommendationservice-server", "message": "[Recv ListRecommendations] product_ids=['1YMWWN1N4O', 'L9ECAV7KIM', 'LS4PSXUNUM', 'OLJCESPC7Z', '9SIQT8TOJO']"}
2026-08-15T12:59:40.152505077Z {"timestamp": 1786798780.152233, "severity": "INFO", "name": "recommendationservice-server", "message": "[Recv ListRecommendations] product_ids=['LS4PSXUNUM', 'OLJCESPC7Z', '9SIQT8TOJO', '6E92ZMYYFZ', '0PUK6V6EV0']"}
2026-08-15T12:59:40.548916179Z {"timestamp": 1786798780.548618, "severity": "INFO", "name": "recommendationservice-server", "message": "[Recv ListRecommendations] product_ids=['L9ECAV7KIM', '2ZYFJ3GM2N', '66VCHSJNUP', '9SIQT8TOJO', 'OLJCESPC7Z']"}
2026-08-15T12:59:40.560641062Z {"timestamp": 1786798780.5604007, "severity": "INFO", "name": "recommendationservice-server", "message": "[Recv ListRecommendations] product_ids=['66VCHSJNUP', '0PUK6V6EV0', 'L9ECAV7KIM', '2ZYFJ3GM2N', 'OLJCESPC7Z']"}
2026-08-15T12:59:40.581800298Z {"timestamp": 1786798780.58158, "severity": "INFO", "name": "recommendationservice-server", "message": "[Recv ListRecommendations] product_ids=['66VCHSJNUP', '9SIQT8TOJO', '2ZYFJ3GM2N', '0PUK6V6EV0', '6E92ZMYYFZ']"}
2026-08-15T12:59:40.869553835Z {"timestamp": 1786798780.8692458, "severity": "INFO", "name": "recommendationservice-server", "message": "[Recv ListRecommendations] product_ids=['L9ECAV7KIM', 'LS4PSXUNUM', '2ZYFJ3GM2N', '0PUK6V6EV0', '1YMWWN1N4O']"}
2026-08-15T12:59:41.809047239Z {"timestamp": 1786798781.8087, "severity": "INFO", "name": "recommendationservice-server", "message": "[Recv ListRecommendations] product_ids=['6E92ZMYYFZ', 'L9ECAV7KIM', '9SIQT8TOJO', 'LS4PSXUNUM', '0PUK6V6EV0']"}
2026-08-15T12:59:41.977707459Z {"timestamp": 1786798781.977446, "severity": "INFO", "name": "recommendationservice-server", "message": "[Recv ListRecommendations] product_ids=['66VCHSJNUP', '1YMWWN1N4O', 'LS4PSXUNUM', '9SIQT8TOJO', '0PUK6V6EV0']"}
2026-08-15T12:59:42.726575227Z {"timestamp": 1786798782.7262945, "severity": "INFO", "name": "recommendationservice-server", "message": "[Recv ListRecommendations] product_ids=['66VCHSJNUP', 'L9ECAV7KIM', '1YMWWN1N4O', '2ZYFJ3GM2N', 'OLJCESPC7Z']"}
2026-08-15T12:59:42.733296706Z {"timestamp": 1786798782.7329662, "severity": "INFO", "name": "recommendationservice-server", "message": "[Recv ListRecommendations] product_ids=['2ZYFJ3GM2N', '1YMWWN1N4O', 'LS4PSXUNUM', '9SIQT8TOJO', '6E92ZMYYFZ']"}
2026-08-15T12:59:43.435271242Z {"timestamp": 1786798783.434938, "severity": "INFO", "name": "recommendationservice-server", "message": "[Recv ListRecommendations] product_ids=['6E92ZMYYFZ', 'L9ECAV7KIM', '9SIQT8TOJO', 'OLJCESPC7Z', '1YMWWN1N4O']"}
2026-08-15T12:59:43.562893821Z {"timestamp": 1786798783.5626101, "severity": "INFO", "name": "recommendationservice-server", "message": "[Recv ListRecommendations] product_ids=['9SIQT8TOJO', '2ZYFJ3GM2N', 'OLJCESPC7Z', '66VCHSJNUP', 'L9ECAV7KIM']"}
2026-08-15T12:59:43.575913934Z {"timestamp": 1786798783.575606, "severity": "INFO", "name": "recommendationservice-server", "message": "[Recv ListRecommendations] product_ids=['1YMWWN1N4O', '0PUK6V6EV0', '6E92ZMYYFZ', 'L9ECAV7KIM', '9SIQT8TOJO']"}
2026-08-15T12:59:43.599968062Z {"timestamp": 1786798783.599718, "severity": "INFO", "name": "recommendationservice-server", "message": "[Recv ListRecommendations] product_ids=['6E92ZMYYFZ', 'L9ECAV7KIM', '0PUK6V6EV0', '9SIQT8TOJO', '2ZYFJ3GM2N']"}
2026-08-15T12:59:43.641014804Z {"timestamp": 1786798783.640713, "severity": "INFO", "name": "recommendationservice-server", "message": "[Recv ListRecommendations] product_ids=['L9ECAV7KIM', '9SIQT8TOJO', 'OLJCESPC7Z', '6E92ZMYYFZ', '2ZYFJ3GM2N']"}
2026-08-15T12:59:44.372426011Z {"timestamp": 1786798784.3721032, "severity": "INFO", "name": "recommendationservice-server", "message": "[Recv ListRecommendations] product_ids=['9SIQT8TOJO', 'L9ECAV7KIM', 'OLJCESPC7Z', 'LS4PSXUNUM', '1YMWWN1N4O']"}
2026-08-15T12:59:44.629710573Z {"timestamp": 1786798784.629432, "severity": "INFO", "name": "recommendationservice-server", "message": "[Recv ListRecommendations] product_ids=['LS4PSXUNUM', '0PUK6V6EV0', '66VCHSJNUP', 'L9ECAV7KIM', 'OLJCESPC7Z']"}
2026-08-15T12:59:44.642625277Z {"timestamp": 1786798784.6423209, "severity": "INFO", "name": "recommendationservice-server", "message": "[Recv ListRecommendations] product_ids=['0PUK6V6EV0', '6E92ZMYYFZ', 'LS4PSXUNUM', '1YMWWN1N4O', 'L9ECAV7KIM']"}
2026-08-15T12:59:45.973515977Z {"timestamp": 1786798785.9732277, "severity": "INFO", "name": "recommendationservice-server", "message": "[Recv ListRecommendations] product_ids=['OLJCESPC7Z', '0PUK6V6EV0', 'LS4PSXUNUM', '2ZYFJ3GM2N', '6E92ZMYYFZ']"}
2026-08-15T12:59:46.113191453Z {"timestamp": 1786798786.1129065, "severity": "INFO", "name": "recommendationservice-server", "message": "[Recv ListRecommendations] product_ids=['LS4PSXUNUM', 'OLJCESPC7Z', '6E92ZMYYFZ', '0PUK6V6EV0', '1YMWWN1N4O']"}
2026-08-15T12:59:47.203879745Z {"timestamp": 1786798787.2035882, "severity": "INFO", "name": "recommendationservice-server", "message": "[Recv ListRecommendations] product_ids=['0PUK6V6EV0', '1YMWWN1N4O', 'L9ECAV7KIM', '9SIQT8TOJO', '2ZYFJ3GM2N']"}
2026-08-15T12:59:48.127875957Z {"timestamp": 1786798788.1276188, "severity": "INFO", "name": "recommendationservice-server", "message": "[Recv ListRecommendations] product_ids=['1YMWWN1N4O', 'L9ECAV7KIM', '9SIQT8TOJO', '66VCHSJNUP', '2ZYFJ3GM2N']"}
2026-08-15T12:59:48.139767454Z {"timestamp": 1786798788.1394603, "severity": "INFO", "name": "recommendationservice-server", "message": "[Recv ListRecommendations] product_ids=['L9ECAV7KIM', '1YMWWN1N4O', '6E92ZMYYFZ', '2ZYFJ3GM2N', 'OLJCESPC7Z']"}
2026-08-15T12:59:48.543368582Z {"timestamp": 1786798788.5430844, "severity": "INFO", "name": "recommendationservice-server", "message": "[Recv ListRecommendations] product_ids=['OLJCESPC7Z', '66VCHSJNUP', '1YMWWN1N4O', 'L9ECAV7KIM', '9SIQT8TOJO']"}
2026-08-15T12:59:48.689720714Z {"timestamp": 1786798788.6894474, "severity": "INFO", "name": "recommendationservice-server", "message": "[Recv ListRecommendations] product_ids=['1YMWWN1N4O', 'OLJCESPC7Z', 'L9ECAV7KIM', '2ZYFJ3GM2N', '6E92ZMYYFZ']"}
2026-08-15T12:59:48.701490399Z {"timestamp": 1786798788.7012126, "severity": "INFO", "name": "recommendationservice-server", "message": "[Recv ListRecommendations] product_ids=['1YMWWN1N4O', '0PUK6V6EV0', '9SIQT8TOJO', 'L9ECAV7KIM', 'OLJCESPC7Z']"}
2026-08-15T12:59:48.726983165Z {"timestamp": 1786798788.7267053, "severity": "INFO", "name": "recommendationservice-server", "message": "[Recv ListRecommendations] product_ids=['66VCHSJNUP', '1YMWWN1N4O', '0PUK6V6EV0', '9SIQT8TOJO', 'OLJCESPC7Z']"}
2026-08-15T12:59:48.958282248Z {"timestamp": 1786798788.9580407, "severity": "INFO", "name": "recommendationservice-server", "message": "[Recv ListRecommendations] product_ids=['L9ECAV7KIM', 'OLJCESPC7Z', '2ZYFJ3GM2N', '0PUK6V6EV0', '6E92ZMYYFZ']"}
2026-08-15T12:59:49.014330590Z {"timestamp": 1786798789.0140357, "severity": "INFO", "name": "recommendationservice-server", "message": "[Recv ListRecommendations] product_ids=['LS4PSXUNUM', 'L9ECAV7KIM', 'OLJCESPC7Z', '9SIQT8TOJO', '6E92ZMYYFZ']"}
2026-08-15T12:59:49.523756371Z {"timestamp": 1786798789.5233755, "severity": "INFO", "name": "recommendationservice-server", "message": "[Recv ListRecommendations] product_ids=['L9ECAV7KIM', '6E92ZMYYFZ', '0PUK6V6EV0', '9SIQT8TOJO', '66VCHSJNUP']"}
2026-08-15T12:59:49.666975988Z {"timestamp": 1786798789.6666882, "severity": "INFO", "name": "recommendationservice-server", "message": "[Recv ListRecommendations] product_ids=['6E92ZMYYFZ', '0PUK6V6EV0', 'L9ECAV7KIM', '9SIQT8TOJO', '2ZYFJ3GM2N']"}
2026-08-15T12:59:49.856934209Z {"timestamp": 1786798789.8566415, "severity": "INFO", "name": "recommendationservice-server", "message": "[Recv ListRecommendations] product_ids=['OLJCESPC7Z', '0PUK6V6EV0', '66VCHSJNUP', '2ZYFJ3GM2N', 'L9ECAV7KIM']"}
2026-08-15T12:59:50.251571735Z {"timestamp": 1786798790.2512732, "severity": "INFO", "name": "recommendationservice-server", "message": "[Recv ListRecommendations] product_ids=['2ZYFJ3GM2N', '9SIQT8TOJO', 'L9ECAV7KIM', '6E92ZMYYFZ', '66VCHSJNUP']"}
2026-08-15T12:59:50.264888675Z {"timestamp": 1786798790.2646046, "severity": "INFO", "name": "recommendationservice-server", "message": "[Recv ListRecommendations] product_ids=['0PUK6V6EV0', '9SIQT8TOJO', '2ZYFJ3GM2N', 'L9ECAV7KIM', '1YMWWN1N4O']"}
2026-08-15T12:59:50.311495867Z {"timestamp": 1786798790.311217, "severity": "INFO", "name": "recommendationservice-server", "message": "[Recv ListRecommendations] product_ids=['6E92ZMYYFZ', '9SIQT8TOJO', '0PUK6V6EV0', 'LS4PSXUNUM', '66VCHSJNUP']"}
2026-08-15T12:59:50.926746700Z {"timestamp": 1786798790.9264514, "severity": "INFO", "name": "recommendationservice-server", "message": "[Recv ListRecommendations] product_ids=['L9ECAV7KIM', '1YMWWN1N4O', 'OLJCESPC7Z', 'LS4PSXUNUM', '6E92ZMYYFZ']"}
2026-08-15T12:59:50.953756119Z {"timestamp": 1786798790.9534595, "severity": "INFO", "name": "recommendationservice-server", "message": "[Recv ListRecommendations] product_ids=['1YMWWN1N4O', 'L9ECAV7KIM', 'LS4PSXUNUM', 'OLJCESPC7Z', '66VCHSJNUP']"}
2026-08-15T12:59:50.985660230Z {"timestamp": 1786798790.9853625, "severity": "INFO", "name": "recommendationservice-server", "message": "[Recv ListRecommendations] product_ids=['9SIQT8TOJO', '2ZYFJ3GM2N', 'LS4PSXUNUM', 'OLJCESPC7Z', 'L9ECAV7KIM']"}
2026-08-15T12:59:51.079402467Z {"timestamp": 1786798791.0791092, "severity": "INFO", "name": "recommendationservice-server", "message": "[Recv ListRecommendations] product_ids=['2ZYFJ3GM2N', 'LS4PSXUNUM', '1YMWWN1N4O', '0PUK6V6EV0', 'L9ECAV7KIM']"}
2026-08-15T12:59:51.613905371Z {"timestamp": 1786798791.6136062, "severity": "INFO", "name": "recommendationservice-server", "message": "[Recv ListRecommendations] product_ids=['6E92ZMYYFZ', '0PUK6V6EV0', '2ZYFJ3GM2N', '9SIQT8TOJO', '66VCHSJNUP']"}
2026-08-15T12:59:51.625809870Z {"timestamp": 1786798791.6255534, "severity": "INFO", "name": "recommendationservice-server", "message": "[Recv ListRecommendations] product_ids=['6E92ZMYYFZ', 'L9ECAV7KIM', '9SIQT8TOJO', '0PUK6V6EV0', '66VCHSJNUP']"}
2026-08-15T12:59:51.830838608Z {"timestamp": 1786798791.8305874, "severity": "INFO", "name": "recommendationservice-server", "message": "[Recv ListRecommendations] product_ids=['LS4PSXUNUM', '9SIQT8TOJO', '6E92ZMYYFZ', 'L9ECAV7KIM', 'OLJCESPC7Z']"}
2026-08-15T12:59:52.161694513Z {"timestamp": 1786798792.161443, "severity": "INFO", "name": "recommendationservice-server", "message": "[Recv ListRecommendations] product_ids=['LS4PSXUNUM', 'L9ECAV7KIM', '66VCHSJNUP', '9SIQT8TOJO', '6E92ZMYYFZ']"}
2026-08-15T12:59:52.865233934Z {"timestamp": 1786798792.8648324, "severity": "INFO", "name": "recommendationservice-server", "message": "[Recv ListRecommendations] product_ids=['0PUK6V6EV0', 'L9ECAV7KIM', '6E92ZMYYFZ', '1YMWWN1N4O', '66VCHSJNUP']"}
2026-08-15T12:59:53.453825083Z {"timestamp": 1786798793.4535031, "severity": "INFO", "name": "recommendationservice-server", "message": "[Recv ListRecommendations] product_ids=['OLJCESPC7Z', '2ZYFJ3GM2N', 'L9ECAV7KIM', '9SIQT8TOJO', '0PUK6V6EV0']"}
2026-08-15T12:59:53.609197523Z {"timestamp": 1786798793.608875, "severity": "INFO", "name": "recommendationservice-server", "message": "[Recv ListRecommendations] product_ids=['9SIQT8TOJO', '2ZYFJ3GM2N', '1YMWWN1N4O', '66VCHSJNUP', '6E92ZMYYFZ']"}
2026-08-15T12:59:53.621378449Z {"timestamp": 1786798793.6210363, "severity": "INFO", "name": "recommendationservice-server", "message": "[Recv ListRecommendations] product_ids=['LS4PSXUNUM', '1YMWWN1N4O', 'L9ECAV7KIM', '9SIQT8TOJO', '2ZYFJ3GM2N']"}
2026-08-15T12:59:53.640112835Z {"timestamp": 1786798793.639848, "severity": "INFO", "name": "recommendationservice-server", "message": "[Recv ListRecommendations] product_ids=['LS4PSXUNUM', '9SIQT8TOJO', 'L9ECAV7KIM', '2ZYFJ3GM2N', '6E92ZMYYFZ']"}
2026-08-15T12:59:53.860887559Z {"timestamp": 1786798793.8606138, "severity": "INFO", "name": "recommendationservice-server", "message": "[Recv ListRecommendations] product_ids=['9SIQT8TOJO', 'L9ECAV7KIM', '6E92ZMYYFZ', 'OLJCESPC7Z', '0PUK6V6EV0']"}
2026-08-15T12:59:54.267258382Z {"timestamp": 1786798794.2667675, "severity": "INFO", "name": "recommendationservice-server", "message": "[Recv ListRecommendations] product_ids=['L9ECAV7KIM', 'OLJCESPC7Z', '6E92ZMYYFZ', 'LS4PSXUNUM', '0PUK6V6EV0']"}
2026-08-15T12:59:55.826768511Z {"timestamp": 1786798795.8264792, "severity": "INFO", "name": "recommendationservice-server", "message": "[Recv ListRecommendations] product_ids=['LS4PSXUNUM', '66VCHSJNUP', '1YMWWN1N4O', '2ZYFJ3GM2N', '0PUK6V6EV0']"}
2026-08-15T12:59:56.620211024Z {"timestamp": 1786798796.6199224, "severity": "INFO", "name": "recommendationservice-server", "message": "[Recv ListRecommendations] product_ids=['2ZYFJ3GM2N', 'OLJCESPC7Z', '6E92ZMYYFZ', '66VCHSJNUP', '9SIQT8TOJO']"}
2026-08-15T12:59:56.868749992Z {"timestamp": 1786798796.868462, "severity": "INFO", "name": "recommendationservice-server", "message": "[Recv ListRecommendations] product_ids=['0PUK6V6EV0', 'OLJCESPC7Z', '1YMWWN1N4O', 'L9ECAV7KIM', '2ZYFJ3GM2N']"}
2026-08-15T12:59:56.881032001Z {"timestamp": 1786798796.8807552, "severity": "INFO", "name": "recommendationservice-server", "message": "[Recv ListRecommendations] product_ids=['0PUK6V6EV0', '1YMWWN1N4O', 'OLJCESPC7Z', '66VCHSJNUP', 'LS4PSXUNUM']"}
2026-08-15T12:59:57.227116183Z {"timestamp": 1786798797.2268023, "severity": "INFO", "name": "recommendationservice-server", "message": "[Recv ListRecommendations] product_ids=['LS4PSXUNUM', '0PUK6V6EV0', '2ZYFJ3GM2N', '9SIQT8TOJO', '1YMWWN1N4O']"}
2026-08-15T12:59:57.239294782Z {"timestamp": 1786798797.2390363, "severity": "INFO", "name": "recommendationservice-server", "message": "[Recv ListRecommendations] product_ids=['0PUK6V6EV0', '1YMWWN1N4O', '66VCHSJNUP', '2ZYFJ3GM2N', 'L9ECAV7KIM']"}
2026-08-15T12:59:57.378669103Z {"timestamp": 1786798797.3783863, "severity": "INFO", "name": "recommendationservice-server", "message": "[Recv ListRecommendations] product_ids=['1YMWWN1N4O', 'L9ECAV7KIM', '0PUK6V6EV0', '9SIQT8TOJO', '66VCHSJNUP']"}
2026-08-15T12:59:57.449682294Z {"timestamp": 1786798797.449398, "severity": "INFO", "name": "recommendationservice-server", "message": "[Recv ListRecommendations] product_ids=['1YMWWN1N4O', '6E92ZMYYFZ', 'L9ECAV7KIM', '66VCHSJNUP', '0PUK6V6EV0']"}
2026-08-15T12:59:58.012963247Z {"timestamp": 1786798798.0126703, "severity": "INFO", "name": "recommendationservice-server", "message": "[Recv ListRecommendations] product_ids=['6E92ZMYYFZ', '66VCHSJNUP', '9SIQT8TOJO', 'LS4PSXUNUM', 'L9ECAV7KIM']"}
2026-08-15T12:59:58.157263953Z {"timestamp": 1786798798.156965, "severity": "INFO", "name": "recommendationservice-server", "message": "[Recv ListRecommendations] product_ids=['1YMWWN1N4O', 'OLJCESPC7Z', 'L9ECAV7KIM', '6E92ZMYYFZ', '66VCHSJNUP']"}
2026-08-15T12:59:58.504678955Z {"timestamp": 1786798798.504429, "severity": "INFO", "name": "recommendationservice-server", "message": "[Recv ListRecommendations] product_ids=['6E92ZMYYFZ', '0PUK6V6EV0', 'OLJCESPC7Z', 'LS4PSXUNUM', '9SIQT8TOJO']"}
2026-08-15T12:59:58.699417527Z {"timestamp": 1786798798.6991138, "severity": "INFO", "name": "recommendationservice-server", "message": "[Recv ListRecommendations] product_ids=['OLJCESPC7Z', '9SIQT8TOJO', '1YMWWN1N4O', '6E92ZMYYFZ', '2ZYFJ3GM2N']"}
2026-08-15T12:59:58.946509052Z {"timestamp": 1786798798.9462059, "severity": "INFO", "name": "recommendationservice-server", "message": "[Recv ListRecommendations] product_ids=['9SIQT8TOJO', '2ZYFJ3GM2N', '0PUK6V6EV0', '6E92ZMYYFZ', 'OLJCESPC7Z']"}
2026-08-15T12:59:59.254436367Z {"timestamp": 1786798799.2540781, "severity": "INFO", "name": "recommendationservice-server", "message": "[Recv ListRecommendations] product_ids=['1YMWWN1N4O', 'L9ECAV7KIM', 'OLJCESPC7Z', '9SIQT8TOJO', 'LS4PSXUNUM']"}
2026-08-15T12:59:59.266870591Z {"timestamp": 1786798799.2665899, "severity": "INFO", "name": "recommendationservice-server", "message": "[Recv ListRecommendations] product_ids=['9SIQT8TOJO', 'OLJCESPC7Z', '6E92ZMYYFZ', 'LS4PSXUNUM', '1YMWWN1N4O']"}
2026-08-15T12:59:59.283062085Z {"timestamp": 1786798799.2827773, "severity": "INFO", "name": "recommendationservice-server", "message": "[Recv ListRecommendations] product_ids=['66VCHSJNUP', '0PUK6V6EV0', '6E92ZMYYFZ', 'L9ECAV7KIM', '1YMWWN1N4O']"}
2026-08-15T13:00:01.391848789Z {"timestamp": 1786798801.3915598, "severity": "INFO", "name": "recommendationservice-server", "message": "[Recv ListRecommendations] product_ids=['9SIQT8TOJO', '0PUK6V6EV0', '1YMWWN1N4O', 'OLJCESPC7Z', '66VCHSJNUP']"}
2026-08-15T13:00:01.645193530Z {"timestamp": 1786798801.6448894, "severity": "INFO", "name": "recommendationservice-server", "message": "[Recv ListRecommendations] product_ids=['66VCHSJNUP', '9SIQT8TOJO', 'OLJCESPC7Z', 'LS4PSXUNUM', '2ZYFJ3GM2N']"}
2026-08-15T13:00:02.320277822Z {"timestamp": 1786798802.3199494, "severity": "INFO", "name": "recommendationservice-server", "message": "[Recv ListRecommendations] product_ids=['66VCHSJNUP', 'L9ECAV7KIM', 'OLJCESPC7Z', '0PUK6V6EV0', '2ZYFJ3GM2N']"}
2026-08-15T13:00:02.441793593Z {"timestamp": 1786798802.44151, "severity": "INFO", "name": "recommendationservice-server", "message": "[Recv ListRecommendations] product_ids=['L9ECAV7KIM', '0PUK6V6EV0', 'OLJCESPC7Z', '66VCHSJNUP', '1YMWWN1N4O']"}
2026-08-15T13:00:02.448278037Z {"timestamp": 1786798802.4479847, "severity": "INFO", "name": "recommendationservice-server", "message": "[Recv ListRecommendations] product_ids=['0PUK6V6EV0', 'OLJCESPC7Z', 'L9ECAV7KIM', '9SIQT8TOJO', '6E92ZMYYFZ']"}
2026-08-15T13:00:03.175113236Z {"timestamp": 1786798803.1747973, "severity": "INFO", "name": "recommendationservice-server", "message": "[Recv ListRecommendations] product_ids=['L9ECAV7KIM', '9SIQT8TOJO', '2ZYFJ3GM2N', '0PUK6V6EV0', '66VCHSJNUP']"}
2026-08-15T13:00:03.190414656Z {"timestamp": 1786798803.190089, "severity": "INFO", "name": "recommendationservice-server", "message": "[Recv ListRecommendations] product_ids=['66VCHSJNUP', '6E92ZMYYFZ', '0PUK6V6EV0', 'LS4PSXUNUM', '1YMWWN1N4O']"}
2026-08-15T13:00:03.577503607Z {"timestamp": 1786798803.576958, "severity": "INFO", "name": "recommendationservice-server", "message": "[Recv ListRecommendations] product_ids=['2ZYFJ3GM2N', '9SIQT8TOJO', 'LS4PSXUNUM', 'L9ECAV7KIM', '66VCHSJNUP']"}
2026-08-15T13:00:03.787677284Z {"timestamp": 1786798803.7873435, "severity": "INFO", "name": "recommendationservice-server", "message": "[Recv ListRecommendations] product_ids=['2ZYFJ3GM2N', '0PUK6V6EV0', '6E92ZMYYFZ', '1YMWWN1N4O', 'L9ECAV7KIM']"}
2026-08-15T13:00:04.840511566Z {"timestamp": 1786798804.840224, "severity": "INFO", "name": "recommendationservice-server", "message": "[Recv ListRecommendations] product_ids=['0PUK6V6EV0', '2ZYFJ3GM2N', '1YMWWN1N4O', '66VCHSJNUP', 'L9ECAV7KIM']"}
2026-08-15T13:00:04.852812588Z {"timestamp": 1786798804.8525133, "severity": "INFO", "name": "recommendationservice-server", "message": "[Recv ListRecommendations] product_ids=['66VCHSJNUP', '0PUK6V6EV0', 'OLJCESPC7Z', '1YMWWN1N4O', '6E92ZMYYFZ']"}
2026-08-15T13:00:04.876730964Z {"timestamp": 1786798804.8764825, "severity": "INFO", "name": "recommendationservice-server", "message": "[Recv ListRecommendations] product_ids=['1YMWWN1N4O', 'LS4PSXUNUM', '0PUK6V6EV0', 'OLJCESPC7Z', 'L9ECAV7KIM']"}
2026-08-15T13:00:05.073886648Z {"timestamp": 1786798805.0735655, "severity": "INFO", "name": "recommendationservice-server", "message": "[Recv ListRecommendations] product_ids=['2ZYFJ3GM2N', '0PUK6V6EV0', 'LS4PSXUNUM', '9SIQT8TOJO', '1YMWWN1N4O']"}
2026-08-15T13:00:05.276738398Z {"timestamp": 1786798805.2764442, "severity": "INFO", "name": "recommendationservice-server", "message": "[Recv ListRecommendations] product_ids=['L9ECAV7KIM', '6E92ZMYYFZ', '1YMWWN1N4O', 'OLJCESPC7Z', 'LS4PSXUNUM']"}
2026-08-15T13:00:05.297406751Z {"timestamp": 1786798805.297128, "severity": "INFO", "name": "recommendationservice-server", "message": "[Recv ListRecommendations] product_ids=['LS4PSXUNUM', '66VCHSJNUP', 'L9ECAV7KIM', '2ZYFJ3GM2N', '6E92ZMYYFZ']"}
2026-08-15T13:00:06.253653539Z {"timestamp": 1786798806.2533493, "severity": "INFO", "name": "recommendationservice-server", "message": "[Recv ListRecommendations] product_ids=['L9ECAV7KIM', '1YMWWN1N4O', '6E92ZMYYFZ', 'OLJCESPC7Z', 'LS4PSXUNUM']"}
2026-08-15T13:00:06.254914164Z {"timestamp": 1786798806.2545648, "severity": "INFO", "name": "recommendationservice-server", "message": "[Recv ListRecommendations] product_ids=['6E92ZMYYFZ', 'LS4PSXUNUM', '1YMWWN1N4O', 'L9ECAV7KIM', 'OLJCESPC7Z']"}
2026-08-15T13:00:06.267420706Z {"timestamp": 1786798806.2671072, "severity": "INFO", "name": "recommendationservice-server", "message": "[Recv ListRecommendations] product_ids=['9SIQT8TOJO', '1YMWWN1N4O', 'OLJCESPC7Z', 'L9ECAV7KIM', '6E92ZMYYFZ']"}
2026-08-15T13:00:06.603228663Z {"timestamp": 1786798806.6029088, "severity": "INFO", "name": "recommendationservice-server", "message": "[Recv ListRecommendations] product_ids=['2ZYFJ3GM2N', 'LS4PSXUNUM', '0PUK6V6EV0', 'OLJCESPC7Z', '9SIQT8TOJO']"}
2026-08-15T13:00:06.614882121Z {"timestamp": 1786798806.6145902, "severity": "INFO", "name": "recommendationservice-server", "message": "[Recv ListRecommendations] product_ids=['0PUK6V6EV0', '9SIQT8TOJO', 'OLJCESPC7Z', 'LS4PSXUNUM', 'L9ECAV7KIM']"}
2026-08-15T13:00:08.448190230Z {"timestamp": 1786798808.4479167, "severity": "INFO", "name": "recommendationservice-server", "message": "[Recv ListRecommendations] product_ids=['6E92ZMYYFZ', '1YMWWN1N4O', '0PUK6V6EV0', 'OLJCESPC7Z', '9SIQT8TOJO']"}
2026-08-15T13:00:08.818502015Z {"timestamp": 1786798808.8181791, "severity": "INFO", "name": "recommendationservice-server", "message": "[Recv ListRecommendations] product_ids=['LS4PSXUNUM', '9SIQT8TOJO', '0PUK6V6EV0', '66VCHSJNUP', '6E92ZMYYFZ']"}
2026-08-15T13:00:08.854821923Z {"timestamp": 1786798808.8544104, "severity": "INFO", "name": "recommendationservice-server", "message": "[Recv ListRecommendations] product_ids=['6E92ZMYYFZ', 'L9ECAV7KIM', '9SIQT8TOJO', '1YMWWN1N4O', '0PUK6V6EV0']"}
2026-08-15T13:00:09.906311871Z {"timestamp": 1786798809.9059849, "severity": "INFO", "name": "recommendationservice-server", "message": "[Recv ListRecommendations] product_ids=['LS4PSXUNUM', '9SIQT8TOJO', '2ZYFJ3GM2N', '66VCHSJNUP', '0PUK6V6EV0']"}
2026-08-15T13:00:10.248295415Z {"timestamp": 1786798810.2480185, "severity": "INFO", "name": "recommendationservice-server", "message": "[Recv ListRecommendations] product_ids=['OLJCESPC7Z', '2ZYFJ3GM2N', 'L9ECAV7KIM', '66VCHSJNUP', '0PUK6V6EV0']"}
2026-08-15T13:00:10.976756374Z {"timestamp": 1786798810.9764721, "severity": "INFO", "name": "recommendationservice-server", "message": "[Recv ListRecommendations] product_ids=['66VCHSJNUP', '0PUK6V6EV0', '2ZYFJ3GM2N', 'LS4PSXUNUM', '9SIQT8TOJO']"}
2026-08-15T13:00:11.120061067Z {"timestamp": 1786798811.1197958, "severity": "INFO", "name": "recommendationservice-server", "message": "[Recv ListRecommendations] product_ids=['9SIQT8TOJO', 'LS4PSXUNUM', '66VCHSJNUP', '2ZYFJ3GM2N', '0PUK6V6EV0']"}
2026-08-15T13:00:11.971940436Z {"timestamp": 1786798811.971637, "severity": "INFO", "name": "recommendationservice-server", "message": "[Recv ListRecommendations] product_ids=['LS4PSXUNUM', '0PUK6V6EV0', '1YMWWN1N4O', '2ZYFJ3GM2N', '6E92ZMYYFZ']"}
2026-08-15T13:00:12.672216684Z {"timestamp": 1786798812.6719325, "severity": "INFO", "name": "recommendationservice-server", "message": "[Recv ListRecommendations] product_ids=['2ZYFJ3GM2N', 'L9ECAV7KIM', '66VCHSJNUP', '0PUK6V6EV0', '6E92ZMYYFZ']"}
2026-08-15T13:00:12.688174275Z {"timestamp": 1786798812.6877887, "severity": "INFO", "name": "recommendationservice-server", "message": "[Recv ListRecommendations] product_ids=['OLJCESPC7Z', 'L9ECAV7KIM', '1YMWWN1N4O', '0PUK6V6EV0', '6E92ZMYYFZ']"}
2026-08-15T13:00:12.753346176Z {"timestamp": 1786798812.7528527, "severity": "INFO", "name": "recommendationservice-server", "message": "[Recv ListRecommendations] product_ids=['0PUK6V6EV0', '6E92ZMYYFZ', '2ZYFJ3GM2N', '66VCHSJNUP', 'LS4PSXUNUM']"}
2026-08-15T13:00:13.156526690Z {"timestamp": 1786798813.15624, "severity": "INFO", "name": "recommendationservice-server", "message": "[Recv ListRecommendations] product_ids=['L9ECAV7KIM', '2ZYFJ3GM2N', '0PUK6V6EV0', '1YMWWN1N4O', '6E92ZMYYFZ']"}
2026-08-15T13:00:13.161431879Z {"timestamp": 1786798813.16114, "severity": "INFO", "name": "recommendationservice-server", "message": "[Recv ListRecommendations] product_ids=['0PUK6V6EV0', '9SIQT8TOJO', '1YMWWN1N4O', '6E92ZMYYFZ', 'L9ECAV7KIM']"}
2026-08-15T13:00:13.219833904Z {"timestamp": 1786798813.2195797, "severity": "INFO", "name": "recommendationservice-server", "message": "[Recv ListRecommendations] product_ids=['2ZYFJ3GM2N', '66VCHSJNUP', 'OLJCESPC7Z', 'L9ECAV7KIM', '6E92ZMYYFZ']"}
2026-08-15T13:00:13.334429335Z {"timestamp": 1786798813.3337755, "severity": "INFO", "name": "recommendationservice-server", "message": "[Recv ListRecommendations] product_ids=['2ZYFJ3GM2N', 'OLJCESPC7Z', '6E92ZMYYFZ', '9SIQT8TOJO', '1YMWWN1N4O']"}
2026-08-15T13:00:14.257425897Z {"timestamp": 1786798814.257173, "severity": "INFO", "name": "recommendationservice-server", "message": "[Recv ListRecommendations] product_ids=['1YMWWN1N4O', '0PUK6V6EV0', '2ZYFJ3GM2N', 'OLJCESPC7Z', 'LS4PSXUNUM']"}
2026-08-15T13:00:14.282424290Z {"timestamp": 1786798814.282074, "severity": "INFO", "name": "recommendationservice-server", "message": "[Recv ListRecommendations] product_ids=['0PUK6V6EV0', '66VCHSJNUP', '9SIQT8TOJO', 'L9ECAV7KIM', 'LS4PSXUNUM']"}
2026-08-15T13:00:15.166177138Z {"timestamp": 1786798815.165844, "severity": "INFO", "name": "recommendationservice-server", "message": "[Recv ListRecommendations] product_ids=['L9ECAV7KIM', 'LS4PSXUNUM', '2ZYFJ3GM2N', '9SIQT8TOJO', 'OLJCESPC7Z']"}
2026-08-15T13:00:15.208952505Z {"timestamp": 1786798815.2086444, "severity": "INFO", "name": "recommendationservice-server", "message": "[Recv ListRecommendations] product_ids=['2ZYFJ3GM2N', '6E92ZMYYFZ', 'OLJCESPC7Z', 'LS4PSXUNUM', 'L9ECAV7KIM']"}
2026-08-15T13:00:15.616712676Z {"timestamp": 1786798815.6164238, "severity": "INFO", "name": "recommendationservice-server", "message": "[Recv ListRecommendations] product_ids=['9SIQT8TOJO', '2ZYFJ3GM2N', 'L9ECAV7KIM', '6E92ZMYYFZ', '66VCHSJNUP']"}
2026-08-15T13:00:15.792978957Z {"timestamp": 1786798815.7926838, "severity": "INFO", "name": "recommendationservice-server", "message": "[Recv ListRecommendations] product_ids=['9SIQT8TOJO', '6E92ZMYYFZ', 'L9ECAV7KIM', '1YMWWN1N4O', 'LS4PSXUNUM']"}
2026-08-15T13:00:16.934627229Z {"timestamp": 1786798816.9343183, "severity": "INFO", "name": "recommendationservice-server", "message": "[Recv ListRecommendations] product_ids=['LS4PSXUNUM', 'OLJCESPC7Z', 'L9ECAV7KIM', '66VCHSJNUP', '2ZYFJ3GM2N']"}
2026-08-15T13:00:17.981663263Z {"timestamp": 1786798817.9813926, "severity": "INFO", "name": "recommendationservice-server", "message": "[Recv ListRecommendations] product_ids=['OLJCESPC7Z', '2ZYFJ3GM2N', 'L9ECAV7KIM', '0PUK6V6EV0', '9SIQT8TOJO']"}
2026-08-15T13:00:18.293727409Z {"timestamp": 1786798818.293484, "severity": "INFO", "name": "recommendationservice-server", "message": "[Recv ListRecommendations] product_ids=['LS4PSXUNUM', '6E92ZMYYFZ', '2ZYFJ3GM2N', 'L9ECAV7KIM', 'OLJCESPC7Z']"}
2026-08-15T13:00:18.422022197Z {"timestamp": 1786798818.421743, "severity": "INFO", "name": "recommendationservice-server", "message": "[Recv ListRecommendations] product_ids=['OLJCESPC7Z', '0PUK6V6EV0', 'L9ECAV7KIM', '9SIQT8TOJO', '2ZYFJ3GM2N']"}
2026-08-15T13:00:20.049966984Z {"timestamp": 1786798820.0496516, "severity": "INFO", "name": "recommendationservice-server", "message": "[Recv ListRecommendations] product_ids=['1YMWWN1N4O', '9SIQT8TOJO', '2ZYFJ3GM2N', 'LS4PSXUNUM', '66VCHSJNUP']"}
2026-08-15T13:00:20.730533308Z {"timestamp": 1786798820.7302458, "severity": "INFO", "name": "recommendationservice-server", "message": "[Recv ListRecommendations] product_ids=['0PUK6V6EV0', '9SIQT8TOJO', '6E92ZMYYFZ', '66VCHSJNUP', 'LS4PSXUNUM']"}
2026-08-15T13:00:20.853116358Z {"timestamp": 1786798820.8527918, "severity": "INFO", "name": "recommendationservice-server", "message": "[Recv ListRecommendations] product_ids=['0PUK6V6EV0', 'OLJCESPC7Z', 'L9ECAV7KIM', '2ZYFJ3GM2N', '66VCHSJNUP']"}
2026-08-15T13:00:21.292591866Z {"timestamp": 1786798821.2922864, "severity": "INFO", "name": "recommendationservice-server", "message": "[Recv ListRecommendations] product_ids=['6E92ZMYYFZ', '1YMWWN1N4O', '66VCHSJNUP', '0PUK6V6EV0', 'L9ECAV7KIM']"}
2026-08-15T13:00:21.306804305Z {"timestamp": 1786798821.3065, "severity": "INFO", "name": "recommendationservice-server", "message": "[Recv ListRecommendations] product_ids=['1YMWWN1N4O', '2ZYFJ3GM2N', 'LS4PSXUNUM', '9SIQT8TOJO', '6E92ZMYYFZ']"}
2026-08-15T13:00:21.334951457Z {"timestamp": 1786798821.3346412, "severity": "INFO", "name": "recommendationservice-server", "message": "[Recv ListRecommendations] product_ids=['OLJCESPC7Z', '66VCHSJNUP', '2ZYFJ3GM2N', '0PUK6V6EV0', 'LS4PSXUNUM']"}
2026-08-15T13:00:21.546621201Z {"timestamp": 1786798821.5463567, "severity": "INFO", "name": "recommendationservice-server", "message": "[Recv ListRecommendations] product_ids=['9SIQT8TOJO', '0PUK6V6EV0', '2ZYFJ3GM2N', '1YMWWN1N4O', '6E92ZMYYFZ']"}
2026-08-15T13:00:21.556702451Z {"timestamp": 1786798821.5563805, "severity": "INFO", "name": "recommendationservice-server", "message": "[Recv ListRecommendations] product_ids=['OLJCESPC7Z', '6E92ZMYYFZ', 'LS4PSXUNUM', '66VCHSJNUP', '9SIQT8TOJO']"}
2026-08-15T13:00:21.568951805Z {"timestamp": 1786798821.5686584, "severity": "INFO", "name": "recommendationservice-server", "message": "[Recv ListRecommendations] product_ids=['OLJCESPC7Z', 'LS4PSXUNUM', '9SIQT8TOJO', '6E92ZMYYFZ', '2ZYFJ3GM2N']"}
2026-08-15T13:00:22.449495971Z {"timestamp": 1786798822.449128, "severity": "INFO", "name": "recommendationservice-server", "message": "[Recv ListRecommendations] product_ids=['OLJCESPC7Z', '6E92ZMYYFZ', '1YMWWN1N4O', 'L9ECAV7KIM', '9SIQT8TOJO']"}
2026-08-15T13:00:22.528121479Z {"timestamp": 1786798822.527761, "severity": "INFO", "name": "recommendationservice-server", "message": "[Recv ListRecommendations] product_ids=['6E92ZMYYFZ', 'OLJCESPC7Z', '0PUK6V6EV0', '1YMWWN1N4O', '9SIQT8TOJO']"}
2026-08-15T13:00:22.769658037Z {"timestamp": 1786798822.769349, "severity": "INFO", "name": "recommendationservice-server", "message": "[Recv ListRecommendations] product_ids=['6E92ZMYYFZ', 'LS4PSXUNUM', 'L9ECAV7KIM', 'OLJCESPC7Z', '2ZYFJ3GM2N']"}
2026-08-15T13:00:22.788405904Z {"timestamp": 1786798822.788032, "severity": "INFO", "name": "recommendationservice-server", "message": "[Recv ListRecommendations] product_ids=['9SIQT8TOJO', 'LS4PSXUNUM', '6E92ZMYYFZ', '0PUK6V6EV0', '2ZYFJ3GM2N']"}
2026-08-15T13:00:22.899105734Z {"timestamp": 1786798822.8987763, "severity": "INFO", "name": "recommendationservice-server", "message": "[Recv ListRecommendations] product_ids=['6E92ZMYYFZ', 'OLJCESPC7Z', 'LS4PSXUNUM', '9SIQT8TOJO', 'L9ECAV7KIM']"}
2026-08-15T13:00:23.323242297Z {"timestamp": 1786798823.322985, "severity": "INFO", "name": "recommendationservice-server", "message": "[Recv ListRecommendations] product_ids=['OLJCESPC7Z', 'LS4PSXUNUM', '66VCHSJNUP', '0PUK6V6EV0', '9SIQT8TOJO']"}
2026-08-15T13:00:23.464820436Z {"timestamp": 1786798823.4645228, "severity": "INFO", "name": "recommendationservice-server", "message": "[Recv ListRecommendations] product_ids=['L9ECAV7KIM', '2ZYFJ3GM2N', 'LS4PSXUNUM', '0PUK6V6EV0', '6E92ZMYYFZ']"}
2026-08-15T13:00:23.986788017Z {"timestamp": 1786798823.9864478, "severity": "INFO", "name": "recommendationservice-server", "message": "[Recv ListRecommendations] product_ids=['LS4PSXUNUM', 'L9ECAV7KIM', '2ZYFJ3GM2N', '6E92ZMYYFZ', '66VCHSJNUP']"}
2026-08-15T13:00:24.996253430Z {"timestamp": 1786798824.9959047, "severity": "INFO", "name": "recommendationservice-server", "message": "[Recv ListRecommendations] product_ids=['LS4PSXUNUM', '1YMWWN1N4O', '0PUK6V6EV0', '6E92ZMYYFZ', 'L9ECAV7KIM']"}
2026-08-15T13:00:25.533361837Z {"timestamp": 1786798825.5329804, "severity": "INFO", "name": "recommendationservice-server", "message": "[Recv ListRecommendations] product_ids=['6E92ZMYYFZ', 'LS4PSXUNUM', '9SIQT8TOJO', '2ZYFJ3GM2N', '0PUK6V6EV0']"}
2026-08-15T13:00:25.624233899Z {"timestamp": 1786798825.6238678, "severity": "INFO", "name": "recommendationservice-server", "message": "[Recv ListRecommendations] product_ids=['0PUK6V6EV0', 'LS4PSXUNUM', '1YMWWN1N4O', '9SIQT8TOJO', '6E92ZMYYFZ']"}
2026-08-15T13:00:25.877027118Z {"timestamp": 1786798825.8767512, "severity": "INFO", "name": "recommendationservice-server", "message": "[Recv ListRecommendations] product_ids=['6E92ZMYYFZ', '66VCHSJNUP', 'L9ECAV7KIM', 'LS4PSXUNUM', '0PUK6V6EV0']"}
2026-08-15T13:00:26.240252615Z {"timestamp": 1786798826.2399678, "severity": "INFO", "name": "recommendationservice-server", "message": "[Recv ListRecommendations] product_ids=['6E92ZMYYFZ', 'LS4PSXUNUM', 'OLJCESPC7Z', '1YMWWN1N4O', '9SIQT8TOJO']"}
2026-08-15T13:00:27.000558629Z {"timestamp": 1786798827.0002182, "severity": "INFO", "name": "recommendationservice-server", "message": "[Recv ListRecommendations] product_ids=['OLJCESPC7Z', '0PUK6V6EV0', '66VCHSJNUP', '1YMWWN1N4O', 'LS4PSXUNUM']"}
2026-08-15T13:00:27.650192028Z {"timestamp": 1786798827.649869, "severity": "INFO", "name": "recommendationservice-server", "message": "[Recv ListRecommendations] product_ids=['OLJCESPC7Z', '2ZYFJ3GM2N', '66VCHSJNUP', '0PUK6V6EV0', 'LS4PSXUNUM']"}
2026-08-15T13:00:27.663416681Z {"timestamp": 1786798827.663116, "severity": "INFO", "name": "recommendationservice-server", "message": "[Recv ListRecommendations] product_ids=['1YMWWN1N4O', 'LS4PSXUNUM', '2ZYFJ3GM2N', '6E92ZMYYFZ', '66VCHSJNUP']"}
2026-08-15T13:00:27.684671894Z {"timestamp": 1786798827.6843581, "severity": "INFO", "name": "recommendationservice-server", "message": "[Recv ListRecommendations] product_ids=['9SIQT8TOJO', '1YMWWN1N4O', 'LS4PSXUNUM', '0PUK6V6EV0', '2ZYFJ3GM2N']"}
2026-08-15T13:00:28.156787211Z {"timestamp": 1786798828.1564834, "severity": "INFO", "name": "recommendationservice-server", "message": "[Recv ListRecommendations] product_ids=['0PUK6V6EV0', 'L9ECAV7KIM', '2ZYFJ3GM2N', 'LS4PSXUNUM', '6E92ZMYYFZ']"}
2026-08-15T13:00:28.240515942Z {"timestamp": 1786798828.2402089, "severity": "INFO", "name": "recommendationservice-server", "message": "[Recv ListRecommendations] product_ids=['1YMWWN1N4O', 'L9ECAV7KIM', 'LS4PSXUNUM', '6E92ZMYYFZ', '0PUK6V6EV0']"}
2026-08-15T13:00:28.620163001Z {"timestamp": 1786798828.6198783, "severity": "INFO", "name": "recommendationservice-server", "message": "[Recv ListRecommendations] product_ids=['LS4PSXUNUM', '66VCHSJNUP', '0PUK6V6EV0', '2ZYFJ3GM2N', '9SIQT8TOJO']"}
2026-08-15T13:00:29.282986981Z {"timestamp": 1786798829.28261, "severity": "INFO", "name": "recommendationservice-server", "message": "[Recv ListRecommendations] product_ids=['6E92ZMYYFZ', 'OLJCESPC7Z', '9SIQT8TOJO', '2ZYFJ3GM2N', 'L9ECAV7KIM']"}
2026-08-15T13:00:29.542332046Z {"timestamp": 1786798829.5420196, "severity": "INFO", "name": "recommendationservice-server", "message": "[Recv ListRecommendations] product_ids=['66VCHSJNUP', '0PUK6V6EV0', '9SIQT8TOJO', 'L9ECAV7KIM', '2ZYFJ3GM2N']"}
2026-08-15T13:00:29.552665524Z {"timestamp": 1786798829.5523818, "severity": "INFO", "name": "recommendationservice-server", "message": "[Recv ListRecommendations] product_ids=['0PUK6V6EV0', 'L9ECAV7KIM', '1YMWWN1N4O', '6E92ZMYYFZ', 'LS4PSXUNUM']"}
2026-08-15T13:00:31.345127700Z {"timestamp": 1786798831.3448684, "severity": "INFO", "name": "recommendationservice-server", "message": "[Recv ListRecommendations] product_ids=['1YMWWN1N4O', 'L9ECAV7KIM', '9SIQT8TOJO', '6E92ZMYYFZ', '0PUK6V6EV0']"}
2026-08-15T13:00:31.504960339Z {"timestamp": 1786798831.504661, "severity": "INFO", "name": "recommendationservice-server", "message": "[Recv ListRecommendations] product_ids=['2ZYFJ3GM2N', '66VCHSJNUP', 'OLJCESPC7Z', '6E92ZMYYFZ', '0PUK6V6EV0']"}
2026-08-15T13:00:32.264342666Z {"timestamp": 1786798832.2640765, "severity": "INFO", "name": "recommendationservice-server", "message": "[Recv ListRecommendations] product_ids=['9SIQT8TOJO', '0PUK6V6EV0', '66VCHSJNUP', 'LS4PSXUNUM', '1YMWWN1N4O']"}
2026-08-15T13:00:32.625391263Z {"timestamp": 1786798832.6250741, "severity": "INFO", "name": "recommendationservice-server", "message": "[Recv ListRecommendations] product_ids=['L9ECAV7KIM', '66VCHSJNUP', '9SIQT8TOJO', '2ZYFJ3GM2N', 'LS4PSXUNUM']"}
2026-08-15T13:00:32.991505740Z {"timestamp": 1786798832.9911647, "severity": "INFO", "name": "recommendationservice-server", "message": "[Recv ListRecommendations] product_ids=['1YMWWN1N4O', '66VCHSJNUP', '6E92ZMYYFZ', '9SIQT8TOJO', '0PUK6V6EV0']"}
2026-08-15T13:00:33.208625705Z {"timestamp": 1786798833.2082999, "severity": "INFO", "name": "recommendationservice-server", "message": "[Recv ListRecommendations] product_ids=['2ZYFJ3GM2N', 'OLJCESPC7Z', '1YMWWN1N4O', '0PUK6V6EV0', '6E92ZMYYFZ']"}
2026-08-15T13:00:33.221645638Z {"timestamp": 1786798833.2213497, "severity": "INFO", "name": "recommendationservice-server", "message": "[Recv ListRecommendations] product_ids=['6E92ZMYYFZ', '66VCHSJNUP', 'OLJCESPC7Z', '9SIQT8TOJO', '1YMWWN1N4O']"}
2026-08-15T13:00:35.193309079Z {"timestamp": 1786798835.1929872, "severity": "INFO", "name": "recommendationservice-server", "message": "[Recv ListRecommendations] product_ids=['OLJCESPC7Z', 'L9ECAV7KIM', '0PUK6V6EV0', '1YMWWN1N4O', '2ZYFJ3GM2N']"}
2026-08-15T13:00:35.284844476Z {"timestamp": 1786798835.2846124, "severity": "INFO", "name": "recommendationservice-server", "message": "[Recv ListRecommendations] product_ids=['66VCHSJNUP', '9SIQT8TOJO', '1YMWWN1N4O', '0PUK6V6EV0', 'OLJCESPC7Z']"}
2026-08-15T13:00:35.776601649Z {"timestamp": 1786798835.7763536, "severity": "INFO", "name": "recommendationservice-server", "message": "[Recv ListRecommendations] product_ids=['L9ECAV7KIM', '6E92ZMYYFZ', '9SIQT8TOJO', 'OLJCESPC7Z', '2ZYFJ3GM2N']"}
2026-08-15T13:00:36.245926793Z {"timestamp": 1786798836.2456355, "severity": "INFO", "name": "recommendationservice-server", "message": "[Recv ListRecommendations] product_ids=['1YMWWN1N4O', '6E92ZMYYFZ', '2ZYFJ3GM2N', '0PUK6V6EV0', 'L9ECAV7KIM']"}
2026-08-15T13:00:36.325814232Z {"timestamp": 1786798836.3255198, "severity": "INFO", "name": "recommendationservice-server", "message": "[Recv ListRecommendations] product_ids=['0PUK6V6EV0', 'L9ECAV7KIM', 'LS4PSXUNUM', '9SIQT8TOJO', 'OLJCESPC7Z']"}
2026-08-15T13:00:36.770408618Z {"timestamp": 1786798836.7701085, "severity": "INFO", "name": "recommendationservice-server", "message": "[Recv ListRecommendations] product_ids=['9SIQT8TOJO', 'L9ECAV7KIM', '0PUK6V6EV0', '66VCHSJNUP', '2ZYFJ3GM2N']"}
2026-08-15T13:00:36.802319989Z {"timestamp": 1786798836.8020015, "severity": "INFO", "name": "recommendationservice-server", "message": "[Recv ListRecommendations] product_ids=['1YMWWN1N4O', '0PUK6V6EV0', '66VCHSJNUP', '2ZYFJ3GM2N', 'OLJCESPC7Z']"}
2026-08-15T13:00:36.889398644Z {"timestamp": 1786798836.8890984, "severity": "INFO", "name": "recommendationservice-server", "message": "[Recv ListRecommendations] product_ids=['0PUK6V6EV0', '9SIQT8TOJO', 'LS4PSXUNUM', '6E92ZMYYFZ', '1YMWWN1N4O']"}
2026-08-15T13:00:37.491318365Z {"timestamp": 1786798837.49098, "severity": "INFO", "name": "recommendationservice-server", "message": "[Recv ListRecommendations] product_ids=['L9ECAV7KIM', 'OLJCESPC7Z', '66VCHSJNUP', '2ZYFJ3GM2N', '6E92ZMYYFZ']"}
2026-08-15T13:00:37.578213301Z {"timestamp": 1786798837.577926, "severity": "INFO", "name": "recommendationservice-server", "message": "[Recv ListRecommendations] product_ids=['0PUK6V6EV0', 'OLJCESPC7Z', 'L9ECAV7KIM', '6E92ZMYYFZ', '9SIQT8TOJO']"}
2026-08-15T13:00:37.815915325Z {"timestamp": 1786798837.8156292, "severity": "INFO", "name": "recommendationservice-server", "message": "[Recv ListRecommendations] product_ids=['1YMWWN1N4O', '9SIQT8TOJO', 'OLJCESPC7Z', '6E92ZMYYFZ', 'L9ECAV7KIM']"}
2026-08-15T13:00:37.828291455Z {"timestamp": 1786798837.8279972, "severity": "INFO", "name": "recommendationservice-server", "message": "[Recv ListRecommendations] product_ids=['2ZYFJ3GM2N', '9SIQT8TOJO', 'L9ECAV7KIM', '6E92ZMYYFZ', '66VCHSJNUP']"}
2026-08-15T13:00:37.977547389Z {"timestamp": 1786798837.977178, "severity": "INFO", "name": "recommendationservice-server", "message": "[Recv ListRecommendations] product_ids=['6E92ZMYYFZ', 'L9ECAV7KIM', '2ZYFJ3GM2N', 'OLJCESPC7Z', '0PUK6V6EV0']"}
2026-08-15T13:00:38.695532245Z {"timestamp": 1786798838.695179, "severity": "INFO", "name": "recommendationservice-server", "message": "[Recv ListRecommendations] product_ids=['LS4PSXUNUM', 'OLJCESPC7Z', '66VCHSJNUP', '1YMWWN1N4O', '0PUK6V6EV0']"}
2026-08-15T13:00:38.723813056Z {"timestamp": 1786798838.7234988, "severity": "INFO", "name": "recommendationservice-server", "message": "[Recv ListRecommendations] product_ids=['66VCHSJNUP', 'OLJCESPC7Z', '1YMWWN1N4O', '9SIQT8TOJO', '0PUK6V6EV0']"}
2026-08-15T13:00:39.502164912Z {"timestamp": 1786798839.5018559, "severity": "INFO", "name": "recommendationservice-server", "message": "[Recv ListRecommendations] product_ids=['LS4PSXUNUM', 'L9ECAV7KIM', '1YMWWN1N4O', '9SIQT8TOJO', 'OLJCESPC7Z']"}
2026-08-15T13:00:39.515195107Z {"timestamp": 1786798839.51497, "severity": "INFO", "name": "recommendationservice-server", "message": "[Recv ListRecommendations] product_ids=['0PUK6V6EV0', '66VCHSJNUP', 'L9ECAV7KIM', '2ZYFJ3GM2N', '1YMWWN1N4O']"}
2026-08-15T13:00:40.146874986Z {"timestamp": 1786798840.1463642, "severity": "INFO", "name": "recommendationservice-server", "message": "[Recv ListRecommendations] product_ids=['9SIQT8TOJO', '6E92ZMYYFZ', '1YMWWN1N4O', '66VCHSJNUP', '0PUK6V6EV0']"}
2026-08-15T13:00:40.320673859Z {"timestamp": 1786798840.3203995, "severity": "INFO", "name": "recommendationservice-server", "message": "[Recv ListRecommendations] product_ids=['6E92ZMYYFZ', '9SIQT8TOJO', '2ZYFJ3GM2N', '1YMWWN1N4O', 'LS4PSXUNUM']"}
2026-08-15T13:00:40.333017286Z {"timestamp": 1786798840.332752, "severity": "INFO", "name": "recommendationservice-server", "message": "[Recv ListRecommendations] product_ids=['OLJCESPC7Z', '6E92ZMYYFZ', '66VCHSJNUP', 'LS4PSXUNUM', '0PUK6V6EV0']"}
2026-08-15T13:00:40.353994371Z {"timestamp": 1786798840.3537557, "severity": "INFO", "name": "recommendationservice-server", "message": "[Recv ListRecommendations] product_ids=['LS4PSXUNUM', 'OLJCESPC7Z', 'L9ECAV7KIM', '9SIQT8TOJO', '6E92ZMYYFZ']"}
2026-08-15T13:00:40.794618362Z {"timestamp": 1786798840.7943132, "severity": "INFO", "name": "recommendationservice-server", "message": "[Recv ListRecommendations] product_ids=['9SIQT8TOJO', '1YMWWN1N4O', '66VCHSJNUP', '2ZYFJ3GM2N', '0PUK6V6EV0']"}
2026-08-15T13:00:40.805959889Z {"timestamp": 1786798840.805669, "severity": "INFO", "name": "recommendationservice-server", "message": "[Recv ListRecommendations] product_ids=['6E92ZMYYFZ', '1YMWWN1N4O', '66VCHSJNUP', 'L9ECAV7KIM', '9SIQT8TOJO']"}
2026-08-15T13:00:40.825703251Z {"timestamp": 1786798840.8254106, "severity": "INFO", "name": "recommendationservice-server", "message": "[Recv ListRecommendations] product_ids=['OLJCESPC7Z', '9SIQT8TOJO', '2ZYFJ3GM2N', '6E92ZMYYFZ', 'L9ECAV7KIM']"}
2026-08-15T13:00:42.331256992Z {"timestamp": 1786798842.3309777, "severity": "INFO", "name": "recommendationservice-server", "message": "[Recv ListRecommendations] product_ids=['OLJCESPC7Z', '66VCHSJNUP', '1YMWWN1N4O', '2ZYFJ3GM2N', 'L9ECAV7KIM']"}
2026-08-15T13:00:43.021967296Z {"timestamp": 1786798843.0215564, "severity": "INFO", "name": "recommendationservice-server", "message": "[Recv ListRecommendations] product_ids=['66VCHSJNUP', 'LS4PSXUNUM', '9SIQT8TOJO', '6E92ZMYYFZ', '1YMWWN1N4O']"}
2026-08-15T13:00:44.033637364Z {"timestamp": 1786798844.033251, "severity": "INFO", "name": "recommendationservice-server", "message": "[Recv ListRecommendations] product_ids=['LS4PSXUNUM', '9SIQT8TOJO', '0PUK6V6EV0', '66VCHSJNUP', 'L9ECAV7KIM']"}
2026-08-15T13:00:45.028065709Z {"timestamp": 1786798845.0277388, "severity": "INFO", "name": "recommendationservice-server", "message": "[Recv ListRecommendations] product_ids=['2ZYFJ3GM2N', 'L9ECAV7KIM', '1YMWWN1N4O', 'LS4PSXUNUM', '6E92ZMYYFZ']"}
2026-08-15T13:00:45.195609847Z {"timestamp": 1786798845.1952896, "severity": "INFO", "name": "recommendationservice-server", "message": "[Recv ListRecommendations] product_ids=['LS4PSXUNUM', '6E92ZMYYFZ', '0PUK6V6EV0', 'OLJCESPC7Z', '2ZYFJ3GM2N']"}
2026-08-15T13:00:45.327517925Z {"timestamp": 1786798845.3272133, "severity": "INFO", "name": "recommendationservice-server", "message": "[Recv ListRecommendations] product_ids=['OLJCESPC7Z', 'LS4PSXUNUM', '1YMWWN1N4O', '0PUK6V6EV0', '2ZYFJ3GM2N']"}
2026-08-15T13:00:45.836470771Z {"timestamp": 1786798845.8354251, "severity": "INFO", "name": "recommendationservice-server", "message": "[Recv ListRecommendations] product_ids=['L9ECAV7KIM', '0PUK6V6EV0', '66VCHSJNUP', '6E92ZMYYFZ', '9SIQT8TOJO']"}
2026-08-15T13:00:46.269977879Z {"timestamp": 1786798846.2689104, "severity": "INFO", "name": "recommendationservice-server", "message": "[Recv ListRecommendations] product_ids=['1YMWWN1N4O', '66VCHSJNUP', '6E92ZMYYFZ', '2ZYFJ3GM2N', '9SIQT8TOJO']"}
2026-08-15T13:00:46.652618606Z {"timestamp": 1786798846.6517951, "severity": "INFO", "name": "recommendationservice-server", "message": "[Recv ListRecommendations] product_ids=['6E92ZMYYFZ', '9SIQT8TOJO', 'OLJCESPC7Z', 'L9ECAV7KIM', '66VCHSJNUP']"}
2026-08-15T13:00:47.064857089Z {"timestamp": 1786798847.0642169, "severity": "INFO", "name": "recommendationservice-server", "message": "[Recv ListRecommendations] product_ids=['1YMWWN1N4O', 'OLJCESPC7Z', '6E92ZMYYFZ', '66VCHSJNUP', 'LS4PSXUNUM']"}
2026-08-15T13:00:47.120484446Z {"timestamp": 1786798847.1198614, "severity": "INFO", "name": "recommendationservice-server", "message": "[Recv ListRecommendations] product_ids=['66VCHSJNUP', '9SIQT8TOJO', '6E92ZMYYFZ', '2ZYFJ3GM2N']"}
2026-08-15T13:00:47.381087681Z {"timestamp": 1786798847.3807197, "severity": "INFO", "name": "recommendationservice-server", "message": "[Recv ListRecommendations] product_ids=['2ZYFJ3GM2N', '6E92ZMYYFZ', '9SIQT8TOJO', '66VCHSJNUP', 'LS4PSXUNUM']"}
2026-08-15T13:00:48.612212273Z {"timestamp": 1786798848.611873, "severity": "INFO", "name": "recommendationservice-server", "message": "[Recv ListRecommendations] product_ids=['LS4PSXUNUM', 'OLJCESPC7Z', '9SIQT8TOJO', '0PUK6V6EV0', '1YMWWN1N4O']"}
2026-08-15T13:00:48.897183342Z {"timestamp": 1786798848.8969002, "severity": "INFO", "name": "recommendationservice-server", "message": "[Recv ListRecommendations] product_ids=['2ZYFJ3GM2N', 'L9ECAV7KIM', '66VCHSJNUP', 'LS4PSXUNUM', 'OLJCESPC7Z']"}
2026-08-15T13:00:48.909074130Z {"timestamp": 1786798848.9088376, "severity": "INFO", "name": "recommendationservice-server", "message": "[Recv ListRecommendations] product_ids=['0PUK6V6EV0', 'LS4PSXUNUM', '2ZYFJ3GM2N', '66VCHSJNUP', 'L9ECAV7KIM']"}
2026-08-15T13:00:49.828616795Z {"timestamp": 1786798849.8282166, "severity": "INFO", "name": "recommendationservice-server", "message": "[Recv ListRecommendations] product_ids=['LS4PSXUNUM', '2ZYFJ3GM2N', '6E92ZMYYFZ', '9SIQT8TOJO', 'L9ECAV7KIM']"}
2026-08-15T13:00:49.848603291Z {"timestamp": 1786798849.8481965, "severity": "INFO", "name": "recommendationservice-server", "message": "[Recv ListRecommendations] product_ids=['6E92ZMYYFZ', '1YMWWN1N4O', '0PUK6V6EV0', '9SIQT8TOJO', '2ZYFJ3GM2N']"}
2026-08-15T13:00:50.914606809Z {"timestamp": 1786798850.914307, "severity": "INFO", "name": "recommendationservice-server", "message": "[Recv ListRecommendations] product_ids=['L9ECAV7KIM', '1YMWWN1N4O', '2ZYFJ3GM2N', '9SIQT8TOJO', '6E92ZMYYFZ']"}
2026-08-15T13:00:51.242173269Z {"timestamp": 1786798851.2419221, "severity": "INFO", "name": "recommendationservice-server", "message": "[Recv ListRecommendations] product_ids=['0PUK6V6EV0', 'OLJCESPC7Z', '1YMWWN1N4O', '6E92ZMYYFZ', '2ZYFJ3GM2N']"}
2026-08-15T13:00:51.357202332Z {"timestamp": 1786798851.356919, "severity": "INFO", "name": "recommendationservice-server", "message": "[Recv ListRecommendations] product_ids=['OLJCESPC7Z', '6E92ZMYYFZ', 'LS4PSXUNUM', '2ZYFJ3GM2N', '66VCHSJNUP']"}
2026-08-15T13:00:51.540796169Z {"timestamp": 1786798851.5405009, "severity": "INFO", "name": "recommendationservice-server", "message": "[Recv ListRecommendations] product_ids=['66VCHSJNUP', '2ZYFJ3GM2N', '6E92ZMYYFZ', '1YMWWN1N4O', '9SIQT8TOJO']"}
2026-08-15T13:00:51.807697436Z {"timestamp": 1786798851.8073487, "severity": "INFO", "name": "recommendationservice-server", "message": "[Recv ListRecommendations] product_ids=['L9ECAV7KIM', '6E92ZMYYFZ', 'OLJCESPC7Z', '9SIQT8TOJO', '0PUK6V6EV0']"}
2026-08-15T13:00:51.919485279Z {"timestamp": 1786798851.9178267, "severity": "INFO", "name": "recommendationservice-server", "message": "[Recv ListRecommendations] product_ids=['LS4PSXUNUM', '1YMWWN1N4O', '9SIQT8TOJO', 'L9ECAV7KIM', 'OLJCESPC7Z']"}
2026-08-15T13:00:54.281865155Z {"timestamp": 1786798854.2814267, "severity": "INFO", "name": "recommendationservice-server", "message": "[Recv ListRecommendations] product_ids=['OLJCESPC7Z', '1YMWWN1N4O', '6E92ZMYYFZ', 'LS4PSXUNUM', '9SIQT8TOJO']"}
2026-08-15T13:00:54.301086754Z {"timestamp": 1786798854.3006217, "severity": "INFO", "name": "recommendationservice-server", "message": "[Recv ListRecommendations] product_ids=['1YMWWN1N4O', 'OLJCESPC7Z', '0PUK6V6EV0', 'LS4PSXUNUM', '9SIQT8TOJO']"}
2026-08-15T13:00:54.627422292Z {"timestamp": 1786798854.626972, "severity": "INFO", "name": "recommendationservice-server", "message": "[Recv ListRecommendations] product_ids=['L9ECAV7KIM', '0PUK6V6EV0', '2ZYFJ3GM2N', '66VCHSJNUP', '6E92ZMYYFZ']"}
2026-08-15T13:00:54.746816287Z {"timestamp": 1786798854.746353, "severity": "INFO", "name": "recommendationservice-server", "message": "[Recv ListRecommendations] product_ids=['6E92ZMYYFZ', '9SIQT8TOJO', 'L9ECAV7KIM', '2ZYFJ3GM2N', '66VCHSJNUP']"}
2026-08-15T13:00:55.241166023Z {"timestamp": 1786798855.2406619, "severity": "INFO", "name": "recommendationservice-server", "message": "[Recv ListRecommendations] product_ids=['2ZYFJ3GM2N', '66VCHSJNUP', 'OLJCESPC7Z', 'LS4PSXUNUM', '1YMWWN1N4O']"}
2026-08-15T13:00:55.258350720Z {"timestamp": 1786798855.2579865, "severity": "INFO", "name": "recommendationservice-server", "message": "[Recv ListRecommendations] product_ids=['0PUK6V6EV0', '1YMWWN1N4O', '6E92ZMYYFZ', 'LS4PSXUNUM', '2ZYFJ3GM2N']"}
2026-08-15T13:00:56.641019912Z {"timestamp": 1786798856.6407297, "severity": "INFO", "name": "recommendationservice-server", "message": "[Recv ListRecommendations] product_ids=['OLJCESPC7Z', '0PUK6V6EV0', '9SIQT8TOJO', '6E92ZMYYFZ', 'LS4PSXUNUM']"}
2026-08-15T13:00:57.034401073Z {"timestamp": 1786798857.0340333, "severity": "INFO", "name": "recommendationservice-server", "message": "[Recv ListRecommendations] product_ids=['OLJCESPC7Z', '66VCHSJNUP', '1YMWWN1N4O', '2ZYFJ3GM2N', '6E92ZMYYFZ']"}
2026-08-15T13:00:57.378717564Z {"timestamp": 1786798857.3782113, "severity": "INFO", "name": "recommendationservice-server", "message": "[Recv ListRecommendations] product_ids=['9SIQT8TOJO', 'OLJCESPC7Z', 'LS4PSXUNUM', '0PUK6V6EV0', '2ZYFJ3GM2N']"}
2026-08-15T13:00:57.803025381Z {"timestamp": 1786798857.8020782, "severity": "INFO", "name": "recommendationservice-server", "message": "[Recv ListRecommendations] product_ids=['0PUK6V6EV0', 'L9ECAV7KIM', '66VCHSJNUP', '1YMWWN1N4O', 'LS4PSXUNUM']"}
2026-08-15T13:00:57.855298945Z {"timestamp": 1786798857.8548694, "severity": "INFO", "name": "recommendationservice-server", "message": "[Recv ListRecommendations] product_ids=['LS4PSXUNUM', '1YMWWN1N4O', 'OLJCESPC7Z', '9SIQT8TOJO', '2ZYFJ3GM2N']"}
2026-08-15T13:00:58.334141346Z {"timestamp": 1786798858.3337605, "severity": "INFO", "name": "recommendationservice-server", "message": "[Recv ListRecommendations] product_ids=['66VCHSJNUP', 'L9ECAV7KIM', '1YMWWN1N4O', '6E92ZMYYFZ', 'OLJCESPC7Z']"}
2026-08-15T13:00:58.996613279Z {"timestamp": 1786798858.9961307, "severity": "INFO", "name": "recommendationservice-server", "message": "[Recv ListRecommendations] product_ids=['9SIQT8TOJO', '6E92ZMYYFZ', 'LS4PSXUNUM', '0PUK6V6EV0', 'L9ECAV7KIM']"}
2026-08-15T13:00:59.576598112Z {"timestamp": 1786798859.5758932, "severity": "INFO", "name": "recommendationservice-server", "message": "[Recv ListRecommendations] product_ids=['9SIQT8TOJO', 'L9ECAV7KIM', 'LS4PSXUNUM', 'OLJCESPC7Z', '6E92ZMYYFZ']"}
2026-08-15T13:00:59.579971523Z {"timestamp": 1786798859.5792868, "severity": "INFO", "name": "recommendationservice-server", "message": "[Recv ListRecommendations] product_ids=['L9ECAV7KIM', '66VCHSJNUP', '6E92ZMYYFZ', 'LS4PSXUNUM', 'OLJCESPC7Z']"}
2026-08-15T13:00:59.616655303Z {"timestamp": 1786798859.6161854, "severity": "INFO", "name": "recommendationservice-server", "message": "[Recv ListRecommendations] product_ids=['1YMWWN1N4O', '6E92ZMYYFZ', 'L9ECAV7KIM', '66VCHSJNUP', '2ZYFJ3GM2N']"}
2026-08-15T13:01:00.831788852Z {"timestamp": 1786798860.8308961, "severity": "INFO", "name": "recommendationservice-server", "message": "[Recv ListRecommendations] product_ids=['66VCHSJNUP', '1YMWWN1N4O', 'LS4PSXUNUM', '9SIQT8TOJO', '6E92ZMYYFZ']"}
2026-08-15T13:01:01.536980721Z {"timestamp": 1786798861.5366807, "severity": "INFO", "name": "recommendationservice-server", "message": "[Recv ListRecommendations] product_ids=['66VCHSJNUP', '9SIQT8TOJO', '6E92ZMYYFZ', '2ZYFJ3GM2N']"}
2026-08-15T13:01:02.705633687Z {"timestamp": 1786798862.7052867, "severity": "INFO", "name": "recommendationservice-server", "message": "[Recv ListRecommendations] product_ids=['1YMWWN1N4O', '66VCHSJNUP', 'LS4PSXUNUM', '0PUK6V6EV0', 'OLJCESPC7Z']"}
2026-08-15T13:01:03.212663299Z {"timestamp": 1786798863.2123632, "severity": "INFO", "name": "recommendationservice-server", "message": "[Recv ListRecommendations] product_ids=['0PUK6V6EV0', 'LS4PSXUNUM', '6E92ZMYYFZ', '66VCHSJNUP', 'L9ECAV7KIM']"}
2026-08-15T13:01:06.365592856Z {"timestamp": 1786798866.3646464, "severity": "INFO", "name": "recommendationservice-server", "message": "[Recv ListRecommendations] product_ids=['9SIQT8TOJO', 'L9ECAV7KIM', '2ZYFJ3GM2N', 'LS4PSXUNUM', '1YMWWN1N4O']"}
2026-08-15T13:01:06.453137307Z {"timestamp": 1786798866.4525146, "severity": "INFO", "name": "recommendationservice-server", "message": "[Recv ListRecommendations] product_ids=['LS4PSXUNUM', '9SIQT8TOJO', '1YMWWN1N4O', '66VCHSJNUP', '0PUK6V6EV0']"}
2026-08-15T13:01:06.459620255Z {"timestamp": 1786798866.4576504, "severity": "INFO", "name": "recommendationservice-server", "message": "[Recv ListRecommendations] product_ids=['L9ECAV7KIM', '6E92ZMYYFZ', '2ZYFJ3GM2N', '1YMWWN1N4O', '9SIQT8TOJO']"}
2026-08-15T13:01:06.549312321Z {"timestamp": 1786798866.5485384, "severity": "INFO", "name": "recommendationservice-server", "message": "[Recv ListRecommendations] product_ids=['LS4PSXUNUM', '2ZYFJ3GM2N', '9SIQT8TOJO', 'OLJCESPC7Z', '1YMWWN1N4O']"}
2026-08-15T13:01:06.675838069Z {"timestamp": 1786798866.675475, "severity": "INFO", "name": "recommendationservice-server", "message": "[Recv ListRecommendations] product_ids=['0PUK6V6EV0', '1YMWWN1N4O', '66VCHSJNUP', '6E92ZMYYFZ', '9SIQT8TOJO']"}
2026-08-15T13:01:07.350759337Z {"timestamp": 1786798867.3505337, "severity": "INFO", "name": "recommendationservice-server", "message": "[Recv ListRecommendations] product_ids=['LS4PSXUNUM', '2ZYFJ3GM2N', '6E92ZMYYFZ', '9SIQT8TOJO', '1YMWWN1N4O']"}
2026-08-15T13:01:07.977437582Z {"timestamp": 1786798867.9769785, "severity": "INFO", "name": "recommendationservice-server", "message": "[Recv ListRecommendations] product_ids=['L9ECAV7KIM', '1YMWWN1N4O', '6E92ZMYYFZ', 'OLJCESPC7Z', '9SIQT8TOJO']"}
2026-08-15T13:01:08.394259349Z {"timestamp": 1786798868.393735, "severity": "INFO", "name": "recommendationservice-server", "message": "[Recv ListRecommendations] product_ids=['0PUK6V6EV0', '2ZYFJ3GM2N', '1YMWWN1N4O', 'OLJCESPC7Z', '6E92ZMYYFZ']"}
2026-08-15T13:01:09.749494523Z {"timestamp": 1786798869.7491446, "severity": "INFO", "name": "recommendationservice-server", "message": "[Recv ListRecommendations] product_ids=['LS4PSXUNUM', '0PUK6V6EV0', 'L9ECAV7KIM', '66VCHSJNUP', '1YMWWN1N4O']"}
2026-08-15T13:01:09.897176486Z {"timestamp": 1786798869.896826, "severity": "INFO", "name": "recommendationservice-server", "message": "[Recv ListRecommendations] product_ids=['1YMWWN1N4O', 'LS4PSXUNUM', 'L9ECAV7KIM', '2ZYFJ3GM2N', '6E92ZMYYFZ']"}
2026-08-15T13:01:10.498293475Z {"timestamp": 1786798870.497988, "severity": "INFO", "name": "recommendationservice-server", "message": "[Recv ListRecommendations] product_ids=['OLJCESPC7Z', '6E92ZMYYFZ', '1YMWWN1N4O', 'LS4PSXUNUM', '0PUK6V6EV0']"}
2026-08-15T13:01:10.740184056Z {"timestamp": 1786798870.7398415, "severity": "INFO", "name": "recommendationservice-server", "message": "[Recv ListRecommendations] product_ids=['L9ECAV7KIM', '2ZYFJ3GM2N', 'OLJCESPC7Z', 'LS4PSXUNUM', '1YMWWN1N4O']"}
2026-08-15T13:01:10.756892926Z {"timestamp": 1786798870.7565773, "severity": "INFO", "name": "recommendationservice-server", "message": "[Recv ListRecommendations] product_ids=['2ZYFJ3GM2N', 'L9ECAV7KIM', '0PUK6V6EV0', '6E92ZMYYFZ', 'LS4PSXUNUM']"}
2026-08-15T13:01:10.771297066Z {"timestamp": 1786798870.7708442, "severity": "INFO", "name": "recommendationservice-server", "message": "[Recv ListRecommendations] product_ids=['L9ECAV7KIM', 'LS4PSXUNUM', '0PUK6V6EV0', '2ZYFJ3GM2N', '6E92ZMYYFZ']"}
2026-08-15T13:01:10.945049535Z {"timestamp": 1786798870.9446533, "severity": "INFO", "name": "recommendationservice-server", "message": "[Recv ListRecommendations] product_ids=['66VCHSJNUP', 'LS4PSXUNUM', '0PUK6V6EV0', '6E92ZMYYFZ', 'L9ECAV7KIM']"}
2026-08-15T13:01:10.967212050Z {"timestamp": 1786798870.9667988, "severity": "INFO", "name": "recommendationservice-server", "message": "[Recv ListRecommendations] product_ids=['LS4PSXUNUM', '1YMWWN1N4O', 'OLJCESPC7Z', '0PUK6V6EV0', '66VCHSJNUP']"}
2026-08-15T13:01:11.270808499Z {"timestamp": 1786798871.270462, "severity": "INFO", "name": "recommendationservice-server", "message": "[Recv ListRecommendations] product_ids=['66VCHSJNUP', '2ZYFJ3GM2N', '0PUK6V6EV0', '6E92ZMYYFZ', 'LS4PSXUNUM']"}
2026-08-15T13:01:11.289976415Z {"timestamp": 1786798871.2896605, "severity": "INFO", "name": "recommendationservice-server", "message": "[Recv ListRecommendations] product_ids=['6E92ZMYYFZ', '66VCHSJNUP', '9SIQT8TOJO', '2ZYFJ3GM2N']"}
2026-08-15T13:01:11.526792488Z {"timestamp": 1786798871.5264513, "severity": "INFO", "name": "recommendationservice-server", "message": "[Recv ListRecommendations] product_ids=['1YMWWN1N4O', 'L9ECAV7KIM', '0PUK6V6EV0', '2ZYFJ3GM2N', '9SIQT8TOJO']"}
2026-08-15T13:01:12.175135799Z {"timestamp": 1786798872.173942, "severity": "INFO", "name": "recommendationservice-server", "message": "[Recv ListRecommendations] product_ids=['0PUK6V6EV0', '2ZYFJ3GM2N', 'L9ECAV7KIM', 'OLJCESPC7Z', '1YMWWN1N4O']"}
2026-08-15T13:01:12.294826763Z {"timestamp": 1786798872.294581, "severity": "INFO", "name": "recommendationservice-server", "message": "[Recv ListRecommendations] product_ids=['9SIQT8TOJO', '0PUK6V6EV0', 'OLJCESPC7Z', 'LS4PSXUNUM', '1YMWWN1N4O']"}
2026-08-15T13:01:12.701548021Z {"timestamp": 1786798872.700673, "severity": "INFO", "name": "recommendationservice-server", "message": "[Recv ListRecommendations] product_ids=['9SIQT8TOJO', '2ZYFJ3GM2N', '0PUK6V6EV0', 'OLJCESPC7Z', 'LS4PSXUNUM']"}
2026-08-15T13:01:13.393955636Z {"timestamp": 1786798873.3936596, "severity": "INFO", "name": "recommendationservice-server", "message": "[Recv ListRecommendations] product_ids=['0PUK6V6EV0', '9SIQT8TOJO', '2ZYFJ3GM2N', 'OLJCESPC7Z', '66VCHSJNUP']"}
2026-08-15T13:01:14.938837246Z {"timestamp": 1786798874.934033, "severity": "INFO", "name": "recommendationservice-server", "message": "[Recv ListRecommendations] product_ids=['LS4PSXUNUM', '1YMWWN1N4O', '2ZYFJ3GM2N', '9SIQT8TOJO', '6E92ZMYYFZ']"}
2026-08-15T13:01:15.047630891Z {"timestamp": 1786798875.0472426, "severity": "INFO", "name": "recommendationservice-server", "message": "[Recv ListRecommendations] product_ids=['0PUK6V6EV0', '6E92ZMYYFZ', 'OLJCESPC7Z', '9SIQT8TOJO', '66VCHSJNUP']"}
2026-08-15T13:01:15.053272853Z {"timestamp": 1786798875.0527053, "severity": "INFO", "name": "recommendationservice-server", "message": "[Recv ListRecommendations] product_ids=['2ZYFJ3GM2N', '66VCHSJNUP', '9SIQT8TOJO', '6E92ZMYYFZ', 'OLJCESPC7Z']"}
2026-08-15T13:01:15.633969736Z {"timestamp": 1786798875.6337037, "severity": "INFO", "name": "recommendationservice-server", "message": "[Recv ListRecommendations] product_ids=['6E92ZMYYFZ', '9SIQT8TOJO', '0PUK6V6EV0', '2ZYFJ3GM2N', 'L9ECAV7KIM']"}
2026-08-15T13:01:15.769130008Z {"timestamp": 1786798875.7686253, "severity": "INFO", "name": "recommendationservice-server", "message": "[Recv ListRecommendations] product_ids=['1YMWWN1N4O', '66VCHSJNUP', '0PUK6V6EV0', '6E92ZMYYFZ', '9SIQT8TOJO']"}
2026-08-15T13:01:16.308032325Z {"timestamp": 1786798876.3073118, "severity": "INFO", "name": "recommendationservice-server", "message": "[Recv ListRecommendations] product_ids=['6E92ZMYYFZ', 'LS4PSXUNUM', 'OLJCESPC7Z', '9SIQT8TOJO', '1YMWWN1N4O']"}
2026-08-15T13:01:16.355575564Z {"timestamp": 1786798876.354881, "severity": "INFO", "name": "recommendationservice-server", "message": "[Recv ListRecommendations] product_ids=['LS4PSXUNUM', '9SIQT8TOJO', '2ZYFJ3GM2N', '1YMWWN1N4O', '66VCHSJNUP']"}
2026-08-15T13:01:16.453083783Z {"timestamp": 1786798876.4524648, "severity": "INFO", "name": "recommendationservice-server", "message": "[Recv ListRecommendations] product_ids=['1YMWWN1N4O', '9SIQT8TOJO', '6E92ZMYYFZ', 'OLJCESPC7Z', '2ZYFJ3GM2N']"}
2026-08-15T13:01:16.460387711Z {"timestamp": 1786798876.4596536, "severity": "INFO", "name": "recommendationservice-server", "message": "[Recv ListRecommendations] product_ids=['1YMWWN1N4O', 'L9ECAV7KIM', '6E92ZMYYFZ', '9SIQT8TOJO', '0PUK6V6EV0']"}
2026-08-15T13:01:17.021753167Z {"timestamp": 1786798877.0204268, "severity": "INFO", "name": "recommendationservice-server", "message": "[Recv ListRecommendations] product_ids=['66VCHSJNUP', '9SIQT8TOJO', '2ZYFJ3GM2N', 'L9ECAV7KIM', 'LS4PSXUNUM']"}
2026-08-15T13:01:17.643207312Z {"timestamp": 1786798877.642445, "severity": "INFO", "name": "recommendationservice-server", "message": "[Recv ListRecommendations] product_ids=['LS4PSXUNUM', '9SIQT8TOJO', '0PUK6V6EV0', 'L9ECAV7KIM', '66VCHSJNUP']"}
2026-08-15T13:01:17.899847994Z {"timestamp": 1786798877.8992412, "severity": "INFO", "name": "recommendationservice-server", "message": "[Recv ListRecommendations] product_ids=['1YMWWN1N4O', '0PUK6V6EV0', '6E92ZMYYFZ', 'OLJCESPC7Z', '2ZYFJ3GM2N']"}
2026-08-15T13:01:17.983337816Z {"timestamp": 1786798877.982752, "severity": "INFO", "name": "recommendationservice-server", "message": "[Recv ListRecommendations] product_ids=['OLJCESPC7Z', '0PUK6V6EV0', '1YMWWN1N4O', '66VCHSJNUP', '2ZYFJ3GM2N']"}
2026-08-15T13:01:18.288203604Z {"timestamp": 1786798878.2872066, "severity": "INFO", "name": "recommendationservice-server", "message": "[Recv ListRecommendations] product_ids=['9SIQT8TOJO', '2ZYFJ3GM2N', '1YMWWN1N4O', '0PUK6V6EV0', '66VCHSJNUP']"}
2026-08-15T13:01:18.413257769Z {"timestamp": 1786798878.412183, "severity": "INFO", "name": "recommendationservice-server", "message": "[Recv ListRecommendations] product_ids=['LS4PSXUNUM', '0PUK6V6EV0', '2ZYFJ3GM2N', '66VCHSJNUP', '6E92ZMYYFZ']"}
2026-08-15T13:01:18.874503245Z {"timestamp": 1786798878.8735452, "severity": "INFO", "name": "recommendationservice-server", "message": "[Recv ListRecommendations] product_ids=['66VCHSJNUP', 'OLJCESPC7Z', 'LS4PSXUNUM', 'L9ECAV7KIM', '1YMWWN1N4O']"}
2026-08-15T13:01:19.506546646Z {"timestamp": 1786798879.5055687, "severity": "INFO", "name": "recommendationservice-server", "message": "[Recv ListRecommendations] product_ids=['9SIQT8TOJO', '6E92ZMYYFZ', 'OLJCESPC7Z', 'LS4PSXUNUM', '2ZYFJ3GM2N']"}
2026-08-15T13:01:20.208380403Z {"timestamp": 1786798880.207561, "severity": "INFO", "name": "recommendationservice-server", "message": "[Recv ListRecommendations] product_ids=['9SIQT8TOJO', '0PUK6V6EV0', '66VCHSJNUP', '6E92ZMYYFZ', 'L9ECAV7KIM']"}
2026-08-15T13:01:20.515428409Z {"timestamp": 1786798880.5142376, "severity": "INFO", "name": "recommendationservice-server", "message": "[Recv ListRecommendations] product_ids=['66VCHSJNUP', '2ZYFJ3GM2N', '1YMWWN1N4O', 'L9ECAV7KIM', '9SIQT8TOJO']"}
2026-08-15T13:01:21.548165450Z {"timestamp": 1786798881.5471528, "severity": "INFO", "name": "recommendationservice-server", "message": "[Recv ListRecommendations] product_ids=['1YMWWN1N4O', '9SIQT8TOJO', '0PUK6V6EV0', '2ZYFJ3GM2N', 'L9ECAV7KIM']"}
2026-08-15T13:01:21.619079319Z {"timestamp": 1786798881.6186807, "severity": "INFO", "name": "recommendationservice-server", "message": "[Recv ListRecommendations] product_ids=['66VCHSJNUP', '9SIQT8TOJO', '2ZYFJ3GM2N', 'L9ECAV7KIM', '1YMWWN1N4O']"}
2026-08-15T13:01:21.662004798Z {"timestamp": 1786798881.661591, "severity": "INFO", "name": "recommendationservice-server", "message": "[Recv ListRecommendations] product_ids=['0PUK6V6EV0', '6E92ZMYYFZ', '1YMWWN1N4O', '2ZYFJ3GM2N', 'L9ECAV7KIM']"}
2026-08-15T13:01:22.394713324Z {"timestamp": 1786798882.3943787, "severity": "INFO", "name": "recommendationservice-server", "message": "[Recv ListRecommendations] product_ids=['LS4PSXUNUM', '6E92ZMYYFZ', '9SIQT8TOJO', '66VCHSJNUP', '2ZYFJ3GM2N']"}
2026-08-15T13:01:22.516582436Z {"timestamp": 1786798882.5156488, "severity": "INFO", "name": "recommendationservice-server", "message": "[Recv ListRecommendations] product_ids=['LS4PSXUNUM', '6E92ZMYYFZ', 'L9ECAV7KIM', '2ZYFJ3GM2N', '9SIQT8TOJO']"}
2026-08-15T13:01:22.845664262Z {"timestamp": 1786798882.8445623, "severity": "INFO", "name": "recommendationservice-server", "message": "[Recv ListRecommendations] product_ids=['9SIQT8TOJO', '2ZYFJ3GM2N', 'LS4PSXUNUM', '1YMWWN1N4O', 'OLJCESPC7Z']"}
2026-08-15T13:01:23.247183455Z {"timestamp": 1786798883.245738, "severity": "INFO", "name": "recommendationservice-server", "message": "[Recv ListRecommendations] product_ids=['6E92ZMYYFZ', '2ZYFJ3GM2N', '0PUK6V6EV0', 'LS4PSXUNUM', '1YMWWN1N4O']"}
2026-08-15T13:01:23.816340382Z {"timestamp": 1786798883.815171, "severity": "INFO", "name": "recommendationservice-server", "message": "[Recv ListRecommendations] product_ids=['L9ECAV7KIM', '2ZYFJ3GM2N', 'OLJCESPC7Z', '1YMWWN1N4O', '0PUK6V6EV0']"}
2026-08-15T13:01:24.232434856Z {"timestamp": 1786798884.2313106, "severity": "INFO", "name": "recommendationservice-server", "message": "[Recv ListRecommendations] product_ids=['0PUK6V6EV0', 'L9ECAV7KIM', '2ZYFJ3GM2N', '1YMWWN1N4O', '66VCHSJNUP']"}
2026-08-15T13:01:25.052082502Z {"timestamp": 1786798885.050429, "severity": "INFO", "name": "recommendationservice-server", "message": "[Recv ListRecommendations] product_ids=['OLJCESPC7Z', '9SIQT8TOJO', 'L9ECAV7KIM', '0PUK6V6EV0', '2ZYFJ3GM2N']"}
2026-08-15T13:01:25.260908757Z {"timestamp": 1786798885.2606082, "severity": "INFO", "name": "recommendationservice-server", "message": "[Recv ListRecommendations] product_ids=['2ZYFJ3GM2N', '1YMWWN1N4O', '66VCHSJNUP', 'OLJCESPC7Z', '9SIQT8TOJO']"}
2026-08-15T13:01:25.534762328Z {"timestamp": 1786798885.533453, "severity": "INFO", "name": "recommendationservice-server", "message": "[Recv ListRecommendations] product_ids=['0PUK6V6EV0', '9SIQT8TOJO', '66VCHSJNUP', 'LS4PSXUNUM', 'OLJCESPC7Z']"}
2026-08-15T13:01:25.866946227Z {"timestamp": 1786798885.8659031, "severity": "INFO", "name": "recommendationservice-server", "message": "[Recv ListRecommendations] product_ids=['9SIQT8TOJO', 'LS4PSXUNUM', 'OLJCESPC7Z', 'L9ECAV7KIM', '2ZYFJ3GM2N']"}
2026-08-15T13:01:25.966946116Z {"timestamp": 1786798885.9659917, "severity": "INFO", "name": "recommendationservice-server", "message": "[Recv ListRecommendations] product_ids=['9SIQT8TOJO', '0PUK6V6EV0', 'OLJCESPC7Z', '2ZYFJ3GM2N', '6E92ZMYYFZ']"}
2026-08-15T13:01:26.127601038Z {"timestamp": 1786798886.1265867, "severity": "INFO", "name": "recommendationservice-server", "message": "[Recv ListRecommendations] product_ids=['9SIQT8TOJO', '0PUK6V6EV0', 'OLJCESPC7Z', '2ZYFJ3GM2N', 'L9ECAV7KIM']"}
2026-08-15T13:01:26.164579988Z {"timestamp": 1786798886.1636324, "severity": "INFO", "name": "recommendationservice-server", "message": "[Recv ListRecommendations] product_ids=['0PUK6V6EV0', '6E92ZMYYFZ', '9SIQT8TOJO', 'L9ECAV7KIM', '1YMWWN1N4O']"}
2026-08-15T13:01:26.779226814Z {"timestamp": 1786798886.7781508, "severity": "INFO", "name": "recommendationservice-server", "message": "[Recv ListRecommendations] product_ids=['2ZYFJ3GM2N', 'OLJCESPC7Z', '9SIQT8TOJO', '1YMWWN1N4O', 'LS4PSXUNUM']"}
2026-08-15T13:01:26.930837641Z {"timestamp": 1786798886.9297075, "severity": "INFO", "name": "recommendationservice-server", "message": "[Recv ListRecommendations] product_ids=['66VCHSJNUP', '0PUK6V6EV0', 'L9ECAV7KIM', '2ZYFJ3GM2N', '6E92ZMYYFZ']"}
2026-08-15T13:01:27.718351233Z {"timestamp": 1786798887.7172053, "severity": "INFO", "name": "recommendationservice-server", "message": "[Recv ListRecommendations] product_ids=['0PUK6V6EV0', 'LS4PSXUNUM', '2ZYFJ3GM2N', '66VCHSJNUP', 'OLJCESPC7Z']"}
2026-08-15T13:01:27.999805072Z {"timestamp": 1786798887.9985573, "severity": "INFO", "name": "recommendationservice-server", "message": "[Recv ListRecommendations] product_ids=['9SIQT8TOJO', 'OLJCESPC7Z', '6E92ZMYYFZ', '1YMWWN1N4O', 'LS4PSXUNUM']"}
2026-08-15T13:01:28.144558295Z {"timestamp": 1786798888.1440604, "severity": "INFO", "name": "recommendationservice-server", "message": "[Recv ListRecommendations] product_ids=['6E92ZMYYFZ', 'OLJCESPC7Z', 'LS4PSXUNUM', '9SIQT8TOJO', '1YMWWN1N4O']"}
2026-08-15T13:01:28.243665807Z {"timestamp": 1786798888.2430093, "severity": "INFO", "name": "recommendationservice-server", "message": "[Recv ListRecommendations] product_ids=['0PUK6V6EV0', 'L9ECAV7KIM', 'OLJCESPC7Z', 'LS4PSXUNUM', '1YMWWN1N4O']"}
2026-08-15T13:01:28.444670675Z {"timestamp": 1786798888.4432821, "severity": "INFO", "name": "recommendationservice-server", "message": "[Recv ListRecommendations] product_ids=['2ZYFJ3GM2N', '9SIQT8TOJO', '1YMWWN1N4O', 'L9ECAV7KIM', '0PUK6V6EV0']"}
2026-08-15T13:01:28.557366880Z {"timestamp": 1786798888.5567417, "severity": "INFO", "name": "recommendationservice-server", "message": "[Recv ListRecommendations] product_ids=['OLJCESPC7Z', '1YMWWN1N4O', '2ZYFJ3GM2N', '0PUK6V6EV0', '9SIQT8TOJO']"}
2026-08-15T13:01:28.671310496Z {"timestamp": 1786798888.6707258, "severity": "INFO", "name": "recommendationservice-server", "message": "[Recv ListRecommendations] product_ids=['L9ECAV7KIM', 'OLJCESPC7Z', '1YMWWN1N4O', '66VCHSJNUP', '2ZYFJ3GM2N']"}
2026-08-15T13:01:28.746755927Z {"timestamp": 1786798888.7461576, "severity": "INFO", "name": "recommendationservice-server", "message": "[Recv ListRecommendations] product_ids=['OLJCESPC7Z', '0PUK6V6EV0', 'L9ECAV7KIM', '66VCHSJNUP', '2ZYFJ3GM2N']"}
2026-08-15T13:01:29.503229920Z {"timestamp": 1786798889.5018883, "severity": "INFO", "name": "recommendationservice-server", "message": "[Recv ListRecommendations] product_ids=['9SIQT8TOJO', '1YMWWN1N4O', '0PUK6V6EV0', 'L9ECAV7KIM', 'OLJCESPC7Z']"}
2026-08-15T13:01:29.617021222Z {"timestamp": 1786798889.6158044, "severity": "INFO", "name": "recommendationservice-server", "message": "[Recv ListRecommendations] product_ids=['2ZYFJ3GM2N', 'L9ECAV7KIM', '1YMWWN1N4O', '9SIQT8TOJO', '6E92ZMYYFZ']"}
2026-08-15T13:01:29.816884990Z {"timestamp": 1786798889.815654, "severity": "INFO", "name": "recommendationservice-server", "message": "[Recv ListRecommendations] product_ids=['6E92ZMYYFZ', 'L9ECAV7KIM', 'LS4PSXUNUM', '66VCHSJNUP', 'OLJCESPC7Z']"}
2026-08-15T13:01:29.916558851Z {"timestamp": 1786798889.9152603, "severity": "INFO", "name": "recommendationservice-server", "message": "[Recv ListRecommendations] product_ids=['LS4PSXUNUM', '9SIQT8TOJO', '66VCHSJNUP', '1YMWWN1N4O', '2ZYFJ3GM2N']"}
2026-08-15T13:01:29.928124767Z {"timestamp": 1786798889.9271872, "severity": "INFO", "name": "recommendationservice-server", "message": "[Recv ListRecommendations] product_ids=['9SIQT8TOJO', '0PUK6V6EV0', 'L9ECAV7KIM', '6E92ZMYYFZ', 'OLJCESPC7Z']"}
2026-08-15T13:01:30.054245153Z {"timestamp": 1786798890.0529993, "severity": "INFO", "name": "recommendationservice-server", "message": "[Recv ListRecommendations] product_ids=['9SIQT8TOJO', '0PUK6V6EV0', 'OLJCESPC7Z', '2ZYFJ3GM2N', '1YMWWN1N4O']"}
2026-08-15T13:01:31.521127934Z {"timestamp": 1786798891.5201037, "severity": "INFO", "name": "recommendationservice-server", "message": "[Recv ListRecommendations] product_ids=['0PUK6V6EV0', '6E92ZMYYFZ', 'LS4PSXUNUM', 'L9ECAV7KIM', '2ZYFJ3GM2N']"}
2026-08-15T13:01:31.640543540Z {"timestamp": 1786798891.6394217, "severity": "INFO", "name": "recommendationservice-server", "message": "[Recv ListRecommendations] product_ids=['9SIQT8TOJO', '2ZYFJ3GM2N', '0PUK6V6EV0', '1YMWWN1N4O', '66VCHSJNUP']"}
2026-08-15T13:01:32.325857010Z {"timestamp": 1786798892.3252003, "severity": "INFO", "name": "recommendationservice-server", "message": "[Recv ListRecommendations] product_ids=['1YMWWN1N4O', '2ZYFJ3GM2N', 'L9ECAV7KIM', '9SIQT8TOJO', '6E92ZMYYFZ']"}
2026-08-15T13:01:32.513166290Z {"timestamp": 1786798892.5127823, "severity": "INFO", "name": "recommendationservice-server", "message": "[Recv ListRecommendations] product_ids=['0PUK6V6EV0', '1YMWWN1N4O', '2ZYFJ3GM2N', 'L9ECAV7KIM', 'OLJCESPC7Z']"}
2026-08-15T13:01:32.515950019Z {"timestamp": 1786798892.5155132, "severity": "INFO", "name": "recommendationservice-server", "message": "[Recv ListRecommendations] product_ids=['9SIQT8TOJO', '6E92ZMYYFZ', 'OLJCESPC7Z', '66VCHSJNUP', 'LS4PSXUNUM']"}
2026-08-15T13:01:32.519662524Z {"timestamp": 1786798892.5193293, "severity": "INFO", "name": "recommendationservice-server", "message": "[Recv ListRecommendations] product_ids=['1YMWWN1N4O', 'L9ECAV7KIM', '0PUK6V6EV0', '9SIQT8TOJO', 'OLJCESPC7Z']"}
2026-08-15T13:01:32.534225619Z {"timestamp": 1786798892.5339358, "severity": "INFO", "name": "recommendationservice-server", "message": "[Recv ListRecommendations] product_ids=['9SIQT8TOJO', '2ZYFJ3GM2N', 'L9ECAV7KIM', 'OLJCESPC7Z', '66VCHSJNUP']"}
2026-08-15T13:01:32.738279774Z {"timestamp": 1786798892.7379284, "severity": "INFO", "name": "recommendationservice-server", "message": "[Recv ListRecommendations] product_ids=['9SIQT8TOJO', '2ZYFJ3GM2N', '0PUK6V6EV0', 'L9ECAV7KIM', '66VCHSJNUP']"}
2026-08-15T13:01:32.810445300Z {"timestamp": 1786798892.8101194, "severity": "INFO", "name": "recommendationservice-server", "message": "[Recv ListRecommendations] product_ids=['2ZYFJ3GM2N', '66VCHSJNUP', 'OLJCESPC7Z', '9SIQT8TOJO', 'LS4PSXUNUM']"}
2026-08-15T13:01:33.241980833Z {"timestamp": 1786798893.241688, "severity": "INFO", "name": "recommendationservice-server", "message": "[Recv ListRecommendations] product_ids=['OLJCESPC7Z', '2ZYFJ3GM2N', '0PUK6V6EV0', '6E92ZMYYFZ', 'L9ECAV7KIM']"}
2026-08-15T13:01:33.260667667Z {"timestamp": 1786798893.2603729, "severity": "INFO", "name": "recommendationservice-server", "message": "[Recv ListRecommendations] product_ids=['0PUK6V6EV0', '9SIQT8TOJO', 'L9ECAV7KIM', '6E92ZMYYFZ', 'OLJCESPC7Z']"}
2026-08-15T13:01:33.274266684Z {"timestamp": 1786798893.2739685, "severity": "INFO", "name": "recommendationservice-server", "message": "[Recv ListRecommendations] product_ids=['OLJCESPC7Z', '66VCHSJNUP', '1YMWWN1N4O', '0PUK6V6EV0']"}
2026-08-15T13:01:33.346662828Z {"timestamp": 1786798893.3463528, "severity": "INFO", "name": "recommendationservice-server", "message": "[Recv ListRecommendations] product_ids=['66VCHSJNUP', '6E92ZMYYFZ', '1YMWWN1N4O', 'OLJCESPC7Z', '0PUK6V6EV0']"}
2026-08-15T13:01:33.363648823Z {"timestamp": 1786798893.363359, "severity": "INFO", "name": "recommendationservice-server", "message": "[Recv ListRecommendations] product_ids=['L9ECAV7KIM', 'OLJCESPC7Z', '66VCHSJNUP', '1YMWWN1N4O', '0PUK6V6EV0']"}
2026-08-15T13:01:33.441136086Z {"timestamp": 1786798893.4408534, "severity": "INFO", "name": "recommendationservice-server", "message": "[Recv ListRecommendations] product_ids=['66VCHSJNUP', 'LS4PSXUNUM', '9SIQT8TOJO', '0PUK6V6EV0', 'L9ECAV7KIM']"}
2026-08-15T13:01:33.819541456Z {"timestamp": 1786798893.8185575, "severity": "INFO", "name": "recommendationservice-server", "message": "[Recv ListRecommendations] product_ids=['0PUK6V6EV0', '9SIQT8TOJO', 'L9ECAV7KIM', '1YMWWN1N4O', '6E92ZMYYFZ']"}
2026-08-15T13:01:34.087288441Z {"timestamp": 1786798894.0866618, "severity": "INFO", "name": "recommendationservice-server", "message": "[Recv ListRecommendations] product_ids=['66VCHSJNUP', '9SIQT8TOJO', '6E92ZMYYFZ', '1YMWWN1N4O', 'OLJCESPC7Z']"}
2026-08-15T13:01:34.596211228Z {"timestamp": 1786798894.595241, "severity": "INFO", "name": "recommendationservice-server", "message": "[Recv ListRecommendations] product_ids=['9SIQT8TOJO', 'OLJCESPC7Z', '1YMWWN1N4O', 'LS4PSXUNUM', '6E92ZMYYFZ']"}
2026-08-15T13:01:34.802054530Z {"timestamp": 1786798894.8009312, "severity": "INFO", "name": "recommendationservice-server", "message": "[Recv ListRecommendations] product_ids=['LS4PSXUNUM', '66VCHSJNUP', 'OLJCESPC7Z', '1YMWWN1N4O', '0PUK6V6EV0']"}
2026-08-15T13:01:35.914771595Z {"timestamp": 1786798895.9140885, "severity": "INFO", "name": "recommendationservice-server", "message": "[Recv ListRecommendations] product_ids=['2ZYFJ3GM2N', '6E92ZMYYFZ', '1YMWWN1N4O', '9SIQT8TOJO', 'L9ECAV7KIM']"}
2026-08-15T13:01:35.944655549Z {"timestamp": 1786798895.9439952, "severity": "INFO", "name": "recommendationservice-server", "message": "[Recv ListRecommendations] product_ids=['1YMWWN1N4O', '9SIQT8TOJO', '0PUK6V6EV0', '6E92ZMYYFZ', 'LS4PSXUNUM']"}
2026-08-15T13:01:36.043552869Z {"timestamp": 1786798896.0428774, "severity": "INFO", "name": "recommendationservice-server", "message": "[Recv ListRecommendations] product_ids=['0PUK6V6EV0', 'LS4PSXUNUM', '9SIQT8TOJO', '1YMWWN1N4O', 'L9ECAV7KIM']"}
2026-08-15T13:01:36.117470939Z {"timestamp": 1786798896.116886, "severity": "INFO", "name": "recommendationservice-server", "message": "[Recv ListRecommendations] product_ids=['6E92ZMYYFZ', '66VCHSJNUP', 'L9ECAV7KIM', '1YMWWN1N4O', 'LS4PSXUNUM']"}
2026-08-15T13:01:38.055251249Z {"timestamp": 1786798898.054411, "severity": "INFO", "name": "recommendationservice-server", "message": "[Recv ListRecommendations] product_ids=['2ZYFJ3GM2N', 'L9ECAV7KIM', '9SIQT8TOJO', 'LS4PSXUNUM', '6E92ZMYYFZ']"}
2026-08-15T13:01:38.153325102Z {"timestamp": 1786798898.1525095, "severity": "INFO", "name": "recommendationservice-server", "message": "[Recv ListRecommendations] product_ids=['LS4PSXUNUM', '6E92ZMYYFZ', '1YMWWN1N4O', '66VCHSJNUP', '2ZYFJ3GM2N']"}
2026-08-15T13:01:38.781882702Z {"timestamp": 1786798898.7808602, "severity": "INFO", "name": "recommendationservice-server", "message": "[Recv ListRecommendations] product_ids=['66VCHSJNUP', 'LS4PSXUNUM', 'OLJCESPC7Z', '0PUK6V6EV0', '9SIQT8TOJO']"}
2026-08-15T13:01:39.157829643Z {"timestamp": 1786798899.1574905, "severity": "INFO", "name": "recommendationservice-server", "message": "[Recv ListRecommendations] product_ids=['OLJCESPC7Z', '0PUK6V6EV0', 'L9ECAV7KIM', '6E92ZMYYFZ', '9SIQT8TOJO']"}
2026-08-15T13:01:39.175455693Z {"timestamp": 1786798899.1748514, "severity": "INFO", "name": "recommendationservice-server", "message": "[Recv ListRecommendations] product_ids=['2ZYFJ3GM2N', '9SIQT8TOJO', 'LS4PSXUNUM', '6E92ZMYYFZ', 'L9ECAV7KIM']"}
2026-08-15T13:01:39.195973831Z {"timestamp": 1786798899.1955884, "severity": "INFO", "name": "recommendationservice-server", "message": "[Recv ListRecommendations] product_ids=['LS4PSXUNUM', '66VCHSJNUP', '0PUK6V6EV0', '1YMWWN1N4O', 'OLJCESPC7Z']"}
2026-08-15T13:01:39.454383298Z {"timestamp": 1786798899.4524484, "severity": "INFO", "name": "recommendationservice-server", "message": "[Recv ListRecommendations] product_ids=['L9ECAV7KIM', '0PUK6V6EV0', 'OLJCESPC7Z', 'LS4PSXUNUM', '2ZYFJ3GM2N']"}
2026-08-15T13:01:39.633341172Z {"timestamp": 1786798899.6309724, "severity": "INFO", "name": "recommendationservice-server", "message": "[Recv ListRecommendations] product_ids=['OLJCESPC7Z', '0PUK6V6EV0', '1YMWWN1N4O', '66VCHSJNUP']"}
2026-08-15T13:01:39.751390498Z {"timestamp": 1786798899.749969, "severity": "INFO", "name": "recommendationservice-server", "message": "[Recv ListRecommendations] product_ids=['LS4PSXUNUM', 'L9ECAV7KIM', '66VCHSJNUP', '6E92ZMYYFZ', '2ZYFJ3GM2N']"}
2026-08-15T13:01:40.117578069Z {"timestamp": 1786798900.1166763, "severity": "INFO", "name": "recommendationservice-server", "message": "[Recv ListRecommendations] product_ids=['66VCHSJNUP', 'LS4PSXUNUM', '6E92ZMYYFZ', 'OLJCESPC7Z', 'L9ECAV7KIM']"}
2026-08-15T13:01:40.223209460Z {"timestamp": 1786798900.2222373, "severity": "INFO", "name": "recommendationservice-server", "message": "[Recv ListRecommendations] product_ids=['9SIQT8TOJO', '0PUK6V6EV0', 'L9ECAV7KIM', '66VCHSJNUP', 'LS4PSXUNUM']"}
2026-08-15T13:01:40.502365787Z {"timestamp": 1786798900.501392, "severity": "INFO", "name": "recommendationservice-server", "message": "[Recv ListRecommendations] product_ids=['6E92ZMYYFZ', '0PUK6V6EV0', '2ZYFJ3GM2N', '1YMWWN1N4O', 'OLJCESPC7Z']"}
2026-08-15T13:01:42.391468121Z {"timestamp": 1786798902.3911633, "severity": "INFO", "name": "recommendationservice-server", "message": "[Recv ListRecommendations] product_ids=['9SIQT8TOJO', '6E92ZMYYFZ', '1YMWWN1N4O', 'LS4PSXUNUM', '0PUK6V6EV0']"}
2026-08-15T13:01:42.463695794Z {"timestamp": 1786798902.4633343, "severity": "INFO", "name": "recommendationservice-server", "message": "[Recv ListRecommendations] product_ids=['LS4PSXUNUM', 'L9ECAV7KIM', '66VCHSJNUP', '0PUK6V6EV0', 'OLJCESPC7Z']"}
2026-08-15T13:01:43.313601510Z {"timestamp": 1786798903.3124495, "severity": "INFO", "name": "recommendationservice-server", "message": "[Recv ListRecommendations] product_ids=['6E92ZMYYFZ', 'LS4PSXUNUM', '0PUK6V6EV0', 'L9ECAV7KIM', '1YMWWN1N4O']"}
2026-08-15T13:01:43.798817704Z {"timestamp": 1786798903.7983422, "severity": "INFO", "name": "recommendationservice-server", "message": "[Recv ListRecommendations] product_ids=['0PUK6V6EV0', '6E92ZMYYFZ', '1YMWWN1N4O', 'L9ECAV7KIM', '66VCHSJNUP']"}
2026-08-15T13:01:43.987451640Z {"timestamp": 1786798903.987073, "severity": "INFO", "name": "recommendationservice-server", "message": "[Recv ListRecommendations] product_ids=['0PUK6V6EV0', '6E92ZMYYFZ', '9SIQT8TOJO', '66VCHSJNUP', '2ZYFJ3GM2N']"}
2026-08-15T13:01:45.641156092Z {"timestamp": 1786798905.640748, "severity": "INFO", "name": "recommendationservice-server", "message": "[Recv ListRecommendations] product_ids=['0PUK6V6EV0', '9SIQT8TOJO', 'LS4PSXUNUM', '6E92ZMYYFZ', '66VCHSJNUP']"}
2026-08-15T13:01:45.919940882Z {"timestamp": 1786798905.919602, "severity": "INFO", "name": "recommendationservice-server", "message": "[Recv ListRecommendations] product_ids=['1YMWWN1N4O', '2ZYFJ3GM2N', '9SIQT8TOJO', 'L9ECAV7KIM', '66VCHSJNUP']"}
2026-08-15T13:01:45.933672546Z {"timestamp": 1786798905.933346, "severity": "INFO", "name": "recommendationservice-server", "message": "[Recv ListRecommendations] product_ids=['9SIQT8TOJO', '0PUK6V6EV0', 'L9ECAV7KIM', '2ZYFJ3GM2N', '1YMWWN1N4O']"}
2026-08-15T13:01:45.956652229Z {"timestamp": 1786798905.956465, "severity": "INFO", "name": "recommendationservice-server", "message": "[Recv ListRecommendations] product_ids=['6E92ZMYYFZ', 'L9ECAV7KIM', '0PUK6V6EV0', 'OLJCESPC7Z', '9SIQT8TOJO']"}
2026-08-15T13:01:45.959215583Z {"timestamp": 1786798905.958921, "severity": "INFO", "name": "recommendationservice-server", "message": "[Recv ListRecommendations] product_ids=['6E92ZMYYFZ', '2ZYFJ3GM2N', '1YMWWN1N4O', '9SIQT8TOJO', '0PUK6V6EV0']"}
2026-08-15T13:01:47.550977860Z {"timestamp": 1786798907.5495343, "severity": "INFO", "name": "recommendationservice-server", "message": "[Recv ListRecommendations] product_ids=['9SIQT8TOJO', '0PUK6V6EV0', 'L9ECAV7KIM', '66VCHSJNUP', '1YMWWN1N4O']"}
2026-08-15T13:01:47.731020553Z {"timestamp": 1786798907.7298274, "severity": "INFO", "name": "recommendationservice-server", "message": "[Recv ListRecommendations] product_ids=['66VCHSJNUP', '1YMWWN1N4O', '0PUK6V6EV0', 'LS4PSXUNUM', '9SIQT8TOJO']"}
2026-08-15T13:01:48.114634377Z {"timestamp": 1786798908.113989, "severity": "INFO", "name": "recommendationservice-server", "message": "[Recv ListRecommendations] product_ids=['66VCHSJNUP', '2ZYFJ3GM2N', 'LS4PSXUNUM', 'L9ECAV7KIM', '0PUK6V6EV0']"}
2026-08-15T13:01:48.329584139Z {"timestamp": 1786798908.3283408, "severity": "INFO", "name": "recommendationservice-server", "message": "[Recv ListRecommendations] product_ids=['6E92ZMYYFZ', '66VCHSJNUP', 'L9ECAV7KIM', 'LS4PSXUNUM', '0PUK6V6EV0']"}
2026-08-15T13:01:48.425099732Z {"timestamp": 1786798908.4235795, "severity": "INFO", "name": "recommendationservice-server", "message": "[Recv ListRecommendations] product_ids=['0PUK6V6EV0', '6E92ZMYYFZ', '2ZYFJ3GM2N', '66VCHSJNUP', 'LS4PSXUNUM']"}
2026-08-15T13:01:48.618742977Z {"timestamp": 1786798908.6180665, "severity": "INFO", "name": "recommendationservice-server", "message": "[Recv ListRecommendations] product_ids=['2ZYFJ3GM2N', 'LS4PSXUNUM', '9SIQT8TOJO', 'L9ECAV7KIM', 'OLJCESPC7Z']"}
2026-08-15T13:01:48.620770578Z {"timestamp": 1786798908.6202345, "severity": "INFO", "name": "recommendationservice-server", "message": "[Recv ListRecommendations] product_ids=['OLJCESPC7Z', '0PUK6V6EV0', '2ZYFJ3GM2N', '6E92ZMYYFZ', 'LS4PSXUNUM']"}
2026-08-15T13:01:48.625174316Z {"timestamp": 1786798908.6246018, "severity": "INFO", "name": "recommendationservice-server", "message": "[Recv ListRecommendations] product_ids=['6E92ZMYYFZ', '1YMWWN1N4O', 'OLJCESPC7Z', '66VCHSJNUP', '0PUK6V6EV0']"}
2026-08-15T13:01:49.062437572Z {"timestamp": 1786798909.060896, "severity": "INFO", "name": "recommendationservice-server", "message": "[Recv ListRecommendations] product_ids=['1YMWWN1N4O', '6E92ZMYYFZ', '9SIQT8TOJO', 'OLJCESPC7Z', 'LS4PSXUNUM']"}
2026-08-15T13:01:49.147734349Z {"timestamp": 1786798909.147253, "severity": "INFO", "name": "recommendationservice-server", "message": "[Recv ListRecommendations] product_ids=['LS4PSXUNUM', '2ZYFJ3GM2N', '1YMWWN1N4O', '9SIQT8TOJO', '6E92ZMYYFZ']"}
2026-08-15T13:01:49.721948615Z {"timestamp": 1786798909.7208536, "severity": "INFO", "name": "recommendationservice-server", "message": "[Recv ListRecommendations] product_ids=['LS4PSXUNUM', '2ZYFJ3GM2N', '9SIQT8TOJO', '66VCHSJNUP', 'OLJCESPC7Z']"}
2026-08-15T13:01:50.178717810Z {"timestamp": 1786798910.1780632, "severity": "INFO", "name": "recommendationservice-server", "message": "[Recv ListRecommendations] product_ids=['66VCHSJNUP', 'L9ECAV7KIM', '6E92ZMYYFZ', 'OLJCESPC7Z', '1YMWWN1N4O']"}
2026-08-15T13:01:51.470204460Z {"timestamp": 1786798911.4692628, "severity": "INFO", "name": "recommendationservice-server", "message": "[Recv ListRecommendations] product_ids=['6E92ZMYYFZ', '9SIQT8TOJO', '2ZYFJ3GM2N', '1YMWWN1N4O', 'LS4PSXUNUM']"}
2026-08-15T13:01:51.926372995Z {"timestamp": 1786798911.9253852, "severity": "INFO", "name": "recommendationservice-server", "message": "[Recv ListRecommendations] product_ids=['2ZYFJ3GM2N', '66VCHSJNUP', 'OLJCESPC7Z', '6E92ZMYYFZ', '1YMWWN1N4O']"}
2026-08-15T13:01:52.010892995Z {"timestamp": 1786798912.0101671, "severity": "INFO", "name": "recommendationservice-server", "message": "[Recv ListRecommendations] product_ids=['6E92ZMYYFZ', 'L9ECAV7KIM', 'OLJCESPC7Z', '1YMWWN1N4O', 'LS4PSXUNUM']"}
2026-08-15T13:01:52.234406508Z {"timestamp": 1786798912.2339287, "severity": "INFO", "name": "recommendationservice-server", "message": "[Recv ListRecommendations] product_ids=['OLJCESPC7Z', '9SIQT8TOJO', '6E92ZMYYFZ', '1YMWWN1N4O', '2ZYFJ3GM2N']"}
2026-08-15T13:01:52.296333662Z {"timestamp": 1786798912.2957132, "severity": "INFO", "name": "recommendationservice-server", "message": "[Recv ListRecommendations] product_ids=['LS4PSXUNUM', '1YMWWN1N4O', '9SIQT8TOJO', '6E92ZMYYFZ', '2ZYFJ3GM2N']"}
2026-08-15T13:01:52.896381996Z {"timestamp": 1786798912.8952181, "severity": "INFO", "name": "recommendationservice-server", "message": "[Recv ListRecommendations] product_ids=['0PUK6V6EV0', '9SIQT8TOJO', '2ZYFJ3GM2N', 'LS4PSXUNUM', '6E92ZMYYFZ']"}
2026-08-15T13:01:53.916280456Z {"timestamp": 1786798913.914871, "severity": "INFO", "name": "recommendationservice-server", "message": "[Recv ListRecommendations] product_ids=['66VCHSJNUP', '1YMWWN1N4O', '9SIQT8TOJO', '2ZYFJ3GM2N', 'LS4PSXUNUM']"}
2026-08-15T13:01:54.126209219Z {"timestamp": 1786798914.1255393, "severity": "INFO", "name": "recommendationservice-server", "message": "[Recv ListRecommendations] product_ids=['66VCHSJNUP', '2ZYFJ3GM2N', 'LS4PSXUNUM', '6E92ZMYYFZ', 'L9ECAV7KIM']"}
2026-08-15T13:01:54.354862010Z {"timestamp": 1786798914.3536587, "severity": "INFO", "name": "recommendationservice-server", "message": "[Recv ListRecommendations] product_ids=['66VCHSJNUP', '2ZYFJ3GM2N', '9SIQT8TOJO', '0PUK6V6EV0', 'L9ECAV7KIM']"}
2026-08-15T13:01:55.480252116Z {"timestamp": 1786798915.4789948, "severity": "INFO", "name": "recommendationservice-server", "message": "[Recv ListRecommendations] product_ids=['L9ECAV7KIM', '2ZYFJ3GM2N', '9SIQT8TOJO', '6E92ZMYYFZ', '1YMWWN1N4O']"}
2026-08-15T13:01:55.734942177Z {"timestamp": 1786798915.7337995, "severity": "INFO", "name": "recommendationservice-server", "message": "[Recv ListRecommendations] product_ids=['L9ECAV7KIM', '9SIQT8TOJO', 'OLJCESPC7Z', '66VCHSJNUP', '6E92ZMYYFZ']"}
2026-08-15T13:01:57.459217502Z {"timestamp": 1786798917.4587982, "severity": "INFO", "name": "recommendationservice-server", "message": "[Recv ListRecommendations] product_ids=['LS4PSXUNUM', '0PUK6V6EV0', 'OLJCESPC7Z', 'L9ECAV7KIM', '1YMWWN1N4O']"}
2026-08-15T13:01:57.462262393Z {"timestamp": 1786798917.461861, "severity": "INFO", "name": "recommendationservice-server", "message": "[Recv ListRecommendations] product_ids=['0PUK6V6EV0', '6E92ZMYYFZ', '2ZYFJ3GM2N', 'L9ECAV7KIM', '1YMWWN1N4O']"}
2026-08-15T13:01:57.466739925Z {"timestamp": 1786798917.4663768, "severity": "INFO", "name": "recommendationservice-server", "message": "[Recv ListRecommendations] product_ids=['1YMWWN1N4O', '66VCHSJNUP', 'OLJCESPC7Z', 'L9ECAV7KIM', '2ZYFJ3GM2N']"}
2026-08-15T13:01:57.469481807Z {"timestamp": 1786798917.4685163, "severity": "INFO", "name": "recommendationservice-server", "message": "[Recv ListRecommendations] product_ids=['LS4PSXUNUM', 'L9ECAV7KIM', '66VCHSJNUP', '0PUK6V6EV0', '9SIQT8TOJO']"}
2026-08-15T13:01:57.629486156Z {"timestamp": 1786798917.6281707, "severity": "INFO", "name": "recommendationservice-server", "message": "[Recv ListRecommendations] product_ids=['6E92ZMYYFZ', 'OLJCESPC7Z', '66VCHSJNUP', '9SIQT8TOJO', 'L9ECAV7KIM']"}
2026-08-15T13:01:58.107108934Z {"timestamp": 1786798918.1066375, "severity": "INFO", "name": "recommendationservice-server", "message": "[Recv ListRecommendations] product_ids=['L9ECAV7KIM', '1YMWWN1N4O', '9SIQT8TOJO', 'OLJCESPC7Z', '2ZYFJ3GM2N']"}
2026-08-15T13:01:58.130411726Z {"timestamp": 1786798918.1297843, "severity": "INFO", "name": "recommendationservice-server", "message": "[Recv ListRecommendations] product_ids=['0PUK6V6EV0', 'L9ECAV7KIM', '1YMWWN1N4O', 'OLJCESPC7Z', '2ZYFJ3GM2N']"}
2026-08-15T13:01:58.727232942Z {"timestamp": 1786798918.7261772, "severity": "INFO", "name": "recommendationservice-server", "message": "[Recv ListRecommendations] product_ids=['9SIQT8TOJO', 'LS4PSXUNUM', 'L9ECAV7KIM', '66VCHSJNUP', '1YMWWN1N4O']"}
2026-08-15T13:02:00.936999947Z {"timestamp": 1786798920.9361928, "severity": "INFO", "name": "recommendationservice-server", "message": "[Recv ListRecommendations] product_ids=['6E92ZMYYFZ', 'L9ECAV7KIM', 'OLJCESPC7Z', '9SIQT8TOJO', '1YMWWN1N4O']"}
2026-08-15T13:02:00.957749770Z {"timestamp": 1786798920.9568858, "severity": "INFO", "name": "recommendationservice-server", "message": "[Recv ListRecommendations] product_ids=['L9ECAV7KIM', 'LS4PSXUNUM', '2ZYFJ3GM2N', '66VCHSJNUP', 'OLJCESPC7Z']"}
2026-08-15T13:02:01.401631749Z {"timestamp": 1786798921.4001641, "severity": "INFO", "name": "recommendationservice-server", "message": "[Recv ListRecommendations] product_ids=['LS4PSXUNUM', '1YMWWN1N4O', 'OLJCESPC7Z', '0PUK6V6EV0', 'L9ECAV7KIM']"}
2026-08-15T13:02:01.580275566Z {"timestamp": 1786798921.5791054, "severity": "INFO", "name": "recommendationservice-server", "message": "[Recv ListRecommendations] product_ids=['2ZYFJ3GM2N', '1YMWWN1N4O', 'L9ECAV7KIM', '6E92ZMYYFZ', 'OLJCESPC7Z']"}
2026-08-15T13:02:01.716734271Z {"timestamp": 1786798921.7160904, "severity": "INFO", "name": "recommendationservice-server", "message": "[Recv ListRecommendations] product_ids=['LS4PSXUNUM', '9SIQT8TOJO', 'L9ECAV7KIM', 'OLJCESPC7Z', '6E92ZMYYFZ']"}
2026-08-15T13:02:02.130827645Z {"timestamp": 1786798922.1296594, "severity": "INFO", "name": "recommendationservice-server", "message": "[Recv ListRecommendations] product_ids=['6E92ZMYYFZ', 'OLJCESPC7Z', 'LS4PSXUNUM', '2ZYFJ3GM2N', '66VCHSJNUP']"}
2026-08-15T13:02:02.253263182Z {"timestamp": 1786798922.2517304, "severity": "INFO", "name": "recommendationservice-server", "message": "[Recv ListRecommendations] product_ids=['6E92ZMYYFZ', 'OLJCESPC7Z', '2ZYFJ3GM2N', 'LS4PSXUNUM', '0PUK6V6EV0']"}
2026-08-15T13:02:02.637327000Z {"timestamp": 1786798922.6369746, "severity": "INFO", "name": "recommendationservice-server", "message": "[Recv ListRecommendations] product_ids=['6E92ZMYYFZ', '1YMWWN1N4O', 'L9ECAV7KIM', '9SIQT8TOJO', 'OLJCESPC7Z']"}
2026-08-15T13:02:03.236631171Z {"timestamp": 1786798923.2362022, "severity": "INFO", "name": "recommendationservice-server", "message": "[Recv ListRecommendations] product_ids=['9SIQT8TOJO', '0PUK6V6EV0', '6E92ZMYYFZ', '1YMWWN1N4O', 'LS4PSXUNUM']"}
2026-08-15T13:02:03.546875433Z {"timestamp": 1786798923.545832, "severity": "INFO", "name": "recommendationservice-server", "message": "[Recv ListRecommendations] product_ids=['L9ECAV7KIM', 'OLJCESPC7Z', '0PUK6V6EV0', '1YMWWN1N4O', '6E92ZMYYFZ']"}
2026-08-15T13:02:05.130941525Z {"timestamp": 1786798925.1306202, "severity": "INFO", "name": "recommendationservice-server", "message": "[Recv ListRecommendations] product_ids=['9SIQT8TOJO', '2ZYFJ3GM2N', '6E92ZMYYFZ', '1YMWWN1N4O', 'LS4PSXUNUM']"}
2026-08-15T13:02:05.790848268Z {"timestamp": 1786798925.789645, "severity": "INFO", "name": "recommendationservice-server", "message": "[Recv ListRecommendations] product_ids=['66VCHSJNUP', 'OLJCESPC7Z', '9SIQT8TOJO', '1YMWWN1N4O', '0PUK6V6EV0']"}
2026-08-15T13:02:06.008950001Z {"timestamp": 1786798926.0078492, "severity": "INFO", "name": "recommendationservice-server", "message": "[Recv ListRecommendations] product_ids=['66VCHSJNUP', 'L9ECAV7KIM', '1YMWWN1N4O', 'LS4PSXUNUM', 'OLJCESPC7Z']"}
2026-08-15T13:02:06.129046338Z {"timestamp": 1786798926.127684, "severity": "INFO", "name": "recommendationservice-server", "message": "[Recv ListRecommendations] product_ids=['1YMWWN1N4O', 'LS4PSXUNUM', '0PUK6V6EV0', '9SIQT8TOJO', 'L9ECAV7KIM']"}
2026-08-15T13:02:06.349888137Z {"timestamp": 1786798926.3488023, "severity": "INFO", "name": "recommendationservice-server", "message": "[Recv ListRecommendations] product_ids=['LS4PSXUNUM', 'L9ECAV7KIM', '2ZYFJ3GM2N', 'OLJCESPC7Z', '0PUK6V6EV0']"}
2026-08-15T13:02:06.862860543Z {"timestamp": 1786798926.8617318, "severity": "INFO", "name": "recommendationservice-server", "message": "[Recv ListRecommendations] product_ids=['2ZYFJ3GM2N', '1YMWWN1N4O', '0PUK6V6EV0', 'LS4PSXUNUM', 'OLJCESPC7Z']"}
2026-08-15T13:02:07.082176394Z {"timestamp": 1786798927.0812726, "severity": "INFO", "name": "recommendationservice-server", "message": "[Recv ListRecommendations] product_ids=['LS4PSXUNUM', '9SIQT8TOJO', '66VCHSJNUP', '1YMWWN1N4O', '0PUK6V6EV0']"}
2026-08-15T13:02:07.249012560Z {"timestamp": 1786798927.2482219, "severity": "INFO", "name": "recommendationservice-server", "message": "[Recv ListRecommendations] product_ids=['6E92ZMYYFZ', '0PUK6V6EV0', '9SIQT8TOJO', 'LS4PSXUNUM', 'L9ECAV7KIM']"}
2026-08-15T13:02:08.041087510Z {"timestamp": 1786798928.0379536, "severity": "INFO", "name": "recommendationservice-server", "message": "[Recv ListRecommendations] product_ids=['9SIQT8TOJO', '2ZYFJ3GM2N', 'OLJCESPC7Z', 'L9ECAV7KIM', 'LS4PSXUNUM']"}
2026-08-15T13:02:08.982882868Z {"timestamp": 1786798928.9815419, "severity": "INFO", "name": "recommendationservice-server", "message": "[Recv ListRecommendations] product_ids=['0PUK6V6EV0', 'OLJCESPC7Z', '6E92ZMYYFZ', '66VCHSJNUP', 'L9ECAV7KIM']"}
2026-08-15T13:02:09.477297675Z {"timestamp": 1786798929.4723225, "severity": "INFO", "name": "recommendationservice-server", "message": "[Recv ListRecommendations] product_ids=['2ZYFJ3GM2N', 'LS4PSXUNUM', 'OLJCESPC7Z', '9SIQT8TOJO', '1YMWWN1N4O']"}
2026-08-15T13:02:09.623341227Z {"timestamp": 1786798929.6228416, "severity": "INFO", "name": "recommendationservice-server", "message": "[Recv ListRecommendations] product_ids=['9SIQT8TOJO', '1YMWWN1N4O', '2ZYFJ3GM2N', '6E92ZMYYFZ', 'LS4PSXUNUM']"}
2026-08-15T13:02:09.819500534Z {"timestamp": 1786798929.8190722, "severity": "INFO", "name": "recommendationservice-server", "message": "[Recv ListRecommendations] product_ids=['1YMWWN1N4O', '2ZYFJ3GM2N', '0PUK6V6EV0', '9SIQT8TOJO', '6E92ZMYYFZ']"}
2026-08-15T13:02:09.874391653Z {"timestamp": 1786798929.8738801, "severity": "INFO", "name": "recommendationservice-server", "message": "[Recv ListRecommendations] product_ids=['0PUK6V6EV0', '9SIQT8TOJO', 'L9ECAV7KIM', '6E92ZMYYFZ', 'LS4PSXUNUM']"}
2026-08-15T13:02:09.911641162Z {"timestamp": 1786798929.9110918, "severity": "INFO", "name": "recommendationservice-server", "message": "[Recv ListRecommendations] product_ids=['2ZYFJ3GM2N', '6E92ZMYYFZ', '9SIQT8TOJO']"}
2026-08-15T13:02:11.358719957Z {"timestamp": 1786798931.357493, "severity": "INFO", "name": "recommendationservice-server", "message": "[Recv ListRecommendations] product_ids=['9SIQT8TOJO', '66VCHSJNUP', 'LS4PSXUNUM', '2ZYFJ3GM2N', 'OLJCESPC7Z']"}
2026-08-15T13:02:12.478928991Z {"timestamp": 1786798932.4778824, "severity": "INFO", "name": "recommendationservice-server", "message": "[Recv ListRecommendations] product_ids=['1YMWWN1N4O', '66VCHSJNUP', 'OLJCESPC7Z', '0PUK6V6EV0', '6E92ZMYYFZ']"}
2026-08-15T13:02:12.659424359Z {"timestamp": 1786798932.658392, "severity": "INFO", "name": "recommendationservice-server", "message": "[Recv ListRecommendations] product_ids=['OLJCESPC7Z', '1YMWWN1N4O', '9SIQT8TOJO', '6E92ZMYYFZ', '0PUK6V6EV0']"}
2026-08-15T13:02:13.036714126Z {"timestamp": 1786798933.0360556, "severity": "INFO", "name": "recommendationservice-server", "message": "[Recv ListRecommendations] product_ids=['6E92ZMYYFZ', '1YMWWN1N4O', '0PUK6V6EV0', 'OLJCESPC7Z', '66VCHSJNUP']"}
2026-08-15T13:02:13.063149472Z {"timestamp": 1786798933.0626764, "severity": "INFO", "name": "recommendationservice-server", "message": "[Recv ListRecommendations] product_ids=['6E92ZMYYFZ', 'L9ECAV7KIM', '1YMWWN1N4O', '2ZYFJ3GM2N', '9SIQT8TOJO']"}
2026-08-15T13:02:13.138956161Z {"timestamp": 1786798933.1386533, "severity": "INFO", "name": "recommendationservice-server", "message": "[Recv ListRecommendations] product_ids=['OLJCESPC7Z', 'L9ECAV7KIM', '0PUK6V6EV0', '2ZYFJ3GM2N', '66VCHSJNUP']"}
2026-08-15T13:02:13.376210310Z {"timestamp": 1786798933.375127, "severity": "INFO", "name": "recommendationservice-server", "message": "[Recv ListRecommendations] product_ids=['0PUK6V6EV0', '6E92ZMYYFZ', '9SIQT8TOJO', 'OLJCESPC7Z', 'LS4PSXUNUM']"}
2026-08-15T13:02:13.468025301Z {"timestamp": 1786798933.467486, "severity": "INFO", "name": "recommendationservice-server", "message": "[Recv ListRecommendations] product_ids=['L9ECAV7KIM', '0PUK6V6EV0', 'OLJCESPC7Z', 'LS4PSXUNUM', '1YMWWN1N4O']"}
2026-08-15T13:02:13.607302643Z {"timestamp": 1786798933.6068141, "severity": "INFO", "name": "recommendationservice-server", "message": "[Recv ListRecommendations] product_ids=['66VCHSJNUP', 'LS4PSXUNUM', '0PUK6V6EV0', 'OLJCESPC7Z', '9SIQT8TOJO']"}
2026-08-15T13:02:14.303252808Z {"timestamp": 1786798934.3022895, "severity": "INFO", "name": "recommendationservice-server", "message": "[Recv ListRecommendations] product_ids=['0PUK6V6EV0', 'L9ECAV7KIM', '2ZYFJ3GM2N', 'OLJCESPC7Z', '9SIQT8TOJO']"}
2026-08-15T13:02:14.592740986Z {"timestamp": 1786798934.5920973, "severity": "INFO", "name": "recommendationservice-server", "message": "[Recv ListRecommendations] product_ids=['0PUK6V6EV0', '9SIQT8TOJO', 'LS4PSXUNUM', 'OLJCESPC7Z', '2ZYFJ3GM2N']"}
2026-08-15T13:02:14.679506871Z {"timestamp": 1786798934.6791432, "severity": "INFO", "name": "recommendationservice-server", "message": "[Recv ListRecommendations] product_ids=['L9ECAV7KIM', '6E92ZMYYFZ', '1YMWWN1N4O', 'LS4PSXUNUM', '0PUK6V6EV0']"}
2026-08-15T13:02:15.678379660Z {"timestamp": 1786798935.6754234, "severity": "INFO", "name": "recommendationservice-server", "message": "[Recv ListRecommendations] product_ids=['OLJCESPC7Z', '9SIQT8TOJO', '2ZYFJ3GM2N', 'L9ECAV7KIM', '6E92ZMYYFZ']"}
2026-08-15T13:02:15.868353076Z {"timestamp": 1786798935.8678386, "severity": "INFO", "name": "recommendationservice-server", "message": "[Recv ListRecommendations] product_ids=['6E92ZMYYFZ', '0PUK6V6EV0', 'OLJCESPC7Z', '9SIQT8TOJO', 'L9ECAV7KIM']"}
2026-08-15T13:02:16.260500931Z {"timestamp": 1786798936.259667, "severity": "INFO", "name": "recommendationservice-server", "message": "[Recv ListRecommendations] product_ids=['OLJCESPC7Z', 'L9ECAV7KIM', '0PUK6V6EV0', '2ZYFJ3GM2N', '9SIQT8TOJO']"}
2026-08-15T13:02:16.351053095Z {"timestamp": 1786798936.3502684, "severity": "INFO", "name": "recommendationservice-server", "message": "[Recv ListRecommendations] product_ids=['1YMWWN1N4O', 'OLJCESPC7Z', '2ZYFJ3GM2N', '6E92ZMYYFZ', '9SIQT8TOJO']"}
2026-08-15T13:02:17.390006395Z {"timestamp": 1786798937.3896685, "severity": "INFO", "name": "recommendationservice-server", "message": "[Recv ListRecommendations] product_ids=['L9ECAV7KIM', '6E92ZMYYFZ', '66VCHSJNUP', '9SIQT8TOJO', '2ZYFJ3GM2N']"}
2026-08-15T13:02:17.630823301Z {"timestamp": 1786798937.630534, "severity": "INFO", "name": "recommendationservice-server", "message": "[Recv ListRecommendations] product_ids=['66VCHSJNUP', '2ZYFJ3GM2N', '6E92ZMYYFZ', '0PUK6V6EV0', '9SIQT8TOJO']"}
2026-08-15T13:02:17.752088340Z {"timestamp": 1786798937.7516313, "severity": "INFO", "name": "recommendationservice-server", "message": "[Recv ListRecommendations] product_ids=['2ZYFJ3GM2N', 'LS4PSXUNUM', '66VCHSJNUP', '9SIQT8TOJO', '1YMWWN1N4O']"}
2026-08-15T13:02:18.327735567Z {"timestamp": 1786798938.3266637, "severity": "INFO", "name": "recommendationservice-server", "message": "[Recv ListRecommendations] product_ids=['66VCHSJNUP', 'L9ECAV7KIM', '6E92ZMYYFZ', '0PUK6V6EV0', 'LS4PSXUNUM']"}
2026-08-15T13:02:18.440771393Z {"timestamp": 1786798938.4402254, "severity": "INFO", "name": "recommendationservice-server", "message": "[Recv ListRecommendations] product_ids=['2ZYFJ3GM2N', 'L9ECAV7KIM', 'OLJCESPC7Z', 'LS4PSXUNUM', '1YMWWN1N4O']"}
2026-08-15T13:02:18.446008418Z {"timestamp": 1786798938.4454997, "severity": "INFO", "name": "recommendationservice-server", "message": "[Recv ListRecommendations] product_ids=['6E92ZMYYFZ', '2ZYFJ3GM2N', 'LS4PSXUNUM', 'OLJCESPC7Z', '0PUK6V6EV0']"}
2026-08-15T13:02:18.727997773Z {"timestamp": 1786798938.7269115, "severity": "INFO", "name": "recommendationservice-server", "message": "[Recv ListRecommendations] product_ids=['6E92ZMYYFZ', '2ZYFJ3GM2N', 'LS4PSXUNUM', '0PUK6V6EV0', '1YMWWN1N4O']"}
2026-08-15T13:02:18.862372337Z {"timestamp": 1786798938.8601954, "severity": "INFO", "name": "recommendationservice-server", "message": "[Recv ListRecommendations] product_ids=['1YMWWN1N4O', 'LS4PSXUNUM', 'L9ECAV7KIM', 'OLJCESPC7Z', '9SIQT8TOJO']"}
2026-08-15T13:02:19.391885495Z {"timestamp": 1786798939.3901854, "severity": "INFO", "name": "recommendationservice-server", "message": "[Recv ListRecommendations] product_ids=['2ZYFJ3GM2N', 'LS4PSXUNUM', '1YMWWN1N4O', '0PUK6V6EV0', '6E92ZMYYFZ']"}
2026-08-15T13:02:19.543891626Z {"timestamp": 1786798939.5430598, "severity": "INFO", "name": "recommendationservice-server", "message": "[Recv ListRecommendations] product_ids=['0PUK6V6EV0', '6E92ZMYYFZ', 'OLJCESPC7Z', '1YMWWN1N4O', 'L9ECAV7KIM']"}
2026-08-15T13:02:19.674331296Z {"timestamp": 1786798939.6735058, "severity": "INFO", "name": "recommendationservice-server", "message": "[Recv ListRecommendations] product_ids=['OLJCESPC7Z', '9SIQT8TOJO', 'LS4PSXUNUM', '66VCHSJNUP', '1YMWWN1N4O']"}
2026-08-15T13:02:19.808712061Z {"timestamp": 1786798939.8078039, "severity": "INFO", "name": "recommendationservice-server", "message": "[Recv ListRecommendations] product_ids=['0PUK6V6EV0', '6E92ZMYYFZ', 'OLJCESPC7Z', 'L9ECAV7KIM', '2ZYFJ3GM2N']"}
2026-08-15T13:02:20.224103583Z {"timestamp": 1786798940.2232618, "severity": "INFO", "name": "recommendationservice-server", "message": "[Recv ListRecommendations] product_ids=['OLJCESPC7Z', '1YMWWN1N4O', '6E92ZMYYFZ', '0PUK6V6EV0', '2ZYFJ3GM2N']"}
2026-08-15T13:02:20.325246317Z {"timestamp": 1786798940.3242593, "severity": "INFO", "name": "recommendationservice-server", "message": "[Recv ListRecommendations] product_ids=['1YMWWN1N4O', '2ZYFJ3GM2N', '0PUK6V6EV0', '6E92ZMYYFZ', 'OLJCESPC7Z']"}
2026-08-15T13:02:20.417070518Z {"timestamp": 1786798940.4150362, "severity": "INFO", "name": "recommendationservice-server", "message": "[Recv ListRecommendations] product_ids=['0PUK6V6EV0', '9SIQT8TOJO', '2ZYFJ3GM2N', '1YMWWN1N4O', '6E92ZMYYFZ']"}
2026-08-15T13:02:20.427832096Z {"timestamp": 1786798940.426956, "severity": "INFO", "name": "recommendationservice-server", "message": "[Recv ListRecommendations] product_ids=['L9ECAV7KIM', '1YMWWN1N4O', 'LS4PSXUNUM', '9SIQT8TOJO', '2ZYFJ3GM2N']"}
2026-08-15T13:02:21.505441873Z {"timestamp": 1786798941.5042133, "severity": "INFO", "name": "recommendationservice-server", "message": "[Recv ListRecommendations] product_ids=['L9ECAV7KIM', '0PUK6V6EV0', 'OLJCESPC7Z', '1YMWWN1N4O', '66VCHSJNUP']"}
2026-08-15T13:02:21.881890193Z {"timestamp": 1786798941.8812416, "severity": "INFO", "name": "recommendationservice-server", "message": "[Recv ListRecommendations] product_ids=['0PUK6V6EV0', 'OLJCESPC7Z', '1YMWWN1N4O', '6E92ZMYYFZ', '2ZYFJ3GM2N']"}
2026-08-15T13:02:22.189766242Z {"timestamp": 1786798942.1887853, "severity": "INFO", "name": "recommendationservice-server", "message": "[Recv ListRecommendations] product_ids=['6E92ZMYYFZ', 'L9ECAV7KIM', '1YMWWN1N4O', 'OLJCESPC7Z', 'LS4PSXUNUM']"}
2026-08-15T13:02:22.274222104Z {"timestamp": 1786798942.273627, "severity": "INFO", "name": "recommendationservice-server", "message": "[Recv ListRecommendations] product_ids=['1YMWWN1N4O', 'L9ECAV7KIM', '9SIQT8TOJO', '66VCHSJNUP', '6E92ZMYYFZ']"}
2026-08-15T13:02:22.340451841Z {"timestamp": 1786798942.340053, "severity": "INFO", "name": "recommendationservice-server", "message": "[Recv ListRecommendations] product_ids=['0PUK6V6EV0', '1YMWWN1N4O', 'LS4PSXUNUM', 'L9ECAV7KIM', '9SIQT8TOJO']"}
2026-08-15T13:02:22.368406642Z {"timestamp": 1786798942.3680596, "severity": "INFO", "name": "recommendationservice-server", "message": "[Recv ListRecommendations] product_ids=['L9ECAV7KIM', '6E92ZMYYFZ', '0PUK6V6EV0', '66VCHSJNUP', '1YMWWN1N4O']"}
2026-08-15T13:02:22.849505648Z {"timestamp": 1786798942.848459, "severity": "INFO", "name": "recommendationservice-server", "message": "[Recv ListRecommendations] product_ids=['2ZYFJ3GM2N', 'L9ECAV7KIM', '1YMWWN1N4O', '9SIQT8TOJO', 'OLJCESPC7Z']"}
2026-08-15T13:02:23.005948423Z {"timestamp": 1786798943.0041618, "severity": "INFO", "name": "recommendationservice-server", "message": "[Recv ListRecommendations] product_ids=['66VCHSJNUP', '6E92ZMYYFZ', '9SIQT8TOJO', '2ZYFJ3GM2N', '0PUK6V6EV0']"}
2026-08-15T13:02:23.196743841Z {"timestamp": 1786798943.1964626, "severity": "INFO", "name": "recommendationservice-server", "message": "[Recv ListRecommendations] product_ids=['1YMWWN1N4O', '0PUK6V6EV0', 'LS4PSXUNUM', 'L9ECAV7KIM', '2ZYFJ3GM2N']"}
2026-08-15T13:02:24.177407203Z {"timestamp": 1786798944.176524, "severity": "INFO", "name": "recommendationservice-server", "message": "[Recv ListRecommendations] product_ids=['66VCHSJNUP', 'OLJCESPC7Z', 'LS4PSXUNUM', '1YMWWN1N4O', '2ZYFJ3GM2N']"}
2026-08-15T13:02:24.259758955Z {"timestamp": 1786798944.259304, "severity": "INFO", "name": "recommendationservice-server", "message": "[Recv ListRecommendations] product_ids=['1YMWWN1N4O', 'OLJCESPC7Z', 'L9ECAV7KIM', 'LS4PSXUNUM', '6E92ZMYYFZ']"}
2026-08-15T13:02:26.254918270Z {"timestamp": 1786798946.2543967, "severity": "INFO", "name": "recommendationservice-server", "message": "[Recv ListRecommendations] product_ids=['6E92ZMYYFZ', 'LS4PSXUNUM', '2ZYFJ3GM2N', '1YMWWN1N4O', 'L9ECAV7KIM']"}
2026-08-15T13:02:26.275280410Z {"timestamp": 1786798946.2747042, "severity": "INFO", "name": "recommendationservice-server", "message": "[Recv ListRecommendations] product_ids=['6E92ZMYYFZ', '2ZYFJ3GM2N']"}
2026-08-15T13:02:26.552482463Z {"timestamp": 1786798946.5496588, "severity": "INFO", "name": "recommendationservice-server", "message": "[Recv ListRecommendations] product_ids=['1YMWWN1N4O', '6E92ZMYYFZ', '66VCHSJNUP', '0PUK6V6EV0', 'OLJCESPC7Z']"}
2026-08-15T13:02:26.884185270Z {"timestamp": 1786798946.8831303, "severity": "INFO", "name": "recommendationservice-server", "message": "[Recv ListRecommendations] product_ids=['2ZYFJ3GM2N', 'LS4PSXUNUM', '1YMWWN1N4O', '66VCHSJNUP', 'L9ECAV7KIM']"}
2026-08-15T13:02:27.444726447Z {"timestamp": 1786798947.4443104, "severity": "INFO", "name": "recommendationservice-server", "message": "[Recv ListRecommendations] product_ids=['1YMWWN1N4O', '2ZYFJ3GM2N', 'OLJCESPC7Z', 'LS4PSXUNUM', '0PUK6V6EV0']"}
2026-08-15T13:02:27.462141169Z {"timestamp": 1786798947.4612489, "severity": "INFO", "name": "recommendationservice-server", "message": "[Recv ListRecommendations] product_ids=['1YMWWN1N4O', 'LS4PSXUNUM', '0PUK6V6EV0', '2ZYFJ3GM2N', 'L9ECAV7KIM']"}
2026-08-15T13:02:27.494148135Z {"timestamp": 1786798947.4937584, "severity": "INFO", "name": "recommendationservice-server", "message": "[Recv ListRecommendations] product_ids=['OLJCESPC7Z', '1YMWWN1N4O', '0PUK6V6EV0', 'LS4PSXUNUM', '2ZYFJ3GM2N']"}
2026-08-15T13:02:27.915110671Z {"timestamp": 1786798947.9136648, "severity": "INFO", "name": "recommendationservice-server", "message": "[Recv ListRecommendations] product_ids=['LS4PSXUNUM', 'L9ECAV7KIM', '66VCHSJNUP', '6E92ZMYYFZ', '0PUK6V6EV0']"}
2026-08-15T13:02:28.714584043Z {"timestamp": 1786798948.7132905, "severity": "INFO", "name": "recommendationservice-server", "message": "[Recv ListRecommendations] product_ids=['6E92ZMYYFZ', 'L9ECAV7KIM', '66VCHSJNUP', 'LS4PSXUNUM', '9SIQT8TOJO']"}
2026-08-15T13:02:29.650636124Z {"timestamp": 1786798949.6495175, "severity": "INFO", "name": "recommendationservice-server", "message": "[Recv ListRecommendations] product_ids=['LS4PSXUNUM', '66VCHSJNUP', '0PUK6V6EV0', '1YMWWN1N4O', '9SIQT8TOJO']"}
2026-08-15T13:02:31.457327616Z {"timestamp": 1786798951.4561412, "severity": "INFO", "name": "recommendationservice-server", "message": "[Recv ListRecommendations] product_ids=['9SIQT8TOJO', 'OLJCESPC7Z', '1YMWWN1N4O', 'L9ECAV7KIM', '6E92ZMYYFZ']"}
2026-08-15T13:02:31.595893021Z {"timestamp": 1786798951.5946658, "severity": "INFO", "name": "recommendationservice-server", "message": "[Recv ListRecommendations] product_ids=['0PUK6V6EV0', 'OLJCESPC7Z', '9SIQT8TOJO', '6E92ZMYYFZ', '2ZYFJ3GM2N']"}
2026-08-15T13:02:31.752691529Z {"timestamp": 1786798951.7511563, "severity": "INFO", "name": "recommendationservice-server", "message": "[Recv ListRecommendations] product_ids=['OLJCESPC7Z', '2ZYFJ3GM2N', '0PUK6V6EV0', '66VCHSJNUP', '9SIQT8TOJO']"}
2026-08-15T13:02:32.725127809Z {"timestamp": 1786798952.7248442, "severity": "INFO", "name": "recommendationservice-server", "message": "[Recv ListRecommendations] product_ids=['OLJCESPC7Z', '6E92ZMYYFZ', '66VCHSJNUP', '1YMWWN1N4O', 'L9ECAV7KIM']"}
2026-08-15T13:02:33.424832814Z {"timestamp": 1786798953.424482, "severity": "INFO", "name": "recommendationservice-server", "message": "[Recv ListRecommendations] product_ids=['6E92ZMYYFZ', 'L9ECAV7KIM', '0PUK6V6EV0', '2ZYFJ3GM2N', '9SIQT8TOJO']"}
2026-08-15T13:02:33.623592572Z {"timestamp": 1786798953.6224098, "severity": "INFO", "name": "recommendationservice-server", "message": "[Recv ListRecommendations] product_ids=['OLJCESPC7Z', '1YMWWN1N4O', '9SIQT8TOJO', '2ZYFJ3GM2N', '66VCHSJNUP']"}
2026-08-15T13:02:33.710313449Z {"timestamp": 1786798953.7064621, "severity": "INFO", "name": "recommendationservice-server", "message": "[Recv ListRecommendations] product_ids=['L9ECAV7KIM', 'OLJCESPC7Z', '66VCHSJNUP', 'LS4PSXUNUM', '2ZYFJ3GM2N']"}
2026-08-15T13:02:33.806415454Z {"timestamp": 1786798953.8059428, "severity": "INFO", "name": "recommendationservice-server", "message": "[Recv ListRecommendations] product_ids=['1YMWWN1N4O', '2ZYFJ3GM2N', 'OLJCESPC7Z', '0PUK6V6EV0', '6E92ZMYYFZ']"}
2026-08-15T13:02:34.360814699Z {"timestamp": 1786798954.3597229, "severity": "INFO", "name": "recommendationservice-server", "message": "[Recv ListRecommendations] product_ids=['6E92ZMYYFZ', '66VCHSJNUP', '2ZYFJ3GM2N', '1YMWWN1N4O', 'L9ECAV7KIM']"}
2026-08-15T13:02:34.459795246Z {"timestamp": 1786798954.459163, "severity": "INFO", "name": "recommendationservice-server", "message": "[Recv ListRecommendations] product_ids=['6E92ZMYYFZ', '0PUK6V6EV0', '2ZYFJ3GM2N', '1YMWWN1N4O', 'L9ECAV7KIM']"}
2026-08-15T13:02:34.547502168Z {"timestamp": 1786798954.54725, "severity": "INFO", "name": "recommendationservice-server", "message": "[Recv ListRecommendations] product_ids=['6E92ZMYYFZ', '2ZYFJ3GM2N']"}
2026-08-15T13:02:34.552104768Z {"timestamp": 1786798954.5517242, "severity": "INFO", "name": "recommendationservice-server", "message": "[Recv ListRecommendations] product_ids=['2ZYFJ3GM2N', 'L9ECAV7KIM', '9SIQT8TOJO', '0PUK6V6EV0', '66VCHSJNUP']"}
2026-08-15T13:02:34.980383768Z {"timestamp": 1786798954.979262, "severity": "INFO", "name": "recommendationservice-server", "message": "[Recv ListRecommendations] product_ids=['0PUK6V6EV0', '66VCHSJNUP', '9SIQT8TOJO', '1YMWWN1N4O', 'L9ECAV7KIM']"}
2026-08-15T13:02:35.710646455Z {"timestamp": 1786798955.7101097, "severity": "INFO", "name": "recommendationservice-server", "message": "[Recv ListRecommendations] product_ids=['9SIQT8TOJO', '1YMWWN1N4O', 'OLJCESPC7Z', '2ZYFJ3GM2N', 'L9ECAV7KIM']"}
2026-08-15T13:02:36.010600922Z {"timestamp": 1786798956.0093806, "severity": "INFO", "name": "recommendationservice-server", "message": "[Recv ListRecommendations] product_ids=['0PUK6V6EV0', 'OLJCESPC7Z', '1YMWWN1N4O', '2ZYFJ3GM2N', '6E92ZMYYFZ']"}
2026-08-15T13:02:36.111398066Z {"timestamp": 1786798956.1108696, "severity": "INFO", "name": "recommendationservice-server", "message": "[Recv ListRecommendations] product_ids=['9SIQT8TOJO', 'OLJCESPC7Z', 'LS4PSXUNUM', '1YMWWN1N4O', '2ZYFJ3GM2N']"}
2026-08-15T13:02:37.012679521Z {"timestamp": 1786798957.0121465, "severity": "INFO", "name": "recommendationservice-server", "message": "[Recv ListRecommendations] product_ids=['OLJCESPC7Z', '6E92ZMYYFZ', '1YMWWN1N4O', '2ZYFJ3GM2N', '66VCHSJNUP']"}
2026-08-15T13:02:37.447045181Z {"timestamp": 1786798957.4466622, "severity": "INFO", "name": "recommendationservice-server", "message": "[Recv ListRecommendations] product_ids=['66VCHSJNUP', '6E92ZMYYFZ', '1YMWWN1N4O', '2ZYFJ3GM2N', 'LS4PSXUNUM']"}
2026-08-15T13:02:37.854364205Z {"timestamp": 1786798957.8531153, "severity": "INFO", "name": "recommendationservice-server", "message": "[Recv ListRecommendations] product_ids=['2ZYFJ3GM2N', 'OLJCESPC7Z', '66VCHSJNUP', '0PUK6V6EV0', '6E92ZMYYFZ']"}
2026-08-15T13:02:38.075758643Z {"timestamp": 1786798958.0748813, "severity": "INFO", "name": "recommendationservice-server", "message": "[Recv ListRecommendations] product_ids=['LS4PSXUNUM', '1YMWWN1N4O', '6E92ZMYYFZ', '9SIQT8TOJO', 'L9ECAV7KIM']"}
2026-08-15T13:02:38.281692102Z {"timestamp": 1786798958.277241, "severity": "INFO", "name": "recommendationservice-server", "message": "[Recv ListRecommendations] product_ids=['1YMWWN1N4O', '6E92ZMYYFZ', 'LS4PSXUNUM', '0PUK6V6EV0', '9SIQT8TOJO']"}
2026-08-15T13:02:38.484359006Z {"timestamp": 1786798958.48315, "severity": "INFO", "name": "recommendationservice-server", "message": "[Recv ListRecommendations] product_ids=['9SIQT8TOJO', '0PUK6V6EV0', '66VCHSJNUP', '2ZYFJ3GM2N', '6E92ZMYYFZ']"}
2026-08-15T13:02:38.894229007Z {"timestamp": 1786798958.893002, "severity": "INFO", "name": "recommendationservice-server", "message": "[Recv ListRecommendations] product_ids=['6E92ZMYYFZ', '2ZYFJ3GM2N', 'OLJCESPC7Z', 'LS4PSXUNUM', '66VCHSJNUP']"}
2026-08-15T13:02:39.017169455Z {"timestamp": 1786798959.015921, "severity": "INFO", "name": "recommendationservice-server", "message": "[Recv ListRecommendations] product_ids=['2ZYFJ3GM2N', '9SIQT8TOJO', '6E92ZMYYFZ', 'LS4PSXUNUM', '66VCHSJNUP']"}
2026-08-15T13:02:39.042978857Z {"timestamp": 1786798959.0423799, "severity": "INFO", "name": "recommendationservice-server", "message": "[Recv ListRecommendations] product_ids=['LS4PSXUNUM', 'L9ECAV7KIM', 'OLJCESPC7Z', '9SIQT8TOJO', '0PUK6V6EV0']"}
2026-08-15T13:02:40.105243291Z {"timestamp": 1786798960.1037688, "severity": "INFO", "name": "recommendationservice-server", "message": "[Recv ListRecommendations] product_ids=['L9ECAV7KIM', '2ZYFJ3GM2N', '9SIQT8TOJO', 'LS4PSXUNUM', '1YMWWN1N4O']"}
2026-08-15T13:02:40.258382417Z {"timestamp": 1786798960.2572289, "severity": "INFO", "name": "recommendationservice-server", "message": "[Recv ListRecommendations] product_ids=['9SIQT8TOJO', 'LS4PSXUNUM', '6E92ZMYYFZ', '0PUK6V6EV0', '1YMWWN1N4O']"}
2026-08-15T13:02:40.677742349Z {"timestamp": 1786798960.6763787, "severity": "INFO", "name": "recommendationservice-server", "message": "[Recv ListRecommendations] product_ids=['LS4PSXUNUM', '9SIQT8TOJO', '6E92ZMYYFZ', '0PUK6V6EV0', '1YMWWN1N4O']"}
2026-08-15T13:02:41.455083147Z {"timestamp": 1786798961.4543912, "severity": "INFO", "name": "recommendationservice-server", "message": "[Recv ListRecommendations] product_ids=['2ZYFJ3GM2N', 'OLJCESPC7Z', '66VCHSJNUP', '1YMWWN1N4O', 'LS4PSXUNUM']"}
2026-08-15T13:02:42.206434724Z {"timestamp": 1786798962.2056718, "severity": "INFO", "name": "recommendationservice-server", "message": "[Recv ListRecommendations] product_ids=['0PUK6V6EV0', 'OLJCESPC7Z', '2ZYFJ3GM2N', 'LS4PSXUNUM', '6E92ZMYYFZ']"}
2026-08-15T13:02:42.564956887Z {"timestamp": 1786798962.5645561, "severity": "INFO", "name": "recommendationservice-server", "message": "[Recv ListRecommendations] product_ids=['LS4PSXUNUM', '9SIQT8TOJO', '6E92ZMYYFZ', '2ZYFJ3GM2N', 'L9ECAV7KIM']"}
2026-08-15T13:02:42.581070881Z {"timestamp": 1786798962.5807235, "severity": "INFO", "name": "recommendationservice-server", "message": "[Recv ListRecommendations] product_ids=['1YMWWN1N4O', '9SIQT8TOJO', 'L9ECAV7KIM', '0PUK6V6EV0', '66VCHSJNUP']"}
2026-08-15T13:02:42.609136206Z {"timestamp": 1786798962.608804, "severity": "INFO", "name": "recommendationservice-server", "message": "[Recv ListRecommendations] product_ids=['66VCHSJNUP', '0PUK6V6EV0', '6E92ZMYYFZ', '9SIQT8TOJO', 'LS4PSXUNUM']"}
2026-08-15T13:02:42.737909846Z {"timestamp": 1786798962.7374923, "severity": "INFO", "name": "recommendationservice-server", "message": "[Recv ListRecommendations] product_ids=['L9ECAV7KIM', '2ZYFJ3GM2N', '66VCHSJNUP', 'LS4PSXUNUM', '0PUK6V6EV0']"}
2026-08-15T13:02:43.200655276Z {"timestamp": 1786798963.200389, "severity": "INFO", "name": "recommendationservice-server", "message": "[Recv ListRecommendations] product_ids=['0PUK6V6EV0', '2ZYFJ3GM2N', '6E92ZMYYFZ', 'OLJCESPC7Z', '9SIQT8TOJO']"}
2026-08-15T13:02:43.716611532Z {"timestamp": 1786798963.7162912, "severity": "INFO", "name": "recommendationservice-server", "message": "[Recv ListRecommendations] product_ids=['1YMWWN1N4O', '2ZYFJ3GM2N', '66VCHSJNUP', '6E92ZMYYFZ', 'LS4PSXUNUM']"}
2026-08-15T13:02:43.729284943Z {"timestamp": 1786798963.7289908, "severity": "INFO", "name": "recommendationservice-server", "message": "[Recv ListRecommendations] product_ids=['1YMWWN1N4O', '0PUK6V6EV0', 'OLJCESPC7Z', '66VCHSJNUP']"}
2026-08-15T13:02:44.102530707Z {"timestamp": 1786798964.10227, "severity": "INFO", "name": "recommendationservice-server", "message": "[Recv ListRecommendations] product_ids=['L9ECAV7KIM', 'LS4PSXUNUM', 'OLJCESPC7Z', '9SIQT8TOJO', '6E92ZMYYFZ']"}
2026-08-15T13:02:44.430661646Z {"timestamp": 1786798964.430399, "severity": "INFO", "name": "recommendationservice-server", "message": "[Recv ListRecommendations] product_ids=['1YMWWN1N4O', '9SIQT8TOJO', 'L9ECAV7KIM', '66VCHSJNUP', '6E92ZMYYFZ']"}
2026-08-15T13:02:44.722252717Z {"timestamp": 1786798964.7219677, "severity": "INFO", "name": "recommendationservice-server", "message": "[Recv ListRecommendations] product_ids=['9SIQT8TOJO', 'LS4PSXUNUM', '6E92ZMYYFZ', 'OLJCESPC7Z', 'L9ECAV7KIM']"}
2026-08-15T13:02:46.144562602Z {"timestamp": 1786798966.1441762, "severity": "INFO", "name": "recommendationservice-server", "message": "[Recv ListRecommendations] product_ids=['0PUK6V6EV0', '2ZYFJ3GM2N', '1YMWWN1N4O', 'LS4PSXUNUM', '9SIQT8TOJO']"}
2026-08-15T13:02:47.464072139Z {"timestamp": 1786798967.4634511, "severity": "INFO", "name": "recommendationservice-server", "message": "[Recv ListRecommendations] product_ids=['6E92ZMYYFZ', '1YMWWN1N4O', 'LS4PSXUNUM', '66VCHSJNUP', '9SIQT8TOJO']"}
2026-08-15T13:02:47.617143284Z {"timestamp": 1786798967.6160324, "severity": "INFO", "name": "recommendationservice-server", "message": "[Recv ListRecommendations] product_ids=['1YMWWN1N4O', '9SIQT8TOJO', 'LS4PSXUNUM', '2ZYFJ3GM2N', '0PUK6V6EV0']"}
2026-08-15T13:02:47.755912737Z {"timestamp": 1786798967.754758, "severity": "INFO", "name": "recommendationservice-server", "message": "[Recv ListRecommendations] product_ids=['2ZYFJ3GM2N', 'LS4PSXUNUM', 'OLJCESPC7Z', '9SIQT8TOJO', '66VCHSJNUP']"}
2026-08-15T13:02:47.913622099Z {"timestamp": 1786798967.912773, "severity": "INFO", "name": "recommendationservice-server", "message": "[Recv ListRecommendations] product_ids=['6E92ZMYYFZ', 'LS4PSXUNUM', '2ZYFJ3GM2N', 'L9ECAV7KIM', '9SIQT8TOJO']"}
2026-08-15T13:02:47.916805054Z {"timestamp": 1786798967.9159899, "severity": "INFO", "name": "recommendationservice-server", "message": "[Recv ListRecommendations] product_ids=['9SIQT8TOJO', '0PUK6V6EV0', '6E92ZMYYFZ', '1YMWWN1N4O', 'OLJCESPC7Z']"}
2026-08-15T13:02:48.433519394Z {"timestamp": 1786798968.4323514, "severity": "INFO", "name": "recommendationservice-server", "message": "[Recv ListRecommendations] product_ids=['2ZYFJ3GM2N', '6E92ZMYYFZ', '66VCHSJNUP', '9SIQT8TOJO', 'OLJCESPC7Z']"}
2026-08-15T13:02:48.628063357Z {"timestamp": 1786798968.6268754, "severity": "INFO", "name": "recommendationservice-server", "message": "[Recv ListRecommendations] product_ids=['6E92ZMYYFZ', '0PUK6V6EV0', '1YMWWN1N4O', 'OLJCESPC7Z', '2ZYFJ3GM2N']"}
2026-08-15T13:02:48.635258059Z {"timestamp": 1786798968.6325536, "severity": "INFO", "name": "recommendationservice-server", "message": "[Recv ListRecommendations] product_ids=['66VCHSJNUP', '6E92ZMYYFZ', 'L9ECAV7KIM', '1YMWWN1N4O', '2ZYFJ3GM2N']"}
2026-08-15T13:02:48.711440742Z {"timestamp": 1786798968.710941, "severity": "INFO", "name": "recommendationservice-server", "message": "[Recv ListRecommendations] product_ids=['66VCHSJNUP', '6E92ZMYYFZ', 'LS4PSXUNUM', '9SIQT8TOJO', '0PUK6V6EV0']"}
2026-08-15T13:02:48.803655311Z {"timestamp": 1786798968.8033607, "severity": "INFO", "name": "recommendationservice-server", "message": "[Recv ListRecommendations] product_ids=['1YMWWN1N4O', '9SIQT8TOJO', '6E92ZMYYFZ', '66VCHSJNUP', '2ZYFJ3GM2N']"}
2026-08-15T13:02:48.824887475Z {"timestamp": 1786798968.8245418, "severity": "INFO", "name": "recommendationservice-server", "message": "[Recv ListRecommendations] product_ids=['66VCHSJNUP', '0PUK6V6EV0', '1YMWWN1N4O', 'OLJCESPC7Z', 'LS4PSXUNUM']"}
2026-08-15T13:02:48.829735815Z {"timestamp": 1786798968.8293335, "severity": "INFO", "name": "recommendationservice-server", "message": "[Recv ListRecommendations] product_ids=['66VCHSJNUP', 'LS4PSXUNUM', '0PUK6V6EV0', 'OLJCESPC7Z', '2ZYFJ3GM2N']"}
2026-08-15T13:02:49.038132022Z {"timestamp": 1786798969.0376434, "severity": "INFO", "name": "recommendationservice-server", "message": "[Recv ListRecommendations] product_ids=['6E92ZMYYFZ', '1YMWWN1N4O', 'LS4PSXUNUM', '2ZYFJ3GM2N', '0PUK6V6EV0']"}
2026-08-15T13:02:49.051874452Z {"timestamp": 1786798969.0515192, "severity": "INFO", "name": "recommendationservice-server", "message": "[Recv ListRecommendations] product_ids=['0PUK6V6EV0', 'L9ECAV7KIM', 'OLJCESPC7Z', '2ZYFJ3GM2N', '9SIQT8TOJO']"}
2026-08-15T13:02:49.534657713Z {"timestamp": 1786798969.5335844, "severity": "INFO", "name": "recommendationservice-server", "message": "[Recv ListRecommendations] product_ids=['1YMWWN1N4O', '66VCHSJNUP', '0PUK6V6EV0', 'LS4PSXUNUM', '6E92ZMYYFZ']"}
2026-08-15T13:02:49.706432142Z {"timestamp": 1786798969.705666, "severity": "INFO", "name": "recommendationservice-server", "message": "[Recv ListRecommendations] product_ids=['0PUK6V6EV0', 'LS4PSXUNUM', '9SIQT8TOJO', '66VCHSJNUP', '6E92ZMYYFZ']"}
2026-08-15T13:02:50.585877265Z {"timestamp": 1786798970.5854805, "severity": "INFO", "name": "recommendationservice-server", "message": "[Recv ListRecommendations] product_ids=['OLJCESPC7Z', '6E92ZMYYFZ', '9SIQT8TOJO', 'LS4PSXUNUM', 'L9ECAV7KIM']"}
2026-08-15T13:02:50.816222543Z {"timestamp": 1786798970.8156562, "severity": "INFO", "name": "recommendationservice-server", "message": "[Recv ListRecommendations] product_ids=['1YMWWN1N4O', '6E92ZMYYFZ', 'LS4PSXUNUM', '66VCHSJNUP', '0PUK6V6EV0']"}
2026-08-15T13:02:51.819381311Z {"timestamp": 1786798971.817926, "severity": "INFO", "name": "recommendationservice-server", "message": "[Recv ListRecommendations] product_ids=['LS4PSXUNUM', 'OLJCESPC7Z', '1YMWWN1N4O', '6E92ZMYYFZ', '66VCHSJNUP']"}
2026-08-15T13:02:52.217736170Z {"timestamp": 1786798972.2162519, "severity": "INFO", "name": "recommendationservice-server", "message": "[Recv ListRecommendations] product_ids=['LS4PSXUNUM', '66VCHSJNUP', '2ZYFJ3GM2N', '6E92ZMYYFZ', 'L9ECAV7KIM']"}
2026-08-15T13:02:52.307907113Z {"timestamp": 1786798972.307417, "severity": "INFO", "name": "recommendationservice-server", "message": "[Recv ListRecommendations] product_ids=['LS4PSXUNUM', '1YMWWN1N4O', '2ZYFJ3GM2N', '9SIQT8TOJO', '0PUK6V6EV0']"}
2026-08-15T13:02:52.312779329Z {"timestamp": 1786798972.3124208, "severity": "INFO", "name": "recommendationservice-server", "message": "[Recv ListRecommendations] product_ids=['L9ECAV7KIM', '1YMWWN1N4O', 'OLJCESPC7Z', '2ZYFJ3GM2N', 'LS4PSXUNUM']"}
2026-08-15T13:02:52.324364855Z {"timestamp": 1786798972.3240888, "severity": "INFO", "name": "recommendationservice-server", "message": "[Recv ListRecommendations] product_ids=['LS4PSXUNUM', '0PUK6V6EV0', 'OLJCESPC7Z', '2ZYFJ3GM2N', 'L9ECAV7KIM']"}
2026-08-15T13:02:52.413481986Z {"timestamp": 1786798972.4122608, "severity": "INFO", "name": "recommendationservice-server", "message": "[Recv ListRecommendations] product_ids=['9SIQT8TOJO', 'OLJCESPC7Z', '1YMWWN1N4O', '6E92ZMYYFZ', '0PUK6V6EV0']"}
2026-08-15T13:02:53.431043878Z {"timestamp": 1786798973.429601, "severity": "INFO", "name": "recommendationservice-server", "message": "[Recv ListRecommendations] product_ids=['1YMWWN1N4O', 'LS4PSXUNUM', '9SIQT8TOJO', 'OLJCESPC7Z', '0PUK6V6EV0']"}
2026-08-15T13:02:54.139271032Z {"timestamp": 1786798974.138762, "severity": "INFO", "name": "recommendationservice-server", "message": "[Recv ListRecommendations] product_ids=['2ZYFJ3GM2N', 'OLJCESPC7Z', '1YMWWN1N4O', '0PUK6V6EV0', 'LS4PSXUNUM']"}
2026-08-15T13:02:54.295888908Z {"timestamp": 1786798974.295334, "severity": "INFO", "name": "recommendationservice-server", "message": "[Recv ListRecommendations] product_ids=['66VCHSJNUP', '2ZYFJ3GM2N', 'OLJCESPC7Z', '1YMWWN1N4O', 'LS4PSXUNUM']"}
2026-08-15T13:02:54.980353647Z {"timestamp": 1786798974.979408, "severity": "INFO", "name": "recommendationservice-server", "message": "[Recv ListRecommendations] product_ids=['OLJCESPC7Z', '6E92ZMYYFZ', '9SIQT8TOJO', '0PUK6V6EV0', '1YMWWN1N4O']"}
2026-08-15T13:02:55.296578314Z {"timestamp": 1786798975.2958567, "severity": "INFO", "name": "recommendationservice-server", "message": "[Recv ListRecommendations] product_ids=['6E92ZMYYFZ', 'OLJCESPC7Z', '1YMWWN1N4O', '0PUK6V6EV0', 'L9ECAV7KIM']"}
2026-08-15T13:02:55.339121317Z {"timestamp": 1786798975.3383546, "severity": "INFO", "name": "recommendationservice-server", "message": "[Recv ListRecommendations] product_ids=['6E92ZMYYFZ', '2ZYFJ3GM2N', '1YMWWN1N4O', '0PUK6V6EV0', 'OLJCESPC7Z']"}
2026-08-15T13:02:55.417879352Z {"timestamp": 1786798975.4172997, "severity": "INFO", "name": "recommendationservice-server", "message": "[Recv ListRecommendations] product_ids=['LS4PSXUNUM', '1YMWWN1N4O', '9SIQT8TOJO', '66VCHSJNUP', 'L9ECAV7KIM']"}
2026-08-15T13:02:55.813623835Z {"timestamp": 1786798975.8124912, "severity": "INFO", "name": "recommendationservice-server", "message": "[Recv ListRecommendations] product_ids=['LS4PSXUNUM', '6E92ZMYYFZ', '0PUK6V6EV0', '66VCHSJNUP', 'L9ECAV7KIM']"}
2026-08-15T13:02:56.568453221Z {"timestamp": 1786798976.567161, "severity": "INFO", "name": "recommendationservice-server", "message": "[Recv ListRecommendations] product_ids=['LS4PSXUNUM', '9SIQT8TOJO', 'OLJCESPC7Z', '6E92ZMYYFZ', 'L9ECAV7KIM']"}
2026-08-15T13:02:57.538490455Z {"timestamp": 1786798977.5373855, "severity": "INFO", "name": "recommendationservice-server", "message": "[Recv ListRecommendations] product_ids=['9SIQT8TOJO', '2ZYFJ3GM2N', '6E92ZMYYFZ', 'LS4PSXUNUM', 'OLJCESPC7Z']"}
2026-08-15T13:02:57.760234322Z {"timestamp": 1786798977.7588832, "severity": "INFO", "name": "recommendationservice-server", "message": "[Recv ListRecommendations] product_ids=['2ZYFJ3GM2N', '6E92ZMYYFZ', '1YMWWN1N4O', 'L9ECAV7KIM', '0PUK6V6EV0']"}
2026-08-15T13:02:58.041976340Z {"timestamp": 1786798978.0416255, "severity": "INFO", "name": "recommendationservice-server", "message": "[Recv ListRecommendations] product_ids=['LS4PSXUNUM', 'OLJCESPC7Z', '1YMWWN1N4O', '66VCHSJNUP', '6E92ZMYYFZ']"}
2026-08-15T13:02:58.058849526Z {"timestamp": 1786798978.0585444, "severity": "INFO", "name": "recommendationservice-server", "message": "[Recv ListRecommendations] product_ids=['2ZYFJ3GM2N', '9SIQT8TOJO', '6E92ZMYYFZ', '1YMWWN1N4O', 'LS4PSXUNUM']"}
2026-08-15T13:02:58.144953139Z {"timestamp": 1786798978.1445596, "severity": "INFO", "name": "recommendationservice-server", "message": "[Recv ListRecommendations] product_ids=['1YMWWN1N4O', '66VCHSJNUP', 'LS4PSXUNUM', 'OLJCESPC7Z', '6E92ZMYYFZ']"}
2026-08-15T13:02:58.146995955Z {"timestamp": 1786798978.146615, "severity": "INFO", "name": "recommendationservice-server", "message": "[Recv ListRecommendations] product_ids=['9SIQT8TOJO', 'OLJCESPC7Z', 'LS4PSXUNUM', '0PUK6V6EV0', '2ZYFJ3GM2N']"}
2026-08-15T13:02:58.713177467Z {"timestamp": 1786798978.712039, "severity": "INFO", "name": "recommendationservice-server", "message": "[Recv ListRecommendations] product_ids=['L9ECAV7KIM', '1YMWWN1N4O', '66VCHSJNUP', '0PUK6V6EV0', '6E92ZMYYFZ']"}
2026-08-15T13:02:58.950937636Z {"timestamp": 1786798978.949917, "severity": "INFO", "name": "recommendationservice-server", "message": "[Recv ListRecommendations] product_ids=['6E92ZMYYFZ', 'LS4PSXUNUM', '9SIQT8TOJO', '66VCHSJNUP', '2ZYFJ3GM2N']"}
2026-08-15T13:02:59.050221903Z {"timestamp": 1786798979.0493407, "severity": "INFO", "name": "recommendationservice-server", "message": "[Recv ListRecommendations] product_ids=['6E92ZMYYFZ', '2ZYFJ3GM2N']"}
2026-08-15T13:02:59.460210461Z {"timestamp": 1786798979.459594, "severity": "INFO", "name": "recommendationservice-server", "message": "[Recv ListRecommendations] product_ids=['OLJCESPC7Z', '66VCHSJNUP', '9SIQT8TOJO', '6E92ZMYYFZ', '0PUK6V6EV0']"}
2026-08-15T13:02:59.463443586Z {"timestamp": 1786798979.4626617, "severity": "INFO", "name": "recommendationservice-server", "message": "[Recv ListRecommendations] product_ids=['6E92ZMYYFZ', '0PUK6V6EV0', '9SIQT8TOJO', '66VCHSJNUP', 'L9ECAV7KIM']"}
2026-08-15T13:02:59.689944424Z {"timestamp": 1786798979.6888745, "severity": "INFO", "name": "recommendationservice-server", "message": "[Recv ListRecommendations] product_ids=['LS4PSXUNUM', '66VCHSJNUP', 'L9ECAV7KIM', '2ZYFJ3GM2N', '9SIQT8TOJO']"}
2026-08-15T13:02:59.982290072Z {"timestamp": 1786798979.9812047, "severity": "INFO", "name": "recommendationservice-server", "message": "[Recv ListRecommendations] product_ids=['66VCHSJNUP', '1YMWWN1N4O', '0PUK6V6EV0', '2ZYFJ3GM2N', '6E92ZMYYFZ']"}
2026-08-15T13:03:00.233976739Z {"timestamp": 1786798980.2335796, "severity": "INFO", "name": "recommendationservice-server", "message": "[Recv ListRecommendations] product_ids=['0PUK6V6EV0', '2ZYFJ3GM2N', '66VCHSJNUP', '1YMWWN1N4O', '6E92ZMYYFZ']"}
2026-08-15T13:03:01.701481960Z {"timestamp": 1786798981.70037, "severity": "INFO", "name": "recommendationservice-server", "message": "[Recv ListRecommendations] product_ids=['1YMWWN1N4O', '66VCHSJNUP', 'OLJCESPC7Z', '0PUK6V6EV0']"}
2026-08-15T13:03:01.828879749Z {"timestamp": 1786798981.8273838, "severity": "INFO", "name": "recommendationservice-server", "message": "[Recv ListRecommendations] product_ids=['1YMWWN1N4O', '6E92ZMYYFZ', '0PUK6V6EV0', '66VCHSJNUP', '9SIQT8TOJO']"}
2026-08-15T13:03:02.025436082Z {"timestamp": 1786798982.0236545, "severity": "INFO", "name": "recommendationservice-server", "message": "[Recv ListRecommendations] product_ids=['66VCHSJNUP', '1YMWWN1N4O', 'LS4PSXUNUM', '6E92ZMYYFZ', '0PUK6V6EV0']"}
2026-08-15T13:03:02.150073694Z {"timestamp": 1786798982.1464527, "severity": "INFO", "name": "recommendationservice-server", "message": "[Recv ListRecommendations] product_ids=['L9ECAV7KIM', '0PUK6V6EV0', '9SIQT8TOJO', '66VCHSJNUP', 'LS4PSXUNUM']"}
2026-08-15T13:03:02.300344879Z {"timestamp": 1786798982.3000326, "severity": "INFO", "name": "recommendationservice-server", "message": "[Recv ListRecommendations] product_ids=['66VCHSJNUP', 'OLJCESPC7Z', '0PUK6V6EV0', '1YMWWN1N4O', '6E92ZMYYFZ']"}
2026-08-15T13:03:03.246872700Z {"timestamp": 1786798983.2465765, "severity": "INFO", "name": "recommendationservice-server", "message": "[Recv ListRecommendations] product_ids=['6E92ZMYYFZ', '1YMWWN1N4O', '66VCHSJNUP', 'L9ECAV7KIM', '2ZYFJ3GM2N']"}
2026-08-15T13:03:03.429467731Z {"timestamp": 1786798983.4287086, "severity": "INFO", "name": "recommendationservice-server", "message": "[Recv ListRecommendations] product_ids=['1YMWWN1N4O', 'LS4PSXUNUM', '66VCHSJNUP', '0PUK6V6EV0', '9SIQT8TOJO']"}
2026-08-15T13:03:03.627422403Z {"timestamp": 1786798983.6263328, "severity": "INFO", "name": "recommendationservice-server", "message": "[Recv ListRecommendations] product_ids=['0PUK6V6EV0', '66VCHSJNUP', '6E92ZMYYFZ', 'OLJCESPC7Z', '9SIQT8TOJO']"}
2026-08-15T13:03:04.322590490Z {"timestamp": 1786798984.3210773, "severity": "INFO", "name": "recommendationservice-server", "message": "[Recv ListRecommendations] product_ids=['LS4PSXUNUM', '6E92ZMYYFZ', '2ZYFJ3GM2N', 'OLJCESPC7Z', 'L9ECAV7KIM']"}
2026-08-15T13:03:04.515216928Z {"timestamp": 1786798984.513942, "severity": "INFO", "name": "recommendationservice-server", "message": "[Recv ListRecommendations] product_ids=['OLJCESPC7Z', '66VCHSJNUP', 'LS4PSXUNUM', '1YMWWN1N4O', '2ZYFJ3GM2N']"}
2026-08-15T13:03:04.983585947Z {"timestamp": 1786798984.9823322, "severity": "INFO", "name": "recommendationservice-server", "message": "[Recv ListRecommendations] product_ids=['9SIQT8TOJO', '0PUK6V6EV0', '2ZYFJ3GM2N', '6E92ZMYYFZ', 'LS4PSXUNUM']"}
2026-08-15T13:03:05.068603082Z {"timestamp": 1786798985.0681136, "severity": "INFO", "name": "recommendationservice-server", "message": "[Recv ListRecommendations] product_ids=['L9ECAV7KIM', 'OLJCESPC7Z', '66VCHSJNUP', '2ZYFJ3GM2N', '6E92ZMYYFZ']"}
2026-08-15T13:03:05.140701320Z {"timestamp": 1786798985.1400387, "severity": "INFO", "name": "recommendationservice-server", "message": "[Recv ListRecommendations] product_ids=['OLJCESPC7Z', '0PUK6V6EV0', 'L9ECAV7KIM', '2ZYFJ3GM2N', '6E92ZMYYFZ']"}
2026-08-15T13:03:05.950808045Z {"timestamp": 1786798985.9502244, "severity": "INFO", "name": "recommendationservice-server", "message": "[Recv ListRecommendations] product_ids=['2ZYFJ3GM2N', '9SIQT8TOJO', 'L9ECAV7KIM', '6E92ZMYYFZ', '0PUK6V6EV0']"}
2026-08-15T13:03:06.074763389Z {"timestamp": 1786798986.0743678, "severity": "INFO", "name": "recommendationservice-server", "message": "[Recv ListRecommendations] product_ids=['9SIQT8TOJO', 'LS4PSXUNUM', 'L9ECAV7KIM', '6E92ZMYYFZ', '1YMWWN1N4O']"}
2026-08-15T13:03:06.720116519Z {"timestamp": 1786798986.7184534, "severity": "INFO", "name": "recommendationservice-server", "message": "[Recv ListRecommendations] product_ids=['L9ECAV7KIM', '2ZYFJ3GM2N', '0PUK6V6EV0', 'OLJCESPC7Z', 'LS4PSXUNUM']"}
2026-08-15T13:03:06.840750910Z {"timestamp": 1786798986.839495, "severity": "INFO", "name": "recommendationservice-server", "message": "[Recv ListRecommendations] product_ids=['0PUK6V6EV0', 'OLJCESPC7Z', '1YMWWN1N4O', '9SIQT8TOJO', '6E92ZMYYFZ']"}
2026-08-15T13:03:07.011550083Z {"timestamp": 1786798987.0103135, "severity": "INFO", "name": "recommendationservice-server", "message": "[Recv ListRecommendations] product_ids=['2ZYFJ3GM2N', '0PUK6V6EV0', 'OLJCESPC7Z', '1YMWWN1N4O', '6E92ZMYYFZ']"}
2026-08-15T13:03:07.017281380Z {"timestamp": 1786798987.0147371, "severity": "INFO", "name": "recommendationservice-server", "message": "[Recv ListRecommendations] product_ids=['6E92ZMYYFZ', '66VCHSJNUP', 'OLJCESPC7Z', '0PUK6V6EV0', 'L9ECAV7KIM']"}
2026-08-15T13:03:07.105214920Z {"timestamp": 1786798987.104636, "severity": "INFO", "name": "recommendationservice-server", "message": "[Recv ListRecommendations] product_ids=['0PUK6V6EV0', '1YMWWN1N4O', 'LS4PSXUNUM', '9SIQT8TOJO', '6E92ZMYYFZ']"}
2026-08-15T13:03:07.116495490Z {"timestamp": 1786798987.115828, "severity": "INFO", "name": "recommendationservice-server", "message": "[Recv ListRecommendations] product_ids=['1YMWWN1N4O', '6E92ZMYYFZ', 'L9ECAV7KIM', '0PUK6V6EV0', '66VCHSJNUP']"}
2026-08-15T13:03:07.118336346Z {"timestamp": 1786798987.1176195, "severity": "INFO", "name": "recommendationservice-server", "message": "[Recv ListRecommendations] product_ids=['9SIQT8TOJO', '1YMWWN1N4O', '2ZYFJ3GM2N', '66VCHSJNUP', '6E92ZMYYFZ']"}
2026-08-15T13:03:07.253302132Z {"timestamp": 1786798987.25034, "severity": "INFO", "name": "recommendationservice-server", "message": "[Recv ListRecommendations] product_ids=['LS4PSXUNUM', '6E92ZMYYFZ', '0PUK6V6EV0', '2ZYFJ3GM2N']"}
2026-08-15T13:03:07.457622270Z {"timestamp": 1786798987.4572775, "severity": "INFO", "name": "recommendationservice-server", "message": "[Recv ListRecommendations] product_ids=['66VCHSJNUP', '9SIQT8TOJO', '6E92ZMYYFZ', '0PUK6V6EV0', 'OLJCESPC7Z']"}
2026-08-15T13:03:07.497264988Z {"timestamp": 1786798987.4969487, "severity": "INFO", "name": "recommendationservice-server", "message": "[Recv ListRecommendations] product_ids=['6E92ZMYYFZ', '66VCHSJNUP', '1YMWWN1N4O', 'L9ECAV7KIM', '9SIQT8TOJO']"}
2026-08-15T13:03:09.022792422Z {"timestamp": 1786798989.0217628, "severity": "INFO", "name": "recommendationservice-server", "message": "[Recv ListRecommendations] product_ids=['6E92ZMYYFZ', '0PUK6V6EV0', '1YMWWN1N4O', '9SIQT8TOJO', 'LS4PSXUNUM']"}
2026-08-15T13:03:09.211667811Z {"timestamp": 1786798989.2109287, "severity": "INFO", "name": "recommendationservice-server", "message": "[Recv ListRecommendations] product_ids=['9SIQT8TOJO', '1YMWWN1N4O', '6E92ZMYYFZ', 'L9ECAV7KIM', '66VCHSJNUP']"}
2026-08-15T13:03:09.454402796Z {"timestamp": 1786798989.4525657, "severity": "INFO", "name": "recommendationservice-server", "message": "[Recv ListRecommendations] product_ids=['OLJCESPC7Z', '66VCHSJNUP', '6E92ZMYYFZ', '1YMWWN1N4O', 'LS4PSXUNUM']"}
2026-08-15T13:03:11.029447222Z {"timestamp": 1786798991.0282247, "severity": "INFO", "name": "recommendationservice-server", "message": "[Recv ListRecommendations] product_ids=['66VCHSJNUP', '6E92ZMYYFZ', '0PUK6V6EV0', 'LS4PSXUNUM', '1YMWWN1N4O']"}
2026-08-15T13:03:12.810745456Z {"timestamp": 1786798992.810216, "severity": "INFO", "name": "recommendationservice-server", "message": "[Recv ListRecommendations] product_ids=['66VCHSJNUP', '1YMWWN1N4O', '0PUK6V6EV0', 'L9ECAV7KIM', 'OLJCESPC7Z']"}
2026-08-15T13:03:13.476265987Z {"timestamp": 1786798993.4743874, "severity": "INFO", "name": "recommendationservice-server", "message": "[Recv ListRecommendations] product_ids=['9SIQT8TOJO', 'LS4PSXUNUM', '1YMWWN1N4O', '66VCHSJNUP', '0PUK6V6EV0']"}
2026-08-15T13:03:13.618049322Z {"timestamp": 1786798993.6168518, "severity": "INFO", "name": "recommendationservice-server", "message": "[Recv ListRecommendations] product_ids=['LS4PSXUNUM', '2ZYFJ3GM2N', '0PUK6V6EV0', 'L9ECAV7KIM', '1YMWWN1N4O']"}
2026-08-15T13:03:13.746277270Z {"timestamp": 1786798993.745593, "severity": "INFO", "name": "recommendationservice-server", "message": "[Recv ListRecommendations] product_ids=['0PUK6V6EV0', 'OLJCESPC7Z', '2ZYFJ3GM2N', '6E92ZMYYFZ', '66VCHSJNUP']"}
2026-08-15T13:03:14.666326839Z {"timestamp": 1786798994.6653636, "severity": "INFO", "name": "recommendationservice-server", "message": "[Recv ListRecommendations] product_ids=['6E92ZMYYFZ', '1YMWWN1N4O', '66VCHSJNUP', '9SIQT8TOJO', '2ZYFJ3GM2N']"}
2026-08-15T13:03:14.669128342Z {"timestamp": 1786798994.6683762, "severity": "INFO", "name": "recommendationservice-server", "message": "[Recv ListRecommendations] product_ids=['LS4PSXUNUM', '0PUK6V6EV0', '1YMWWN1N4O', '6E92ZMYYFZ', '9SIQT8TOJO']"}
2026-08-15T13:03:14.758769558Z {"timestamp": 1786798994.758176, "severity": "INFO", "name": "recommendationservice-server", "message": "[Recv ListRecommendations] product_ids=['OLJCESPC7Z', 'L9ECAV7KIM', '1YMWWN1N4O', '6E92ZMYYFZ', '9SIQT8TOJO']"}
2026-08-15T13:03:14.847605086Z {"timestamp": 1786798994.8468525, "severity": "INFO", "name": "recommendationservice-server", "message": "[Recv ListRecommendations] product_ids=['L9ECAV7KIM', 'OLJCESPC7Z', '6E92ZMYYFZ', '2ZYFJ3GM2N', 'LS4PSXUNUM']"}
2026-08-15T13:03:14.934947252Z {"timestamp": 1786798994.9346101, "severity": "INFO", "name": "recommendationservice-server", "message": "[Recv ListRecommendations] product_ids=['1YMWWN1N4O', '9SIQT8TOJO', 'OLJCESPC7Z', '66VCHSJNUP', 'LS4PSXUNUM']"}
2026-08-15T13:03:15.150843251Z {"timestamp": 1786798995.1503165, "severity": "INFO", "name": "recommendationservice-server", "message": "[Recv ListRecommendations] product_ids=['OLJCESPC7Z', '6E92ZMYYFZ', '0PUK6V6EV0', 'L9ECAV7KIM', '1YMWWN1N4O']"}
2026-08-15T13:03:15.387443195Z {"timestamp": 1786798995.386972, "severity": "INFO", "name": "recommendationservice-server", "message": "[Recv ListRecommendations] product_ids=['L9ECAV7KIM', '6E92ZMYYFZ', 'OLJCESPC7Z', '1YMWWN1N4O', 'LS4PSXUNUM']"}
2026-08-15T13:03:16.204528752Z {"timestamp": 1786798996.2038136, "severity": "INFO", "name": "recommendationservice-server", "message": "[Recv ListRecommendations] product_ids=['1YMWWN1N4O', '9SIQT8TOJO', '6E92ZMYYFZ', '66VCHSJNUP', 'L9ECAV7KIM']"}
2026-08-15T13:03:16.233633206Z {"timestamp": 1786798996.2317033, "severity": "INFO", "name": "recommendationservice-server", "message": "[Recv ListRecommendations] product_ids=['LS4PSXUNUM', '6E92ZMYYFZ', 'L9ECAV7KIM', '2ZYFJ3GM2N', '9SIQT8TOJO']"}
2026-08-15T13:03:16.310138298Z {"timestamp": 1786798996.309642, "severity": "INFO", "name": "recommendationservice-server", "message": "[Recv ListRecommendations] product_ids=['9SIQT8TOJO', '2ZYFJ3GM2N', 'LS4PSXUNUM', 'OLJCESPC7Z', '6E92ZMYYFZ']"}
2026-08-15T13:03:16.337021011Z {"timestamp": 1786798996.3363476, "severity": "INFO", "name": "recommendationservice-server", "message": "[Recv ListRecommendations] product_ids=['66VCHSJNUP', '0PUK6V6EV0', 'OLJCESPC7Z', '1YMWWN1N4O']"}
2026-08-15T13:03:16.408751385Z {"timestamp": 1786798996.4081643, "severity": "INFO", "name": "recommendationservice-server", "message": "[Recv ListRecommendations] product_ids=['LS4PSXUNUM', '2ZYFJ3GM2N', 'OLJCESPC7Z', '9SIQT8TOJO', '66VCHSJNUP']"}
2026-08-15T13:03:17.053470861Z {"timestamp": 1786798997.0528948, "severity": "INFO", "name": "recommendationservice-server", "message": "[Recv ListRecommendations] product_ids=['6E92ZMYYFZ', 'L9ECAV7KIM', 'LS4PSXUNUM', '9SIQT8TOJO', '2ZYFJ3GM2N']"}
2026-08-15T13:03:17.389872321Z {"timestamp": 1786798997.3886771, "severity": "INFO", "name": "recommendationservice-server", "message": "[Recv ListRecommendations] product_ids=['2ZYFJ3GM2N', '9SIQT8TOJO', '6E92ZMYYFZ', 'OLJCESPC7Z', '66VCHSJNUP']"}
2026-08-15T13:03:18.410952487Z {"timestamp": 1786798998.4097488, "severity": "INFO", "name": "recommendationservice-server", "message": "[Recv ListRecommendations] product_ids=['2ZYFJ3GM2N', '0PUK6V6EV0', 'L9ECAV7KIM', '1YMWWN1N4O', '66VCHSJNUP']"}
2026-08-15T13:03:18.693440604Z {"timestamp": 1786798998.6923115, "severity": "INFO", "name": "recommendationservice-server", "message": "[Recv ListRecommendations] product_ids=['6E92ZMYYFZ', 'OLJCESPC7Z', '0PUK6V6EV0', '66VCHSJNUP', '1YMWWN1N4O']"}
2026-08-15T13:03:19.762607782Z {"timestamp": 1786798999.7610843, "severity": "INFO", "name": "recommendationservice-server", "message": "[Recv ListRecommendations] product_ids=['66VCHSJNUP', '0PUK6V6EV0', 'L9ECAV7KIM', '9SIQT8TOJO', 'LS4PSXUNUM']"}
2026-08-15T13:03:20.668696485Z {"timestamp": 1786799000.6676774, "severity": "INFO", "name": "recommendationservice-server", "message": "[Recv ListRecommendations] product_ids=['L9ECAV7KIM', '9SIQT8TOJO', 'OLJCESPC7Z', '2ZYFJ3GM2N', '6E92ZMYYFZ']"}
2026-08-15T13:03:20.859322245Z {"timestamp": 1786799000.8580534, "severity": "INFO", "name": "recommendationservice-server", "message": "[Recv ListRecommendations] product_ids=['6E92ZMYYFZ', 'L9ECAV7KIM', '1YMWWN1N4O', 'OLJCESPC7Z', '0PUK6V6EV0']"}
2026-08-15T13:03:21.067253581Z {"timestamp": 1786799001.065777, "severity": "INFO", "name": "recommendationservice-server", "message": "[Recv ListRecommendations] product_ids=['0PUK6V6EV0', 'OLJCESPC7Z', '6E92ZMYYFZ', '2ZYFJ3GM2N', 'L9ECAV7KIM']"}
2026-08-15T13:03:21.147797811Z {"timestamp": 1786799001.1422882, "severity": "INFO", "name": "recommendationservice-server", "message": "[Recv ListRecommendations] product_ids=['6E92ZMYYFZ', 'L9ECAV7KIM', '0PUK6V6EV0', 'LS4PSXUNUM', '1YMWWN1N4O']"}
2026-08-15T13:03:21.350033729Z {"timestamp": 1786799001.3488905, "severity": "INFO", "name": "recommendationservice-server", "message": "[Recv ListRecommendations] product_ids=['0PUK6V6EV0', '66VCHSJNUP', 'L9ECAV7KIM', '2ZYFJ3GM2N', '9SIQT8TOJO']"}
2026-08-15T13:03:21.905755059Z {"timestamp": 1786799001.9042196, "severity": "INFO", "name": "recommendationservice-server", "message": "[Recv ListRecommendations] product_ids=['0PUK6V6EV0', '2ZYFJ3GM2N', '6E92ZMYYFZ', 'LS4PSXUNUM']"}
2026-08-15T13:03:22.186657004Z {"timestamp": 1786799002.1860445, "severity": "INFO", "name": "recommendationservice-server", "message": "[Recv ListRecommendations] product_ids=['9SIQT8TOJO', 'LS4PSXUNUM', '66VCHSJNUP', '1YMWWN1N4O', '2ZYFJ3GM2N']"}
2026-08-15T13:03:22.201929159Z {"timestamp": 1786799002.2016108, "severity": "INFO", "name": "recommendationservice-server", "message": "[Recv ListRecommendations] product_ids=['2ZYFJ3GM2N', '9SIQT8TOJO', 'L9ECAV7KIM', '6E92ZMYYFZ', '0PUK6V6EV0']"}
2026-08-15T13:03:22.235182063Z {"timestamp": 1786799002.2348144, "severity": "INFO", "name": "recommendationservice-server", "message": "[Recv ListRecommendations] product_ids=['L9ECAV7KIM', '1YMWWN1N4O', '2ZYFJ3GM2N', '6E92ZMYYFZ', '66VCHSJNUP']"}
2026-08-15T13:03:22.560437423Z {"timestamp": 1786799002.560083, "severity": "INFO", "name": "recommendationservice-server", "message": "[Recv ListRecommendations] product_ids=['2ZYFJ3GM2N', 'LS4PSXUNUM', 'L9ECAV7KIM', '66VCHSJNUP', '6E92ZMYYFZ']"}
2026-08-15T13:03:22.576342330Z {"timestamp": 1786799002.5760286, "severity": "INFO", "name": "recommendationservice-server", "message": "[Recv ListRecommendations] product_ids=['66VCHSJNUP', '2ZYFJ3GM2N', '9SIQT8TOJO', 'LS4PSXUNUM', '1YMWWN1N4O']"}
2026-08-15T13:03:22.604936420Z {"timestamp": 1786799002.60463, "severity": "INFO", "name": "recommendationservice-server", "message": "[Recv ListRecommendations] product_ids=['66VCHSJNUP', '6E92ZMYYFZ', '0PUK6V6EV0', '1YMWWN1N4O', '2ZYFJ3GM2N']"}
2026-08-15T13:03:23.185995343Z {"timestamp": 1786799003.1855493, "severity": "INFO", "name": "recommendationservice-server", "message": "[Recv ListRecommendations] product_ids=['2ZYFJ3GM2N', 'L9ECAV7KIM', 'OLJCESPC7Z', '9SIQT8TOJO', '6E92ZMYYFZ']"}
2026-08-15T13:03:24.367508650Z {"timestamp": 1786799004.3664372, "severity": "INFO", "name": "recommendationservice-server", "message": "[Recv ListRecommendations] product_ids=['6E92ZMYYFZ', 'L9ECAV7KIM', '1YMWWN1N4O', '9SIQT8TOJO', '0PUK6V6EV0']"}
2026-08-15T13:03:24.397319663Z {"timestamp": 1786799004.3969877, "severity": "INFO", "name": "recommendationservice-server", "message": "[Recv ListRecommendations] product_ids=['L9ECAV7KIM', '0PUK6V6EV0', '9SIQT8TOJO', 'LS4PSXUNUM', 'OLJCESPC7Z']"}
2026-08-15T13:03:25.404306031Z {"timestamp": 1786799005.4033127, "severity": "INFO", "name": "recommendationservice-server", "message": "[Recv ListRecommendations] product_ids=['OLJCESPC7Z', 'LS4PSXUNUM', '66VCHSJNUP', '2ZYFJ3GM2N', '0PUK6V6EV0']"}
2026-08-15T13:03:25.521712097Z {"timestamp": 1786799005.520445, "severity": "INFO", "name": "recommendationservice-server", "message": "[Recv ListRecommendations] product_ids=['9SIQT8TOJO', 'L9ECAV7KIM', '66VCHSJNUP', '1YMWWN1N4O', '0PUK6V6EV0']"}
2026-08-15T13:03:25.613402363Z {"timestamp": 1786799005.6128154, "severity": "INFO", "name": "recommendationservice-server", "message": "[Recv ListRecommendations] product_ids=['2ZYFJ3GM2N', 'OLJCESPC7Z', '1YMWWN1N4O', '6E92ZMYYFZ', '0PUK6V6EV0']"}
2026-08-15T13:03:25.841904256Z {"timestamp": 1786799005.8413174, "severity": "INFO", "name": "recommendationservice-server", "message": "[Recv ListRecommendations] product_ids=['LS4PSXUNUM', '1YMWWN1N4O', 'L9ECAV7KIM', '2ZYFJ3GM2N', '6E92ZMYYFZ']"}
2026-08-15T13:03:26.016362087Z {"timestamp": 1786799006.0115747, "severity": "INFO", "name": "recommendationservice-server", "message": "[Recv ListRecommendations] product_ids=['L9ECAV7KIM', '2ZYFJ3GM2N', 'LS4PSXUNUM', '1YMWWN1N4O', '66VCHSJNUP']"}
2026-08-15T13:03:26.100690410Z {"timestamp": 1786799006.100295, "severity": "INFO", "name": "recommendationservice-server", "message": "[Recv ListRecommendations] product_ids=['6E92ZMYYFZ', 'L9ECAV7KIM', '1YMWWN1N4O', '9SIQT8TOJO', 'OLJCESPC7Z']"}
2026-08-15T13:03:26.861110760Z {"timestamp": 1786799006.860567, "severity": "INFO", "name": "recommendationservice-server", "message": "[Recv ListRecommendations] product_ids=['1YMWWN1N4O', '2ZYFJ3GM2N', '0PUK6V6EV0', 'LS4PSXUNUM', 'OLJCESPC7Z']"}
2026-08-15T13:03:27.002753375Z {"timestamp": 1786799007.0024536, "severity": "INFO", "name": "recommendationservice-server", "message": "[Recv ListRecommendations] product_ids=['OLJCESPC7Z', '0PUK6V6EV0', '2ZYFJ3GM2N', '1YMWWN1N4O', '6E92ZMYYFZ']"}
2026-08-15T13:03:27.086397828Z {"timestamp": 1786799007.0858305, "severity": "INFO", "name": "recommendationservice-server", "message": "[Recv ListRecommendations] product_ids=['0PUK6V6EV0', 'OLJCESPC7Z', 'L9ECAV7KIM', '1YMWWN1N4O', '9SIQT8TOJO']"}
2026-08-15T13:03:29.102577789Z {"timestamp": 1786799009.1022286, "severity": "INFO", "name": "recommendationservice-server", "message": "[Recv ListRecommendations] product_ids=['1YMWWN1N4O', '6E92ZMYYFZ', '2ZYFJ3GM2N', 'OLJCESPC7Z', '66VCHSJNUP']"}
2026-08-15T13:03:29.105819916Z {"timestamp": 1786799009.1054137, "severity": "INFO", "name": "recommendationservice-server", "message": "[Recv ListRecommendations] product_ids=['9SIQT8TOJO', '2ZYFJ3GM2N', '66VCHSJNUP', 'L9ECAV7KIM', 'LS4PSXUNUM']"}
2026-08-15T13:03:30.382749366Z {"timestamp": 1786799010.3823812, "severity": "INFO", "name": "recommendationservice-server", "message": "[Recv ListRecommendations] product_ids=['9SIQT8TOJO', 'LS4PSXUNUM', 'L9ECAV7KIM', '66VCHSJNUP', 'OLJCESPC7Z']"}
2026-08-15T13:03:30.762221151Z {"timestamp": 1786799010.7618496, "severity": "INFO", "name": "recommendationservice-server", "message": "[Recv ListRecommendations] product_ids=['0PUK6V6EV0', '2ZYFJ3GM2N', '1YMWWN1N4O', 'OLJCESPC7Z', 'LS4PSXUNUM']"}
2026-08-15T13:03:30.779467586Z {"timestamp": 1786799010.7790034, "severity": "INFO", "name": "recommendationservice-server", "message": "[Recv ListRecommendations] product_ids=['0PUK6V6EV0', '66VCHSJNUP', '1YMWWN1N4O', 'OLJCESPC7Z']"}
2026-08-15T13:03:30.783558497Z {"timestamp": 1786799010.783208, "severity": "INFO", "name": "recommendationservice-server", "message": "[Recv ListRecommendations] product_ids=['LS4PSXUNUM', '6E92ZMYYFZ', 'L9ECAV7KIM', '66VCHSJNUP', '1YMWWN1N4O']"}
2026-08-15T13:03:31.039235011Z {"timestamp": 1786799011.0387943, "severity": "INFO", "name": "recommendationservice-server", "message": "[Recv ListRecommendations] product_ids=['6E92ZMYYFZ', 'L9ECAV7KIM', 'LS4PSXUNUM', 'OLJCESPC7Z', '2ZYFJ3GM2N']"}
2026-08-15T13:03:31.058774576Z {"timestamp": 1786799011.0583746, "severity": "INFO", "name": "recommendationservice-server", "message": "[Recv ListRecommendations] product_ids=['0PUK6V6EV0', '6E92ZMYYFZ', 'L9ECAV7KIM', 'OLJCESPC7Z', '9SIQT8TOJO']"}
2026-08-15T13:03:31.999480085Z {"timestamp": 1786799011.9983203, "severity": "INFO", "name": "recommendationservice-server", "message": "[Recv ListRecommendations] product_ids=['LS4PSXUNUM', '66VCHSJNUP', 'OLJCESPC7Z', '9SIQT8TOJO', 'L9ECAV7KIM']"}
2026-08-15T13:03:32.136111126Z {"timestamp": 1786799012.1354163, "severity": "INFO", "name": "recommendationservice-server", "message": "[Recv ListRecommendations] product_ids=['L9ECAV7KIM', '9SIQT8TOJO', '2ZYFJ3GM2N', '1YMWWN1N4O', '0PUK6V6EV0']"}
2026-08-15T13:03:32.527500989Z {"timestamp": 1786799012.527214, "severity": "INFO", "name": "recommendationservice-server", "message": "[Recv ListRecommendations] product_ids=['2ZYFJ3GM2N', '6E92ZMYYFZ', '66VCHSJNUP', 'L9ECAV7KIM', 'LS4PSXUNUM']"}
2026-08-15T13:03:32.818429048Z {"timestamp": 1786799012.8181357, "severity": "INFO", "name": "recommendationservice-server", "message": "[Recv ListRecommendations] product_ids=['1YMWWN1N4O', '66VCHSJNUP', '0PUK6V6EV0', '6E92ZMYYFZ', 'OLJCESPC7Z']"}
2026-08-15T13:03:32.837576174Z {"timestamp": 1786799012.8372843, "severity": "INFO", "name": "recommendationservice-server", "message": "[Recv ListRecommendations] product_ids=['1YMWWN1N4O', '2ZYFJ3GM2N', '6E92ZMYYFZ', 'LS4PSXUNUM', 'L9ECAV7KIM']"}
2026-08-15T13:03:33.861689071Z {"timestamp": 1786799013.8610635, "severity": "INFO", "name": "recommendationservice-server", "message": "[Recv ListRecommendations] product_ids=['L9ECAV7KIM', 'LS4PSXUNUM', '9SIQT8TOJO', '6E92ZMYYFZ', '1YMWWN1N4O']"}
2026-08-15T13:03:33.887000917Z {"timestamp": 1786799013.8864186, "severity": "INFO", "name": "recommendationservice-server", "message": "[Recv ListRecommendations] product_ids=['OLJCESPC7Z', 'LS4PSXUNUM', '9SIQT8TOJO', '66VCHSJNUP', '0PUK6V6EV0']"}
2026-08-15T13:03:34.311160075Z {"timestamp": 1786799014.3108234, "severity": "INFO", "name": "recommendationservice-server", "message": "[Recv ListRecommendations] product_ids=['0PUK6V6EV0', 'L9ECAV7KIM', 'LS4PSXUNUM', '1YMWWN1N4O', '2ZYFJ3GM2N']"}
2026-08-15T13:03:34.312852645Z {"timestamp": 1786799014.3121362, "severity": "INFO", "name": "recommendationservice-server", "message": "[Recv ListRecommendations] product_ids=['66VCHSJNUP', '1YMWWN1N4O', '0PUK6V6EV0', 'OLJCESPC7Z', 'LS4PSXUNUM']"}
2026-08-15T13:03:34.557268027Z {"timestamp": 1786799014.5558994, "severity": "INFO", "name": "recommendationservice-server", "message": "[Recv ListRecommendations] product_ids=['OLJCESPC7Z', '9SIQT8TOJO', '6E92ZMYYFZ', 'L9ECAV7KIM', '1YMWWN1N4O']"}
2026-08-15T13:03:34.714610451Z {"timestamp": 1786799014.7142332, "severity": "INFO", "name": "recommendationservice-server", "message": "[Recv ListRecommendations] product_ids=['2ZYFJ3GM2N', '0PUK6V6EV0', '66VCHSJNUP', 'LS4PSXUNUM', 'L9ECAV7KIM']"}
2026-08-15T13:03:34.879104995Z {"timestamp": 1786799014.8779342, "severity": "INFO", "name": "recommendationservice-server", "message": "[Recv ListRecommendations] product_ids=['66VCHSJNUP', '2ZYFJ3GM2N', 'LS4PSXUNUM', '1YMWWN1N4O', 'OLJCESPC7Z']"}
2026-08-15T13:03:35.548841251Z {"timestamp": 1786799015.5484552, "severity": "INFO", "name": "recommendationservice-server", "message": "[Recv ListRecommendations] product_ids=['1YMWWN1N4O', '9SIQT8TOJO', '0PUK6V6EV0', '66VCHSJNUP', 'OLJCESPC7Z']"}
2026-08-15T13:03:35.568415520Z {"timestamp": 1786799015.5679564, "severity": "INFO", "name": "recommendationservice-server", "message": "[Recv ListRecommendations] product_ids=['1YMWWN1N4O', '66VCHSJNUP', '0PUK6V6EV0', 'OLJCESPC7Z', '2ZYFJ3GM2N']"}
2026-08-15T13:03:36.544208557Z {"timestamp": 1786799016.5428157, "severity": "INFO", "name": "recommendationservice-server", "message": "[Recv ListRecommendations] product_ids=['66VCHSJNUP', 'LS4PSXUNUM', '0PUK6V6EV0', '6E92ZMYYFZ', '1YMWWN1N4O']"}
2026-08-15T13:03:36.767637328Z {"timestamp": 1786799016.7664318, "severity": "INFO", "name": "recommendationservice-server", "message": "[Recv ListRecommendations] product_ids=['OLJCESPC7Z', '6E92ZMYYFZ', '9SIQT8TOJO', '1YMWWN1N4O', 'L9ECAV7KIM']"}
2026-08-15T13:03:36.854415956Z {"timestamp": 1786799016.8534815, "severity": "INFO", "name": "recommendationservice-server", "message": "[Recv ListRecommendations] product_ids=['L9ECAV7KIM', '1YMWWN1N4O', 'LS4PSXUNUM', '9SIQT8TOJO', '0PUK6V6EV0']"}
2026-08-15T13:03:37.880840585Z {"timestamp": 1786799017.8797162, "severity": "INFO", "name": "recommendationservice-server", "message": "[Recv ListRecommendations] product_ids=['2ZYFJ3GM2N', '66VCHSJNUP', '6E92ZMYYFZ', 'LS4PSXUNUM', '9SIQT8TOJO']"}
2026-08-15T13:03:39.716897529Z {"timestamp": 1786799019.715524, "severity": "INFO", "name": "recommendationservice-server", "message": "[Recv ListRecommendations] product_ids=['6E92ZMYYFZ', 'L9ECAV7KIM', '66VCHSJNUP', '9SIQT8TOJO', 'OLJCESPC7Z']"}
2026-08-15T13:03:39.802381006Z {"timestamp": 1786799019.7194686, "severity": "INFO", "name": "recommendationservice-server", "message": "[Recv ListRecommendations] product_ids=['LS4PSXUNUM', 'L9ECAV7KIM', '6E92ZMYYFZ', '9SIQT8TOJO', '1YMWWN1N4O']"}
2026-08-15T13:03:39.902287146Z {"timestamp": 1786799019.9016926, "severity": "INFO", "name": "recommendationservice-server", "message": "[Recv ListRecommendations] product_ids=['66VCHSJNUP', '1YMWWN1N4O', 'LS4PSXUNUM', 'OLJCESPC7Z', '9SIQT8TOJO']"}
2026-08-15T13:03:40.009948774Z {"timestamp": 1786799020.0081084, "severity": "INFO", "name": "recommendationservice-server", "message": "[Recv ListRecommendations] product_ids=['1YMWWN1N4O', '0PUK6V6EV0', 'OLJCESPC7Z', 'L9ECAV7KIM', 'LS4PSXUNUM']"}
2026-08-15T13:03:40.468979666Z {"timestamp": 1786799020.4668453, "severity": "INFO", "name": "recommendationservice-server", "message": "[Recv ListRecommendations] product_ids=['L9ECAV7KIM', '1YMWWN1N4O', '0PUK6V6EV0', '66VCHSJNUP', '6E92ZMYYFZ']"}
2026-08-15T13:03:40.530522713Z {"timestamp": 1786799020.53011, "severity": "INFO", "name": "recommendationservice-server", "message": "[Recv ListRecommendations] product_ids=['9SIQT8TOJO', '6E92ZMYYFZ', '66VCHSJNUP', 'L9ECAV7KIM', 'LS4PSXUNUM']"}
2026-08-15T13:03:40.825438547Z {"timestamp": 1786799020.8240118, "severity": "INFO", "name": "recommendationservice-server", "message": "[Recv ListRecommendations] product_ids=['6E92ZMYYFZ', '2ZYFJ3GM2N', '1YMWWN1N4O', '66VCHSJNUP', 'OLJCESPC7Z']"}
2026-08-15T13:03:41.447275865Z {"timestamp": 1786799021.446937, "severity": "INFO", "name": "recommendationservice-server", "message": "[Recv ListRecommendations] product_ids=['L9ECAV7KIM', '9SIQT8TOJO', '0PUK6V6EV0', '2ZYFJ3GM2N', '66VCHSJNUP']"}
2026-08-15T13:03:41.523464498Z {"timestamp": 1786799021.5231147, "severity": "INFO", "name": "recommendationservice-server", "message": "[Recv ListRecommendations] product_ids=['L9ECAV7KIM', '2ZYFJ3GM2N', '6E92ZMYYFZ', '1YMWWN1N4O', '66VCHSJNUP']"}
2026-08-15T13:03:42.174253654Z {"timestamp": 1786799022.1738136, "severity": "INFO", "name": "recommendationservice-server", "message": "[Recv ListRecommendations] product_ids=['OLJCESPC7Z', '66VCHSJNUP', '6E92ZMYYFZ', 'L9ECAV7KIM', '2ZYFJ3GM2N']"}
2026-08-15T13:03:42.194649024Z {"timestamp": 1786799022.1942089, "severity": "INFO", "name": "recommendationservice-server", "message": "[Recv ListRecommendations] product_ids=['2ZYFJ3GM2N', '66VCHSJNUP', 'L9ECAV7KIM', 'LS4PSXUNUM', '6E92ZMYYFZ']"}
2026-08-15T13:03:42.266177785Z {"timestamp": 1786799022.265728, "severity": "INFO", "name": "recommendationservice-server", "message": "[Recv ListRecommendations] product_ids=['LS4PSXUNUM', 'L9ECAV7KIM', 'OLJCESPC7Z', '1YMWWN1N4O', '9SIQT8TOJO']"}
2026-08-15T13:03:42.356357238Z {"timestamp": 1786799022.355899, "severity": "INFO", "name": "recommendationservice-server", "message": "[Recv ListRecommendations] product_ids=['6E92ZMYYFZ', '1YMWWN1N4O', '2ZYFJ3GM2N', '0PUK6V6EV0', '9SIQT8TOJO']"}
2026-08-15T13:03:42.647673907Z {"timestamp": 1786799022.6464758, "severity": "INFO", "name": "recommendationservice-server", "message": "[Recv ListRecommendations] product_ids=['9SIQT8TOJO', '66VCHSJNUP', '2ZYFJ3GM2N', 'OLJCESPC7Z', '1YMWWN1N4O']"}
2026-08-15T13:03:42.815403432Z {"timestamp": 1786799022.8147702, "severity": "INFO", "name": "recommendationservice-server", "message": "[Recv ListRecommendations] product_ids=['LS4PSXUNUM', '9SIQT8TOJO', '6E92ZMYYFZ', '0PUK6V6EV0', '1YMWWN1N4O']"}
2026-08-15T13:03:44.557390546Z {"timestamp": 1786799024.5564733, "severity": "INFO", "name": "recommendationservice-server", "message": "[Recv ListRecommendations] product_ids=['0PUK6V6EV0', '2ZYFJ3GM2N', '1YMWWN1N4O', '66VCHSJNUP', '9SIQT8TOJO']"}
2026-08-15T13:03:44.629806996Z {"timestamp": 1786799024.6295464, "severity": "INFO", "name": "recommendationservice-server", "message": "[Recv ListRecommendations] product_ids=['0PUK6V6EV0', '2ZYFJ3GM2N', 'LS4PSXUNUM', '9SIQT8TOJO', '1YMWWN1N4O']"}
2026-08-15T13:03:45.907094543Z {"timestamp": 1786799025.9065824, "severity": "INFO", "name": "recommendationservice-server", "message": "[Recv ListRecommendations] product_ids=['6E92ZMYYFZ', '66VCHSJNUP', 'OLJCESPC7Z', '1YMWWN1N4O', 'L9ECAV7KIM']"}
2026-08-15T13:03:46.012936986Z {"timestamp": 1786799026.0117006, "severity": "INFO", "name": "recommendationservice-server", "message": "[Recv ListRecommendations] product_ids=['6E92ZMYYFZ', '1YMWWN1N4O', '2ZYFJ3GM2N', '0PUK6V6EV0', 'LS4PSXUNUM']"}
2026-08-15T13:03:46.293152328Z {"timestamp": 1786799026.2918239, "severity": "INFO", "name": "recommendationservice-server", "message": "[Recv ListRecommendations] product_ids=['0PUK6V6EV0', '1YMWWN1N4O', '9SIQT8TOJO', '6E92ZMYYFZ', 'L9ECAV7KIM']"}
2026-08-15T13:03:46.898506193Z {"timestamp": 1786799026.8976188, "severity": "INFO", "name": "recommendationservice-server", "message": "[Recv ListRecommendations] product_ids=['0PUK6V6EV0', '2ZYFJ3GM2N', '9SIQT8TOJO', '66VCHSJNUP', 'LS4PSXUNUM']"}
2026-08-15T13:03:47.380181274Z {"timestamp": 1786799027.3795214, "severity": "INFO", "name": "recommendationservice-server", "message": "[Recv ListRecommendations] product_ids=['1YMWWN1N4O', 'L9ECAV7KIM', 'OLJCESPC7Z', '6E92ZMYYFZ', 'LS4PSXUNUM']"}
2026-08-15T13:03:48.081150126Z {"timestamp": 1786799028.0802517, "severity": "INFO", "name": "recommendationservice-server", "message": "[Recv ListRecommendations] product_ids=['1YMWWN1N4O', '66VCHSJNUP', 'OLJCESPC7Z', '0PUK6V6EV0']"}
2026-08-15T13:03:48.734615998Z {"timestamp": 1786799028.7330348, "severity": "INFO", "name": "recommendationservice-server", "message": "[Recv ListRecommendations] product_ids=['9SIQT8TOJO', '66VCHSJNUP', '0PUK6V6EV0', '2ZYFJ3GM2N', 'L9ECAV7KIM']"}
2026-08-15T13:03:48.875746302Z {"timestamp": 1786799028.8750594, "severity": "INFO", "name": "recommendationservice-server", "message": "[Recv ListRecommendations] product_ids=['66VCHSJNUP', 'L9ECAV7KIM', '2ZYFJ3GM2N', 'OLJCESPC7Z', 'LS4PSXUNUM']"}
2026-08-15T13:03:49.668023945Z {"timestamp": 1786799029.667639, "severity": "INFO", "name": "recommendationservice-server", "message": "[Recv ListRecommendations] product_ids=['0PUK6V6EV0', '1YMWWN1N4O', '66VCHSJNUP', 'LS4PSXUNUM', 'OLJCESPC7Z']"}
2026-08-15T13:03:49.814892527Z {"timestamp": 1786799029.814332, "severity": "INFO", "name": "recommendationservice-server", "message": "[Recv ListRecommendations] product_ids=['6E92ZMYYFZ', '1YMWWN1N4O', 'LS4PSXUNUM', '0PUK6V6EV0', 'L9ECAV7KIM']"}
2026-08-15T13:03:50.016997169Z {"timestamp": 1786799030.015475, "severity": "INFO", "name": "recommendationservice-server", "message": "[Recv ListRecommendations] product_ids=['OLJCESPC7Z', 'LS4PSXUNUM', '2ZYFJ3GM2N', '0PUK6V6EV0', '1YMWWN1N4O']"}
2026-08-15T13:03:50.271982233Z {"timestamp": 1786799030.2709033, "severity": "INFO", "name": "recommendationservice-server", "message": "[Recv ListRecommendations] product_ids=['LS4PSXUNUM', '6E92ZMYYFZ', 'OLJCESPC7Z', '1YMWWN1N4O', '2ZYFJ3GM2N']"}
2026-08-15T13:03:50.306581216Z {"timestamp": 1786799030.3058534, "severity": "INFO", "name": "recommendationservice-server", "message": "[Recv ListRecommendations] product_ids=['LS4PSXUNUM', '66VCHSJNUP', '1YMWWN1N4O', '0PUK6V6EV0', 'L9ECAV7KIM']"}
2026-08-15T13:03:50.401894609Z {"timestamp": 1786799030.4012268, "severity": "INFO", "name": "recommendationservice-server", "message": "[Recv ListRecommendations] product_ids=['0PUK6V6EV0', '1YMWWN1N4O', '2ZYFJ3GM2N', 'OLJCESPC7Z', '66VCHSJNUP']"}
2026-08-15T13:03:50.405256148Z {"timestamp": 1786799030.4045029, "severity": "INFO", "name": "recommendationservice-server", "message": "[Recv ListRecommendations] product_ids=['6E92ZMYYFZ', 'L9ECAV7KIM', 'LS4PSXUNUM', '2ZYFJ3GM2N', '1YMWWN1N4O']"}
2026-08-15T13:03:50.927844046Z {"timestamp": 1786799030.925587, "severity": "INFO", "name": "recommendationservice-server", "message": "[Recv ListRecommendations] product_ids=['LS4PSXUNUM', '6E92ZMYYFZ', 'L9ECAV7KIM', '9SIQT8TOJO', '66VCHSJNUP']"}
2026-08-15T13:03:51.101130387Z {"timestamp": 1786799031.100295, "severity": "INFO", "name": "recommendationservice-server", "message": "[Recv ListRecommendations] product_ids=['6E92ZMYYFZ', 'LS4PSXUNUM', '1YMWWN1N4O', '0PUK6V6EV0', 'L9ECAV7KIM']"}
2026-08-15T13:03:51.103403316Z {"timestamp": 1786799031.1027074, "severity": "INFO", "name": "recommendationservice-server", "message": "[Recv ListRecommendations] product_ids=['2ZYFJ3GM2N', '1YMWWN1N4O', '0PUK6V6EV0', 'LS4PSXUNUM', '9SIQT8TOJO']"}
2026-08-15T13:03:51.660349273Z {"timestamp": 1786799031.6592534, "severity": "INFO", "name": "recommendationservice-server", "message": "[Recv ListRecommendations] product_ids=['LS4PSXUNUM', '6E92ZMYYFZ', '66VCHSJNUP', '0PUK6V6EV0', 'L9ECAV7KIM']"}
2026-08-15T13:03:51.664392680Z {"timestamp": 1786799031.6632564, "severity": "INFO", "name": "recommendationservice-server", "message": "[Recv ListRecommendations] product_ids=['9SIQT8TOJO', '1YMWWN1N4O', '2ZYFJ3GM2N', 'OLJCESPC7Z', '66VCHSJNUP']"}
2026-08-15T13:03:51.761661870Z {"timestamp": 1786799031.757862, "severity": "INFO", "name": "recommendationservice-server", "message": "[Recv ListRecommendations] product_ids=['LS4PSXUNUM', '6E92ZMYYFZ', '66VCHSJNUP', '9SIQT8TOJO', '2ZYFJ3GM2N']"}
2026-08-15T13:03:52.604585910Z {"timestamp": 1786799032.6039047, "severity": "INFO", "name": "recommendationservice-server", "message": "[Recv ListRecommendations] product_ids=['6E92ZMYYFZ', '0PUK6V6EV0', 'LS4PSXUNUM', '2ZYFJ3GM2N', '9SIQT8TOJO']"}
2026-08-15T13:03:52.608437498Z {"timestamp": 1786799032.6062348, "severity": "INFO", "name": "recommendationservice-server", "message": "[Recv ListRecommendations] product_ids=['OLJCESPC7Z', '6E92ZMYYFZ', 'L9ECAV7KIM', 'LS4PSXUNUM', '2ZYFJ3GM2N']"}
2026-08-15T13:03:54.549575662Z {"timestamp": 1786799034.5491543, "severity": "INFO", "name": "recommendationservice-server", "message": "[Recv ListRecommendations] product_ids=['0PUK6V6EV0', '2ZYFJ3GM2N', '6E92ZMYYFZ', 'OLJCESPC7Z', 'L9ECAV7KIM']"}
2026-08-15T13:03:54.694867669Z {"timestamp": 1786799034.694385, "severity": "INFO", "name": "recommendationservice-server", "message": "[Recv ListRecommendations] product_ids=['0PUK6V6EV0', 'OLJCESPC7Z', '1YMWWN1N4O', '66VCHSJNUP']"}
2026-08-15T13:03:55.699230561Z {"timestamp": 1786799035.6987348, "severity": "INFO", "name": "recommendationservice-server", "message": "[Recv ListRecommendations] product_ids=['1YMWWN1N4O', 'L9ECAV7KIM', 'LS4PSXUNUM', '6E92ZMYYFZ', '66VCHSJNUP']"}
2026-08-15T13:03:55.994354625Z {"timestamp": 1786799035.9932427, "severity": "INFO", "name": "recommendationservice-server", "message": "[Recv ListRecommendations] product_ids=['LS4PSXUNUM', '66VCHSJNUP', '6E92ZMYYFZ', '1YMWWN1N4O', 'L9ECAV7KIM']"}
2026-08-15T13:03:56.461470643Z {"timestamp": 1786799036.4604146, "severity": "INFO", "name": "recommendationservice-server", "message": "[Recv ListRecommendations] product_ids=['L9ECAV7KIM', 'OLJCESPC7Z', '66VCHSJNUP', '1YMWWN1N4O', '6E92ZMYYFZ']"}
2026-08-15T13:03:56.553384857Z {"timestamp": 1786799036.5523038, "severity": "INFO", "name": "recommendationservice-server", "message": "[Recv ListRecommendations] product_ids=['6E92ZMYYFZ', 'OLJCESPC7Z', '66VCHSJNUP', '0PUK6V6EV0', 'L9ECAV7KIM']"}
2026-08-15T13:03:57.062181809Z {"timestamp": 1786799037.0611904, "severity": "INFO", "name": "recommendationservice-server", "message": "[Recv ListRecommendations] product_ids=['9SIQT8TOJO', '1YMWWN1N4O', '6E92ZMYYFZ', '66VCHSJNUP', '2ZYFJ3GM2N']"}
2026-08-15T13:03:57.555357646Z {"timestamp": 1786799037.554659, "severity": "INFO", "name": "recommendationservice-server", "message": "[Recv ListRecommendations] product_ids=['L9ECAV7KIM', 'LS4PSXUNUM', '6E92ZMYYFZ', '9SIQT8TOJO', '2ZYFJ3GM2N']"}
2026-08-15T13:03:57.582493636Z {"timestamp": 1786799037.5819695, "severity": "INFO", "name": "recommendationservice-server", "message": "[Recv ListRecommendations] product_ids=['LS4PSXUNUM', 'OLJCESPC7Z', '66VCHSJNUP', '1YMWWN1N4O', '6E92ZMYYFZ']"}
2026-08-15T13:03:58.670941965Z {"timestamp": 1786799038.669688, "severity": "INFO", "name": "recommendationservice-server", "message": "[Recv ListRecommendations] product_ids=['1YMWWN1N4O', '0PUK6V6EV0', '9SIQT8TOJO', '6E92ZMYYFZ', 'LS4PSXUNUM']"}
2026-08-15T13:03:58.750438448Z {"timestamp": 1786799038.749241, "severity": "INFO", "name": "recommendationservice-server", "message": "[Recv ListRecommendations] product_ids=['LS4PSXUNUM', '66VCHSJNUP', '6E92ZMYYFZ', 'OLJCESPC7Z', '1YMWWN1N4O']"}
2026-08-15T13:03:59.209197638Z {"timestamp": 1786799039.20802, "severity": "INFO", "name": "recommendationservice-server", "message": "[Recv ListRecommendations] product_ids=['LS4PSXUNUM', '6E92ZMYYFZ', '66VCHSJNUP', '1YMWWN1N4O', '9SIQT8TOJO']"}
2026-08-15T13:03:59.318654492Z {"timestamp": 1786799039.317354, "severity": "INFO", "name": "recommendationservice-server", "message": "[Recv ListRecommendations] product_ids=['6E92ZMYYFZ', '2ZYFJ3GM2N', 'LS4PSXUNUM', 'OLJCESPC7Z', 'L9ECAV7KIM']"}
2026-08-15T13:03:59.603043291Z {"timestamp": 1786799039.6015792, "severity": "INFO", "name": "recommendationservice-server", "message": "[Recv ListRecommendations] product_ids=['2ZYFJ3GM2N', 'OLJCESPC7Z', 'LS4PSXUNUM', '66VCHSJNUP', '9SIQT8TOJO']"}
2026-08-15T13:03:59.707366336Z {"timestamp": 1786799039.7062232, "severity": "INFO", "name": "recommendationservice-server", "message": "[Recv ListRecommendations] product_ids=['66VCHSJNUP', 'LS4PSXUNUM', '2ZYFJ3GM2N', '1YMWWN1N4O', 'L9ECAV7KIM']"}
2026-08-15T13:03:59.711621358Z {"timestamp": 1786799039.7097023, "severity": "INFO", "name": "recommendationservice-server", "message": "[Recv ListRecommendations] product_ids=['0PUK6V6EV0', '2ZYFJ3GM2N', 'L9ECAV7KIM', '9SIQT8TOJO', '1YMWWN1N4O']"}
2026-08-15T13:03:59.811450457Z {"timestamp": 1786799039.8105934, "severity": "INFO", "name": "recommendationservice-server", "message": "[Recv ListRecommendations] product_ids=['OLJCESPC7Z', 'LS4PSXUNUM', 'L9ECAV7KIM', '0PUK6V6EV0', '66VCHSJNUP']"}
2026-08-15T13:03:59.903193654Z {"timestamp": 1786799039.9024446, "severity": "INFO", "name": "recommendationservice-server", "message": "[Recv ListRecommendations] product_ids=['6E92ZMYYFZ', '0PUK6V6EV0', '2ZYFJ3GM2N', 'L9ECAV7KIM', 'LS4PSXUNUM']"}
2026-08-15T13:04:00.035084432Z {"timestamp": 1786799040.0285344, "severity": "INFO", "name": "recommendationservice-server", "message": "[Recv ListRecommendations] product_ids=['LS4PSXUNUM', '1YMWWN1N4O', '9SIQT8TOJO', '0PUK6V6EV0', '6E92ZMYYFZ']"}
2026-08-15T13:04:00.191628655Z {"timestamp": 1786799040.1912005, "severity": "INFO", "name": "recommendationservice-server", "message": "[Recv ListRecommendations] product_ids=['0PUK6V6EV0', '1YMWWN1N4O', 'OLJCESPC7Z', 'L9ECAV7KIM', 'LS4PSXUNUM']"}
2026-08-15T13:04:00.502993929Z {"timestamp": 1786799040.5020044, "severity": "INFO", "name": "recommendationservice-server", "message": "[Recv ListRecommendations] product_ids=['9SIQT8TOJO', 'L9ECAV7KIM', '0PUK6V6EV0', 'LS4PSXUNUM', '6E92ZMYYFZ']"}
2026-08-15T13:04:00.804215198Z {"timestamp": 1786799040.8036313, "severity": "INFO", "name": "recommendationservice-server", "message": "[Recv ListRecommendations] product_ids=['6E92ZMYYFZ', 'OLJCESPC7Z', '9SIQT8TOJO', '0PUK6V6EV0', '2ZYFJ3GM2N']"}
2026-08-15T13:04:00.809711743Z {"timestamp": 1786799040.8090713, "severity": "INFO", "name": "recommendationservice-server", "message": "[Recv ListRecommendations] product_ids=['9SIQT8TOJO', '6E92ZMYYFZ', 'LS4PSXUNUM', '1YMWWN1N4O', 'OLJCESPC7Z']"}
2026-08-15T13:04:01.452865617Z {"timestamp": 1786799041.4520848, "severity": "INFO", "name": "recommendationservice-server", "message": "[Recv ListRecommendations] product_ids=['9SIQT8TOJO', 'LS4PSXUNUM', '6E92ZMYYFZ', '0PUK6V6EV0', 'OLJCESPC7Z']"}
2026-08-15T13:04:02.797409255Z {"timestamp": 1786799042.796995, "severity": "INFO", "name": "recommendationservice-server", "message": "[Recv ListRecommendations] product_ids=['0PUK6V6EV0', 'L9ECAV7KIM', '1YMWWN1N4O', '2ZYFJ3GM2N', 'OLJCESPC7Z']"}
2026-08-15T13:04:02.812876890Z {"timestamp": 1786799042.8125215, "severity": "INFO", "name": "recommendationservice-server", "message": "[Recv ListRecommendations] product_ids=['6E92ZMYYFZ', 'LS4PSXUNUM', '9SIQT8TOJO', 'OLJCESPC7Z', 'L9ECAV7KIM']"}
2026-08-15T13:04:03.543406165Z {"timestamp": 1786799043.5431817, "severity": "INFO", "name": "recommendationservice-server", "message": "[Recv ListRecommendations] product_ids=['OLJCESPC7Z', '9SIQT8TOJO', '66VCHSJNUP', 'LS4PSXUNUM', '1YMWWN1N4O']"}
2026-08-15T13:04:04.112166091Z {"timestamp": 1786799044.111156, "severity": "INFO", "name": "recommendationservice-server", "message": "[Recv ListRecommendations] product_ids=['OLJCESPC7Z', '66VCHSJNUP', '6E92ZMYYFZ', '2ZYFJ3GM2N', 'L9ECAV7KIM']"}
2026-08-15T13:04:05.019385095Z {"timestamp": 1786799045.0182505, "severity": "INFO", "name": "recommendationservice-server", "message": "[Recv ListRecommendations] product_ids=['1YMWWN1N4O', '2ZYFJ3GM2N', '9SIQT8TOJO', '0PUK6V6EV0', 'LS4PSXUNUM']"}
2026-08-15T13:04:05.137049568Z {"timestamp": 1786799045.1363776, "severity": "INFO", "name": "recommendationservice-server", "message": "[Recv ListRecommendations] product_ids=['6E92ZMYYFZ', 'OLJCESPC7Z', 'LS4PSXUNUM', '1YMWWN1N4O', '0PUK6V6EV0']"}
2026-08-15T13:04:05.204676277Z {"timestamp": 1786799045.2043085, "severity": "INFO", "name": "recommendationservice-server", "message": "[Recv ListRecommendations] product_ids=['9SIQT8TOJO', '6E92ZMYYFZ', 'LS4PSXUNUM', '1YMWWN1N4O', '66VCHSJNUP']"}
2026-08-15T13:04:05.913250774Z {"timestamp": 1786799045.9120438, "severity": "INFO", "name": "recommendationservice-server", "message": "[Recv ListRecommendations] product_ids=['2ZYFJ3GM2N', '66VCHSJNUP', '0PUK6V6EV0', '6E92ZMYYFZ', '9SIQT8TOJO']"}
2026-08-15T13:04:06.401010064Z {"timestamp": 1786799046.3999033, "severity": "INFO", "name": "recommendationservice-server", "message": "[Recv ListRecommendations] product_ids=['0PUK6V6EV0', 'LS4PSXUNUM', '9SIQT8TOJO', '2ZYFJ3GM2N', '1YMWWN1N4O']"}
2026-08-15T13:04:08.072402881Z {"timestamp": 1786799048.0715363, "severity": "INFO", "name": "recommendationservice-server", "message": "[Recv ListRecommendations] product_ids=['6E92ZMYYFZ', '0PUK6V6EV0', '1YMWWN1N4O', '2ZYFJ3GM2N', 'LS4PSXUNUM']"}
2026-08-15T13:04:08.808239982Z {"timestamp": 1786799048.807002, "severity": "INFO", "name": "recommendationservice-server", "message": "[Recv ListRecommendations] product_ids=['1YMWWN1N4O', 'LS4PSXUNUM', '9SIQT8TOJO', '2ZYFJ3GM2N', '66VCHSJNUP']"}
2026-08-15T13:04:08.934655624Z {"timestamp": 1786799048.933583, "severity": "INFO", "name": "recommendationservice-server", "message": "[Recv ListRecommendations] product_ids=['L9ECAV7KIM', '2ZYFJ3GM2N', '9SIQT8TOJO', 'OLJCESPC7Z', '1YMWWN1N4O']"}
2026-08-15T13:04:09.018347427Z {"timestamp": 1786799049.0171864, "severity": "INFO", "name": "recommendationservice-server", "message": "[Recv ListRecommendations] product_ids=['0PUK6V6EV0', '1YMWWN1N4O', '9SIQT8TOJO', 'LS4PSXUNUM', '2ZYFJ3GM2N']"}
2026-08-15T13:04:09.472831816Z {"timestamp": 1786799049.4716947, "severity": "INFO", "name": "recommendationservice-server", "message": "[Recv ListRecommendations] product_ids=['OLJCESPC7Z', '66VCHSJNUP', '1YMWWN1N4O', '0PUK6V6EV0', '6E92ZMYYFZ']"}
2026-08-15T13:04:09.566512010Z {"timestamp": 1786799049.5651124, "severity": "INFO", "name": "recommendationservice-server", "message": "[Recv ListRecommendations] product_ids=['L9ECAV7KIM', '2ZYFJ3GM2N', '66VCHSJNUP', 'OLJCESPC7Z', '6E92ZMYYFZ']"}
2026-08-15T13:04:09.813315995Z {"timestamp": 1786799049.8127644, "severity": "INFO", "name": "recommendationservice-server", "message": "[Recv ListRecommendations] product_ids=['2ZYFJ3GM2N', 'L9ECAV7KIM', '0PUK6V6EV0', '1YMWWN1N4O', '66VCHSJNUP']"}
2026-08-15T13:04:09.942739035Z {"timestamp": 1786799049.9415374, "severity": "INFO", "name": "recommendationservice-server", "message": "[Recv ListRecommendations] product_ids=['0PUK6V6EV0', '9SIQT8TOJO', '2ZYFJ3GM2N', 'L9ECAV7KIM', 'LS4PSXUNUM']"}
2026-08-15T13:04:10.090150159Z {"timestamp": 1786799050.0890973, "severity": "INFO", "name": "recommendationservice-server", "message": "[Recv ListRecommendations] product_ids=['OLJCESPC7Z', '9SIQT8TOJO', 'L9ECAV7KIM', '6E92ZMYYFZ', '2ZYFJ3GM2N']"}
2026-08-15T13:04:10.201781034Z {"timestamp": 1786799050.2013764, "severity": "INFO", "name": "recommendationservice-server", "message": "[Recv ListRecommendations] product_ids=['2ZYFJ3GM2N', '9SIQT8TOJO', 'L9ECAV7KIM', '6E92ZMYYFZ', '1YMWWN1N4O']"}
2026-08-15T13:04:10.242033627Z {"timestamp": 1786799050.2417414, "severity": "INFO", "name": "recommendationservice-server", "message": "[Recv ListRecommendations] product_ids=['L9ECAV7KIM', 'OLJCESPC7Z', '2ZYFJ3GM2N', '1YMWWN1N4O', '66VCHSJNUP']"}
2026-08-15T13:04:10.287637451Z {"timestamp": 1786799050.2874172, "severity": "INFO", "name": "recommendationservice-server", "message": "[Recv ListRecommendations] product_ids=['2ZYFJ3GM2N', '6E92ZMYYFZ', '9SIQT8TOJO', 'OLJCESPC7Z', 'L9ECAV7KIM']"}
2026-08-15T13:04:10.298792658Z {"timestamp": 1786799050.2984953, "severity": "INFO", "name": "recommendationservice-server", "message": "[Recv ListRecommendations] product_ids=['6E92ZMYYFZ', 'L9ECAV7KIM', 'OLJCESPC7Z', '9SIQT8TOJO', '0PUK6V6EV0']"}
2026-08-15T13:04:10.324762535Z {"timestamp": 1786799050.3244612, "severity": "INFO", "name": "recommendationservice-server", "message": "[Recv ListRecommendations] product_ids=['66VCHSJNUP', 'LS4PSXUNUM', 'L9ECAV7KIM', '9SIQT8TOJO', '1YMWWN1N4O']"}
2026-08-15T13:04:10.336790028Z {"timestamp": 1786799050.336551, "severity": "INFO", "name": "recommendationservice-server", "message": "[Recv ListRecommendations] product_ids=['9SIQT8TOJO', '1YMWWN1N4O', 'OLJCESPC7Z', 'LS4PSXUNUM', 'L9ECAV7KIM']"}
2026-08-15T13:04:10.555998488Z {"timestamp": 1786799050.5545762, "severity": "INFO", "name": "recommendationservice-server", "message": "[Recv ListRecommendations] product_ids=['1YMWWN1N4O', '9SIQT8TOJO', '0PUK6V6EV0', '66VCHSJNUP', '2ZYFJ3GM2N']"}
2026-08-15T13:04:10.781789859Z {"timestamp": 1786799050.7813387, "severity": "INFO", "name": "recommendationservice-server", "message": "[Recv ListRecommendations] product_ids=['2ZYFJ3GM2N', '9SIQT8TOJO', '0PUK6V6EV0', 'OLJCESPC7Z', 'L9ECAV7KIM']"}
2026-08-15T13:04:12.140256254Z {"timestamp": 1786799052.1396039, "severity": "INFO", "name": "recommendationservice-server", "message": "[Recv ListRecommendations] product_ids=['6E92ZMYYFZ', '2ZYFJ3GM2N', '1YMWWN1N4O', 'LS4PSXUNUM', '9SIQT8TOJO']"}
2026-08-15T13:04:12.815866490Z {"timestamp": 1786799052.8148563, "severity": "INFO", "name": "recommendationservice-server", "message": "[Recv ListRecommendations] product_ids=['1YMWWN1N4O', '6E92ZMYYFZ', '0PUK6V6EV0', '2ZYFJ3GM2N', 'OLJCESPC7Z']"}
2026-08-15T13:04:13.006846697Z {"timestamp": 1786799053.0054612, "severity": "INFO", "name": "recommendationservice-server", "message": "[Recv ListRecommendations] product_ids=['L9ECAV7KIM', '66VCHSJNUP', '1YMWWN1N4O', 'LS4PSXUNUM', 'OLJCESPC7Z']"}
2026-08-15T13:04:13.095924662Z {"timestamp": 1786799053.095264, "severity": "INFO", "name": "recommendationservice-server", "message": "[Recv ListRecommendations] product_ids=['2ZYFJ3GM2N', '66VCHSJNUP', '6E92ZMYYFZ', 'OLJCESPC7Z', '9SIQT8TOJO']"}
2026-08-15T13:04:13.198063026Z {"timestamp": 1786799053.1978002, "severity": "INFO", "name": "recommendationservice-server", "message": "[Recv ListRecommendations] product_ids=['1YMWWN1N4O', '2ZYFJ3GM2N', '0PUK6V6EV0', 'OLJCESPC7Z', 'L9ECAV7KIM']"}
2026-08-15T13:04:13.775746417Z {"timestamp": 1786799053.7738674, "severity": "INFO", "name": "recommendationservice-server", "message": "[Recv ListRecommendations] product_ids=['LS4PSXUNUM', '1YMWWN1N4O', 'OLJCESPC7Z', '0PUK6V6EV0', 'L9ECAV7KIM']"}
2026-08-15T13:04:14.056952703Z {"timestamp": 1786799054.0557826, "severity": "INFO", "name": "recommendationservice-server", "message": "[Recv ListRecommendations] product_ids=['OLJCESPC7Z', '9SIQT8TOJO', '0PUK6V6EV0', 'L9ECAV7KIM', 'LS4PSXUNUM']"}
2026-08-15T13:04:14.279158117Z {"timestamp": 1786799054.2781088, "severity": "INFO", "name": "recommendationservice-server", "message": "[Recv ListRecommendations] product_ids=['66VCHSJNUP', 'L9ECAV7KIM', '9SIQT8TOJO', '0PUK6V6EV0', '1YMWWN1N4O']"}
2026-08-15T13:04:14.624212657Z {"timestamp": 1786799054.62268, "severity": "INFO", "name": "recommendationservice-server", "message": "[Recv ListRecommendations] product_ids=['OLJCESPC7Z', 'LS4PSXUNUM', '6E92ZMYYFZ', '1YMWWN1N4O', '2ZYFJ3GM2N']"}
2026-08-15T13:04:14.835472981Z {"timestamp": 1786799054.8350508, "severity": "INFO", "name": "recommendationservice-server", "message": "[Recv ListRecommendations] product_ids=['9SIQT8TOJO', 'L9ECAV7KIM', '6E92ZMYYFZ', 'LS4PSXUNUM', '2ZYFJ3GM2N']"}
2026-08-15T13:04:14.892446951Z {"timestamp": 1786799054.8919969, "severity": "INFO", "name": "recommendationservice-server", "message": "[Recv ListRecommendations] product_ids=['66VCHSJNUP', '1YMWWN1N4O', '2ZYFJ3GM2N', 'L9ECAV7KIM', '6E92ZMYYFZ']"}
2026-08-15T13:04:14.935907176Z {"timestamp": 1786799054.935331, "severity": "INFO", "name": "recommendationservice-server", "message": "[Recv ListRecommendations] product_ids=['6E92ZMYYFZ', '1YMWWN1N4O', 'OLJCESPC7Z', 'LS4PSXUNUM', '9SIQT8TOJO']"}
2026-08-15T13:04:16.898626406Z {"timestamp": 1786799056.898335, "severity": "INFO", "name": "recommendationservice-server", "message": "[Recv ListRecommendations] product_ids=['LS4PSXUNUM', '9SIQT8TOJO', '1YMWWN1N4O', '0PUK6V6EV0', '66VCHSJNUP']"}
2026-08-15T13:04:16.989205520Z {"timestamp": 1786799056.9886928, "severity": "INFO", "name": "recommendationservice-server", "message": "[Recv ListRecommendations] product_ids=['0PUK6V6EV0', 'OLJCESPC7Z', '1YMWWN1N4O', 'L9ECAV7KIM', '6E92ZMYYFZ']"}
2026-08-15T13:04:17.364551875Z {"timestamp": 1786799057.3639705, "severity": "INFO", "name": "recommendationservice-server", "message": "[Recv ListRecommendations] product_ids=['1YMWWN1N4O', '6E92ZMYYFZ', 'LS4PSXUNUM', '0PUK6V6EV0', '2ZYFJ3GM2N']"}
2026-08-15T13:04:18.255564248Z {"timestamp": 1786799058.25461, "severity": "INFO", "name": "recommendationservice-server", "message": "[Recv ListRecommendations] product_ids=['1YMWWN1N4O', '2ZYFJ3GM2N', 'OLJCESPC7Z', '66VCHSJNUP', '9SIQT8TOJO']"}
2026-08-15T13:04:18.334845238Z {"timestamp": 1786799058.3340359, "severity": "INFO", "name": "recommendationservice-server", "message": "[Recv ListRecommendations] product_ids=['6E92ZMYYFZ', '9SIQT8TOJO', '66VCHSJNUP', '2ZYFJ3GM2N', '0PUK6V6EV0']"}
2026-08-15T13:04:18.362418983Z {"timestamp": 1786799058.3617392, "severity": "INFO", "name": "recommendationservice-server", "message": "[Recv ListRecommendations] product_ids=['0PUK6V6EV0', '9SIQT8TOJO', 'L9ECAV7KIM', '2ZYFJ3GM2N', 'LS4PSXUNUM']"}
2026-08-15T13:04:19.208037591Z {"timestamp": 1786799059.2069035, "severity": "INFO", "name": "recommendationservice-server", "message": "[Recv ListRecommendations] product_ids=['0PUK6V6EV0', '66VCHSJNUP', '2ZYFJ3GM2N', 'OLJCESPC7Z', '1YMWWN1N4O']"}
2026-08-15T13:04:19.780958037Z {"timestamp": 1786799059.7804296, "severity": "INFO", "name": "recommendationservice-server", "message": "[Recv ListRecommendations] product_ids=['1YMWWN1N4O', 'L9ECAV7KIM', '66VCHSJNUP', '0PUK6V6EV0', '9SIQT8TOJO']"}
2026-08-15T13:04:19.797947532Z {"timestamp": 1786799059.7976086, "severity": "INFO", "name": "recommendationservice-server", "message": "[Recv ListRecommendations] product_ids=['2ZYFJ3GM2N', '0PUK6V6EV0', 'OLJCESPC7Z', '9SIQT8TOJO', 'LS4PSXUNUM']"}
2026-08-15T13:04:20.346797078Z {"timestamp": 1786799060.346204, "severity": "INFO", "name": "recommendationservice-server", "message": "[Recv ListRecommendations] product_ids=['6E92ZMYYFZ', 'OLJCESPC7Z', '1YMWWN1N4O', 'L9ECAV7KIM', '9SIQT8TOJO']"}
2026-08-15T13:04:20.371312823Z {"timestamp": 1786799060.3708885, "severity": "INFO", "name": "recommendationservice-server", "message": "[Recv ListRecommendations] product_ids=['OLJCESPC7Z', 'L9ECAV7KIM', 'LS4PSXUNUM', '1YMWWN1N4O', '9SIQT8TOJO']"}
2026-08-15T13:04:20.462211590Z {"timestamp": 1786799060.461715, "severity": "INFO", "name": "recommendationservice-server", "message": "[Recv ListRecommendations] product_ids=['2ZYFJ3GM2N', '6E92ZMYYFZ', 'L9ECAV7KIM', 'OLJCESPC7Z', '66VCHSJNUP']"}
2026-08-15T13:04:20.798546238Z {"timestamp": 1786799060.7975724, "severity": "INFO", "name": "recommendationservice-server", "message": "[Recv ListRecommendations] product_ids=['2ZYFJ3GM2N', '1YMWWN1N4O', '6E92ZMYYFZ', 'OLJCESPC7Z', '9SIQT8TOJO']"}
2026-08-15T13:04:20.805041686Z {"timestamp": 1786799060.8032696, "severity": "INFO", "name": "recommendationservice-server", "message": "[Recv ListRecommendations] product_ids=['LS4PSXUNUM', '6E92ZMYYFZ', '66VCHSJNUP', 'OLJCESPC7Z', '2ZYFJ3GM2N']"}
2026-08-15T13:04:20.894765435Z {"timestamp": 1786799060.8945096, "severity": "INFO", "name": "recommendationservice-server", "message": "[Recv ListRecommendations] product_ids=['OLJCESPC7Z', '9SIQT8TOJO', '66VCHSJNUP', 'LS4PSXUNUM', '2ZYFJ3GM2N']"}
2026-08-15T13:04:21.076876000Z {"timestamp": 1786799061.0757484, "severity": "INFO", "name": "recommendationservice-server", "message": "[Recv ListRecommendations] product_ids=['L9ECAV7KIM', '1YMWWN1N4O', '66VCHSJNUP', 'LS4PSXUNUM', '2ZYFJ3GM2N']"}
2026-08-15T13:04:21.497615567Z {"timestamp": 1786799061.497085, "severity": "INFO", "name": "recommendationservice-server", "message": "[Recv ListRecommendations] product_ids=['LS4PSXUNUM', '1YMWWN1N4O', '9SIQT8TOJO', '2ZYFJ3GM2N', '0PUK6V6EV0']"}
2026-08-15T13:04:21.842909809Z {"timestamp": 1786799061.8414435, "severity": "INFO", "name": "recommendationservice-server", "message": "[Recv ListRecommendations] product_ids=['2ZYFJ3GM2N', '6E92ZMYYFZ', '9SIQT8TOJO', 'OLJCESPC7Z', 'L9ECAV7KIM']"}
2026-08-15T13:04:22.738412732Z {"timestamp": 1786799062.7372582, "severity": "INFO", "name": "recommendationservice-server", "message": "[Recv ListRecommendations] product_ids=['0PUK6V6EV0', '1YMWWN1N4O', '6E92ZMYYFZ', 'OLJCESPC7Z', 'L9ECAV7KIM']"}
2026-08-15T13:04:23.166887270Z {"timestamp": 1786799063.1664722, "severity": "INFO", "name": "recommendationservice-server", "message": "[Recv ListRecommendations] product_ids=['1YMWWN1N4O', '66VCHSJNUP', 'LS4PSXUNUM', '2ZYFJ3GM2N', '0PUK6V6EV0']"}
2026-08-15T13:04:23.181112389Z {"timestamp": 1786799063.1807733, "severity": "INFO", "name": "recommendationservice-server", "message": "[Recv ListRecommendations] product_ids=['LS4PSXUNUM', '2ZYFJ3GM2N', '66VCHSJNUP', '6E92ZMYYFZ', '9SIQT8TOJO']"}
2026-08-15T13:04:23.237748738Z {"timestamp": 1786799063.2375238, "severity": "INFO", "name": "recommendationservice-server", "message": "[Recv ListRecommendations] product_ids=['66VCHSJNUP', '0PUK6V6EV0', '6E92ZMYYFZ', '9SIQT8TOJO', 'L9ECAV7KIM']"}
2026-08-15T13:04:24.078734523Z {"timestamp": 1786799064.0783622, "severity": "INFO", "name": "recommendationservice-server", "message": "[Recv ListRecommendations] product_ids=['OLJCESPC7Z', '6E92ZMYYFZ', '9SIQT8TOJO', 'L9ECAV7KIM', '1YMWWN1N4O']"}
2026-08-15T13:04:24.092146861Z {"timestamp": 1786799064.0918016, "severity": "INFO", "name": "recommendationservice-server", "message": "[Recv ListRecommendations] product_ids=['LS4PSXUNUM', '6E92ZMYYFZ', '9SIQT8TOJO', '1YMWWN1N4O', '0PUK6V6EV0']"}
2026-08-15T13:04:26.130282657Z {"timestamp": 1786799066.1298516, "severity": "INFO", "name": "recommendationservice-server", "message": "[Recv ListRecommendations] product_ids=['2ZYFJ3GM2N', '6E92ZMYYFZ', 'L9ECAV7KIM', '9SIQT8TOJO', '66VCHSJNUP']"}
2026-08-15T13:04:26.728346717Z {"timestamp": 1786799066.7272618, "severity": "INFO", "name": "recommendationservice-server", "message": "[Recv ListRecommendations] product_ids=['LS4PSXUNUM', '6E92ZMYYFZ', '1YMWWN1N4O', '66VCHSJNUP', 'L9ECAV7KIM']"}
2026-08-15T13:04:27.506608352Z {"timestamp": 1786799067.5062115, "severity": "INFO", "name": "recommendationservice-server", "message": "[Recv ListRecommendations] product_ids=['LS4PSXUNUM', '2ZYFJ3GM2N', '9SIQT8TOJO', '6E92ZMYYFZ', '0PUK6V6EV0']"}
2026-08-15T13:04:27.951257916Z {"timestamp": 1786799067.950698, "severity": "INFO", "name": "recommendationservice-server", "message": "[Recv ListRecommendations] product_ids=['6E92ZMYYFZ', '1YMWWN1N4O', 'L9ECAV7KIM', '0PUK6V6EV0', '9SIQT8TOJO']"}
2026-08-15T13:04:28.422199304Z {"timestamp": 1786799068.421688, "severity": "INFO", "name": "recommendationservice-server", "message": "[Recv ListRecommendations] product_ids=['6E92ZMYYFZ', 'LS4PSXUNUM', '0PUK6V6EV0', 'L9ECAV7KIM', '2ZYFJ3GM2N']"}
2026-08-15T13:04:29.032965042Z {"timestamp": 1786799069.0323668, "severity": "INFO", "name": "recommendationservice-server", "message": "[Recv ListRecommendations] product_ids=['L9ECAV7KIM', '2ZYFJ3GM2N', '66VCHSJNUP', '6E92ZMYYFZ', 'OLJCESPC7Z']"}
2026-08-15T13:04:29.105687097Z {"timestamp": 1786799069.1050477, "severity": "INFO", "name": "recommendationservice-server", "message": "[Recv ListRecommendations] product_ids=['6E92ZMYYFZ', 'L9ECAV7KIM', '9SIQT8TOJO', 'OLJCESPC7Z', '1YMWWN1N4O']"}
2026-08-15T13:04:29.220508553Z {"timestamp": 1786799069.2200053, "severity": "INFO", "name": "recommendationservice-server", "message": "[Recv ListRecommendations] product_ids=['2ZYFJ3GM2N', '1YMWWN1N4O', 'LS4PSXUNUM', '66VCHSJNUP', '6E92ZMYYFZ']"}
2026-08-15T13:04:29.547863415Z {"timestamp": 1786799069.5456626, "severity": "INFO", "name": "recommendationservice-server", "message": "[Recv ListRecommendations] product_ids=['0PUK6V6EV0', 'L9ECAV7KIM', 'OLJCESPC7Z', '6E92ZMYYFZ', '66VCHSJNUP']"}
2026-08-15T13:04:29.636757084Z {"timestamp": 1786799069.6361308, "severity": "INFO", "name": "recommendationservice-server", "message": "[Recv ListRecommendations] product_ids=['2ZYFJ3GM2N', 'OLJCESPC7Z', '9SIQT8TOJO', '66VCHSJNUP', 'LS4PSXUNUM']"}
2026-08-15T13:04:29.741665951Z {"timestamp": 1786799069.7408402, "severity": "INFO", "name": "recommendationservice-server", "message": "[Recv ListRecommendations] product_ids=['9SIQT8TOJO', 'LS4PSXUNUM', '6E92ZMYYFZ', 'L9ECAV7KIM', '66VCHSJNUP']"}
2026-08-15T13:04:30.341423891Z {"timestamp": 1786799070.340916, "severity": "INFO", "name": "recommendationservice-server", "message": "[Recv ListRecommendations] product_ids=['1YMWWN1N4O', 'L9ECAV7KIM', '66VCHSJNUP', '0PUK6V6EV0', '9SIQT8TOJO']"}
2026-08-15T13:04:31.283161451Z {"timestamp": 1786799071.282092, "severity": "INFO", "name": "recommendationservice-server", "message": "[Recv ListRecommendations] product_ids=['L9ECAV7KIM', '9SIQT8TOJO', 'OLJCESPC7Z', '2ZYFJ3GM2N', '1YMWWN1N4O']"}
2026-08-15T13:04:31.746581687Z {"timestamp": 1786799071.7455108, "severity": "INFO", "name": "recommendationservice-server", "message": "[Recv ListRecommendations] product_ids=['2ZYFJ3GM2N', '6E92ZMYYFZ', '9SIQT8TOJO', 'L9ECAV7KIM', 'LS4PSXUNUM']"}
2026-08-15T13:04:31.958102992Z {"timestamp": 1786799071.9570565, "severity": "INFO", "name": "recommendationservice-server", "message": "[Recv ListRecommendations] product_ids=['0PUK6V6EV0', '6E92ZMYYFZ', '2ZYFJ3GM2N', 'LS4PSXUNUM', '1YMWWN1N4O']"}
2026-08-15T13:04:32.353216913Z {"timestamp": 1786799072.352818, "severity": "INFO", "name": "recommendationservice-server", "message": "[Recv ListRecommendations] product_ids=['9SIQT8TOJO', '66VCHSJNUP', '6E92ZMYYFZ', 'L9ECAV7KIM', 'LS4PSXUNUM']"}
2026-08-15T13:04:32.379082694Z {"timestamp": 1786799072.3787532, "severity": "INFO", "name": "recommendationservice-server", "message": "[Recv ListRecommendations] product_ids=['66VCHSJNUP', '1YMWWN1N4O', '0PUK6V6EV0']"}
2026-08-15T13:04:32.497270686Z {"timestamp": 1786799072.4969246, "severity": "INFO", "name": "recommendationservice-server", "message": "[Recv ListRecommendations] product_ids=['9SIQT8TOJO', '66VCHSJNUP', '2ZYFJ3GM2N', '0PUK6V6EV0', 'L9ECAV7KIM']"}
2026-08-15T13:04:32.512397495Z {"timestamp": 1786799072.5120823, "severity": "INFO", "name": "recommendationservice-server", "message": "[Recv ListRecommendations] product_ids=['66VCHSJNUP', '1YMWWN1N4O', '9SIQT8TOJO', '0PUK6V6EV0', '6E92ZMYYFZ']"}
2026-08-15T13:04:33.965142740Z {"timestamp": 1786799073.9639244, "severity": "INFO", "name": "recommendationservice-server", "message": "[Recv ListRecommendations] product_ids=['1YMWWN1N4O', 'L9ECAV7KIM', '6E92ZMYYFZ', '9SIQT8TOJO', '66VCHSJNUP']"}
2026-08-15T13:04:34.719821367Z {"timestamp": 1786799074.7153134, "severity": "INFO", "name": "recommendationservice-server", "message": "[Recv ListRecommendations] product_ids=['0PUK6V6EV0', '9SIQT8TOJO', 'L9ECAV7KIM', '1YMWWN1N4O', '6E92ZMYYFZ']"}
2026-08-15T13:04:35.067909465Z {"timestamp": 1786799075.0665903, "severity": "INFO", "name": "recommendationservice-server", "message": "[Recv ListRecommendations] product_ids=['L9ECAV7KIM', '0PUK6V6EV0', 'LS4PSXUNUM', '9SIQT8TOJO', 'OLJCESPC7Z']"}
2026-08-15T13:04:35.618514109Z {"timestamp": 1786799075.6176894, "severity": "INFO", "name": "recommendationservice-server", "message": "[Recv ListRecommendations] product_ids=['66VCHSJNUP', '2ZYFJ3GM2N', '9SIQT8TOJO', 'OLJCESPC7Z', '0PUK6V6EV0']"}
2026-08-15T13:04:35.814486101Z {"timestamp": 1786799075.8096604, "severity": "INFO", "name": "recommendationservice-server", "message": "[Recv ListRecommendations] product_ids=['1YMWWN1N4O', 'L9ECAV7KIM', '9SIQT8TOJO', '0PUK6V6EV0', '2ZYFJ3GM2N']"}
2026-08-15T13:04:35.901963446Z {"timestamp": 1786799075.9012952, "severity": "INFO", "name": "recommendationservice-server", "message": "[Recv ListRecommendations] product_ids=['9SIQT8TOJO', 'L9ECAV7KIM', '2ZYFJ3GM2N', '66VCHSJNUP', 'OLJCESPC7Z']"}
2026-08-15T13:04:36.098799724Z {"timestamp": 1786799076.0970037, "severity": "INFO", "name": "recommendationservice-server", "message": "[Recv ListRecommendations] product_ids=['66VCHSJNUP', '6E92ZMYYFZ', '1YMWWN1N4O', 'OLJCESPC7Z', 'L9ECAV7KIM']"}
2026-08-15T13:04:37.096950810Z {"timestamp": 1786799077.0966213, "severity": "INFO", "name": "recommendationservice-server", "message": "[Recv ListRecommendations] product_ids=['L9ECAV7KIM', '66VCHSJNUP', 'LS4PSXUNUM', '6E92ZMYYFZ', '0PUK6V6EV0']"}
2026-08-15T13:04:37.136341448Z {"timestamp": 1786799077.1360958, "severity": "INFO", "name": "recommendationservice-server", "message": "[Recv ListRecommendations] product_ids=['2ZYFJ3GM2N', '6E92ZMYYFZ', 'OLJCESPC7Z', 'L9ECAV7KIM', '0PUK6V6EV0']"}
2026-08-15T13:04:37.468086612Z {"timestamp": 1786799077.4676893, "severity": "INFO", "name": "recommendationservice-server", "message": "[Recv ListRecommendations] product_ids=['OLJCESPC7Z', '2ZYFJ3GM2N', 'L9ECAV7KIM', '6E92ZMYYFZ', '9SIQT8TOJO']"}
2026-08-15T13:04:37.884993791Z {"timestamp": 1786799077.884552, "severity": "INFO", "name": "recommendationservice-server", "message": "[Recv ListRecommendations] product_ids=['6E92ZMYYFZ', '66VCHSJNUP', '2ZYFJ3GM2N', '9SIQT8TOJO', '0PUK6V6EV0']"}
2026-08-15T13:04:37.923696960Z {"timestamp": 1786799077.9231844, "severity": "INFO", "name": "recommendationservice-server", "message": "[Recv ListRecommendations] product_ids=['6E92ZMYYFZ', '66VCHSJNUP', '0PUK6V6EV0', 'OLJCESPC7Z', '2ZYFJ3GM2N']"}
2026-08-15T13:04:37.995399328Z {"timestamp": 1786799077.9945407, "severity": "INFO", "name": "recommendationservice-server", "message": "[Recv ListRecommendations] product_ids=['0PUK6V6EV0', '6E92ZMYYFZ', '66VCHSJNUP', '9SIQT8TOJO', 'LS4PSXUNUM']"}
2026-08-15T13:04:39.597025244Z {"timestamp": 1786799079.5959072, "severity": "INFO", "name": "recommendationservice-server", "message": "[Recv ListRecommendations] product_ids=['9SIQT8TOJO', '6E92ZMYYFZ', 'LS4PSXUNUM', '1YMWWN1N4O', '2ZYFJ3GM2N']"}
2026-08-15T13:04:39.708526591Z {"timestamp": 1786799079.7072227, "severity": "INFO", "name": "recommendationservice-server", "message": "[Recv ListRecommendations] product_ids=['66VCHSJNUP', '9SIQT8TOJO', 'OLJCESPC7Z', '0PUK6V6EV0', 'LS4PSXUNUM']"}
2026-08-15T13:04:39.806983234Z {"timestamp": 1786799079.8060377, "severity": "INFO", "name": "recommendationservice-server", "message": "[Recv ListRecommendations] product_ids=['0PUK6V6EV0', '6E92ZMYYFZ', '1YMWWN1N4O', '9SIQT8TOJO']"}
2026-08-15T13:04:39.829148950Z {"timestamp": 1786799079.828416, "severity": "INFO", "name": "recommendationservice-server", "message": "[Recv ListRecommendations] product_ids=['L9ECAV7KIM', '2ZYFJ3GM2N', '6E92ZMYYFZ', '9SIQT8TOJO', '0PUK6V6EV0']"}
2026-08-15T13:04:40.004916721Z {"timestamp": 1786799080.003432, "severity": "INFO", "name": "recommendationservice-server", "message": "[Recv ListRecommendations] product_ids=['9SIQT8TOJO', 'LS4PSXUNUM', '0PUK6V6EV0', '2ZYFJ3GM2N', '1YMWWN1N4O']"}
2026-08-15T13:04:40.640145925Z {"timestamp": 1786799080.6391568, "severity": "INFO", "name": "recommendationservice-server", "message": "[Recv ListRecommendations] product_ids=['OLJCESPC7Z', '66VCHSJNUP', '1YMWWN1N4O', 'L9ECAV7KIM', '9SIQT8TOJO']"}
2026-08-15T13:04:41.003173218Z {"timestamp": 1786799081.0020275, "severity": "INFO", "name": "recommendationservice-server", "message": "[Recv ListRecommendations] product_ids=['66VCHSJNUP', 'OLJCESPC7Z', 'L9ECAV7KIM', '9SIQT8TOJO', '6E92ZMYYFZ']"}
2026-08-15T13:04:42.161665633Z {"timestamp": 1786799082.1605656, "severity": "INFO", "name": "recommendationservice-server", "message": "[Recv ListRecommendations] product_ids=['LS4PSXUNUM', 'OLJCESPC7Z', '2ZYFJ3GM2N', '9SIQT8TOJO', '66VCHSJNUP']"}
2026-08-15T13:04:42.792663145Z {"timestamp": 1786799082.7915738, "severity": "INFO", "name": "recommendationservice-server", "message": "[Recv ListRecommendations] product_ids=['66VCHSJNUP', '6E92ZMYYFZ', '0PUK6V6EV0', 'L9ECAV7KIM', 'OLJCESPC7Z']"}
2026-08-15T13:04:43.102331848Z {"timestamp": 1786799083.1008515, "severity": "INFO", "name": "recommendationservice-server", "message": "[Recv ListRecommendations] product_ids=['1YMWWN1N4O', '2ZYFJ3GM2N', '9SIQT8TOJO', '6E92ZMYYFZ', 'OLJCESPC7Z']"}
2026-08-15T13:04:43.196030129Z {"timestamp": 1786799083.1957042, "severity": "INFO", "name": "recommendationservice-server", "message": "[Recv ListRecommendations] product_ids=['1YMWWN1N4O', '0PUK6V6EV0', 'L9ECAV7KIM', '2ZYFJ3GM2N', '9SIQT8TOJO']"}
2026-08-15T13:04:43.670253407Z {"timestamp": 1786799083.6692445, "severity": "INFO", "name": "recommendationservice-server", "message": "[Recv ListRecommendations] product_ids=['2ZYFJ3GM2N', '0PUK6V6EV0', 'OLJCESPC7Z', 'LS4PSXUNUM', '66VCHSJNUP']"}
2026-08-15T13:04:43.753383830Z {"timestamp": 1786799083.7526891, "severity": "INFO", "name": "recommendationservice-server", "message": "[Recv ListRecommendations] product_ids=['6E92ZMYYFZ', 'OLJCESPC7Z', '2ZYFJ3GM2N', '1YMWWN1N4O', '9SIQT8TOJO']"}
2026-08-15T13:04:44.027553279Z {"timestamp": 1786799084.0265458, "severity": "INFO", "name": "recommendationservice-server", "message": "[Recv ListRecommendations] product_ids=['9SIQT8TOJO', '1YMWWN1N4O', 'LS4PSXUNUM', 'OLJCESPC7Z', 'L9ECAV7KIM']"}
2026-08-15T13:04:44.203350880Z {"timestamp": 1786799084.2021985, "severity": "INFO", "name": "recommendationservice-server", "message": "[Recv ListRecommendations] product_ids=['L9ECAV7KIM', '6E92ZMYYFZ', 'LS4PSXUNUM', '2ZYFJ3GM2N', '0PUK6V6EV0']"}
2026-08-15T13:04:44.310637621Z {"timestamp": 1786799084.3085992, "severity": "INFO", "name": "recommendationservice-server", "message": "[Recv ListRecommendations] product_ids=['2ZYFJ3GM2N', '66VCHSJNUP', '1YMWWN1N4O', 'LS4PSXUNUM', 'L9ECAV7KIM']"}
2026-08-15T13:04:45.618470058Z {"timestamp": 1786799085.6173813, "severity": "INFO", "name": "recommendationservice-server", "message": "[Recv ListRecommendations] product_ids=['2ZYFJ3GM2N', '66VCHSJNUP', 'L9ECAV7KIM', '1YMWWN1N4O', 'LS4PSXUNUM']"}
2026-08-15T13:04:45.929463794Z {"timestamp": 1786799085.9287398, "severity": "INFO", "name": "recommendationservice-server", "message": "[Recv ListRecommendations] product_ids=['2ZYFJ3GM2N', '9SIQT8TOJO', 'LS4PSXUNUM', '0PUK6V6EV0', '1YMWWN1N4O']"}
2026-08-15T13:04:46.155776552Z {"timestamp": 1786799086.1542594, "severity": "INFO", "name": "recommendationservice-server", "message": "[Recv ListRecommendations] product_ids=['LS4PSXUNUM', '6E92ZMYYFZ', '0PUK6V6EV0', '9SIQT8TOJO', 'L9ECAV7KIM']"}
2026-08-15T13:04:47.319716183Z {"timestamp": 1786799087.3194294, "severity": "INFO", "name": "recommendationservice-server", "message": "[Recv ListRecommendations] product_ids=['OLJCESPC7Z', '9SIQT8TOJO', '6E92ZMYYFZ', '1YMWWN1N4O', '2ZYFJ3GM2N']"}
2026-08-15T13:04:47.931261509Z {"timestamp": 1786799087.9307592, "severity": "INFO", "name": "recommendationservice-server", "message": "[Recv ListRecommendations] product_ids=['9SIQT8TOJO', '0PUK6V6EV0', '6E92ZMYYFZ', '1YMWWN1N4O', 'L9ECAV7KIM']"}
2026-08-15T13:04:48.342911623Z {"timestamp": 1786799088.3424747, "severity": "INFO", "name": "recommendationservice-server", "message": "[Recv ListRecommendations] product_ids=['1YMWWN1N4O', 'L9ECAV7KIM', '66VCHSJNUP', '9SIQT8TOJO', '6E92ZMYYFZ']"}
2026-08-15T13:04:48.409430483Z {"timestamp": 1786799088.4087274, "severity": "INFO", "name": "recommendationservice-server", "message": "[Recv ListRecommendations] product_ids=['OLJCESPC7Z', '1YMWWN1N4O', '0PUK6V6EV0', '9SIQT8TOJO', 'LS4PSXUNUM']"}
2026-08-15T13:04:48.937712373Z {"timestamp": 1786799088.9361212, "severity": "INFO", "name": "recommendationservice-server", "message": "[Recv ListRecommendations] product_ids=['2ZYFJ3GM2N', 'LS4PSXUNUM', '0PUK6V6EV0', '6E92ZMYYFZ']"}
2026-08-15T13:04:49.000404550Z {"timestamp": 1786799088.9983382, "severity": "INFO", "name": "recommendationservice-server", "message": "[Recv ListRecommendations] product_ids=['1YMWWN1N4O', 'L9ECAV7KIM', '6E92ZMYYFZ', '0PUK6V6EV0', '9SIQT8TOJO']"}
2026-08-15T13:04:49.445373599Z {"timestamp": 1786799089.4442096, "severity": "INFO", "name": "recommendationservice-server", "message": "[Recv ListRecommendations] product_ids=['66VCHSJNUP', '9SIQT8TOJO', '6E92ZMYYFZ', '0PUK6V6EV0', 'L9ECAV7KIM']"}
2026-08-15T13:04:50.103843823Z {"timestamp": 1786799090.1025422, "severity": "INFO", "name": "recommendationservice-server", "message": "[Recv ListRecommendations] product_ids=['LS4PSXUNUM', '6E92ZMYYFZ', '1YMWWN1N4O', 'OLJCESPC7Z', 'L9ECAV7KIM']"}
2026-08-15T13:04:50.196851535Z {"timestamp": 1786799090.1467855, "severity": "INFO", "name": "recommendationservice-server", "message": "[Recv ListRecommendations] product_ids=['OLJCESPC7Z', '9SIQT8TOJO', 'LS4PSXUNUM', '6E92ZMYYFZ', '0PUK6V6EV0']"}
2026-08-15T13:04:51.953164178Z {"timestamp": 1786799091.9520772, "severity": "INFO", "name": "recommendationservice-server", "message": "[Recv ListRecommendations] product_ids=['0PUK6V6EV0', 'OLJCESPC7Z', 'L9ECAV7KIM', '66VCHSJNUP', 'LS4PSXUNUM']"}
2026-08-15T13:04:52.659117145Z {"timestamp": 1786799092.658785, "severity": "INFO", "name": "recommendationservice-server", "message": "[Recv ListRecommendations] product_ids=['1YMWWN1N4O', 'OLJCESPC7Z', '0PUK6V6EV0', '66VCHSJNUP', 'LS4PSXUNUM']"}
2026-08-15T13:04:53.248177462Z {"timestamp": 1786799093.2478669, "severity": "INFO", "name": "recommendationservice-server", "message": "[Recv ListRecommendations] product_ids=['OLJCESPC7Z', '1YMWWN1N4O', '66VCHSJNUP', '0PUK6V6EV0', 'L9ECAV7KIM']"}
2026-08-15T13:04:53.260265966Z {"timestamp": 1786799093.2599094, "severity": "INFO", "name": "recommendationservice-server", "message": "[Recv ListRecommendations] product_ids=['1YMWWN1N4O', '6E92ZMYYFZ', '0PUK6V6EV0', '2ZYFJ3GM2N', '66VCHSJNUP']"}
2026-08-15T13:04:53.449270206Z {"timestamp": 1786799093.448958, "severity": "INFO", "name": "recommendationservice-server", "message": "[Recv ListRecommendations] product_ids=['0PUK6V6EV0', '6E92ZMYYFZ', '1YMWWN1N4O', '9SIQT8TOJO', 'OLJCESPC7Z']"}
2026-08-15T13:04:53.542644313Z {"timestamp": 1786799093.5423849, "severity": "INFO", "name": "recommendationservice-server", "message": "[Recv ListRecommendations] product_ids=['9SIQT8TOJO', '1YMWWN1N4O', '2ZYFJ3GM2N', '0PUK6V6EV0', 'LS4PSXUNUM']"}
2026-08-15T13:04:53.575740912Z {"timestamp": 1786799093.5755076, "severity": "INFO", "name": "recommendationservice-server", "message": "[Recv ListRecommendations] product_ids=['0PUK6V6EV0', '9SIQT8TOJO', '66VCHSJNUP', '6E92ZMYYFZ', 'OLJCESPC7Z']"}
2026-08-15T13:04:53.752784360Z {"timestamp": 1786799093.7517593, "severity": "INFO", "name": "recommendationservice-server", "message": "[Recv ListRecommendations] product_ids=['LS4PSXUNUM', '2ZYFJ3GM2N', 'L9ECAV7KIM', '66VCHSJNUP', '6E92ZMYYFZ']"}
2026-08-15T13:04:53.908705301Z {"timestamp": 1786799093.90755, "severity": "INFO", "name": "recommendationservice-server", "message": "[Recv ListRecommendations] product_ids=['1YMWWN1N4O', '9SIQT8TOJO', '2ZYFJ3GM2N', '0PUK6V6EV0', 'LS4PSXUNUM']"}
2026-08-15T13:04:54.455385193Z {"timestamp": 1786799094.4545238, "severity": "INFO", "name": "recommendationservice-server", "message": "[Recv ListRecommendations] product_ids=['0PUK6V6EV0', '2ZYFJ3GM2N', '1YMWWN1N4O', '6E92ZMYYFZ', 'L9ECAV7KIM']"}
2026-08-15T13:04:54.649790871Z {"timestamp": 1786799094.6486168, "severity": "INFO", "name": "recommendationservice-server", "message": "[Recv ListRecommendations] product_ids=['2ZYFJ3GM2N', '6E92ZMYYFZ', '1YMWWN1N4O', '0PUK6V6EV0', 'L9ECAV7KIM']"}
2026-08-15T13:04:55.020043177Z {"timestamp": 1786799095.019246, "severity": "INFO", "name": "recommendationservice-server", "message": "[Recv ListRecommendations] product_ids=['6E92ZMYYFZ', 'LS4PSXUNUM', 'L9ECAV7KIM', '9SIQT8TOJO', '1YMWWN1N4O']"}
2026-08-15T13:04:55.239772179Z {"timestamp": 1786799095.238955, "severity": "INFO", "name": "recommendationservice-server", "message": "[Recv ListRecommendations] product_ids=['9SIQT8TOJO', '1YMWWN1N4O', 'LS4PSXUNUM', 'L9ECAV7KIM', 'OLJCESPC7Z']"}
2026-08-15T13:04:55.326016076Z {"timestamp": 1786799095.325625, "severity": "INFO", "name": "recommendationservice-server", "message": "[Recv ListRecommendations] product_ids=['L9ECAV7KIM', 'OLJCESPC7Z', '2ZYFJ3GM2N', '9SIQT8TOJO', 'LS4PSXUNUM']"}
2026-08-15T13:04:55.870793678Z {"timestamp": 1786799095.8701017, "severity": "INFO", "name": "recommendationservice-server", "message": "[Recv ListRecommendations] product_ids=['9SIQT8TOJO', 'OLJCESPC7Z', '1YMWWN1N4O', '2ZYFJ3GM2N', '6E92ZMYYFZ']"}
2026-08-15T13:04:56.772993107Z {"timestamp": 1786799096.7724757, "severity": "INFO", "name": "recommendationservice-server", "message": "[Recv ListRecommendations] product_ids=['66VCHSJNUP', 'OLJCESPC7Z', '9SIQT8TOJO', 'LS4PSXUNUM', '6E92ZMYYFZ']"}
2026-08-15T13:04:56.833003189Z {"timestamp": 1786799096.8326457, "severity": "INFO", "name": "recommendationservice-server", "message": "[Recv ListRecommendations] product_ids=['6E92ZMYYFZ', '0PUK6V6EV0', '9SIQT8TOJO']"}
2026-08-15T13:04:57.859490757Z {"timestamp": 1786799097.856995, "severity": "INFO", "name": "recommendationservice-server", "message": "[Recv ListRecommendations] product_ids=['6E92ZMYYFZ', '9SIQT8TOJO', '0PUK6V6EV0', 'L9ECAV7KIM', 'LS4PSXUNUM']"}
2026-08-15T13:04:58.280529525Z {"timestamp": 1786799098.2793024, "severity": "INFO", "name": "recommendationservice-server", "message": "[Recv ListRecommendations] product_ids=['66VCHSJNUP', 'OLJCESPC7Z', '6E92ZMYYFZ', '0PUK6V6EV0', '2ZYFJ3GM2N']"}
2026-08-15T13:04:59.692832450Z {"timestamp": 1786799099.6919365, "severity": "INFO", "name": "recommendationservice-server", "message": "[Recv ListRecommendations] product_ids=['LS4PSXUNUM', '2ZYFJ3GM2N', '1YMWWN1N4O', 'L9ECAV7KIM', '66VCHSJNUP']"}
2026-08-15T13:04:59.702064069Z {"timestamp": 1786799099.7009141, "severity": "INFO", "name": "recommendationservice-server", "message": "[Recv ListRecommendations] product_ids=['9SIQT8TOJO', 'L9ECAV7KIM', '6E92ZMYYFZ', '1YMWWN1N4O', 'LS4PSXUNUM']"}
2026-08-15T13:04:59.894519126Z {"timestamp": 1786799099.8102274, "severity": "INFO", "name": "recommendationservice-server", "message": "[Recv ListRecommendations] product_ids=['LS4PSXUNUM', '1YMWWN1N4O', '6E92ZMYYFZ', '0PUK6V6EV0', 'OLJCESPC7Z']"}
2026-08-15T13:05:00.302922678Z {"timestamp": 1786799100.3026981, "severity": "INFO", "name": "recommendationservice-server", "message": "[Recv ListRecommendations] product_ids=['66VCHSJNUP', '0PUK6V6EV0', 'OLJCESPC7Z', '6E92ZMYYFZ', '2ZYFJ3GM2N']"}
2026-08-15T13:05:01.401412720Z {"timestamp": 1786799101.4002454, "severity": "INFO", "name": "recommendationservice-server", "message": "[Recv ListRecommendations] product_ids=['2ZYFJ3GM2N', 'OLJCESPC7Z', '66VCHSJNUP', '9SIQT8TOJO', '6E92ZMYYFZ']"}
2026-08-15T13:05:01.922725111Z {"timestamp": 1786799101.9214683, "severity": "INFO", "name": "recommendationservice-server", "message": "[Recv ListRecommendations] product_ids=['2ZYFJ3GM2N', '66VCHSJNUP', 'LS4PSXUNUM', 'OLJCESPC7Z', '9SIQT8TOJO']"}
2026-08-15T13:05:02.156902121Z {"timestamp": 1786799102.155499, "severity": "INFO", "name": "recommendationservice-server", "message": "[Recv ListRecommendations] product_ids=['9SIQT8TOJO', 'L9ECAV7KIM', 'LS4PSXUNUM', '2ZYFJ3GM2N', '6E92ZMYYFZ']"}
2026-08-15T13:05:02.199068818Z {"timestamp": 1786799102.1980805, "severity": "INFO", "name": "recommendationservice-server", "message": "[Recv ListRecommendations] product_ids=['2ZYFJ3GM2N', '6E92ZMYYFZ', '0PUK6V6EV0', 'LS4PSXUNUM']"}
2026-08-15T13:05:02.422002208Z {"timestamp": 1786799102.421703, "severity": "INFO", "name": "recommendationservice-server", "message": "[Recv ListRecommendations] product_ids=['1YMWWN1N4O', '0PUK6V6EV0', '66VCHSJNUP']"}
2026-08-15T13:05:03.245351863Z {"timestamp": 1786799103.2450879, "severity": "INFO", "name": "recommendationservice-server", "message": "[Recv ListRecommendations] product_ids=['LS4PSXUNUM', '0PUK6V6EV0', '66VCHSJNUP', '6E92ZMYYFZ', '1YMWWN1N4O']"}
2026-08-15T13:05:03.259075029Z {"timestamp": 1786799103.2587628, "severity": "INFO", "name": "recommendationservice-server", "message": "[Recv ListRecommendations] product_ids=['9SIQT8TOJO', '6E92ZMYYFZ', '0PUK6V6EV0']"}
2026-08-15T13:05:03.413453896Z {"timestamp": 1786799103.4131386, "severity": "INFO", "name": "recommendationservice-server", "message": "[Recv ListRecommendations] product_ids=['1YMWWN1N4O', '66VCHSJNUP', 'L9ECAV7KIM', '2ZYFJ3GM2N', 'OLJCESPC7Z']"}
2026-08-15T13:05:04.490042058Z {"timestamp": 1786799104.4891453, "severity": "INFO", "name": "recommendationservice-server", "message": "[Recv ListRecommendations] product_ids=['66VCHSJNUP', 'LS4PSXUNUM', '9SIQT8TOJO', 'OLJCESPC7Z', '6E92ZMYYFZ']"}
2026-08-15T13:05:04.594805786Z {"timestamp": 1786799104.594056, "severity": "INFO", "name": "recommendationservice-server", "message": "[Recv ListRecommendations] product_ids=['1YMWWN1N4O', '2ZYFJ3GM2N', '66VCHSJNUP', '6E92ZMYYFZ', '0PUK6V6EV0']"}
2026-08-15T13:05:04.632362825Z {"timestamp": 1786799104.6313465, "severity": "INFO", "name": "recommendationservice-server", "message": "[Recv ListRecommendations] product_ids=['9SIQT8TOJO', '6E92ZMYYFZ', 'L9ECAV7KIM', 'LS4PSXUNUM', '66VCHSJNUP']"}
2026-08-15T13:05:05.150813031Z {"timestamp": 1786799105.1503031, "severity": "INFO", "name": "recommendationservice-server", "message": "[Recv ListRecommendations] product_ids=['9SIQT8TOJO', 'OLJCESPC7Z', '66VCHSJNUP', '1YMWWN1N4O', '6E92ZMYYFZ']"}
2026-08-15T13:05:05.176904028Z {"timestamp": 1786799105.176347, "severity": "INFO", "name": "recommendationservice-server", "message": "[Recv ListRecommendations] product_ids=['9SIQT8TOJO', '0PUK6V6EV0', '1YMWWN1N4O', 'LS4PSXUNUM']"}
2026-08-15T13:05:05.261158814Z {"timestamp": 1786799105.2608285, "severity": "INFO", "name": "recommendationservice-server", "message": "[Recv ListRecommendations] product_ids=['LS4PSXUNUM', '2ZYFJ3GM2N', 'L9ECAV7KIM', '0PUK6V6EV0', '6E92ZMYYFZ']"}
2026-08-15T13:05:05.823065246Z {"timestamp": 1786799105.8221838, "severity": "INFO", "name": "recommendationservice-server", "message": "[Recv ListRecommendations] product_ids=['LS4PSXUNUM', '66VCHSJNUP', 'L9ECAV7KIM', '6E92ZMYYFZ', '0PUK6V6EV0']"}
2026-08-15T13:05:06.197839550Z {"timestamp": 1786799106.1968107, "severity": "INFO", "name": "recommendationservice-server", "message": "[Recv ListRecommendations] product_ids=['LS4PSXUNUM', '66VCHSJNUP', 'L9ECAV7KIM', '1YMWWN1N4O', '9SIQT8TOJO']"}
2026-08-15T13:05:06.300199239Z {"timestamp": 1786799106.2986171, "severity": "INFO", "name": "recommendationservice-server", "message": "[Recv ListRecommendations] product_ids=['LS4PSXUNUM', '2ZYFJ3GM2N', '0PUK6V6EV0', '6E92ZMYYFZ']"}
2026-08-15T13:05:06.396273902Z {"timestamp": 1786799106.3954232, "severity": "INFO", "name": "recommendationservice-server", "message": "[Recv ListRecommendations] product_ids=['6E92ZMYYFZ', '2ZYFJ3GM2N', 'LS4PSXUNUM', '0PUK6V6EV0', '1YMWWN1N4O']"}
2026-08-15T13:05:06.600802461Z {"timestamp": 1786799106.5998924, "severity": "INFO", "name": "recommendationservice-server", "message": "[Recv ListRecommendations] product_ids=['0PUK6V6EV0', 'LS4PSXUNUM', '66VCHSJNUP', '1YMWWN1N4O', '2ZYFJ3GM2N']"}
2026-08-15T13:05:07.243344296Z {"timestamp": 1786799107.2420597, "severity": "INFO", "name": "recommendationservice-server", "message": "[Recv ListRecommendations] product_ids=['66VCHSJNUP', 'OLJCESPC7Z', '6E92ZMYYFZ', '2ZYFJ3GM2N', '0PUK6V6EV0']"}
2026-08-15T13:05:07.391460127Z {"timestamp": 1786799107.3911328, "severity": "INFO", "name": "recommendationservice-server", "message": "[Recv ListRecommendations] product_ids=['0PUK6V6EV0', '66VCHSJNUP', '9SIQT8TOJO', '6E92ZMYYFZ', '1YMWWN1N4O']"}
2026-08-15T13:05:08.794928606Z {"timestamp": 1786799108.7937808, "severity": "INFO", "name": "recommendationservice-server", "message": "[Recv ListRecommendations] product_ids=['LS4PSXUNUM', '6E92ZMYYFZ', '9SIQT8TOJO', '1YMWWN1N4O', '2ZYFJ3GM2N']"}
2026-08-15T13:05:08.843536406Z {"timestamp": 1786799108.762501, "severity": "INFO", "name": "recommendationservice-server", "message": "[Recv ListRecommendations] product_ids=['L9ECAV7KIM', '66VCHSJNUP', 'OLJCESPC7Z', 'LS4PSXUNUM', '0PUK6V6EV0']"}
2026-08-15T13:05:08.937024230Z {"timestamp": 1786799108.9362645, "severity": "INFO", "name": "recommendationservice-server", "message": "[Recv ListRecommendations] product_ids=['9SIQT8TOJO', '0PUK6V6EV0', '6E92ZMYYFZ']"}
2026-08-15T13:05:09.124684447Z {"timestamp": 1786799109.124056, "severity": "INFO", "name": "recommendationservice-server", "message": "[Recv ListRecommendations] product_ids=['LS4PSXUNUM', '6E92ZMYYFZ', '1YMWWN1N4O', 'OLJCESPC7Z', 'L9ECAV7KIM']"}
2026-08-15T13:05:09.262669857Z {"timestamp": 1786799109.2620175, "severity": "INFO", "name": "recommendationservice-server", "message": "[Recv ListRecommendations] product_ids=['OLJCESPC7Z', '6E92ZMYYFZ', '9SIQT8TOJO', 'LS4PSXUNUM', 'L9ECAV7KIM']"}
2026-08-15T13:05:09.332648111Z {"timestamp": 1786799109.3318648, "severity": "INFO", "name": "recommendationservice-server", "message": "[Recv ListRecommendations] product_ids=['1YMWWN1N4O', '6E92ZMYYFZ', '2ZYFJ3GM2N', 'OLJCESPC7Z', 'L9ECAV7KIM']"}
2026-08-15T13:05:09.803289355Z {"timestamp": 1786799109.8021054, "severity": "INFO", "name": "recommendationservice-server", "message": "[Recv ListRecommendations] product_ids=['66VCHSJNUP', '0PUK6V6EV0', '1YMWWN1N4O']"}
2026-08-15T13:05:10.492222204Z {"timestamp": 1786799110.491782, "severity": "INFO", "name": "recommendationservice-server", "message": "[Recv ListRecommendations] product_ids=['66VCHSJNUP', '0PUK6V6EV0', 'LS4PSXUNUM', 'OLJCESPC7Z', '1YMWWN1N4O']"}
2026-08-15T13:05:10.624190807Z {"timestamp": 1786799110.6227672, "severity": "INFO", "name": "recommendationservice-server", "message": "[Recv ListRecommendations] product_ids=['LS4PSXUNUM', '2ZYFJ3GM2N', '9SIQT8TOJO', 'L9ECAV7KIM', '1YMWWN1N4O']"}
2026-08-15T13:05:11.591952764Z {"timestamp": 1786799111.5903852, "severity": "INFO", "name": "recommendationservice-server", "message": "[Recv ListRecommendations] product_ids=['1YMWWN1N4O', '0PUK6V6EV0', '66VCHSJNUP']"}
2026-08-15T13:05:11.792644495Z {"timestamp": 1786799111.7916389, "severity": "INFO", "name": "recommendationservice-server", "message": "[Recv ListRecommendations] product_ids=['66VCHSJNUP', 'L9ECAV7KIM', '9SIQT8TOJO', '1YMWWN1N4O', '2ZYFJ3GM2N']"}
2026-08-15T13:05:12.922408983Z {"timestamp": 1786799112.9219549, "severity": "INFO", "name": "recommendationservice-server", "message": "[Recv ListRecommendations] product_ids=['9SIQT8TOJO', '2ZYFJ3GM2N', '1YMWWN1N4O', '0PUK6V6EV0', '66VCHSJNUP']"}
2026-08-15T13:05:12.924153359Z {"timestamp": 1786799112.9236777, "severity": "INFO", "name": "recommendationservice-server", "message": "[Recv ListRecommendations] product_ids=['1YMWWN1N4O', '0PUK6V6EV0', '2ZYFJ3GM2N', '6E92ZMYYFZ', 'LS4PSXUNUM']"}
2026-08-15T13:05:13.449048771Z {"timestamp": 1786799113.447402, "severity": "INFO", "name": "recommendationservice-server", "message": "[Recv ListRecommendations] product_ids=['9SIQT8TOJO', 'OLJCESPC7Z', '66VCHSJNUP', 'L9ECAV7KIM', '2ZYFJ3GM2N']"}
2026-08-15T13:05:13.547208067Z {"timestamp": 1786799113.545688, "severity": "INFO", "name": "recommendationservice-server", "message": "[Recv ListRecommendations] product_ids=['1YMWWN1N4O', '66VCHSJNUP']"}
2026-08-15T13:05:13.638335753Z {"timestamp": 1786799113.6372972, "severity": "INFO", "name": "recommendationservice-server", "message": "[Recv ListRecommendations] product_ids=['1YMWWN1N4O', '0PUK6V6EV0', '66VCHSJNUP', 'LS4PSXUNUM', 'OLJCESPC7Z']"}
2026-08-15T13:05:13.951933966Z {"timestamp": 1786799113.9513323, "severity": "INFO", "name": "recommendationservice-server", "message": "[Recv ListRecommendations] product_ids=['L9ECAV7KIM', 'LS4PSXUNUM', '1YMWWN1N4O', '0PUK6V6EV0', '66VCHSJNUP']"}
2026-08-15T13:05:14.511138037Z {"timestamp": 1786799114.5107753, "severity": "INFO", "name": "recommendationservice-server", "message": "[Recv ListRecommendations] product_ids=['9SIQT8TOJO', '66VCHSJNUP', '0PUK6V6EV0', '1YMWWN1N4O', 'L9ECAV7KIM']"}
2026-08-15T13:05:15.177845969Z {"timestamp": 1786799115.1775687, "severity": "INFO", "name": "recommendationservice-server", "message": "[Recv ListRecommendations] product_ids=['LS4PSXUNUM', '0PUK6V6EV0', '6E92ZMYYFZ', '9SIQT8TOJO', '66VCHSJNUP']"}
2026-08-15T13:05:15.796425068Z {"timestamp": 1786799115.7952368, "severity": "INFO", "name": "recommendationservice-server", "message": "[Recv ListRecommendations] product_ids=['66VCHSJNUP', '1YMWWN1N4O', '6E92ZMYYFZ', 'OLJCESPC7Z', '0PUK6V6EV0']"}
2026-08-15T13:05:16.172366903Z {"timestamp": 1786799116.1713665, "severity": "INFO", "name": "recommendationservice-server", "message": "[Recv ListRecommendations] product_ids=['1YMWWN1N4O', 'LS4PSXUNUM', '2ZYFJ3GM2N', 'OLJCESPC7Z', '66VCHSJNUP']"}
2026-08-15T13:05:16.245771385Z {"timestamp": 1786799116.2445722, "severity": "INFO", "name": "recommendationservice-server", "message": "[Recv ListRecommendations] product_ids=['9SIQT8TOJO', '6E92ZMYYFZ', '0PUK6V6EV0', 'L9ECAV7KIM', 'OLJCESPC7Z']"}
2026-08-15T13:05:16.533675126Z {"timestamp": 1786799116.5325994, "severity": "INFO", "name": "recommendationservice-server", "message": "[Recv ListRecommendations] product_ids=['2ZYFJ3GM2N', 'OLJCESPC7Z', '1YMWWN1N4O', '66VCHSJNUP', 'L9ECAV7KIM']"}
2026-08-15T13:05:16.683968251Z {"timestamp": 1786799116.6829157, "severity": "INFO", "name": "recommendationservice-server", "message": "[Recv ListRecommendations] product_ids=['66VCHSJNUP', 'L9ECAV7KIM', '2ZYFJ3GM2N', '9SIQT8TOJO', '6E92ZMYYFZ']"}
2026-08-15T13:05:17.558746215Z {"timestamp": 1786799117.5580015, "severity": "INFO", "name": "recommendationservice-server", "message": "[Recv ListRecommendations] product_ids=['OLJCESPC7Z', '66VCHSJNUP', '1YMWWN1N4O', 'LS4PSXUNUM', '9SIQT8TOJO']"}
2026-08-15T13:05:17.594083566Z {"timestamp": 1786799117.5931797, "severity": "INFO", "name": "recommendationservice-server", "message": "[Recv ListRecommendations] product_ids=['L9ECAV7KIM', '0PUK6V6EV0', 'LS4PSXUNUM', 'OLJCESPC7Z', '1YMWWN1N4O']"}
2026-08-15T13:05:18.541311814Z {"timestamp": 1786799118.5378199, "severity": "INFO", "name": "recommendationservice-server", "message": "[Recv ListRecommendations] product_ids=['0PUK6V6EV0', '2ZYFJ3GM2N', '1YMWWN1N4O', 'L9ECAV7KIM', '9SIQT8TOJO']"}
2026-08-15T13:05:18.600831363Z {"timestamp": 1786799118.5966444, "severity": "INFO", "name": "recommendationservice-server", "message": "[Recv ListRecommendations] product_ids=['9SIQT8TOJO', '0PUK6V6EV0', '66VCHSJNUP', 'OLJCESPC7Z', 'LS4PSXUNUM']"}
2026-08-15T13:05:18.694698259Z {"timestamp": 1786799118.6935987, "severity": "INFO", "name": "recommendationservice-server", "message": "[Recv ListRecommendations] product_ids=['66VCHSJNUP', 'L9ECAV7KIM', '6E92ZMYYFZ', '2ZYFJ3GM2N', 'LS4PSXUNUM']"}
2026-08-15T13:05:18.705037827Z {"timestamp": 1786799118.7038412, "severity": "INFO", "name": "recommendationservice-server", "message": "[Recv ListRecommendations] product_ids=['L9ECAV7KIM', '1YMWWN1N4O', 'LS4PSXUNUM', '0PUK6V6EV0', 'OLJCESPC7Z']"}
2026-08-15T13:05:18.824673185Z {"timestamp": 1786799118.823612, "severity": "INFO", "name": "recommendationservice-server", "message": "[Recv ListRecommendations] product_ids=['OLJCESPC7Z', '9SIQT8TOJO', '66VCHSJNUP', '1YMWWN1N4O', '6E92ZMYYFZ']"}
2026-08-15T13:05:19.003839093Z {"timestamp": 1786799119.0014138, "severity": "INFO", "name": "recommendationservice-server", "message": "[Recv ListRecommendations] product_ids=['OLJCESPC7Z', '0PUK6V6EV0', '6E92ZMYYFZ', '1YMWWN1N4O', 'L9ECAV7KIM']"}
2026-08-15T13:05:19.096098824Z {"timestamp": 1786799119.0956337, "severity": "INFO", "name": "recommendationservice-server", "message": "[Recv ListRecommendations] product_ids=['9SIQT8TOJO', '0PUK6V6EV0', '6E92ZMYYFZ']"}
2026-08-15T13:05:19.192761209Z {"timestamp": 1786799119.191595, "severity": "INFO", "name": "recommendationservice-server", "message": "[Recv ListRecommendations] product_ids=['0PUK6V6EV0', 'OLJCESPC7Z', '66VCHSJNUP', '6E92ZMYYFZ', '1YMWWN1N4O']"}
2026-08-15T13:05:19.204085179Z {"timestamp": 1786799119.2028303, "severity": "INFO", "name": "recommendationservice-server", "message": "[Recv ListRecommendations] product_ids=['2ZYFJ3GM2N', '1YMWWN1N4O', 'OLJCESPC7Z', '66VCHSJNUP', 'L9ECAV7KIM']"}
2026-08-15T13:05:19.292745737Z {"timestamp": 1786799119.2915633, "severity": "INFO", "name": "recommendationservice-server", "message": "[Recv ListRecommendations] product_ids=['LS4PSXUNUM', '66VCHSJNUP', 'OLJCESPC7Z', '0PUK6V6EV0', 'L9ECAV7KIM']"}
2026-08-15T13:05:19.470050853Z {"timestamp": 1786799119.4696813, "severity": "INFO", "name": "recommendationservice-server", "message": "[Recv ListRecommendations] product_ids=['OLJCESPC7Z', '2ZYFJ3GM2N', '9SIQT8TOJO', 'L9ECAV7KIM', '1YMWWN1N4O']"}
2026-08-15T13:05:20.545836981Z {"timestamp": 1786799120.5446508, "severity": "INFO", "name": "recommendationservice-server", "message": "[Recv ListRecommendations] product_ids=['0PUK6V6EV0', '66VCHSJNUP', '9SIQT8TOJO', 'L9ECAV7KIM', '6E92ZMYYFZ']"}
2026-08-15T13:05:20.881694475Z {"timestamp": 1786799120.880526, "severity": "INFO", "name": "recommendationservice-server", "message": "[Recv ListRecommendations] product_ids=['66VCHSJNUP', 'LS4PSXUNUM', '9SIQT8TOJO', 'OLJCESPC7Z', 'L9ECAV7KIM']"}
2026-08-15T13:05:21.104452186Z {"timestamp": 1786799121.103134, "severity": "INFO", "name": "recommendationservice-server", "message": "[Recv ListRecommendations] product_ids=['9SIQT8TOJO', 'OLJCESPC7Z', '0PUK6V6EV0', '1YMWWN1N4O', '2ZYFJ3GM2N']"}
2026-08-15T13:05:21.498104750Z {"timestamp": 1786799121.4968796, "severity": "INFO", "name": "recommendationservice-server", "message": "[Recv ListRecommendations] product_ids=['0PUK6V6EV0', '2ZYFJ3GM2N', 'LS4PSXUNUM', '6E92ZMYYFZ']"}
2026-08-15T13:05:21.592235474Z {"timestamp": 1786799121.5911765, "severity": "INFO", "name": "recommendationservice-server", "message": "[Recv ListRecommendations] product_ids=['0PUK6V6EV0', '2ZYFJ3GM2N', 'L9ECAV7KIM', '9SIQT8TOJO', '1YMWWN1N4O']"}
2026-08-15T13:05:21.808035066Z {"timestamp": 1786799121.806922, "severity": "INFO", "name": "recommendationservice-server", "message": "[Recv ListRecommendations] product_ids=['0PUK6V6EV0', 'OLJCESPC7Z', '6E92ZMYYFZ', '2ZYFJ3GM2N', 'LS4PSXUNUM']"}
2026-08-15T13:05:22.231348494Z {"timestamp": 1786799122.2302437, "severity": "INFO", "name": "recommendationservice-server", "message": "[Recv ListRecommendations] product_ids=['6E92ZMYYFZ', '9SIQT8TOJO', 'OLJCESPC7Z', '66VCHSJNUP', '0PUK6V6EV0']"}
2026-08-15T13:05:22.440185667Z {"timestamp": 1786799122.4398725, "severity": "INFO", "name": "recommendationservice-server", "message": "[Recv ListRecommendations] product_ids=['9SIQT8TOJO', '2ZYFJ3GM2N', 'OLJCESPC7Z', '0PUK6V6EV0', 'LS4PSXUNUM']"}
2026-08-15T13:05:22.452009388Z {"timestamp": 1786799122.451777, "severity": "INFO", "name": "recommendationservice-server", "message": "[Recv ListRecommendations] product_ids=['6E92ZMYYFZ', '0PUK6V6EV0', 'OLJCESPC7Z', '2ZYFJ3GM2N', 'L9ECAV7KIM']"}
2026-08-15T13:05:22.709108830Z {"timestamp": 1786799122.7078154, "severity": "INFO", "name": "recommendationservice-server", "message": "[Recv ListRecommendations] product_ids=['LS4PSXUNUM', '0PUK6V6EV0', '2ZYFJ3GM2N', '6E92ZMYYFZ', 'OLJCESPC7Z']"}
2026-08-15T13:05:22.889059152Z {"timestamp": 1786799122.8888023, "severity": "INFO", "name": "recommendationservice-server", "message": "[Recv ListRecommendations] product_ids=['0PUK6V6EV0', '6E92ZMYYFZ', '2ZYFJ3GM2N', 'LS4PSXUNUM', '1YMWWN1N4O']"}
2026-08-15T13:05:22.913092525Z {"timestamp": 1786799122.9128692, "severity": "INFO", "name": "recommendationservice-server", "message": "[Recv ListRecommendations] product_ids=['0PUK6V6EV0', 'OLJCESPC7Z', '1YMWWN1N4O', 'L9ECAV7KIM', '9SIQT8TOJO']"}
2026-08-15T13:05:23.733384656Z {"timestamp": 1786799123.7322133, "severity": "INFO", "name": "recommendationservice-server", "message": "[Recv ListRecommendations] product_ids=['1YMWWN1N4O', 'OLJCESPC7Z', '0PUK6V6EV0', 'L9ECAV7KIM', '6E92ZMYYFZ']"}
2026-08-15T13:05:24.197353112Z {"timestamp": 1786799124.1962123, "severity": "INFO", "name": "recommendationservice-server", "message": "[Recv ListRecommendations] product_ids=['2ZYFJ3GM2N', 'OLJCESPC7Z', '9SIQT8TOJO', '0PUK6V6EV0', '6E92ZMYYFZ']"}
2026-08-15T13:05:25.394085089Z {"timestamp": 1786799125.3936584, "severity": "INFO", "name": "recommendationservice-server", "message": "[Recv ListRecommendations] product_ids=['LS4PSXUNUM', 'OLJCESPC7Z', '2ZYFJ3GM2N', '66VCHSJNUP', '9SIQT8TOJO']"}
2026-08-15T13:05:25.937058376Z {"timestamp": 1786799125.9357078, "severity": "INFO", "name": "recommendationservice-server", "message": "[Recv ListRecommendations] product_ids=['OLJCESPC7Z', 'LS4PSXUNUM', '2ZYFJ3GM2N', '66VCHSJNUP', '1YMWWN1N4O']"}
2026-08-15T13:05:26.049822283Z {"timestamp": 1786799126.048889, "severity": "INFO", "name": "recommendationservice-server", "message": "[Recv ListRecommendations] product_ids=['6E92ZMYYFZ', '2ZYFJ3GM2N', '0PUK6V6EV0', 'L9ECAV7KIM', 'LS4PSXUNUM']"}
2026-08-15T13:05:27.111142508Z {"timestamp": 1786799127.1105754, "severity": "INFO", "name": "recommendationservice-server", "message": "[Recv ListRecommendations] product_ids=['0PUK6V6EV0', '2ZYFJ3GM2N', '1YMWWN1N4O', '66VCHSJNUP', '9SIQT8TOJO']"}
2026-08-15T13:05:27.322857500Z {"timestamp": 1786799127.3217824, "severity": "INFO", "name": "recommendationservice-server", "message": "[Recv ListRecommendations] product_ids=['0PUK6V6EV0', '66VCHSJNUP', '9SIQT8TOJO', 'L9ECAV7KIM', '6E92ZMYYFZ']"}
2026-08-15T13:05:27.584397619Z {"timestamp": 1786799127.5838623, "severity": "INFO", "name": "recommendationservice-server", "message": "[Recv ListRecommendations] product_ids=['OLJCESPC7Z', 'L9ECAV7KIM', '6E92ZMYYFZ', '1YMWWN1N4O', '66VCHSJNUP']"}
2026-08-15T13:05:28.041115828Z {"timestamp": 1786799128.0403793, "severity": "INFO", "name": "recommendationservice-server", "message": "[Recv ListRecommendations] product_ids=['LS4PSXUNUM', '9SIQT8TOJO', '0PUK6V6EV0', '2ZYFJ3GM2N', 'L9ECAV7KIM']"}
2026-08-15T13:05:28.120136662Z {"timestamp": 1786799128.1197977, "severity": "INFO", "name": "recommendationservice-server", "message": "[Recv ListRecommendations] product_ids=['6E92ZMYYFZ', 'L9ECAV7KIM', '1YMWWN1N4O', 'OLJCESPC7Z', 'LS4PSXUNUM']"}
2026-08-15T13:05:28.733215765Z {"timestamp": 1786799128.7321625, "severity": "INFO", "name": "recommendationservice-server", "message": "[Recv ListRecommendations] product_ids=['0PUK6V6EV0', 'OLJCESPC7Z', '66VCHSJNUP', '6E92ZMYYFZ', '9SIQT8TOJO']"}
2026-08-15T13:05:28.941362789Z {"timestamp": 1786799128.940043, "severity": "INFO", "name": "recommendationservice-server", "message": "[Recv ListRecommendations] product_ids=['0PUK6V6EV0', '9SIQT8TOJO', '6E92ZMYYFZ', 'OLJCESPC7Z', '2ZYFJ3GM2N']"}
2026-08-15T13:05:29.352426399Z {"timestamp": 1786799129.350889, "severity": "INFO", "name": "recommendationservice-server", "message": "[Recv ListRecommendations] product_ids=['OLJCESPC7Z', 'L9ECAV7KIM', '66VCHSJNUP', '6E92ZMYYFZ', '9SIQT8TOJO']"}
2026-08-15T13:05:30.299852016Z {"timestamp": 1786799130.298667, "severity": "INFO", "name": "recommendationservice-server", "message": "[Recv ListRecommendations] product_ids=['1YMWWN1N4O', '2ZYFJ3GM2N', '0PUK6V6EV0', '9SIQT8TOJO', '6E92ZMYYFZ']"}
2026-08-15T13:05:30.392361237Z {"timestamp": 1786799130.391835, "severity": "INFO", "name": "recommendationservice-server", "message": "[Recv ListRecommendations] product_ids=['66VCHSJNUP', '6E92ZMYYFZ', 'OLJCESPC7Z', 'LS4PSXUNUM', '9SIQT8TOJO']"}
2026-08-15T13:05:30.670391954Z {"timestamp": 1786799130.6691828, "severity": "INFO", "name": "recommendationservice-server", "message": "[Recv ListRecommendations] product_ids=['L9ECAV7KIM', '6E92ZMYYFZ', 'OLJCESPC7Z', '0PUK6V6EV0', '1YMWWN1N4O']"}
2026-08-15T13:05:31.314982213Z {"timestamp": 1786799131.3140001, "severity": "INFO", "name": "recommendationservice-server", "message": "[Recv ListRecommendations] product_ids=['6E92ZMYYFZ', 'OLJCESPC7Z', 'LS4PSXUNUM', '2ZYFJ3GM2N', '0PUK6V6EV0']"}
2026-08-15T13:05:31.384987464Z {"timestamp": 1786799131.384683, "severity": "INFO", "name": "recommendationservice-server", "message": "[Recv ListRecommendations] product_ids=['0PUK6V6EV0', '6E92ZMYYFZ', '1YMWWN1N4O', '2ZYFJ3GM2N', 'L9ECAV7KIM']"}
2026-08-15T13:05:31.830490940Z {"timestamp": 1786799131.8301098, "severity": "INFO", "name": "recommendationservice-server", "message": "[Recv ListRecommendations] product_ids=['OLJCESPC7Z', '9SIQT8TOJO', '1YMWWN1N4O', 'LS4PSXUNUM', '6E92ZMYYFZ']"}
2026-08-15T13:05:32.812411050Z {"timestamp": 1786799132.8120837, "severity": "INFO", "name": "recommendationservice-server", "message": "[Recv ListRecommendations] product_ids=['OLJCESPC7Z', 'LS4PSXUNUM', 'L9ECAV7KIM', '6E92ZMYYFZ', '0PUK6V6EV0']"}
2026-08-15T13:05:35.242281212Z {"timestamp": 1786799135.2417955, "severity": "INFO", "name": "recommendationservice-server", "message": "[Recv ListRecommendations] product_ids=['66VCHSJNUP', '2ZYFJ3GM2N', '0PUK6V6EV0', 'LS4PSXUNUM', 'OLJCESPC7Z']"}
2026-08-15T13:05:35.243792665Z {"timestamp": 1786799135.2433853, "severity": "INFO", "name": "recommendationservice-server", "message": "[Recv ListRecommendations] product_ids=['2ZYFJ3GM2N', '0PUK6V6EV0', '1YMWWN1N4O', '9SIQT8TOJO', 'L9ECAV7KIM']"}
2026-08-15T13:05:35.282623476Z {"timestamp": 1786799135.2823076, "severity": "INFO", "name": "recommendationservice-server", "message": "[Recv ListRecommendations] product_ids=['6E92ZMYYFZ', '66VCHSJNUP', '1YMWWN1N4O', '0PUK6V6EV0', 'LS4PSXUNUM']"}
2026-08-15T13:05:35.283778192Z {"timestamp": 1786799135.2831132, "severity": "INFO", "name": "recommendationservice-server", "message": "[Recv ListRecommendations] product_ids=['66VCHSJNUP', '1YMWWN1N4O']"}
2026-08-15T13:05:35.521377226Z {"timestamp": 1786799135.5205503, "severity": "INFO", "name": "recommendationservice-server", "message": "[Recv ListRecommendations] product_ids=['LS4PSXUNUM', '0PUK6V6EV0', '6E92ZMYYFZ', '2ZYFJ3GM2N']"}
2026-08-15T13:05:35.874962743Z {"timestamp": 1786799135.8699586, "severity": "INFO", "name": "recommendationservice-server", "message": "[Recv ListRecommendations] product_ids=['L9ECAV7KIM', '66VCHSJNUP', '0PUK6V6EV0', '1YMWWN1N4O', 'OLJCESPC7Z']"}
2026-08-15T13:05:35.949500951Z {"timestamp": 1786799135.9486673, "severity": "INFO", "name": "recommendationservice-server", "message": "[Recv ListRecommendations] product_ids=['66VCHSJNUP', 'LS4PSXUNUM', 'L9ECAV7KIM', '9SIQT8TOJO', '6E92ZMYYFZ']"}
2026-08-15T13:05:36.032560318Z {"timestamp": 1786799136.0316143, "severity": "INFO", "name": "recommendationservice-server", "message": "[Recv ListRecommendations] product_ids=['9SIQT8TOJO', '1YMWWN1N4O', 'LS4PSXUNUM', 'L9ECAV7KIM', '66VCHSJNUP']"}
2026-08-15T13:05:36.248775897Z {"timestamp": 1786799136.2478404, "severity": "INFO", "name": "recommendationservice-server", "message": "[Recv ListRecommendations] product_ids=['OLJCESPC7Z', '9SIQT8TOJO', '66VCHSJNUP', '0PUK6V6EV0', '2ZYFJ3GM2N']"}
2026-08-15T13:05:36.321575930Z {"timestamp": 1786799136.3208258, "severity": "INFO", "name": "recommendationservice-server", "message": "[Recv ListRecommendations] product_ids=['0PUK6V6EV0', 'L9ECAV7KIM', 'OLJCESPC7Z', '6E92ZMYYFZ', '9SIQT8TOJO']"}
2026-08-15T13:05:37.291741256Z {"timestamp": 1786799137.2910197, "severity": "INFO", "name": "recommendationservice-server", "message": "[Recv ListRecommendations] product_ids=['1YMWWN1N4O', '6E92ZMYYFZ', '0PUK6V6EV0', '2ZYFJ3GM2N', '66VCHSJNUP']"}
2026-08-15T13:05:37.605059117Z {"timestamp": 1786799137.604391, "severity": "INFO", "name": "recommendationservice-server", "message": "[Recv ListRecommendations] product_ids=['0PUK6V6EV0', 'OLJCESPC7Z', '6E92ZMYYFZ', 'LS4PSXUNUM', '2ZYFJ3GM2N']"}
2026-08-15T13:05:37.660052256Z {"timestamp": 1786799137.659656, "severity": "INFO", "name": "recommendationservice-server", "message": "[Recv ListRecommendations] product_ids=['66VCHSJNUP', '9SIQT8TOJO', '2ZYFJ3GM2N', '6E92ZMYYFZ', 'OLJCESPC7Z']"}
2026-08-15T13:05:38.064059952Z {"timestamp": 1786799138.0628204, "severity": "INFO", "name": "recommendationservice-server", "message": "[Recv ListRecommendations] product_ids=['9SIQT8TOJO', '6E92ZMYYFZ', '0PUK6V6EV0']"}
2026-08-15T13:05:38.382545133Z {"timestamp": 1786799138.3811963, "severity": "INFO", "name": "recommendationservice-server", "message": "[Recv ListRecommendations] product_ids=['2ZYFJ3GM2N', '6E92ZMYYFZ', '0PUK6V6EV0', '1YMWWN1N4O', '66VCHSJNUP']"}
2026-08-15T13:05:38.518135291Z {"timestamp": 1786799138.5165887, "severity": "INFO", "name": "recommendationservice-server", "message": "[Recv ListRecommendations] product_ids=['0PUK6V6EV0', '6E92ZMYYFZ', '1YMWWN1N4O', 'OLJCESPC7Z', '2ZYFJ3GM2N']"}
2026-08-15T13:05:38.857878998Z {"timestamp": 1786799138.856713, "severity": "INFO", "name": "recommendationservice-server", "message": "[Recv ListRecommendations] product_ids=['L9ECAV7KIM', 'LS4PSXUNUM', '0PUK6V6EV0', '1YMWWN1N4O', '9SIQT8TOJO']"}
2026-08-15T13:05:38.949073982Z {"timestamp": 1786799138.9484751, "severity": "INFO", "name": "recommendationservice-server", "message": "[Recv ListRecommendations] product_ids=['2ZYFJ3GM2N', 'L9ECAV7KIM', '0PUK6V6EV0', 'OLJCESPC7Z', '1YMWWN1N4O']"}
2026-08-15T13:05:39.389323044Z {"timestamp": 1786799139.388104, "severity": "INFO", "name": "recommendationservice-server", "message": "[Recv ListRecommendations] product_ids=['2ZYFJ3GM2N', 'LS4PSXUNUM', 'L9ECAV7KIM', '6E92ZMYYFZ', '9SIQT8TOJO']"}
2026-08-15T13:05:40.217118335Z {"timestamp": 1786799140.2158458, "severity": "INFO", "name": "recommendationservice-server", "message": "[Recv ListRecommendations] product_ids=['0PUK6V6EV0', '9SIQT8TOJO', '2ZYFJ3GM2N', 'L9ECAV7KIM', 'OLJCESPC7Z']"}
2026-08-15T13:05:40.407582259Z {"timestamp": 1786799140.4063058, "severity": "INFO", "name": "recommendationservice-server", "message": "[Recv ListRecommendations] product_ids=['6E92ZMYYFZ', '0PUK6V6EV0', 'OLJCESPC7Z', 'L9ECAV7KIM', '9SIQT8TOJO']"}
2026-08-15T13:05:41.018547909Z {"timestamp": 1786799141.018173, "severity": "INFO", "name": "recommendationservice-server", "message": "[Recv ListRecommendations] product_ids=['OLJCESPC7Z', '2ZYFJ3GM2N', 'LS4PSXUNUM', '66VCHSJNUP', '9SIQT8TOJO']"}
2026-08-15T13:05:41.784807823Z {"timestamp": 1786799141.784427, "severity": "INFO", "name": "recommendationservice-server", "message": "[Recv ListRecommendations] product_ids=['1YMWWN1N4O', '66VCHSJNUP', '6E92ZMYYFZ', '2ZYFJ3GM2N', 'LS4PSXUNUM']"}
2026-08-15T13:05:42.441711406Z {"timestamp": 1786799142.4414053, "severity": "INFO", "name": "recommendationservice-server", "message": "[Recv ListRecommendations] product_ids=['66VCHSJNUP', '2ZYFJ3GM2N', '0PUK6V6EV0', 'OLJCESPC7Z', '1YMWWN1N4O']"}
2026-08-15T13:05:42.838202993Z {"timestamp": 1786799142.8378851, "severity": "INFO", "name": "recommendationservice-server", "message": "[Recv ListRecommendations] product_ids=['66VCHSJNUP', 'L9ECAV7KIM', 'OLJCESPC7Z', '1YMWWN1N4O', '6E92ZMYYFZ']"}
2026-08-15T13:05:42.851411555Z {"timestamp": 1786799142.8511124, "severity": "INFO", "name": "recommendationservice-server", "message": "[Recv ListRecommendations] product_ids=['2ZYFJ3GM2N', 'OLJCESPC7Z', '66VCHSJNUP', '6E92ZMYYFZ', 'L9ECAV7KIM']"}
2026-08-15T13:05:43.354109702Z {"timestamp": 1786799143.353819, "severity": "INFO", "name": "recommendationservice-server", "message": "[Recv ListRecommendations] product_ids=['2ZYFJ3GM2N', '66VCHSJNUP', '9SIQT8TOJO', '1YMWWN1N4O', '0PUK6V6EV0']"}
2026-08-15T13:05:43.366748396Z {"timestamp": 1786799143.366469, "severity": "INFO", "name": "recommendationservice-server", "message": "[Recv ListRecommendations] product_ids=['9SIQT8TOJO', '66VCHSJNUP', 'LS4PSXUNUM', '1YMWWN1N4O', '2ZYFJ3GM2N']"}
2026-08-15T13:05:43.825697669Z {"timestamp": 1786799143.825378, "severity": "INFO", "name": "recommendationservice-server", "message": "[Recv ListRecommendations] product_ids=['LS4PSXUNUM', '66VCHSJNUP', 'OLJCESPC7Z', 'L9ECAV7KIM', '2ZYFJ3GM2N']"}
2026-08-15T13:05:44.069844041Z {"timestamp": 1786799144.0695224, "severity": "INFO", "name": "recommendationservice-server", "message": "[Recv ListRecommendations] product_ids=['0PUK6V6EV0', '1YMWWN1N4O', '2ZYFJ3GM2N', '66VCHSJNUP', 'LS4PSXUNUM']"}
2026-08-15T13:05:44.434814001Z {"timestamp": 1786799144.4344544, "severity": "INFO", "name": "recommendationservice-server", "message": "[Recv ListRecommendations] product_ids=['OLJCESPC7Z', '1YMWWN1N4O', '6E92ZMYYFZ', '66VCHSJNUP', 'LS4PSXUNUM']"}
2026-08-15T13:05:44.782618530Z {"timestamp": 1786799144.7816732, "severity": "INFO", "name": "recommendationservice-server", "message": "[Recv ListRecommendations] product_ids=['66VCHSJNUP', '9SIQT8TOJO', '6E92ZMYYFZ', 'LS4PSXUNUM', '1YMWWN1N4O']"}
2026-08-15T13:05:44.939668002Z {"timestamp": 1786799144.9387734, "severity": "INFO", "name": "recommendationservice-server", "message": "[Recv ListRecommendations] product_ids=['6E92ZMYYFZ', 'LS4PSXUNUM', 'OLJCESPC7Z', '1YMWWN1N4O', '9SIQT8TOJO']"}
2026-08-15T13:05:45.042195627Z {"timestamp": 1786799145.041254, "severity": "INFO", "name": "recommendationservice-server", "message": "[Recv ListRecommendations] product_ids=['1YMWWN1N4O', '9SIQT8TOJO', 'OLJCESPC7Z', '6E92ZMYYFZ', '2ZYFJ3GM2N']"}
2026-08-15T13:05:45.136225546Z {"timestamp": 1786799145.1349747, "severity": "INFO", "name": "recommendationservice-server", "message": "[Recv ListRecommendations] product_ids=['9SIQT8TOJO', '6E92ZMYYFZ', '2ZYFJ3GM2N', '0PUK6V6EV0', 'L9ECAV7KIM']"}
2026-08-15T13:05:45.251780711Z {"timestamp": 1786799145.2514007, "severity": "INFO", "name": "recommendationservice-server", "message": "[Recv ListRecommendations] product_ids=['LS4PSXUNUM', '0PUK6V6EV0', '2ZYFJ3GM2N', '1YMWWN1N4O', '6E92ZMYYFZ']"}
2026-08-15T13:05:45.266882797Z {"timestamp": 1786799145.2665293, "severity": "INFO", "name": "recommendationservice-server", "message": "[Recv ListRecommendations] product_ids=['LS4PSXUNUM', '6E92ZMYYFZ', '1YMWWN1N4O', 'L9ECAV7KIM', '2ZYFJ3GM2N']"}
2026-08-15T13:05:45.937555508Z {"timestamp": 1786799145.936518, "severity": "INFO", "name": "recommendationservice-server", "message": "[Recv ListRecommendations] product_ids=['2ZYFJ3GM2N', 'LS4PSXUNUM', '6E92ZMYYFZ', '66VCHSJNUP', 'L9ECAV7KIM']"}
2026-08-15T13:05:46.626109433Z {"timestamp": 1786799146.6248975, "severity": "INFO", "name": "recommendationservice-server", "message": "[Recv ListRecommendations] product_ids=['OLJCESPC7Z', '66VCHSJNUP', '1YMWWN1N4O', '9SIQT8TOJO', '6E92ZMYYFZ']"}
2026-08-15T13:05:48.026546273Z {"timestamp": 1786799148.02538, "severity": "INFO", "name": "recommendationservice-server", "message": "[Recv ListRecommendations] product_ids=['OLJCESPC7Z', '6E92ZMYYFZ', '66VCHSJNUP', 'LS4PSXUNUM', '2ZYFJ3GM2N']"}
2026-08-15T13:05:48.449957074Z {"timestamp": 1786799148.4486694, "severity": "INFO", "name": "recommendationservice-server", "message": "[Recv ListRecommendations] product_ids=['OLJCESPC7Z', 'L9ECAV7KIM', '0PUK6V6EV0', '9SIQT8TOJO', 'LS4PSXUNUM']"}
2026-08-15T13:05:49.270220132Z {"timestamp": 1786799149.268931, "severity": "INFO", "name": "recommendationservice-server", "message": "[Recv ListRecommendations] product_ids=['OLJCESPC7Z', '6E92ZMYYFZ', '66VCHSJNUP', '1YMWWN1N4O', '0PUK6V6EV0']"}
2026-08-15T13:05:49.458036105Z {"timestamp": 1786799149.4576125, "severity": "INFO", "name": "recommendationservice-server", "message": "[Recv ListRecommendations] product_ids=['1YMWWN1N4O', '66VCHSJNUP']"}
2026-08-15T13:05:49.773005825Z {"timestamp": 1786799149.7722611, "severity": "INFO", "name": "recommendationservice-server", "message": "[Recv ListRecommendations] product_ids=['OLJCESPC7Z', 'LS4PSXUNUM', 'L9ECAV7KIM', '1YMWWN1N4O', '6E92ZMYYFZ']"}
2026-08-15T13:05:50.836996328Z {"timestamp": 1786799150.836571, "severity": "INFO", "name": "recommendationservice-server", "message": "[Recv ListRecommendations] product_ids=['2ZYFJ3GM2N', '66VCHSJNUP', 'LS4PSXUNUM', '0PUK6V6EV0', 'OLJCESPC7Z']"}
2026-08-15T13:05:51.280955849Z {"timestamp": 1786799151.2797754, "severity": "INFO", "name": "recommendationservice-server", "message": "[Recv ListRecommendations] product_ids=['LS4PSXUNUM', '9SIQT8TOJO', '6E92ZMYYFZ', '1YMWWN1N4O', '66VCHSJNUP']"}
2026-08-15T13:05:51.399527719Z {"timestamp": 1786799151.3980935, "severity": "INFO", "name": "recommendationservice-server", "message": "[Recv ListRecommendations] product_ids=['9SIQT8TOJO', '2ZYFJ3GM2N', '6E92ZMYYFZ', '0PUK6V6EV0', '66VCHSJNUP']"}
2026-08-15T13:05:52.008235647Z {"timestamp": 1786799152.0063066, "severity": "INFO", "name": "recommendationservice-server", "message": "[Recv ListRecommendations] product_ids=['2ZYFJ3GM2N', 'LS4PSXUNUM', '6E92ZMYYFZ', 'OLJCESPC7Z', '1YMWWN1N4O']"}
2026-08-15T13:05:52.666621592Z {"timestamp": 1786799152.665506, "severity": "INFO", "name": "recommendationservice-server", "message": "[Recv ListRecommendations] product_ids=['L9ECAV7KIM', 'OLJCESPC7Z', '9SIQT8TOJO', '6E92ZMYYFZ', '2ZYFJ3GM2N']"}
2026-08-15T13:05:52.843818408Z {"timestamp": 1786799152.8426483, "severity": "INFO", "name": "recommendationservice-server", "message": "[Recv ListRecommendations] product_ids=['1YMWWN1N4O', '2ZYFJ3GM2N', 'L9ECAV7KIM', 'LS4PSXUNUM', 'OLJCESPC7Z']"}
2026-08-15T13:05:53.381463784Z {"timestamp": 1786799153.380955, "severity": "INFO", "name": "recommendationservice-server", "message": "[Recv ListRecommendations] product_ids=['L9ECAV7KIM', '6E92ZMYYFZ', '2ZYFJ3GM2N', 'OLJCESPC7Z', '0PUK6V6EV0']"}
2026-08-15T13:05:53.583406395Z {"timestamp": 1786799153.582244, "severity": "INFO", "name": "recommendationservice-server", "message": "[Recv ListRecommendations] product_ids=['2ZYFJ3GM2N', 'L9ECAV7KIM', '6E92ZMYYFZ', 'OLJCESPC7Z', '9SIQT8TOJO']"}
2026-08-15T13:05:54.720058668Z {"timestamp": 1786799154.7188847, "severity": "INFO", "name": "recommendationservice-server", "message": "[Recv ListRecommendations] product_ids=['OLJCESPC7Z', '1YMWWN1N4O', '9SIQT8TOJO', 'L9ECAV7KIM', '2ZYFJ3GM2N']"}
2026-08-15T13:05:55.176163613Z {"timestamp": 1786799155.1750402, "severity": "INFO", "name": "recommendationservice-server", "message": "[Recv ListRecommendations] product_ids=['9SIQT8TOJO', 'OLJCESPC7Z', '2ZYFJ3GM2N', '0PUK6V6EV0', 'L9ECAV7KIM']"}
2026-08-15T13:05:55.512059408Z {"timestamp": 1786799155.5116153, "severity": "INFO", "name": "recommendationservice-server", "message": "[Recv ListRecommendations] product_ids=['LS4PSXUNUM', '1YMWWN1N4O', '2ZYFJ3GM2N', 'L9ECAV7KIM', '66VCHSJNUP']"}
2026-08-15T13:05:55.534210098Z {"timestamp": 1786799155.5338125, "severity": "INFO", "name": "recommendationservice-server", "message": "[Recv ListRecommendations] product_ids=['L9ECAV7KIM', '2ZYFJ3GM2N', '0PUK6V6EV0', '6E92ZMYYFZ', 'LS4PSXUNUM']"}
2026-08-15T13:05:55.941211629Z {"timestamp": 1786799155.9388587, "severity": "INFO", "name": "recommendationservice-server", "message": "[Recv ListRecommendations] product_ids=['2ZYFJ3GM2N', '1YMWWN1N4O', '0PUK6V6EV0', 'L9ECAV7KIM', 'OLJCESPC7Z']"}
2026-08-15T13:05:56.131951095Z {"timestamp": 1786799156.1311324, "severity": "INFO", "name": "recommendationservice-server", "message": "[Recv ListRecommendations] product_ids=['6E92ZMYYFZ', 'L9ECAV7KIM', 'OLJCESPC7Z', '9SIQT8TOJO', '2ZYFJ3GM2N']"}
2026-08-15T13:05:56.635418042Z {"timestamp": 1786799156.6342704, "severity": "INFO", "name": "recommendationservice-server", "message": "[Recv ListRecommendations] product_ids=['LS4PSXUNUM', '1YMWWN1N4O', '66VCHSJNUP', '6E92ZMYYFZ', 'OLJCESPC7Z']"}
2026-08-15T13:05:56.829863858Z {"timestamp": 1786799156.828736, "severity": "INFO", "name": "recommendationservice-server", "message": "[Recv ListRecommendations] product_ids=['0PUK6V6EV0', '9SIQT8TOJO', 'L9ECAV7KIM', '66VCHSJNUP', '2ZYFJ3GM2N']"}
2026-08-15T13:05:56.932939977Z {"timestamp": 1786799156.9318385, "severity": "INFO", "name": "recommendationservice-server", "message": "[Recv ListRecommendations] product_ids=['9SIQT8TOJO', '66VCHSJNUP', 'OLJCESPC7Z', 'LS4PSXUNUM', '0PUK6V6EV0']"}
2026-08-15T13:05:57.039927471Z {"timestamp": 1786799157.0382438, "severity": "INFO", "name": "recommendationservice-server", "message": "[Recv ListRecommendations] product_ids=['0PUK6V6EV0', '9SIQT8TOJO', '1YMWWN1N4O', '66VCHSJNUP', '2ZYFJ3GM2N']"}
2026-08-15T13:05:57.183449644Z {"timestamp": 1786799157.1828704, "severity": "INFO", "name": "recommendationservice-server", "message": "[Recv ListRecommendations] product_ids=['9SIQT8TOJO', 'OLJCESPC7Z', 'LS4PSXUNUM', '2ZYFJ3GM2N', '0PUK6V6EV0']"}
2026-08-15T13:05:57.227622408Z {"timestamp": 1786799157.2270923, "severity": "INFO", "name": "recommendationservice-server", "message": "[Recv ListRecommendations] product_ids=['0PUK6V6EV0', '1YMWWN1N4O', 'LS4PSXUNUM', '6E92ZMYYFZ', '66VCHSJNUP']"}
2026-08-15T13:05:58.473354305Z {"timestamp": 1786799158.4728768, "severity": "INFO", "name": "recommendationservice-server", "message": "[Recv ListRecommendations] product_ids=['LS4PSXUNUM', '9SIQT8TOJO', '1YMWWN1N4O', 'L9ECAV7KIM', '0PUK6V6EV0']"}
2026-08-15T13:05:58.491476506Z {"timestamp": 1786799158.4911141, "severity": "INFO", "name": "recommendationservice-server", "message": "[Recv ListRecommendations] product_ids=['9SIQT8TOJO', 'OLJCESPC7Z', '66VCHSJNUP', 'L9ECAV7KIM', 'LS4PSXUNUM']"}
2026-08-15T13:05:58.952503098Z {"timestamp": 1786799158.9510412, "severity": "INFO", "name": "recommendationservice-server", "message": "[Recv ListRecommendations] product_ids=['L9ECAV7KIM', '0PUK6V6EV0', '2ZYFJ3GM2N', '6E92ZMYYFZ', '1YMWWN1N4O']"}
2026-08-15T13:06:00.313588305Z {"timestamp": 1786799160.3122532, "severity": "INFO", "name": "recommendationservice-server", "message": "[Recv ListRecommendations] product_ids=['LS4PSXUNUM', 'L9ECAV7KIM', '2ZYFJ3GM2N', '1YMWWN1N4O', '0PUK6V6EV0']"}
2026-08-15T13:06:00.412745147Z {"timestamp": 1786799160.4120724, "severity": "INFO", "name": "recommendationservice-server", "message": "[Recv ListRecommendations] product_ids=['9SIQT8TOJO', '66VCHSJNUP', '6E92ZMYYFZ', 'L9ECAV7KIM', 'LS4PSXUNUM']"}
2026-08-15T13:06:01.949830029Z {"timestamp": 1786799161.9488797, "severity": "INFO", "name": "recommendationservice-server", "message": "[Recv ListRecommendations] product_ids=['66VCHSJNUP', '0PUK6V6EV0', 'LS4PSXUNUM', 'OLJCESPC7Z', '6E92ZMYYFZ']"}
2026-08-15T13:06:02.638953025Z {"timestamp": 1786799162.6385777, "severity": "INFO", "name": "recommendationservice-server", "message": "[Recv ListRecommendations] product_ids=['1YMWWN1N4O', '2ZYFJ3GM2N', '0PUK6V6EV0', '9SIQT8TOJO', 'L9ECAV7KIM']"}
2026-08-15T13:06:03.205879216Z {"timestamp": 1786799163.2054942, "severity": "INFO", "name": "recommendationservice-server", "message": "[Recv ListRecommendations] product_ids=['0PUK6V6EV0', 'L9ECAV7KIM', 'OLJCESPC7Z', '66VCHSJNUP', '6E92ZMYYFZ']"}
2026-08-15T13:06:04.782761708Z {"timestamp": 1786799164.7820199, "severity": "INFO", "name": "recommendationservice-server", "message": "[Recv ListRecommendations] product_ids=['0PUK6V6EV0', 'OLJCESPC7Z', 'L9ECAV7KIM', '1YMWWN1N4O', '9SIQT8TOJO']"}
2026-08-15T13:06:04.791336507Z {"timestamp": 1786799164.790589, "severity": "INFO", "name": "recommendationservice-server", "message": "[Recv ListRecommendations] product_ids=['9SIQT8TOJO', '0PUK6V6EV0', 'LS4PSXUNUM', '6E92ZMYYFZ', 'L9ECAV7KIM']"}
2026-08-15T13:06:04.895920297Z {"timestamp": 1786799164.8951857, "severity": "INFO", "name": "recommendationservice-server", "message": "[Recv ListRecommendations] product_ids=['0PUK6V6EV0', '6E92ZMYYFZ', 'LS4PSXUNUM']"}
2026-08-15T13:06:04.991517739Z {"timestamp": 1786799164.9908457, "severity": "INFO", "name": "recommendationservice-server", "message": "[Recv ListRecommendations] product_ids=['0PUK6V6EV0', '6E92ZMYYFZ', '1YMWWN1N4O', '2ZYFJ3GM2N', 'L9ECAV7KIM']"}
2026-08-15T13:06:05.167116306Z {"timestamp": 1786799165.1665237, "severity": "INFO", "name": "recommendationservice-server", "message": "[Recv ListRecommendations] product_ids=['6E92ZMYYFZ', 'L9ECAV7KIM', '0PUK6V6EV0', '2ZYFJ3GM2N', '1YMWWN1N4O']"}
2026-08-15T13:06:05.341314709Z {"timestamp": 1786799165.3409045, "severity": "INFO", "name": "recommendationservice-server", "message": "[Recv ListRecommendations] product_ids=['9SIQT8TOJO', '2ZYFJ3GM2N', 'L9ECAV7KIM', '1YMWWN1N4O', 'OLJCESPC7Z']"}
2026-08-15T13:06:07.892364744Z {"timestamp": 1786799167.8919065, "severity": "INFO", "name": "recommendationservice-server", "message": "[Recv ListRecommendations] product_ids=['OLJCESPC7Z', '9SIQT8TOJO', '1YMWWN1N4O', 'LS4PSXUNUM', '0PUK6V6EV0']"}
2026-08-15T13:06:08.073537761Z {"timestamp": 1786799168.0729368, "severity": "INFO", "name": "recommendationservice-server", "message": "[Recv ListRecommendations] product_ids=['9SIQT8TOJO', '66VCHSJNUP', 'LS4PSXUNUM', 'L9ECAV7KIM', '2ZYFJ3GM2N']"}
2026-08-15T13:06:08.139615062Z {"timestamp": 1786799168.1384041, "severity": "INFO", "name": "recommendationservice-server", "message": "[Recv ListRecommendations] product_ids=['LS4PSXUNUM', '0PUK6V6EV0', '6E92ZMYYFZ', '66VCHSJNUP', 'L9ECAV7KIM']"}
2026-08-15T13:06:09.142300929Z {"timestamp": 1786799169.1417336, "severity": "INFO", "name": "recommendationservice-server", "message": "[Recv ListRecommendations] product_ids=['LS4PSXUNUM', 'L9ECAV7KIM', '66VCHSJNUP', '6E92ZMYYFZ', '1YMWWN1N4O']"}
2026-08-15T13:06:09.204295155Z {"timestamp": 1786799169.2039208, "severity": "INFO", "name": "recommendationservice-server", "message": "[Recv ListRecommendations] product_ids=['L9ECAV7KIM', '66VCHSJNUP', '1YMWWN1N4O', '0PUK6V6EV0', '9SIQT8TOJO']"}
2026-08-15T13:06:09.925252085Z {"timestamp": 1786799169.9237633, "severity": "INFO", "name": "recommendationservice-server", "message": "[Recv ListRecommendations] product_ids=['9SIQT8TOJO', '1YMWWN1N4O', '2ZYFJ3GM2N', '6E92ZMYYFZ', 'OLJCESPC7Z']"}
2026-08-15T13:06:10.174911984Z {"timestamp": 1786799170.1738725, "severity": "INFO", "name": "recommendationservice-server", "message": "[Recv ListRecommendations] product_ids=['66VCHSJNUP', '1YMWWN1N4O', 'L9ECAV7KIM', '0PUK6V6EV0', 'OLJCESPC7Z']"}
2026-08-15T13:06:10.282332004Z {"timestamp": 1786799170.281881, "severity": "INFO", "name": "recommendationservice-server", "message": "[Recv ListRecommendations] product_ids=['66VCHSJNUP', '0PUK6V6EV0', '6E92ZMYYFZ', 'OLJCESPC7Z', '2ZYFJ3GM2N']"}
2026-08-15T13:06:10.626746247Z {"timestamp": 1786799170.6255836, "severity": "INFO", "name": "recommendationservice-server", "message": "[Recv ListRecommendations] product_ids=['66VCHSJNUP', '1YMWWN1N4O', 'L9ECAV7KIM', 'OLJCESPC7Z', '2ZYFJ3GM2N']"}
2026-08-15T13:06:10.784313664Z {"timestamp": 1786799170.783662, "severity": "INFO", "name": "recommendationservice-server", "message": "[Recv ListRecommendations] product_ids=['2ZYFJ3GM2N', '66VCHSJNUP', '1YMWWN1N4O', 'L9ECAV7KIM', 'OLJCESPC7Z']"}
2026-08-15T13:06:11.838248287Z {"timestamp": 1786799171.8370297, "severity": "INFO", "name": "recommendationservice-server", "message": "[Recv ListRecommendations] product_ids=['L9ECAV7KIM', '1YMWWN1N4O', '66VCHSJNUP', 'LS4PSXUNUM', '2ZYFJ3GM2N']"}
2026-08-15T13:06:11.955635826Z {"timestamp": 1786799171.9545257, "severity": "INFO", "name": "recommendationservice-server", "message": "[Recv ListRecommendations] product_ids=['L9ECAV7KIM', '6E92ZMYYFZ', '66VCHSJNUP', 'OLJCESPC7Z', 'LS4PSXUNUM']"}
2026-08-15T13:06:12.245328687Z {"timestamp": 1786799172.2442162, "severity": "INFO", "name": "recommendationservice-server", "message": "[Recv ListRecommendations] product_ids=['OLJCESPC7Z', '66VCHSJNUP', '9SIQT8TOJO', 'LS4PSXUNUM', '6E92ZMYYFZ']"}
2026-08-15T13:06:12.819049978Z {"timestamp": 1786799172.8178594, "severity": "INFO", "name": "recommendationservice-server", "message": "[Recv ListRecommendations] product_ids=['66VCHSJNUP', '2ZYFJ3GM2N', 'LS4PSXUNUM', '6E92ZMYYFZ', '0PUK6V6EV0']"}
2026-08-15T13:06:13.475233504Z {"timestamp": 1786799173.4739811, "severity": "INFO", "name": "recommendationservice-server", "message": "[Recv ListRecommendations] product_ids=['1YMWWN1N4O', 'LS4PSXUNUM', 'L9ECAV7KIM', '6E92ZMYYFZ', '9SIQT8TOJO']"}
2026-08-15T13:06:15.043489958Z {"timestamp": 1786799175.0419915, "severity": "INFO", "name": "recommendationservice-server", "message": "[Recv ListRecommendations] product_ids=['2ZYFJ3GM2N', 'L9ECAV7KIM', '0PUK6V6EV0', '66VCHSJNUP', 'OLJCESPC7Z']"}
2026-08-15T13:06:15.086751837Z {"timestamp": 1786799175.085764, "severity": "INFO", "name": "recommendationservice-server", "message": "[Recv ListRecommendations] product_ids=['9SIQT8TOJO', '0PUK6V6EV0', 'OLJCESPC7Z', 'LS4PSXUNUM', '66VCHSJNUP']"}
2026-08-15T13:06:15.141739929Z {"timestamp": 1786799175.140651, "severity": "INFO", "name": "recommendationservice-server", "message": "[Recv ListRecommendations] product_ids=['0PUK6V6EV0', '2ZYFJ3GM2N', 'L9ECAV7KIM', '66VCHSJNUP', '1YMWWN1N4O']"}
2026-08-15T13:06:15.221671937Z {"timestamp": 1786799175.2205534, "severity": "INFO", "name": "recommendationservice-server", "message": "[Recv ListRecommendations] product_ids=['OLJCESPC7Z', 'LS4PSXUNUM', '66VCHSJNUP', '6E92ZMYYFZ', '2ZYFJ3GM2N']"}
2026-08-15T13:06:15.552864450Z {"timestamp": 1786799175.5523672, "severity": "INFO", "name": "recommendationservice-server", "message": "[Recv ListRecommendations] product_ids=['9SIQT8TOJO', '1YMWWN1N4O', '66VCHSJNUP', 'LS4PSXUNUM', '6E92ZMYYFZ']"}
2026-08-15T13:06:15.985561654Z {"timestamp": 1786799175.9833894, "severity": "INFO", "name": "recommendationservice-server", "message": "[Recv ListRecommendations] product_ids=['6E92ZMYYFZ', 'L9ECAV7KIM', '0PUK6V6EV0', '66VCHSJNUP', '9SIQT8TOJO']"}
2026-08-15T13:06:16.134925817Z {"timestamp": 1786799176.1336796, "severity": "INFO", "name": "recommendationservice-server", "message": "[Recv ListRecommendations] product_ids=['66VCHSJNUP', '1YMWWN1N4O']"}
2026-08-15T13:06:16.505971670Z {"timestamp": 1786799176.5056005, "severity": "INFO", "name": "recommendationservice-server", "message": "[Recv ListRecommendations] product_ids=['L9ECAV7KIM', '9SIQT8TOJO', '0PUK6V6EV0', '1YMWWN1N4O', 'LS4PSXUNUM']"}
2026-08-15T13:06:17.295257062Z {"timestamp": 1786799177.2885964, "severity": "INFO", "name": "recommendationservice-server", "message": "[Recv ListRecommendations] product_ids=['0PUK6V6EV0', '6E92ZMYYFZ', '1YMWWN1N4O', '9SIQT8TOJO', 'L9ECAV7KIM']"}
2026-08-15T13:06:17.339184127Z {"timestamp": 1786799177.3388064, "severity": "INFO", "name": "recommendationservice-server", "message": "[Recv ListRecommendations] product_ids=['1YMWWN1N4O', 'L9ECAV7KIM', '66VCHSJNUP', 'LS4PSXUNUM', 'OLJCESPC7Z']"}
2026-08-15T13:06:17.551371792Z {"timestamp": 1786799177.5509517, "severity": "INFO", "name": "recommendationservice-server", "message": "[Recv ListRecommendations] product_ids=['2ZYFJ3GM2N', 'LS4PSXUNUM', 'OLJCESPC7Z', '66VCHSJNUP', '1YMWWN1N4O']"}
2026-08-15T13:06:18.687085261Z {"timestamp": 1786799178.6857207, "severity": "INFO", "name": "recommendationservice-server", "message": "[Recv ListRecommendations] product_ids=['9SIQT8TOJO', '2ZYFJ3GM2N', 'L9ECAV7KIM', 'LS4PSXUNUM', '0PUK6V6EV0']"}
2026-08-15T13:06:19.650618803Z {"timestamp": 1786799179.6492493, "severity": "INFO", "name": "recommendationservice-server", "message": "[Recv ListRecommendations] product_ids=['OLJCESPC7Z', 'LS4PSXUNUM', '9SIQT8TOJO', '1YMWWN1N4O', '6E92ZMYYFZ']"}
2026-08-15T13:06:19.741876690Z {"timestamp": 1786799179.740663, "severity": "INFO", "name": "recommendationservice-server", "message": "[Recv ListRecommendations] product_ids=['2ZYFJ3GM2N', '6E92ZMYYFZ', 'LS4PSXUNUM', '66VCHSJNUP', '0PUK6V6EV0']"}
2026-08-15T13:06:20.753494359Z {"timestamp": 1786799180.752244, "severity": "INFO", "name": "recommendationservice-server", "message": "[Recv ListRecommendations] product_ids=['1YMWWN1N4O', 'L9ECAV7KIM', '66VCHSJNUP', 'LS4PSXUNUM', '9SIQT8TOJO']"}
2026-08-15T13:06:20.939380628Z {"timestamp": 1786799180.9381022, "severity": "INFO", "name": "recommendationservice-server", "message": "[Recv ListRecommendations] product_ids=['0PUK6V6EV0', '66VCHSJNUP', 'OLJCESPC7Z', '6E92ZMYYFZ', 'L9ECAV7KIM']"}
2026-08-15T13:06:21.293839538Z {"timestamp": 1786799181.292968, "severity": "INFO", "name": "recommendationservice-server", "message": "[Recv ListRecommendations] product_ids=['9SIQT8TOJO', '0PUK6V6EV0', '1YMWWN1N4O', 'OLJCESPC7Z', '2ZYFJ3GM2N']"}
2026-08-15T13:06:21.393419400Z {"timestamp": 1786799181.3925505, "severity": "INFO", "name": "recommendationservice-server", "message": "[Recv ListRecommendations] product_ids=['L9ECAV7KIM', '1YMWWN1N4O', 'LS4PSXUNUM', '9SIQT8TOJO', '2ZYFJ3GM2N']"}
2026-08-15T13:06:21.549004221Z {"timestamp": 1786799181.5481753, "severity": "INFO", "name": "recommendationservice-server", "message": "[Recv ListRecommendations] product_ids=['9SIQT8TOJO', '1YMWWN1N4O', 'OLJCESPC7Z', 'LS4PSXUNUM', '0PUK6V6EV0']"}
2026-08-15T13:06:21.888405667Z {"timestamp": 1786799181.8871672, "severity": "INFO", "name": "recommendationservice-server", "message": "[Recv ListRecommendations] product_ids=['LS4PSXUNUM', '66VCHSJNUP', '6E92ZMYYFZ', '2ZYFJ3GM2N', 'L9ECAV7KIM']"}
2026-08-15T13:06:22.654768215Z {"timestamp": 1786799182.653942, "severity": "INFO", "name": "recommendationservice-server", "message": "[Recv ListRecommendations] product_ids=['OLJCESPC7Z', '66VCHSJNUP', '2ZYFJ3GM2N', '6E92ZMYYFZ', '9SIQT8TOJO']"}
2026-08-15T13:06:23.348358541Z {"timestamp": 1786799183.3480444, "severity": "INFO", "name": "recommendationservice-server", "message": "[Recv ListRecommendations] product_ids=['OLJCESPC7Z', 'L9ECAV7KIM', '0PUK6V6EV0', '6E92ZMYYFZ', '2ZYFJ3GM2N']"}
2026-08-15T13:06:23.892971720Z {"timestamp": 1786799183.892668, "severity": "INFO", "name": "recommendationservice-server", "message": "[Recv ListRecommendations] product_ids=['66VCHSJNUP', '1YMWWN1N4O', '6E92ZMYYFZ', '0PUK6V6EV0', 'L9ECAV7KIM']"}
2026-08-15T13:06:24.415056560Z {"timestamp": 1786799184.4142556, "severity": "INFO", "name": "recommendationservice-server", "message": "[Recv ListRecommendations] product_ids=['L9ECAV7KIM', '66VCHSJNUP', '2ZYFJ3GM2N', 'OLJCESPC7Z', 'LS4PSXUNUM']"}
2026-08-15T13:06:24.656614749Z {"timestamp": 1786799184.6556387, "severity": "INFO", "name": "recommendationservice-server", "message": "[Recv ListRecommendations] product_ids=['0PUK6V6EV0', '66VCHSJNUP', '2ZYFJ3GM2N', 'L9ECAV7KIM', 'OLJCESPC7Z']"}
2026-08-15T13:06:24.671005734Z {"timestamp": 1786799184.670132, "severity": "INFO", "name": "recommendationservice-server", "message": "[Recv ListRecommendations] product_ids=['6E92ZMYYFZ', '2ZYFJ3GM2N', '0PUK6V6EV0', '9SIQT8TOJO', 'LS4PSXUNUM']"}
2026-08-15T13:06:25.017459707Z {"timestamp": 1786799185.0167613, "severity": "INFO", "name": "recommendationservice-server", "message": "[Recv ListRecommendations] product_ids=['LS4PSXUNUM', '0PUK6V6EV0', '1YMWWN1N4O', 'OLJCESPC7Z', '9SIQT8TOJO']"}
2026-08-15T13:06:25.647341272Z {"timestamp": 1786799185.6467302, "severity": "INFO", "name": "recommendationservice-server", "message": "[Recv ListRecommendations] product_ids=['6E92ZMYYFZ', 'L9ECAV7KIM', 'OLJCESPC7Z', '66VCHSJNUP', '2ZYFJ3GM2N']"}
2026-08-15T13:06:26.539583461Z {"timestamp": 1786799186.53907, "severity": "INFO", "name": "recommendationservice-server", "message": "[Recv ListRecommendations] product_ids=['2ZYFJ3GM2N', '9SIQT8TOJO', '6E92ZMYYFZ', '1YMWWN1N4O', 'LS4PSXUNUM']"}
2026-08-15T13:06:26.918801117Z {"timestamp": 1786799186.917575, "severity": "INFO", "name": "recommendationservice-server", "message": "[Recv ListRecommendations] product_ids=['LS4PSXUNUM', 'OLJCESPC7Z', '0PUK6V6EV0', '6E92ZMYYFZ', 'L9ECAV7KIM']"}
2026-08-15T13:06:27.822069172Z {"timestamp": 1786799187.8209434, "severity": "INFO", "name": "recommendationservice-server", "message": "[Recv ListRecommendations] product_ids=['1YMWWN1N4O', 'L9ECAV7KIM', '0PUK6V6EV0', '66VCHSJNUP', '9SIQT8TOJO']"}
2026-08-15T13:06:28.472960130Z {"timestamp": 1786799188.4719088, "severity": "INFO", "name": "recommendationservice-server", "message": "[Recv ListRecommendations] product_ids=['66VCHSJNUP', 'L9ECAV7KIM', '0PUK6V6EV0', 'OLJCESPC7Z', '6E92ZMYYFZ']"}
2026-08-15T13:06:30.329216747Z {"timestamp": 1786799190.328111, "severity": "INFO", "name": "recommendationservice-server", "message": "[Recv ListRecommendations] product_ids=['66VCHSJNUP', 'LS4PSXUNUM', '9SIQT8TOJO', '2ZYFJ3GM2N', '0PUK6V6EV0']"}
2026-08-15T13:06:30.636503513Z {"timestamp": 1786799190.6326795, "severity": "INFO", "name": "recommendationservice-server", "message": "[Recv ListRecommendations] product_ids=['1YMWWN1N4O', 'LS4PSXUNUM', 'OLJCESPC7Z', 'L9ECAV7KIM', '6E92ZMYYFZ']"}
2026-08-15T13:06:30.761686698Z {"timestamp": 1786799190.760845, "severity": "INFO", "name": "recommendationservice-server", "message": "[Recv ListRecommendations] product_ids=['2ZYFJ3GM2N', 'OLJCESPC7Z', 'LS4PSXUNUM', '1YMWWN1N4O', 'L9ECAV7KIM']"}
2026-08-15T13:06:30.932532193Z {"timestamp": 1786799190.9310484, "severity": "INFO", "name": "recommendationservice-server", "message": "[Recv ListRecommendations] product_ids=['L9ECAV7KIM', '6E92ZMYYFZ', '0PUK6V6EV0', '66VCHSJNUP', 'OLJCESPC7Z']"}
2026-08-15T13:06:31.027623009Z {"timestamp": 1786799191.0271373, "severity": "INFO", "name": "recommendationservice-server", "message": "[Recv ListRecommendations] product_ids=['OLJCESPC7Z', 'L9ECAV7KIM', '66VCHSJNUP', '6E92ZMYYFZ', '0PUK6V6EV0']"}
2026-08-15T13:06:31.354691559Z {"timestamp": 1786799191.353368, "severity": "INFO", "name": "recommendationservice-server", "message": "[Recv ListRecommendations] product_ids=['1YMWWN1N4O', 'OLJCESPC7Z', 'LS4PSXUNUM', '66VCHSJNUP', 'L9ECAV7KIM']"}
2026-08-15T13:06:31.593506813Z {"timestamp": 1786799191.5921173, "severity": "INFO", "name": "recommendationservice-server", "message": "[Recv ListRecommendations] product_ids=['OLJCESPC7Z', '0PUK6V6EV0', 'L9ECAV7KIM', '6E92ZMYYFZ', '1YMWWN1N4O']"}
2026-08-15T13:06:31.766840670Z {"timestamp": 1786799191.765853, "severity": "INFO", "name": "recommendationservice-server", "message": "[Recv ListRecommendations] product_ids=['6E92ZMYYFZ', '9SIQT8TOJO', 'L9ECAV7KIM', '0PUK6V6EV0', 'OLJCESPC7Z']"}
2026-08-15T13:06:33.166261069Z {"timestamp": 1786799193.166019, "severity": "INFO", "name": "recommendationservice-server", "message": "[Recv ListRecommendations] product_ids=['2ZYFJ3GM2N', '1YMWWN1N4O', '0PUK6V6EV0', 'LS4PSXUNUM', 'L9ECAV7KIM']"}
2026-08-15T13:06:33.849121794Z {"timestamp": 1786799193.847944, "severity": "INFO", "name": "recommendationservice-server", "message": "[Recv ListRecommendations] product_ids=['LS4PSXUNUM', '1YMWWN1N4O', '2ZYFJ3GM2N', 'L9ECAV7KIM', '6E92ZMYYFZ']"}
2026-08-15T13:06:34.014300792Z {"timestamp": 1786799194.0138433, "severity": "INFO", "name": "recommendationservice-server", "message": "[Recv ListRecommendations] product_ids=['L9ECAV7KIM', '0PUK6V6EV0', '6E92ZMYYFZ', 'OLJCESPC7Z', '9SIQT8TOJO']"}
2026-08-15T13:06:34.134141915Z {"timestamp": 1786799194.1330853, "severity": "INFO", "name": "recommendationservice-server", "message": "[Recv ListRecommendations] product_ids=['66VCHSJNUP', '6E92ZMYYFZ', 'OLJCESPC7Z', '1YMWWN1N4O', '9SIQT8TOJO']"}
2026-08-15T13:06:34.389859849Z {"timestamp": 1786799194.3889806, "severity": "INFO", "name": "recommendationservice-server", "message": "[Recv ListRecommendations] product_ids=['0PUK6V6EV0', 'L9ECAV7KIM', 'LS4PSXUNUM', 'OLJCESPC7Z', '2ZYFJ3GM2N']"}
2026-08-15T13:06:34.522179186Z {"timestamp": 1786799194.5184886, "severity": "INFO", "name": "recommendationservice-server", "message": "[Recv ListRecommendations] product_ids=['LS4PSXUNUM', '9SIQT8TOJO', 'OLJCESPC7Z', '6E92ZMYYFZ', '0PUK6V6EV0']"}
2026-08-15T13:06:34.626328356Z {"timestamp": 1786799194.625297, "severity": "INFO", "name": "recommendationservice-server", "message": "[Recv ListRecommendations] product_ids=['LS4PSXUNUM', '2ZYFJ3GM2N', '9SIQT8TOJO', '1YMWWN1N4O', '66VCHSJNUP']"}
2026-08-15T13:06:35.882669097Z {"timestamp": 1786799195.8824193, "severity": "INFO", "name": "recommendationservice-server", "message": "[Recv ListRecommendations] product_ids=['2ZYFJ3GM2N', '9SIQT8TOJO', 'OLJCESPC7Z', 'LS4PSXUNUM', '0PUK6V6EV0']"}
2026-08-15T13:06:36.438728516Z {"timestamp": 1786799196.4381015, "severity": "INFO", "name": "recommendationservice-server", "message": "[Recv ListRecommendations] product_ids=['6E92ZMYYFZ', '9SIQT8TOJO', '0PUK6V6EV0']"}
2026-08-15T13:06:36.444730961Z {"timestamp": 1786799196.4441996, "severity": "INFO", "name": "recommendationservice-server", "message": "[Recv ListRecommendations] product_ids=['66VCHSJNUP', 'OLJCESPC7Z', '0PUK6V6EV0', '9SIQT8TOJO', '1YMWWN1N4O']"}
2026-08-15T13:06:36.526984910Z {"timestamp": 1786799196.5265422, "severity": "INFO", "name": "recommendationservice-server", "message": "[Recv ListRecommendations] product_ids=['LS4PSXUNUM', 'OLJCESPC7Z', '66VCHSJNUP', '0PUK6V6EV0', 'L9ECAV7KIM']"}
2026-08-15T13:06:37.479284255Z {"timestamp": 1786799197.478779, "severity": "INFO", "name": "recommendationservice-server", "message": "[Recv ListRecommendations] product_ids=['9SIQT8TOJO', '2ZYFJ3GM2N', '1YMWWN1N4O', '6E92ZMYYFZ', 'LS4PSXUNUM']"}
2026-08-15T13:06:38.141831030Z {"timestamp": 1786799198.141328, "severity": "INFO", "name": "recommendationservice-server", "message": "[Recv ListRecommendations] product_ids=['9SIQT8TOJO', 'LS4PSXUNUM', 'OLJCESPC7Z', '0PUK6V6EV0', 'L9ECAV7KIM']"}
2026-08-15T13:06:38.501652638Z {"timestamp": 1786799198.5007045, "severity": "INFO", "name": "recommendationservice-server", "message": "[Recv ListRecommendations] product_ids=['OLJCESPC7Z', '1YMWWN1N4O', '0PUK6V6EV0', '66VCHSJNUP', 'LS4PSXUNUM']"}
2026-08-15T13:06:38.602735512Z {"timestamp": 1786799198.602458, "severity": "INFO", "name": "recommendationservice-server", "message": "[Recv ListRecommendations] product_ids=['0PUK6V6EV0', '1YMWWN1N4O', '2ZYFJ3GM2N', 'L9ECAV7KIM', 'OLJCESPC7Z']"}
2026-08-15T13:06:40.524167913Z {"timestamp": 1786799200.5227478, "severity": "INFO", "name": "recommendationservice-server", "message": "[Recv ListRecommendations] product_ids=['66VCHSJNUP', '9SIQT8TOJO', '0PUK6V6EV0', '6E92ZMYYFZ', '1YMWWN1N4O']"}
2026-08-15T13:06:40.591050108Z {"timestamp": 1786799200.58976, "severity": "INFO", "name": "recommendationservice-server", "message": "[Recv ListRecommendations] product_ids=['66VCHSJNUP', 'LS4PSXUNUM', '2ZYFJ3GM2N', 'L9ECAV7KIM', '1YMWWN1N4O']"}
2026-08-15T13:06:41.011221009Z {"timestamp": 1786799201.0098097, "severity": "INFO", "name": "recommendationservice-server", "message": "[Recv ListRecommendations] product_ids=['0PUK6V6EV0', 'LS4PSXUNUM', 'L9ECAV7KIM', '2ZYFJ3GM2N', '1YMWWN1N4O']"}
2026-08-15T13:06:41.612937239Z {"timestamp": 1786799201.6117349, "severity": "INFO", "name": "recommendationservice-server", "message": "[Recv ListRecommendations] product_ids=['6E92ZMYYFZ', 'L9ECAV7KIM', '2ZYFJ3GM2N', '1YMWWN1N4O', '0PUK6V6EV0']"}
2026-08-15T13:06:41.690977235Z {"timestamp": 1786799201.6888855, "severity": "INFO", "name": "recommendationservice-server", "message": "[Recv ListRecommendations] product_ids=['0PUK6V6EV0', 'L9ECAV7KIM', '1YMWWN1N4O', '9SIQT8TOJO', '66VCHSJNUP']"}
2026-08-15T13:06:42.945213956Z {"timestamp": 1786799202.9438958, "severity": "INFO", "name": "recommendationservice-server", "message": "[Recv ListRecommendations] product_ids=['LS4PSXUNUM', '2ZYFJ3GM2N', '9SIQT8TOJO', '0PUK6V6EV0', '6E92ZMYYFZ']"}
2026-08-15T13:06:43.241880829Z {"timestamp": 1786799203.2413034, "severity": "INFO", "name": "recommendationservice-server", "message": "[Recv ListRecommendations] product_ids=['LS4PSXUNUM', '1YMWWN1N4O', '0PUK6V6EV0', '2ZYFJ3GM2N', 'OLJCESPC7Z']"}
2026-08-15T13:06:43.406504950Z {"timestamp": 1786799203.404001, "severity": "INFO", "name": "recommendationservice-server", "message": "[Recv ListRecommendations] product_ids=['2ZYFJ3GM2N', 'LS4PSXUNUM', '6E92ZMYYFZ', '9SIQT8TOJO', '1YMWWN1N4O']"}
2026-08-15T13:06:43.585475054Z {"timestamp": 1786799203.5848064, "severity": "INFO", "name": "recommendationservice-server", "message": "[Recv ListRecommendations] product_ids=['LS4PSXUNUM', 'OLJCESPC7Z', '66VCHSJNUP', '0PUK6V6EV0', '9SIQT8TOJO']"}
2026-08-15T13:06:43.864017753Z {"timestamp": 1786799203.8632834, "severity": "INFO", "name": "recommendationservice-server", "message": "[Recv ListRecommendations] product_ids=['66VCHSJNUP', '1YMWWN1N4O', '9SIQT8TOJO', '0PUK6V6EV0', '2ZYFJ3GM2N']"}
2026-08-15T13:06:44.783810553Z {"timestamp": 1786799204.783402, "severity": "INFO", "name": "recommendationservice-server", "message": "[Recv ListRecommendations] product_ids=['2ZYFJ3GM2N', 'L9ECAV7KIM', '6E92ZMYYFZ', '1YMWWN1N4O', '9SIQT8TOJO']"}
2026-08-15T13:06:44.787347719Z {"timestamp": 1786799204.7869563, "severity": "INFO", "name": "recommendationservice-server", "message": "[Recv ListRecommendations] product_ids=['0PUK6V6EV0', 'OLJCESPC7Z', 'L9ECAV7KIM', '6E92ZMYYFZ', '9SIQT8TOJO']"}
2026-08-15T13:06:45.400386102Z {"timestamp": 1786799205.4000583, "severity": "INFO", "name": "recommendationservice-server", "message": "[Recv ListRecommendations] product_ids=['0PUK6V6EV0', '9SIQT8TOJO', '1YMWWN1N4O', '66VCHSJNUP', '6E92ZMYYFZ']"}
2026-08-15T13:06:45.412570262Z {"timestamp": 1786799205.4122427, "severity": "INFO", "name": "recommendationservice-server", "message": "[Recv ListRecommendations] product_ids=['9SIQT8TOJO', '6E92ZMYYFZ', '1YMWWN1N4O', '2ZYFJ3GM2N', '0PUK6V6EV0']"}
2026-08-15T13:06:45.435863870Z {"timestamp": 1786799205.435572, "severity": "INFO", "name": "recommendationservice-server", "message": "[Recv ListRecommendations] product_ids=['9SIQT8TOJO', '66VCHSJNUP', 'L9ECAV7KIM', '2ZYFJ3GM2N', 'OLJCESPC7Z']"}
2026-08-15T13:06:45.582512033Z {"timestamp": 1786799205.5818853, "severity": "INFO", "name": "recommendationservice-server", "message": "[Recv ListRecommendations] product_ids=['0PUK6V6EV0', '9SIQT8TOJO', 'L9ECAV7KIM', 'LS4PSXUNUM', '6E92ZMYYFZ']"}
2026-08-15T13:06:45.621642378Z {"timestamp": 1786799205.6206555, "severity": "INFO", "name": "recommendationservice-server", "message": "[Recv ListRecommendations] product_ids=['OLJCESPC7Z', '66VCHSJNUP', 'LS4PSXUNUM', '2ZYFJ3GM2N', 'L9ECAV7KIM']"}
2026-08-15T13:06:46.262337522Z {"timestamp": 1786799206.261912, "severity": "INFO", "name": "recommendationservice-server", "message": "[Recv ListRecommendations] product_ids=['1YMWWN1N4O', 'LS4PSXUNUM', '9SIQT8TOJO', '6E92ZMYYFZ', '66VCHSJNUP']"}
2026-08-15T13:06:46.279397285Z {"timestamp": 1786799206.27902, "severity": "INFO", "name": "recommendationservice-server", "message": "[Recv ListRecommendations] product_ids=['6E92ZMYYFZ', 'OLJCESPC7Z', '66VCHSJNUP', 'L9ECAV7KIM', '0PUK6V6EV0']"}
2026-08-15T13:06:46.890805200Z {"timestamp": 1786799206.890554, "severity": "INFO", "name": "recommendationservice-server", "message": "[Recv ListRecommendations] product_ids=['6E92ZMYYFZ', '2ZYFJ3GM2N', 'L9ECAV7KIM', '0PUK6V6EV0', 'OLJCESPC7Z']"}
2026-08-15T13:06:47.128093034Z {"timestamp": 1786799207.1277213, "severity": "INFO", "name": "recommendationservice-server", "message": "[Recv ListRecommendations] product_ids=['L9ECAV7KIM', 'OLJCESPC7Z', '9SIQT8TOJO', '6E92ZMYYFZ', '1YMWWN1N4O']"}
2026-08-15T13:06:47.430668418Z {"timestamp": 1786799207.4300814, "severity": "INFO", "name": "recommendationservice-server", "message": "[Recv ListRecommendations] product_ids=['OLJCESPC7Z', '1YMWWN1N4O', '2ZYFJ3GM2N', '6E92ZMYYFZ', '0PUK6V6EV0']"}
2026-08-15T13:06:48.669309184Z {"timestamp": 1786799208.6682706, "severity": "INFO", "name": "recommendationservice-server", "message": "[Recv ListRecommendations] product_ids=['66VCHSJNUP', '6E92ZMYYFZ', '2ZYFJ3GM2N', 'LS4PSXUNUM', '1YMWWN1N4O']"}
2026-08-15T13:06:49.108861331Z {"timestamp": 1786799209.1076057, "severity": "INFO", "name": "recommendationservice-server", "message": "[Recv ListRecommendations] product_ids=['9SIQT8TOJO', '66VCHSJNUP', 'L9ECAV7KIM', '2ZYFJ3GM2N', 'OLJCESPC7Z']"}
2026-08-15T13:06:49.324419818Z {"timestamp": 1786799209.3230498, "severity": "INFO", "name": "recommendationservice-server", "message": "[Recv ListRecommendations] product_ids=['LS4PSXUNUM', '1YMWWN1N4O', '66VCHSJNUP', '6E92ZMYYFZ', '2ZYFJ3GM2N']"}
2026-08-15T13:06:50.286282167Z {"timestamp": 1786799210.285051, "severity": "INFO", "name": "recommendationservice-server", "message": "[Recv ListRecommendations] product_ids=['66VCHSJNUP', '6E92ZMYYFZ', 'OLJCESPC7Z', '1YMWWN1N4O', '9SIQT8TOJO']"}
2026-08-15T13:06:51.020172195Z {"timestamp": 1786799211.0189679, "severity": "INFO", "name": "recommendationservice-server", "message": "[Recv ListRecommendations] product_ids=['9SIQT8TOJO', '2ZYFJ3GM2N', '66VCHSJNUP', '1YMWWN1N4O', 'LS4PSXUNUM']"}
2026-08-15T13:06:51.949280081Z {"timestamp": 1786799211.947906, "severity": "INFO", "name": "recommendationservice-server", "message": "[Recv ListRecommendations] product_ids=['L9ECAV7KIM', '0PUK6V6EV0', '2ZYFJ3GM2N', '9SIQT8TOJO', 'LS4PSXUNUM']"}
2026-08-15T13:06:52.116863119Z {"timestamp": 1786799212.1163259, "severity": "INFO", "name": "recommendationservice-server", "message": "[Recv ListRecommendations] product_ids=['66VCHSJNUP', '1YMWWN1N4O', 'L9ECAV7KIM', '2ZYFJ3GM2N', 'OLJCESPC7Z']"}
2026-08-15T13:06:52.350690940Z {"timestamp": 1786799212.3499706, "severity": "INFO", "name": "recommendationservice-server", "message": "[Recv ListRecommendations] product_ids=['2ZYFJ3GM2N', '9SIQT8TOJO', '66VCHSJNUP', '1YMWWN1N4O', 'OLJCESPC7Z']"}
2026-08-15T13:06:52.413607809Z {"timestamp": 1786799212.4133737, "severity": "INFO", "name": "recommendationservice-server", "message": "[Recv ListRecommendations] product_ids=['66VCHSJNUP', '1YMWWN1N4O', '9SIQT8TOJO', '0PUK6V6EV0', '6E92ZMYYFZ']"}
2026-08-15T13:06:52.503981954Z {"timestamp": 1786799212.503643, "severity": "INFO", "name": "recommendationservice-server", "message": "[Recv ListRecommendations] product_ids=['6E92ZMYYFZ', '2ZYFJ3GM2N', '1YMWWN1N4O', '66VCHSJNUP', 'L9ECAV7KIM']"}
2026-08-15T13:06:53.502062800Z {"timestamp": 1786799213.5014946, "severity": "INFO", "name": "recommendationservice-server", "message": "[Recv ListRecommendations] product_ids=['L9ECAV7KIM', '9SIQT8TOJO', 'LS4PSXUNUM', 'OLJCESPC7Z', '66VCHSJNUP']"}
2026-08-15T13:06:53.550384825Z {"timestamp": 1786799213.5496821, "severity": "INFO", "name": "recommendationservice-server", "message": "[Recv ListRecommendations] product_ids=['66VCHSJNUP', '9SIQT8TOJO', 'OLJCESPC7Z', '6E92ZMYYFZ', '0PUK6V6EV0']"}
2026-08-15T13:06:53.614440868Z {"timestamp": 1786799213.613698, "severity": "INFO", "name": "recommendationservice-server", "message": "[Recv ListRecommendations] product_ids=['L9ECAV7KIM', '9SIQT8TOJO', '2ZYFJ3GM2N', 'OLJCESPC7Z', 'LS4PSXUNUM']"}
2026-08-15T13:06:54.224630729Z {"timestamp": 1786799214.2236838, "severity": "INFO", "name": "recommendationservice-server", "message": "[Recv ListRecommendations] product_ids=['2ZYFJ3GM2N', '6E92ZMYYFZ', '1YMWWN1N4O', 'LS4PSXUNUM', 'L9ECAV7KIM']"}
2026-08-15T13:06:54.572814447Z {"timestamp": 1786799214.5717006, "severity": "INFO", "name": "recommendationservice-server", "message": "[Recv ListRecommendations] product_ids=['6E92ZMYYFZ', '0PUK6V6EV0', '2ZYFJ3GM2N', 'L9ECAV7KIM', '9SIQT8TOJO']"}
2026-08-15T13:06:54.699392833Z {"timestamp": 1786799214.6980677, "severity": "INFO", "name": "recommendationservice-server", "message": "[Recv ListRecommendations] product_ids=['9SIQT8TOJO', '6E92ZMYYFZ', '66VCHSJNUP', '1YMWWN1N4O', '0PUK6V6EV0']"}
2026-08-15T13:06:54.733422333Z {"timestamp": 1786799214.7319636, "severity": "INFO", "name": "recommendationservice-server", "message": "[Recv ListRecommendations] product_ids=['6E92ZMYYFZ', 'LS4PSXUNUM', '66VCHSJNUP', '2ZYFJ3GM2N', '9SIQT8TOJO']"}
2026-08-15T13:06:55.019315322Z {"timestamp": 1786799215.0183356, "severity": "INFO", "name": "recommendationservice-server", "message": "[Recv ListRecommendations] product_ids=['LS4PSXUNUM', 'L9ECAV7KIM', '0PUK6V6EV0', '9SIQT8TOJO', '2ZYFJ3GM2N']"}
2026-08-15T13:06:56.208467226Z {"timestamp": 1786799216.207229, "severity": "INFO", "name": "recommendationservice-server", "message": "[Recv ListRecommendations] product_ids=['2ZYFJ3GM2N', 'L9ECAV7KIM', '9SIQT8TOJO', '6E92ZMYYFZ', 'OLJCESPC7Z']"}
2026-08-15T13:06:56.885033980Z {"timestamp": 1786799216.8839254, "severity": "INFO", "name": "recommendationservice-server", "message": "[Recv ListRecommendations] product_ids=['6E92ZMYYFZ', '9SIQT8TOJO', '66VCHSJNUP', '1YMWWN1N4O', '0PUK6V6EV0']"}
2026-08-15T13:06:57.019579681Z {"timestamp": 1786799217.018534, "severity": "INFO", "name": "recommendationservice-server", "message": "[Recv ListRecommendations] product_ids=['9SIQT8TOJO', '1YMWWN1N4O', '6E92ZMYYFZ', 'OLJCESPC7Z', '0PUK6V6EV0']"}
2026-08-15T13:06:57.185292034Z {"timestamp": 1786799217.1841915, "severity": "INFO", "name": "recommendationservice-server", "message": "[Recv ListRecommendations] product_ids=['6E92ZMYYFZ', 'OLJCESPC7Z', 'L9ECAV7KIM', '66VCHSJNUP', '9SIQT8TOJO']"}
2026-08-15T13:06:57.295460759Z {"timestamp": 1786799217.2943454, "severity": "INFO", "name": "recommendationservice-server", "message": "[Recv ListRecommendations] product_ids=['LS4PSXUNUM', 'OLJCESPC7Z', '2ZYFJ3GM2N', '66VCHSJNUP', '9SIQT8TOJO']"}
2026-08-15T13:06:57.387836933Z {"timestamp": 1786799217.3874485, "severity": "INFO", "name": "recommendationservice-server", "message": "[Recv ListRecommendations] product_ids=['66VCHSJNUP', '9SIQT8TOJO', '2ZYFJ3GM2N', '1YMWWN1N4O', '0PUK6V6EV0']"}
2026-08-15T13:06:58.526346661Z {"timestamp": 1786799218.525118, "severity": "INFO", "name": "recommendationservice-server", "message": "[Recv ListRecommendations] product_ids=['9SIQT8TOJO', '6E92ZMYYFZ', 'L9ECAV7KIM', '2ZYFJ3GM2N', '0PUK6V6EV0']"}
2026-08-15T13:06:59.258413962Z {"timestamp": 1786799219.2573168, "severity": "INFO", "name": "recommendationservice-server", "message": "[Recv ListRecommendations] product_ids=['9SIQT8TOJO', 'LS4PSXUNUM', '6E92ZMYYFZ', '2ZYFJ3GM2N', '0PUK6V6EV0']"}
2026-08-15T13:06:59.430761779Z {"timestamp": 1786799219.4295707, "severity": "INFO", "name": "recommendationservice-server", "message": "[Recv ListRecommendations] product_ids=['9SIQT8TOJO', '0PUK6V6EV0', '1YMWWN1N4O', '2ZYFJ3GM2N', 'OLJCESPC7Z']"}
2026-08-15T13:06:59.484573823Z {"timestamp": 1786799219.483259, "severity": "INFO", "name": "recommendationservice-server", "message": "[Recv ListRecommendations] product_ids=['9SIQT8TOJO', 'L9ECAV7KIM', '1YMWWN1N4O', 'LS4PSXUNUM', '6E92ZMYYFZ']"}
2026-08-15T13:06:59.491553217Z {"timestamp": 1786799219.49023, "severity": "INFO", "name": "recommendationservice-server", "message": "[Recv ListRecommendations] product_ids=['6E92ZMYYFZ', 'OLJCESPC7Z', '1YMWWN1N4O', 'LS4PSXUNUM', '9SIQT8TOJO']"}
2026-08-15T13:06:59.802218971Z {"timestamp": 1786799219.8010652, "severity": "INFO", "name": "recommendationservice-server", "message": "[Recv ListRecommendations] product_ids=['0PUK6V6EV0', '6E92ZMYYFZ', 'L9ECAV7KIM', 'LS4PSXUNUM', '1YMWWN1N4O']"}
2026-08-15T13:07:00.547093849Z {"timestamp": 1786799220.5452957, "severity": "INFO", "name": "recommendationservice-server", "message": "[Recv ListRecommendations] product_ids=['LS4PSXUNUM', 'L9ECAV7KIM', '2ZYFJ3GM2N', '0PUK6V6EV0', '1YMWWN1N4O']"}
2026-08-15T13:07:01.099533115Z {"timestamp": 1786799221.0989244, "severity": "INFO", "name": "recommendationservice-server", "message": "[Recv ListRecommendations] product_ids=['66VCHSJNUP', '9SIQT8TOJO', 'LS4PSXUNUM', 'OLJCESPC7Z', '2ZYFJ3GM2N']"}
2026-08-15T13:07:01.412071755Z {"timestamp": 1786799221.4108794, "severity": "INFO", "name": "recommendationservice-server", "message": "[Recv ListRecommendations] product_ids=['6E92ZMYYFZ', 'LS4PSXUNUM', '1YMWWN1N4O', '0PUK6V6EV0', '66VCHSJNUP']"}
2026-08-15T13:07:01.574892626Z {"timestamp": 1786799221.5743337, "severity": "INFO", "name": "recommendationservice-server", "message": "[Recv ListRecommendations] product_ids=['0PUK6V6EV0', '2ZYFJ3GM2N', 'LS4PSXUNUM', '1YMWWN1N4O', '9SIQT8TOJO']"}
2026-08-15T13:07:02.532038385Z {"timestamp": 1786799222.5317278, "severity": "INFO", "name": "recommendationservice-server", "message": "[Recv ListRecommendations] product_ids=['L9ECAV7KIM', '2ZYFJ3GM2N', '0PUK6V6EV0', '6E92ZMYYFZ', '1YMWWN1N4O']"}
2026-08-15T13:07:02.547568428Z {"timestamp": 1786799222.5471184, "severity": "INFO", "name": "recommendationservice-server", "message": "[Recv ListRecommendations] product_ids=['9SIQT8TOJO', 'L9ECAV7KIM', '0PUK6V6EV0', 'OLJCESPC7Z', '66VCHSJNUP']"}
2026-08-15T13:07:02.617453569Z {"timestamp": 1786799222.6171331, "severity": "INFO", "name": "recommendationservice-server", "message": "[Recv ListRecommendations] product_ids=['6E92ZMYYFZ', 'L9ECAV7KIM', '9SIQT8TOJO', 'LS4PSXUNUM', '2ZYFJ3GM2N']"}
2026-08-15T13:07:02.620725093Z {"timestamp": 1786799222.6203957, "severity": "INFO", "name": "recommendationservice-server", "message": "[Recv ListRecommendations] product_ids=['66VCHSJNUP', '0PUK6V6EV0', 'LS4PSXUNUM', '6E92ZMYYFZ', 'OLJCESPC7Z']"}
2026-08-15T13:07:02.945792678Z {"timestamp": 1786799222.945474, "severity": "INFO", "name": "recommendationservice-server", "message": "[Recv ListRecommendations] product_ids=['OLJCESPC7Z', 'LS4PSXUNUM', '1YMWWN1N4O', '9SIQT8TOJO', '2ZYFJ3GM2N']"}
2026-08-15T13:07:03.047027032Z {"timestamp": 1786799223.0466325, "severity": "INFO", "name": "recommendationservice-server", "message": "[Recv ListRecommendations] product_ids=['66VCHSJNUP', '2ZYFJ3GM2N', 'OLJCESPC7Z', 'LS4PSXUNUM', '9SIQT8TOJO']"}
2026-08-15T13:07:03.086972199Z {"timestamp": 1786799223.0867083, "severity": "INFO", "name": "recommendationservice-server", "message": "[Recv ListRecommendations] product_ids=['2ZYFJ3GM2N', '0PUK6V6EV0', 'OLJCESPC7Z', '6E92ZMYYFZ', '1YMWWN1N4O']"}
2026-08-15T13:07:03.101241816Z {"timestamp": 1786799223.1009119, "severity": "INFO", "name": "recommendationservice-server", "message": "[Recv ListRecommendations] product_ids=['LS4PSXUNUM', '2ZYFJ3GM2N', 'OLJCESPC7Z', '0PUK6V6EV0', 'L9ECAV7KIM']"}
2026-08-15T13:07:03.127563131Z {"timestamp": 1786799223.1272948, "severity": "INFO", "name": "recommendationservice-server", "message": "[Recv ListRecommendations] product_ids=['1YMWWN1N4O', '2ZYFJ3GM2N', '9SIQT8TOJO', 'L9ECAV7KIM', 'LS4PSXUNUM']"}
2026-08-15T13:07:04.232238443Z {"timestamp": 1786799224.230901, "severity": "INFO", "name": "recommendationservice-server", "message": "[Recv ListRecommendations] product_ids=['2ZYFJ3GM2N', '6E92ZMYYFZ', 'L9ECAV7KIM', '9SIQT8TOJO', 'LS4PSXUNUM']"}
2026-08-15T13:07:04.471514907Z {"timestamp": 1786799224.4704568, "severity": "INFO", "name": "recommendationservice-server", "message": "[Recv ListRecommendations] product_ids=['1YMWWN1N4O', 'LS4PSXUNUM', '2ZYFJ3GM2N', '0PUK6V6EV0', '9SIQT8TOJO']"}
2026-08-15T13:07:04.845623062Z {"timestamp": 1786799224.8442893, "severity": "INFO", "name": "recommendationservice-server", "message": "[Recv ListRecommendations] product_ids=['L9ECAV7KIM', '0PUK6V6EV0', '9SIQT8TOJO', '66VCHSJNUP', 'LS4PSXUNUM']"}
2026-08-15T13:07:05.731845178Z {"timestamp": 1786799225.7311082, "severity": "INFO", "name": "recommendationservice-server", "message": "[Recv ListRecommendations] product_ids=['66VCHSJNUP', '0PUK6V6EV0', '9SIQT8TOJO', 'L9ECAV7KIM', '6E92ZMYYFZ']"}
2026-08-15T13:07:06.095128057Z {"timestamp": 1786799226.094375, "severity": "INFO", "name": "recommendationservice-server", "message": "[Recv ListRecommendations] product_ids=['1YMWWN1N4O', '6E92ZMYYFZ', '9SIQT8TOJO', '66VCHSJNUP', '0PUK6V6EV0']"}
2026-08-15T13:07:06.283897105Z {"timestamp": 1786799226.282612, "severity": "INFO", "name": "recommendationservice-server", "message": "[Recv ListRecommendations] product_ids=['L9ECAV7KIM', '9SIQT8TOJO', 'OLJCESPC7Z', '1YMWWN1N4O', '0PUK6V6EV0']"}
2026-08-15T13:07:06.388247169Z {"timestamp": 1786799226.381755, "severity": "INFO", "name": "recommendationservice-server", "message": "[Recv ListRecommendations] product_ids=['9SIQT8TOJO', '1YMWWN1N4O', 'OLJCESPC7Z', '0PUK6V6EV0', '66VCHSJNUP']"}
2026-08-15T13:07:06.480288110Z {"timestamp": 1786799226.4765995, "severity": "INFO", "name": "recommendationservice-server", "message": "[Recv ListRecommendations] product_ids=['OLJCESPC7Z', '6E92ZMYYFZ', 'LS4PSXUNUM', 'L9ECAV7KIM', '2ZYFJ3GM2N']"}
2026-08-15T13:07:06.494625534Z {"timestamp": 1786799226.4935625, "severity": "INFO", "name": "recommendationservice-server", "message": "[Recv ListRecommendations] product_ids=['OLJCESPC7Z', '2ZYFJ3GM2N', '6E92ZMYYFZ', '66VCHSJNUP', '9SIQT8TOJO']"}
2026-08-15T13:07:06.587690377Z {"timestamp": 1786799226.584789, "severity": "INFO", "name": "recommendationservice-server", "message": "[Recv ListRecommendations] product_ids=['L9ECAV7KIM', '6E92ZMYYFZ', '0PUK6V6EV0', '2ZYFJ3GM2N', '1YMWWN1N4O']"}
2026-08-15T13:07:06.696874420Z {"timestamp": 1786799226.6955814, "severity": "INFO", "name": "recommendationservice-server", "message": "[Recv ListRecommendations] product_ids=['9SIQT8TOJO', '6E92ZMYYFZ', 'L9ECAV7KIM', 'OLJCESPC7Z', '1YMWWN1N4O']"}
2026-08-15T13:07:07.112468851Z {"timestamp": 1786799227.1118145, "severity": "INFO", "name": "recommendationservice-server", "message": "[Recv ListRecommendations] product_ids=['9SIQT8TOJO', '2ZYFJ3GM2N', '66VCHSJNUP', '1YMWWN1N4O', '0PUK6V6EV0']"}
2026-08-15T13:07:07.420728315Z {"timestamp": 1786799227.420249, "severity": "INFO", "name": "recommendationservice-server", "message": "[Recv ListRecommendations] product_ids=['6E92ZMYYFZ', '2ZYFJ3GM2N', '0PUK6V6EV0', 'L9ECAV7KIM', '1YMWWN1N4O']"}
2026-08-15T13:07:09.080132933Z {"timestamp": 1786799229.0790374, "severity": "INFO", "name": "recommendationservice-server", "message": "[Recv ListRecommendations] product_ids=['2ZYFJ3GM2N', '0PUK6V6EV0', '6E92ZMYYFZ', 'OLJCESPC7Z', '1YMWWN1N4O']"}
2026-08-15T13:07:09.931363596Z {"timestamp": 1786799229.9306471, "severity": "INFO", "name": "recommendationservice-server", "message": "[Recv ListRecommendations] product_ids=['1YMWWN1N4O', '6E92ZMYYFZ', '66VCHSJNUP', '2ZYFJ3GM2N', '0PUK6V6EV0']"}
2026-08-15T13:07:12.061443910Z {"timestamp": 1786799232.0610063, "severity": "INFO", "name": "recommendationservice-server", "message": "[Recv ListRecommendations] product_ids=['2ZYFJ3GM2N', '0PUK6V6EV0', 'OLJCESPC7Z', '6E92ZMYYFZ', '9SIQT8TOJO']"}
2026-08-15T13:07:12.090315966Z {"timestamp": 1786799232.0898566, "severity": "INFO", "name": "recommendationservice-server", "message": "[Recv ListRecommendations] product_ids=['9SIQT8TOJO', '66VCHSJNUP', '6E92ZMYYFZ', 'OLJCESPC7Z', 'LS4PSXUNUM']"}
2026-08-15T13:07:12.115752871Z {"timestamp": 1786799232.1153286, "severity": "INFO", "name": "recommendationservice-server", "message": "[Recv ListRecommendations] product_ids=['0PUK6V6EV0', '9SIQT8TOJO', 'L9ECAV7KIM', '2ZYFJ3GM2N', 'OLJCESPC7Z']"}
2026-08-15T13:07:12.906225312Z {"timestamp": 1786799232.90482, "severity": "INFO", "name": "recommendationservice-server", "message": "[Recv ListRecommendations] product_ids=['LS4PSXUNUM', '6E92ZMYYFZ', '66VCHSJNUP', '1YMWWN1N4O', '0PUK6V6EV0']"}
2026-08-15T13:07:12.980632632Z {"timestamp": 1786799232.9791934, "severity": "INFO", "name": "recommendationservice-server", "message": "[Recv ListRecommendations] product_ids=['LS4PSXUNUM', '2ZYFJ3GM2N', '9SIQT8TOJO', '6E92ZMYYFZ', 'OLJCESPC7Z']"}
2026-08-15T13:07:13.262110254Z {"timestamp": 1786799233.2615411, "severity": "INFO", "name": "recommendationservice-server", "message": "[Recv ListRecommendations] product_ids=['6E92ZMYYFZ', 'LS4PSXUNUM', '0PUK6V6EV0', '9SIQT8TOJO', '1YMWWN1N4O']"}
2026-08-15T13:07:13.371039908Z {"timestamp": 1786799233.370774, "severity": "INFO", "name": "recommendationservice-server", "message": "[Recv ListRecommendations] product_ids=['66VCHSJNUP', '2ZYFJ3GM2N', '9SIQT8TOJO', 'LS4PSXUNUM', '0PUK6V6EV0']"}
2026-08-15T13:07:13.726966554Z {"timestamp": 1786799233.725726, "severity": "INFO", "name": "recommendationservice-server", "message": "[Recv ListRecommendations] product_ids=['1YMWWN1N4O', '66VCHSJNUP', '9SIQT8TOJO', '6E92ZMYYFZ', '0PUK6V6EV0']"}
2026-08-15T13:07:13.837350557Z {"timestamp": 1786799233.8359776, "severity": "INFO", "name": "recommendationservice-server", "message": "[Recv ListRecommendations] product_ids=['1YMWWN1N4O', '6E92ZMYYFZ', 'L9ECAV7KIM', '2ZYFJ3GM2N', '0PUK6V6EV0']"}
2026-08-15T13:07:14.381522678Z {"timestamp": 1786799234.380179, "severity": "INFO", "name": "recommendationservice-server", "message": "[Recv ListRecommendations] product_ids=['6E92ZMYYFZ', 'L9ECAV7KIM', '9SIQT8TOJO', '1YMWWN1N4O', 'LS4PSXUNUM']"}
2026-08-15T13:07:14.494815579Z {"timestamp": 1786799234.493855, "severity": "INFO", "name": "recommendationservice-server", "message": "[Recv ListRecommendations] product_ids=['0PUK6V6EV0', '66VCHSJNUP', 'L9ECAV7KIM', '6E92ZMYYFZ']"}
2026-08-15T13:07:14.717923724Z {"timestamp": 1786799234.7166932, "severity": "INFO", "name": "recommendationservice-server", "message": "[Recv ListRecommendations] product_ids=['2ZYFJ3GM2N', '0PUK6V6EV0', '66VCHSJNUP', '6E92ZMYYFZ', '9SIQT8TOJO']"}
2026-08-15T13:07:14.916695028Z {"timestamp": 1786799234.9155085, "severity": "INFO", "name": "recommendationservice-server", "message": "[Recv ListRecommendations] product_ids=['0PUK6V6EV0', 'LS4PSXUNUM', 'OLJCESPC7Z', '9SIQT8TOJO', '66VCHSJNUP']"}
2026-08-15T13:07:16.241909088Z {"timestamp": 1786799236.2408545, "severity": "INFO", "name": "recommendationservice-server", "message": "[Recv ListRecommendations] product_ids=['2ZYFJ3GM2N', '9SIQT8TOJO', '1YMWWN1N4O', 'OLJCESPC7Z', 'LS4PSXUNUM']"}
2026-08-15T13:07:16.353963844Z {"timestamp": 1786799236.3526556, "severity": "INFO", "name": "recommendationservice-server", "message": "[Recv ListRecommendations] product_ids=['1YMWWN1N4O', '6E92ZMYYFZ', '66VCHSJNUP', '9SIQT8TOJO', '2ZYFJ3GM2N']"}
2026-08-15T13:07:16.426401080Z {"timestamp": 1786799236.4253445, "severity": "INFO", "name": "recommendationservice-server", "message": "[Recv ListRecommendations] product_ids=['6E92ZMYYFZ', 'OLJCESPC7Z', '2ZYFJ3GM2N', '0PUK6V6EV0', '1YMWWN1N4O']"}
2026-08-15T13:07:16.681020567Z {"timestamp": 1786799236.68068, "severity": "INFO", "name": "recommendationservice-server", "message": "[Recv ListRecommendations] product_ids=['OLJCESPC7Z', '6E92ZMYYFZ', 'LS4PSXUNUM', 'L9ECAV7KIM', '1YMWWN1N4O']"}
2026-08-15T13:07:16.682927066Z {"timestamp": 1786799236.682575, "severity": "INFO", "name": "recommendationservice-server", "message": "[Recv ListRecommendations] product_ids=['2ZYFJ3GM2N', '66VCHSJNUP', '1YMWWN1N4O', '0PUK6V6EV0', 'OLJCESPC7Z']"}
2026-08-15T13:07:17.299225078Z {"timestamp": 1786799237.2971883, "severity": "INFO", "name": "recommendationservice-server", "message": "[Recv ListRecommendations] product_ids=['6E92ZMYYFZ', '66VCHSJNUP', 'LS4PSXUNUM', '0PUK6V6EV0', 'L9ECAV7KIM']"}
2026-08-15T13:07:17.771455003Z {"timestamp": 1786799237.7711306, "severity": "INFO", "name": "recommendationservice-server", "message": "[Recv ListRecommendations] product_ids=['2ZYFJ3GM2N', '1YMWWN1N4O', 'L9ECAV7KIM', 'OLJCESPC7Z', '6E92ZMYYFZ']"}
2026-08-15T13:07:17.996134476Z {"timestamp": 1786799237.9958715, "severity": "INFO", "name": "recommendationservice-server", "message": "[Recv ListRecommendations] product_ids=['0PUK6V6EV0', 'LS4PSXUNUM', '1YMWWN1N4O', 'L9ECAV7KIM', '6E92ZMYYFZ']"}
2026-08-15T13:07:18.138206755Z {"timestamp": 1786799238.1369846, "severity": "INFO", "name": "recommendationservice-server", "message": "[Recv ListRecommendations] product_ids=['1YMWWN1N4O', '6E92ZMYYFZ', 'LS4PSXUNUM', '2ZYFJ3GM2N', 'OLJCESPC7Z']"}
2026-08-15T13:07:18.730817203Z {"timestamp": 1786799238.7302814, "severity": "INFO", "name": "recommendationservice-server", "message": "[Recv ListRecommendations] product_ids=['66VCHSJNUP', '9SIQT8TOJO', 'LS4PSXUNUM', 'OLJCESPC7Z', '2ZYFJ3GM2N']"}
2026-08-15T13:07:18.986270978Z {"timestamp": 1786799238.9859016, "severity": "INFO", "name": "recommendationservice-server", "message": "[Recv ListRecommendations] product_ids=['OLJCESPC7Z', '2ZYFJ3GM2N', '0PUK6V6EV0', '6E92ZMYYFZ', 'L9ECAV7KIM']"}
2026-08-15T13:07:19.373786890Z {"timestamp": 1786799239.372664, "severity": "INFO", "name": "recommendationservice-server", "message": "[Recv ListRecommendations] product_ids=['9SIQT8TOJO', '2ZYFJ3GM2N', '6E92ZMYYFZ', 'OLJCESPC7Z', '0PUK6V6EV0']"}
2026-08-15T13:07:19.683665426Z {"timestamp": 1786799239.6826053, "severity": "INFO", "name": "recommendationservice-server", "message": "[Recv ListRecommendations] product_ids=['6E92ZMYYFZ', '9SIQT8TOJO', 'L9ECAV7KIM', '0PUK6V6EV0', '2ZYFJ3GM2N']"}
2026-08-15T13:07:19.790119200Z {"timestamp": 1786799239.7887387, "severity": "INFO", "name": "recommendationservice-server", "message": "[Recv ListRecommendations] product_ids=['LS4PSXUNUM', 'L9ECAV7KIM', '9SIQT8TOJO', 'OLJCESPC7Z', '66VCHSJNUP']"}
2026-08-15T13:07:20.746613102Z {"timestamp": 1786799240.7441444, "severity": "INFO", "name": "recommendationservice-server", "message": "[Recv ListRecommendations] product_ids=['6E92ZMYYFZ', '2ZYFJ3GM2N', 'L9ECAV7KIM', '66VCHSJNUP', '0PUK6V6EV0']"}
2026-08-15T13:07:20.820235861Z {"timestamp": 1786799240.818849, "severity": "INFO", "name": "recommendationservice-server", "message": "[Recv ListRecommendations] product_ids=['OLJCESPC7Z', '1YMWWN1N4O', '0PUK6V6EV0', '2ZYFJ3GM2N', '6E92ZMYYFZ']"}
2026-08-15T13:07:20.829765853Z {"timestamp": 1786799240.8271587, "severity": "INFO", "name": "recommendationservice-server", "message": "[Recv ListRecommendations] product_ids=['9SIQT8TOJO', '6E92ZMYYFZ', '0PUK6V6EV0', '66VCHSJNUP', 'OLJCESPC7Z']"}
2026-08-15T13:07:21.341198156Z {"timestamp": 1786799241.340169, "severity": "INFO", "name": "recommendationservice-server", "message": "[Recv ListRecommendations] product_ids=['9SIQT8TOJO', '0PUK6V6EV0', '6E92ZMYYFZ', '66VCHSJNUP', '1YMWWN1N4O']"}
2026-08-15T13:07:22.527141527Z {"timestamp": 1786799242.5265572, "severity": "INFO", "name": "recommendationservice-server", "message": "[Recv ListRecommendations] product_ids=['L9ECAV7KIM', '6E92ZMYYFZ', '2ZYFJ3GM2N', '0PUK6V6EV0', '9SIQT8TOJO']"}
2026-08-15T13:07:22.557624598Z {"timestamp": 1786799242.5567887, "severity": "INFO", "name": "recommendationservice-server", "message": "[Recv ListRecommendations] product_ids=['LS4PSXUNUM', '2ZYFJ3GM2N', 'L9ECAV7KIM', '0PUK6V6EV0', 'OLJCESPC7Z']"}
2026-08-15T13:07:22.627833902Z {"timestamp": 1786799242.627182, "severity": "INFO", "name": "recommendationservice-server", "message": "[Recv ListRecommendations] product_ids=['0PUK6V6EV0', 'OLJCESPC7Z', '2ZYFJ3GM2N', '9SIQT8TOJO', '66VCHSJNUP']"}
2026-08-15T13:07:22.824727584Z {"timestamp": 1786799242.823966, "severity": "INFO", "name": "recommendationservice-server", "message": "[Recv ListRecommendations] product_ids=['L9ECAV7KIM', '0PUK6V6EV0', 'OLJCESPC7Z', '9SIQT8TOJO', '66VCHSJNUP']"}
2026-08-15T13:07:23.321633348Z {"timestamp": 1786799243.3208606, "severity": "INFO", "name": "recommendationservice-server", "message": "[Recv ListRecommendations] product_ids=['9SIQT8TOJO', 'OLJCESPC7Z', '66VCHSJNUP', 'L9ECAV7KIM', '6E92ZMYYFZ']"}
2026-08-15T13:07:23.598280632Z {"timestamp": 1786799243.5971656, "severity": "INFO", "name": "recommendationservice-server", "message": "[Recv ListRecommendations] product_ids=['0PUK6V6EV0', '2ZYFJ3GM2N', 'LS4PSXUNUM', '1YMWWN1N4O', 'L9ECAV7KIM']"}
2026-08-15T13:07:24.979020583Z {"timestamp": 1786799244.977754, "severity": "INFO", "name": "recommendationservice-server", "message": "[Recv ListRecommendations] product_ids=['1YMWWN1N4O', 'OLJCESPC7Z', '2ZYFJ3GM2N', '66VCHSJNUP', 'L9ECAV7KIM']"}
2026-08-15T13:07:25.633090363Z {"timestamp": 1786799245.6325717, "severity": "INFO", "name": "recommendationservice-server", "message": "[Recv ListRecommendations] product_ids=['L9ECAV7KIM', '9SIQT8TOJO', '0PUK6V6EV0', '2ZYFJ3GM2N', '1YMWWN1N4O']"}
2026-08-15T13:07:25.737827801Z {"timestamp": 1786799245.736548, "severity": "INFO", "name": "recommendationservice-server", "message": "[Recv ListRecommendations] product_ids=['1YMWWN1N4O', '9SIQT8TOJO', 'L9ECAV7KIM', '6E92ZMYYFZ', 'OLJCESPC7Z']"}
2026-08-15T13:07:25.743805043Z {"timestamp": 1786799245.7424583, "severity": "INFO", "name": "recommendationservice-server", "message": "[Recv ListRecommendations] product_ids=['1YMWWN1N4O', '0PUK6V6EV0', 'L9ECAV7KIM', '66VCHSJNUP', 'LS4PSXUNUM']"}
2026-08-15T13:07:25.981230218Z {"timestamp": 1786799245.980041, "severity": "INFO", "name": "recommendationservice-server", "message": "[Recv ListRecommendations] product_ids=['LS4PSXUNUM', '9SIQT8TOJO', '2ZYFJ3GM2N', 'L9ECAV7KIM', '66VCHSJNUP']"}
2026-08-15T13:07:26.029184463Z {"timestamp": 1786799246.028747, "severity": "INFO", "name": "recommendationservice-server", "message": "[Recv ListRecommendations] product_ids=['OLJCESPC7Z', '6E92ZMYYFZ', 'LS4PSXUNUM', '1YMWWN1N4O', '0PUK6V6EV0']"}
2026-08-15T13:07:26.098701822Z {"timestamp": 1786799246.098337, "severity": "INFO", "name": "recommendationservice-server", "message": "[Recv ListRecommendations] product_ids=['0PUK6V6EV0', '1YMWWN1N4O', 'L9ECAV7KIM', '6E92ZMYYFZ', '66VCHSJNUP']"}
2026-08-15T13:07:26.502187416Z {"timestamp": 1786799246.5008347, "severity": "INFO", "name": "recommendationservice-server", "message": "[Recv ListRecommendations] product_ids=['LS4PSXUNUM', '9SIQT8TOJO', '6E92ZMYYFZ', 'OLJCESPC7Z', '1YMWWN1N4O']"}
2026-08-15T13:07:26.691580237Z {"timestamp": 1786799246.6906729, "severity": "INFO", "name": "recommendationservice-server", "message": "[Recv ListRecommendations] product_ids=['OLJCESPC7Z', '66VCHSJNUP', '2ZYFJ3GM2N', '6E92ZMYYFZ', 'LS4PSXUNUM']"}
2026-08-15T13:07:27.481823400Z {"timestamp": 1786799247.481438, "severity": "INFO", "name": "recommendationservice-server", "message": "[Recv ListRecommendations] product_ids=['9SIQT8TOJO', '66VCHSJNUP', 'OLJCESPC7Z', 'LS4PSXUNUM', '0PUK6V6EV0']"}
2026-08-15T13:07:28.619400660Z {"timestamp": 1786799248.618573, "severity": "INFO", "name": "recommendationservice-server", "message": "[Recv ListRecommendations] product_ids=['1YMWWN1N4O', '6E92ZMYYFZ', '2ZYFJ3GM2N', 'L9ECAV7KIM', 'LS4PSXUNUM']"}
2026-08-15T13:07:29.589674768Z {"timestamp": 1786799249.588733, "severity": "INFO", "name": "recommendationservice-server", "message": "[Recv ListRecommendations] product_ids=['1YMWWN1N4O', 'OLJCESPC7Z', 'LS4PSXUNUM', '0PUK6V6EV0', '6E92ZMYYFZ']"}
2026-08-15T13:07:29.815671917Z {"timestamp": 1786799249.8144152, "severity": "INFO", "name": "recommendationservice-server", "message": "[Recv ListRecommendations] product_ids=['66VCHSJNUP', 'LS4PSXUNUM', '2ZYFJ3GM2N', '1YMWWN1N4O', '0PUK6V6EV0']"}
2026-08-15T13:07:29.976603385Z {"timestamp": 1786799249.9756083, "severity": "INFO", "name": "recommendationservice-server", "message": "[Recv ListRecommendations] product_ids=['L9ECAV7KIM', '1YMWWN1N4O', 'OLJCESPC7Z', 'LS4PSXUNUM', '66VCHSJNUP']"}
2026-08-15T13:07:31.366515178Z {"timestamp": 1786799251.3656204, "severity": "INFO", "name": "recommendationservice-server", "message": "[Recv ListRecommendations] product_ids=['0PUK6V6EV0', '2ZYFJ3GM2N', '1YMWWN1N4O', '9SIQT8TOJO', 'LS4PSXUNUM']"}
2026-08-15T13:07:31.747266054Z {"timestamp": 1786799251.7455833, "severity": "INFO", "name": "recommendationservice-server", "message": "[Recv ListRecommendations] product_ids=['6E92ZMYYFZ', '66VCHSJNUP', '1YMWWN1N4O', 'OLJCESPC7Z', '0PUK6V6EV0']"}
2026-08-15T13:07:31.964369903Z {"timestamp": 1786799251.96358, "severity": "INFO", "name": "recommendationservice-server", "message": "[Recv ListRecommendations] product_ids=['L9ECAV7KIM', '2ZYFJ3GM2N', 'OLJCESPC7Z', '1YMWWN1N4O', '9SIQT8TOJO']"}
2026-08-15T13:07:32.040218705Z {"timestamp": 1786799252.0391436, "severity": "INFO", "name": "recommendationservice-server", "message": "[Recv ListRecommendations] product_ids=['2ZYFJ3GM2N', 'OLJCESPC7Z', 'L9ECAV7KIM', '9SIQT8TOJO', '66VCHSJNUP']"}
2026-08-15T13:07:32.227973503Z {"timestamp": 1786799252.2266488, "severity": "INFO", "name": "recommendationservice-server", "message": "[Recv ListRecommendations] product_ids=['L9ECAV7KIM', '0PUK6V6EV0', '66VCHSJNUP', 'LS4PSXUNUM', '6E92ZMYYFZ']"}
2026-08-15T13:07:32.396856310Z {"timestamp": 1786799252.3963282, "severity": "INFO", "name": "recommendationservice-server", "message": "[Recv ListRecommendations] product_ids=['0PUK6V6EV0', '6E92ZMYYFZ', 'OLJCESPC7Z', '9SIQT8TOJO', '66VCHSJNUP']"}
2026-08-15T13:07:32.699180699Z {"timestamp": 1786799252.6988616, "severity": "INFO", "name": "recommendationservice-server", "message": "[Recv ListRecommendations] product_ids=['66VCHSJNUP', 'OLJCESPC7Z', 'LS4PSXUNUM', '1YMWWN1N4O', '6E92ZMYYFZ']"}
2026-08-15T13:07:33.010148645Z {"timestamp": 1786799253.009836, "severity": "INFO", "name": "recommendationservice-server", "message": "[Recv ListRecommendations] product_ids=['1YMWWN1N4O', 'LS4PSXUNUM', 'OLJCESPC7Z', '66VCHSJNUP', '9SIQT8TOJO']"}
2026-08-15T13:07:33.703124007Z {"timestamp": 1786799253.7017298, "severity": "INFO", "name": "recommendationservice-server", "message": "[Recv ListRecommendations] product_ids=['66VCHSJNUP', '1YMWWN1N4O', '6E92ZMYYFZ', 'OLJCESPC7Z', 'LS4PSXUNUM']"}
2026-08-15T13:07:34.226323963Z {"timestamp": 1786799254.2245843, "severity": "INFO", "name": "recommendationservice-server", "message": "[Recv ListRecommendations] product_ids=['L9ECAV7KIM', '66VCHSJNUP', '6E92ZMYYFZ', '0PUK6V6EV0']"}
2026-08-15T13:07:34.489918462Z {"timestamp": 1786799254.4893677, "severity": "INFO", "name": "recommendationservice-server", "message": "[Recv ListRecommendations] product_ids=['OLJCESPC7Z', '0PUK6V6EV0', 'LS4PSXUNUM', '6E92ZMYYFZ', '1YMWWN1N4O']"}
2026-08-15T13:07:34.491494736Z {"timestamp": 1786799254.4910398, "severity": "INFO", "name": "recommendationservice-server", "message": "[Recv ListRecommendations] product_ids=['OLJCESPC7Z', '66VCHSJNUP', '2ZYFJ3GM2N', 'LS4PSXUNUM', '0PUK6V6EV0']"}
2026-08-15T13:07:34.581070659Z {"timestamp": 1786799254.580487, "severity": "INFO", "name": "recommendationservice-server", "message": "[Recv ListRecommendations] product_ids=['66VCHSJNUP', '0PUK6V6EV0', 'LS4PSXUNUM', '9SIQT8TOJO', '1YMWWN1N4O']"}
2026-08-15T13:07:34.619589525Z {"timestamp": 1786799254.618824, "severity": "INFO", "name": "recommendationservice-server", "message": "[Recv ListRecommendations] product_ids=['L9ECAV7KIM', '9SIQT8TOJO', '1YMWWN1N4O', '6E92ZMYYFZ', 'LS4PSXUNUM']"}
2026-08-15T13:07:34.890989289Z {"timestamp": 1786799254.8897367, "severity": "INFO", "name": "recommendationservice-server", "message": "[Recv ListRecommendations] product_ids=['2ZYFJ3GM2N', 'LS4PSXUNUM', '1YMWWN1N4O', '66VCHSJNUP', '6E92ZMYYFZ']"}
2026-08-15T13:07:34.948745887Z {"timestamp": 1786799254.9476044, "severity": "INFO", "name": "recommendationservice-server", "message": "[Recv ListRecommendations] product_ids=['6E92ZMYYFZ', '9SIQT8TOJO']"}
2026-08-15T13:07:35.183909136Z {"timestamp": 1786799255.1833148, "severity": "INFO", "name": "recommendationservice-server", "message": "[Recv ListRecommendations] product_ids=['0PUK6V6EV0', '2ZYFJ3GM2N', '1YMWWN1N4O', 'LS4PSXUNUM', '9SIQT8TOJO']"}
2026-08-15T13:07:36.929980951Z {"timestamp": 1786799256.9291813, "severity": "INFO", "name": "recommendationservice-server", "message": "[Recv ListRecommendations] product_ids=['66VCHSJNUP', '9SIQT8TOJO', '6E92ZMYYFZ', '2ZYFJ3GM2N', 'LS4PSXUNUM']"}
2026-08-15T13:07:37.150378364Z {"timestamp": 1786799257.149813, "severity": "INFO", "name": "recommendationservice-server", "message": "[Recv ListRecommendations] product_ids=['2ZYFJ3GM2N', '66VCHSJNUP', '1YMWWN1N4O', 'OLJCESPC7Z', '6E92ZMYYFZ']"}
2026-08-15T13:07:37.337372178Z {"timestamp": 1786799257.3367097, "severity": "INFO", "name": "recommendationservice-server", "message": "[Recv ListRecommendations] product_ids=['1YMWWN1N4O', '66VCHSJNUP', '6E92ZMYYFZ', 'LS4PSXUNUM', '9SIQT8TOJO']"}
2026-08-15T13:07:37.810354871Z {"timestamp": 1786799257.8089535, "severity": "INFO", "name": "recommendationservice-server", "message": "[Recv ListRecommendations] product_ids=['66VCHSJNUP', '0PUK6V6EV0', 'OLJCESPC7Z', '6E92ZMYYFZ', 'L9ECAV7KIM']"}
2026-08-15T13:07:39.201606478Z {"timestamp": 1786799259.2011416, "severity": "INFO", "name": "recommendationservice-server", "message": "[Recv ListRecommendations] product_ids=['6E92ZMYYFZ', 'L9ECAV7KIM', '66VCHSJNUP', '0PUK6V6EV0']"}
2026-08-15T13:07:40.259095556Z {"timestamp": 1786799260.2575476, "severity": "INFO", "name": "recommendationservice-server", "message": "[Recv ListRecommendations] product_ids=['9SIQT8TOJO', '0PUK6V6EV0', '66VCHSJNUP', '2ZYFJ3GM2N', '1YMWWN1N4O']"}
2026-08-15T13:07:40.882285080Z {"timestamp": 1786799260.8812203, "severity": "INFO", "name": "recommendationservice-server", "message": "[Recv ListRecommendations] product_ids=['0PUK6V6EV0', '9SIQT8TOJO', 'LS4PSXUNUM', '2ZYFJ3GM2N', '6E92ZMYYFZ']"}
2026-08-15T13:07:41.102335141Z {"timestamp": 1786799261.101254, "severity": "INFO", "name": "recommendationservice-server", "message": "[Recv ListRecommendations] product_ids=['2ZYFJ3GM2N', '6E92ZMYYFZ', 'OLJCESPC7Z', '1YMWWN1N4O', 'LS4PSXUNUM']"}
2026-08-15T13:07:41.115796193Z {"timestamp": 1786799261.1139593, "severity": "INFO", "name": "recommendationservice-server", "message": "[Recv ListRecommendations] product_ids=['6E92ZMYYFZ', '1YMWWN1N4O', 'LS4PSXUNUM', '0PUK6V6EV0', 'OLJCESPC7Z']"}
2026-08-15T13:07:41.357367634Z {"timestamp": 1786799261.3559968, "severity": "INFO", "name": "recommendationservice-server", "message": "[Recv ListRecommendations] product_ids=['9SIQT8TOJO', '0PUK6V6EV0', '6E92ZMYYFZ', 'L9ECAV7KIM', 'LS4PSXUNUM']"}
2026-08-15T13:07:41.652662268Z {"timestamp": 1786799261.6516442, "severity": "INFO", "name": "recommendationservice-server", "message": "[Recv ListRecommendations] product_ids=['66VCHSJNUP', 'L9ECAV7KIM', 'LS4PSXUNUM', '1YMWWN1N4O', 'OLJCESPC7Z']"}
2026-08-15T13:07:41.756181299Z {"timestamp": 1786799261.7552319, "severity": "INFO", "name": "recommendationservice-server", "message": "[Recv ListRecommendations] product_ids=['6E92ZMYYFZ', '66VCHSJNUP', '2ZYFJ3GM2N', 'OLJCESPC7Z', 'LS4PSXUNUM']"}
2026-08-15T13:07:41.850029215Z {"timestamp": 1786799261.848921, "severity": "INFO", "name": "recommendationservice-server", "message": "[Recv ListRecommendations] product_ids=['OLJCESPC7Z', '66VCHSJNUP', 'LS4PSXUNUM', '0PUK6V6EV0', '1YMWWN1N4O']"}
2026-08-15T13:07:42.548864457Z {"timestamp": 1786799262.5478415, "severity": "INFO", "name": "recommendationservice-server", "message": "[Recv ListRecommendations] product_ids=['9SIQT8TOJO', 'OLJCESPC7Z', 'LS4PSXUNUM', '2ZYFJ3GM2N', '66VCHSJNUP']"}
2026-08-15T13:07:42.580499503Z {"timestamp": 1786799262.579498, "severity": "INFO", "name": "recommendationservice-server", "message": "[Recv ListRecommendations] product_ids=['LS4PSXUNUM', '1YMWWN1N4O', '9SIQT8TOJO', '2ZYFJ3GM2N', 'L9ECAV7KIM']"}
2026-08-15T13:07:43.460700948Z {"timestamp": 1786799263.4603179, "severity": "INFO", "name": "recommendationservice-server", "message": "[Recv ListRecommendations] product_ids=['1YMWWN1N4O', '2ZYFJ3GM2N', 'LS4PSXUNUM', '6E92ZMYYFZ', '0PUK6V6EV0']"}
2026-08-15T13:07:43.753478092Z {"timestamp": 1786799263.752712, "severity": "INFO", "name": "recommendationservice-server", "message": "[Recv ListRecommendations] product_ids=['6E92ZMYYFZ', 'LS4PSXUNUM', '9SIQT8TOJO', '1YMWWN1N4O', 'OLJCESPC7Z']"}
2026-08-15T13:07:43.774812951Z {"timestamp": 1786799263.7739978, "severity": "INFO", "name": "recommendationservice-server", "message": "[Recv ListRecommendations] product_ids=['0PUK6V6EV0', '66VCHSJNUP', '6E92ZMYYFZ', '9SIQT8TOJO', '2ZYFJ3GM2N']"}
2026-08-15T13:07:44.447478577Z {"timestamp": 1786799264.4465659, "severity": "INFO", "name": "recommendationservice-server", "message": "[Recv ListRecommendations] product_ids=['6E92ZMYYFZ', '1YMWWN1N4O', 'L9ECAV7KIM', '2ZYFJ3GM2N', '66VCHSJNUP']"}
2026-08-15T13:07:44.608913583Z {"timestamp": 1786799264.6075623, "severity": "INFO", "name": "recommendationservice-server", "message": "[Recv ListRecommendations] product_ids=['6E92ZMYYFZ', '66VCHSJNUP', 'OLJCESPC7Z', '2ZYFJ3GM2N', '1YMWWN1N4O']"}
2026-08-15T13:07:44.926567593Z {"timestamp": 1786799264.9254572, "severity": "INFO", "name": "recommendationservice-server", "message": "[Recv ListRecommendations] product_ids=['LS4PSXUNUM', '0PUK6V6EV0', '2ZYFJ3GM2N', '6E92ZMYYFZ', '1YMWWN1N4O']"}
2026-08-15T13:07:44.958650291Z {"timestamp": 1786799264.9575589, "severity": "INFO", "name": "recommendationservice-server", "message": "[Recv ListRecommendations] product_ids=['6E92ZMYYFZ', '0PUK6V6EV0', '2ZYFJ3GM2N', 'L9ECAV7KIM', '66VCHSJNUP']"}
2026-08-15T13:07:45.939788069Z {"timestamp": 1786799265.938352, "severity": "INFO", "name": "recommendationservice-server", "message": "[Recv ListRecommendations] product_ids=['66VCHSJNUP', '2ZYFJ3GM2N', 'OLJCESPC7Z', '1YMWWN1N4O', 'L9ECAV7KIM']"}
2026-08-15T13:07:46.283494382Z {"timestamp": 1786799266.2821827, "severity": "INFO", "name": "recommendationservice-server", "message": "[Recv ListRecommendations] product_ids=['66VCHSJNUP', '1YMWWN1N4O', '0PUK6V6EV0', 'L9ECAV7KIM', '9SIQT8TOJO']"}
2026-08-15T13:07:46.288701682Z {"timestamp": 1786799266.2872899, "severity": "INFO", "name": "recommendationservice-server", "message": "[Recv ListRecommendations] product_ids=['6E92ZMYYFZ', 'L9ECAV7KIM', '2ZYFJ3GM2N', '66VCHSJNUP', '1YMWWN1N4O']"}
2026-08-15T13:07:46.968070316Z {"timestamp": 1786799266.967079, "severity": "INFO", "name": "recommendationservice-server", "message": "[Recv ListRecommendations] product_ids=['2ZYFJ3GM2N', 'OLJCESPC7Z', '66VCHSJNUP', 'L9ECAV7KIM', '9SIQT8TOJO']"}
2026-08-15T13:07:46.972568717Z {"timestamp": 1786799266.971697, "severity": "INFO", "name": "recommendationservice-server", "message": "[Recv ListRecommendations] product_ids=['OLJCESPC7Z', '2ZYFJ3GM2N', '6E92ZMYYFZ', '66VCHSJNUP', '9SIQT8TOJO']"}
2026-08-15T13:07:47.008716144Z {"timestamp": 1786799267.0081158, "severity": "INFO", "name": "recommendationservice-server", "message": "[Recv ListRecommendations] product_ids=['9SIQT8TOJO', 'OLJCESPC7Z', 'L9ECAV7KIM', 'LS4PSXUNUM', '1YMWWN1N4O']"}
2026-08-15T13:07:47.273428833Z {"timestamp": 1786799267.2713542, "severity": "INFO", "name": "recommendationservice-server", "message": "[Recv ListRecommendations] product_ids=['66VCHSJNUP', 'L9ECAV7KIM', '9SIQT8TOJO', 'OLJCESPC7Z', '0PUK6V6EV0']"}
2026-08-15T13:07:48.679320950Z {"timestamp": 1786799268.6783898, "severity": "INFO", "name": "recommendationservice-server", "message": "[Recv ListRecommendations] product_ids=['9SIQT8TOJO', 'L9ECAV7KIM', 'OLJCESPC7Z', '2ZYFJ3GM2N', '0PUK6V6EV0']"}
2026-08-15T13:07:48.997862036Z {"timestamp": 1786799268.9965315, "severity": "INFO", "name": "recommendationservice-server", "message": "[Recv ListRecommendations] product_ids=['1YMWWN1N4O', '0PUK6V6EV0', 'LS4PSXUNUM', 'OLJCESPC7Z', '66VCHSJNUP']"}
2026-08-15T13:07:49.045172506Z {"timestamp": 1786799269.044578, "severity": "INFO", "name": "recommendationservice-server", "message": "[Recv ListRecommendations] product_ids=['1YMWWN1N4O', '0PUK6V6EV0', 'LS4PSXUNUM', 'L9ECAV7KIM', '9SIQT8TOJO']"}
2026-08-15T13:07:49.307679150Z {"timestamp": 1786799269.306967, "severity": "INFO", "name": "recommendationservice-server", "message": "[Recv ListRecommendations] product_ids=['9SIQT8TOJO', '6E92ZMYYFZ', '0PUK6V6EV0', '2ZYFJ3GM2N', 'L9ECAV7KIM']"}
2026-08-15T13:07:49.603961856Z {"timestamp": 1786799269.6031134, "severity": "INFO", "name": "recommendationservice-server", "message": "[Recv ListRecommendations] product_ids=['0PUK6V6EV0', '2ZYFJ3GM2N', '66VCHSJNUP', 'LS4PSXUNUM', '9SIQT8TOJO']"}
2026-08-15T13:07:49.638930451Z {"timestamp": 1786799269.6381798, "severity": "INFO", "name": "recommendationservice-server", "message": "[Recv ListRecommendations] product_ids=['LS4PSXUNUM', '9SIQT8TOJO', 'L9ECAV7KIM', '0PUK6V6EV0', '2ZYFJ3GM2N']"}
2026-08-15T13:07:49.916306851Z {"timestamp": 1786799269.9156501, "severity": "INFO", "name": "recommendationservice-server", "message": "[Recv ListRecommendations] product_ids=['9SIQT8TOJO', '1YMWWN1N4O', '66VCHSJNUP', '0PUK6V6EV0', 'L9ECAV7KIM']"}
2026-08-15T13:07:50.139624729Z {"timestamp": 1786799270.1386728, "severity": "INFO", "name": "recommendationservice-server", "message": "[Recv ListRecommendations] product_ids=['LS4PSXUNUM', '1YMWWN1N4O', 'OLJCESPC7Z', 'L9ECAV7KIM', '0PUK6V6EV0']"}
2026-08-15T13:07:50.198793720Z {"timestamp": 1786799270.1978877, "severity": "INFO", "name": "recommendationservice-server", "message": "[Recv ListRecommendations] product_ids=['66VCHSJNUP', '1YMWWN1N4O', '2ZYFJ3GM2N', '0PUK6V6EV0', 'L9ECAV7KIM']"}
2026-08-15T13:07:51.271128979Z {"timestamp": 1786799271.2694952, "severity": "INFO", "name": "recommendationservice-server", "message": "[Recv ListRecommendations] product_ids=['6E92ZMYYFZ', '9SIQT8TOJO', '0PUK6V6EV0', '2ZYFJ3GM2N', '1YMWWN1N4O']"}
2026-08-15T13:07:51.395205601Z {"timestamp": 1786799271.3943436, "severity": "INFO", "name": "recommendationservice-server", "message": "[Recv ListRecommendations] product_ids=['0PUK6V6EV0', 'L9ECAV7KIM', '6E92ZMYYFZ', '1YMWWN1N4O', 'LS4PSXUNUM']"}
2026-08-15T13:07:51.440137106Z {"timestamp": 1786799271.4396086, "severity": "INFO", "name": "recommendationservice-server", "message": "[Recv ListRecommendations] product_ids=['2ZYFJ3GM2N', 'OLJCESPC7Z', '66VCHSJNUP', '1YMWWN1N4O', 'L9ECAV7KIM']"}
2026-08-15T13:07:51.602843732Z {"timestamp": 1786799271.6016572, "severity": "INFO", "name": "recommendationservice-server", "message": "[Recv ListRecommendations] product_ids=['6E92ZMYYFZ', 'L9ECAV7KIM', '0PUK6V6EV0']"}
2026-08-15T13:07:51.736612134Z {"timestamp": 1786799271.7356153, "severity": "INFO", "name": "recommendationservice-server", "message": "[Recv ListRecommendations] product_ids=['LS4PSXUNUM', '66VCHSJNUP', '6E92ZMYYFZ', '1YMWWN1N4O', '0PUK6V6EV0']"}
2026-08-15T13:07:52.112951858Z {"timestamp": 1786799272.1121209, "severity": "INFO", "name": "recommendationservice-server", "message": "[Recv ListRecommendations] product_ids=['1YMWWN1N4O', '6E92ZMYYFZ', '0PUK6V6EV0', 'OLJCESPC7Z', '9SIQT8TOJO']"}
2026-08-15T13:07:52.474167098Z {"timestamp": 1786799272.473758, "severity": "INFO", "name": "recommendationservice-server", "message": "[Recv ListRecommendations] product_ids=['66VCHSJNUP', 'LS4PSXUNUM', '9SIQT8TOJO', '2ZYFJ3GM2N', 'OLJCESPC7Z']"}
2026-08-15T13:07:53.247478045Z {"timestamp": 1786799273.2469893, "severity": "INFO", "name": "recommendationservice-server", "message": "[Recv ListRecommendations] product_ids=['1YMWWN1N4O', '0PUK6V6EV0', '6E92ZMYYFZ', 'OLJCESPC7Z', '66VCHSJNUP']"}
2026-08-15T13:07:53.267997131Z {"timestamp": 1786799273.2664323, "severity": "INFO", "name": "recommendationservice-server", "message": "[Recv ListRecommendations] product_ids=['1YMWWN1N4O', 'L9ECAV7KIM', 'LS4PSXUNUM', '0PUK6V6EV0', '6E92ZMYYFZ']"}
2026-08-15T13:07:53.476789090Z {"timestamp": 1786799273.476393, "severity": "INFO", "name": "recommendationservice-server", "message": "[Recv ListRecommendations] product_ids=['9SIQT8TOJO', 'L9ECAV7KIM', '66VCHSJNUP', 'OLJCESPC7Z', '6E92ZMYYFZ']"}
2026-08-15T13:07:53.593243563Z {"timestamp": 1786799273.5896242, "severity": "INFO", "name": "recommendationservice-server", "message": "[Recv ListRecommendations] product_ids=['66VCHSJNUP', '1YMWWN1N4O', 'LS4PSXUNUM', '6E92ZMYYFZ', 'L9ECAV7KIM']"}
2026-08-15T13:07:54.673272079Z {"timestamp": 1786799274.6720643, "severity": "INFO", "name": "recommendationservice-server", "message": "[Recv ListRecommendations] product_ids=['LS4PSXUNUM', '6E92ZMYYFZ', '9SIQT8TOJO', 'L9ECAV7KIM', '0PUK6V6EV0']"}
2026-08-15T13:07:54.976414884Z {"timestamp": 1786799274.9753275, "severity": "INFO", "name": "recommendationservice-server", "message": "[Recv ListRecommendations] product_ids=['OLJCESPC7Z', 'LS4PSXUNUM', 'L9ECAV7KIM', '0PUK6V6EV0', '9SIQT8TOJO']"}
2026-08-15T13:07:55.032377151Z {"timestamp": 1786799275.0311365, "severity": "INFO", "name": "recommendationservice-server", "message": "[Recv ListRecommendations] product_ids=['6E92ZMYYFZ', '0PUK6V6EV0', '66VCHSJNUP', '2ZYFJ3GM2N', '1YMWWN1N4O']"}
2026-08-15T13:07:55.290920657Z {"timestamp": 1786799275.2894444, "severity": "INFO", "name": "recommendationservice-server", "message": "[Recv ListRecommendations] product_ids=['9SIQT8TOJO', '6E92ZMYYFZ', 'OLJCESPC7Z', '1YMWWN1N4O', '66VCHSJNUP']"}
2026-08-15T13:07:55.375280701Z {"timestamp": 1786799275.3738256, "severity": "INFO", "name": "recommendationservice-server", "message": "[Recv ListRecommendations] product_ids=['0PUK6V6EV0', '6E92ZMYYFZ', '2ZYFJ3GM2N', 'OLJCESPC7Z', '66VCHSJNUP']"}
2026-08-15T13:07:55.388010636Z {"timestamp": 1786799275.3788028, "severity": "INFO", "name": "recommendationservice-server", "message": "[Recv ListRecommendations] product_ids=['LS4PSXUNUM', 'L9ECAV7KIM', '2ZYFJ3GM2N', '9SIQT8TOJO', '1YMWWN1N4O']"}
2026-08-15T13:07:55.427358661Z {"timestamp": 1786799275.3792758, "severity": "INFO", "name": "recommendationservice-server", "message": "[Recv ListRecommendations] product_ids=['OLJCESPC7Z', '6E92ZMYYFZ', '2ZYFJ3GM2N', 'LS4PSXUNUM', '1YMWWN1N4O']"}
2026-08-15T13:07:56.023551966Z {"timestamp": 1786799276.0231266, "severity": "INFO", "name": "recommendationservice-server", "message": "[Recv ListRecommendations] product_ids=['1YMWWN1N4O', '9SIQT8TOJO', '2ZYFJ3GM2N', 'L9ECAV7KIM', 'LS4PSXUNUM']"}
2026-08-15T13:07:56.269357536Z {"timestamp": 1786799276.2681766, "severity": "INFO", "name": "recommendationservice-server", "message": "[Recv ListRecommendations] product_ids=['LS4PSXUNUM', '6E92ZMYYFZ', 'L9ECAV7KIM', '66VCHSJNUP', '2ZYFJ3GM2N']"}
2026-08-15T13:07:56.647593991Z {"timestamp": 1786799276.647158, "severity": "INFO", "name": "recommendationservice-server", "message": "[Recv ListRecommendations] product_ids=['9SIQT8TOJO', 'LS4PSXUNUM', '66VCHSJNUP', 'L9ECAV7KIM', '2ZYFJ3GM2N']"}
2026-08-15T13:07:56.901714233Z {"timestamp": 1786799276.9002569, "severity": "INFO", "name": "recommendationservice-server", "message": "[Recv ListRecommendations] product_ids=['0PUK6V6EV0', 'LS4PSXUNUM', 'L9ECAV7KIM', '1YMWWN1N4O', '6E92ZMYYFZ']"}
2026-08-15T13:07:57.655011596Z {"timestamp": 1786799277.6536577, "severity": "INFO", "name": "recommendationservice-server", "message": "[Recv ListRecommendations] product_ids=['9SIQT8TOJO', '0PUK6V6EV0', '1YMWWN1N4O', 'OLJCESPC7Z', 'LS4PSXUNUM']"}
2026-08-15T13:07:59.529322699Z {"timestamp": 1786799279.5280037, "severity": "INFO", "name": "recommendationservice-server", "message": "[Recv ListRecommendations] product_ids=['1YMWWN1N4O', '0PUK6V6EV0', '2ZYFJ3GM2N', 'LS4PSXUNUM', '6E92ZMYYFZ']"}
2026-08-15T13:07:59.684864106Z {"timestamp": 1786799279.6830933, "severity": "INFO", "name": "recommendationservice-server", "message": "[Recv ListRecommendations] product_ids=['OLJCESPC7Z', '1YMWWN1N4O', '9SIQT8TOJO', '6E92ZMYYFZ', '66VCHSJNUP']"}
2026-08-15T13:08:00.042058054Z {"timestamp": 1786799280.0406961, "severity": "INFO", "name": "recommendationservice-server", "message": "[Recv ListRecommendations] product_ids=['0PUK6V6EV0', '6E92ZMYYFZ', '1YMWWN1N4O', '2ZYFJ3GM2N', '9SIQT8TOJO']"}
2026-08-15T13:08:00.046963868Z {"timestamp": 1786799280.0462422, "severity": "INFO", "name": "recommendationservice-server", "message": "[Recv ListRecommendations] product_ids=['6E92ZMYYFZ', '66VCHSJNUP', 'LS4PSXUNUM', 'L9ECAV7KIM', '0PUK6V6EV0']"}
2026-08-15T13:08:00.127951359Z {"timestamp": 1786799280.1275778, "severity": "INFO", "name": "recommendationservice-server", "message": "[Recv ListRecommendations] product_ids=['2ZYFJ3GM2N', '1YMWWN1N4O', '6E92ZMYYFZ', 'LS4PSXUNUM', '0PUK6V6EV0']"}
2026-08-15T13:08:00.229553211Z {"timestamp": 1786799280.228413, "severity": "INFO", "name": "recommendationservice-server", "message": "[Recv ListRecommendations] product_ids=['1YMWWN1N4O', '0PUK6V6EV0', '9SIQT8TOJO', '6E92ZMYYFZ', '66VCHSJNUP']"}
2026-08-15T13:08:00.368433371Z {"timestamp": 1786799280.367449, "severity": "INFO", "name": "recommendationservice-server", "message": "[Recv ListRecommendations] product_ids=['LS4PSXUNUM', '0PUK6V6EV0', '2ZYFJ3GM2N', '1YMWWN1N4O', '9SIQT8TOJO']"}
2026-08-15T13:08:00.372906140Z {"timestamp": 1786799280.3720198, "severity": "INFO", "name": "recommendationservice-server", "message": "[Recv ListRecommendations] product_ids=['OLJCESPC7Z', '6E92ZMYYFZ', '0PUK6V6EV0', '1YMWWN1N4O', '9SIQT8TOJO']"}
2026-08-15T13:08:00.430561085Z {"timestamp": 1786799280.4294581, "severity": "INFO", "name": "recommendationservice-server", "message": "[Recv ListRecommendations] product_ids=['OLJCESPC7Z', '2ZYFJ3GM2N', 'LS4PSXUNUM', '0PUK6V6EV0', '6E92ZMYYFZ']"}
2026-08-15T13:08:00.881504862Z {"timestamp": 1786799280.8803787, "severity": "INFO", "name": "recommendationservice-server", "message": "[Recv ListRecommendations] product_ids=['OLJCESPC7Z', '9SIQT8TOJO', '66VCHSJNUP', '6E92ZMYYFZ', 'L9ECAV7KIM']"}
2026-08-15T13:08:00.930271474Z {"timestamp": 1786799280.929009, "severity": "INFO", "name": "recommendationservice-server", "message": "[Recv ListRecommendations] product_ids=['LS4PSXUNUM', '2ZYFJ3GM2N', 'OLJCESPC7Z', '66VCHSJNUP', '1YMWWN1N4O']"}
2026-08-15T13:08:01.278767011Z {"timestamp": 1786799281.2776399, "severity": "INFO", "name": "recommendationservice-server", "message": "[Recv ListRecommendations] product_ids=['LS4PSXUNUM', '6E92ZMYYFZ', '9SIQT8TOJO', '66VCHSJNUP', '1YMWWN1N4O']"}
2026-08-15T13:08:01.461188336Z {"timestamp": 1786799281.459829, "severity": "INFO", "name": "recommendationservice-server", "message": "[Recv ListRecommendations] product_ids=['L9ECAV7KIM', 'OLJCESPC7Z', '9SIQT8TOJO', '66VCHSJNUP', '1YMWWN1N4O']"}
2026-08-15T13:08:01.489708926Z {"timestamp": 1786799281.4884439, "severity": "INFO", "name": "recommendationservice-server", "message": "[Recv ListRecommendations] product_ids=['6E92ZMYYFZ', '2ZYFJ3GM2N', 'OLJCESPC7Z', 'LS4PSXUNUM', 'L9ECAV7KIM']"}
2026-08-15T13:08:03.167671423Z {"timestamp": 1786799283.1672924, "severity": "INFO", "name": "recommendationservice-server", "message": "[Recv ListRecommendations] product_ids=['9SIQT8TOJO', '6E92ZMYYFZ', 'L9ECAV7KIM', '1YMWWN1N4O', '2ZYFJ3GM2N']"}
2026-08-15T13:08:03.641818280Z {"timestamp": 1786799283.6414943, "severity": "INFO", "name": "recommendationservice-server", "message": "[Recv ListRecommendations] product_ids=['LS4PSXUNUM', '6E92ZMYYFZ', '2ZYFJ3GM2N', 'L9ECAV7KIM', '1YMWWN1N4O']"}
2026-08-15T13:08:03.774625989Z {"timestamp": 1786799283.7730525, "severity": "INFO", "name": "recommendationservice-server", "message": "[Recv ListRecommendations] product_ids=['6E92ZMYYFZ', 'L9ECAV7KIM', '66VCHSJNUP', 'LS4PSXUNUM', '0PUK6V6EV0']"}
2026-08-15T13:08:03.864113062Z {"timestamp": 1786799283.8628957, "severity": "INFO", "name": "recommendationservice-server", "message": "[Recv ListRecommendations] product_ids=['LS4PSXUNUM', '2ZYFJ3GM2N', '0PUK6V6EV0', '1YMWWN1N4O', 'OLJCESPC7Z']"}
2026-08-15T13:08:04.374661432Z {"timestamp": 1786799284.3741481, "severity": "INFO", "name": "recommendationservice-server", "message": "[Recv ListRecommendations] product_ids=['9SIQT8TOJO', '6E92ZMYYFZ', '0PUK6V6EV0', '1YMWWN1N4O', 'LS4PSXUNUM']"}
2026-08-15T13:08:04.996822691Z {"timestamp": 1786799284.9964583, "severity": "INFO", "name": "recommendationservice-server", "message": "[Recv ListRecommendations] product_ids=['2ZYFJ3GM2N', '66VCHSJNUP', '9SIQT8TOJO', '1YMWWN1N4O', 'OLJCESPC7Z']"}
2026-08-15T13:08:05.058385638Z {"timestamp": 1786799285.058025, "severity": "INFO", "name": "recommendationservice-server", "message": "[Recv ListRecommendations] product_ids=['LS4PSXUNUM', '66VCHSJNUP', '9SIQT8TOJO', '1YMWWN1N4O', '0PUK6V6EV0']"}
2026-08-15T13:08:05.187100319Z {"timestamp": 1786799285.1860032, "severity": "INFO", "name": "recommendationservice-server", "message": "[Recv ListRecommendations] product_ids=['6E92ZMYYFZ', 'LS4PSXUNUM', 'L9ECAV7KIM', '66VCHSJNUP', '0PUK6V6EV0']"}
2026-08-15T13:08:05.769004362Z {"timestamp": 1786799285.763756, "severity": "INFO", "name": "recommendationservice-server", "message": "[Recv ListRecommendations] product_ids=['6E92ZMYYFZ', '66VCHSJNUP', 'LS4PSXUNUM', '0PUK6V6EV0', '9SIQT8TOJO']"}
2026-08-15T13:08:05.840726473Z {"timestamp": 1786799285.837447, "severity": "INFO", "name": "recommendationservice-server", "message": "[Recv ListRecommendations] product_ids=['6E92ZMYYFZ', '0PUK6V6EV0', '66VCHSJNUP', '9SIQT8TOJO', '1YMWWN1N4O']"}
2026-08-15T13:08:06.305184816Z {"timestamp": 1786799286.3041542, "severity": "INFO", "name": "recommendationservice-server", "message": "[Recv ListRecommendations] product_ids=['L9ECAV7KIM', 'LS4PSXUNUM', 'OLJCESPC7Z', '0PUK6V6EV0', '9SIQT8TOJO']"}
2026-08-15T13:08:06.437741199Z {"timestamp": 1786799286.4368505, "severity": "INFO", "name": "recommendationservice-server", "message": "[Recv ListRecommendations] product_ids=['9SIQT8TOJO', 'LS4PSXUNUM', '2ZYFJ3GM2N', '1YMWWN1N4O', '0PUK6V6EV0']"}
2026-08-15T13:08:06.751971709Z {"timestamp": 1786799286.7507386, "severity": "INFO", "name": "recommendationservice-server", "message": "[Recv ListRecommendations] product_ids=['1YMWWN1N4O', '9SIQT8TOJO', 'OLJCESPC7Z', '2ZYFJ3GM2N', '66VCHSJNUP']"}
2026-08-15T13:08:06.928083153Z {"timestamp": 1786799286.927586, "severity": "INFO", "name": "recommendationservice-server", "message": "[Recv ListRecommendations] product_ids=['2ZYFJ3GM2N', '6E92ZMYYFZ', '66VCHSJNUP', 'OLJCESPC7Z', 'L9ECAV7KIM']"}
2026-08-15T13:08:06.935773158Z {"timestamp": 1786799286.9354262, "severity": "INFO", "name": "recommendationservice-server", "message": "[Recv ListRecommendations] product_ids=['66VCHSJNUP', '6E92ZMYYFZ', 'L9ECAV7KIM', 'OLJCESPC7Z', '2ZYFJ3GM2N']"}
2026-08-15T13:08:07.206241385Z {"timestamp": 1786799287.2049973, "severity": "INFO", "name": "recommendationservice-server", "message": "[Recv ListRecommendations] product_ids=['L9ECAV7KIM', '0PUK6V6EV0', 'LS4PSXUNUM', '1YMWWN1N4O', '2ZYFJ3GM2N']"}
2026-08-15T13:08:07.282854708Z {"timestamp": 1786799287.2813218, "severity": "INFO", "name": "recommendationservice-server", "message": "[Recv ListRecommendations] product_ids=['L9ECAV7KIM', '66VCHSJNUP', '6E92ZMYYFZ', 'OLJCESPC7Z', '0PUK6V6EV0']"}
2026-08-15T13:08:07.287790025Z {"timestamp": 1786799287.2854972, "severity": "INFO", "name": "recommendationservice-server", "message": "[Recv ListRecommendations] product_ids=['9SIQT8TOJO', '6E92ZMYYFZ']"}
2026-08-15T13:08:07.375393300Z {"timestamp": 1786799287.374139, "severity": "INFO", "name": "recommendationservice-server", "message": "[Recv ListRecommendations] product_ids=['6E92ZMYYFZ', 'LS4PSXUNUM', '0PUK6V6EV0', 'L9ECAV7KIM', '9SIQT8TOJO']"}
2026-08-15T13:08:07.721787078Z {"timestamp": 1786799287.7204819, "severity": "INFO", "name": "recommendationservice-server", "message": "[Recv ListRecommendations] product_ids=['1YMWWN1N4O', 'LS4PSXUNUM', '9SIQT8TOJO', '2ZYFJ3GM2N', 'L9ECAV7KIM']"}
2026-08-15T13:08:07.745000209Z {"timestamp": 1786799287.7439582, "severity": "INFO", "name": "recommendationservice-server", "message": "[Recv ListRecommendations] product_ids=['66VCHSJNUP', '2ZYFJ3GM2N', '9SIQT8TOJO', 'LS4PSXUNUM', 'OLJCESPC7Z']"}
2026-08-15T13:08:08.028572508Z {"timestamp": 1786799288.0275977, "severity": "INFO", "name": "recommendationservice-server", "message": "[Recv ListRecommendations] product_ids=['6E92ZMYYFZ', '9SIQT8TOJO', '1YMWWN1N4O', '2ZYFJ3GM2N', 'L9ECAV7KIM']"}
2026-08-15T13:08:08.665806946Z {"timestamp": 1786799288.6645408, "severity": "INFO", "name": "recommendationservice-server", "message": "[Recv ListRecommendations] product_ids=['L9ECAV7KIM', '66VCHSJNUP', 'OLJCESPC7Z', '2ZYFJ3GM2N', '0PUK6V6EV0']"}
2026-08-15T13:08:08.725687617Z {"timestamp": 1786799288.72462, "severity": "INFO", "name": "recommendationservice-server", "message": "[Recv ListRecommendations] product_ids=['9SIQT8TOJO', '66VCHSJNUP', 'OLJCESPC7Z', '2ZYFJ3GM2N', '1YMWWN1N4O']"}
2026-08-15T13:08:10.494752092Z {"timestamp": 1786799290.4937756, "severity": "INFO", "name": "recommendationservice-server", "message": "[Recv ListRecommendations] product_ids=['OLJCESPC7Z', '2ZYFJ3GM2N', 'LS4PSXUNUM', '1YMWWN1N4O', '66VCHSJNUP']"}
2026-08-15T13:08:11.148523404Z {"timestamp": 1786799291.1472607, "severity": "INFO", "name": "recommendationservice-server", "message": "[Recv ListRecommendations] product_ids=['L9ECAV7KIM', '66VCHSJNUP', '1YMWWN1N4O', '0PUK6V6EV0', 'LS4PSXUNUM']"}
2026-08-15T13:08:11.819790513Z {"timestamp": 1786799291.8185036, "severity": "INFO", "name": "recommendationservice-server", "message": "[Recv ListRecommendations] product_ids=['2ZYFJ3GM2N', '9SIQT8TOJO', '0PUK6V6EV0', '1YMWWN1N4O', 'LS4PSXUNUM']"}
2026-08-15T13:08:13.297002697Z {"timestamp": 1786799293.2963772, "severity": "INFO", "name": "recommendationservice-server", "message": "[Recv ListRecommendations] product_ids=['LS4PSXUNUM', 'L9ECAV7KIM', '0PUK6V6EV0', '6E92ZMYYFZ', '1YMWWN1N4O']"}
2026-08-15T13:08:13.526439089Z {"timestamp": 1786799293.5257423, "severity": "INFO", "name": "recommendationservice-server", "message": "[Recv ListRecommendations] product_ids=['66VCHSJNUP', 'LS4PSXUNUM', '2ZYFJ3GM2N', 'L9ECAV7KIM', '1YMWWN1N4O']"}
2026-08-15T13:08:14.854728530Z {"timestamp": 1786799294.853667, "severity": "INFO", "name": "recommendationservice-server", "message": "[Recv ListRecommendations] product_ids=['OLJCESPC7Z', 'LS4PSXUNUM', 'L9ECAV7KIM', '6E92ZMYYFZ', '66VCHSJNUP']"}
2026-08-15T13:08:15.602943818Z {"timestamp": 1786799295.602248, "severity": "INFO", "name": "recommendationservice-server", "message": "[Recv ListRecommendations] product_ids=['0PUK6V6EV0', 'L9ECAV7KIM', 'LS4PSXUNUM', '66VCHSJNUP', '9SIQT8TOJO']"}
2026-08-15T13:08:17.134879477Z {"timestamp": 1786799297.1341894, "severity": "INFO", "name": "recommendationservice-server", "message": "[Recv ListRecommendations] product_ids=['OLJCESPC7Z', '9SIQT8TOJO', '2ZYFJ3GM2N', 'L9ECAV7KIM', '66VCHSJNUP']"}
2026-08-15T13:08:17.553047840Z {"timestamp": 1786799297.55161, "severity": "INFO", "name": "recommendationservice-server", "message": "[Recv ListRecommendations] product_ids=['6E92ZMYYFZ', '9SIQT8TOJO', '0PUK6V6EV0', '66VCHSJNUP', 'LS4PSXUNUM']"}
2026-08-15T13:08:18.801624115Z {"timestamp": 1786799298.8003764, "severity": "INFO", "name": "recommendationservice-server", "message": "[Recv ListRecommendations] product_ids=['6E92ZMYYFZ', '0PUK6V6EV0', '9SIQT8TOJO', 'LS4PSXUNUM', '66VCHSJNUP']"}
2026-08-15T13:08:20.960402099Z {"timestamp": 1786799300.9591599, "severity": "INFO", "name": "recommendationservice-server", "message": "[Recv ListRecommendations] product_ids=['OLJCESPC7Z', 'L9ECAV7KIM', '1YMWWN1N4O', 'LS4PSXUNUM', '0PUK6V6EV0']"}
2026-08-15T13:08:21.167255994Z {"timestamp": 1786799301.1659737, "severity": "INFO", "name": "recommendationservice-server", "message": "[Recv ListRecommendations] product_ids=['LS4PSXUNUM', '1YMWWN1N4O', 'L9ECAV7KIM', 'OLJCESPC7Z', '9SIQT8TOJO']"}
2026-08-15T13:08:21.397211477Z {"timestamp": 1786799301.396136, "severity": "INFO", "name": "recommendationservice-server", "message": "[Recv ListRecommendations] product_ids=['1YMWWN1N4O', '9SIQT8TOJO', 'LS4PSXUNUM', '6E92ZMYYFZ', '0PUK6V6EV0']"}
2026-08-15T13:08:21.702235171Z {"timestamp": 1786799301.7014117, "severity": "INFO", "name": "recommendationservice-server", "message": "[Recv ListRecommendations] product_ids=['0PUK6V6EV0', '1YMWWN1N4O', 'LS4PSXUNUM', '9SIQT8TOJO', '2ZYFJ3GM2N']"}
2026-08-15T13:08:21.792092683Z {"timestamp": 1786799301.791104, "severity": "INFO", "name": "recommendationservice-server", "message": "[Recv ListRecommendations] product_ids=['LS4PSXUNUM', 'L9ECAV7KIM', 'OLJCESPC7Z', '9SIQT8TOJO', '66VCHSJNUP']"}
2026-08-15T13:08:22.376906581Z {"timestamp": 1786799302.3765168, "severity": "INFO", "name": "recommendationservice-server", "message": "[Recv ListRecommendations] product_ids=['6E92ZMYYFZ', 'LS4PSXUNUM', '66VCHSJNUP', '9SIQT8TOJO', '1YMWWN1N4O']"}
2026-08-15T13:08:22.665450614Z {"timestamp": 1786799302.665204, "severity": "INFO", "name": "recommendationservice-server", "message": "[Recv ListRecommendations] product_ids=['LS4PSXUNUM', '66VCHSJNUP', '0PUK6V6EV0', '9SIQT8TOJO', '2ZYFJ3GM2N']"}
2026-08-15T13:08:23.092267345Z {"timestamp": 1786799303.0919719, "severity": "INFO", "name": "recommendationservice-server", "message": "[Recv ListRecommendations] product_ids=['LS4PSXUNUM', 'L9ECAV7KIM', '2ZYFJ3GM2N', '6E92ZMYYFZ', '9SIQT8TOJO']"}
2026-08-15T13:08:23.379069713Z {"timestamp": 1786799303.3785298, "severity": "INFO", "name": "recommendationservice-server", "message": "[Recv ListRecommendations] product_ids=['9SIQT8TOJO', '66VCHSJNUP', '2ZYFJ3GM2N', 'L9ECAV7KIM', 'LS4PSXUNUM']"}
2026-08-15T13:08:23.786116071Z {"timestamp": 1786799303.7848063, "severity": "INFO", "name": "recommendationservice-server", "message": "[Recv ListRecommendations] product_ids=['2ZYFJ3GM2N', 'OLJCESPC7Z', '66VCHSJNUP', '9SIQT8TOJO', 'LS4PSXUNUM']"}
2026-08-15T13:08:24.128887441Z {"timestamp": 1786799304.1283374, "severity": "INFO", "name": "recommendationservice-server", "message": "[Recv ListRecommendations] product_ids=['2ZYFJ3GM2N', '9SIQT8TOJO', 'L9ECAV7KIM', '0PUK6V6EV0', '66VCHSJNUP']"}
2026-08-15T13:08:24.455743303Z {"timestamp": 1786799304.4544368, "severity": "INFO", "name": "recommendationservice-server", "message": "[Recv ListRecommendations] product_ids=['2ZYFJ3GM2N', 'L9ECAV7KIM', '0PUK6V6EV0', '9SIQT8TOJO', 'OLJCESPC7Z']"}
2026-08-15T13:08:24.534496664Z {"timestamp": 1786799304.5330048, "severity": "INFO", "name": "recommendationservice-server", "message": "[Recv ListRecommendations] product_ids=['6E92ZMYYFZ', '2ZYFJ3GM2N', 'LS4PSXUNUM', 'L9ECAV7KIM', '9SIQT8TOJO']"}
2026-08-15T13:08:25.212244065Z {"timestamp": 1786799305.211209, "severity": "INFO", "name": "recommendationservice-server", "message": "[Recv ListRecommendations] product_ids=['9SIQT8TOJO', 'OLJCESPC7Z', '2ZYFJ3GM2N', '6E92ZMYYFZ', '66VCHSJNUP']"}
2026-08-15T13:08:25.795034671Z {"timestamp": 1786799305.7938695, "severity": "INFO", "name": "recommendationservice-server", "message": "[Recv ListRecommendations] product_ids=['66VCHSJNUP', '1YMWWN1N4O', '0PUK6V6EV0', 'OLJCESPC7Z', '2ZYFJ3GM2N']"}
2026-08-15T13:08:26.053234830Z {"timestamp": 1786799306.052211, "severity": "INFO", "name": "recommendationservice-server", "message": "[Recv ListRecommendations] product_ids=['L9ECAV7KIM', 'OLJCESPC7Z', '2ZYFJ3GM2N', 'LS4PSXUNUM', '66VCHSJNUP']"}
2026-08-15T13:08:26.546109818Z {"timestamp": 1786799306.544827, "severity": "INFO", "name": "recommendationservice-server", "message": "[Recv ListRecommendations] product_ids=['LS4PSXUNUM', '66VCHSJNUP', '0PUK6V6EV0', '2ZYFJ3GM2N', 'L9ECAV7KIM']"}
2026-08-15T13:08:27.146233477Z {"timestamp": 1786799307.1457868, "severity": "INFO", "name": "recommendationservice-server", "message": "[Recv ListRecommendations] product_ids=['OLJCESPC7Z', 'L9ECAV7KIM', '9SIQT8TOJO', '6E92ZMYYFZ', '2ZYFJ3GM2N']"}
2026-08-15T13:08:27.564493729Z {"timestamp": 1786799307.563347, "severity": "INFO", "name": "recommendationservice-server", "message": "[Recv ListRecommendations] product_ids=['9SIQT8TOJO', '66VCHSJNUP', 'LS4PSXUNUM', '2ZYFJ3GM2N', 'OLJCESPC7Z']"}
2026-08-15T13:08:27.602187185Z {"timestamp": 1786799307.601013, "severity": "INFO", "name": "recommendationservice-server", "message": "[Recv ListRecommendations] product_ids=['6E92ZMYYFZ', '66VCHSJNUP', '9SIQT8TOJO', '1YMWWN1N4O', 'OLJCESPC7Z']"}
2026-08-15T13:08:28.310079312Z {"timestamp": 1786799308.308722, "severity": "INFO", "name": "recommendationservice-server", "message": "[Recv ListRecommendations] product_ids=['1YMWWN1N4O', '66VCHSJNUP', 'LS4PSXUNUM', 'OLJCESPC7Z', '6E92ZMYYFZ']"}
2026-08-15T13:08:28.557815165Z {"timestamp": 1786799308.5571365, "severity": "INFO", "name": "recommendationservice-server", "message": "[Recv ListRecommendations] product_ids=['L9ECAV7KIM', '6E92ZMYYFZ', 'LS4PSXUNUM', '2ZYFJ3GM2N', 'OLJCESPC7Z']"}
2026-08-15T13:08:29.511246930Z {"timestamp": 1786799309.509356, "severity": "INFO", "name": "recommendationservice-server", "message": "[Recv ListRecommendations] product_ids=['2ZYFJ3GM2N', 'L9ECAV7KIM', '9SIQT8TOJO', '6E92ZMYYFZ', 'LS4PSXUNUM']"}
2026-08-15T13:08:29.572299498Z {"timestamp": 1786799309.570945, "severity": "INFO", "name": "recommendationservice-server", "message": "[Recv ListRecommendations] product_ids=['1YMWWN1N4O', '9SIQT8TOJO', '0PUK6V6EV0', 'LS4PSXUNUM', 'OLJCESPC7Z']"}
2026-08-15T13:08:30.026579466Z {"timestamp": 1786799310.0250583, "severity": "INFO", "name": "recommendationservice-server", "message": "[Recv ListRecommendations] product_ids=['2ZYFJ3GM2N', 'OLJCESPC7Z', '1YMWWN1N4O', '0PUK6V6EV0', '9SIQT8TOJO']"}
2026-08-15T13:08:30.248813596Z {"timestamp": 1786799310.2478085, "severity": "INFO", "name": "recommendationservice-server", "message": "[Recv ListRecommendations] product_ids=['6E92ZMYYFZ', 'LS4PSXUNUM', '0PUK6V6EV0', '9SIQT8TOJO']"}
2026-08-15T13:08:30.570900307Z {"timestamp": 1786799310.569743, "severity": "INFO", "name": "recommendationservice-server", "message": "[Recv ListRecommendations] product_ids=['9SIQT8TOJO', '0PUK6V6EV0', '1YMWWN1N4O', '66VCHSJNUP', 'L9ECAV7KIM']"}
2026-08-15T13:08:30.681574449Z {"timestamp": 1786799310.6796014, "severity": "INFO", "name": "recommendationservice-server", "message": "[Recv ListRecommendations] product_ids=['1YMWWN1N4O', '0PUK6V6EV0', 'L9ECAV7KIM', '66VCHSJNUP', '2ZYFJ3GM2N']"}
2026-08-15T13:08:30.960808336Z {"timestamp": 1786799310.9595294, "severity": "INFO", "name": "recommendationservice-server", "message": "[Recv ListRecommendations] product_ids=['1YMWWN1N4O', '66VCHSJNUP', 'L9ECAV7KIM', 'OLJCESPC7Z', 'LS4PSXUNUM']"}
2026-08-15T13:08:31.229970100Z {"timestamp": 1786799311.2292626, "severity": "INFO", "name": "recommendationservice-server", "message": "[Recv ListRecommendations] product_ids=['66VCHSJNUP', 'LS4PSXUNUM', '1YMWWN1N4O', 'OLJCESPC7Z', 'L9ECAV7KIM']"}
2026-08-15T13:08:31.232636439Z {"timestamp": 1786799311.232008, "severity": "INFO", "name": "recommendationservice-server", "message": "[Recv ListRecommendations] product_ids=['9SIQT8TOJO', '6E92ZMYYFZ', 'L9ECAV7KIM', 'OLJCESPC7Z', '1YMWWN1N4O']"}
2026-08-15T13:08:31.528243375Z {"timestamp": 1786799311.5270221, "severity": "INFO", "name": "recommendationservice-server", "message": "[Recv ListRecommendations] product_ids=['6E92ZMYYFZ', 'L9ECAV7KIM', '0PUK6V6EV0', '1YMWWN1N4O', 'LS4PSXUNUM']"}
2026-08-15T13:08:31.570915589Z {"timestamp": 1786799311.5698678, "severity": "INFO", "name": "recommendationservice-server", "message": "[Recv ListRecommendations] product_ids=['9SIQT8TOJO', '6E92ZMYYFZ', 'LS4PSXUNUM', 'OLJCESPC7Z', '66VCHSJNUP']"}
2026-08-15T13:08:31.720268038Z {"timestamp": 1786799311.719642, "severity": "INFO", "name": "recommendationservice-server", "message": "[Recv ListRecommendations] product_ids=['6E92ZMYYFZ', '66VCHSJNUP', '9SIQT8TOJO', 'L9ECAV7KIM', 'LS4PSXUNUM']"}
2026-08-15T13:08:31.949892751Z {"timestamp": 1786799311.9479523, "severity": "INFO", "name": "recommendationservice-server", "message": "[Recv ListRecommendations] product_ids=['9SIQT8TOJO', '1YMWWN1N4O', '2ZYFJ3GM2N', 'OLJCESPC7Z', 'L9ECAV7KIM']"}
2026-08-15T13:08:32.060734702Z {"timestamp": 1786799312.060239, "severity": "INFO", "name": "recommendationservice-server", "message": "[Recv ListRecommendations] product_ids=['66VCHSJNUP', '9SIQT8TOJO', 'LS4PSXUNUM', '2ZYFJ3GM2N', 'L9ECAV7KIM']"}
2026-08-15T13:08:32.462651754Z {"timestamp": 1786799312.4624076, "severity": "INFO", "name": "recommendationservice-server", "message": "[Recv ListRecommendations] product_ids=['0PUK6V6EV0', 'L9ECAV7KIM', '6E92ZMYYFZ']"}
2026-08-15T13:08:32.549523261Z {"timestamp": 1786799312.5491207, "severity": "INFO", "name": "recommendationservice-server", "message": "[Recv ListRecommendations] product_ids=['2ZYFJ3GM2N', '66VCHSJNUP', '0PUK6V6EV0', '9SIQT8TOJO', 'L9ECAV7KIM']"}
2026-08-15T13:08:33.859111404Z {"timestamp": 1786799313.857925, "severity": "INFO", "name": "recommendationservice-server", "message": "[Recv ListRecommendations] product_ids=['2ZYFJ3GM2N', '66VCHSJNUP', 'L9ECAV7KIM', '0PUK6V6EV0', '1YMWWN1N4O']"}
2026-08-15T13:08:34.414460817Z {"timestamp": 1786799314.4139593, "severity": "INFO", "name": "recommendationservice-server", "message": "[Recv ListRecommendations] product_ids=['6E92ZMYYFZ', '66VCHSJNUP', 'L9ECAV7KIM', '0PUK6V6EV0', '2ZYFJ3GM2N']"}
2026-08-15T13:08:34.891543368Z {"timestamp": 1786799314.8905728, "severity": "INFO", "name": "recommendationservice-server", "message": "[Recv ListRecommendations] product_ids=['6E92ZMYYFZ', '9SIQT8TOJO', '0PUK6V6EV0', '66VCHSJNUP', '2ZYFJ3GM2N']"}
2026-08-15T13:08:35.182420816Z {"timestamp": 1786799315.1818604, "severity": "INFO", "name": "recommendationservice-server", "message": "[Recv ListRecommendations] product_ids=['1YMWWN1N4O', 'L9ECAV7KIM', '6E92ZMYYFZ', '9SIQT8TOJO', '66VCHSJNUP']"}
2026-08-15T13:08:35.286738300Z {"timestamp": 1786799315.2861257, "severity": "INFO", "name": "recommendationservice-server", "message": "[Recv ListRecommendations] product_ids=['66VCHSJNUP', '0PUK6V6EV0', 'L9ECAV7KIM', '6E92ZMYYFZ', '9SIQT8TOJO']"}
2026-08-15T13:08:35.639102618Z {"timestamp": 1786799315.6380115, "severity": "INFO", "name": "recommendationservice-server", "message": "[Recv ListRecommendations] product_ids=['66VCHSJNUP', '9SIQT8TOJO', 'LS4PSXUNUM', '6E92ZMYYFZ', '1YMWWN1N4O']"}
2026-08-15T13:08:35.649990979Z {"timestamp": 1786799315.6485078, "severity": "INFO", "name": "recommendationservice-server", "message": "[Recv ListRecommendations] product_ids=['LS4PSXUNUM', '9SIQT8TOJO', '2ZYFJ3GM2N', '1YMWWN1N4O', '66VCHSJNUP']"}
2026-08-15T13:08:35.859974904Z {"timestamp": 1786799315.8589127, "severity": "INFO", "name": "recommendationservice-server", "message": "[Recv ListRecommendations] product_ids=['6E92ZMYYFZ', 'L9ECAV7KIM', '9SIQT8TOJO', '0PUK6V6EV0', '2ZYFJ3GM2N']"}
2026-08-15T13:08:36.075395058Z {"timestamp": 1786799316.0750701, "severity": "INFO", "name": "recommendationservice-server", "message": "[Recv ListRecommendations] product_ids=['1YMWWN1N4O', '2ZYFJ3GM2N', '9SIQT8TOJO', '0PUK6V6EV0', '66VCHSJNUP']"}
2026-08-15T13:08:37.490928132Z {"timestamp": 1786799317.490587, "severity": "INFO", "name": "recommendationservice-server", "message": "[Recv ListRecommendations] product_ids=['OLJCESPC7Z', 'L9ECAV7KIM', '6E92ZMYYFZ', 'LS4PSXUNUM', '1YMWWN1N4O']"}
2026-08-15T13:08:37.924362040Z {"timestamp": 1786799317.9232535, "severity": "INFO", "name": "recommendationservice-server", "message": "[Recv ListRecommendations] product_ids=['66VCHSJNUP', 'OLJCESPC7Z', 'L9ECAV7KIM', '1YMWWN1N4O', '6E92ZMYYFZ']"}
2026-08-15T13:08:38.303615072Z {"timestamp": 1786799318.3024738, "severity": "INFO", "name": "recommendationservice-server", "message": "[Recv ListRecommendations] product_ids=['66VCHSJNUP', 'OLJCESPC7Z', '6E92ZMYYFZ', '0PUK6V6EV0', 'LS4PSXUNUM']"}
2026-08-15T13:08:38.519445874Z {"timestamp": 1786799318.5182629, "severity": "INFO", "name": "recommendationservice-server", "message": "[Recv ListRecommendations] product_ids=['0PUK6V6EV0', 'L9ECAV7KIM', '66VCHSJNUP', '9SIQT8TOJO', '1YMWWN1N4O']"}
2026-08-15T13:08:38.624548749Z {"timestamp": 1786799318.6236355, "severity": "INFO", "name": "recommendationservice-server", "message": "[Recv ListRecommendations] product_ids=['OLJCESPC7Z', '2ZYFJ3GM2N', '6E92ZMYYFZ', 'LS4PSXUNUM', '0PUK6V6EV0']"}
2026-08-15T13:08:38.913963775Z {"timestamp": 1786799318.9127336, "severity": "INFO", "name": "recommendationservice-server", "message": "[Recv ListRecommendations] product_ids=['OLJCESPC7Z', '0PUK6V6EV0', '66VCHSJNUP', 'LS4PSXUNUM']"}
2026-08-15T13:08:39.056752715Z {"timestamp": 1786799319.0536182, "severity": "INFO", "name": "recommendationservice-server", "message": "[Recv ListRecommendations] product_ids=['6E92ZMYYFZ', '0PUK6V6EV0', '9SIQT8TOJO', '66VCHSJNUP', '1YMWWN1N4O']"}
2026-08-15T13:08:39.289607389Z {"timestamp": 1786799319.2883506, "severity": "INFO", "name": "recommendationservice-server", "message": "[Recv ListRecommendations] product_ids=['LS4PSXUNUM', 'OLJCESPC7Z', '2ZYFJ3GM2N', '66VCHSJNUP', '0PUK6V6EV0']"}
2026-08-15T13:08:39.538768351Z {"timestamp": 1786799319.5372634, "severity": "INFO", "name": "recommendationservice-server", "message": "[Recv ListRecommendations] product_ids=['9SIQT8TOJO', 'OLJCESPC7Z', '1YMWWN1N4O', '0PUK6V6EV0', 'LS4PSXUNUM']"}
2026-08-15T13:08:39.624163144Z {"timestamp": 1786799319.623163, "severity": "INFO", "name": "recommendationservice-server", "message": "[Recv ListRecommendations] product_ids=['2ZYFJ3GM2N', 'LS4PSXUNUM', '9SIQT8TOJO', '66VCHSJNUP', 'L9ECAV7KIM']"}
2026-08-15T13:08:39.651201076Z {"timestamp": 1786799319.6500564, "severity": "INFO", "name": "recommendationservice-server", "message": "[Recv ListRecommendations] product_ids=['66VCHSJNUP', 'LS4PSXUNUM', '9SIQT8TOJO', '0PUK6V6EV0', '6E92ZMYYFZ']"}
2026-08-15T13:08:39.708863555Z {"timestamp": 1786799319.7080584, "severity": "INFO", "name": "recommendationservice-server", "message": "[Recv ListRecommendations] product_ids=['0PUK6V6EV0', 'L9ECAV7KIM', '9SIQT8TOJO', '6E92ZMYYFZ', 'LS4PSXUNUM']"}
2026-08-15T13:08:39.966342681Z {"timestamp": 1786799319.9649916, "severity": "INFO", "name": "recommendationservice-server", "message": "[Recv ListRecommendations] product_ids=['0PUK6V6EV0', 'L9ECAV7KIM', '9SIQT8TOJO', 'LS4PSXUNUM', 'OLJCESPC7Z']"}
2026-08-15T13:08:40.333309090Z {"timestamp": 1786799320.3319662, "severity": "INFO", "name": "recommendationservice-server", "message": "[Recv ListRecommendations] product_ids=['66VCHSJNUP', 'LS4PSXUNUM', '1YMWWN1N4O', '2ZYFJ3GM2N', 'OLJCESPC7Z']"}
2026-08-15T13:08:40.347820171Z {"timestamp": 1786799320.34667, "severity": "INFO", "name": "recommendationservice-server", "message": "[Recv ListRecommendations] product_ids=['1YMWWN1N4O', '9SIQT8TOJO', '2ZYFJ3GM2N', '66VCHSJNUP', '0PUK6V6EV0']"}
2026-08-15T13:08:40.736220763Z {"timestamp": 1786799320.735435, "severity": "INFO", "name": "recommendationservice-server", "message": "[Recv ListRecommendations] product_ids=['0PUK6V6EV0', '66VCHSJNUP', 'L9ECAV7KIM', '6E92ZMYYFZ', '1YMWWN1N4O']"}
2026-08-15T13:08:41.370582847Z {"timestamp": 1786799321.3253682, "severity": "INFO", "name": "recommendationservice-server", "message": "[Recv ListRecommendations] product_ids=['1YMWWN1N4O', 'OLJCESPC7Z', '9SIQT8TOJO', 'L9ECAV7KIM', 'LS4PSXUNUM']"}
2026-08-15T13:08:41.886424502Z {"timestamp": 1786799321.8831508, "severity": "INFO", "name": "recommendationservice-server", "message": "[Recv ListRecommendations] product_ids=['1YMWWN1N4O', 'OLJCESPC7Z', '2ZYFJ3GM2N', '66VCHSJNUP', 'LS4PSXUNUM']"}
2026-08-15T13:08:41.896444862Z {"timestamp": 1786799321.8912647, "severity": "INFO", "name": "recommendationservice-server", "message": "[Recv ListRecommendations] product_ids=['OLJCESPC7Z', '2ZYFJ3GM2N', 'L9ECAV7KIM', '9SIQT8TOJO', '6E92ZMYYFZ']"}
2026-08-15T13:08:41.986232063Z {"timestamp": 1786799321.9856997, "severity": "INFO", "name": "recommendationservice-server", "message": "[Recv ListRecommendations] product_ids=['0PUK6V6EV0', 'L9ECAV7KIM', '9SIQT8TOJO', '2ZYFJ3GM2N', '6E92ZMYYFZ']"}
2026-08-15T13:08:42.577339237Z {"timestamp": 1786799322.5766327, "severity": "INFO", "name": "recommendationservice-server", "message": "[Recv ListRecommendations] product_ids=['6E92ZMYYFZ', 'L9ECAV7KIM', 'LS4PSXUNUM', '9SIQT8TOJO', '66VCHSJNUP']"}
2026-08-15T13:08:43.099179825Z {"timestamp": 1786799323.0980983, "severity": "INFO", "name": "recommendationservice-server", "message": "[Recv ListRecommendations] product_ids=['9SIQT8TOJO', '0PUK6V6EV0', 'LS4PSXUNUM', 'OLJCESPC7Z', '2ZYFJ3GM2N']"}
2026-08-15T13:08:43.539528116Z {"timestamp": 1786799323.5384517, "severity": "INFO", "name": "recommendationservice-server", "message": "[Recv ListRecommendations] product_ids=['LS4PSXUNUM', '66VCHSJNUP', '9SIQT8TOJO', '6E92ZMYYFZ', 'OLJCESPC7Z']"}
2026-08-15T13:08:43.564866729Z {"timestamp": 1786799323.5638082, "severity": "INFO", "name": "recommendationservice-server", "message": "[Recv ListRecommendations] product_ids=['0PUK6V6EV0', 'L9ECAV7KIM', '1YMWWN1N4O', '2ZYFJ3GM2N', '6E92ZMYYFZ']"}
2026-08-15T13:08:44.218642417Z {"timestamp": 1786799324.217237, "severity": "INFO", "name": "recommendationservice-server", "message": "[Recv ListRecommendations] product_ids=['LS4PSXUNUM', '9SIQT8TOJO', '2ZYFJ3GM2N', 'L9ECAV7KIM', '0PUK6V6EV0']"}
2026-08-15T13:08:45.034064852Z {"timestamp": 1786799325.0326524, "severity": "INFO", "name": "recommendationservice-server", "message": "[Recv ListRecommendations] product_ids=['L9ECAV7KIM', '9SIQT8TOJO', '66VCHSJNUP', 'OLJCESPC7Z', 'LS4PSXUNUM']"}
2026-08-15T13:08:45.062247981Z {"timestamp": 1786799325.060843, "severity": "INFO", "name": "recommendationservice-server", "message": "[Recv ListRecommendations] product_ids=['OLJCESPC7Z', '0PUK6V6EV0', '6E92ZMYYFZ', '9SIQT8TOJO', 'LS4PSXUNUM']"}
2026-08-15T13:08:46.033960869Z {"timestamp": 1786799326.0334833, "severity": "INFO", "name": "recommendationservice-server", "message": "[Recv ListRecommendations] product_ids=['66VCHSJNUP', '2ZYFJ3GM2N', 'L9ECAV7KIM', '1YMWWN1N4O', 'OLJCESPC7Z']"}
2026-08-15T13:08:46.977707052Z {"timestamp": 1786799326.9773479, "severity": "INFO", "name": "recommendationservice-server", "message": "[Recv ListRecommendations] product_ids=['OLJCESPC7Z', '1YMWWN1N4O', '66VCHSJNUP', 'L9ECAV7KIM', '2ZYFJ3GM2N']"}
2026-08-15T13:08:47.557148187Z {"timestamp": 1786799327.5565896, "severity": "INFO", "name": "recommendationservice-server", "message": "[Recv ListRecommendations] product_ids=['1YMWWN1N4O', 'OLJCESPC7Z', 'L9ECAV7KIM', '6E92ZMYYFZ', '9SIQT8TOJO']"}
2026-08-15T13:08:48.360384769Z {"timestamp": 1786799328.3597808, "severity": "INFO", "name": "recommendationservice-server", "message": "[Recv ListRecommendations] product_ids=['6E92ZMYYFZ', '0PUK6V6EV0', '1YMWWN1N4O', 'OLJCESPC7Z', 'L9ECAV7KIM']"}
2026-08-15T13:08:48.723515187Z {"timestamp": 1786799328.7229834, "severity": "INFO", "name": "recommendationservice-server", "message": "[Recv ListRecommendations] product_ids=['6E92ZMYYFZ', '66VCHSJNUP', '9SIQT8TOJO', 'OLJCESPC7Z', 'L9ECAV7KIM']"}
2026-08-15T13:08:48.891349321Z {"timestamp": 1786799328.8905787, "severity": "INFO", "name": "recommendationservice-server", "message": "[Recv ListRecommendations] product_ids=['L9ECAV7KIM', '0PUK6V6EV0', '66VCHSJNUP', 'LS4PSXUNUM', '2ZYFJ3GM2N']"}
2026-08-15T13:08:49.409832088Z {"timestamp": 1786799329.4084399, "severity": "INFO", "name": "recommendationservice-server", "message": "[Recv ListRecommendations] product_ids=['9SIQT8TOJO', 'L9ECAV7KIM', 'LS4PSXUNUM', '1YMWWN1N4O', 'OLJCESPC7Z']"}
2026-08-15T13:08:49.592200636Z {"timestamp": 1786799329.5918279, "severity": "INFO", "name": "recommendationservice-server", "message": "[Recv ListRecommendations] product_ids=['9SIQT8TOJO', '0PUK6V6EV0', '6E92ZMYYFZ', '2ZYFJ3GM2N', '66VCHSJNUP']"}
2026-08-15T13:08:49.604291078Z {"timestamp": 1786799329.6039598, "severity": "INFO", "name": "recommendationservice-server", "message": "[Recv ListRecommendations] product_ids=['OLJCESPC7Z', '6E92ZMYYFZ', '9SIQT8TOJO', '1YMWWN1N4O', '2ZYFJ3GM2N']"}
2026-08-15T13:08:50.071099107Z {"timestamp": 1786799330.0698273, "severity": "INFO", "name": "recommendationservice-server", "message": "[Recv ListRecommendations] product_ids=['0PUK6V6EV0', '6E92ZMYYFZ', 'OLJCESPC7Z', '9SIQT8TOJO', '66VCHSJNUP']"}
2026-08-15T13:08:50.156872131Z {"timestamp": 1786799330.1564224, "severity": "INFO", "name": "recommendationservice-server", "message": "[Recv ListRecommendations] product_ids=['LS4PSXUNUM', 'OLJCESPC7Z', 'L9ECAV7KIM', '1YMWWN1N4O', '6E92ZMYYFZ']"}
2026-08-15T13:08:50.318777007Z {"timestamp": 1786799330.3176954, "severity": "INFO", "name": "recommendationservice-server", "message": "[Recv ListRecommendations] product_ids=['1YMWWN1N4O', '9SIQT8TOJO', 'LS4PSXUNUM', '6E92ZMYYFZ', '66VCHSJNUP']"}
2026-08-15T13:08:50.734415855Z {"timestamp": 1786799330.7337053, "severity": "INFO", "name": "recommendationservice-server", "message": "[Recv ListRecommendations] product_ids=['6E92ZMYYFZ', '66VCHSJNUP', '2ZYFJ3GM2N', '0PUK6V6EV0', '9SIQT8TOJO']"}
2026-08-15T13:08:50.763829520Z {"timestamp": 1786799330.7632487, "severity": "INFO", "name": "recommendationservice-server", "message": "[Recv ListRecommendations] product_ids=['0PUK6V6EV0', '6E92ZMYYFZ', 'LS4PSXUNUM', '9SIQT8TOJO', 'L9ECAV7KIM']"}
2026-08-15T13:08:50.984981074Z {"timestamp": 1786799330.984313, "severity": "INFO", "name": "recommendationservice-server", "message": "[Recv ListRecommendations] product_ids=['66VCHSJNUP', '1YMWWN1N4O', '6E92ZMYYFZ', '0PUK6V6EV0', 'L9ECAV7KIM']"}
2026-08-15T13:08:50.997979918Z {"timestamp": 1786799330.9970255, "severity": "INFO", "name": "recommendationservice-server", "message": "[Recv ListRecommendations] product_ids=['L9ECAV7KIM', '0PUK6V6EV0', 'OLJCESPC7Z', '66VCHSJNUP', 'LS4PSXUNUM']"}
2026-08-15T13:08:51.263647790Z {"timestamp": 1786799331.262614, "severity": "INFO", "name": "recommendationservice-server", "message": "[Recv ListRecommendations] product_ids=['L9ECAV7KIM', 'LS4PSXUNUM', '0PUK6V6EV0', '9SIQT8TOJO', '66VCHSJNUP']"}
2026-08-15T13:08:51.328153713Z {"timestamp": 1786799331.3270085, "severity": "INFO", "name": "recommendationservice-server", "message": "[Recv ListRecommendations] product_ids=['6E92ZMYYFZ', '1YMWWN1N4O', 'OLJCESPC7Z', '0PUK6V6EV0', 'LS4PSXUNUM']"}
2026-08-15T13:08:51.541817721Z {"timestamp": 1786799331.5405238, "severity": "INFO", "name": "recommendationservice-server", "message": "[Recv ListRecommendations] product_ids=['9SIQT8TOJO', '0PUK6V6EV0', '66VCHSJNUP', '6E92ZMYYFZ', 'L9ECAV7KIM']"}
2026-08-15T13:08:51.974333262Z {"timestamp": 1786799331.973173, "severity": "INFO", "name": "recommendationservice-server", "message": "[Recv ListRecommendations] product_ids=['0PUK6V6EV0', 'L9ECAV7KIM', '6E92ZMYYFZ']"}
2026-08-15T13:08:52.946114338Z {"timestamp": 1786799332.9450366, "severity": "INFO", "name": "recommendationservice-server", "message": "[Recv ListRecommendations] product_ids=['LS4PSXUNUM', '66VCHSJNUP', '6E92ZMYYFZ', 'OLJCESPC7Z', '9SIQT8TOJO']"}
2026-08-15T13:08:53.929961134Z {"timestamp": 1786799333.9287603, "severity": "INFO", "name": "recommendationservice-server", "message": "[Recv ListRecommendations] product_ids=['0PUK6V6EV0', 'OLJCESPC7Z', '2ZYFJ3GM2N', 'LS4PSXUNUM', '6E92ZMYYFZ']"}
2026-08-15T13:08:54.404292803Z {"timestamp": 1786799334.4031732, "severity": "INFO", "name": "recommendationservice-server", "message": "[Recv ListRecommendations] product_ids=['L9ECAV7KIM', '2ZYFJ3GM2N', '66VCHSJNUP', 'OLJCESPC7Z', 'LS4PSXUNUM']"}
2026-08-15T13:08:55.276732633Z {"timestamp": 1786799335.2754612, "severity": "INFO", "name": "recommendationservice-server", "message": "[Recv ListRecommendations] product_ids=['1YMWWN1N4O', 'OLJCESPC7Z', 'L9ECAV7KIM', '2ZYFJ3GM2N', 'LS4PSXUNUM']"}
2026-08-15T13:08:55.480252815Z {"timestamp": 1786799335.479065, "severity": "INFO", "name": "recommendationservice-server", "message": "[Recv ListRecommendations] product_ids=['66VCHSJNUP', 'OLJCESPC7Z', 'L9ECAV7KIM', 'LS4PSXUNUM', '0PUK6V6EV0']"}
2026-08-15T13:08:55.536030556Z {"timestamp": 1786799335.5355654, "severity": "INFO", "name": "recommendationservice-server", "message": "[Recv ListRecommendations] product_ids=['L9ECAV7KIM', '0PUK6V6EV0', '2ZYFJ3GM2N', '9SIQT8TOJO', '1YMWWN1N4O']"}
2026-08-15T13:08:55.587995411Z {"timestamp": 1786799335.5875661, "severity": "INFO", "name": "recommendationservice-server", "message": "[Recv ListRecommendations] product_ids=['LS4PSXUNUM', '6E92ZMYYFZ', '2ZYFJ3GM2N', 'L9ECAV7KIM', 'OLJCESPC7Z']"}
2026-08-15T13:08:56.068026956Z {"timestamp": 1786799336.0672266, "severity": "INFO", "name": "recommendationservice-server", "message": "[Recv ListRecommendations] product_ids=['OLJCESPC7Z', '0PUK6V6EV0', '2ZYFJ3GM2N', 'LS4PSXUNUM', '1YMWWN1N4O']"}
2026-08-15T13:08:57.172963573Z {"timestamp": 1786799337.1722624, "severity": "INFO", "name": "recommendationservice-server", "message": "[Recv ListRecommendations] product_ids=['9SIQT8TOJO', '2ZYFJ3GM2N', 'L9ECAV7KIM', '66VCHSJNUP', '6E92ZMYYFZ']"}
2026-08-15T13:08:57.613235398Z {"timestamp": 1786799337.6118553, "severity": "INFO", "name": "recommendationservice-server", "message": "[Recv ListRecommendations] product_ids=['6E92ZMYYFZ', 'OLJCESPC7Z', 'L9ECAV7KIM', '9SIQT8TOJO', '66VCHSJNUP']"}
2026-08-15T13:08:58.961989697Z {"timestamp": 1786799338.960916, "severity": "INFO", "name": "recommendationservice-server", "message": "[Recv ListRecommendations] product_ids=['L9ECAV7KIM', '0PUK6V6EV0', '1YMWWN1N4O', '9SIQT8TOJO', '66VCHSJNUP']"}
2026-08-15T13:08:59.379588784Z {"timestamp": 1786799339.3763888, "severity": "INFO", "name": "recommendationservice-server", "message": "[Recv ListRecommendations] product_ids=['66VCHSJNUP', 'LS4PSXUNUM', '9SIQT8TOJO', '1YMWWN1N4O', '6E92ZMYYFZ']"}
2026-08-15T13:08:59.700916042Z {"timestamp": 1786799339.700494, "severity": "INFO", "name": "recommendationservice-server", "message": "[Recv ListRecommendations] product_ids=['L9ECAV7KIM', '6E92ZMYYFZ', '0PUK6V6EV0', 'OLJCESPC7Z', 'LS4PSXUNUM']"}
2026-08-15T13:08:59.751583376Z {"timestamp": 1786799339.7511103, "severity": "INFO", "name": "recommendationservice-server", "message": "[Recv ListRecommendations] product_ids=['LS4PSXUNUM', '0PUK6V6EV0', '9SIQT8TOJO', '1YMWWN1N4O', 'OLJCESPC7Z']"}
2026-08-15T13:08:59.886733370Z {"timestamp": 1786799339.8860734, "severity": "INFO", "name": "recommendationservice-server", "message": "[Recv ListRecommendations] product_ids=['0PUK6V6EV0', '9SIQT8TOJO', '2ZYFJ3GM2N', '6E92ZMYYFZ', 'L9ECAV7KIM']"}
2026-08-15T13:09:00.399974074Z {"timestamp": 1786799340.399227, "severity": "INFO", "name": "recommendationservice-server", "message": "[Recv ListRecommendations] product_ids=['2ZYFJ3GM2N', 'LS4PSXUNUM', '0PUK6V6EV0', '1YMWWN1N4O', '9SIQT8TOJO']"}
2026-08-15T13:09:00.455894640Z {"timestamp": 1786799340.4552073, "severity": "INFO", "name": "recommendationservice-server", "message": "[Recv ListRecommendations] product_ids=['LS4PSXUNUM', '9SIQT8TOJO', 'L9ECAV7KIM', '6E92ZMYYFZ', 'OLJCESPC7Z']"}
2026-08-15T13:09:00.495411044Z {"timestamp": 1786799340.4947739, "severity": "INFO", "name": "recommendationservice-server", "message": "[Recv ListRecommendations] product_ids=['0PUK6V6EV0', '1YMWWN1N4O', '66VCHSJNUP', 'LS4PSXUNUM', '6E92ZMYYFZ']"}
2026-08-15T13:09:00.658594378Z {"timestamp": 1786799340.6572495, "severity": "INFO", "name": "recommendationservice-server", "message": "[Recv ListRecommendations] product_ids=['L9ECAV7KIM', '6E92ZMYYFZ', '1YMWWN1N4O', '9SIQT8TOJO', 'OLJCESPC7Z']"}
2026-08-15T13:09:01.338080126Z {"timestamp": 1786799341.336861, "severity": "INFO", "name": "recommendationservice-server", "message": "[Recv ListRecommendations] product_ids=['OLJCESPC7Z', '2ZYFJ3GM2N', '66VCHSJNUP', '1YMWWN1N4O', '6E92ZMYYFZ']"}
2026-08-15T13:09:02.007548459Z {"timestamp": 1786799342.0070226, "severity": "INFO", "name": "recommendationservice-server", "message": "[Recv ListRecommendations] product_ids=['1YMWWN1N4O', 'L9ECAV7KIM', '0PUK6V6EV0', '6E92ZMYYFZ', 'LS4PSXUNUM']"}
2026-08-15T13:09:02.082028506Z {"timestamp": 1786799342.0814676, "severity": "INFO", "name": "recommendationservice-server", "message": "[Recv ListRecommendations] product_ids=['6E92ZMYYFZ', '9SIQT8TOJO', 'LS4PSXUNUM', '2ZYFJ3GM2N', '0PUK6V6EV0']"}
2026-08-15T13:09:02.550462169Z {"timestamp": 1786799342.5501542, "severity": "INFO", "name": "recommendationservice-server", "message": "[Recv ListRecommendations] product_ids=['2ZYFJ3GM2N', 'L9ECAV7KIM', 'LS4PSXUNUM', 'OLJCESPC7Z', '66VCHSJNUP']"}
2026-08-15T13:09:03.003949018Z {"timestamp": 1786799343.003686, "severity": "INFO", "name": "recommendationservice-server", "message": "[Recv ListRecommendations] product_ids=['0PUK6V6EV0', 'OLJCESPC7Z', 'L9ECAV7KIM', 'LS4PSXUNUM', '66VCHSJNUP']"}
2026-08-15T13:09:03.644611333Z {"timestamp": 1786799343.6442294, "severity": "INFO", "name": "recommendationservice-server", "message": "[Recv ListRecommendations] product_ids=['L9ECAV7KIM', '2ZYFJ3GM2N', '0PUK6V6EV0', '9SIQT8TOJO', '6E92ZMYYFZ']"}
2026-08-15T13:09:03.942929259Z {"timestamp": 1786799343.942624, "severity": "INFO", "name": "recommendationservice-server", "message": "[Recv ListRecommendations] product_ids=['L9ECAV7KIM', '9SIQT8TOJO', 'OLJCESPC7Z', '2ZYFJ3GM2N', '66VCHSJNUP']"}
2026-08-15T13:09:04.512614682Z {"timestamp": 1786799344.5122838, "severity": "INFO", "name": "recommendationservice-server", "message": "[Recv ListRecommendations] product_ids=['9SIQT8TOJO', '0PUK6V6EV0', 'LS4PSXUNUM', '6E92ZMYYFZ', 'OLJCESPC7Z']"}
2026-08-15T13:09:05.534416915Z {"timestamp": 1786799345.5339596, "severity": "INFO", "name": "recommendationservice-server", "message": "[Recv ListRecommendations] product_ids=['L9ECAV7KIM', '0PUK6V6EV0', '66VCHSJNUP', 'LS4PSXUNUM', '9SIQT8TOJO']"}
2026-08-15T13:09:06.045103460Z {"timestamp": 1786799346.0439043, "severity": "INFO", "name": "recommendationservice-server", "message": "[Recv ListRecommendations] product_ids=['OLJCESPC7Z', '2ZYFJ3GM2N', 'LS4PSXUNUM', '66VCHSJNUP', 'L9ECAV7KIM']"}
2026-08-15T13:09:07.411116098Z {"timestamp": 1786799347.4106462, "severity": "INFO", "name": "recommendationservice-server", "message": "[Recv ListRecommendations] product_ids=['1YMWWN1N4O', '9SIQT8TOJO', 'L9ECAV7KIM', 'OLJCESPC7Z', 'LS4PSXUNUM']"}
2026-08-15T13:09:07.604691923Z {"timestamp": 1786799347.6032667, "severity": "INFO", "name": "recommendationservice-server", "message": "[Recv ListRecommendations] product_ids=['0PUK6V6EV0', 'LS4PSXUNUM', '9SIQT8TOJO', 'OLJCESPC7Z', '2ZYFJ3GM2N']"}
2026-08-15T13:09:07.711593771Z {"timestamp": 1786799347.7109432, "severity": "INFO", "name": "recommendationservice-server", "message": "[Recv ListRecommendations] product_ids=['L9ECAV7KIM', 'OLJCESPC7Z', '2ZYFJ3GM2N', '9SIQT8TOJO', '1YMWWN1N4O']"}
2026-08-15T13:09:08.401144190Z {"timestamp": 1786799348.3991535, "severity": "INFO", "name": "recommendationservice-server", "message": "[Recv ListRecommendations] product_ids=['0PUK6V6EV0', 'L9ECAV7KIM', '6E92ZMYYFZ', '1YMWWN1N4O', '66VCHSJNUP']"}
2026-08-15T13:09:08.411768678Z {"timestamp": 1786799348.4088514, "severity": "INFO", "name": "recommendationservice-server", "message": "[Recv ListRecommendations] product_ids=['6E92ZMYYFZ', '1YMWWN1N4O', 'OLJCESPC7Z', '0PUK6V6EV0', 'LS4PSXUNUM']"}
2026-08-15T13:09:08.870467455Z {"timestamp": 1786799348.8689759, "severity": "INFO", "name": "recommendationservice-server", "message": "[Recv ListRecommendations] product_ids=['6E92ZMYYFZ', '1YMWWN1N4O', '66VCHSJNUP', '0PUK6V6EV0', 'OLJCESPC7Z']"}
2026-08-15T13:09:08.963107943Z {"timestamp": 1786799348.9617918, "severity": "INFO", "name": "recommendationservice-server", "message": "[Recv ListRecommendations] product_ids=['LS4PSXUNUM', '9SIQT8TOJO', '1YMWWN1N4O', '6E92ZMYYFZ', '0PUK6V6EV0']"}
2026-08-15T13:09:09.560776052Z {"timestamp": 1786799349.5595925, "severity": "INFO", "name": "recommendationservice-server", "message": "[Recv ListRecommendations] product_ids=['LS4PSXUNUM', 'OLJCESPC7Z', 'L9ECAV7KIM', '6E92ZMYYFZ', '9SIQT8TOJO']"}
2026-08-15T13:09:09.761676127Z {"timestamp": 1786799349.7543573, "severity": "INFO", "name": "recommendationservice-server", "message": "[Recv ListRecommendations] product_ids=['9SIQT8TOJO', '2ZYFJ3GM2N', 'LS4PSXUNUM', 'OLJCESPC7Z', '6E92ZMYYFZ']"}
2026-08-15T13:09:09.843251181Z {"timestamp": 1786799349.842983, "severity": "INFO", "name": "recommendationservice-server", "message": "[Recv ListRecommendations] product_ids=['1YMWWN1N4O', 'LS4PSXUNUM', 'L9ECAV7KIM', '0PUK6V6EV0', '9SIQT8TOJO']"}
2026-08-15T13:09:09.895666749Z {"timestamp": 1786799349.8953261, "severity": "INFO", "name": "recommendationservice-server", "message": "[Recv ListRecommendations] product_ids=['9SIQT8TOJO', '0PUK6V6EV0', '66VCHSJNUP', 'LS4PSXUNUM', '6E92ZMYYFZ']"}
2026-08-15T13:09:09.967965354Z {"timestamp": 1786799349.9675162, "severity": "INFO", "name": "recommendationservice-server", "message": "[Recv ListRecommendations] product_ids=['LS4PSXUNUM', '6E92ZMYYFZ', '0PUK6V6EV0', 'L9ECAV7KIM', '66VCHSJNUP']"}
2026-08-15T13:09:10.366466565Z {"timestamp": 1786799350.365046, "severity": "INFO", "name": "recommendationservice-server", "message": "[Recv ListRecommendations] product_ids=['LS4PSXUNUM', 'OLJCESPC7Z', '0PUK6V6EV0', '6E92ZMYYFZ', '2ZYFJ3GM2N']"}
2026-08-15T13:09:11.494589000Z {"timestamp": 1786799351.4935455, "severity": "INFO", "name": "recommendationservice-server", "message": "[Recv ListRecommendations] product_ids=['1YMWWN1N4O', 'OLJCESPC7Z', '66VCHSJNUP', '9SIQT8TOJO', 'L9ECAV7KIM']"}
2026-08-15T13:09:11.699950932Z {"timestamp": 1786799351.6989076, "severity": "INFO", "name": "recommendationservice-server", "message": "[Recv ListRecommendations] product_ids=['OLJCESPC7Z', 'L9ECAV7KIM', '6E92ZMYYFZ', '0PUK6V6EV0', 'LS4PSXUNUM']"}
2026-08-15T13:09:11.905461079Z {"timestamp": 1786799351.904031, "severity": "INFO", "name": "recommendationservice-server", "message": "[Recv ListRecommendations] product_ids=['OLJCESPC7Z', '2ZYFJ3GM2N', '1YMWWN1N4O', 'L9ECAV7KIM', '6E92ZMYYFZ']"}
2026-08-15T13:09:12.590060691Z {"timestamp": 1786799352.588861, "severity": "INFO", "name": "recommendationservice-server", "message": "[Recv ListRecommendations] product_ids=['L9ECAV7KIM', '6E92ZMYYFZ', 'LS4PSXUNUM', '9SIQT8TOJO', '2ZYFJ3GM2N']"}
2026-08-15T13:09:12.777952734Z {"timestamp": 1786799352.7768135, "severity": "INFO", "name": "recommendationservice-server", "message": "[Recv ListRecommendations] product_ids=['6E92ZMYYFZ', '0PUK6V6EV0', '2ZYFJ3GM2N', '66VCHSJNUP', '1YMWWN1N4O']"}
2026-08-15T13:09:12.978004722Z {"timestamp": 1786799352.9775527, "severity": "INFO", "name": "recommendationservice-server", "message": "[Recv ListRecommendations] product_ids=['OLJCESPC7Z', 'L9ECAV7KIM', '2ZYFJ3GM2N', 'LS4PSXUNUM', '9SIQT8TOJO']"}
2026-08-15T13:09:13.560974126Z {"timestamp": 1786799353.5606296, "severity": "INFO", "name": "recommendationservice-server", "message": "[Recv ListRecommendations] product_ids=['0PUK6V6EV0', '9SIQT8TOJO', '1YMWWN1N4O', '66VCHSJNUP', 'L9ECAV7KIM']"}
2026-08-15T13:09:13.825514018Z {"timestamp": 1786799353.823763, "severity": "INFO", "name": "recommendationservice-server", "message": "[Recv ListRecommendations] product_ids=['6E92ZMYYFZ', 'LS4PSXUNUM', '0PUK6V6EV0', 'L9ECAV7KIM', '2ZYFJ3GM2N']"}
2026-08-15T13:09:14.359597215Z {"timestamp": 1786799354.3589675, "severity": "INFO", "name": "recommendationservice-server", "message": "[Recv ListRecommendations] product_ids=['OLJCESPC7Z', '1YMWWN1N4O', '6E92ZMYYFZ', '2ZYFJ3GM2N', '9SIQT8TOJO']"}
2026-08-15T13:09:15.029625735Z {"timestamp": 1786799355.0285826, "severity": "INFO", "name": "recommendationservice-server", "message": "[Recv ListRecommendations] product_ids=['1YMWWN1N4O', 'LS4PSXUNUM', '6E92ZMYYFZ', 'L9ECAV7KIM', 'OLJCESPC7Z']"}
2026-08-15T13:09:15.162054802Z {"timestamp": 1786799355.1613545, "severity": "INFO", "name": "recommendationservice-server", "message": "[Recv ListRecommendations] product_ids=['6E92ZMYYFZ', '0PUK6V6EV0', '66VCHSJNUP', '1YMWWN1N4O', '9SIQT8TOJO']"}
2026-08-15T13:09:15.826801975Z {"timestamp": 1786799355.8257487, "severity": "INFO", "name": "recommendationservice-server", "message": "[Recv ListRecommendations] product_ids=['6E92ZMYYFZ', '0PUK6V6EV0', '9SIQT8TOJO', '66VCHSJNUP', 'OLJCESPC7Z']"}
2026-08-15T13:09:16.013278398Z {"timestamp": 1786799356.0123956, "severity": "INFO", "name": "recommendationservice-server", "message": "[Recv ListRecommendations] product_ids=['0PUK6V6EV0', 'L9ECAV7KIM', '2ZYFJ3GM2N', '66VCHSJNUP', '1YMWWN1N4O']"}
2026-08-15T13:09:16.046046259Z {"timestamp": 1786799356.0448732, "severity": "INFO", "name": "recommendationservice-server", "message": "[Recv ListRecommendations] product_ids=['L9ECAV7KIM', '9SIQT8TOJO', '66VCHSJNUP', '2ZYFJ3GM2N', 'LS4PSXUNUM']"}
2026-08-15T13:09:16.753922654Z {"timestamp": 1786799356.7525566, "severity": "INFO", "name": "recommendationservice-server", "message": "[Recv ListRecommendations] product_ids=['0PUK6V6EV0', 'LS4PSXUNUM', '66VCHSJNUP', 'L9ECAV7KIM', 'OLJCESPC7Z']"}
2026-08-15T13:09:16.937497380Z {"timestamp": 1786799356.9366822, "severity": "INFO", "name": "recommendationservice-server", "message": "[Recv ListRecommendations] product_ids=['LS4PSXUNUM', 'L9ECAV7KIM', '66VCHSJNUP', '2ZYFJ3GM2N', '1YMWWN1N4O']"}
2026-08-15T13:09:18.191149347Z {"timestamp": 1786799358.1900733, "severity": "INFO", "name": "recommendationservice-server", "message": "[Recv ListRecommendations] product_ids=['66VCHSJNUP', 'LS4PSXUNUM', '6E92ZMYYFZ', 'L9ECAV7KIM', 'OLJCESPC7Z']"}
2026-08-15T13:09:18.369187606Z {"timestamp": 1786799358.3678272, "severity": "INFO", "name": "recommendationservice-server", "message": "[Recv ListRecommendations] product_ids=['L9ECAV7KIM', '1YMWWN1N4O', 'LS4PSXUNUM', '0PUK6V6EV0', '2ZYFJ3GM2N']"}
2026-08-15T13:09:18.461488371Z {"timestamp": 1786799358.4611008, "severity": "INFO", "name": "recommendationservice-server", "message": "[Recv ListRecommendations] product_ids=['66VCHSJNUP', '9SIQT8TOJO', '2ZYFJ3GM2N', '0PUK6V6EV0', 'OLJCESPC7Z']"}
2026-08-15T13:09:18.599490424Z {"timestamp": 1786799358.5989966, "severity": "INFO", "name": "recommendationservice-server", "message": "[Recv ListRecommendations] product_ids=['9SIQT8TOJO', 'LS4PSXUNUM', '6E92ZMYYFZ', '2ZYFJ3GM2N', 'OLJCESPC7Z']"}
2026-08-15T13:09:19.159668472Z {"timestamp": 1786799359.159322, "severity": "INFO", "name": "recommendationservice-server", "message": "[Recv ListRecommendations] product_ids=['2ZYFJ3GM2N', 'L9ECAV7KIM', '1YMWWN1N4O', 'OLJCESPC7Z', '9SIQT8TOJO']"}
2026-08-15T13:09:19.367263662Z {"timestamp": 1786799359.3668237, "severity": "INFO", "name": "recommendationservice-server", "message": "[Recv ListRecommendations] product_ids=['L9ECAV7KIM', '1YMWWN1N4O', '2ZYFJ3GM2N', '0PUK6V6EV0', 'LS4PSXUNUM']"}
2026-08-15T13:09:20.153750819Z {"timestamp": 1786799360.1525607, "severity": "INFO", "name": "recommendationservice-server", "message": "[Recv ListRecommendations] product_ids=['6E92ZMYYFZ', 'LS4PSXUNUM', '0PUK6V6EV0', '66VCHSJNUP', '1YMWWN1N4O']"}
2026-08-15T13:09:20.626066757Z {"timestamp": 1786799360.6245291, "severity": "INFO", "name": "recommendationservice-server", "message": "[Recv ListRecommendations] product_ids=['66VCHSJNUP', 'L9ECAV7KIM', 'OLJCESPC7Z', '6E92ZMYYFZ', '1YMWWN1N4O']"}
2026-08-15T13:09:21.128764710Z {"timestamp": 1786799361.1275442, "severity": "INFO", "name": "recommendationservice-server", "message": "[Recv ListRecommendations] product_ids=['0PUK6V6EV0', '6E92ZMYYFZ', 'LS4PSXUNUM', 'L9ECAV7KIM', '2ZYFJ3GM2N']"}
2026-08-15T13:09:21.500887373Z {"timestamp": 1786799361.4999006, "severity": "INFO", "name": "recommendationservice-server", "message": "[Recv ListRecommendations] product_ids=['0PUK6V6EV0', 'L9ECAV7KIM', 'OLJCESPC7Z', '6E92ZMYYFZ', '1YMWWN1N4O']"}
2026-08-15T13:09:21.656893872Z {"timestamp": 1786799361.6555846, "severity": "INFO", "name": "recommendationservice-server", "message": "[Recv ListRecommendations] product_ids=['1YMWWN1N4O', 'LS4PSXUNUM', '9SIQT8TOJO', '0PUK6V6EV0', 'L9ECAV7KIM']"}
2026-08-15T13:09:21.660850678Z {"timestamp": 1786799361.6599715, "severity": "INFO", "name": "recommendationservice-server", "message": "[Recv ListRecommendations] product_ids=['66VCHSJNUP', '6E92ZMYYFZ', '2ZYFJ3GM2N', 'L9ECAV7KIM', 'OLJCESPC7Z']"}
2026-08-15T13:09:22.533891011Z {"timestamp": 1786799362.5334668, "severity": "INFO", "name": "recommendationservice-server", "message": "[Recv ListRecommendations] product_ids=['2ZYFJ3GM2N', 'L9ECAV7KIM', '9SIQT8TOJO', 'OLJCESPC7Z', 'LS4PSXUNUM']"}
2026-08-15T13:09:22.776941237Z {"timestamp": 1786799362.775895, "severity": "INFO", "name": "recommendationservice-server", "message": "[Recv ListRecommendations] product_ids=['L9ECAV7KIM', '2ZYFJ3GM2N', '0PUK6V6EV0', '1YMWWN1N4O', 'LS4PSXUNUM']"}
2026-08-15T13:09:23.367157960Z {"timestamp": 1786799363.366734, "severity": "INFO", "name": "recommendationservice-server", "message": "[Recv ListRecommendations] product_ids=['OLJCESPC7Z', '1YMWWN1N4O', '0PUK6V6EV0', '6E92ZMYYFZ', '2ZYFJ3GM2N']"}
2026-08-15T13:09:23.379135988Z {"timestamp": 1786799363.3788123, "severity": "INFO", "name": "recommendationservice-server", "message": "[Recv ListRecommendations] product_ids=['66VCHSJNUP', '2ZYFJ3GM2N', '1YMWWN1N4O', 'OLJCESPC7Z', '6E92ZMYYFZ']"}
2026-08-15T13:09:23.633233739Z {"timestamp": 1786799363.632157, "severity": "INFO", "name": "recommendationservice-server", "message": "[Recv ListRecommendations] product_ids=['9SIQT8TOJO', '1YMWWN1N4O', 'L9ECAV7KIM', '2ZYFJ3GM2N', 'OLJCESPC7Z']"}
2026-08-15T13:09:23.640067040Z {"timestamp": 1786799363.638952, "severity": "INFO", "name": "recommendationservice-server", "message": "[Recv ListRecommendations] product_ids=['OLJCESPC7Z', 'LS4PSXUNUM', '0PUK6V6EV0', '2ZYFJ3GM2N', '6E92ZMYYFZ']"}
2026-08-15T13:09:24.153643495Z {"timestamp": 1786799364.1524625, "severity": "INFO", "name": "recommendationservice-server", "message": "[Recv ListRecommendations] product_ids=['LS4PSXUNUM', '66VCHSJNUP', '6E92ZMYYFZ', '2ZYFJ3GM2N', 'L9ECAV7KIM']"}
2026-08-15T13:09:24.288443416Z {"timestamp": 1786799364.2870579, "severity": "INFO", "name": "recommendationservice-server", "message": "[Recv ListRecommendations] product_ids=['6E92ZMYYFZ', '2ZYFJ3GM2N', '0PUK6V6EV0', 'OLJCESPC7Z', 'LS4PSXUNUM']"}
2026-08-15T13:09:24.371227604Z {"timestamp": 1786799364.370175, "severity": "INFO", "name": "recommendationservice-server", "message": "[Recv ListRecommendations] product_ids=['L9ECAV7KIM', '6E92ZMYYFZ', 'OLJCESPC7Z', '0PUK6V6EV0', '9SIQT8TOJO']"}
2026-08-15T13:09:24.669282362Z {"timestamp": 1786799364.6681936, "severity": "INFO", "name": "recommendationservice-server", "message": "[Recv ListRecommendations] product_ids=['0PUK6V6EV0', '66VCHSJNUP', '6E92ZMYYFZ', '9SIQT8TOJO', '2ZYFJ3GM2N']"}
2026-08-15T13:09:24.694299227Z {"timestamp": 1786799364.6929765, "severity": "INFO", "name": "recommendationservice-server", "message": "[Recv ListRecommendations] product_ids=['0PUK6V6EV0', '66VCHSJNUP', 'L9ECAV7KIM', 'OLJCESPC7Z', 'LS4PSXUNUM']"}
2026-08-15T13:09:25.220086734Z {"timestamp": 1786799365.2177224, "severity": "INFO", "name": "recommendationservice-server", "message": "[Recv ListRecommendations] product_ids=['6E92ZMYYFZ', '0PUK6V6EV0', '2ZYFJ3GM2N', '66VCHSJNUP', 'LS4PSXUNUM']"}
2026-08-15T13:09:26.424146283Z {"timestamp": 1786799366.4229403, "severity": "INFO", "name": "recommendationservice-server", "message": "[Recv ListRecommendations] product_ids=['1YMWWN1N4O', '0PUK6V6EV0', 'L9ECAV7KIM', '6E92ZMYYFZ', '2ZYFJ3GM2N']"}
2026-08-15T13:09:26.888035544Z {"timestamp": 1786799366.8869412, "severity": "INFO", "name": "recommendationservice-server", "message": "[Recv ListRecommendations] product_ids=['LS4PSXUNUM', 'L9ECAV7KIM', '9SIQT8TOJO', '1YMWWN1N4O', '66VCHSJNUP']"}
2026-08-15T13:09:26.963814913Z {"timestamp": 1786799366.9626133, "severity": "INFO", "name": "recommendationservice-server", "message": "[Recv ListRecommendations] product_ids=['2ZYFJ3GM2N', '0PUK6V6EV0', 'LS4PSXUNUM', 'L9ECAV7KIM', 'OLJCESPC7Z']"}
2026-08-15T13:09:27.156106428Z {"timestamp": 1786799367.1553867, "severity": "INFO", "name": "recommendationservice-server", "message": "[Recv ListRecommendations] product_ids=['L9ECAV7KIM', '2ZYFJ3GM2N', 'OLJCESPC7Z', 'LS4PSXUNUM', '66VCHSJNUP']"}
2026-08-15T13:09:27.257480245Z {"timestamp": 1786799367.2568917, "severity": "INFO", "name": "recommendationservice-server", "message": "[Recv ListRecommendations] product_ids=['6E92ZMYYFZ', 'OLJCESPC7Z', '1YMWWN1N4O', 'L9ECAV7KIM', 'LS4PSXUNUM']"}
2026-08-15T13:09:28.125951786Z {"timestamp": 1786799368.1251185, "severity": "INFO", "name": "recommendationservice-server", "message": "[Recv ListRecommendations] product_ids=['2ZYFJ3GM2N', '9SIQT8TOJO', '6E92ZMYYFZ', '66VCHSJNUP', '1YMWWN1N4O']"}
2026-08-15T13:09:28.256676989Z {"timestamp": 1786799368.255831, "severity": "INFO", "name": "recommendationservice-server", "message": "[Recv ListRecommendations] product_ids=['9SIQT8TOJO', 'LS4PSXUNUM', 'OLJCESPC7Z', 'L9ECAV7KIM', '1YMWWN1N4O']"}
2026-08-15T13:09:29.321690482Z {"timestamp": 1786799369.3206344, "severity": "INFO", "name": "recommendationservice-server", "message": "[Recv ListRecommendations] product_ids=['66VCHSJNUP', 'LS4PSXUNUM', '9SIQT8TOJO', '1YMWWN1N4O', 'OLJCESPC7Z']"}
2026-08-15T13:09:29.823021382Z {"timestamp": 1786799369.8218577, "severity": "INFO", "name": "recommendationservice-server", "message": "[Recv ListRecommendations] product_ids=['6E92ZMYYFZ', 'LS4PSXUNUM', '0PUK6V6EV0', 'L9ECAV7KIM', 'OLJCESPC7Z']"}
2026-08-15T13:09:30.760030950Z {"timestamp": 1786799370.7590892, "severity": "INFO", "name": "recommendationservice-server", "message": "[Recv ListRecommendations] product_ids=['1YMWWN1N4O', 'L9ECAV7KIM', '6E92ZMYYFZ', '9SIQT8TOJO', '66VCHSJNUP']"}
2026-08-15T13:09:31.033197157Z {"timestamp": 1786799371.0320835, "severity": "INFO", "name": "recommendationservice-server", "message": "[Recv ListRecommendations] product_ids=['LS4PSXUNUM', '6E92ZMYYFZ', '66VCHSJNUP', 'OLJCESPC7Z', '0PUK6V6EV0']"}
2026-08-15T13:09:31.155381384Z {"timestamp": 1786799371.1541867, "severity": "INFO", "name": "recommendationservice-server", "message": "[Recv ListRecommendations] product_ids=['0PUK6V6EV0', '1YMWWN1N4O', '6E92ZMYYFZ', '9SIQT8TOJO', '2ZYFJ3GM2N']"}
2026-08-15T13:09:31.801506445Z {"timestamp": 1786799371.8000033, "severity": "INFO", "name": "recommendationservice-server", "message": "[Recv ListRecommendations] product_ids=['9SIQT8TOJO', 'L9ECAV7KIM', 'OLJCESPC7Z', '6E92ZMYYFZ', '2ZYFJ3GM2N']"}
2026-08-15T13:09:31.870706842Z {"timestamp": 1786799371.8697767, "severity": "INFO", "name": "recommendationservice-server", "message": "[Recv ListRecommendations] product_ids=['9SIQT8TOJO', '2ZYFJ3GM2N', 'LS4PSXUNUM', 'L9ECAV7KIM', 'OLJCESPC7Z']"}
2026-08-15T13:09:31.957947988Z {"timestamp": 1786799371.9564312, "severity": "INFO", "name": "recommendationservice-server", "message": "[Recv ListRecommendations] product_ids=['6E92ZMYYFZ', '66VCHSJNUP', 'LS4PSXUNUM', 'L9ECAV7KIM', '9SIQT8TOJO']"}
2026-08-15T13:09:32.880849733Z {"timestamp": 1786799372.8805823, "severity": "INFO", "name": "recommendationservice-server", "message": "[Recv ListRecommendations] product_ids=['0PUK6V6EV0', '6E92ZMYYFZ', 'L9ECAV7KIM', 'OLJCESPC7Z', '2ZYFJ3GM2N']"}
2026-08-15T13:09:33.059856290Z {"timestamp": 1786799373.0594935, "severity": "INFO", "name": "recommendationservice-server", "message": "[Recv ListRecommendations] product_ids=['66VCHSJNUP', 'OLJCESPC7Z', 'LS4PSXUNUM', '0PUK6V6EV0']"}
2026-08-15T13:09:33.116895640Z {"timestamp": 1786799373.1166203, "severity": "INFO", "name": "recommendationservice-server", "message": "[Recv ListRecommendations] product_ids=['OLJCESPC7Z', 'L9ECAV7KIM', '1YMWWN1N4O', '9SIQT8TOJO', '0PUK6V6EV0']"}
2026-08-15T13:09:33.135883187Z {"timestamp": 1786799373.1354685, "severity": "INFO", "name": "recommendationservice-server", "message": "[Recv ListRecommendations] product_ids=['66VCHSJNUP', 'L9ECAV7KIM', '6E92ZMYYFZ', 'LS4PSXUNUM', '9SIQT8TOJO']"}
2026-08-15T13:09:33.210168605Z {"timestamp": 1786799373.2097979, "severity": "INFO", "name": "recommendationservice-server", "message": "[Recv ListRecommendations] product_ids=['9SIQT8TOJO', '0PUK6V6EV0', 'LS4PSXUNUM', '66VCHSJNUP', '1YMWWN1N4O']"}
2026-08-15T13:09:33.233806329Z {"timestamp": 1786799373.233407, "severity": "INFO", "name": "recommendationservice-server", "message": "[Recv ListRecommendations] product_ids=['66VCHSJNUP', 'LS4PSXUNUM', 'L9ECAV7KIM', '9SIQT8TOJO', 'OLJCESPC7Z']"}
2026-08-15T13:09:33.881915393Z {"timestamp": 1786799373.8816094, "severity": "INFO", "name": "recommendationservice-server", "message": "[Recv ListRecommendations] product_ids=['OLJCESPC7Z', '2ZYFJ3GM2N', 'LS4PSXUNUM', '6E92ZMYYFZ', '0PUK6V6EV0']"}
2026-08-15T13:09:33.907721840Z {"timestamp": 1786799373.90735, "severity": "INFO", "name": "recommendationservice-server", "message": "[Recv ListRecommendations] product_ids=['0PUK6V6EV0', '9SIQT8TOJO', '66VCHSJNUP', 'LS4PSXUNUM', '6E92ZMYYFZ']"}
2026-08-15T13:09:33.941294583Z {"timestamp": 1786799373.9399705, "severity": "INFO", "name": "recommendationservice-server", "message": "[Recv ListRecommendations] product_ids=['LS4PSXUNUM', 'L9ECAV7KIM', '66VCHSJNUP', '2ZYFJ3GM2N', '6E92ZMYYFZ']"}
2026-08-15T13:09:34.166605689Z {"timestamp": 1786799374.1659136, "severity": "INFO", "name": "recommendationservice-server", "message": "[Recv ListRecommendations] product_ids=['1YMWWN1N4O', 'L9ECAV7KIM', 'LS4PSXUNUM', 'OLJCESPC7Z', '66VCHSJNUP']"}
2026-08-15T13:09:34.269255316Z {"timestamp": 1786799374.2683928, "severity": "INFO", "name": "recommendationservice-server", "message": "[Recv ListRecommendations] product_ids=['1YMWWN1N4O', 'L9ECAV7KIM', 'OLJCESPC7Z', '66VCHSJNUP', '0PUK6V6EV0']"}
2026-08-15T13:09:35.395680632Z {"timestamp": 1786799375.3946598, "severity": "INFO", "name": "recommendationservice-server", "message": "[Recv ListRecommendations] product_ids=['6E92ZMYYFZ', '2ZYFJ3GM2N', '66VCHSJNUP', 'LS4PSXUNUM', '9SIQT8TOJO']"}
2026-08-15T13:09:35.571300142Z {"timestamp": 1786799375.5709589, "severity": "INFO", "name": "recommendationservice-server", "message": "[Recv ListRecommendations] product_ids=['0PUK6V6EV0', '9SIQT8TOJO', 'OLJCESPC7Z', 'LS4PSXUNUM', 'L9ECAV7KIM']"}
2026-08-15T13:09:36.527533405Z {"timestamp": 1786799376.5269926, "severity": "INFO", "name": "recommendationservice-server", "message": "[Recv ListRecommendations] product_ids=['0PUK6V6EV0', 'L9ECAV7KIM', 'LS4PSXUNUM', 'OLJCESPC7Z', '1YMWWN1N4O']"}
2026-08-15T13:09:36.787538169Z {"timestamp": 1786799376.7864454, "severity": "INFO", "name": "recommendationservice-server", "message": "[Recv ListRecommendations] product_ids=['2ZYFJ3GM2N', 'L9ECAV7KIM', '66VCHSJNUP', '1YMWWN1N4O', '6E92ZMYYFZ']"}
2026-08-15T13:09:37.111578099Z {"timestamp": 1786799377.1110013, "severity": "INFO", "name": "recommendationservice-server", "message": "[Recv ListRecommendations] product_ids=['OLJCESPC7Z', '6E92ZMYYFZ', 'LS4PSXUNUM', '9SIQT8TOJO', '2ZYFJ3GM2N']"}
2026-08-15T13:09:38.491438906Z {"timestamp": 1786799378.4902177, "severity": "INFO", "name": "recommendationservice-server", "message": "[Recv ListRecommendations] product_ids=['1YMWWN1N4O', '0PUK6V6EV0', '6E92ZMYYFZ', '9SIQT8TOJO', 'OLJCESPC7Z']"}
2026-08-15T13:09:39.223487653Z {"timestamp": 1786799379.2227802, "severity": "INFO", "name": "recommendationservice-server", "message": "[Recv ListRecommendations] product_ids=['6E92ZMYYFZ', 'L9ECAV7KIM', '2ZYFJ3GM2N', '9SIQT8TOJO', 'LS4PSXUNUM']"}
2026-08-15T13:09:39.314013077Z {"timestamp": 1786799379.313397, "severity": "INFO", "name": "recommendationservice-server", "message": "[Recv ListRecommendations] product_ids=['2ZYFJ3GM2N', '66VCHSJNUP', '9SIQT8TOJO', 'L9ECAV7KIM', '0PUK6V6EV0']"}
2026-08-15T13:09:39.360336699Z {"timestamp": 1786799379.3593707, "severity": "INFO", "name": "recommendationservice-server", "message": "[Recv ListRecommendations] product_ids=['LS4PSXUNUM', '1YMWWN1N4O', 'OLJCESPC7Z', '0PUK6V6EV0', '9SIQT8TOJO']"}
2026-08-15T13:09:39.856157312Z {"timestamp": 1786799379.8548086, "severity": "INFO", "name": "recommendationservice-server", "message": "[Recv ListRecommendations] product_ids=['LS4PSXUNUM', 'OLJCESPC7Z', '66VCHSJNUP', '0PUK6V6EV0', '6E92ZMYYFZ']"}
2026-08-15T13:09:41.259718519Z {"timestamp": 1786799381.2583766, "severity": "INFO", "name": "recommendationservice-server", "message": "[Recv ListRecommendations] product_ids=['1YMWWN1N4O', '2ZYFJ3GM2N', '66VCHSJNUP', '6E92ZMYYFZ', '9SIQT8TOJO']"}
2026-08-15T13:09:41.461190592Z {"timestamp": 1786799381.4597576, "severity": "INFO", "name": "recommendationservice-server", "message": "[Recv ListRecommendations] product_ids=['0PUK6V6EV0', 'OLJCESPC7Z', '9SIQT8TOJO', 'LS4PSXUNUM', '66VCHSJNUP']"}
2026-08-15T13:09:42.361107170Z {"timestamp": 1786799382.3606713, "severity": "INFO", "name": "recommendationservice-server", "message": "[Recv ListRecommendations] product_ids=['LS4PSXUNUM', '9SIQT8TOJO', '6E92ZMYYFZ', '2ZYFJ3GM2N', '1YMWWN1N4O']"}
2026-08-15T13:09:43.154887201Z {"timestamp": 1786799383.15377, "severity": "INFO", "name": "recommendationservice-server", "message": "[Recv ListRecommendations] product_ids=['66VCHSJNUP', '9SIQT8TOJO', 'LS4PSXUNUM', '1YMWWN1N4O', '0PUK6V6EV0']"}
2026-08-15T13:09:44.376431360Z {"timestamp": 1786799384.3753822, "severity": "INFO", "name": "recommendationservice-server", "message": "[Recv ListRecommendations] product_ids=['2ZYFJ3GM2N', 'L9ECAV7KIM', '9SIQT8TOJO', 'OLJCESPC7Z', 'LS4PSXUNUM']"}
2026-08-15T13:09:44.874232680Z {"timestamp": 1786799384.8728817, "severity": "INFO", "name": "recommendationservice-server", "message": "[Recv ListRecommendations] product_ids=['0PUK6V6EV0', '66VCHSJNUP', '9SIQT8TOJO', 'LS4PSXUNUM', '2ZYFJ3GM2N']"}
2026-08-15T13:09:45.094441103Z {"timestamp": 1786799385.0938716, "severity": "INFO", "name": "recommendationservice-server", "message": "[Recv ListRecommendations] product_ids=['9SIQT8TOJO', '2ZYFJ3GM2N', '6E92ZMYYFZ', 'L9ECAV7KIM', 'OLJCESPC7Z']"}
2026-08-15T13:09:45.673656697Z {"timestamp": 1786799385.673041, "severity": "INFO", "name": "recommendationservice-server", "message": "[Recv ListRecommendations] product_ids=['9SIQT8TOJO', '6E92ZMYYFZ', 'OLJCESPC7Z', 'L9ECAV7KIM', '66VCHSJNUP']"}
2026-08-15T13:09:46.752741527Z {"timestamp": 1786799386.7513335, "severity": "INFO", "name": "recommendationservice-server", "message": "[Recv ListRecommendations] product_ids=['66VCHSJNUP', '6E92ZMYYFZ', '0PUK6V6EV0', 'LS4PSXUNUM', '2ZYFJ3GM2N']"}
2026-08-15T13:09:47.957029256Z {"timestamp": 1786799387.9557052, "severity": "INFO", "name": "recommendationservice-server", "message": "[Recv ListRecommendations] product_ids=['0PUK6V6EV0', '9SIQT8TOJO', '66VCHSJNUP', 'OLJCESPC7Z', '1YMWWN1N4O']"}
2026-08-15T13:09:48.698803051Z {"timestamp": 1786799388.6978705, "severity": "INFO", "name": "recommendationservice-server", "message": "[Recv ListRecommendations] product_ids=['LS4PSXUNUM', '1YMWWN1N4O', 'L9ECAV7KIM', 'OLJCESPC7Z', '0PUK6V6EV0']"}
2026-08-15T13:09:49.652833107Z {"timestamp": 1786799389.6511004, "severity": "INFO", "name": "recommendationservice-server", "message": "[Recv ListRecommendations] product_ids=['2ZYFJ3GM2N', '1YMWWN1N4O', 'L9ECAV7KIM', 'OLJCESPC7Z', '0PUK6V6EV0']"}
2026-08-15T13:09:49.728617869Z {"timestamp": 1786799389.7272096, "severity": "INFO", "name": "recommendationservice-server", "message": "[Recv ListRecommendations] product_ids=['1YMWWN1N4O', '0PUK6V6EV0', '6E92ZMYYFZ', 'OLJCESPC7Z', 'L9ECAV7KIM']"}
2026-08-15T13:09:50.178606036Z {"timestamp": 1786799390.1676064, "severity": "INFO", "name": "recommendationservice-server", "message": "[Recv ListRecommendations] product_ids=['OLJCESPC7Z', '0PUK6V6EV0', '1YMWWN1N4O', '9SIQT8TOJO', '6E92ZMYYFZ']"}
2026-08-15T13:09:51.013924706Z {"timestamp": 1786799391.0127227, "severity": "INFO", "name": "recommendationservice-server", "message": "[Recv ListRecommendations] product_ids=['LS4PSXUNUM', 'OLJCESPC7Z', '66VCHSJNUP', '0PUK6V6EV0']"}
2026-08-15T13:09:51.195716287Z {"timestamp": 1786799391.1951196, "severity": "INFO", "name": "recommendationservice-server", "message": "[Recv ListRecommendations] product_ids=['0PUK6V6EV0', '66VCHSJNUP', '9SIQT8TOJO', '2ZYFJ3GM2N', '6E92ZMYYFZ']"}
2026-08-15T13:09:51.718764023Z {"timestamp": 1786799391.7173743, "severity": "INFO", "name": "recommendationservice-server", "message": "[Recv ListRecommendations] product_ids=['66VCHSJNUP', '1YMWWN1N4O', 'OLJCESPC7Z', '6E92ZMYYFZ', 'L9ECAV7KIM']"}
2026-08-15T13:09:52.042706114Z {"timestamp": 1786799392.0416658, "severity": "INFO", "name": "recommendationservice-server", "message": "[Recv ListRecommendations] product_ids=['2ZYFJ3GM2N', 'OLJCESPC7Z', '9SIQT8TOJO', '66VCHSJNUP', 'LS4PSXUNUM']"}
2026-08-15T13:09:52.178265514Z {"timestamp": 1786799392.1775336, "severity": "INFO", "name": "recommendationservice-server", "message": "[Recv ListRecommendations] product_ids=['OLJCESPC7Z', 'LS4PSXUNUM', '1YMWWN1N4O', '9SIQT8TOJO', '0PUK6V6EV0']"}
2026-08-15T13:09:52.234514273Z {"timestamp": 1786799392.2336507, "severity": "INFO", "name": "recommendationservice-server", "message": "[Recv ListRecommendations] product_ids=['L9ECAV7KIM', '1YMWWN1N4O', 'OLJCESPC7Z', '2ZYFJ3GM2N', '66VCHSJNUP']"}
2026-08-15T13:09:52.393227267Z {"timestamp": 1786799392.392709, "severity": "INFO", "name": "recommendationservice-server", "message": "[Recv ListRecommendations] product_ids=['6E92ZMYYFZ', '2ZYFJ3GM2N', '1YMWWN1N4O', 'OLJCESPC7Z', 'L9ECAV7KIM']"}
2026-08-15T13:09:52.563736032Z {"timestamp": 1786799392.5629425, "severity": "INFO", "name": "recommendationservice-server", "message": "[Recv ListRecommendations] product_ids=['1YMWWN1N4O', '9SIQT8TOJO', '6E92ZMYYFZ', 'LS4PSXUNUM', '66VCHSJNUP']"}
2026-08-15T13:09:52.843411355Z {"timestamp": 1786799392.8430622, "severity": "INFO", "name": "recommendationservice-server", "message": "[Recv ListRecommendations] product_ids=['OLJCESPC7Z', '1YMWWN1N4O', '9SIQT8TOJO', '6E92ZMYYFZ', 'LS4PSXUNUM']"}
2026-08-15T13:09:53.528516346Z {"timestamp": 1786799393.5282123, "severity": "INFO", "name": "recommendationservice-server", "message": "[Recv ListRecommendations] product_ids=['9SIQT8TOJO', '2ZYFJ3GM2N', 'L9ECAV7KIM', '6E92ZMYYFZ', 'OLJCESPC7Z']"}
2026-08-15T13:09:53.557584577Z {"timestamp": 1786799393.5573223, "severity": "INFO", "name": "recommendationservice-server", "message": "[Recv ListRecommendations] product_ids=['2ZYFJ3GM2N', 'OLJCESPC7Z', 'L9ECAV7KIM', '9SIQT8TOJO', '0PUK6V6EV0']"}
2026-08-15T13:09:53.951849842Z {"timestamp": 1786799393.950411, "severity": "INFO", "name": "recommendationservice-server", "message": "[Recv ListRecommendations] product_ids=['2ZYFJ3GM2N', '1YMWWN1N4O', 'LS4PSXUNUM', '9SIQT8TOJO', '0PUK6V6EV0']"}
2026-08-15T13:09:54.324968030Z {"timestamp": 1786799394.323667, "severity": "INFO", "name": "recommendationservice-server", "message": "[Recv ListRecommendations] product_ids=['9SIQT8TOJO', 'L9ECAV7KIM', '0PUK6V6EV0', '1YMWWN1N4O', '2ZYFJ3GM2N']"}
2026-08-15T13:09:54.665912652Z {"timestamp": 1786799394.6647718, "severity": "INFO", "name": "recommendationservice-server", "message": "[Recv ListRecommendations] product_ids=['66VCHSJNUP', 'OLJCESPC7Z', 'LS4PSXUNUM', '0PUK6V6EV0']"}
2026-08-15T13:09:54.882989433Z {"timestamp": 1786799394.8816197, "severity": "INFO", "name": "recommendationservice-server", "message": "[Recv ListRecommendations] product_ids=['L9ECAV7KIM', 'LS4PSXUNUM', '66VCHSJNUP', '2ZYFJ3GM2N', '1YMWWN1N4O']"}
2026-08-15T13:09:55.075971919Z {"timestamp": 1786799395.0745904, "severity": "INFO", "name": "recommendationservice-server", "message": "[Recv ListRecommendations] product_ids=['LS4PSXUNUM', '2ZYFJ3GM2N', '0PUK6V6EV0', 'OLJCESPC7Z', '6E92ZMYYFZ']"}
2026-08-15T13:09:55.567412047Z {"timestamp": 1786799395.5669293, "severity": "INFO", "name": "recommendationservice-server", "message": "[Recv ListRecommendations] product_ids=['2ZYFJ3GM2N', '6E92ZMYYFZ', 'L9ECAV7KIM', 'LS4PSXUNUM', '66VCHSJNUP']"}
2026-08-15T13:09:55.725211335Z {"timestamp": 1786799395.7245104, "severity": "INFO", "name": "recommendationservice-server", "message": "[Recv ListRecommendations] product_ids=['LS4PSXUNUM', '2ZYFJ3GM2N', '9SIQT8TOJO', '6E92ZMYYFZ', '1YMWWN1N4O']"}
2026-08-15T13:09:55.754895506Z {"timestamp": 1786799395.7541397, "severity": "INFO", "name": "recommendationservice-server", "message": "[Recv ListRecommendations] product_ids=['L9ECAV7KIM', '2ZYFJ3GM2N', '9SIQT8TOJO', '66VCHSJNUP', 'LS4PSXUNUM']"}
2026-08-15T13:09:56.218234961Z {"timestamp": 1786799396.217345, "severity": "INFO", "name": "recommendationservice-server", "message": "[Recv ListRecommendations] product_ids=['6E92ZMYYFZ', 'OLJCESPC7Z', '2ZYFJ3GM2N', '1YMWWN1N4O', 'LS4PSXUNUM']"}
2026-08-15T13:09:56.327787033Z {"timestamp": 1786799396.3267868, "severity": "INFO", "name": "recommendationservice-server", "message": "[Recv ListRecommendations] product_ids=['LS4PSXUNUM', '2ZYFJ3GM2N', 'L9ECAV7KIM', '6E92ZMYYFZ', '1YMWWN1N4O']"}
2026-08-15T13:09:56.417547924Z {"timestamp": 1786799396.416533, "severity": "INFO", "name": "recommendationservice-server", "message": "[Recv ListRecommendations] product_ids=['L9ECAV7KIM', 'LS4PSXUNUM', '2ZYFJ3GM2N', '0PUK6V6EV0', '6E92ZMYYFZ']"}
2026-08-15T13:09:56.645666860Z {"timestamp": 1786799396.6440225, "severity": "INFO", "name": "recommendationservice-server", "message": "[Recv ListRecommendations] product_ids=['OLJCESPC7Z', 'L9ECAV7KIM', '6E92ZMYYFZ', '9SIQT8TOJO', 'LS4PSXUNUM']"}
2026-08-15T13:09:56.750997767Z {"timestamp": 1786799396.7497056, "severity": "INFO", "name": "recommendationservice-server", "message": "[Recv ListRecommendations] product_ids=['9SIQT8TOJO', '66VCHSJNUP', '6E92ZMYYFZ', 'OLJCESPC7Z', '2ZYFJ3GM2N']"}
2026-08-15T13:09:56.916943052Z {"timestamp": 1786799396.915501, "severity": "INFO", "name": "recommendationservice-server", "message": "[Recv ListRecommendations] product_ids=['2ZYFJ3GM2N', '1YMWWN1N4O', 'LS4PSXUNUM', '9SIQT8TOJO', 'OLJCESPC7Z']"}
2026-08-15T13:09:57.757429612Z {"timestamp": 1786799397.7562728, "severity": "INFO", "name": "recommendationservice-server", "message": "[Recv ListRecommendations] product_ids=['OLJCESPC7Z', 'LS4PSXUNUM', '0PUK6V6EV0', '66VCHSJNUP']"}
2026-08-15T13:09:58.637219656Z {"timestamp": 1786799398.6359873, "severity": "INFO", "name": "recommendationservice-server", "message": "[Recv ListRecommendations] product_ids=['1YMWWN1N4O', '2ZYFJ3GM2N', '9SIQT8TOJO', 'L9ECAV7KIM', '66VCHSJNUP']"}
2026-08-15T13:09:58.829493243Z {"timestamp": 1786799398.8289468, "severity": "INFO", "name": "recommendationservice-server", "message": "[Recv ListRecommendations] product_ids=['0PUK6V6EV0', 'LS4PSXUNUM', '6E92ZMYYFZ', 'L9ECAV7KIM', '2ZYFJ3GM2N']"}
2026-08-15T13:09:59.347242394Z {"timestamp": 1786799399.3459082, "severity": "INFO", "name": "recommendationservice-server", "message": "[Recv ListRecommendations] product_ids=['1YMWWN1N4O', 'OLJCESPC7Z', '0PUK6V6EV0', '9SIQT8TOJO', '6E92ZMYYFZ']"}
2026-08-15T13:09:59.471581295Z {"timestamp": 1786799399.4700508, "severity": "INFO", "name": "recommendationservice-server", "message": "[Recv ListRecommendations] product_ids=['2ZYFJ3GM2N', '66VCHSJNUP', 'L9ECAV7KIM', 'LS4PSXUNUM', '1YMWWN1N4O']"}
2026-08-15T13:09:59.518365650Z {"timestamp": 1786799399.5170875, "severity": "INFO", "name": "recommendationservice-server", "message": "[Recv ListRecommendations] product_ids=['0PUK6V6EV0', 'OLJCESPC7Z', '2ZYFJ3GM2N', 'LS4PSXUNUM', '66VCHSJNUP']"}
2026-08-15T13:09:59.560780424Z {"timestamp": 1786799399.559403, "severity": "INFO", "name": "recommendationservice-server", "message": "[Recv ListRecommendations] product_ids=['0PUK6V6EV0', 'LS4PSXUNUM', '6E92ZMYYFZ', '9SIQT8TOJO']"}
2026-08-15T13:10:00.865859931Z {"timestamp": 1786799400.8647344, "severity": "INFO", "name": "recommendationservice-server", "message": "[Recv ListRecommendations] product_ids=['66VCHSJNUP', '0PUK6V6EV0', 'L9ECAV7KIM', '9SIQT8TOJO', '2ZYFJ3GM2N']"}
2026-08-15T13:10:01.837860636Z {"timestamp": 1786799401.836904, "severity": "INFO", "name": "recommendationservice-server", "message": "[Recv ListRecommendations] product_ids=['66VCHSJNUP', '1YMWWN1N4O', '6E92ZMYYFZ', '2ZYFJ3GM2N', '9SIQT8TOJO']"}
2026-08-15T13:10:02.033968245Z {"timestamp": 1786799402.032751, "severity": "INFO", "name": "recommendationservice-server", "message": "[Recv ListRecommendations] product_ids=['L9ECAV7KIM', '1YMWWN1N4O', 'LS4PSXUNUM', '66VCHSJNUP', '0PUK6V6EV0']"}
2026-08-15T13:10:02.447116170Z {"timestamp": 1786799402.4464235, "severity": "INFO", "name": "recommendationservice-server", "message": "[Recv ListRecommendations] product_ids=['1YMWWN1N4O', '9SIQT8TOJO', 'OLJCESPC7Z', 'L9ECAV7KIM', '0PUK6V6EV0']"}
2026-08-15T13:10:02.857816825Z {"timestamp": 1786799402.8575244, "severity": "INFO", "name": "recommendationservice-server", "message": "[Recv ListRecommendations] product_ids=['9SIQT8TOJO', '66VCHSJNUP', '6E92ZMYYFZ', '1YMWWN1N4O', 'L9ECAV7KIM']"}
2026-08-15T13:10:03.384179149Z {"timestamp": 1786799403.3838503, "severity": "INFO", "name": "recommendationservice-server", "message": "[Recv ListRecommendations] product_ids=['9SIQT8TOJO', '0PUK6V6EV0', 'OLJCESPC7Z', '66VCHSJNUP', '2ZYFJ3GM2N']"}
2026-08-15T13:10:03.632353741Z {"timestamp": 1786799403.6310904, "severity": "INFO", "name": "recommendationservice-server", "message": "[Recv ListRecommendations] product_ids=['2ZYFJ3GM2N', 'L9ECAV7KIM', '9SIQT8TOJO', '6E92ZMYYFZ', '1YMWWN1N4O']"}
2026-08-15T13:10:03.776090753Z {"timestamp": 1786799403.7747152, "severity": "INFO", "name": "recommendationservice-server", "message": "[Recv ListRecommendations] product_ids=['9SIQT8TOJO', 'LS4PSXUNUM', '0PUK6V6EV0', '2ZYFJ3GM2N', '66VCHSJNUP']"}
2026-08-15T13:10:04.154097788Z {"timestamp": 1786799404.1532748, "severity": "INFO", "name": "recommendationservice-server", "message": "[Recv ListRecommendations] product_ids=['0PUK6V6EV0', '9SIQT8TOJO', 'LS4PSXUNUM', 'OLJCESPC7Z', '1YMWWN1N4O']"}
2026-08-15T13:10:04.226386242Z {"timestamp": 1786799404.2256935, "severity": "INFO", "name": "recommendationservice-server", "message": "[Recv ListRecommendations] product_ids=['66VCHSJNUP', 'OLJCESPC7Z', '6E92ZMYYFZ', '9SIQT8TOJO', 'LS4PSXUNUM']"}
2026-08-15T13:10:06.049426463Z {"timestamp": 1786799406.047901, "severity": "INFO", "name": "recommendationservice-server", "message": "[Recv ListRecommendations] product_ids=['LS4PSXUNUM', '6E92ZMYYFZ', '2ZYFJ3GM2N', '0PUK6V6EV0', 'L9ECAV7KIM']"}
2026-08-15T13:10:06.711410128Z {"timestamp": 1786799406.7102683, "severity": "INFO", "name": "recommendationservice-server", "message": "[Recv ListRecommendations] product_ids=['1YMWWN1N4O', '9SIQT8TOJO', '0PUK6V6EV0', '66VCHSJNUP', 'LS4PSXUNUM']"}
2026-08-15T13:10:07.879991733Z {"timestamp": 1786799407.8786733, "severity": "INFO", "name": "recommendationservice-server", "message": "[Recv ListRecommendations] product_ids=['L9ECAV7KIM', '6E92ZMYYFZ', '0PUK6V6EV0', '66VCHSJNUP', 'OLJCESPC7Z']"}
2026-08-15T13:10:08.126207403Z {"timestamp": 1786799408.125348, "severity": "INFO", "name": "recommendationservice-server", "message": "[Recv ListRecommendations] product_ids=['9SIQT8TOJO', '1YMWWN1N4O', 'LS4PSXUNUM', '66VCHSJNUP', 'L9ECAV7KIM']"}
2026-08-15T13:10:08.236998299Z {"timestamp": 1786799408.236103, "severity": "INFO", "name": "recommendationservice-server", "message": "[Recv ListRecommendations] product_ids=['2ZYFJ3GM2N', '66VCHSJNUP', '1YMWWN1N4O', '9SIQT8TOJO', '6E92ZMYYFZ']"}
2026-08-15T13:10:08.240325175Z {"timestamp": 1786799408.2392488, "severity": "INFO", "name": "recommendationservice-server", "message": "[Recv ListRecommendations] product_ids=['66VCHSJNUP', '1YMWWN1N4O', 'LS4PSXUNUM', '0PUK6V6EV0', '6E92ZMYYFZ']"}
2026-08-15T13:10:08.806359918Z {"timestamp": 1786799408.805162, "severity": "INFO", "name": "recommendationservice-server", "message": "[Recv ListRecommendations] product_ids=['0PUK6V6EV0', 'L9ECAV7KIM', '1YMWWN1N4O', '9SIQT8TOJO', 'LS4PSXUNUM']"}
2026-08-15T13:10:08.920654509Z {"timestamp": 1786799408.9195323, "severity": "INFO", "name": "recommendationservice-server", "message": "[Recv ListRecommendations] product_ids=['1YMWWN1N4O', '66VCHSJNUP', 'L9ECAV7KIM', 'LS4PSXUNUM', '0PUK6V6EV0']"}
2026-08-15T13:10:09.445931355Z {"timestamp": 1786799409.4452207, "severity": "INFO", "name": "recommendationservice-server", "message": "[Recv ListRecommendations] product_ids=['9SIQT8TOJO', 'LS4PSXUNUM', '6E92ZMYYFZ', '66VCHSJNUP', 'OLJCESPC7Z']"}
2026-08-15T13:10:11.866538409Z {"timestamp": 1786799411.8657424, "severity": "INFO", "name": "recommendationservice-server", "message": "[Recv ListRecommendations] product_ids=['0PUK6V6EV0', '6E92ZMYYFZ', 'LS4PSXUNUM', '2ZYFJ3GM2N', '9SIQT8TOJO']"}
2026-08-15T13:10:12.171572727Z {"timestamp": 1786799412.1708796, "severity": "INFO", "name": "recommendationservice-server", "message": "[Recv ListRecommendations] product_ids=['2ZYFJ3GM2N', 'L9ECAV7KIM', '6E92ZMYYFZ', 'OLJCESPC7Z', 'LS4PSXUNUM']"}
2026-08-15T13:10:12.184297267Z {"timestamp": 1786799412.1832042, "severity": "INFO", "name": "recommendationservice-server", "message": "[Recv ListRecommendations] product_ids=['6E92ZMYYFZ', 'L9ECAV7KIM', 'OLJCESPC7Z', '2ZYFJ3GM2N', '9SIQT8TOJO']"}
2026-08-15T13:10:12.650866964Z {"timestamp": 1786799412.6497972, "severity": "INFO", "name": "recommendationservice-server", "message": "[Recv ListRecommendations] product_ids=['LS4PSXUNUM', '0PUK6V6EV0', '9SIQT8TOJO', '2ZYFJ3GM2N', '66VCHSJNUP']"}
2026-08-15T13:10:12.827662770Z {"timestamp": 1786799412.8261452, "severity": "INFO", "name": "recommendationservice-server", "message": "[Recv ListRecommendations] product_ids=['2ZYFJ3GM2N', 'LS4PSXUNUM', '0PUK6V6EV0', 'OLJCESPC7Z', '9SIQT8TOJO']"}
2026-08-15T13:10:13.018168528Z {"timestamp": 1786799413.0172298, "severity": "INFO", "name": "recommendationservice-server", "message": "[Recv ListRecommendations] product_ids=['6E92ZMYYFZ', 'LS4PSXUNUM', '0PUK6V6EV0', '2ZYFJ3GM2N', 'L9ECAV7KIM']"}
2026-08-15T13:10:13.256900143Z {"timestamp": 1786799413.2555437, "severity": "INFO", "name": "recommendationservice-server", "message": "[Recv ListRecommendations] product_ids=['2ZYFJ3GM2N', '9SIQT8TOJO', '0PUK6V6EV0', '6E92ZMYYFZ', 'OLJCESPC7Z']"}
2026-08-15T13:10:13.273459717Z {"timestamp": 1786799413.2711403, "severity": "INFO", "name": "recommendationservice-server", "message": "[Recv ListRecommendations] product_ids=['6E92ZMYYFZ', 'OLJCESPC7Z', '2ZYFJ3GM2N', '9SIQT8TOJO', 'LS4PSXUNUM']"}
2026-08-15T13:10:14.710398321Z {"timestamp": 1786799414.7094219, "severity": "INFO", "name": "recommendationservice-server", "message": "[Recv ListRecommendations] product_ids=['9SIQT8TOJO', '1YMWWN1N4O', 'OLJCESPC7Z', '6E92ZMYYFZ', 'LS4PSXUNUM']"}
2026-08-15T13:10:14.872885809Z {"timestamp": 1786799414.8719676, "severity": "INFO", "name": "recommendationservice-server", "message": "[Recv ListRecommendations] product_ids=['2ZYFJ3GM2N', '66VCHSJNUP', 'LS4PSXUNUM', '0PUK6V6EV0', '1YMWWN1N4O']"}
2026-08-15T13:10:15.715802793Z {"timestamp": 1786799415.7153273, "severity": "INFO", "name": "recommendationservice-server", "message": "[Recv ListRecommendations] product_ids=['1YMWWN1N4O', 'OLJCESPC7Z', 'L9ECAV7KIM', 'LS4PSXUNUM', '0PUK6V6EV0']"}
2026-08-15T13:10:15.749029853Z {"timestamp": 1786799415.7485516, "severity": "INFO", "name": "recommendationservice-server", "message": "[Recv ListRecommendations] product_ids=['1YMWWN1N4O', '9SIQT8TOJO', '66VCHSJNUP', '6E92ZMYYFZ', 'OLJCESPC7Z']"}
2026-08-15T13:10:15.818094769Z {"timestamp": 1786799415.8167086, "severity": "INFO", "name": "recommendationservice-server", "message": "[Recv ListRecommendations] product_ids=['L9ECAV7KIM', '9SIQT8TOJO', 'OLJCESPC7Z', '1YMWWN1N4O', '2ZYFJ3GM2N']"}
2026-08-15T13:10:16.442515329Z {"timestamp": 1786799416.4416132, "severity": "INFO", "name": "recommendationservice-server", "message": "[Recv ListRecommendations] product_ids=['9SIQT8TOJO', 'LS4PSXUNUM', '6E92ZMYYFZ', '66VCHSJNUP', '0PUK6V6EV0']"}
2026-08-15T13:10:16.748445048Z {"timestamp": 1786799416.747347, "severity": "INFO", "name": "recommendationservice-server", "message": "[Recv ListRecommendations] product_ids=['9SIQT8TOJO', '2ZYFJ3GM2N', '0PUK6V6EV0', '6E92ZMYYFZ', 'OLJCESPC7Z']"}
2026-08-15T13:10:17.360222477Z {"timestamp": 1786799417.3596032, "severity": "INFO", "name": "recommendationservice-server", "message": "[Recv ListRecommendations] product_ids=['2ZYFJ3GM2N', 'OLJCESPC7Z', '1YMWWN1N4O', '9SIQT8TOJO', 'LS4PSXUNUM']"}
2026-08-15T13:10:17.631542779Z {"timestamp": 1786799417.6302722, "severity": "INFO", "name": "recommendationservice-server", "message": "[Recv ListRecommendations] product_ids=['0PUK6V6EV0', 'L9ECAV7KIM', '9SIQT8TOJO', '1YMWWN1N4O', 'OLJCESPC7Z']"}
2026-08-15T13:10:18.544983845Z {"timestamp": 1786799418.5435634, "severity": "INFO", "name": "recommendationservice-server", "message": "[Recv ListRecommendations] product_ids=['66VCHSJNUP', '9SIQT8TOJO', '2ZYFJ3GM2N', '1YMWWN1N4O', '0PUK6V6EV0']"}
2026-08-15T13:10:18.552985550Z {"timestamp": 1786799418.5515897, "severity": "INFO", "name": "recommendationservice-server", "message": "[Recv ListRecommendations] product_ids=['OLJCESPC7Z', 'LS4PSXUNUM', '9SIQT8TOJO', '66VCHSJNUP', '0PUK6V6EV0']"}
2026-08-15T13:10:19.032994168Z {"timestamp": 1786799419.0316746, "severity": "INFO", "name": "recommendationservice-server", "message": "[Recv ListRecommendations] product_ids=['66VCHSJNUP', 'OLJCESPC7Z', '9SIQT8TOJO', '6E92ZMYYFZ', 'L9ECAV7KIM']"}
2026-08-15T13:10:19.859833140Z {"timestamp": 1786799419.8593376, "severity": "INFO", "name": "recommendationservice-server", "message": "[Recv ListRecommendations] product_ids=['1YMWWN1N4O', 'OLJCESPC7Z', '6E92ZMYYFZ', 'LS4PSXUNUM', '0PUK6V6EV0']"}
2026-08-15T13:10:20.559112999Z {"timestamp": 1786799420.558008, "severity": "INFO", "name": "recommendationservice-server", "message": "[Recv ListRecommendations] product_ids=['2ZYFJ3GM2N', 'OLJCESPC7Z', 'LS4PSXUNUM', '66VCHSJNUP', '0PUK6V6EV0']"}
2026-08-15T13:10:21.030807179Z {"timestamp": 1786799421.0273433, "severity": "INFO", "name": "recommendationservice-server", "message": "[Recv ListRecommendations] product_ids=['1YMWWN1N4O', 'OLJCESPC7Z', 'L9ECAV7KIM', '0PUK6V6EV0', '6E92ZMYYFZ']"}
2026-08-15T13:10:21.266219021Z {"timestamp": 1786799421.264418, "severity": "INFO", "name": "recommendationservice-server", "message": "[Recv ListRecommendations] product_ids=['2ZYFJ3GM2N', '9SIQT8TOJO', 'OLJCESPC7Z', '6E92ZMYYFZ', 'L9ECAV7KIM']"}
2026-08-15T13:10:21.267432354Z {"timestamp": 1786799421.2669072, "severity": "INFO", "name": "recommendationservice-server", "message": "[Recv ListRecommendations] product_ids=['2ZYFJ3GM2N', 'OLJCESPC7Z', '1YMWWN1N4O', '6E92ZMYYFZ', '9SIQT8TOJO']"}
2026-08-15T13:10:21.473102919Z {"timestamp": 1786799421.4720302, "severity": "INFO", "name": "recommendationservice-server", "message": "[Recv ListRecommendations] product_ids=['0PUK6V6EV0', '9SIQT8TOJO', 'LS4PSXUNUM', 'OLJCESPC7Z', 'L9ECAV7KIM']"}
2026-08-15T13:10:21.739888918Z {"timestamp": 1786799421.7380912, "severity": "INFO", "name": "recommendationservice-server", "message": "[Recv ListRecommendations] product_ids=['0PUK6V6EV0', '6E92ZMYYFZ', '2ZYFJ3GM2N', '1YMWWN1N4O', '66VCHSJNUP']"}
2026-08-15T13:10:22.776978303Z {"timestamp": 1786799422.775838, "severity": "INFO", "name": "recommendationservice-server", "message": "[Recv ListRecommendations] product_ids=['6E92ZMYYFZ', 'OLJCESPC7Z', '1YMWWN1N4O', '66VCHSJNUP', 'L9ECAV7KIM']"}
2026-08-15T13:10:24.447062243Z {"timestamp": 1786799424.4458594, "severity": "INFO", "name": "recommendationservice-server", "message": "[Recv ListRecommendations] product_ids=['LS4PSXUNUM', 'L9ECAV7KIM', '0PUK6V6EV0', '2ZYFJ3GM2N', '6E92ZMYYFZ']"}
2026-08-15T13:10:24.546470097Z {"timestamp": 1786799424.5459044, "severity": "INFO", "name": "recommendationservice-server", "message": "[Recv ListRecommendations] product_ids=['0PUK6V6EV0', 'L9ECAV7KIM', '1YMWWN1N4O', '9SIQT8TOJO', 'LS4PSXUNUM']"}
2026-08-15T13:10:24.861830049Z {"timestamp": 1786799424.860725, "severity": "INFO", "name": "recommendationservice-server", "message": "[Recv ListRecommendations] product_ids=['1YMWWN1N4O', 'LS4PSXUNUM', 'OLJCESPC7Z', '2ZYFJ3GM2N', '9SIQT8TOJO']"}
2026-08-15T13:10:24.995762908Z {"timestamp": 1786799424.9941182, "severity": "INFO", "name": "recommendationservice-server", "message": "[Recv ListRecommendations] product_ids=['L9ECAV7KIM', '1YMWWN1N4O', '66VCHSJNUP', 'LS4PSXUNUM', '2ZYFJ3GM2N']"}
2026-08-15T13:10:25.138473835Z {"timestamp": 1786799425.137617, "severity": "INFO", "name": "recommendationservice-server", "message": "[Recv ListRecommendations] product_ids=['LS4PSXUNUM', '66VCHSJNUP', '0PUK6V6EV0', 'OLJCESPC7Z', '1YMWWN1N4O']"}
2026-08-15T13:10:25.971732858Z {"timestamp": 1786799425.9710872, "severity": "INFO", "name": "recommendationservice-server", "message": "[Recv ListRecommendations] product_ids=['0PUK6V6EV0', 'LS4PSXUNUM', 'OLJCESPC7Z', '1YMWWN1N4O', '66VCHSJNUP']"}
2026-08-15T13:10:26.443747073Z {"timestamp": 1786799426.4425416, "severity": "INFO", "name": "recommendationservice-server", "message": "[Recv ListRecommendations] product_ids=['2ZYFJ3GM2N', '1YMWWN1N4O', 'OLJCESPC7Z', '66VCHSJNUP', 'LS4PSXUNUM']"}
2026-08-15T13:10:26.697449231Z {"timestamp": 1786799426.6963074, "severity": "INFO", "name": "recommendationservice-server", "message": "[Recv ListRecommendations] product_ids=['2ZYFJ3GM2N', '1YMWWN1N4O', '6E92ZMYYFZ', 'LS4PSXUNUM', '66VCHSJNUP']"}
2026-08-15T13:10:27.552050627Z {"timestamp": 1786799427.5507274, "severity": "INFO", "name": "recommendationservice-server", "message": "[Recv ListRecommendations] product_ids=['9SIQT8TOJO', '6E92ZMYYFZ', 'OLJCESPC7Z', '2ZYFJ3GM2N', '0PUK6V6EV0']"}
2026-08-15T13:10:28.524467201Z {"timestamp": 1786799428.524197, "severity": "INFO", "name": "recommendationservice-server", "message": "[Recv ListRecommendations] product_ids=['OLJCESPC7Z', 'LS4PSXUNUM', '66VCHSJNUP', 'L9ECAV7KIM', '0PUK6V6EV0']"}
2026-08-15T13:10:28.619457940Z {"timestamp": 1786799428.6191175, "severity": "INFO", "name": "recommendationservice-server", "message": "[Recv ListRecommendations] product_ids=['66VCHSJNUP', '1YMWWN1N4O', 'L9ECAV7KIM', '9SIQT8TOJO', 'OLJCESPC7Z']"}
2026-08-15T13:10:28.729369657Z {"timestamp": 1786799428.7281327, "severity": "INFO", "name": "recommendationservice-server", "message": "[Recv ListRecommendations] product_ids=['1YMWWN1N4O', '2ZYFJ3GM2N', '0PUK6V6EV0', '66VCHSJNUP', '6E92ZMYYFZ']"}
2026-08-15T13:10:29.195483820Z {"timestamp": 1786799429.1947174, "severity": "INFO", "name": "recommendationservice-server", "message": "[Recv ListRecommendations] product_ids=['6E92ZMYYFZ', '9SIQT8TOJO', 'L9ECAV7KIM', '1YMWWN1N4O', '0PUK6V6EV0']"}
2026-08-15T13:10:29.307362244Z {"timestamp": 1786799429.306648, "severity": "INFO", "name": "recommendationservice-server", "message": "[Recv ListRecommendations] product_ids=['66VCHSJNUP', '0PUK6V6EV0', '6E92ZMYYFZ', '1YMWWN1N4O', 'OLJCESPC7Z']"}
2026-08-15T13:10:29.455844237Z {"timestamp": 1786799429.4546552, "severity": "INFO", "name": "recommendationservice-server", "message": "[Recv ListRecommendations] product_ids=['OLJCESPC7Z', '2ZYFJ3GM2N', '66VCHSJNUP', '6E92ZMYYFZ', '1YMWWN1N4O']"}
2026-08-15T13:10:29.644517077Z {"timestamp": 1786799429.643102, "severity": "INFO", "name": "recommendationservice-server", "message": "[Recv ListRecommendations] product_ids=['0PUK6V6EV0', '6E92ZMYYFZ', 'LS4PSXUNUM']"}
2026-08-15T13:10:30.443966170Z {"timestamp": 1786799430.442815, "severity": "INFO", "name": "recommendationservice-server", "message": "[Recv ListRecommendations] product_ids=['0PUK6V6EV0', 'OLJCESPC7Z', 'LS4PSXUNUM', '6E92ZMYYFZ', 'L9ECAV7KIM']"}
2026-08-15T13:10:30.539000014Z {"timestamp": 1786799430.533479, "severity": "INFO", "name": "recommendationservice-server", "message": "[Recv ListRecommendations] product_ids=['66VCHSJNUP', '0PUK6V6EV0', '9SIQT8TOJO', '6E92ZMYYFZ', 'OLJCESPC7Z']"}
2026-08-15T13:10:30.829093174Z {"timestamp": 1786799430.8284154, "severity": "INFO", "name": "recommendationservice-server", "message": "[Recv ListRecommendations] product_ids=['1YMWWN1N4O', '0PUK6V6EV0', '9SIQT8TOJO', '2ZYFJ3GM2N', 'L9ECAV7KIM']"}
2026-08-15T13:10:31.325189105Z {"timestamp": 1786799431.3240845, "severity": "INFO", "name": "recommendationservice-server", "message": "[Recv ListRecommendations] product_ids=['L9ECAV7KIM', 'OLJCESPC7Z', 'LS4PSXUNUM', '2ZYFJ3GM2N', '66VCHSJNUP']"}
2026-08-15T13:10:31.430219006Z {"timestamp": 1786799431.4293694, "severity": "INFO", "name": "recommendationservice-server", "message": "[Recv ListRecommendations] product_ids=['6E92ZMYYFZ', '1YMWWN1N4O', 'LS4PSXUNUM', 'L9ECAV7KIM', '2ZYFJ3GM2N']"}
2026-08-15T13:10:31.515119979Z {"timestamp": 1786799431.5145347, "severity": "INFO", "name": "recommendationservice-server", "message": "[Recv ListRecommendations] product_ids=['0PUK6V6EV0', '2ZYFJ3GM2N', 'OLJCESPC7Z', 'LS4PSXUNUM', '6E92ZMYYFZ']"}
2026-08-15T13:10:31.609520156Z {"timestamp": 1786799431.6083152, "severity": "INFO", "name": "recommendationservice-server", "message": "[Recv ListRecommendations] product_ids=['66VCHSJNUP', 'LS4PSXUNUM', 'OLJCESPC7Z', 'L9ECAV7KIM', '1YMWWN1N4O']"}
2026-08-15T13:10:31.762481422Z {"timestamp": 1786799431.761253, "severity": "INFO", "name": "recommendationservice-server", "message": "[Recv ListRecommendations] product_ids=['66VCHSJNUP', '6E92ZMYYFZ', 'L9ECAV7KIM', 'LS4PSXUNUM', '0PUK6V6EV0']"}
2026-08-15T13:10:32.228797407Z {"timestamp": 1786799432.2275481, "severity": "INFO", "name": "recommendationservice-server", "message": "[Recv ListRecommendations] product_ids=['9SIQT8TOJO', '1YMWWN1N4O', '6E92ZMYYFZ', 'LS4PSXUNUM', '2ZYFJ3GM2N']"}
2026-08-15T13:10:32.542422053Z {"timestamp": 1786799432.542017, "severity": "INFO", "name": "recommendationservice-server", "message": "[Recv ListRecommendations] product_ids=['0PUK6V6EV0', '66VCHSJNUP', '1YMWWN1N4O', 'LS4PSXUNUM', '6E92ZMYYFZ']"}
2026-08-15T13:10:33.045604834Z {"timestamp": 1786799433.0453131, "severity": "INFO", "name": "recommendationservice-server", "message": "[Recv ListRecommendations] product_ids=['0PUK6V6EV0', '9SIQT8TOJO', '2ZYFJ3GM2N', '1YMWWN1N4O', 'LS4PSXUNUM']"}
2026-08-15T13:10:33.361129681Z {"timestamp": 1786799433.360742, "severity": "INFO", "name": "recommendationservice-server", "message": "[Recv ListRecommendations] product_ids=['L9ECAV7KIM', '1YMWWN1N4O', '0PUK6V6EV0', '9SIQT8TOJO', '6E92ZMYYFZ']"}
2026-08-15T13:10:34.133556318Z {"timestamp": 1786799434.1323144, "severity": "INFO", "name": "recommendationservice-server", "message": "[Recv ListRecommendations] product_ids=['2ZYFJ3GM2N', 'L9ECAV7KIM', '6E92ZMYYFZ', '0PUK6V6EV0']"}
2026-08-15T13:10:34.139646262Z {"timestamp": 1786799434.138101, "severity": "INFO", "name": "recommendationservice-server", "message": "[Recv ListRecommendations] product_ids=['0PUK6V6EV0', '1YMWWN1N4O', '66VCHSJNUP', 'LS4PSXUNUM', 'L9ECAV7KIM']"}
2026-08-15T13:10:34.284773200Z {"timestamp": 1786799434.2835264, "severity": "INFO", "name": "recommendationservice-server", "message": "[Recv ListRecommendations] product_ids=['1YMWWN1N4O', '6E92ZMYYFZ', 'L9ECAV7KIM', '9SIQT8TOJO', '66VCHSJNUP']"}
2026-08-15T13:10:34.785149984Z {"timestamp": 1786799434.7838023, "severity": "INFO", "name": "recommendationservice-server", "message": "[Recv ListRecommendations] product_ids=['L9ECAV7KIM', '6E92ZMYYFZ', '0PUK6V6EV0', 'OLJCESPC7Z', '9SIQT8TOJO']"}
2026-08-15T13:10:35.735999333Z {"timestamp": 1786799435.7346818, "severity": "INFO", "name": "recommendationservice-server", "message": "[Recv ListRecommendations] product_ids=['66VCHSJNUP', '0PUK6V6EV0', 'L9ECAV7KIM', '9SIQT8TOJO', '1YMWWN1N4O']"}
2026-08-15T13:10:36.983205921Z {"timestamp": 1786799436.9821825, "severity": "INFO", "name": "recommendationservice-server", "message": "[Recv ListRecommendations] product_ids=['6E92ZMYYFZ', '1YMWWN1N4O', 'LS4PSXUNUM', 'L9ECAV7KIM', '9SIQT8TOJO']"}
2026-08-15T13:10:39.056951602Z {"timestamp": 1786799439.0544817, "severity": "INFO", "name": "recommendationservice-server", "message": "[Recv ListRecommendations] product_ids=['66VCHSJNUP', 'LS4PSXUNUM', 'L9ECAV7KIM', '1YMWWN1N4O', 'OLJCESPC7Z']"}
2026-08-15T13:10:39.077335954Z {"timestamp": 1786799439.0766397, "severity": "INFO", "name": "recommendationservice-server", "message": "[Recv ListRecommendations] product_ids=['6E92ZMYYFZ', 'OLJCESPC7Z', 'LS4PSXUNUM', 'L9ECAV7KIM', '66VCHSJNUP']"}
2026-08-15T13:10:39.376366627Z {"timestamp": 1786799439.3730466, "severity": "INFO", "name": "recommendationservice-server", "message": "[Recv ListRecommendations] product_ids=['L9ECAV7KIM', 'OLJCESPC7Z', '6E92ZMYYFZ', '9SIQT8TOJO', '1YMWWN1N4O']"}
2026-08-15T13:10:39.496171502Z {"timestamp": 1786799439.494966, "severity": "INFO", "name": "recommendationservice-server", "message": "[Recv ListRecommendations] product_ids=['66VCHSJNUP', '0PUK6V6EV0', 'OLJCESPC7Z', '1YMWWN1N4O', '2ZYFJ3GM2N']"}
2026-08-15T13:10:39.514288748Z {"timestamp": 1786799439.513569, "severity": "INFO", "name": "recommendationservice-server", "message": "[Recv ListRecommendations] product_ids=['2ZYFJ3GM2N', '9SIQT8TOJO', '6E92ZMYYFZ', '1YMWWN1N4O', 'L9ECAV7KIM']"}
2026-08-15T13:10:40.343591614Z {"timestamp": 1786799440.342153, "severity": "INFO", "name": "recommendationservice-server", "message": "[Recv ListRecommendations] product_ids=['9SIQT8TOJO', '6E92ZMYYFZ', 'LS4PSXUNUM', '0PUK6V6EV0', 'L9ECAV7KIM']"}
2026-08-15T13:10:41.339129524Z {"timestamp": 1786799441.3382173, "severity": "INFO", "name": "recommendationservice-server", "message": "[Recv ListRecommendations] product_ids=['LS4PSXUNUM', '6E92ZMYYFZ', '0PUK6V6EV0', '9SIQT8TOJO', '1YMWWN1N4O']"}
2026-08-15T13:10:41.486936880Z {"timestamp": 1786799441.4859638, "severity": "INFO", "name": "recommendationservice-server", "message": "[Recv ListRecommendations] product_ids=['6E92ZMYYFZ', '66VCHSJNUP', 'L9ECAV7KIM', '1YMWWN1N4O', '2ZYFJ3GM2N']"}
2026-08-15T13:10:41.587848304Z {"timestamp": 1786799441.5869, "severity": "INFO", "name": "recommendationservice-server", "message": "[Recv ListRecommendations] product_ids=['LS4PSXUNUM', '6E92ZMYYFZ', '2ZYFJ3GM2N', '9SIQT8TOJO', '0PUK6V6EV0']"}
2026-08-15T13:10:42.450218135Z {"timestamp": 1786799442.4488919, "severity": "INFO", "name": "recommendationservice-server", "message": "[Recv ListRecommendations] product_ids=['LS4PSXUNUM', '2ZYFJ3GM2N', '1YMWWN1N4O', '0PUK6V6EV0', '9SIQT8TOJO']"}
2026-08-15T13:10:42.693271550Z {"timestamp": 1786799442.692177, "severity": "INFO", "name": "recommendationservice-server", "message": "[Recv ListRecommendations] product_ids=['66VCHSJNUP', 'LS4PSXUNUM', 'L9ECAV7KIM', '2ZYFJ3GM2N', '6E92ZMYYFZ']"}
2026-08-15T13:10:43.574093837Z {"timestamp": 1786799443.5727892, "severity": "INFO", "name": "recommendationservice-server", "message": "[Recv ListRecommendations] product_ids=['LS4PSXUNUM', 'L9ECAV7KIM', '6E92ZMYYFZ', '2ZYFJ3GM2N', 'OLJCESPC7Z']"}
2026-08-15T13:10:44.326949806Z {"timestamp": 1786799444.3256798, "severity": "INFO", "name": "recommendationservice-server", "message": "[Recv ListRecommendations] product_ids=['6E92ZMYYFZ', '9SIQT8TOJO', '1YMWWN1N4O', 'LS4PSXUNUM', '2ZYFJ3GM2N']"}
2026-08-15T13:10:44.418995237Z {"timestamp": 1786799444.4184556, "severity": "INFO", "name": "recommendationservice-server", "message": "[Recv ListRecommendations] product_ids=['66VCHSJNUP', '0PUK6V6EV0', '1YMWWN1N4O', 'L9ECAV7KIM', '9SIQT8TOJO']"}
2026-08-15T13:10:45.164113032Z {"timestamp": 1786799445.1632164, "severity": "INFO", "name": "recommendationservice-server", "message": "[Recv ListRecommendations] product_ids=['66VCHSJNUP', 'LS4PSXUNUM', '2ZYFJ3GM2N', '9SIQT8TOJO', '0PUK6V6EV0']"}
2026-08-15T13:10:45.337889863Z {"timestamp": 1786799445.3371565, "severity": "INFO", "name": "recommendationservice-server", "message": "[Recv ListRecommendations] product_ids=['2ZYFJ3GM2N', 'L9ECAV7KIM', '9SIQT8TOJO', '66VCHSJNUP', 'OLJCESPC7Z']"}
2026-08-15T13:10:45.460938019Z {"timestamp": 1786799445.4593415, "severity": "INFO", "name": "recommendationservice-server", "message": "[Recv ListRecommendations] product_ids=['L9ECAV7KIM', '9SIQT8TOJO', '1YMWWN1N4O', 'OLJCESPC7Z', 'LS4PSXUNUM']"}
2026-08-15T13:10:45.699468954Z {"timestamp": 1786799445.6988103, "severity": "INFO", "name": "recommendationservice-server", "message": "[Recv ListRecommendations] product_ids=['6E92ZMYYFZ', '2ZYFJ3GM2N', 'OLJCESPC7Z', '9SIQT8TOJO', 'L9ECAV7KIM']"}
2026-08-15T13:10:45.928335826Z {"timestamp": 1786799445.927725, "severity": "INFO", "name": "recommendationservice-server", "message": "[Recv ListRecommendations] product_ids=['6E92ZMYYFZ', 'OLJCESPC7Z', '0PUK6V6EV0', '9SIQT8TOJO', '1YMWWN1N4O']"}
2026-08-15T13:10:46.124472697Z {"timestamp": 1786799446.123544, "severity": "INFO", "name": "recommendationservice-server", "message": "[Recv ListRecommendations] product_ids=['66VCHSJNUP', '2ZYFJ3GM2N', 'L9ECAV7KIM', 'LS4PSXUNUM', '0PUK6V6EV0']"}
2026-08-15T13:10:46.478881735Z {"timestamp": 1786799446.4779117, "severity": "INFO", "name": "recommendationservice-server", "message": "[Recv ListRecommendations] product_ids=['1YMWWN1N4O', 'LS4PSXUNUM', '9SIQT8TOJO', '6E92ZMYYFZ', '66VCHSJNUP']"}
2026-08-15T13:10:46.484260075Z {"timestamp": 1786799446.4827628, "severity": "INFO", "name": "recommendationservice-server", "message": "[Recv ListRecommendations] product_ids=['6E92ZMYYFZ', 'L9ECAV7KIM', '0PUK6V6EV0', '9SIQT8TOJO', '2ZYFJ3GM2N']"}
2026-08-15T13:10:47.406569348Z {"timestamp": 1786799447.4060092, "severity": "INFO", "name": "recommendationservice-server", "message": "[Recv ListRecommendations] product_ids=['66VCHSJNUP', '1YMWWN1N4O', '9SIQT8TOJO', 'OLJCESPC7Z', '6E92ZMYYFZ']"}
2026-08-15T13:10:47.480093216Z {"timestamp": 1786799447.4788547, "severity": "INFO", "name": "recommendationservice-server", "message": "[Recv ListRecommendations] product_ids=['L9ECAV7KIM', '2ZYFJ3GM2N', '66VCHSJNUP', '1YMWWN1N4O', '6E92ZMYYFZ']"}
2026-08-15T13:10:47.594169713Z {"timestamp": 1786799447.5928338, "severity": "INFO", "name": "recommendationservice-server", "message": "[Recv ListRecommendations] product_ids=['L9ECAV7KIM', '1YMWWN1N4O', '2ZYFJ3GM2N', 'LS4PSXUNUM', 'OLJCESPC7Z']"}
2026-08-15T13:10:47.657251392Z {"timestamp": 1786799447.6567109, "severity": "INFO", "name": "recommendationservice-server", "message": "[Recv ListRecommendations] product_ids=['1YMWWN1N4O', '6E92ZMYYFZ', '0PUK6V6EV0', '2ZYFJ3GM2N', 'L9ECAV7KIM']"}
2026-08-15T13:10:47.659592636Z {"timestamp": 1786799447.6590943, "severity": "INFO", "name": "recommendationservice-server", "message": "[Recv ListRecommendations] product_ids=['6E92ZMYYFZ', '2ZYFJ3GM2N', 'L9ECAV7KIM', '1YMWWN1N4O', 'LS4PSXUNUM']"}
2026-08-15T13:10:48.109854795Z {"timestamp": 1786799448.109308, "severity": "INFO", "name": "recommendationservice-server", "message": "[Recv ListRecommendations] product_ids=['L9ECAV7KIM', '2ZYFJ3GM2N', '0PUK6V6EV0', '6E92ZMYYFZ']"}
2026-08-15T13:10:48.357548027Z {"timestamp": 1786799448.3566325, "severity": "INFO", "name": "recommendationservice-server", "message": "[Recv ListRecommendations] product_ids=['1YMWWN1N4O', 'L9ECAV7KIM', '66VCHSJNUP', 'LS4PSXUNUM', '6E92ZMYYFZ']"}
2026-08-15T13:10:48.445320881Z {"timestamp": 1786799448.444051, "severity": "INFO", "name": "recommendationservice-server", "message": "[Recv ListRecommendations] product_ids=['2ZYFJ3GM2N', '0PUK6V6EV0', 'LS4PSXUNUM', '9SIQT8TOJO', '66VCHSJNUP']"}
2026-08-15T13:10:48.982205973Z {"timestamp": 1786799448.9808555, "severity": "INFO", "name": "recommendationservice-server", "message": "[Recv ListRecommendations] product_ids=['2ZYFJ3GM2N', '9SIQT8TOJO', '66VCHSJNUP', '6E92ZMYYFZ', 'L9ECAV7KIM']"}
2026-08-15T13:10:49.851840368Z {"timestamp": 1786799449.8502233, "severity": "INFO", "name": "recommendationservice-server", "message": "[Recv ListRecommendations] product_ids=['2ZYFJ3GM2N', '0PUK6V6EV0', '1YMWWN1N4O', 'LS4PSXUNUM', '9SIQT8TOJO']"}
2026-08-15T13:10:50.855431834Z {"timestamp": 1786799450.8551397, "severity": "INFO", "name": "recommendationservice-server", "message": "[Recv ListRecommendations] product_ids=['OLJCESPC7Z', '0PUK6V6EV0', '2ZYFJ3GM2N', 'L9ECAV7KIM', '66VCHSJNUP']"}
2026-08-15T13:10:51.267479307Z {"timestamp": 1786799451.2661507, "severity": "INFO", "name": "recommendationservice-server", "message": "[Recv ListRecommendations] product_ids=['66VCHSJNUP', '6E92ZMYYFZ', 'LS4PSXUNUM', '2ZYFJ3GM2N', 'OLJCESPC7Z']"}
2026-08-15T13:10:51.400969906Z {"timestamp": 1786799451.3996165, "severity": "INFO", "name": "recommendationservice-server", "message": "[Recv ListRecommendations] product_ids=['6E92ZMYYFZ', 'LS4PSXUNUM', 'OLJCESPC7Z', 'L9ECAV7KIM', '9SIQT8TOJO']"}
2026-08-15T13:10:51.658965888Z {"timestamp": 1786799451.6578639, "severity": "INFO", "name": "recommendationservice-server", "message": "[Recv ListRecommendations] product_ids=['1YMWWN1N4O', '9SIQT8TOJO', 'L9ECAV7KIM', '0PUK6V6EV0', '2ZYFJ3GM2N']"}
2026-08-15T13:10:52.153537034Z {"timestamp": 1786799452.1525712, "severity": "INFO", "name": "recommendationservice-server", "message": "[Recv ListRecommendations] product_ids=['L9ECAV7KIM', '2ZYFJ3GM2N', '66VCHSJNUP', 'LS4PSXUNUM', '6E92ZMYYFZ']"}
2026-08-15T13:10:53.872509134Z {"timestamp": 1786799453.8711667, "severity": "INFO", "name": "recommendationservice-server", "message": "[Recv ListRecommendations] product_ids=['OLJCESPC7Z', 'L9ECAV7KIM', 'LS4PSXUNUM', '1YMWWN1N4O', '2ZYFJ3GM2N']"}
2026-08-15T13:10:53.974570416Z {"timestamp": 1786799453.9737985, "severity": "INFO", "name": "recommendationservice-server", "message": "[Recv ListRecommendations] product_ids=['0PUK6V6EV0', '9SIQT8TOJO', 'OLJCESPC7Z', '1YMWWN1N4O', '2ZYFJ3GM2N']"}
2026-08-15T13:10:55.160858013Z {"timestamp": 1786799455.1596189, "severity": "INFO", "name": "recommendationservice-server", "message": "[Recv ListRecommendations] product_ids=['0PUK6V6EV0', 'LS4PSXUNUM', '1YMWWN1N4O', '9SIQT8TOJO', 'OLJCESPC7Z']"}
2026-08-15T13:10:55.163597433Z {"timestamp": 1786799455.162185, "severity": "INFO", "name": "recommendationservice-server", "message": "[Recv ListRecommendations] product_ids=['LS4PSXUNUM', '2ZYFJ3GM2N', '0PUK6V6EV0', 'L9ECAV7KIM', 'OLJCESPC7Z']"}
2026-08-15T13:10:55.263743061Z {"timestamp": 1786799455.2618978, "severity": "INFO", "name": "recommendationservice-server", "message": "[Recv ListRecommendations] product_ids=['6E92ZMYYFZ', 'LS4PSXUNUM', '1YMWWN1N4O', 'L9ECAV7KIM', '0PUK6V6EV0']"}
2026-08-15T13:10:55.375935854Z {"timestamp": 1786799455.3744235, "severity": "INFO", "name": "recommendationservice-server", "message": "[Recv ListRecommendations] product_ids=['6E92ZMYYFZ', '1YMWWN1N4O', 'LS4PSXUNUM', 'OLJCESPC7Z', '0PUK6V6EV0']"}
2026-08-15T13:10:56.205782178Z {"timestamp": 1786799456.205104, "severity": "INFO", "name": "recommendationservice-server", "message": "[Recv ListRecommendations] product_ids=['0PUK6V6EV0', '2ZYFJ3GM2N', 'L9ECAV7KIM']"}
2026-08-15T13:10:56.211937772Z {"timestamp": 1786799456.2088184, "severity": "INFO", "name": "recommendationservice-server", "message": "[Recv ListRecommendations] product_ids=['6E92ZMYYFZ', '0PUK6V6EV0', '1YMWWN1N4O', 'OLJCESPC7Z', 'L9ECAV7KIM']"}
2026-08-15T13:10:56.720180914Z {"timestamp": 1786799456.7184827, "severity": "INFO", "name": "recommendationservice-server", "message": "[Recv ListRecommendations] product_ids=['1YMWWN1N4O', 'OLJCESPC7Z', '6E92ZMYYFZ', 'L9ECAV7KIM', '2ZYFJ3GM2N']"}
2026-08-15T13:10:57.089459917Z {"timestamp": 1786799457.078031, "severity": "INFO", "name": "recommendationservice-server", "message": "[Recv ListRecommendations] product_ids=['L9ECAV7KIM', '2ZYFJ3GM2N', 'LS4PSXUNUM', '66VCHSJNUP', '1YMWWN1N4O']"}
2026-08-15T13:10:57.511084429Z {"timestamp": 1786799457.509721, "severity": "INFO", "name": "recommendationservice-server", "message": "[Recv ListRecommendations] product_ids=['OLJCESPC7Z', '0PUK6V6EV0', '66VCHSJNUP', '1YMWWN1N4O', '9SIQT8TOJO']"}
2026-08-15T13:10:57.988202576Z {"timestamp": 1786799457.986869, "severity": "INFO", "name": "recommendationservice-server", "message": "[Recv ListRecommendations] product_ids=['6E92ZMYYFZ', 'OLJCESPC7Z', 'LS4PSXUNUM', '1YMWWN1N4O', 'L9ECAV7KIM']"}
2026-08-15T13:10:58.364424136Z {"timestamp": 1786799458.36338, "severity": "INFO", "name": "recommendationservice-server", "message": "[Recv ListRecommendations] product_ids=['9SIQT8TOJO', '1YMWWN1N4O', '6E92ZMYYFZ', 'OLJCESPC7Z', '66VCHSJNUP']"}
2026-08-15T13:10:59.966022963Z {"timestamp": 1786799459.9650526, "severity": "INFO", "name": "recommendationservice-server", "message": "[Recv ListRecommendations] product_ids=['1YMWWN1N4O', '0PUK6V6EV0', '9SIQT8TOJO', 'L9ECAV7KIM', 'OLJCESPC7Z']"}
2026-08-15T13:11:00.318156061Z {"timestamp": 1786799460.316808, "severity": "INFO", "name": "recommendationservice-server", "message": "[Recv ListRecommendations] product_ids=['OLJCESPC7Z', '2ZYFJ3GM2N', 'LS4PSXUNUM', '9SIQT8TOJO', '66VCHSJNUP']"}
2026-08-15T13:11:00.614556867Z {"timestamp": 1786799460.6131356, "severity": "INFO", "name": "recommendationservice-server", "message": "[Recv ListRecommendations] product_ids=['9SIQT8TOJO', '1YMWWN1N4O', '6E92ZMYYFZ', '2ZYFJ3GM2N', 'L9ECAV7KIM']"}
2026-08-15T13:11:02.112868492Z {"timestamp": 1786799462.1119583, "severity": "INFO", "name": "recommendationservice-server", "message": "[Recv ListRecommendations] product_ids=['OLJCESPC7Z', 'LS4PSXUNUM', '9SIQT8TOJO', '2ZYFJ3GM2N', '6E92ZMYYFZ']"}
2026-08-15T13:11:03.675181168Z {"timestamp": 1786799463.6746657, "severity": "INFO", "name": "recommendationservice-server", "message": "[Recv ListRecommendations] product_ids=['1YMWWN1N4O', 'LS4PSXUNUM', '0PUK6V6EV0', '2ZYFJ3GM2N', '6E92ZMYYFZ']"}
2026-08-15T13:11:03.715420150Z {"timestamp": 1786799463.7145023, "severity": "INFO", "name": "recommendationservice-server", "message": "[Recv ListRecommendations] product_ids=['0PUK6V6EV0', 'LS4PSXUNUM', '6E92ZMYYFZ', 'L9ECAV7KIM', '1YMWWN1N4O']"}
2026-08-15T13:11:03.757500924Z {"timestamp": 1786799463.7562134, "severity": "INFO", "name": "recommendationservice-server", "message": "[Recv ListRecommendations] product_ids=['9SIQT8TOJO', '1YMWWN1N4O', 'OLJCESPC7Z', 'L9ECAV7KIM', '6E92ZMYYFZ']"}
2026-08-15T13:11:04.639674511Z {"timestamp": 1786799464.6381397, "severity": "INFO", "name": "recommendationservice-server", "message": "[Recv ListRecommendations] product_ids=['L9ECAV7KIM', '1YMWWN1N4O', '66VCHSJNUP', '2ZYFJ3GM2N', '6E92ZMYYFZ']"}
2026-08-15T13:11:04.759994917Z {"timestamp": 1786799464.7588391, "severity": "INFO", "name": "recommendationservice-server", "message": "[Recv ListRecommendations] product_ids=['1YMWWN1N4O', 'LS4PSXUNUM', '2ZYFJ3GM2N', 'OLJCESPC7Z', '9SIQT8TOJO']"}
2026-08-15T13:11:04.863019324Z {"timestamp": 1786799464.8624177, "severity": "INFO", "name": "recommendationservice-server", "message": "[Recv ListRecommendations] product_ids=['L9ECAV7KIM', 'OLJCESPC7Z', 'LS4PSXUNUM', '0PUK6V6EV0', '9SIQT8TOJO']"}
2026-08-15T13:11:05.063205730Z {"timestamp": 1786799465.0616841, "severity": "INFO", "name": "recommendationservice-server", "message": "[Recv ListRecommendations] product_ids=['0PUK6V6EV0', 'L9ECAV7KIM', '1YMWWN1N4O', '66VCHSJNUP', '6E92ZMYYFZ']"}
2026-08-15T13:11:05.908214055Z {"timestamp": 1786799465.9070776, "severity": "INFO", "name": "recommendationservice-server", "message": "[Recv ListRecommendations] product_ids=['0PUK6V6EV0', '66VCHSJNUP', '6E92ZMYYFZ', 'OLJCESPC7Z', 'L9ECAV7KIM']"}
2026-08-15T13:11:05.914487607Z {"timestamp": 1786799465.9129171, "severity": "INFO", "name": "recommendationservice-server", "message": "[Recv ListRecommendations] product_ids=['2ZYFJ3GM2N', 'LS4PSXUNUM', '66VCHSJNUP', '6E92ZMYYFZ', 'OLJCESPC7Z']"}
2026-08-15T13:11:06.424946661Z {"timestamp": 1786799466.4239209, "severity": "INFO", "name": "recommendationservice-server", "message": "[Recv ListRecommendations] product_ids=['OLJCESPC7Z', '2ZYFJ3GM2N', '9SIQT8TOJO', '66VCHSJNUP', '0PUK6V6EV0']"}
2026-08-15T13:11:06.841765182Z {"timestamp": 1786799466.840646, "severity": "INFO", "name": "recommendationservice-server", "message": "[Recv ListRecommendations] product_ids=['OLJCESPC7Z', '2ZYFJ3GM2N', '66VCHSJNUP', 'L9ECAV7KIM', '9SIQT8TOJO']"}
2026-08-15T13:11:07.073465463Z {"timestamp": 1786799467.0723295, "severity": "INFO", "name": "recommendationservice-server", "message": "[Recv ListRecommendations] product_ids=['2ZYFJ3GM2N', 'L9ECAV7KIM', 'LS4PSXUNUM', 'OLJCESPC7Z', '0PUK6V6EV0']"}
2026-08-15T13:11:07.580456015Z {"timestamp": 1786799467.579735, "severity": "INFO", "name": "recommendationservice-server", "message": "[Recv ListRecommendations] product_ids=['1YMWWN1N4O', '2ZYFJ3GM2N', 'L9ECAV7KIM', '9SIQT8TOJO', 'LS4PSXUNUM']"}
2026-08-15T13:11:08.099342043Z {"timestamp": 1786799468.0981624, "severity": "INFO", "name": "recommendationservice-server", "message": "[Recv ListRecommendations] product_ids=['1YMWWN1N4O', '66VCHSJNUP', '2ZYFJ3GM2N', '0PUK6V6EV0', '9SIQT8TOJO']"}
2026-08-15T13:11:08.175658218Z {"timestamp": 1786799468.1748614, "severity": "INFO", "name": "recommendationservice-server", "message": "[Recv ListRecommendations] product_ids=['L9ECAV7KIM', '0PUK6V6EV0', '66VCHSJNUP', 'LS4PSXUNUM', '1YMWWN1N4O']"}
2026-08-15T13:11:08.863905955Z {"timestamp": 1786799468.8627625, "severity": "INFO", "name": "recommendationservice-server", "message": "[Recv ListRecommendations] product_ids=['66VCHSJNUP', '9SIQT8TOJO', '6E92ZMYYFZ', '0PUK6V6EV0', '2ZYFJ3GM2N']"}
2026-08-15T13:11:09.377715018Z {"timestamp": 1786799469.3763318, "severity": "INFO", "name": "recommendationservice-server", "message": "[Recv ListRecommendations] product_ids=['66VCHSJNUP', '2ZYFJ3GM2N', 'LS4PSXUNUM', 'OLJCESPC7Z', '6E92ZMYYFZ']"}
2026-08-15T13:11:09.848084057Z {"timestamp": 1786799469.8467972, "severity": "INFO", "name": "recommendationservice-server", "message": "[Recv ListRecommendations] product_ids=['0PUK6V6EV0', 'LS4PSXUNUM', 'L9ECAV7KIM', '6E92ZMYYFZ', '1YMWWN1N4O']"}
2026-08-15T13:11:10.762159874Z {"timestamp": 1786799470.7610703, "severity": "INFO", "name": "recommendationservice-server", "message": "[Recv ListRecommendations] product_ids=['OLJCESPC7Z', 'L9ECAV7KIM', '1YMWWN1N4O', '6E92ZMYYFZ', 'LS4PSXUNUM']"}
2026-08-15T13:11:11.016920468Z {"timestamp": 1786799471.0166857, "severity": "INFO", "name": "recommendationservice-server", "message": "[Recv ListRecommendations] product_ids=['2ZYFJ3GM2N', 'LS4PSXUNUM', '1YMWWN1N4O', '0PUK6V6EV0', '9SIQT8TOJO']"}
2026-08-15T13:11:11.436170830Z {"timestamp": 1786799471.4352553, "severity": "INFO", "name": "recommendationservice-server", "message": "[Recv ListRecommendations] product_ids=['6E92ZMYYFZ', 'LS4PSXUNUM', '0PUK6V6EV0', '2ZYFJ3GM2N', 'L9ECAV7KIM']"}
2026-08-15T13:11:11.560712661Z {"timestamp": 1786799471.559905, "severity": "INFO", "name": "recommendationservice-server", "message": "[Recv ListRecommendations] product_ids=['66VCHSJNUP', '2ZYFJ3GM2N', 'OLJCESPC7Z', '0PUK6V6EV0', '1YMWWN1N4O']"}
2026-08-15T13:11:11.688600964Z {"timestamp": 1786799471.6875002, "severity": "INFO", "name": "recommendationservice-server", "message": "[Recv ListRecommendations] product_ids=['6E92ZMYYFZ', '1YMWWN1N4O', '66VCHSJNUP', '0PUK6V6EV0', 'OLJCESPC7Z']"}
2026-08-15T13:11:14.252420201Z {"timestamp": 1786799474.2515526, "severity": "INFO", "name": "recommendationservice-server", "message": "[Recv ListRecommendations] product_ids=['LS4PSXUNUM', '0PUK6V6EV0', '6E92ZMYYFZ', '66VCHSJNUP', '1YMWWN1N4O']"}
2026-08-15T13:11:14.640160864Z {"timestamp": 1786799474.639363, "severity": "INFO", "name": "recommendationservice-server", "message": "[Recv ListRecommendations] product_ids=['1YMWWN1N4O', '2ZYFJ3GM2N', 'LS4PSXUNUM', '66VCHSJNUP', '0PUK6V6EV0']"}
2026-08-15T13:11:15.102629425Z {"timestamp": 1786799475.1020482, "severity": "INFO", "name": "recommendationservice-server", "message": "[Recv ListRecommendations] product_ids=['LS4PSXUNUM', '9SIQT8TOJO', '1YMWWN1N4O', '0PUK6V6EV0', '66VCHSJNUP']"}
2026-08-15T13:11:15.111544315Z {"timestamp": 1786799475.1110966, "severity": "INFO", "name": "recommendationservice-server", "message": "[Recv ListRecommendations] product_ids=['1YMWWN1N4O', 'OLJCESPC7Z', 'L9ECAV7KIM', '0PUK6V6EV0', '9SIQT8TOJO']"}
2026-08-15T13:11:15.117926224Z {"timestamp": 1786799475.1165953, "severity": "INFO", "name": "recommendationservice-server", "message": "[Recv ListRecommendations] product_ids=['1YMWWN1N4O', '9SIQT8TOJO', '66VCHSJNUP', 'LS4PSXUNUM', '2ZYFJ3GM2N']"}
2026-08-15T13:11:15.140933579Z {"timestamp": 1786799475.1404521, "severity": "INFO", "name": "recommendationservice-server", "message": "[Recv ListRecommendations] product_ids=['2ZYFJ3GM2N', '66VCHSJNUP', 'LS4PSXUNUM', '6E92ZMYYFZ', '0PUK6V6EV0']"}
2026-08-15T13:11:15.758820240Z {"timestamp": 1786799475.7583146, "severity": "INFO", "name": "recommendationservice-server", "message": "[Recv ListRecommendations] product_ids=['9SIQT8TOJO', 'LS4PSXUNUM', '0PUK6V6EV0', '1YMWWN1N4O', 'L9ECAV7KIM']"}
2026-08-15T13:11:16.037890513Z {"timestamp": 1786799476.0365355, "severity": "INFO", "name": "recommendationservice-server", "message": "[Recv ListRecommendations] product_ids=['2ZYFJ3GM2N', '66VCHSJNUP', '1YMWWN1N4O', '0PUK6V6EV0', 'L9ECAV7KIM']"}
2026-08-15T13:11:16.043568687Z {"timestamp": 1786799476.0425265, "severity": "INFO", "name": "recommendationservice-server", "message": "[Recv ListRecommendations] product_ids=['0PUK6V6EV0', '6E92ZMYYFZ', '2ZYFJ3GM2N', 'L9ECAV7KIM', '66VCHSJNUP']"}
2026-08-15T13:11:16.532809377Z {"timestamp": 1786799476.531486, "severity": "INFO", "name": "recommendationservice-server", "message": "[Recv ListRecommendations] product_ids=['L9ECAV7KIM', '1YMWWN1N4O', 'LS4PSXUNUM', '66VCHSJNUP', '6E92ZMYYFZ']"}
2026-08-15T13:11:16.663592180Z {"timestamp": 1786799476.6624577, "severity": "INFO", "name": "recommendationservice-server", "message": "[Recv ListRecommendations] product_ids=['2ZYFJ3GM2N', 'LS4PSXUNUM', 'L9ECAV7KIM', '1YMWWN1N4O', '9SIQT8TOJO']"}
2026-08-15T13:11:18.221069514Z {"timestamp": 1786799478.2199574, "severity": "INFO", "name": "recommendationservice-server", "message": "[Recv ListRecommendations] product_ids=['66VCHSJNUP', '1YMWWN1N4O', '6E92ZMYYFZ', 'OLJCESPC7Z', '9SIQT8TOJO']"}
2026-08-15T13:11:18.364767621Z {"timestamp": 1786799478.363648, "severity": "INFO", "name": "recommendationservice-server", "message": "[Recv ListRecommendations] product_ids=['6E92ZMYYFZ', 'OLJCESPC7Z', '0PUK6V6EV0', '9SIQT8TOJO', 'L9ECAV7KIM']"}
2026-08-15T13:11:19.067149529Z {"timestamp": 1786799479.0661747, "severity": "INFO", "name": "recommendationservice-server", "message": "[Recv ListRecommendations] product_ids=['66VCHSJNUP', 'OLJCESPC7Z', '2ZYFJ3GM2N', '1YMWWN1N4O', '9SIQT8TOJO']"}
2026-08-15T13:11:20.272198983Z {"timestamp": 1786799480.271508, "severity": "INFO", "name": "recommendationservice-server", "message": "[Recv ListRecommendations] product_ids=['66VCHSJNUP', '2ZYFJ3GM2N', '6E92ZMYYFZ', 'OLJCESPC7Z', 'LS4PSXUNUM']"}
2026-08-15T13:11:20.304353330Z {"timestamp": 1786799480.3036432, "severity": "INFO", "name": "recommendationservice-server", "message": "[Recv ListRecommendations] product_ids=['LS4PSXUNUM', '1YMWWN1N4O', '6E92ZMYYFZ', 'L9ECAV7KIM', 'OLJCESPC7Z']"}
2026-08-15T13:11:21.056659778Z {"timestamp": 1786799481.0558546, "severity": "INFO", "name": "recommendationservice-server", "message": "[Recv ListRecommendations] product_ids=['2ZYFJ3GM2N', '6E92ZMYYFZ', '0PUK6V6EV0', '66VCHSJNUP', 'LS4PSXUNUM']"}
2026-08-15T13:11:21.630927752Z {"timestamp": 1786799481.6298041, "severity": "INFO", "name": "recommendationservice-server", "message": "[Recv ListRecommendations] product_ids=['66VCHSJNUP', '2ZYFJ3GM2N', '0PUK6V6EV0', 'LS4PSXUNUM', 'L9ECAV7KIM']"}
2026-08-15T13:11:22.102037213Z {"timestamp": 1786799482.1012113, "severity": "INFO", "name": "recommendationservice-server", "message": "[Recv ListRecommendations] product_ids=['L9ECAV7KIM', '2ZYFJ3GM2N', '9SIQT8TOJO', 'OLJCESPC7Z', '0PUK6V6EV0']"}
2026-08-15T13:11:22.252820135Z {"timestamp": 1786799482.2518587, "severity": "INFO", "name": "recommendationservice-server", "message": "[Recv ListRecommendations] product_ids=['OLJCESPC7Z', 'LS4PSXUNUM', '2ZYFJ3GM2N', '9SIQT8TOJO', '0PUK6V6EV0']"}
2026-08-15T13:11:22.257612019Z {"timestamp": 1786799482.256345, "severity": "INFO", "name": "recommendationservice-server", "message": "[Recv ListRecommendations] product_ids=['L9ECAV7KIM', '66VCHSJNUP', '6E92ZMYYFZ', '9SIQT8TOJO', '1YMWWN1N4O']"}
2026-08-15T13:11:22.708425330Z {"timestamp": 1786799482.7068918, "severity": "INFO", "name": "recommendationservice-server", "message": "[Recv ListRecommendations] product_ids=['66VCHSJNUP', '6E92ZMYYFZ', 'L9ECAV7KIM', '1YMWWN1N4O', 'OLJCESPC7Z']"}
2026-08-15T13:11:23.624885480Z {"timestamp": 1786799483.624127, "severity": "INFO", "name": "recommendationservice-server", "message": "[Recv ListRecommendations] product_ids=['LS4PSXUNUM', 'L9ECAV7KIM', '6E92ZMYYFZ', '2ZYFJ3GM2N', '66VCHSJNUP']"}
2026-08-15T13:11:24.728818912Z {"timestamp": 1786799484.7276347, "severity": "INFO", "name": "recommendationservice-server", "message": "[Recv ListRecommendations] product_ids=['L9ECAV7KIM', '6E92ZMYYFZ', '9SIQT8TOJO', '0PUK6V6EV0', 'OLJCESPC7Z']"}
2026-08-15T13:11:25.211153986Z {"timestamp": 1786799485.2095544, "severity": "INFO", "name": "recommendationservice-server", "message": "[Recv ListRecommendations] product_ids=['6E92ZMYYFZ', '2ZYFJ3GM2N', '66VCHSJNUP', '9SIQT8TOJO', 'OLJCESPC7Z']"}
2026-08-15T13:11:26.391672589Z {"timestamp": 1786799486.388847, "severity": "INFO", "name": "recommendationservice-server", "message": "[Recv ListRecommendations] product_ids=['2ZYFJ3GM2N', '1YMWWN1N4O', 'OLJCESPC7Z', 'L9ECAV7KIM', '0PUK6V6EV0']"}
2026-08-15T13:11:26.651988119Z {"timestamp": 1786799486.6510057, "severity": "INFO", "name": "recommendationservice-server", "message": "[Recv ListRecommendations] product_ids=['9SIQT8TOJO', 'LS4PSXUNUM', '6E92ZMYYFZ', '66VCHSJNUP', '1YMWWN1N4O']"}
2026-08-15T13:11:26.926126296Z {"timestamp": 1786799486.9246638, "severity": "INFO", "name": "recommendationservice-server", "message": "[Recv ListRecommendations] product_ids=['1YMWWN1N4O', '0PUK6V6EV0', 'OLJCESPC7Z', '66VCHSJNUP', 'L9ECAV7KIM']"}
2026-08-15T13:11:27.013474170Z {"timestamp": 1786799487.012309, "severity": "INFO", "name": "recommendationservice-server", "message": "[Recv ListRecommendations] product_ids=['1YMWWN1N4O', 'L9ECAV7KIM', '6E92ZMYYFZ', 'OLJCESPC7Z', '9SIQT8TOJO']"}
2026-08-15T13:11:27.150312883Z {"timestamp": 1786799487.149587, "severity": "INFO", "name": "recommendationservice-server", "message": "[Recv ListRecommendations] product_ids=['L9ECAV7KIM', '1YMWWN1N4O', 'LS4PSXUNUM', '66VCHSJNUP', '2ZYFJ3GM2N']"}
2026-08-15T13:11:28.057901176Z {"timestamp": 1786799488.0569081, "severity": "INFO", "name": "recommendationservice-server", "message": "[Recv ListRecommendations] product_ids=['L9ECAV7KIM', '9SIQT8TOJO', '6E92ZMYYFZ', 'OLJCESPC7Z', '66VCHSJNUP']"}
2026-08-15T13:11:28.155344080Z {"timestamp": 1786799488.1547124, "severity": "INFO", "name": "recommendationservice-server", "message": "[Recv ListRecommendations] product_ids=['0PUK6V6EV0', '1YMWWN1N4O', '6E92ZMYYFZ', '9SIQT8TOJO', '2ZYFJ3GM2N']"}
2026-08-15T13:11:28.930421113Z {"timestamp": 1786799488.9292464, "severity": "INFO", "name": "recommendationservice-server", "message": "[Recv ListRecommendations] product_ids=['LS4PSXUNUM', '66VCHSJNUP', 'L9ECAV7KIM', '2ZYFJ3GM2N', '1YMWWN1N4O']"}
2026-08-15T13:11:29.110410354Z {"timestamp": 1786799489.1097355, "severity": "INFO", "name": "recommendationservice-server", "message": "[Recv ListRecommendations] product_ids=['L9ECAV7KIM', '2ZYFJ3GM2N', '1YMWWN1N4O', 'LS4PSXUNUM', '9SIQT8TOJO']"}
2026-08-15T13:11:29.336754483Z {"timestamp": 1786799489.3354576, "severity": "INFO", "name": "recommendationservice-server", "message": "[Recv ListRecommendations] product_ids=['1YMWWN1N4O', '6E92ZMYYFZ', 'LS4PSXUNUM', '66VCHSJNUP', 'OLJCESPC7Z']"}
2026-08-15T13:11:29.664818694Z {"timestamp": 1786799489.6634116, "severity": "INFO", "name": "recommendationservice-server", "message": "[Recv ListRecommendations] product_ids=['66VCHSJNUP', '2ZYFJ3GM2N', 'OLJCESPC7Z', '6E92ZMYYFZ', 'LS4PSXUNUM']"}
2026-08-15T13:11:31.019861926Z {"timestamp": 1786799491.0187733, "severity": "INFO", "name": "recommendationservice-server", "message": "[Recv ListRecommendations] product_ids=['9SIQT8TOJO', 'LS4PSXUNUM', 'OLJCESPC7Z', '6E92ZMYYFZ', '2ZYFJ3GM2N']"}
2026-08-15T13:11:31.395640576Z {"timestamp": 1786799491.3917897, "severity": "INFO", "name": "recommendationservice-server", "message": "[Recv ListRecommendations] product_ids=['9SIQT8TOJO', '1YMWWN1N4O', '0PUK6V6EV0', 'L9ECAV7KIM', '2ZYFJ3GM2N']"}
2026-08-15T13:11:31.951891049Z {"timestamp": 1786799491.9507763, "severity": "INFO", "name": "recommendationservice-server", "message": "[Recv ListRecommendations] product_ids=['OLJCESPC7Z', '0PUK6V6EV0', 'LS4PSXUNUM', '6E92ZMYYFZ', '66VCHSJNUP']"}
2026-08-15T13:11:32.186650311Z {"timestamp": 1786799492.182152, "severity": "INFO", "name": "recommendationservice-server", "message": "[Recv ListRecommendations] product_ids=['9SIQT8TOJO', 'OLJCESPC7Z', '2ZYFJ3GM2N', '6E92ZMYYFZ', '66VCHSJNUP']"}
2026-08-15T13:11:32.563687677Z {"timestamp": 1786799492.5630763, "severity": "INFO", "name": "recommendationservice-server", "message": "[Recv ListRecommendations] product_ids=['1YMWWN1N4O', '0PUK6V6EV0', 'OLJCESPC7Z', 'LS4PSXUNUM', 'L9ECAV7KIM']"}
2026-08-15T13:11:33.048118167Z {"timestamp": 1786799493.047737, "severity": "INFO", "name": "recommendationservice-server", "message": "[Recv ListRecommendations] product_ids=['0PUK6V6EV0', '9SIQT8TOJO', '6E92ZMYYFZ', 'OLJCESPC7Z', 'L9ECAV7KIM']"}
2026-08-15T13:11:33.283639947Z {"timestamp": 1786799493.2832139, "severity": "INFO", "name": "recommendationservice-server", "message": "[Recv ListRecommendations] product_ids=['1YMWWN1N4O', 'LS4PSXUNUM', '9SIQT8TOJO', 'L9ECAV7KIM', '66VCHSJNUP']"}
2026-08-15T13:11:34.237699892Z {"timestamp": 1786799494.2362516, "severity": "INFO", "name": "recommendationservice-server", "message": "[Recv ListRecommendations] product_ids=['2ZYFJ3GM2N', 'OLJCESPC7Z', 'LS4PSXUNUM', '1YMWWN1N4O', '0PUK6V6EV0']"}
2026-08-15T13:11:34.389562539Z {"timestamp": 1786799494.3885045, "severity": "INFO", "name": "recommendationservice-server", "message": "[Recv ListRecommendations] product_ids=['2ZYFJ3GM2N', 'OLJCESPC7Z', '6E92ZMYYFZ', 'L9ECAV7KIM', '0PUK6V6EV0']"}
2026-08-15T13:11:34.640836025Z {"timestamp": 1786799494.640167, "severity": "INFO", "name": "recommendationservice-server", "message": "[Recv ListRecommendations] product_ids=['6E92ZMYYFZ', 'L9ECAV7KIM', 'LS4PSXUNUM', '2ZYFJ3GM2N', 'OLJCESPC7Z']"}
2026-08-15T13:11:35.317134906Z {"timestamp": 1786799495.3154383, "severity": "INFO", "name": "recommendationservice-server", "message": "[Recv ListRecommendations] product_ids=['0PUK6V6EV0', '66VCHSJNUP', 'L9ECAV7KIM', '9SIQT8TOJO', '6E92ZMYYFZ']"}
2026-08-15T13:11:36.367946831Z {"timestamp": 1786799496.3667939, "severity": "INFO", "name": "recommendationservice-server", "message": "[Recv ListRecommendations] product_ids=['0PUK6V6EV0', '2ZYFJ3GM2N', 'OLJCESPC7Z', 'LS4PSXUNUM', '66VCHSJNUP']"}
2026-08-15T13:11:36.764710641Z {"timestamp": 1786799496.7634015, "severity": "INFO", "name": "recommendationservice-server", "message": "[Recv ListRecommendations] product_ids=['9SIQT8TOJO', 'OLJCESPC7Z', '6E92ZMYYFZ', '66VCHSJNUP', 'LS4PSXUNUM']"}
2026-08-15T13:11:37.514526754Z {"timestamp": 1786799497.514014, "severity": "INFO", "name": "recommendationservice-server", "message": "[Recv ListRecommendations] product_ids=['6E92ZMYYFZ', '0PUK6V6EV0', 'LS4PSXUNUM', '2ZYFJ3GM2N', 'OLJCESPC7Z']"}
2026-08-15T13:11:37.997327578Z {"timestamp": 1786799497.9960098, "severity": "INFO", "name": "recommendationservice-server", "message": "[Recv ListRecommendations] product_ids=['9SIQT8TOJO', 'LS4PSXUNUM', 'L9ECAV7KIM', '6E92ZMYYFZ', '1YMWWN1N4O']"}
2026-08-15T13:11:38.123235099Z {"timestamp": 1786799498.1226475, "severity": "INFO", "name": "recommendationservice-server", "message": "[Recv ListRecommendations] product_ids=['66VCHSJNUP', 'OLJCESPC7Z', '2ZYFJ3GM2N', 'L9ECAV7KIM', '9SIQT8TOJO']"}
2026-08-15T13:11:38.153443141Z {"timestamp": 1786799498.1527176, "severity": "INFO", "name": "recommendationservice-server", "message": "[Recv ListRecommendations] product_ids=['L9ECAV7KIM', 'LS4PSXUNUM', '9SIQT8TOJO', '6E92ZMYYFZ', '1YMWWN1N4O']"}
2026-08-15T13:11:38.859712596Z {"timestamp": 1786799498.8586113, "severity": "INFO", "name": "recommendationservice-server", "message": "[Recv ListRecommendations] product_ids=['9SIQT8TOJO', '66VCHSJNUP', 'L9ECAV7KIM', '2ZYFJ3GM2N', 'OLJCESPC7Z']"}
2026-08-15T13:11:39.007216168Z {"timestamp": 1786799499.0061615, "severity": "INFO", "name": "recommendationservice-server", "message": "[Recv ListRecommendations] product_ids=['2ZYFJ3GM2N', '66VCHSJNUP', '6E92ZMYYFZ', 'L9ECAV7KIM', '9SIQT8TOJO']"}
2026-08-15T13:11:39.715784968Z {"timestamp": 1786799499.7141414, "severity": "INFO", "name": "recommendationservice-server", "message": "[Recv ListRecommendations] product_ids=['6E92ZMYYFZ', '66VCHSJNUP', '0PUK6V6EV0', '2ZYFJ3GM2N', 'OLJCESPC7Z']"}
2026-08-15T13:11:40.722452085Z {"timestamp": 1786799500.7212408, "severity": "INFO", "name": "recommendationservice-server", "message": "[Recv ListRecommendations] product_ids=['1YMWWN1N4O', '9SIQT8TOJO', '2ZYFJ3GM2N', 'L9ECAV7KIM', '6E92ZMYYFZ']"}
2026-08-15T13:11:40.855336812Z {"timestamp": 1786799500.8542297, "severity": "INFO", "name": "recommendationservice-server", "message": "[Recv ListRecommendations] product_ids=['OLJCESPC7Z', 'L9ECAV7KIM', '1YMWWN1N4O', '9SIQT8TOJO', '2ZYFJ3GM2N']"}
2026-08-15T13:11:41.755987800Z {"timestamp": 1786799501.755416, "severity": "INFO", "name": "recommendationservice-server", "message": "[Recv ListRecommendations] product_ids=['9SIQT8TOJO', 'L9ECAV7KIM', '2ZYFJ3GM2N', 'LS4PSXUNUM', '1YMWWN1N4O']"}
2026-08-15T13:11:41.758330362Z {"timestamp": 1786799501.7577398, "severity": "INFO", "name": "recommendationservice-server", "message": "[Recv ListRecommendations] product_ids=['LS4PSXUNUM', 'L9ECAV7KIM', '0PUK6V6EV0', '66VCHSJNUP', '1YMWWN1N4O']"}
2026-08-15T13:11:42.130668905Z {"timestamp": 1786799502.1293046, "severity": "INFO", "name": "recommendationservice-server", "message": "[Recv ListRecommendations] product_ids=['L9ECAV7KIM', '9SIQT8TOJO', 'OLJCESPC7Z', '2ZYFJ3GM2N', '66VCHSJNUP']"}
2026-08-15T13:11:42.320758014Z {"timestamp": 1786799502.3202693, "severity": "INFO", "name": "recommendationservice-server", "message": "[Recv ListRecommendations] product_ids=['LS4PSXUNUM', '0PUK6V6EV0', '66VCHSJNUP', 'L9ECAV7KIM', 'OLJCESPC7Z']"}
2026-08-15T13:11:42.613980130Z {"timestamp": 1786799502.6133883, "severity": "INFO", "name": "recommendationservice-server", "message": "[Recv ListRecommendations] product_ids=['OLJCESPC7Z', '6E92ZMYYFZ', '66VCHSJNUP', '0PUK6V6EV0', '1YMWWN1N4O']"}
2026-08-15T13:11:43.713136966Z {"timestamp": 1786799503.7118685, "severity": "INFO", "name": "recommendationservice-server", "message": "[Recv ListRecommendations] product_ids=['66VCHSJNUP', '9SIQT8TOJO', '0PUK6V6EV0', '6E92ZMYYFZ', '2ZYFJ3GM2N']"}
2026-08-15T13:11:43.914973086Z {"timestamp": 1786799503.9137883, "severity": "INFO", "name": "recommendationservice-server", "message": "[Recv ListRecommendations] product_ids=['L9ECAV7KIM', '9SIQT8TOJO', '1YMWWN1N4O', '66VCHSJNUP', '0PUK6V6EV0']"}
2026-08-15T13:11:44.035109690Z {"timestamp": 1786799504.0336723, "severity": "INFO", "name": "recommendationservice-server", "message": "[Recv ListRecommendations] product_ids=['OLJCESPC7Z', '1YMWWN1N4O', '0PUK6V6EV0', 'L9ECAV7KIM', '2ZYFJ3GM2N']"}
2026-08-15T13:11:44.047506573Z {"timestamp": 1786799504.0430045, "severity": "INFO", "name": "recommendationservice-server", "message": "[Recv ListRecommendations] product_ids=['6E92ZMYYFZ', '66VCHSJNUP', '9SIQT8TOJO', 'L9ECAV7KIM', '1YMWWN1N4O']"}
2026-08-15T13:11:44.121324709Z {"timestamp": 1786799504.1208603, "severity": "INFO", "name": "recommendationservice-server", "message": "[Recv ListRecommendations] product_ids=['2ZYFJ3GM2N', '9SIQT8TOJO', '1YMWWN1N4O', '6E92ZMYYFZ', 'LS4PSXUNUM']"}
2026-08-15T13:11:44.126244058Z {"timestamp": 1786799504.1258042, "severity": "INFO", "name": "recommendationservice-server", "message": "[Recv ListRecommendations] product_ids=['6E92ZMYYFZ', 'OLJCESPC7Z', '0PUK6V6EV0', '2ZYFJ3GM2N', 'LS4PSXUNUM']"}
2026-08-15T13:11:44.559064149Z {"timestamp": 1786799504.5578566, "severity": "INFO", "name": "recommendationservice-server", "message": "[Recv ListRecommendations] product_ids=['2ZYFJ3GM2N', 'LS4PSXUNUM', '9SIQT8TOJO', '0PUK6V6EV0', '1YMWWN1N4O']"}
2026-08-15T13:11:44.905652120Z {"timestamp": 1786799504.903921, "severity": "INFO", "name": "recommendationservice-server", "message": "[Recv ListRecommendations] product_ids=['0PUK6V6EV0', 'L9ECAV7KIM', 'LS4PSXUNUM', '66VCHSJNUP', '1YMWWN1N4O']"}
2026-08-15T13:11:44.916723255Z {"timestamp": 1786799504.9154058, "severity": "INFO", "name": "recommendationservice-server", "message": "[Recv ListRecommendations] product_ids=['2ZYFJ3GM2N', '66VCHSJNUP', '9SIQT8TOJO', 'OLJCESPC7Z', '6E92ZMYYFZ']"}
2026-08-15T13:11:44.938912931Z {"timestamp": 1786799504.9377747, "severity": "INFO", "name": "recommendationservice-server", "message": "[Recv ListRecommendations] product_ids=['LS4PSXUNUM', '0PUK6V6EV0', 'L9ECAV7KIM', '1YMWWN1N4O', '6E92ZMYYFZ']"}
2026-08-15T13:11:45.044068163Z {"timestamp": 1786799505.042627, "severity": "INFO", "name": "recommendationservice-server", "message": "[Recv ListRecommendations] product_ids=['66VCHSJNUP', '1YMWWN1N4O', 'L9ECAV7KIM', '6E92ZMYYFZ', '9SIQT8TOJO']"}
2026-08-15T13:11:46.168329101Z {"timestamp": 1786799506.167367, "severity": "INFO", "name": "recommendationservice-server", "message": "[Recv ListRecommendations] product_ids=['0PUK6V6EV0', 'OLJCESPC7Z', 'L9ECAV7KIM', '9SIQT8TOJO', '6E92ZMYYFZ']"}
2026-08-15T13:11:46.217131946Z {"timestamp": 1786799506.215757, "severity": "INFO", "name": "recommendationservice-server", "message": "[Recv ListRecommendations] product_ids=['2ZYFJ3GM2N', '0PUK6V6EV0', 'LS4PSXUNUM', 'OLJCESPC7Z', '9SIQT8TOJO']"}
2026-08-15T13:11:46.451490594Z {"timestamp": 1786799506.4503736, "severity": "INFO", "name": "recommendationservice-server", "message": "[Recv ListRecommendations] product_ids=['2ZYFJ3GM2N', 'L9ECAV7KIM', '6E92ZMYYFZ', '66VCHSJNUP', '1YMWWN1N4O']"}
2026-08-15T13:11:47.511143218Z {"timestamp": 1786799507.5100527, "severity": "INFO", "name": "recommendationservice-server", "message": "[Recv ListRecommendations] product_ids=['LS4PSXUNUM', '1YMWWN1N4O', '66VCHSJNUP', '6E92ZMYYFZ', '2ZYFJ3GM2N']"}
2026-08-15T13:11:48.115474113Z {"timestamp": 1786799508.1145725, "severity": "INFO", "name": "recommendationservice-server", "message": "[Recv ListRecommendations] product_ids=['9SIQT8TOJO', 'L9ECAV7KIM', 'LS4PSXUNUM', '6E92ZMYYFZ', '66VCHSJNUP']"}
2026-08-15T13:11:48.126332055Z {"timestamp": 1786799508.1254992, "severity": "INFO", "name": "recommendationservice-server", "message": "[Recv ListRecommendations] product_ids=['L9ECAV7KIM', '6E92ZMYYFZ', '0PUK6V6EV0', '2ZYFJ3GM2N', '9SIQT8TOJO']"}
2026-08-15T13:11:48.208614688Z {"timestamp": 1786799508.2076426, "severity": "INFO", "name": "recommendationservice-server", "message": "[Recv ListRecommendations] product_ids=['66VCHSJNUP', '9SIQT8TOJO', '0PUK6V6EV0', '1YMWWN1N4O', 'OLJCESPC7Z']"}
2026-08-15T13:11:49.177709408Z {"timestamp": 1786799509.176255, "severity": "INFO", "name": "recommendationservice-server", "message": "[Recv ListRecommendations] product_ids=['6E92ZMYYFZ', 'LS4PSXUNUM', 'L9ECAV7KIM', '2ZYFJ3GM2N', '66VCHSJNUP']"}
2026-08-15T13:11:49.578042617Z {"timestamp": 1786799509.57681, "severity": "INFO", "name": "recommendationservice-server", "message": "[Recv ListRecommendations] product_ids=['LS4PSXUNUM', '66VCHSJNUP', 'L9ECAV7KIM', 'OLJCESPC7Z', '0PUK6V6EV0']"}
2026-08-15T13:11:49.784546021Z {"timestamp": 1786799509.7840426, "severity": "INFO", "name": "recommendationservice-server", "message": "[Recv ListRecommendations] product_ids=['OLJCESPC7Z', '66VCHSJNUP', '9SIQT8TOJO', '1YMWWN1N4O', '6E92ZMYYFZ']"}
2026-08-15T13:11:49.827460841Z {"timestamp": 1786799509.8271441, "severity": "INFO", "name": "recommendationservice-server", "message": "[Recv ListRecommendations] product_ids=['LS4PSXUNUM', 'L9ECAV7KIM', '2ZYFJ3GM2N', '0PUK6V6EV0', 'OLJCESPC7Z']"}
2026-08-15T13:11:50.509880907Z {"timestamp": 1786799510.5088263, "severity": "INFO", "name": "recommendationservice-server", "message": "[Recv ListRecommendations] product_ids=['LS4PSXUNUM', '2ZYFJ3GM2N', '9SIQT8TOJO', '6E92ZMYYFZ', '1YMWWN1N4O']"}
2026-08-15T13:11:51.050432772Z {"timestamp": 1786799511.0495348, "severity": "INFO", "name": "recommendationservice-server", "message": "[Recv ListRecommendations] product_ids=['9SIQT8TOJO', 'LS4PSXUNUM', 'L9ECAV7KIM', '1YMWWN1N4O', '66VCHSJNUP']"}
2026-08-15T13:11:51.671866150Z {"timestamp": 1786799511.6705515, "severity": "INFO", "name": "recommendationservice-server", "message": "[Recv ListRecommendations] product_ids=['0PUK6V6EV0', '9SIQT8TOJO', '1YMWWN1N4O', '2ZYFJ3GM2N', 'L9ECAV7KIM']"}
2026-08-15T13:11:52.807456505Z {"timestamp": 1786799512.8060935, "severity": "INFO", "name": "recommendationservice-server", "message": "[Recv ListRecommendations] product_ids=['OLJCESPC7Z', '1YMWWN1N4O', 'LS4PSXUNUM', '6E92ZMYYFZ', 'L9ECAV7KIM']"}
2026-08-15T13:11:52.870616081Z {"timestamp": 1786799512.87005, "severity": "INFO", "name": "recommendationservice-server", "message": "[Recv ListRecommendations] product_ids=['6E92ZMYYFZ', 'L9ECAV7KIM', '2ZYFJ3GM2N', 'OLJCESPC7Z', '66VCHSJNUP']"}
2026-08-15T13:11:53.008064698Z {"timestamp": 1786799513.0073457, "severity": "INFO", "name": "recommendationservice-server", "message": "[Recv ListRecommendations] product_ids=['OLJCESPC7Z', '2ZYFJ3GM2N', '66VCHSJNUP', '1YMWWN1N4O', '9SIQT8TOJO']"}
2026-08-15T13:11:53.370224797Z {"timestamp": 1786799513.3691716, "severity": "INFO", "name": "recommendationservice-server", "message": "[Recv ListRecommendations] product_ids=['2ZYFJ3GM2N', 'L9ECAV7KIM', '0PUK6V6EV0', '66VCHSJNUP', '9SIQT8TOJO']"}
2026-08-15T13:11:53.964842950Z {"timestamp": 1786799513.9641192, "severity": "INFO", "name": "recommendationservice-server", "message": "[Recv ListRecommendations] product_ids=['L9ECAV7KIM', 'OLJCESPC7Z', '9SIQT8TOJO', '66VCHSJNUP', 'LS4PSXUNUM']"}
2026-08-15T13:11:54.140230656Z {"timestamp": 1786799514.139631, "severity": "INFO", "name": "recommendationservice-server", "message": "[Recv ListRecommendations] product_ids=['6E92ZMYYFZ', '66VCHSJNUP', '0PUK6V6EV0', 'LS4PSXUNUM', 'OLJCESPC7Z']"}
2026-08-15T13:11:54.199574301Z {"timestamp": 1786799514.198832, "severity": "INFO", "name": "recommendationservice-server", "message": "[Recv ListRecommendations] product_ids=['L9ECAV7KIM', 'OLJCESPC7Z', '9SIQT8TOJO', '0PUK6V6EV0']"}
2026-08-15T13:11:55.117144554Z {"timestamp": 1786799515.1166232, "severity": "INFO", "name": "recommendationservice-server", "message": "[Recv ListRecommendations] product_ids=['2ZYFJ3GM2N', '9SIQT8TOJO', 'LS4PSXUNUM', '1YMWWN1N4O', 'OLJCESPC7Z']"}
2026-08-15T13:11:55.187242831Z {"timestamp": 1786799515.1862183, "severity": "INFO", "name": "recommendationservice-server", "message": "[Recv ListRecommendations] product_ids=['0PUK6V6EV0', '9SIQT8TOJO', 'L9ECAV7KIM', 'OLJCESPC7Z', '1YMWWN1N4O']"}
2026-08-15T13:11:55.250653429Z {"timestamp": 1786799515.2490876, "severity": "INFO", "name": "recommendationservice-server", "message": "[Recv ListRecommendations] product_ids=['0PUK6V6EV0', '2ZYFJ3GM2N', 'L9ECAV7KIM']"}
2026-08-15T13:11:56.340403302Z {"timestamp": 1786799516.3393462, "severity": "INFO", "name": "recommendationservice-server", "message": "[Recv ListRecommendations] product_ids=['6E92ZMYYFZ', 'OLJCESPC7Z', '66VCHSJNUP', 'L9ECAV7KIM', '9SIQT8TOJO']"}
2026-08-15T13:11:56.838108541Z {"timestamp": 1786799516.8366272, "severity": "INFO", "name": "recommendationservice-server", "message": "[Recv ListRecommendations] product_ids=['1YMWWN1N4O', '6E92ZMYYFZ', 'LS4PSXUNUM', 'L9ECAV7KIM', '2ZYFJ3GM2N']"}
2026-08-15T13:11:57.363854742Z {"timestamp": 1786799517.363408, "severity": "INFO", "name": "recommendationservice-server", "message": "[Recv ListRecommendations] product_ids=['L9ECAV7KIM', '1YMWWN1N4O', '2ZYFJ3GM2N', '66VCHSJNUP', '0PUK6V6EV0']"}
2026-08-15T13:11:57.758050540Z {"timestamp": 1786799517.756669, "severity": "INFO", "name": "recommendationservice-server", "message": "[Recv ListRecommendations] product_ids=['66VCHSJNUP', 'LS4PSXUNUM', '0PUK6V6EV0', 'L9ECAV7KIM', '2ZYFJ3GM2N']"}
2026-08-15T13:11:58.640321584Z {"timestamp": 1786799518.6389103, "severity": "INFO", "name": "recommendationservice-server", "message": "[Recv ListRecommendations] product_ids=['L9ECAV7KIM', 'OLJCESPC7Z', '2ZYFJ3GM2N', '6E92ZMYYFZ', '66VCHSJNUP']"}
2026-08-15T13:11:58.818557916Z {"timestamp": 1786799518.8172405, "severity": "INFO", "name": "recommendationservice-server", "message": "[Recv ListRecommendations] product_ids=['66VCHSJNUP', 'L9ECAV7KIM', '1YMWWN1N4O', '2ZYFJ3GM2N', 'OLJCESPC7Z']"}
2026-08-15T13:11:58.930910551Z {"timestamp": 1786799518.9303849, "severity": "INFO", "name": "recommendationservice-server", "message": "[Recv ListRecommendations] product_ids=['2ZYFJ3GM2N', 'OLJCESPC7Z', '6E92ZMYYFZ', '66VCHSJNUP', '9SIQT8TOJO']"}
2026-08-15T13:11:59.647621982Z {"timestamp": 1786799519.6463535, "severity": "INFO", "name": "recommendationservice-server", "message": "[Recv ListRecommendations] product_ids=['66VCHSJNUP', '6E92ZMYYFZ', '0PUK6V6EV0', '1YMWWN1N4O', '2ZYFJ3GM2N']"}
2026-08-15T13:11:59.711274901Z {"timestamp": 1786799519.7046251, "severity": "INFO", "name": "recommendationservice-server", "message": "[Recv ListRecommendations] product_ids=['L9ECAV7KIM', '2ZYFJ3GM2N', 'LS4PSXUNUM', '6E92ZMYYFZ', '1YMWWN1N4O']"}
2026-08-15T13:12:00.126125959Z {"timestamp": 1786799520.1255004, "severity": "INFO", "name": "recommendationservice-server", "message": "[Recv ListRecommendations] product_ids=['9SIQT8TOJO', 'L9ECAV7KIM', '0PUK6V6EV0', '6E92ZMYYFZ', '1YMWWN1N4O']"}
2026-08-15T13:12:00.872438471Z {"timestamp": 1786799520.870831, "severity": "INFO", "name": "recommendationservice-server", "message": "[Recv ListRecommendations] product_ids=['6E92ZMYYFZ', 'LS4PSXUNUM', '0PUK6V6EV0', '66VCHSJNUP', 'L9ECAV7KIM']"}
2026-08-15T13:12:00.928783202Z {"timestamp": 1786799520.9278738, "severity": "INFO", "name": "recommendationservice-server", "message": "[Recv ListRecommendations] product_ids=['1YMWWN1N4O', '9SIQT8TOJO', 'OLJCESPC7Z', 'L9ECAV7KIM', '2ZYFJ3GM2N']"}
2026-08-15T13:12:01.840302898Z {"timestamp": 1786799521.834709, "severity": "INFO", "name": "recommendationservice-server", "message": "[Recv ListRecommendations] product_ids=['0PUK6V6EV0', 'L9ECAV7KIM', '9SIQT8TOJO', '1YMWWN1N4O', '6E92ZMYYFZ']"}
2026-08-15T13:12:01.841578801Z {"timestamp": 1786799521.8402581, "severity": "INFO", "name": "recommendationservice-server", "message": "[Recv ListRecommendations] product_ids=['1YMWWN1N4O', '9SIQT8TOJO', '66VCHSJNUP', 'L9ECAV7KIM', '2ZYFJ3GM2N']"}
2026-08-15T13:12:02.846474605Z {"timestamp": 1786799522.8461826, "severity": "INFO", "name": "recommendationservice-server", "message": "[Recv ListRecommendations] product_ids=['66VCHSJNUP', '2ZYFJ3GM2N', 'L9ECAV7KIM', 'OLJCESPC7Z', 'LS4PSXUNUM']"}
2026-08-15T13:12:03.502596042Z {"timestamp": 1786799523.5022573, "severity": "INFO", "name": "recommendationservice-server", "message": "[Recv ListRecommendations] product_ids=['LS4PSXUNUM', '0PUK6V6EV0', 'L9ECAV7KIM', 'OLJCESPC7Z', '9SIQT8TOJO']"}
2026-08-15T13:12:03.558408381Z {"timestamp": 1786799523.5581038, "severity": "INFO", "name": "recommendationservice-server", "message": "[Recv ListRecommendations] product_ids=['0PUK6V6EV0', '66VCHSJNUP', '6E92ZMYYFZ', '2ZYFJ3GM2N', 'OLJCESPC7Z']"}
2026-08-15T13:12:04.055560285Z {"timestamp": 1786799524.054893, "severity": "INFO", "name": "recommendationservice-server", "message": "[Recv ListRecommendations] product_ids=['LS4PSXUNUM', 'L9ECAV7KIM', '6E92ZMYYFZ', '1YMWWN1N4O', '0PUK6V6EV0']"}
2026-08-15T13:12:04.726496363Z {"timestamp": 1786799524.7254243, "severity": "INFO", "name": "recommendationservice-server", "message": "[Recv ListRecommendations] product_ids=['2ZYFJ3GM2N', '0PUK6V6EV0', 'OLJCESPC7Z', '9SIQT8TOJO', 'L9ECAV7KIM']"}
2026-08-15T13:12:05.347443089Z {"timestamp": 1786799525.3463166, "severity": "INFO", "name": "recommendationservice-server", "message": "[Recv ListRecommendations] product_ids=['6E92ZMYYFZ', 'OLJCESPC7Z', '9SIQT8TOJO', 'LS4PSXUNUM', 'L9ECAV7KIM']"}
2026-08-15T13:12:05.474804042Z {"timestamp": 1786799525.4740043, "severity": "INFO", "name": "recommendationservice-server", "message": "[Recv ListRecommendations] product_ids=['9SIQT8TOJO', '0PUK6V6EV0', 'OLJCESPC7Z', '6E92ZMYYFZ', '1YMWWN1N4O']"}
2026-08-15T13:12:07.519112740Z {"timestamp": 1786799527.5184562, "severity": "INFO", "name": "recommendationservice-server", "message": "[Recv ListRecommendations] product_ids=['66VCHSJNUP', '0PUK6V6EV0', 'LS4PSXUNUM', 'L9ECAV7KIM', 'OLJCESPC7Z']"}
2026-08-15T13:12:07.574187700Z {"timestamp": 1786799527.5728126, "severity": "INFO", "name": "recommendationservice-server", "message": "[Recv ListRecommendations] product_ids=['1YMWWN1N4O', '66VCHSJNUP', 'LS4PSXUNUM', '6E92ZMYYFZ', 'L9ECAV7KIM']"}
2026-08-15T13:12:07.851025234Z {"timestamp": 1786799527.8505926, "severity": "INFO", "name": "recommendationservice-server", "message": "[Recv ListRecommendations] product_ids=['6E92ZMYYFZ', '9SIQT8TOJO', 'LS4PSXUNUM', '0PUK6V6EV0', 'OLJCESPC7Z']"}
2026-08-15T13:12:07.853305153Z {"timestamp": 1786799527.8529701, "severity": "INFO", "name": "recommendationservice-server", "message": "[Recv ListRecommendations] product_ids=['9SIQT8TOJO', 'LS4PSXUNUM', '66VCHSJNUP', '1YMWWN1N4O', '0PUK6V6EV0']"}
2026-08-15T13:12:07.890510321Z {"timestamp": 1786799527.890225, "severity": "INFO", "name": "recommendationservice-server", "message": "[Recv ListRecommendations] product_ids=['0PUK6V6EV0', 'LS4PSXUNUM', '2ZYFJ3GM2N', '1YMWWN1N4O', '66VCHSJNUP']"}
2026-08-15T13:12:08.610123940Z {"timestamp": 1786799528.6087167, "severity": "INFO", "name": "recommendationservice-server", "message": "[Recv ListRecommendations] product_ids=['OLJCESPC7Z', '2ZYFJ3GM2N', '1YMWWN1N4O', '9SIQT8TOJO', '66VCHSJNUP']"}
2026-08-15T13:12:08.708110538Z {"timestamp": 1786799528.704744, "severity": "INFO", "name": "recommendationservice-server", "message": "[Recv ListRecommendations] product_ids=['OLJCESPC7Z', '2ZYFJ3GM2N', '1YMWWN1N4O', 'L9ECAV7KIM', 'LS4PSXUNUM']"}
2026-08-15T13:12:08.953183643Z {"timestamp": 1786799528.9527996, "severity": "INFO", "name": "recommendationservice-server", "message": "[Recv ListRecommendations] product_ids=['2ZYFJ3GM2N', 'OLJCESPC7Z', 'LS4PSXUNUM', '9SIQT8TOJO', '66VCHSJNUP']"}
2026-08-15T13:12:09.821000776Z {"timestamp": 1786799529.8196104, "severity": "INFO", "name": "recommendationservice-server", "message": "[Recv ListRecommendations] product_ids=['0PUK6V6EV0', '6E92ZMYYFZ', '2ZYFJ3GM2N', '9SIQT8TOJO', 'L9ECAV7KIM']"}
2026-08-15T13:12:10.658482499Z {"timestamp": 1786799530.6574461, "severity": "INFO", "name": "recommendationservice-server", "message": "[Recv ListRecommendations] product_ids=['2ZYFJ3GM2N', '0PUK6V6EV0', 'L9ECAV7KIM']"}
2026-08-15T13:12:10.795642254Z {"timestamp": 1786799530.7946754, "severity": "INFO", "name": "recommendationservice-server", "message": "[Recv ListRecommendations] product_ids=['LS4PSXUNUM', '9SIQT8TOJO', 'L9ECAV7KIM', '66VCHSJNUP', '6E92ZMYYFZ']"}
2026-08-15T13:12:10.905162859Z {"timestamp": 1786799530.9037125, "severity": "INFO", "name": "recommendationservice-server", "message": "[Recv ListRecommendations] product_ids=['2ZYFJ3GM2N', '6E92ZMYYFZ', 'LS4PSXUNUM', '9SIQT8TOJO', '66VCHSJNUP']"}
2026-08-15T13:12:12.253038231Z {"timestamp": 1786799532.2521708, "severity": "INFO", "name": "recommendationservice-server", "message": "[Recv ListRecommendations] product_ids=['L9ECAV7KIM', '66VCHSJNUP', '6E92ZMYYFZ', 'OLJCESPC7Z', '1YMWWN1N4O']"}
2026-08-15T13:12:12.460047945Z {"timestamp": 1786799532.459034, "severity": "INFO", "name": "recommendationservice-server", "message": "[Recv ListRecommendations] product_ids=['OLJCESPC7Z', '2ZYFJ3GM2N', '0PUK6V6EV0', 'LS4PSXUNUM', '66VCHSJNUP']"}
2026-08-15T13:12:13.055578682Z {"timestamp": 1786799533.054262, "severity": "INFO", "name": "recommendationservice-server", "message": "[Recv ListRecommendations] product_ids=['66VCHSJNUP', 'LS4PSXUNUM', '2ZYFJ3GM2N', 'L9ECAV7KIM', '9SIQT8TOJO']"}
2026-08-15T13:12:13.504149419Z {"timestamp": 1786799533.5038319, "severity": "INFO", "name": "recommendationservice-server", "message": "[Recv ListRecommendations] product_ids=['2ZYFJ3GM2N', 'L9ECAV7KIM', 'LS4PSXUNUM', '9SIQT8TOJO', '1YMWWN1N4O']"}
2026-08-15T13:12:14.487845636Z {"timestamp": 1786799534.486604, "severity": "INFO", "name": "recommendationservice-server", "message": "[Recv ListRecommendations] product_ids=['2ZYFJ3GM2N', '1YMWWN1N4O', 'L9ECAV7KIM', '0PUK6V6EV0', 'OLJCESPC7Z']"}
2026-08-15T13:12:14.573959124Z {"timestamp": 1786799534.5723548, "severity": "INFO", "name": "recommendationservice-server", "message": "[Recv ListRecommendations] product_ids=['66VCHSJNUP', 'OLJCESPC7Z', 'L9ECAV7KIM', '1YMWWN1N4O', 'LS4PSXUNUM']"}
2026-08-15T13:12:14.657661720Z {"timestamp": 1786799534.656303, "severity": "INFO", "name": "recommendationservice-server", "message": "[Recv ListRecommendations] product_ids=['9SIQT8TOJO', 'L9ECAV7KIM', '6E92ZMYYFZ', '2ZYFJ3GM2N', '1YMWWN1N4O']"}
2026-08-15T13:12:14.851841471Z {"timestamp": 1786799534.850806, "severity": "INFO", "name": "recommendationservice-server", "message": "[Recv ListRecommendations] product_ids=['0PUK6V6EV0', '66VCHSJNUP', 'OLJCESPC7Z', 'L9ECAV7KIM', '2ZYFJ3GM2N']"}
2026-08-15T13:12:16.312509084Z {"timestamp": 1786799536.3113556, "severity": "INFO", "name": "recommendationservice-server", "message": "[Recv ListRecommendations] product_ids=['LS4PSXUNUM', '66VCHSJNUP', '1YMWWN1N4O', '0PUK6V6EV0', '9SIQT8TOJO']"}
2026-08-15T13:12:17.039233701Z {"timestamp": 1786799537.0384138, "severity": "INFO", "name": "recommendationservice-server", "message": "[Recv ListRecommendations] product_ids=['0PUK6V6EV0', '6E92ZMYYFZ', '1YMWWN1N4O', '9SIQT8TOJO', 'LS4PSXUNUM']"}
2026-08-15T13:12:18.159907401Z {"timestamp": 1786799538.159235, "severity": "INFO", "name": "recommendationservice-server", "message": "[Recv ListRecommendations] product_ids=['6E92ZMYYFZ', '66VCHSJNUP', 'OLJCESPC7Z', '0PUK6V6EV0', '9SIQT8TOJO']"}
2026-08-15T13:12:18.664487860Z {"timestamp": 1786799538.6632357, "severity": "INFO", "name": "recommendationservice-server", "message": "[Recv ListRecommendations] product_ids=['OLJCESPC7Z', '66VCHSJNUP', '6E92ZMYYFZ', 'LS4PSXUNUM', 'L9ECAV7KIM']"}
2026-08-15T13:12:18.669279344Z {"timestamp": 1786799538.668197, "severity": "INFO", "name": "recommendationservice-server", "message": "[Recv ListRecommendations] product_ids=['LS4PSXUNUM', 'L9ECAV7KIM', '0PUK6V6EV0', '66VCHSJNUP', '6E92ZMYYFZ']"}
2026-08-15T13:12:19.008040106Z {"timestamp": 1786799539.0069568, "severity": "INFO", "name": "recommendationservice-server", "message": "[Recv ListRecommendations] product_ids=['2ZYFJ3GM2N', '0PUK6V6EV0', '1YMWWN1N4O', 'LS4PSXUNUM', '6E92ZMYYFZ']"}
2026-08-15T13:12:19.541313990Z {"timestamp": 1786799539.54046, "severity": "INFO", "name": "recommendationservice-server", "message": "[Recv ListRecommendations] product_ids=['66VCHSJNUP', 'LS4PSXUNUM', '2ZYFJ3GM2N', '6E92ZMYYFZ', '0PUK6V6EV0']"}
2026-08-15T13:12:19.720437029Z {"timestamp": 1786799539.719663, "severity": "INFO", "name": "recommendationservice-server", "message": "[Recv ListRecommendations] product_ids=['2ZYFJ3GM2N', 'OLJCESPC7Z', 'LS4PSXUNUM', '66VCHSJNUP', '6E92ZMYYFZ']"}
2026-08-15T13:12:20.398340184Z {"timestamp": 1786799540.3968477, "severity": "INFO", "name": "recommendationservice-server", "message": "[Recv ListRecommendations] product_ids=['66VCHSJNUP', '2ZYFJ3GM2N', '0PUK6V6EV0', '9SIQT8TOJO', '6E92ZMYYFZ']"}
2026-08-15T13:12:21.551044894Z {"timestamp": 1786799541.5499547, "severity": "INFO", "name": "recommendationservice-server", "message": "[Recv ListRecommendations] product_ids=['L9ECAV7KIM', '9SIQT8TOJO', '2ZYFJ3GM2N', 'OLJCESPC7Z', '66VCHSJNUP']"}
2026-08-15T13:12:22.318150834Z {"timestamp": 1786799542.3166301, "severity": "INFO", "name": "recommendationservice-server", "message": "[Recv ListRecommendations] product_ids=['66VCHSJNUP', '9SIQT8TOJO', '6E92ZMYYFZ', 'LS4PSXUNUM', 'OLJCESPC7Z']"}
2026-08-15T13:12:22.860850775Z {"timestamp": 1786799542.8600252, "severity": "INFO", "name": "recommendationservice-server", "message": "[Recv ListRecommendations] product_ids=['9SIQT8TOJO', '66VCHSJNUP', '1YMWWN1N4O', 'L9ECAV7KIM', '2ZYFJ3GM2N']"}
2026-08-15T13:12:23.131643741Z {"timestamp": 1786799543.1308525, "severity": "INFO", "name": "recommendationservice-server", "message": "[Recv ListRecommendations] product_ids=['66VCHSJNUP', '2ZYFJ3GM2N', '6E92ZMYYFZ', 'LS4PSXUNUM']"}
2026-08-15T13:12:23.328218498Z {"timestamp": 1786799543.326923, "severity": "INFO", "name": "recommendationservice-server", "message": "[Recv ListRecommendations] product_ids=['2ZYFJ3GM2N', '66VCHSJNUP', 'OLJCESPC7Z', '9SIQT8TOJO', 'L9ECAV7KIM']"}
2026-08-15T13:12:24.304418328Z {"timestamp": 1786799544.3030999, "severity": "INFO", "name": "recommendationservice-server", "message": "[Recv ListRecommendations] product_ids=['9SIQT8TOJO', '2ZYFJ3GM2N', '0PUK6V6EV0', '6E92ZMYYFZ', '1YMWWN1N4O']"}
2026-08-15T13:12:24.353704381Z {"timestamp": 1786799544.3523135, "severity": "INFO", "name": "recommendationservice-server", "message": "[Recv ListRecommendations] product_ids=['66VCHSJNUP', '9SIQT8TOJO', 'OLJCESPC7Z', '6E92ZMYYFZ', '2ZYFJ3GM2N']"}
2026-08-15T13:12:24.521020457Z {"timestamp": 1786799544.51995, "severity": "INFO", "name": "recommendationservice-server", "message": "[Recv ListRecommendations] product_ids=['6E92ZMYYFZ', '66VCHSJNUP', '9SIQT8TOJO', '2ZYFJ3GM2N', '0PUK6V6EV0']"}
2026-08-15T13:12:25.067590980Z {"timestamp": 1786799545.066584, "severity": "INFO", "name": "recommendationservice-server", "message": "[Recv ListRecommendations] product_ids=['0PUK6V6EV0', '9SIQT8TOJO', '2ZYFJ3GM2N', '1YMWWN1N4O', '6E92ZMYYFZ']"}
2026-08-15T13:12:25.246284376Z {"timestamp": 1786799545.2454576, "severity": "INFO", "name": "recommendationservice-server", "message": "[Recv ListRecommendations] product_ids=['2ZYFJ3GM2N', 'LS4PSXUNUM', '9SIQT8TOJO', '0PUK6V6EV0', 'L9ECAV7KIM']"}
2026-08-15T13:12:25.586944622Z {"timestamp": 1786799545.5858963, "severity": "INFO", "name": "recommendationservice-server", "message": "[Recv ListRecommendations] product_ids=['2ZYFJ3GM2N', '9SIQT8TOJO', '0PUK6V6EV0', 'LS4PSXUNUM', '1YMWWN1N4O']"}
2026-08-15T13:12:25.731170125Z {"timestamp": 1786799545.730722, "severity": "INFO", "name": "recommendationservice-server", "message": "[Recv ListRecommendations] product_ids=['66VCHSJNUP', 'L9ECAV7KIM', 'OLJCESPC7Z', '2ZYFJ3GM2N', '9SIQT8TOJO']"}
2026-08-15T13:12:26.430035644Z {"timestamp": 1786799546.4296575, "severity": "INFO", "name": "recommendationservice-server", "message": "[Recv ListRecommendations] product_ids=['0PUK6V6EV0', 'LS4PSXUNUM', '9SIQT8TOJO', '6E92ZMYYFZ', '1YMWWN1N4O']"}
2026-08-15T13:12:27.217166387Z {"timestamp": 1786799547.214554, "severity": "INFO", "name": "recommendationservice-server", "message": "[Recv ListRecommendations] product_ids=['1YMWWN1N4O', '6E92ZMYYFZ', '66VCHSJNUP', '2ZYFJ3GM2N', 'OLJCESPC7Z']"}
2026-08-15T13:12:27.771402499Z {"timestamp": 1786799547.7705948, "severity": "INFO", "name": "recommendationservice-server", "message": "[Recv ListRecommendations] product_ids=['OLJCESPC7Z', '6E92ZMYYFZ', '66VCHSJNUP', '2ZYFJ3GM2N', '1YMWWN1N4O']"}
2026-08-15T13:12:29.608359251Z {"timestamp": 1786799549.6065576, "severity": "INFO", "name": "recommendationservice-server", "message": "[Recv ListRecommendations] product_ids=['66VCHSJNUP', '1YMWWN1N4O', '2ZYFJ3GM2N', '0PUK6V6EV0', 'OLJCESPC7Z']"}
2026-08-15T13:12:29.858919572Z {"timestamp": 1786799549.8579335, "severity": "INFO", "name": "recommendationservice-server", "message": "[Recv ListRecommendations] product_ids=['L9ECAV7KIM', 'OLJCESPC7Z', '2ZYFJ3GM2N', '66VCHSJNUP', '6E92ZMYYFZ']"}
2026-08-15T13:12:30.111514035Z {"timestamp": 1786799550.1104906, "severity": "INFO", "name": "recommendationservice-server", "message": "[Recv ListRecommendations] product_ids=['OLJCESPC7Z', '2ZYFJ3GM2N', '9SIQT8TOJO', '66VCHSJNUP', '1YMWWN1N4O']"}
2026-08-15T13:12:30.581416278Z {"timestamp": 1786799550.5800343, "severity": "INFO", "name": "recommendationservice-server", "message": "[Recv ListRecommendations] product_ids=['0PUK6V6EV0', '2ZYFJ3GM2N', 'L9ECAV7KIM']"}
2026-08-15T13:12:31.185273013Z {"timestamp": 1786799551.1839693, "severity": "INFO", "name": "recommendationservice-server", "message": "[Recv ListRecommendations] product_ids=['LS4PSXUNUM', '0PUK6V6EV0', '6E92ZMYYFZ', '1YMWWN1N4O', '66VCHSJNUP']"}
2026-08-15T13:12:31.882688450Z {"timestamp": 1786799551.8805668, "severity": "INFO", "name": "recommendationservice-server", "message": "[Recv ListRecommendations] product_ids=['6E92ZMYYFZ', '9SIQT8TOJO', 'L9ECAV7KIM', '0PUK6V6EV0', '66VCHSJNUP']"}
2026-08-15T13:12:32.279770496Z {"timestamp": 1786799552.278653, "severity": "INFO", "name": "recommendationservice-server", "message": "[Recv ListRecommendations] product_ids=['66VCHSJNUP', 'LS4PSXUNUM', '9SIQT8TOJO', '2ZYFJ3GM2N', '6E92ZMYYFZ']"}
2026-08-15T13:12:32.296958073Z {"timestamp": 1786799552.2956493, "severity": "INFO", "name": "recommendationservice-server", "message": "[Recv ListRecommendations] product_ids=['9SIQT8TOJO', '66VCHSJNUP', 'LS4PSXUNUM', 'L9ECAV7KIM', '1YMWWN1N4O']"}
2026-08-15T13:12:32.473848162Z {"timestamp": 1786799552.4734814, "severity": "INFO", "name": "recommendationservice-server", "message": "[Recv ListRecommendations] product_ids=['9SIQT8TOJO', '2ZYFJ3GM2N', '66VCHSJNUP', 'OLJCESPC7Z', 'L9ECAV7KIM']"}
2026-08-15T13:12:33.942971360Z {"timestamp": 1786799553.9417884, "severity": "INFO", "name": "recommendationservice-server", "message": "[Recv ListRecommendations] product_ids=['LS4PSXUNUM', 'L9ECAV7KIM', '1YMWWN1N4O', '6E92ZMYYFZ', '9SIQT8TOJO']"}
2026-08-15T13:12:34.198382832Z {"timestamp": 1786799554.1972184, "severity": "INFO", "name": "recommendationservice-server", "message": "[Recv ListRecommendations] product_ids=['0PUK6V6EV0', 'L9ECAV7KIM', '9SIQT8TOJO', '2ZYFJ3GM2N', 'LS4PSXUNUM']"}
2026-08-15T13:12:34.806033723Z {"timestamp": 1786799554.8048947, "severity": "INFO", "name": "recommendationservice-server", "message": "[Recv ListRecommendations] product_ids=['66VCHSJNUP', '2ZYFJ3GM2N', 'L9ECAV7KIM', '9SIQT8TOJO', '6E92ZMYYFZ']"}
2026-08-15T13:12:34.820380119Z {"timestamp": 1786799554.818291, "severity": "INFO", "name": "recommendationservice-server", "message": "[Recv ListRecommendations] product_ids=['2ZYFJ3GM2N', '66VCHSJNUP', 'LS4PSXUNUM', '9SIQT8TOJO', 'L9ECAV7KIM']"}
2026-08-15T13:12:35.137461962Z {"timestamp": 1786799555.136594, "severity": "INFO", "name": "recommendationservice-server", "message": "[Recv ListRecommendations] product_ids=['0PUK6V6EV0', '6E92ZMYYFZ', 'LS4PSXUNUM', 'OLJCESPC7Z', '66VCHSJNUP']"}
2026-08-15T13:12:35.721666362Z {"timestamp": 1786799555.7209659, "severity": "INFO", "name": "recommendationservice-server", "message": "[Recv ListRecommendations] product_ids=['0PUK6V6EV0', 'LS4PSXUNUM', '1YMWWN1N4O', 'OLJCESPC7Z', '66VCHSJNUP']"}
2026-08-15T13:12:35.840431836Z {"timestamp": 1786799555.8394406, "severity": "INFO", "name": "recommendationservice-server", "message": "[Recv ListRecommendations] product_ids=['1YMWWN1N4O', '66VCHSJNUP', 'LS4PSXUNUM', 'OLJCESPC7Z', 'L9ECAV7KIM']"}
2026-08-15T13:12:35.947850701Z {"timestamp": 1786799555.9470253, "severity": "INFO", "name": "recommendationservice-server", "message": "[Recv ListRecommendations] product_ids=['0PUK6V6EV0', 'L9ECAV7KIM']"}
2026-08-15T13:12:36.829590090Z {"timestamp": 1786799556.828929, "severity": "INFO", "name": "recommendationservice-server", "message": "[Recv ListRecommendations] product_ids=['0PUK6V6EV0', '9SIQT8TOJO', 'OLJCESPC7Z', '66VCHSJNUP', '6E92ZMYYFZ']"}
2026-08-15T13:12:37.587252491Z {"timestamp": 1786799557.5868893, "severity": "INFO", "name": "recommendationservice-server", "message": "[Recv ListRecommendations] product_ids=['LS4PSXUNUM', '9SIQT8TOJO', '1YMWWN1N4O', 'L9ECAV7KIM', '0PUK6V6EV0']"}
2026-08-15T13:12:37.606061719Z {"timestamp": 1786799557.605693, "severity": "INFO", "name": "recommendationservice-server", "message": "[Recv ListRecommendations] product_ids=['1YMWWN1N4O', '6E92ZMYYFZ', '9SIQT8TOJO', '0PUK6V6EV0', 'OLJCESPC7Z']"}
2026-08-15T13:12:37.696158072Z {"timestamp": 1786799557.6916258, "severity": "INFO", "name": "recommendationservice-server", "message": "[Recv ListRecommendations] product_ids=['6E92ZMYYFZ', 'L9ECAV7KIM', '9SIQT8TOJO', '66VCHSJNUP', '2ZYFJ3GM2N']"}
2026-08-15T13:12:38.116393870Z {"timestamp": 1786799558.1154306, "severity": "INFO", "name": "recommendationservice-server", "message": "[Recv ListRecommendations] product_ids=['OLJCESPC7Z', '1YMWWN1N4O', '6E92ZMYYFZ', '0PUK6V6EV0', 'LS4PSXUNUM']"}
2026-08-15T13:12:38.127261364Z {"timestamp": 1786799558.1266093, "severity": "INFO", "name": "recommendationservice-server", "message": "[Recv ListRecommendations] product_ids=['6E92ZMYYFZ', '1YMWWN1N4O', '0PUK6V6EV0', '2ZYFJ3GM2N', '9SIQT8TOJO']"}
2026-08-15T13:12:38.923886623Z {"timestamp": 1786799558.9235892, "severity": "INFO", "name": "recommendationservice-server", "message": "[Recv ListRecommendations] product_ids=['L9ECAV7KIM', '9SIQT8TOJO', '2ZYFJ3GM2N', '1YMWWN1N4O', '6E92ZMYYFZ']"}
2026-08-15T13:12:39.082965669Z {"timestamp": 1786799559.082635, "severity": "INFO", "name": "recommendationservice-server", "message": "[Recv ListRecommendations] product_ids=['LS4PSXUNUM', 'L9ECAV7KIM', '0PUK6V6EV0', '9SIQT8TOJO', '2ZYFJ3GM2N']"}
2026-08-15T13:12:39.706426909Z {"timestamp": 1786799559.705301, "severity": "INFO", "name": "recommendationservice-server", "message": "[Recv ListRecommendations] product_ids=['L9ECAV7KIM', '6E92ZMYYFZ', '2ZYFJ3GM2N', '1YMWWN1N4O', '66VCHSJNUP']"}
2026-08-15T13:12:39.824852762Z {"timestamp": 1786799559.823425, "severity": "INFO", "name": "recommendationservice-server", "message": "[Recv ListRecommendations] product_ids=['1YMWWN1N4O', '9SIQT8TOJO', 'OLJCESPC7Z', '2ZYFJ3GM2N', '66VCHSJNUP']"}
2026-08-15T13:12:39.850434657Z {"timestamp": 1786799559.8494542, "severity": "INFO", "name": "recommendationservice-server", "message": "[Recv ListRecommendations] product_ids=['2ZYFJ3GM2N', '9SIQT8TOJO', 'L9ECAV7KIM', 'OLJCESPC7Z', '6E92ZMYYFZ']"}
2026-08-15T13:12:40.232903069Z {"timestamp": 1786799560.2315855, "severity": "INFO", "name": "recommendationservice-server", "message": "[Recv ListRecommendations] product_ids=['6E92ZMYYFZ', '1YMWWN1N4O', '2ZYFJ3GM2N', 'LS4PSXUNUM', '9SIQT8TOJO']"}
2026-08-15T13:12:40.827796204Z {"timestamp": 1786799560.8270738, "severity": "INFO", "name": "recommendationservice-server", "message": "[Recv ListRecommendations] product_ids=['66VCHSJNUP', '9SIQT8TOJO', '2ZYFJ3GM2N', 'LS4PSXUNUM', 'OLJCESPC7Z']"}
2026-08-15T13:12:40.890801751Z {"timestamp": 1786799560.8901813, "severity": "INFO", "name": "recommendationservice-server", "message": "[Recv ListRecommendations] product_ids=['9SIQT8TOJO', 'OLJCESPC7Z', 'LS4PSXUNUM', '2ZYFJ3GM2N', '0PUK6V6EV0']"}
2026-08-15T13:12:41.015812947Z {"timestamp": 1786799561.0146062, "severity": "INFO", "name": "recommendationservice-server", "message": "[Recv ListRecommendations] product_ids=['0PUK6V6EV0', 'OLJCESPC7Z', '1YMWWN1N4O', '66VCHSJNUP', 'LS4PSXUNUM']"}
2026-08-15T13:12:41.607464165Z {"timestamp": 1786799561.6059334, "severity": "INFO", "name": "recommendationservice-server", "message": "[Recv ListRecommendations] product_ids=['L9ECAV7KIM']"}
2026-08-15T13:12:43.607464308Z {"timestamp": 1786799563.6063097, "severity": "INFO", "name": "recommendationservice-server", "message": "[Recv ListRecommendations] product_ids=['LS4PSXUNUM', 'OLJCESPC7Z', '6E92ZMYYFZ', '2ZYFJ3GM2N', 'L9ECAV7KIM']"}
2026-08-15T13:12:44.203728989Z {"timestamp": 1786799564.2022772, "severity": "INFO", "name": "recommendationservice-server", "message": "[Recv ListRecommendations] product_ids=['LS4PSXUNUM', '6E92ZMYYFZ', '0PUK6V6EV0', 'L9ECAV7KIM', '2ZYFJ3GM2N']"}
2026-08-15T13:12:45.633247229Z {"timestamp": 1786799565.632955, "severity": "INFO", "name": "recommendationservice-server", "message": "[Recv ListRecommendations] product_ids=['LS4PSXUNUM', '1YMWWN1N4O', 'L9ECAV7KIM', '0PUK6V6EV0', '9SIQT8TOJO']"}
2026-08-15T13:12:45.697756827Z {"timestamp": 1786799565.69748, "severity": "INFO", "name": "recommendationservice-server", "message": "[Recv ListRecommendations] product_ids=['OLJCESPC7Z', '66VCHSJNUP', '2ZYFJ3GM2N', '0PUK6V6EV0', 'LS4PSXUNUM']"}
2026-08-15T13:12:45.729196351Z {"timestamp": 1786799565.7288833, "severity": "INFO", "name": "recommendationservice-server", "message": "[Recv ListRecommendations] product_ids=['9SIQT8TOJO', '66VCHSJNUP', '1YMWWN1N4O', 'L9ECAV7KIM', 'LS4PSXUNUM']"}
2026-08-15T13:12:46.310360929Z {"timestamp": 1786799566.3092005, "severity": "INFO", "name": "recommendationservice-server", "message": "[Recv ListRecommendations] product_ids=['0PUK6V6EV0', 'LS4PSXUNUM', '6E92ZMYYFZ', 'OLJCESPC7Z', '9SIQT8TOJO']"}
2026-08-15T13:12:46.330689498Z {"timestamp": 1786799566.3296914, "severity": "INFO", "name": "recommendationservice-server", "message": "[Recv ListRecommendations] product_ids=['9SIQT8TOJO', 'OLJCESPC7Z', '1YMWWN1N4O', '2ZYFJ3GM2N', '66VCHSJNUP']"}
2026-08-15T13:12:46.919802862Z {"timestamp": 1786799566.9186985, "severity": "INFO", "name": "recommendationservice-server", "message": "[Recv ListRecommendations] product_ids=['9SIQT8TOJO', '0PUK6V6EV0', 'OLJCESPC7Z', '2ZYFJ3GM2N', '66VCHSJNUP']"}
2026-08-15T13:12:47.406838933Z {"timestamp": 1786799567.406123, "severity": "INFO", "name": "recommendationservice-server", "message": "[Recv ListRecommendations] product_ids=['L9ECAV7KIM', '66VCHSJNUP', 'LS4PSXUNUM', '2ZYFJ3GM2N', 'OLJCESPC7Z']"}
2026-08-15T13:12:47.495632237Z {"timestamp": 1786799567.494592, "severity": "INFO", "name": "recommendationservice-server", "message": "[Recv ListRecommendations] product_ids=['0PUK6V6EV0', 'LS4PSXUNUM', '66VCHSJNUP', '6E92ZMYYFZ', '1YMWWN1N4O']"}
2026-08-15T13:12:47.880354636Z {"timestamp": 1786799567.8789072, "severity": "INFO", "name": "recommendationservice-server", "message": "[Recv ListRecommendations] product_ids=['1YMWWN1N4O', '9SIQT8TOJO', 'OLJCESPC7Z', '2ZYFJ3GM2N', '66VCHSJNUP']"}
2026-08-15T13:12:48.954639842Z {"timestamp": 1786799568.953525, "severity": "INFO", "name": "recommendationservice-server", "message": "[Recv ListRecommendations] product_ids=['2ZYFJ3GM2N', '6E92ZMYYFZ', '0PUK6V6EV0', '9SIQT8TOJO', 'LS4PSXUNUM']"}
2026-08-15T13:12:49.303887054Z {"timestamp": 1786799569.3024538, "severity": "INFO", "name": "recommendationservice-server", "message": "[Recv ListRecommendations] product_ids=['9SIQT8TOJO', '0PUK6V6EV0', 'LS4PSXUNUM', '1YMWWN1N4O', 'L9ECAV7KIM']"}
2026-08-15T13:12:49.540711178Z {"timestamp": 1786799569.5398192, "severity": "INFO", "name": "recommendationservice-server", "message": "[Recv ListRecommendations] product_ids=['6E92ZMYYFZ', '0PUK6V6EV0', 'LS4PSXUNUM', '9SIQT8TOJO', 'L9ECAV7KIM']"}
2026-08-15T13:12:49.972763470Z {"timestamp": 1786799569.971786, "severity": "INFO", "name": "recommendationservice-server", "message": "[Recv ListRecommendations] product_ids=['9SIQT8TOJO', '2ZYFJ3GM2N', 'OLJCESPC7Z', 'LS4PSXUNUM', '66VCHSJNUP']"}
2026-08-15T13:12:50.028824214Z {"timestamp": 1786799570.0277722, "severity": "INFO", "name": "recommendationservice-server", "message": "[Recv ListRecommendations] product_ids=['6E92ZMYYFZ', 'LS4PSXUNUM', '2ZYFJ3GM2N', 'OLJCESPC7Z', '1YMWWN1N4O']"}
2026-08-15T13:12:50.155461105Z {"timestamp": 1786799570.154308, "severity": "INFO", "name": "recommendationservice-server", "message": "[Recv ListRecommendations] product_ids=['66VCHSJNUP', 'OLJCESPC7Z', '9SIQT8TOJO', '1YMWWN1N4O', '2ZYFJ3GM2N']"}
2026-08-15T13:12:50.352651036Z {"timestamp": 1786799570.3514605, "severity": "INFO", "name": "recommendationservice-server", "message": "[Recv ListRecommendations] product_ids=['LS4PSXUNUM', '2ZYFJ3GM2N', 'L9ECAV7KIM', '6E92ZMYYFZ', '66VCHSJNUP']"}
2026-08-15T13:12:50.621768272Z {"timestamp": 1786799570.6204355, "severity": "INFO", "name": "recommendationservice-server", "message": "[Recv ListRecommendations] product_ids=['6E92ZMYYFZ', '1YMWWN1N4O', '0PUK6V6EV0', '9SIQT8TOJO', 'LS4PSXUNUM']"}
2026-08-15T13:12:50.841660975Z {"timestamp": 1786799570.84058, "severity": "INFO", "name": "recommendationservice-server", "message": "[Recv ListRecommendations] product_ids=['LS4PSXUNUM', '1YMWWN1N4O', 'OLJCESPC7Z', '6E92ZMYYFZ', '9SIQT8TOJO']"}
2026-08-15T13:12:51.493139912Z {"timestamp": 1786799571.4919186, "severity": "INFO", "name": "recommendationservice-server", "message": "[Recv ListRecommendations] product_ids=['OLJCESPC7Z', '2ZYFJ3GM2N', 'L9ECAV7KIM', '0PUK6V6EV0', 'LS4PSXUNUM']"}
2026-08-15T13:12:52.345058276Z {"timestamp": 1786799572.3434536, "severity": "INFO", "name": "recommendationservice-server", "message": "[Recv ListRecommendations] product_ids=['LS4PSXUNUM', 'OLJCESPC7Z', 'L9ECAV7KIM', '9SIQT8TOJO', '2ZYFJ3GM2N']"}
2026-08-15T13:12:52.369409303Z {"timestamp": 1786799572.3677318, "severity": "INFO", "name": "recommendationservice-server", "message": "[Recv ListRecommendations] product_ids=['66VCHSJNUP', 'LS4PSXUNUM', '0PUK6V6EV0', '6E92ZMYYFZ', '9SIQT8TOJO']"}
2026-08-15T13:12:52.558489080Z {"timestamp": 1786799572.558149, "severity": "INFO", "name": "recommendationservice-server", "message": "[Recv ListRecommendations] product_ids=['2ZYFJ3GM2N', '6E92ZMYYFZ', 'LS4PSXUNUM', '0PUK6V6EV0', '66VCHSJNUP']"}
2026-08-15T13:12:53.291736293Z {"timestamp": 1786799573.2905364, "severity": "INFO", "name": "recommendationservice-server", "message": "[Recv ListRecommendations] product_ids=['1YMWWN1N4O', 'OLJCESPC7Z', '9SIQT8TOJO', '6E92ZMYYFZ', '0PUK6V6EV0']"}
2026-08-15T13:12:53.305111224Z {"timestamp": 1786799573.3033772, "severity": "INFO", "name": "recommendationservice-server", "message": "[Recv ListRecommendations] product_ids=['6E92ZMYYFZ', '66VCHSJNUP', 'L9ECAV7KIM', '9SIQT8TOJO', '0PUK6V6EV0']"}
2026-08-15T13:12:54.223593315Z {"timestamp": 1786799574.2226264, "severity": "INFO", "name": "recommendationservice-server", "message": "[Recv ListRecommendations] product_ids=['0PUK6V6EV0', 'L9ECAV7KIM', 'OLJCESPC7Z', 'LS4PSXUNUM', '2ZYFJ3GM2N']"}
2026-08-15T13:12:54.513417508Z {"timestamp": 1786799574.5107124, "severity": "INFO", "name": "recommendationservice-server", "message": "[Recv ListRecommendations] product_ids=['1YMWWN1N4O', 'LS4PSXUNUM', '2ZYFJ3GM2N', 'OLJCESPC7Z', '0PUK6V6EV0']"}
2026-08-15T13:12:55.095328006Z {"timestamp": 1786799575.0941384, "severity": "INFO", "name": "recommendationservice-server", "message": "[Recv ListRecommendations] product_ids=['1YMWWN1N4O', '2ZYFJ3GM2N', 'OLJCESPC7Z', '6E92ZMYYFZ', '66VCHSJNUP']"}
2026-08-15T13:12:56.150632973Z {"timestamp": 1786799576.1494277, "severity": "INFO", "name": "recommendationservice-server", "message": "[Recv ListRecommendations] product_ids=['9SIQT8TOJO', '1YMWWN1N4O', '0PUK6V6EV0', 'LS4PSXUNUM', '66VCHSJNUP']"}
2026-08-15T13:12:56.447848610Z {"timestamp": 1786799576.4467428, "severity": "INFO", "name": "recommendationservice-server", "message": "[Recv ListRecommendations] product_ids=['0PUK6V6EV0', '2ZYFJ3GM2N', 'OLJCESPC7Z', '66VCHSJNUP', 'L9ECAV7KIM']"}
2026-08-15T13:12:57.295545137Z {"timestamp": 1786799577.2952695, "severity": "INFO", "name": "recommendationservice-server", "message": "[Recv ListRecommendations] product_ids=['1YMWWN1N4O', '6E92ZMYYFZ', '2ZYFJ3GM2N', 'OLJCESPC7Z', '0PUK6V6EV0']"}
2026-08-15T13:12:58.068244422Z {"timestamp": 1786799578.0673697, "severity": "INFO", "name": "recommendationservice-server", "message": "[Recv ListRecommendations] product_ids=['1YMWWN1N4O', '2ZYFJ3GM2N', 'LS4PSXUNUM', '9SIQT8TOJO', 'OLJCESPC7Z']"}
2026-08-15T13:12:58.171227546Z {"timestamp": 1786799578.170007, "severity": "INFO", "name": "recommendationservice-server", "message": "[Recv ListRecommendations] product_ids=['0PUK6V6EV0', '6E92ZMYYFZ', 'L9ECAV7KIM', '9SIQT8TOJO', '66VCHSJNUP']"}
2026-08-15T13:12:58.575776198Z {"timestamp": 1786799578.5748632, "severity": "INFO", "name": "recommendationservice-server", "message": "[Recv ListRecommendations] product_ids=['0PUK6V6EV0', '6E92ZMYYFZ', 'LS4PSXUNUM', '2ZYFJ3GM2N', 'OLJCESPC7Z']"}
2026-08-15T13:12:58.670650047Z {"timestamp": 1786799578.669882, "severity": "INFO", "name": "recommendationservice-server", "message": "[Recv ListRecommendations] product_ids=['0PUK6V6EV0', 'OLJCESPC7Z', '6E92ZMYYFZ', '66VCHSJNUP', '9SIQT8TOJO']"}
2026-08-15T13:12:58.812047154Z {"timestamp": 1786799578.8110454, "severity": "INFO", "name": "recommendationservice-server", "message": "[Recv ListRecommendations] product_ids=['2ZYFJ3GM2N', 'OLJCESPC7Z', '66VCHSJNUP', '0PUK6V6EV0', '6E92ZMYYFZ']"}
2026-08-15T13:12:59.541011888Z {"timestamp": 1786799579.5396578, "severity": "INFO", "name": "recommendationservice-server", "message": "[Recv ListRecommendations] product_ids=['66VCHSJNUP', '1YMWWN1N4O', '2ZYFJ3GM2N', 'L9ECAV7KIM', '9SIQT8TOJO']"}
2026-08-15T13:12:59.646921429Z {"timestamp": 1786799579.632273, "severity": "INFO", "name": "recommendationservice-server", "message": "[Recv ListRecommendations] product_ids=['L9ECAV7KIM', '9SIQT8TOJO', 'LS4PSXUNUM', 'OLJCESPC7Z', '1YMWWN1N4O']"}
2026-08-15T13:12:59.840264912Z {"timestamp": 1786799579.8390722, "severity": "INFO", "name": "recommendationservice-server", "message": "[Recv ListRecommendations] product_ids=['1YMWWN1N4O', '6E92ZMYYFZ', '66VCHSJNUP', '0PUK6V6EV0', 'LS4PSXUNUM']"}
2026-08-15T13:13:00.592234761Z {"timestamp": 1786799580.5911841, "severity": "INFO", "name": "recommendationservice-server", "message": "[Recv ListRecommendations] product_ids=['LS4PSXUNUM', '66VCHSJNUP', '9SIQT8TOJO', 'OLJCESPC7Z', '2ZYFJ3GM2N']"}
2026-08-15T13:13:00.699532275Z {"timestamp": 1786799580.6986146, "severity": "INFO", "name": "recommendationservice-server", "message": "[Recv ListRecommendations] product_ids=['66VCHSJNUP', '6E92ZMYYFZ', 'L9ECAV7KIM', '2ZYFJ3GM2N', '0PUK6V6EV0']"}
2026-08-15T13:13:00.994026054Z {"timestamp": 1786799580.9899988, "severity": "INFO", "name": "recommendationservice-server", "message": "[Recv ListRecommendations] product_ids=['LS4PSXUNUM', '66VCHSJNUP', '6E92ZMYYFZ', 'OLJCESPC7Z', '1YMWWN1N4O']"}
2026-08-15T13:13:02.009843608Z {"timestamp": 1786799582.0092993, "severity": "INFO", "name": "recommendationservice-server", "message": "[Recv ListRecommendations] product_ids=['2ZYFJ3GM2N', 'L9ECAV7KIM', 'OLJCESPC7Z', '1YMWWN1N4O', '0PUK6V6EV0']"}
2026-08-15T13:13:02.054538211Z {"timestamp": 1786799582.0540829, "severity": "INFO", "name": "recommendationservice-server", "message": "[Recv ListRecommendations] product_ids=['0PUK6V6EV0', 'L9ECAV7KIM', '66VCHSJNUP', '2ZYFJ3GM2N', '9SIQT8TOJO']"}
2026-08-15T13:13:02.574603188Z {"timestamp": 1786799582.5741727, "severity": "INFO", "name": "recommendationservice-server", "message": "[Recv ListRecommendations] product_ids=['2ZYFJ3GM2N', 'LS4PSXUNUM', 'L9ECAV7KIM', '0PUK6V6EV0', '66VCHSJNUP']"}
2026-08-15T13:13:03.156249092Z {"timestamp": 1786799583.1559775, "severity": "INFO", "name": "recommendationservice-server", "message": "[Recv ListRecommendations] product_ids=['2ZYFJ3GM2N', '1YMWWN1N4O', '0PUK6V6EV0', 'OLJCESPC7Z', '6E92ZMYYFZ']"}
2026-08-15T13:13:03.484470105Z {"timestamp": 1786799583.4840598, "severity": "INFO", "name": "recommendationservice-server", "message": "[Recv ListRecommendations] product_ids=['1YMWWN1N4O', '2ZYFJ3GM2N', 'LS4PSXUNUM', '0PUK6V6EV0', '6E92ZMYYFZ']"}
2026-08-15T13:13:03.822705920Z {"timestamp": 1786799583.8213496, "severity": "INFO", "name": "recommendationservice-server", "message": "[Recv ListRecommendations] product_ids=['9SIQT8TOJO', '0PUK6V6EV0', 'OLJCESPC7Z', '66VCHSJNUP', '2ZYFJ3GM2N']"}
2026-08-15T13:13:04.790680091Z {"timestamp": 1786799584.7898707, "severity": "INFO", "name": "recommendationservice-server", "message": "[Recv ListRecommendations] product_ids=['66VCHSJNUP', 'L9ECAV7KIM', '2ZYFJ3GM2N', '1YMWWN1N4O', 'OLJCESPC7Z']"}
2026-08-15T13:13:05.454096268Z {"timestamp": 1786799585.4532537, "severity": "INFO", "name": "recommendationservice-server", "message": "[Recv ListRecommendations] product_ids=['L9ECAV7KIM', '9SIQT8TOJO', '2ZYFJ3GM2N', 'OLJCESPC7Z', 'LS4PSXUNUM']"}
2026-08-15T13:13:06.390085792Z {"timestamp": 1786799586.389212, "severity": "INFO", "name": "recommendationservice-server", "message": "[Recv ListRecommendations] product_ids=['1YMWWN1N4O', '66VCHSJNUP', 'LS4PSXUNUM', 'L9ECAV7KIM', '9SIQT8TOJO']"}
2026-08-15T13:13:07.408967004Z {"timestamp": 1786799587.4086723, "severity": "INFO", "name": "recommendationservice-server", "message": "[Recv ListRecommendations] product_ids=['9SIQT8TOJO', 'OLJCESPC7Z', '6E92ZMYYFZ', 'LS4PSXUNUM', '66VCHSJNUP']"}
2026-08-15T13:13:08.275111865Z {"timestamp": 1786799588.2745779, "severity": "INFO", "name": "recommendationservice-server", "message": "[Recv ListRecommendations] product_ids=['OLJCESPC7Z', '2ZYFJ3GM2N', '9SIQT8TOJO', '0PUK6V6EV0', 'LS4PSXUNUM']"}
2026-08-15T13:13:08.861339844Z {"timestamp": 1786799588.860905, "severity": "INFO", "name": "recommendationservice-server", "message": "[Recv ListRecommendations] product_ids=['0PUK6V6EV0', '6E92ZMYYFZ', 'OLJCESPC7Z', '2ZYFJ3GM2N', 'LS4PSXUNUM']"}
2026-08-15T13:13:09.207390266Z {"timestamp": 1786799589.2070768, "severity": "INFO", "name": "recommendationservice-server", "message": "[Recv ListRecommendations] product_ids=['0PUK6V6EV0', '1YMWWN1N4O', 'LS4PSXUNUM', '9SIQT8TOJO', '6E92ZMYYFZ']"}
2026-08-15T13:13:09.501458841Z {"timestamp": 1786799589.5008342, "severity": "INFO", "name": "recommendationservice-server", "message": "[Recv ListRecommendations] product_ids=['0PUK6V6EV0', 'LS4PSXUNUM', 'OLJCESPC7Z', 'L9ECAV7KIM', '1YMWWN1N4O']"}
2026-08-15T13:13:09.971208333Z {"timestamp": 1786799589.9707088, "severity": "INFO", "name": "recommendationservice-server", "message": "[Recv ListRecommendations] product_ids=['1YMWWN1N4O', '66VCHSJNUP', 'L9ECAV7KIM', 'LS4PSXUNUM', '9SIQT8TOJO']"}
2026-08-15T13:13:11.033322321Z {"timestamp": 1786799591.0329878, "severity": "INFO", "name": "recommendationservice-server", "message": "[Recv ListRecommendations] product_ids=['66VCHSJNUP', '6E92ZMYYFZ', 'LS4PSXUNUM', 'OLJCESPC7Z', '2ZYFJ3GM2N']"}
2026-08-15T13:13:11.466073270Z {"timestamp": 1786799591.4654663, "severity": "INFO", "name": "recommendationservice-server", "message": "[Recv ListRecommendations] product_ids=['9SIQT8TOJO', 'LS4PSXUNUM', '1YMWWN1N4O', '66VCHSJNUP', 'OLJCESPC7Z']"}
2026-08-15T13:13:11.659656312Z {"timestamp": 1786799591.6589832, "severity": "INFO", "name": "recommendationservice-server", "message": "[Recv ListRecommendations] product_ids=['OLJCESPC7Z', 'LS4PSXUNUM', '1YMWWN1N4O', '6E92ZMYYFZ', '66VCHSJNUP']"}
2026-08-15T13:13:11.772280845Z {"timestamp": 1786799591.7715783, "severity": "INFO", "name": "recommendationservice-server", "message": "[Recv ListRecommendations] product_ids=['L9ECAV7KIM', '1YMWWN1N4O', 'OLJCESPC7Z', '2ZYFJ3GM2N', 'LS4PSXUNUM']"}
2026-08-15T13:13:12.132660208Z {"timestamp": 1786799592.1319594, "severity": "INFO", "name": "recommendationservice-server", "message": "[Recv ListRecommendations] product_ids=['2ZYFJ3GM2N', '6E92ZMYYFZ', '9SIQT8TOJO', 'OLJCESPC7Z', '66VCHSJNUP']"}
2026-08-15T13:13:12.559448484Z {"timestamp": 1786799592.5574296, "severity": "INFO", "name": "recommendationservice-server", "message": "[Recv ListRecommendations] product_ids=['2ZYFJ3GM2N', 'L9ECAV7KIM', '1YMWWN1N4O', '0PUK6V6EV0', 'OLJCESPC7Z']"}
2026-08-15T13:13:12.864074668Z {"timestamp": 1786799592.8628716, "severity": "INFO", "name": "recommendationservice-server", "message": "[Recv ListRecommendations] product_ids=['0PUK6V6EV0', 'LS4PSXUNUM', 'L9ECAV7KIM', '66VCHSJNUP', '1YMWWN1N4O']"}
2026-08-15T13:13:13.452583410Z {"timestamp": 1786799593.4508975, "severity": "INFO", "name": "recommendationservice-server", "message": "[Recv ListRecommendations] product_ids=['LS4PSXUNUM', 'L9ECAV7KIM', '9SIQT8TOJO', '66VCHSJNUP', '2ZYFJ3GM2N']"}
2026-08-15T13:13:14.203925995Z {"timestamp": 1786799594.2027745, "severity": "INFO", "name": "recommendationservice-server", "message": "[Recv ListRecommendations] product_ids=['1YMWWN1N4O', 'OLJCESPC7Z', '9SIQT8TOJO', 'LS4PSXUNUM', '6E92ZMYYFZ']"}
2026-08-15T13:13:15.238954689Z {"timestamp": 1786799595.2377, "severity": "INFO", "name": "recommendationservice-server", "message": "[Recv ListRecommendations] product_ids=['1YMWWN1N4O', 'L9ECAV7KIM', '9SIQT8TOJO', '0PUK6V6EV0', '6E92ZMYYFZ']"}
2026-08-15T13:13:15.435563579Z {"timestamp": 1786799595.4341583, "severity": "INFO", "name": "recommendationservice-server", "message": "[Recv ListRecommendations] product_ids=['LS4PSXUNUM', '2ZYFJ3GM2N', 'L9ECAV7KIM', '9SIQT8TOJO', '1YMWWN1N4O']"}
2026-08-15T13:13:16.306669553Z {"timestamp": 1786799596.305551, "severity": "INFO", "name": "recommendationservice-server", "message": "[Recv ListRecommendations] product_ids=['OLJCESPC7Z', '2ZYFJ3GM2N', '9SIQT8TOJO', 'LS4PSXUNUM', '0PUK6V6EV0']"}
2026-08-15T13:13:16.828665663Z {"timestamp": 1786799596.8276541, "severity": "INFO", "name": "recommendationservice-server", "message": "[Recv ListRecommendations] product_ids=['L9ECAV7KIM', 'LS4PSXUNUM', '6E92ZMYYFZ', '9SIQT8TOJO', '1YMWWN1N4O']"}
2026-08-15T13:13:16.935310965Z {"timestamp": 1786799596.9341445, "severity": "INFO", "name": "recommendationservice-server", "message": "[Recv ListRecommendations] product_ids=['LS4PSXUNUM', '66VCHSJNUP', '0PUK6V6EV0', '1YMWWN1N4O', 'L9ECAV7KIM']"}
2026-08-15T13:13:17.204712268Z {"timestamp": 1786799597.2034204, "severity": "INFO", "name": "recommendationservice-server", "message": "[Recv ListRecommendations] product_ids=['LS4PSXUNUM', '2ZYFJ3GM2N', '9SIQT8TOJO', 'L9ECAV7KIM', '6E92ZMYYFZ']"}
2026-08-15T13:13:17.278949804Z {"timestamp": 1786799597.2778811, "severity": "INFO", "name": "recommendationservice-server", "message": "[Recv ListRecommendations] product_ids=['OLJCESPC7Z', '66VCHSJNUP', 'L9ECAV7KIM', '0PUK6V6EV0', '6E92ZMYYFZ']"}
2026-08-15T13:13:17.315916161Z {"timestamp": 1786799597.3147023, "severity": "INFO", "name": "recommendationservice-server", "message": "[Recv ListRecommendations] product_ids=['2ZYFJ3GM2N', '66VCHSJNUP', 'OLJCESPC7Z', '1YMWWN1N4O', 'LS4PSXUNUM']"}
2026-08-15T13:13:17.793826845Z {"timestamp": 1786799597.7925773, "severity": "INFO", "name": "recommendationservice-server", "message": "[Recv ListRecommendations] product_ids=['L9ECAV7KIM', 'OLJCESPC7Z', '2ZYFJ3GM2N', '0PUK6V6EV0', '1YMWWN1N4O']"}
2026-08-15T13:13:18.932795401Z {"timestamp": 1786799598.932208, "severity": "INFO", "name": "recommendationservice-server", "message": "[Recv ListRecommendations] product_ids=['L9ECAV7KIM', '66VCHSJNUP', 'LS4PSXUNUM', 'OLJCESPC7Z', '2ZYFJ3GM2N']"}
2026-08-15T13:13:19.173865865Z {"timestamp": 1786799599.1727867, "severity": "INFO", "name": "recommendationservice-server", "message": "[Recv ListRecommendations] product_ids=['OLJCESPC7Z', '9SIQT8TOJO', 'LS4PSXUNUM', '66VCHSJNUP', '6E92ZMYYFZ']"}
2026-08-15T13:13:19.287998160Z {"timestamp": 1786799599.286877, "severity": "INFO", "name": "recommendationservice-server", "message": "[Recv ListRecommendations] product_ids=['1YMWWN1N4O', 'LS4PSXUNUM', 'L9ECAV7KIM', '2ZYFJ3GM2N', 'OLJCESPC7Z']"}
2026-08-15T13:13:19.664901229Z {"timestamp": 1786799599.6635199, "severity": "INFO", "name": "recommendationservice-server", "message": "[Recv ListRecommendations] product_ids=['OLJCESPC7Z', 'LS4PSXUNUM', '9SIQT8TOJO', '2ZYFJ3GM2N', '6E92ZMYYFZ']"}
2026-08-15T13:13:20.180611783Z {"timestamp": 1786799600.1793451, "severity": "INFO", "name": "recommendationservice-server", "message": "[Recv ListRecommendations] product_ids=['L9ECAV7KIM', '66VCHSJNUP', '2ZYFJ3GM2N', '6E92ZMYYFZ', '9SIQT8TOJO']"}
2026-08-15T13:13:20.218498372Z {"timestamp": 1786799600.2172234, "severity": "INFO", "name": "recommendationservice-server", "message": "[Recv ListRecommendations] product_ids=['1YMWWN1N4O', '2ZYFJ3GM2N', 'OLJCESPC7Z', '6E92ZMYYFZ', '0PUK6V6EV0']"}
2026-08-15T13:13:20.570276923Z {"timestamp": 1786799600.5694966, "severity": "INFO", "name": "recommendationservice-server", "message": "[Recv ListRecommendations] product_ids=['2ZYFJ3GM2N', '9SIQT8TOJO', 'LS4PSXUNUM', 'OLJCESPC7Z', '1YMWWN1N4O']"}
2026-08-15T13:13:21.599629408Z {"timestamp": 1786799601.5986261, "severity": "INFO", "name": "recommendationservice-server", "message": "[Recv ListRecommendations] product_ids=['6E92ZMYYFZ', '2ZYFJ3GM2N', '66VCHSJNUP', 'LS4PSXUNUM']"}
2026-08-15T13:13:21.632834514Z {"timestamp": 1786799601.6322114, "severity": "INFO", "name": "recommendationservice-server", "message": "[Recv ListRecommendations] product_ids=['2ZYFJ3GM2N', 'OLJCESPC7Z', '1YMWWN1N4O', '66VCHSJNUP', '9SIQT8TOJO']"}
2026-08-15T13:13:21.847218065Z {"timestamp": 1786799601.8460934, "severity": "INFO", "name": "recommendationservice-server", "message": "[Recv ListRecommendations] product_ids=['L9ECAV7KIM', '2ZYFJ3GM2N', '6E92ZMYYFZ', 'OLJCESPC7Z', '1YMWWN1N4O']"}
2026-08-15T13:13:21.959638556Z {"timestamp": 1786799601.9585266, "severity": "INFO", "name": "recommendationservice-server", "message": "[Recv ListRecommendations] product_ids=['1YMWWN1N4O', 'OLJCESPC7Z', '66VCHSJNUP', '6E92ZMYYFZ', 'LS4PSXUNUM']"}
2026-08-15T13:13:22.318463133Z {"timestamp": 1786799602.3173177, "severity": "INFO", "name": "recommendationservice-server", "message": "[Recv ListRecommendations] product_ids=['LS4PSXUNUM', '1YMWWN1N4O', '9SIQT8TOJO', '2ZYFJ3GM2N', '6E92ZMYYFZ']"}
2026-08-15T13:13:22.482171223Z {"timestamp": 1786799602.4818218, "severity": "INFO", "name": "recommendationservice-server", "message": "[Recv ListRecommendations] product_ids=['6E92ZMYYFZ', '0PUK6V6EV0', '66VCHSJNUP', '9SIQT8TOJO', 'LS4PSXUNUM']"}
2026-08-15T13:13:22.702221717Z {"timestamp": 1786799602.7007933, "severity": "INFO", "name": "recommendationservice-server", "message": "[Recv ListRecommendations] product_ids=['L9ECAV7KIM']"}
2026-08-15T13:13:22.834633716Z {"timestamp": 1786799602.8333776, "severity": "INFO", "name": "recommendationservice-server", "message": "[Recv ListRecommendations] product_ids=['L9ECAV7KIM', '66VCHSJNUP', '6E92ZMYYFZ', 'LS4PSXUNUM', '1YMWWN1N4O']"}
2026-08-15T13:13:23.184580857Z {"timestamp": 1786799603.1830919, "severity": "INFO", "name": "recommendationservice-server", "message": "[Recv ListRecommendations] product_ids=['66VCHSJNUP', '2ZYFJ3GM2N', '1YMWWN1N4O', 'L9ECAV7KIM', '0PUK6V6EV0']"}
2026-08-15T13:13:23.198428393Z {"timestamp": 1786799603.1959577, "severity": "INFO", "name": "recommendationservice-server", "message": "[Recv ListRecommendations] product_ids=['2ZYFJ3GM2N', 'L9ECAV7KIM', 'LS4PSXUNUM', '6E92ZMYYFZ', '66VCHSJNUP']"}
2026-08-15T13:13:23.370686400Z {"timestamp": 1786799603.369471, "severity": "INFO", "name": "recommendationservice-server", "message": "[Recv ListRecommendations] product_ids=['6E92ZMYYFZ', '9SIQT8TOJO', '2ZYFJ3GM2N', '0PUK6V6EV0', 'L9ECAV7KIM']"}
2026-08-15T13:13:24.126965069Z {"timestamp": 1786799604.126556, "severity": "INFO", "name": "recommendationservice-server", "message": "[Recv ListRecommendations] product_ids=['6E92ZMYYFZ', '9SIQT8TOJO', 'L9ECAV7KIM', 'LS4PSXUNUM', '2ZYFJ3GM2N']"}
2026-08-15T13:13:24.791757002Z {"timestamp": 1786799604.7907948, "severity": "INFO", "name": "recommendationservice-server", "message": "[Recv ListRecommendations] product_ids=['6E92ZMYYFZ', 'L9ECAV7KIM', 'LS4PSXUNUM', '9SIQT8TOJO', '0PUK6V6EV0']"}
2026-08-15T13:13:25.015609249Z {"timestamp": 1786799605.0140514, "severity": "INFO", "name": "recommendationservice-server", "message": "[Recv ListRecommendations] product_ids=['L9ECAV7KIM', '0PUK6V6EV0', '1YMWWN1N4O', 'LS4PSXUNUM', '2ZYFJ3GM2N']"}
2026-08-15T13:13:25.346084184Z {"timestamp": 1786799605.344336, "severity": "INFO", "name": "recommendationservice-server", "message": "[Recv ListRecommendations] product_ids=['0PUK6V6EV0', 'OLJCESPC7Z', '1YMWWN1N4O', '2ZYFJ3GM2N', '66VCHSJNUP']"}
2026-08-15T13:13:25.400782114Z {"timestamp": 1786799605.3996785, "severity": "INFO", "name": "recommendationservice-server", "message": "[Recv ListRecommendations] product_ids=['66VCHSJNUP', '1YMWWN1N4O', 'OLJCESPC7Z', 'L9ECAV7KIM', '0PUK6V6EV0']"}
2026-08-15T13:13:25.580980405Z {"timestamp": 1786799605.5805218, "severity": "INFO", "name": "recommendationservice-server", "message": "[Recv ListRecommendations] product_ids=['1YMWWN1N4O', '6E92ZMYYFZ', '0PUK6V6EV0', 'LS4PSXUNUM', 'L9ECAV7KIM']"}
2026-08-15T13:13:25.825657620Z {"timestamp": 1786799605.824405, "severity": "INFO", "name": "recommendationservice-server", "message": "[Recv ListRecommendations] product_ids=['OLJCESPC7Z', '1YMWWN1N4O', '2ZYFJ3GM2N', 'L9ECAV7KIM', 'LS4PSXUNUM']"}
2026-08-15T13:13:26.248583030Z {"timestamp": 1786799606.2469285, "severity": "INFO", "name": "recommendationservice-server", "message": "[Recv ListRecommendations] product_ids=['6E92ZMYYFZ', '2ZYFJ3GM2N', 'LS4PSXUNUM', '1YMWWN1N4O', '0PUK6V6EV0']"}
2026-08-15T13:13:26.640287996Z {"timestamp": 1786799606.6387885, "severity": "INFO", "name": "recommendationservice-server", "message": "[Recv ListRecommendations] product_ids=['LS4PSXUNUM', '6E92ZMYYFZ', '9SIQT8TOJO', '1YMWWN1N4O', '0PUK6V6EV0']"}
2026-08-15T13:13:27.500988497Z {"timestamp": 1786799607.4997604, "severity": "INFO", "name": "recommendationservice-server", "message": "[Recv ListRecommendations] product_ids=['0PUK6V6EV0', '66VCHSJNUP', 'L9ECAV7KIM', '6E92ZMYYFZ', '1YMWWN1N4O']"}
2026-08-15T13:13:28.519547966Z {"timestamp": 1786799608.5171905, "severity": "INFO", "name": "recommendationservice-server", "message": "[Recv ListRecommendations] product_ids=['6E92ZMYYFZ', '66VCHSJNUP', 'L9ECAV7KIM', '9SIQT8TOJO', '1YMWWN1N4O']"}
2026-08-15T13:13:28.589581142Z {"timestamp": 1786799608.589018, "severity": "INFO", "name": "recommendationservice-server", "message": "[Recv ListRecommendations] product_ids=['6E92ZMYYFZ', '1YMWWN1N4O', '9SIQT8TOJO', '66VCHSJNUP', '0PUK6V6EV0']"}
2026-08-15T13:13:28.953139576Z {"timestamp": 1786799608.9520519, "severity": "INFO", "name": "recommendationservice-server", "message": "[Recv ListRecommendations] product_ids=['66VCHSJNUP', 'OLJCESPC7Z', 'LS4PSXUNUM', '9SIQT8TOJO', '0PUK6V6EV0']"}
2026-08-15T13:13:29.389007521Z {"timestamp": 1786799609.387881, "severity": "INFO", "name": "recommendationservice-server", "message": "[Recv ListRecommendations] product_ids=['9SIQT8TOJO', 'OLJCESPC7Z', '0PUK6V6EV0', '6E92ZMYYFZ', '66VCHSJNUP']"}
2026-08-15T13:13:29.488938792Z {"timestamp": 1786799609.4884334, "severity": "INFO", "name": "recommendationservice-server", "message": "[Recv ListRecommendations] product_ids=['LS4PSXUNUM', '1YMWWN1N4O', '6E92ZMYYFZ', '66VCHSJNUP', 'L9ECAV7KIM']"}
2026-08-15T13:13:30.214417986Z {"timestamp": 1786799610.2135296, "severity": "INFO", "name": "recommendationservice-server", "message": "[Recv ListRecommendations] product_ids=['1YMWWN1N4O', '2ZYFJ3GM2N', '66VCHSJNUP', '6E92ZMYYFZ', '0PUK6V6EV0']"}
2026-08-15T13:13:30.766176251Z {"timestamp": 1786799610.7655034, "severity": "INFO", "name": "recommendationservice-server", "message": "[Recv ListRecommendations] product_ids=['LS4PSXUNUM', '0PUK6V6EV0', '2ZYFJ3GM2N', '9SIQT8TOJO', 'OLJCESPC7Z']"}
2026-08-15T13:13:30.800008662Z {"timestamp": 1786799610.799347, "severity": "INFO", "name": "recommendationservice-server", "message": "[Recv ListRecommendations] product_ids=['LS4PSXUNUM', '66VCHSJNUP', 'OLJCESPC7Z', '2ZYFJ3GM2N', '9SIQT8TOJO']"}
2026-08-15T13:13:31.268987535Z {"timestamp": 1786799611.2679737, "severity": "INFO", "name": "recommendationservice-server", "message": "[Recv ListRecommendations] product_ids=['6E92ZMYYFZ', '1YMWWN1N4O', '9SIQT8TOJO', '2ZYFJ3GM2N', '0PUK6V6EV0']"}
2026-08-15T13:13:31.474053318Z {"timestamp": 1786799611.4727857, "severity": "INFO", "name": "recommendationservice-server", "message": "[Recv ListRecommendations] product_ids=['L9ECAV7KIM', '2ZYFJ3GM2N', '66VCHSJNUP', '0PUK6V6EV0', '9SIQT8TOJO']"}
2026-08-15T13:13:31.551579564Z {"timestamp": 1786799611.5504873, "severity": "INFO", "name": "recommendationservice-server", "message": "[Recv ListRecommendations] product_ids=['LS4PSXUNUM', '0PUK6V6EV0', '1YMWWN1N4O', '2ZYFJ3GM2N', '6E92ZMYYFZ']"}
2026-08-15T13:13:32.239588441Z {"timestamp": 1786799612.2383804, "severity": "INFO", "name": "recommendationservice-server", "message": "[Recv ListRecommendations] product_ids=['66VCHSJNUP', '6E92ZMYYFZ', 'L9ECAV7KIM', '2ZYFJ3GM2N', 'LS4PSXUNUM']"}
2026-08-15T13:13:32.700978874Z {"timestamp": 1786799612.7006478, "severity": "INFO", "name": "recommendationservice-server", "message": "[Recv ListRecommendations] product_ids=['2ZYFJ3GM2N', 'LS4PSXUNUM', '1YMWWN1N4O', '0PUK6V6EV0', '9SIQT8TOJO']"}
2026-08-15T13:13:32.787203314Z {"timestamp": 1786799612.7869, "severity": "INFO", "name": "recommendationservice-server", "message": "[Recv ListRecommendations] product_ids=['1YMWWN1N4O', '9SIQT8TOJO', 'OLJCESPC7Z', 'LS4PSXUNUM', '66VCHSJNUP']"}
2026-08-15T13:13:33.196441292Z {"timestamp": 1786799613.196158, "severity": "INFO", "name": "recommendationservice-server", "message": "[Recv ListRecommendations] product_ids=['0PUK6V6EV0', '2ZYFJ3GM2N', 'LS4PSXUNUM', 'OLJCESPC7Z', '1YMWWN1N4O']"}
2026-08-15T13:13:33.328139386Z {"timestamp": 1786799613.3278308, "severity": "INFO", "name": "recommendationservice-server", "message": "[Recv ListRecommendations] product_ids=['66VCHSJNUP', '2ZYFJ3GM2N', 'L9ECAV7KIM', '9SIQT8TOJO', 'LS4PSXUNUM']"}
2026-08-15T13:13:33.819864156Z {"timestamp": 1786799613.8187284, "severity": "INFO", "name": "recommendationservice-server", "message": "[Recv ListRecommendations] product_ids=['1YMWWN1N4O', '2ZYFJ3GM2N', '9SIQT8TOJO', '6E92ZMYYFZ', '0PUK6V6EV0']"}
2026-08-15T13:13:34.092314829Z {"timestamp": 1786799614.0918007, "severity": "INFO", "name": "recommendationservice-server", "message": "[Recv ListRecommendations] product_ids=['9SIQT8TOJO', '2ZYFJ3GM2N', 'OLJCESPC7Z', '6E92ZMYYFZ', 'L9ECAV7KIM']"}
2026-08-15T13:13:34.799224805Z {"timestamp": 1786799614.7986495, "severity": "INFO", "name": "recommendationservice-server", "message": "[Recv ListRecommendations] product_ids=['9SIQT8TOJO', '66VCHSJNUP', 'OLJCESPC7Z', 'LS4PSXUNUM', '1YMWWN1N4O']"}
2026-08-15T13:13:34.802158657Z {"timestamp": 1786799614.8016653, "severity": "INFO", "name": "recommendationservice-server", "message": "[Recv ListRecommendations] product_ids=['9SIQT8TOJO', '6E92ZMYYFZ', '66VCHSJNUP', 'LS4PSXUNUM', '1YMWWN1N4O']"}
2026-08-15T13:13:34.831762607Z {"timestamp": 1786799614.8312018, "severity": "INFO", "name": "recommendationservice-server", "message": "[Recv ListRecommendations] product_ids=['6E92ZMYYFZ', '0PUK6V6EV0', 'L9ECAV7KIM', '66VCHSJNUP', 'OLJCESPC7Z']"}
2026-08-15T13:13:35.841148057Z {"timestamp": 1786799615.8399124, "severity": "INFO", "name": "recommendationservice-server", "message": "[Recv ListRecommendations] product_ids=['2ZYFJ3GM2N', 'LS4PSXUNUM', 'OLJCESPC7Z', '66VCHSJNUP', '0PUK6V6EV0']"}
2026-08-15T13:13:36.173716340Z {"timestamp": 1786799616.1720793, "severity": "INFO", "name": "recommendationservice-server", "message": "[Recv ListRecommendations] product_ids=['6E92ZMYYFZ', '1YMWWN1N4O', '2ZYFJ3GM2N', 'OLJCESPC7Z', 'L9ECAV7KIM']"}
2026-08-15T13:13:36.258161168Z {"timestamp": 1786799616.2566037, "severity": "INFO", "name": "recommendationservice-server", "message": "[Recv ListRecommendations] product_ids=['OLJCESPC7Z', '1YMWWN1N4O', 'L9ECAV7KIM', '2ZYFJ3GM2N', 'LS4PSXUNUM']"}
2026-08-15T13:13:36.317762815Z {"timestamp": 1786799616.3165805, "severity": "INFO", "name": "recommendationservice-server", "message": "[Recv ListRecommendations] product_ids=['LS4PSXUNUM', '0PUK6V6EV0', '9SIQT8TOJO', '66VCHSJNUP', '6E92ZMYYFZ']"}
2026-08-15T13:13:37.624429917Z {"timestamp": 1786799617.6236165, "severity": "INFO", "name": "recommendationservice-server", "message": "[Recv ListRecommendations] product_ids=['0PUK6V6EV0', '9SIQT8TOJO', '1YMWWN1N4O', 'LS4PSXUNUM', 'OLJCESPC7Z']"}
2026-08-15T13:13:37.863281461Z {"timestamp": 1786799617.8618674, "severity": "INFO", "name": "recommendationservice-server", "message": "[Recv ListRecommendations] product_ids=['L9ECAV7KIM', '66VCHSJNUP', 'OLJCESPC7Z', 'LS4PSXUNUM', '0PUK6V6EV0']"}
2026-08-15T13:13:38.747350783Z {"timestamp": 1786799618.7466283, "severity": "INFO", "name": "recommendationservice-server", "message": "[Recv ListRecommendations] product_ids=['0PUK6V6EV0', '9SIQT8TOJO', 'L9ECAV7KIM', '6E92ZMYYFZ', '1YMWWN1N4O']"}
2026-08-15T13:13:39.594783211Z {"timestamp": 1786799619.5940595, "severity": "INFO", "name": "recommendationservice-server", "message": "[Recv ListRecommendations] product_ids=['6E92ZMYYFZ', 'LS4PSXUNUM', 'L9ECAV7KIM', '2ZYFJ3GM2N', '66VCHSJNUP']"}
2026-08-15T13:13:39.737864722Z {"timestamp": 1786799619.7368817, "severity": "INFO", "name": "recommendationservice-server", "message": "[Recv ListRecommendations] product_ids=['1YMWWN1N4O', '2ZYFJ3GM2N', 'LS4PSXUNUM', '9SIQT8TOJO', '66VCHSJNUP']"}
2026-08-15T13:13:39.931806314Z {"timestamp": 1786799619.9309242, "severity": "INFO", "name": "recommendationservice-server", "message": "[Recv ListRecommendations] product_ids=['9SIQT8TOJO', '6E92ZMYYFZ', '0PUK6V6EV0', '1YMWWN1N4O', 'L9ECAV7KIM']"}
2026-08-15T13:13:40.380911167Z {"timestamp": 1786799620.379901, "severity": "INFO", "name": "recommendationservice-server", "message": "[Recv ListRecommendations] product_ids=['9SIQT8TOJO', '6E92ZMYYFZ', '2ZYFJ3GM2N', 'L9ECAV7KIM', 'LS4PSXUNUM']"}
2026-08-15T13:13:40.529632723Z {"timestamp": 1786799620.528467, "severity": "INFO", "name": "recommendationservice-server", "message": "[Recv ListRecommendations] product_ids=['OLJCESPC7Z', '9SIQT8TOJO', 'LS4PSXUNUM', '0PUK6V6EV0', '66VCHSJNUP']"}
2026-08-15T13:13:40.726530402Z {"timestamp": 1786799620.7251668, "severity": "INFO", "name": "recommendationservice-server", "message": "[Recv ListRecommendations] product_ids=['6E92ZMYYFZ', '1YMWWN1N4O', 'LS4PSXUNUM', '0PUK6V6EV0', '9SIQT8TOJO']"}
2026-08-15T13:13:40.909976269Z {"timestamp": 1786799620.908818, "severity": "INFO", "name": "recommendationservice-server", "message": "[Recv ListRecommendations] product_ids=['L9ECAV7KIM', '1YMWWN1N4O', '2ZYFJ3GM2N', '9SIQT8TOJO', '66VCHSJNUP']"}
2026-08-15T13:13:41.105507923Z {"timestamp": 1786799621.1047926, "severity": "INFO", "name": "recommendationservice-server", "message": "[Recv ListRecommendations] product_ids=['L9ECAV7KIM', '66VCHSJNUP', '6E92ZMYYFZ', 'OLJCESPC7Z', 'LS4PSXUNUM']"}
2026-08-15T13:13:42.339313815Z {"timestamp": 1786799622.3382149, "severity": "INFO", "name": "recommendationservice-server", "message": "[Recv ListRecommendations] product_ids=['0PUK6V6EV0', '6E92ZMYYFZ', 'L9ECAV7KIM', '2ZYFJ3GM2N', 'OLJCESPC7Z']"}
2026-08-15T13:13:44.298247650Z {"timestamp": 1786799624.2966878, "severity": "INFO", "name": "recommendationservice-server", "message": "[Recv ListRecommendations] product_ids=['2ZYFJ3GM2N', 'L9ECAV7KIM', '66VCHSJNUP', '9SIQT8TOJO', '0PUK6V6EV0']"}
2026-08-15T13:13:44.503215856Z {"timestamp": 1786799624.5019155, "severity": "INFO", "name": "recommendationservice-server", "message": "[Recv ListRecommendations] product_ids=['LS4PSXUNUM', '66VCHSJNUP', '6E92ZMYYFZ', 'L9ECAV7KIM', '1YMWWN1N4O']"}
2026-08-15T13:13:44.588545287Z {"timestamp": 1786799624.587425, "severity": "INFO", "name": "recommendationservice-server", "message": "[Recv ListRecommendations] product_ids=['OLJCESPC7Z', '6E92ZMYYFZ', '66VCHSJNUP', 'L9ECAV7KIM', '0PUK6V6EV0']"}
2026-08-15T13:13:44.732205812Z {"timestamp": 1786799624.730895, "severity": "INFO", "name": "recommendationservice-server", "message": "[Recv ListRecommendations] product_ids=['6E92ZMYYFZ', '0PUK6V6EV0', 'LS4PSXUNUM', 'OLJCESPC7Z', '66VCHSJNUP']"}
2026-08-15T13:13:45.621873012Z {"timestamp": 1786799625.6204426, "severity": "INFO", "name": "recommendationservice-server", "message": "[Recv ListRecommendations] product_ids=['OLJCESPC7Z', '1YMWWN1N4O', '66VCHSJNUP', '9SIQT8TOJO', '2ZYFJ3GM2N']"}
2026-08-15T13:13:45.626708007Z {"timestamp": 1786799625.6256785, "severity": "INFO", "name": "recommendationservice-server", "message": "[Recv ListRecommendations] product_ids=['2ZYFJ3GM2N', '6E92ZMYYFZ', '0PUK6V6EV0', 'L9ECAV7KIM', 'OLJCESPC7Z']"}
2026-08-15T13:13:46.139533938Z {"timestamp": 1786799626.138321, "severity": "INFO", "name": "recommendationservice-server", "message": "[Recv ListRecommendations] product_ids=['1YMWWN1N4O', 'OLJCESPC7Z', '6E92ZMYYFZ', '9SIQT8TOJO', '2ZYFJ3GM2N']"}
2026-08-15T13:13:47.021279036Z {"timestamp": 1786799627.0202725, "severity": "INFO", "name": "recommendationservice-server", "message": "[Recv ListRecommendations] product_ids=['1YMWWN1N4O', 'L9ECAV7KIM', '6E92ZMYYFZ', '0PUK6V6EV0', '66VCHSJNUP']"}
2026-08-15T13:13:47.138916881Z {"timestamp": 1786799627.1376371, "severity": "INFO", "name": "recommendationservice-server", "message": "[Recv ListRecommendations] product_ids=['6E92ZMYYFZ', '66VCHSJNUP', '0PUK6V6EV0', 'OLJCESPC7Z', 'LS4PSXUNUM']"}
2026-08-15T13:13:47.384595281Z {"timestamp": 1786799627.384226, "severity": "INFO", "name": "recommendationservice-server", "message": "[Recv ListRecommendations] product_ids=['OLJCESPC7Z', 'LS4PSXUNUM', '1YMWWN1N4O', '6E92ZMYYFZ', '2ZYFJ3GM2N']"}
2026-08-15T13:13:47.836900374Z {"timestamp": 1786799627.8362298, "severity": "INFO", "name": "recommendationservice-server", "message": "[Recv ListRecommendations] product_ids=['0PUK6V6EV0', '1YMWWN1N4O', 'LS4PSXUNUM', '66VCHSJNUP', '6E92ZMYYFZ']"}
2026-08-15T13:13:47.840354686Z {"timestamp": 1786799627.8398066, "severity": "INFO", "name": "recommendationservice-server", "message": "[Recv ListRecommendations] product_ids=['1YMWWN1N4O', '2ZYFJ3GM2N', 'OLJCESPC7Z', 'LS4PSXUNUM', '66VCHSJNUP']"}
2026-08-15T13:13:47.848531261Z {"timestamp": 1786799627.8480554, "severity": "INFO", "name": "recommendationservice-server", "message": "[Recv ListRecommendations] product_ids=['OLJCESPC7Z', '9SIQT8TOJO', '1YMWWN1N4O', '2ZYFJ3GM2N', 'LS4PSXUNUM']"}
2026-08-15T13:13:48.812167674Z {"timestamp": 1786799628.8114426, "severity": "INFO", "name": "recommendationservice-server", "message": "[Recv ListRecommendations] product_ids=['66VCHSJNUP', 'OLJCESPC7Z', '0PUK6V6EV0', '9SIQT8TOJO', '1YMWWN1N4O']"}
2026-08-15T13:13:49.637451389Z {"timestamp": 1786799629.6361215, "severity": "INFO", "name": "recommendationservice-server", "message": "[Recv ListRecommendations] product_ids=['0PUK6V6EV0', '2ZYFJ3GM2N', 'OLJCESPC7Z', '9SIQT8TOJO', 'LS4PSXUNUM']"}
2026-08-15T13:13:50.041772304Z {"timestamp": 1786799630.0406597, "severity": "INFO", "name": "recommendationservice-server", "message": "[Recv ListRecommendations] product_ids=['L9ECAV7KIM', '1YMWWN1N4O', 'OLJCESPC7Z', '66VCHSJNUP', '2ZYFJ3GM2N']"}
2026-08-15T13:13:50.093232041Z {"timestamp": 1786799630.0923202, "severity": "INFO", "name": "recommendationservice-server", "message": "[Recv ListRecommendations] product_ids=['9SIQT8TOJO', '1YMWWN1N4O', '6E92ZMYYFZ', 'OLJCESPC7Z', '2ZYFJ3GM2N']"}
2026-08-15T13:13:50.389193334Z {"timestamp": 1786799630.3879058, "severity": "INFO", "name": "recommendationservice-server", "message": "[Recv ListRecommendations] product_ids=['LS4PSXUNUM', '66VCHSJNUP', '1YMWWN1N4O', 'OLJCESPC7Z', '9SIQT8TOJO']"}
2026-08-15T13:13:51.705752733Z {"timestamp": 1786799631.7045927, "severity": "INFO", "name": "recommendationservice-server", "message": "[Recv ListRecommendations] product_ids=['1YMWWN1N4O', 'OLJCESPC7Z', '6E92ZMYYFZ', '66VCHSJNUP', '9SIQT8TOJO']"}
2026-08-15T13:13:52.588936753Z {"timestamp": 1786799632.588132, "severity": "INFO", "name": "recommendationservice-server", "message": "[Recv ListRecommendations] product_ids=['0PUK6V6EV0', '6E92ZMYYFZ', 'OLJCESPC7Z', 'LS4PSXUNUM', '9SIQT8TOJO']"}
2026-08-15T13:13:52.635191669Z {"timestamp": 1786799632.6348805, "severity": "INFO", "name": "recommendationservice-server", "message": "[Recv ListRecommendations] product_ids=['9SIQT8TOJO', 'LS4PSXUNUM', '66VCHSJNUP', '6E92ZMYYFZ', '2ZYFJ3GM2N']"}
2026-08-15T13:13:52.739683829Z {"timestamp": 1786799632.738361, "severity": "INFO", "name": "recommendationservice-server", "message": "[Recv ListRecommendations] product_ids=['1YMWWN1N4O', '6E92ZMYYFZ', 'L9ECAV7KIM', '66VCHSJNUP', '0PUK6V6EV0']"}
2026-08-15T13:13:52.800589592Z {"timestamp": 1786799632.7994375, "severity": "INFO", "name": "recommendationservice-server", "message": "[Recv ListRecommendations] product_ids=['2ZYFJ3GM2N', '66VCHSJNUP', '9SIQT8TOJO', '1YMWWN1N4O', 'LS4PSXUNUM']"}
2026-08-15T13:13:53.380705271Z {"timestamp": 1786799633.3794067, "severity": "INFO", "name": "recommendationservice-server", "message": "[Recv ListRecommendations] product_ids=['LS4PSXUNUM', '2ZYFJ3GM2N', '6E92ZMYYFZ', '0PUK6V6EV0', '1YMWWN1N4O']"}
2026-08-15T13:13:53.888685447Z {"timestamp": 1786799633.8874786, "severity": "INFO", "name": "recommendationservice-server", "message": "[Recv ListRecommendations] product_ids=['OLJCESPC7Z', 'L9ECAV7KIM', '1YMWWN1N4O', 'LS4PSXUNUM', '66VCHSJNUP']"}
2026-08-15T13:13:53.900734684Z {"timestamp": 1786799633.8994699, "severity": "INFO", "name": "recommendationservice-server", "message": "[Recv ListRecommendations] product_ids=['2ZYFJ3GM2N', 'L9ECAV7KIM', '6E92ZMYYFZ', '66VCHSJNUP', 'OLJCESPC7Z']"}
2026-08-15T13:13:54.214814338Z {"timestamp": 1786799634.2127345, "severity": "INFO", "name": "recommendationservice-server", "message": "[Recv ListRecommendations] product_ids=['6E92ZMYYFZ', 'L9ECAV7KIM', '66VCHSJNUP', '2ZYFJ3GM2N', 'OLJCESPC7Z']"}
2026-08-15T13:13:54.240292776Z {"timestamp": 1786799634.2389715, "severity": "INFO", "name": "recommendationservice-server", "message": "[Recv ListRecommendations] product_ids=['LS4PSXUNUM', '6E92ZMYYFZ', '66VCHSJNUP', '9SIQT8TOJO', '1YMWWN1N4O']"}
2026-08-15T13:13:54.843725635Z {"timestamp": 1786799634.842453, "severity": "INFO", "name": "recommendationservice-server", "message": "[Recv ListRecommendations] product_ids=['OLJCESPC7Z', 'LS4PSXUNUM', '6E92ZMYYFZ', '9SIQT8TOJO', '2ZYFJ3GM2N']"}
2026-08-15T13:13:55.577519840Z {"timestamp": 1786799635.5764952, "severity": "INFO", "name": "recommendationservice-server", "message": "[Recv ListRecommendations] product_ids=['L9ECAV7KIM', 'LS4PSXUNUM', 'OLJCESPC7Z', '66VCHSJNUP', '0PUK6V6EV0']"}
2026-08-15T13:13:55.616742717Z {"timestamp": 1786799635.616409, "severity": "INFO", "name": "recommendationservice-server", "message": "[Recv ListRecommendations] product_ids=['6E92ZMYYFZ', '2ZYFJ3GM2N', 'OLJCESPC7Z', '0PUK6V6EV0', '1YMWWN1N4O']"}
2026-08-15T13:13:56.032233946Z {"timestamp": 1786799636.031441, "severity": "INFO", "name": "recommendationservice-server", "message": "[Recv ListRecommendations] product_ids=['1YMWWN1N4O', '2ZYFJ3GM2N', '0PUK6V6EV0', '66VCHSJNUP', '6E92ZMYYFZ']"}
2026-08-15T13:13:56.293670073Z {"timestamp": 1786799636.2923265, "severity": "INFO", "name": "recommendationservice-server", "message": "[Recv ListRecommendations] product_ids=['66VCHSJNUP', '9SIQT8TOJO', 'L9ECAV7KIM', 'LS4PSXUNUM', '1YMWWN1N4O']"}
2026-08-15T13:13:56.369836052Z {"timestamp": 1786799636.36886, "severity": "INFO", "name": "recommendationservice-server", "message": "[Recv ListRecommendations] product_ids=['1YMWWN1N4O', '9SIQT8TOJO', 'OLJCESPC7Z', '2ZYFJ3GM2N', '66VCHSJNUP']"}
2026-08-15T13:13:56.941418060Z {"timestamp": 1786799636.940909, "severity": "INFO", "name": "recommendationservice-server", "message": "[Recv ListRecommendations] product_ids=['0PUK6V6EV0', 'LS4PSXUNUM', '2ZYFJ3GM2N', 'L9ECAV7KIM', 'OLJCESPC7Z']"}
2026-08-15T13:13:57.712811783Z {"timestamp": 1786799637.7114818, "severity": "INFO", "name": "recommendationservice-server", "message": "[Recv ListRecommendations] product_ids=['L9ECAV7KIM']"}
2026-08-15T13:13:58.036805514Z {"timestamp": 1786799638.0353384, "severity": "INFO", "name": "recommendationservice-server", "message": "[Recv ListRecommendations] product_ids=['L9ECAV7KIM', '0PUK6V6EV0', '1YMWWN1N4O', '66VCHSJNUP', 'OLJCESPC7Z']"}
2026-08-15T13:13:58.924890384Z {"timestamp": 1786799638.9245455, "severity": "INFO", "name": "recommendationservice-server", "message": "[Recv ListRecommendations] product_ids=['OLJCESPC7Z', '9SIQT8TOJO', '6E92ZMYYFZ', 'LS4PSXUNUM', '0PUK6V6EV0']"}
2026-08-15T13:13:59.295648559Z {"timestamp": 1786799639.2945065, "severity": "INFO", "name": "recommendationservice-server", "message": "[Recv ListRecommendations] product_ids=['0PUK6V6EV0', '66VCHSJNUP', 'OLJCESPC7Z', '9SIQT8TOJO', '2ZYFJ3GM2N']"}
2026-08-15T13:13:59.859831788Z {"timestamp": 1786799639.8586657, "severity": "INFO", "name": "recommendationservice-server", "message": "[Recv ListRecommendations] product_ids=['2ZYFJ3GM2N', '66VCHSJNUP', 'L9ECAV7KIM', 'OLJCESPC7Z', '6E92ZMYYFZ']"}
2026-08-15T13:14:00.210343636Z {"timestamp": 1786799640.209485, "severity": "INFO", "name": "recommendationservice-server", "message": "[Recv ListRecommendations] product_ids=['6E92ZMYYFZ', '0PUK6V6EV0', 'LS4PSXUNUM', '66VCHSJNUP', 'OLJCESPC7Z']"}
2026-08-15T13:14:00.405188354Z {"timestamp": 1786799640.4041696, "severity": "INFO", "name": "recommendationservice-server", "message": "[Recv ListRecommendations] product_ids=['9SIQT8TOJO', '2ZYFJ3GM2N', '1YMWWN1N4O', '0PUK6V6EV0', 'LS4PSXUNUM']"}
2026-08-15T13:14:00.946138816Z {"timestamp": 1786799640.9451864, "severity": "INFO", "name": "recommendationservice-server", "message": "[Recv ListRecommendations] product_ids=['6E92ZMYYFZ', '1YMWWN1N4O', '66VCHSJNUP', 'LS4PSXUNUM', '9SIQT8TOJO']"}
2026-08-15T13:14:01.212870608Z {"timestamp": 1786799641.2115517, "severity": "INFO", "name": "recommendationservice-server", "message": "[Recv ListRecommendations] product_ids=['2ZYFJ3GM2N', 'LS4PSXUNUM', '6E92ZMYYFZ']"}
2026-08-15T13:14:01.616554718Z {"timestamp": 1786799641.6154728, "severity": "INFO", "name": "recommendationservice-server", "message": "[Recv ListRecommendations] product_ids=['9SIQT8TOJO', '66VCHSJNUP', 'OLJCESPC7Z', 'L9ECAV7KIM', '0PUK6V6EV0']"}
2026-08-15T13:14:01.922169647Z {"timestamp": 1786799641.920596, "severity": "INFO", "name": "recommendationservice-server", "message": "[Recv ListRecommendations] product_ids=['2ZYFJ3GM2N', 'OLJCESPC7Z', '6E92ZMYYFZ', '66VCHSJNUP', '9SIQT8TOJO']"}
2026-08-15T13:14:02.776224816Z {"timestamp": 1786799642.7758648, "severity": "INFO", "name": "recommendationservice-server", "message": "[Recv ListRecommendations] product_ids=['L9ECAV7KIM', 'LS4PSXUNUM', '1YMWWN1N4O', '6E92ZMYYFZ', 'OLJCESPC7Z']"}
2026-08-15T13:14:03.789534867Z {"timestamp": 1786799643.788231, "severity": "INFO", "name": "recommendationservice-server", "message": "[Recv ListRecommendations] product_ids=['L9ECAV7KIM', '2ZYFJ3GM2N', 'LS4PSXUNUM', '66VCHSJNUP', '0PUK6V6EV0']"}
2026-08-15T13:14:05.713052687Z {"timestamp": 1786799645.711831, "severity": "INFO", "name": "recommendationservice-server", "message": "[Recv ListRecommendations] product_ids=['LS4PSXUNUM', '2ZYFJ3GM2N', '0PUK6V6EV0', '9SIQT8TOJO', '1YMWWN1N4O']"}
2026-08-15T13:14:05.774462197Z {"timestamp": 1786799645.7732902, "severity": "INFO", "name": "recommendationservice-server", "message": "[Recv ListRecommendations] product_ids=['6E92ZMYYFZ', '66VCHSJNUP', '2ZYFJ3GM2N', 'LS4PSXUNUM', '9SIQT8TOJO']"}
2026-08-15T13:14:05.840437439Z {"timestamp": 1786799645.839456, "severity": "INFO", "name": "recommendationservice-server", "message": "[Recv ListRecommendations] product_ids=['LS4PSXUNUM', 'L9ECAV7KIM', '0PUK6V6EV0', '9SIQT8TOJO', 'OLJCESPC7Z']"}
2026-08-15T13:14:07.106069324Z {"timestamp": 1786799647.104308, "severity": "INFO", "name": "recommendationservice-server", "message": "[Recv ListRecommendations] product_ids=['1YMWWN1N4O', '9SIQT8TOJO', '66VCHSJNUP', 'LS4PSXUNUM', 'OLJCESPC7Z']"}
2026-08-15T13:14:07.109062177Z {"timestamp": 1786799647.107416, "severity": "INFO", "name": "recommendationservice-server", "message": "[Recv ListRecommendations] product_ids=['OLJCESPC7Z', '1YMWWN1N4O', 'L9ECAV7KIM', '0PUK6V6EV0', '66VCHSJNUP']"}
2026-08-15T13:14:07.237348847Z {"timestamp": 1786799647.2363021, "severity": "INFO", "name": "recommendationservice-server", "message": "[Recv ListRecommendations] product_ids=['66VCHSJNUP', '2ZYFJ3GM2N', '1YMWWN1N4O', 'L9ECAV7KIM', 'LS4PSXUNUM']"}
2026-08-15T13:14:07.295727179Z {"timestamp": 1786799647.2949078, "severity": "INFO", "name": "recommendationservice-server", "message": "[Recv ListRecommendations] product_ids=['1YMWWN1N4O', '66VCHSJNUP', '2ZYFJ3GM2N', '0PUK6V6EV0', '9SIQT8TOJO']"}
2026-08-15T13:14:08.473150939Z {"timestamp": 1786799648.4724557, "severity": "INFO", "name": "recommendationservice-server", "message": "[Recv ListRecommendations] product_ids=['OLJCESPC7Z', '2ZYFJ3GM2N', '0PUK6V6EV0', '1YMWWN1N4O', 'L9ECAV7KIM']"}
2026-08-15T13:14:09.230803115Z {"timestamp": 1786799649.22992, "severity": "INFO", "name": "recommendationservice-server", "message": "[Recv ListRecommendations] product_ids=['9SIQT8TOJO', '66VCHSJNUP', '0PUK6V6EV0', 'OLJCESPC7Z', '6E92ZMYYFZ']"}
2026-08-15T13:14:09.942442075Z {"timestamp": 1786799649.9382508, "severity": "INFO", "name": "recommendationservice-server", "message": "[Recv ListRecommendations] product_ids=['OLJCESPC7Z', '66VCHSJNUP', '1YMWWN1N4O', '6E92ZMYYFZ', 'L9ECAV7KIM']"}
2026-08-15T13:14:10.010325365Z {"timestamp": 1786799650.0092347, "severity": "INFO", "name": "recommendationservice-server", "message": "[Recv ListRecommendations] product_ids=['1YMWWN1N4O', '9SIQT8TOJO', '66VCHSJNUP', 'LS4PSXUNUM', '6E92ZMYYFZ']"}
2026-08-15T13:14:10.878294925Z {"timestamp": 1786799650.8764129, "severity": "INFO", "name": "recommendationservice-server", "message": "[Recv ListRecommendations] product_ids=['LS4PSXUNUM', '6E92ZMYYFZ', '2ZYFJ3GM2N']"}
2026-08-15T13:14:11.913056171Z {"timestamp": 1786799651.911641, "severity": "INFO", "name": "recommendationservice-server", "message": "[Recv ListRecommendations] product_ids=['9SIQT8TOJO', '0PUK6V6EV0', '66VCHSJNUP', '6E92ZMYYFZ', '2ZYFJ3GM2N']"}
2026-08-15T13:14:11.994186010Z {"timestamp": 1786799651.9927723, "severity": "INFO", "name": "recommendationservice-server", "message": "[Recv ListRecommendations] product_ids=['0PUK6V6EV0', '1YMWWN1N4O', '9SIQT8TOJO', 'LS4PSXUNUM', '66VCHSJNUP']"}
2026-08-15T13:14:12.781843824Z {"timestamp": 1786799652.7813072, "severity": "INFO", "name": "recommendationservice-server", "message": "[Recv ListRecommendations] product_ids=['9SIQT8TOJO', 'OLJCESPC7Z', '2ZYFJ3GM2N', '0PUK6V6EV0', 'L9ECAV7KIM']"}
2026-08-15T13:14:12.981099762Z {"timestamp": 1786799652.9796462, "severity": "INFO", "name": "recommendationservice-server", "message": "[Recv ListRecommendations] product_ids=['L9ECAV7KIM', '9SIQT8TOJO', '2ZYFJ3GM2N', 'LS4PSXUNUM', '66VCHSJNUP']"}
2026-08-15T13:14:13.099566823Z {"timestamp": 1786799653.0987444, "severity": "INFO", "name": "recommendationservice-server", "message": "[Recv ListRecommendations] product_ids=['OLJCESPC7Z', '0PUK6V6EV0', '1YMWWN1N4O', '2ZYFJ3GM2N', '9SIQT8TOJO']"}
2026-08-15T13:14:13.861112197Z {"timestamp": 1786799653.859936, "severity": "INFO", "name": "recommendationservice-server", "message": "[Recv ListRecommendations] product_ids=['1YMWWN1N4O', '0PUK6V6EV0', 'OLJCESPC7Z', 'LS4PSXUNUM', 'L9ECAV7KIM']"}
2026-08-15T13:14:14.246566751Z {"timestamp": 1786799654.245317, "severity": "INFO", "name": "recommendationservice-server", "message": "[Recv ListRecommendations] product_ids=['0PUK6V6EV0', 'LS4PSXUNUM', 'OLJCESPC7Z', '1YMWWN1N4O', '9SIQT8TOJO']"}
2026-08-15T13:14:14.265249015Z {"timestamp": 1786799654.2629452, "severity": "INFO", "name": "recommendationservice-server", "message": "[Recv ListRecommendations] product_ids=['LS4PSXUNUM', 'OLJCESPC7Z', '2ZYFJ3GM2N', '1YMWWN1N4O', '6E92ZMYYFZ']"}
2026-08-15T13:14:15.871641104Z {"timestamp": 1786799655.871075, "severity": "INFO", "name": "recommendationservice-server", "message": "[Recv ListRecommendations] product_ids=['1YMWWN1N4O', 'OLJCESPC7Z', 'LS4PSXUNUM', 'L9ECAV7KIM', '0PUK6V6EV0']"}
2026-08-15T13:14:16.083348250Z {"timestamp": 1786799656.0820603, "severity": "INFO", "name": "recommendationservice-server", "message": "[Recv ListRecommendations] product_ids=['6E92ZMYYFZ', '0PUK6V6EV0', 'OLJCESPC7Z', '1YMWWN1N4O', '2ZYFJ3GM2N']"}
2026-08-15T13:14:16.539422496Z {"timestamp": 1786799656.5391226, "severity": "INFO", "name": "recommendationservice-server", "message": "[Recv ListRecommendations] product_ids=['66VCHSJNUP', 'L9ECAV7KIM', '6E92ZMYYFZ', 'OLJCESPC7Z', 'LS4PSXUNUM']"}
2026-08-15T13:14:16.680621671Z {"timestamp": 1786799656.680294, "severity": "INFO", "name": "recommendationservice-server", "message": "[Recv ListRecommendations] product_ids=['OLJCESPC7Z', '2ZYFJ3GM2N', '6E92ZMYYFZ', '9SIQT8TOJO', 'L9ECAV7KIM']"}
2026-08-15T13:14:16.682047935Z {"timestamp": 1786799656.6814601, "severity": "INFO", "name": "recommendationservice-server", "message": "[Recv ListRecommendations] product_ids=['LS4PSXUNUM', '9SIQT8TOJO', 'L9ECAV7KIM', '1YMWWN1N4O', '6E92ZMYYFZ']"}
2026-08-15T13:14:16.920556149Z {"timestamp": 1786799656.9202569, "severity": "INFO", "name": "recommendationservice-server", "message": "[Recv ListRecommendations] product_ids=['9SIQT8TOJO', '66VCHSJNUP', 'OLJCESPC7Z', '2ZYFJ3GM2N', '6E92ZMYYFZ']"}
2026-08-15T13:14:17.162965687Z {"timestamp": 1786799657.1624913, "severity": "INFO", "name": "recommendationservice-server", "message": "[Recv ListRecommendations] product_ids=['0PUK6V6EV0', '9SIQT8TOJO', '6E92ZMYYFZ', 'L9ECAV7KIM', 'OLJCESPC7Z']"}
2026-08-15T13:14:17.189720346Z {"timestamp": 1786799657.1890368, "severity": "INFO", "name": "recommendationservice-server", "message": "[Recv ListRecommendations] product_ids=['1YMWWN1N4O', 'OLJCESPC7Z', '9SIQT8TOJO', '66VCHSJNUP']"}
2026-08-15T13:14:17.272771742Z {"timestamp": 1786799657.272263, "severity": "INFO", "name": "recommendationservice-server", "message": "[Recv ListRecommendations] product_ids=['9SIQT8TOJO', '1YMWWN1N4O', 'L9ECAV7KIM', '2ZYFJ3GM2N', 'OLJCESPC7Z']"}
2026-08-15T13:14:17.376843335Z {"timestamp": 1786799657.3764627, "severity": "INFO", "name": "recommendationservice-server", "message": "[Recv ListRecommendations] product_ids=['OLJCESPC7Z', '66VCHSJNUP', '9SIQT8TOJO', 'LS4PSXUNUM', '2ZYFJ3GM2N']"}
2026-08-15T13:14:17.662690024Z {"timestamp": 1786799657.6616418, "severity": "INFO", "name": "recommendationservice-server", "message": "[Recv ListRecommendations] product_ids=['LS4PSXUNUM', '1YMWWN1N4O', 'L9ECAV7KIM', '66VCHSJNUP', '2ZYFJ3GM2N']"}
2026-08-15T13:14:17.777961593Z {"timestamp": 1786799657.7772634, "severity": "INFO", "name": "recommendationservice-server", "message": "[Recv ListRecommendations] product_ids=['1YMWWN1N4O', '2ZYFJ3GM2N', '6E92ZMYYFZ', '9SIQT8TOJO', '66VCHSJNUP']"}
2026-08-15T13:14:17.857709577Z {"timestamp": 1786799657.8570561, "severity": "INFO", "name": "recommendationservice-server", "message": "[Recv ListRecommendations] product_ids=['0PUK6V6EV0', '6E92ZMYYFZ', 'LS4PSXUNUM', 'L9ECAV7KIM', '1YMWWN1N4O']"}
2026-08-15T13:14:19.136088360Z {"timestamp": 1786799659.1348324, "severity": "INFO", "name": "recommendationservice-server", "message": "[Recv ListRecommendations] product_ids=['66VCHSJNUP', '0PUK6V6EV0', '9SIQT8TOJO', '6E92ZMYYFZ', 'LS4PSXUNUM']"}
2026-08-15T13:14:19.372033699Z {"timestamp": 1786799659.3706918, "severity": "INFO", "name": "recommendationservice-server", "message": "[Recv ListRecommendations] product_ids=['L9ECAV7KIM']"}
2026-08-15T13:14:19.848399550Z {"timestamp": 1786799659.8472545, "severity": "INFO", "name": "recommendationservice-server", "message": "[Recv ListRecommendations] product_ids=['LS4PSXUNUM', 'L9ECAV7KIM', '66VCHSJNUP', '2ZYFJ3GM2N', '0PUK6V6EV0']"}
2026-08-15T13:14:19.976765131Z {"timestamp": 1786799659.975429, "severity": "INFO", "name": "recommendationservice-server", "message": "[Recv ListRecommendations] product_ids=['6E92ZMYYFZ', 'LS4PSXUNUM', '1YMWWN1N4O', 'OLJCESPC7Z', '0PUK6V6EV0']"}
2026-08-15T13:14:20.438207150Z {"timestamp": 1786799660.4369605, "severity": "INFO", "name": "recommendationservice-server", "message": "[Recv ListRecommendations] product_ids=['2ZYFJ3GM2N', '9SIQT8TOJO', '6E92ZMYYFZ', 'OLJCESPC7Z', '0PUK6V6EV0']"}
2026-08-15T13:14:20.550356352Z {"timestamp": 1786799660.5490792, "severity": "INFO", "name": "recommendationservice-server", "message": "[Recv ListRecommendations] product_ids=['OLJCESPC7Z', 'L9ECAV7KIM', '2ZYFJ3GM2N', '0PUK6V6EV0', '66VCHSJNUP']"}
2026-08-15T13:14:21.281577664Z {"timestamp": 1786799661.2803078, "severity": "INFO", "name": "recommendationservice-server", "message": "[Recv ListRecommendations] product_ids=['1YMWWN1N4O', '66VCHSJNUP', '0PUK6V6EV0', 'LS4PSXUNUM', 'OLJCESPC7Z']"}
2026-08-15T13:14:21.783799156Z {"timestamp": 1786799661.7826664, "severity": "INFO", "name": "recommendationservice-server", "message": "[Recv ListRecommendations] product_ids=['9SIQT8TOJO', 'L9ECAV7KIM', '0PUK6V6EV0', 'LS4PSXUNUM', '6E92ZMYYFZ']"}
2026-08-15T13:14:22.166591147Z {"timestamp": 1786799662.1660416, "severity": "INFO", "name": "recommendationservice-server", "message": "[Recv ListRecommendations] product_ids=['6E92ZMYYFZ', '2ZYFJ3GM2N', 'OLJCESPC7Z', 'LS4PSXUNUM', '1YMWWN1N4O']"}
2026-08-15T13:14:22.187961091Z {"timestamp": 1786799662.1875207, "severity": "INFO", "name": "recommendationservice-server", "message": "[Recv ListRecommendations] product_ids=['2ZYFJ3GM2N', 'L9ECAV7KIM', '66VCHSJNUP', '0PUK6V6EV0', 'LS4PSXUNUM']"}
2026-08-15T13:14:22.225551915Z {"timestamp": 1786799662.2252822, "severity": "INFO", "name": "recommendationservice-server", "message": "[Recv ListRecommendations] product_ids=['OLJCESPC7Z', 'LS4PSXUNUM', '66VCHSJNUP', 'L9ECAV7KIM', '9SIQT8TOJO']"}
2026-08-15T13:14:22.265422689Z {"timestamp": 1786799662.2650905, "severity": "INFO", "name": "recommendationservice-server", "message": "[Recv ListRecommendations] product_ids=['6E92ZMYYFZ', 'LS4PSXUNUM', '66VCHSJNUP', '2ZYFJ3GM2N', '1YMWWN1N4O']"}
2026-08-15T13:14:22.684270135Z {"timestamp": 1786799662.6838384, "severity": "INFO", "name": "recommendationservice-server", "message": "[Recv ListRecommendations] product_ids=['0PUK6V6EV0', '9SIQT8TOJO', '2ZYFJ3GM2N', 'L9ECAV7KIM', '66VCHSJNUP']"}
2026-08-15T13:14:23.156327318Z {"timestamp": 1786799663.1557546, "severity": "INFO", "name": "recommendationservice-server", "message": "[Recv ListRecommendations] product_ids=['1YMWWN1N4O', '6E92ZMYYFZ', '66VCHSJNUP', '2ZYFJ3GM2N', '0PUK6V6EV0']"}
2026-08-15T13:14:23.181317859Z {"timestamp": 1786799663.1807513, "severity": "INFO", "name": "recommendationservice-server", "message": "[Recv ListRecommendations] product_ids=['9SIQT8TOJO', '66VCHSJNUP', '2ZYFJ3GM2N', 'OLJCESPC7Z', '0PUK6V6EV0']"}
2026-08-15T13:14:23.288171981Z {"timestamp": 1786799663.2873676, "severity": "INFO", "name": "recommendationservice-server", "message": "[Recv ListRecommendations] product_ids=['9SIQT8TOJO', '1YMWWN1N4O', 'LS4PSXUNUM', '6E92ZMYYFZ', 'L9ECAV7KIM']"}
2026-08-15T13:14:23.435170706Z {"timestamp": 1786799663.4341588, "severity": "INFO", "name": "recommendationservice-server", "message": "[Recv ListRecommendations] product_ids=['0PUK6V6EV0', '66VCHSJNUP', '6E92ZMYYFZ', '2ZYFJ3GM2N', 'L9ECAV7KIM']"}
2026-08-15T13:14:24.028814427Z {"timestamp": 1786799664.0284793, "severity": "INFO", "name": "recommendationservice-server", "message": "[Recv ListRecommendations] product_ids=['LS4PSXUNUM', 'L9ECAV7KIM', '9SIQT8TOJO', '2ZYFJ3GM2N', 'OLJCESPC7Z']"}
2026-08-15T13:14:24.041924765Z {"timestamp": 1786799664.0416684, "severity": "INFO", "name": "recommendationservice-server", "message": "[Recv ListRecommendations] product_ids=['0PUK6V6EV0', '6E92ZMYYFZ', 'OLJCESPC7Z', '1YMWWN1N4O', 'LS4PSXUNUM']"}
2026-08-15T13:14:24.060703725Z {"timestamp": 1786799664.0604532, "severity": "INFO", "name": "recommendationservice-server", "message": "[Recv ListRecommendations] product_ids=['2ZYFJ3GM2N', 'L9ECAV7KIM', '1YMWWN1N4O', '66VCHSJNUP', 'LS4PSXUNUM']"}
2026-08-15T13:14:24.490337654Z {"timestamp": 1786799664.4900024, "severity": "INFO", "name": "recommendationservice-server", "message": "[Recv ListRecommendations] product_ids=['OLJCESPC7Z', '2ZYFJ3GM2N', '9SIQT8TOJO', '66VCHSJNUP', 'L9ECAV7KIM']"}
2026-08-15T13:14:24.722092477Z {"timestamp": 1786799664.7204645, "severity": "INFO", "name": "recommendationservice-server", "message": "[Recv ListRecommendations] product_ids=['0PUK6V6EV0', 'L9ECAV7KIM', '1YMWWN1N4O', '9SIQT8TOJO', '6E92ZMYYFZ']"}
2026-08-15T13:14:25.192980731Z {"timestamp": 1786799665.1922636, "severity": "INFO", "name": "recommendationservice-server", "message": "[Recv ListRecommendations] product_ids=['L9ECAV7KIM', '66VCHSJNUP', 'OLJCESPC7Z', '0PUK6V6EV0', 'LS4PSXUNUM']"}
2026-08-15T13:14:25.613236732Z {"timestamp": 1786799665.6118953, "severity": "INFO", "name": "recommendationservice-server", "message": "[Recv ListRecommendations] product_ids=['OLJCESPC7Z', '6E92ZMYYFZ', 'LS4PSXUNUM', '2ZYFJ3GM2N', '1YMWWN1N4O']"}
2026-08-15T13:14:25.668998749Z {"timestamp": 1786799665.6684506, "severity": "INFO", "name": "recommendationservice-server", "message": "[Recv ListRecommendations] product_ids=['0PUK6V6EV0', '9SIQT8TOJO', 'L9ECAV7KIM', '6E92ZMYYFZ', '1YMWWN1N4O']"}
2026-08-15T13:14:26.417235428Z {"timestamp": 1786799666.4164186, "severity": "INFO", "name": "recommendationservice-server", "message": "[Recv ListRecommendations] product_ids=['9SIQT8TOJO', '66VCHSJNUP', '2ZYFJ3GM2N', '0PUK6V6EV0', '6E92ZMYYFZ']"}
2026-08-15T13:14:26.456287812Z {"timestamp": 1786799666.4558525, "severity": "INFO", "name": "recommendationservice-server", "message": "[Recv ListRecommendations] product_ids=['2ZYFJ3GM2N', '9SIQT8TOJO', '66VCHSJNUP', 'LS4PSXUNUM', 'OLJCESPC7Z']"}
2026-08-15T13:14:26.466372218Z {"timestamp": 1786799666.4659653, "severity": "INFO", "name": "recommendationservice-server", "message": "[Recv ListRecommendations] product_ids=['2ZYFJ3GM2N', 'L9ECAV7KIM', 'LS4PSXUNUM', '6E92ZMYYFZ', '9SIQT8TOJO']"}
2026-08-15T13:14:27.367337920Z {"timestamp": 1786799667.366975, "severity": "INFO", "name": "recommendationservice-server", "message": "[Recv ListRecommendations] product_ids=['6E92ZMYYFZ', 'L9ECAV7KIM', '2ZYFJ3GM2N', '0PUK6V6EV0', '9SIQT8TOJO']"}
2026-08-15T13:14:27.737302403Z {"timestamp": 1786799667.7353284, "severity": "INFO", "name": "recommendationservice-server", "message": "[Recv ListRecommendations] product_ids=['6E92ZMYYFZ', '66VCHSJNUP', 'LS4PSXUNUM', '1YMWWN1N4O', '0PUK6V6EV0']"}
2026-08-15T13:14:27.934518798Z {"timestamp": 1786799667.9331372, "severity": "INFO", "name": "recommendationservice-server", "message": "[Recv ListRecommendations] product_ids=['LS4PSXUNUM', '9SIQT8TOJO', '1YMWWN1N4O', '6E92ZMYYFZ', '0PUK6V6EV0']"}
2026-08-15T13:14:28.033709482Z {"timestamp": 1786799668.0332682, "severity": "INFO", "name": "recommendationservice-server", "message": "[Recv ListRecommendations] product_ids=['1YMWWN1N4O', '0PUK6V6EV0', '6E92ZMYYFZ', 'OLJCESPC7Z', '9SIQT8TOJO']"}
2026-08-15T13:14:28.290860823Z {"timestamp": 1786799668.2894895, "severity": "INFO", "name": "recommendationservice-server", "message": "[Recv ListRecommendations] product_ids=['6E92ZMYYFZ', 'OLJCESPC7Z', 'LS4PSXUNUM', 'L9ECAV7KIM', '1YMWWN1N4O']"}
2026-08-15T13:14:29.424566291Z {"timestamp": 1786799669.4232912, "severity": "INFO", "name": "recommendationservice-server", "message": "[Recv ListRecommendations] product_ids=['1YMWWN1N4O', 'L9ECAV7KIM', '6E92ZMYYFZ', 'LS4PSXUNUM', '0PUK6V6EV0']"}
2026-08-15T13:14:29.527534649Z {"timestamp": 1786799669.526286, "severity": "INFO", "name": "recommendationservice-server", "message": "[Recv ListRecommendations] product_ids=['1YMWWN1N4O', '0PUK6V6EV0', 'OLJCESPC7Z', 'L9ECAV7KIM', '6E92ZMYYFZ']"}
2026-08-15T13:14:29.662318442Z {"timestamp": 1786799669.6613393, "severity": "INFO", "name": "recommendationservice-server", "message": "[Recv ListRecommendations] product_ids=['1YMWWN1N4O', '9SIQT8TOJO', 'L9ECAV7KIM', '2ZYFJ3GM2N', 'LS4PSXUNUM']"}
2026-08-15T13:14:30.427310334Z {"timestamp": 1786799670.426257, "severity": "INFO", "name": "recommendationservice-server", "message": "[Recv ListRecommendations] product_ids=['L9ECAV7KIM', '66VCHSJNUP', '1YMWWN1N4O', '6E92ZMYYFZ', '0PUK6V6EV0']"}
2026-08-15T13:14:30.542306102Z {"timestamp": 1786799670.5410361, "severity": "INFO", "name": "recommendationservice-server", "message": "[Recv ListRecommendations] product_ids=['66VCHSJNUP', '0PUK6V6EV0', 'OLJCESPC7Z', '2ZYFJ3GM2N', '9SIQT8TOJO']"}
2026-08-15T13:14:30.555035795Z {"timestamp": 1786799670.553905, "severity": "INFO", "name": "recommendationservice-server", "message": "[Recv ListRecommendations] product_ids=['2ZYFJ3GM2N', 'L9ECAV7KIM', '6E92ZMYYFZ', '1YMWWN1N4O', 'LS4PSXUNUM']"}
2026-08-15T13:14:30.903767579Z {"timestamp": 1786799670.9024463, "severity": "INFO", "name": "recommendationservice-server", "message": "[Recv ListRecommendations] product_ids=['6E92ZMYYFZ', '2ZYFJ3GM2N', '66VCHSJNUP', '9SIQT8TOJO', '0PUK6V6EV0']"}
2026-08-15T13:14:31.027890836Z {"timestamp": 1786799671.0254128, "severity": "INFO", "name": "recommendationservice-server", "message": "[Recv ListRecommendations] product_ids=['1YMWWN1N4O', '9SIQT8TOJO', 'LS4PSXUNUM', 'L9ECAV7KIM', '0PUK6V6EV0']"}
2026-08-15T13:14:31.156117114Z {"timestamp": 1786799671.1553195, "severity": "INFO", "name": "recommendationservice-server", "message": "[Recv ListRecommendations] product_ids=['6E92ZMYYFZ', '66VCHSJNUP', 'LS4PSXUNUM', '1YMWWN1N4O', '9SIQT8TOJO']"}
2026-08-15T13:14:31.158754478Z {"timestamp": 1786799671.1580963, "severity": "INFO", "name": "recommendationservice-server", "message": "[Recv ListRecommendations] product_ids=['2ZYFJ3GM2N', '0PUK6V6EV0', 'LS4PSXUNUM', '6E92ZMYYFZ', 'L9ECAV7KIM']"}
2026-08-15T13:14:31.476893525Z {"timestamp": 1786799671.475749, "severity": "INFO", "name": "recommendationservice-server", "message": "[Recv ListRecommendations] product_ids=['1YMWWN1N4O', 'LS4PSXUNUM', '6E92ZMYYFZ', '66VCHSJNUP', '2ZYFJ3GM2N']"}
2026-08-15T13:14:31.661899405Z {"timestamp": 1786799671.6607447, "severity": "INFO", "name": "recommendationservice-server", "message": "[Recv ListRecommendations] product_ids=['L9ECAV7KIM', 'OLJCESPC7Z', '6E92ZMYYFZ', '1YMWWN1N4O', '66VCHSJNUP']"}
2026-08-15T13:14:31.722919207Z {"timestamp": 1786799671.7216117, "severity": "INFO", "name": "recommendationservice-server", "message": "[Recv ListRecommendations] product_ids=['6E92ZMYYFZ', '1YMWWN1N4O', '9SIQT8TOJO', 'OLJCESPC7Z', '2ZYFJ3GM2N']"}
2026-08-15T13:14:32.398235140Z {"timestamp": 1786799672.3977728, "severity": "INFO", "name": "recommendationservice-server", "message": "[Recv ListRecommendations] product_ids=['OLJCESPC7Z', '1YMWWN1N4O', 'LS4PSXUNUM', '66VCHSJNUP', '6E92ZMYYFZ']"}
2026-08-15T13:14:32.726872149Z {"timestamp": 1786799672.7264543, "severity": "INFO", "name": "recommendationservice-server", "message": "[Recv ListRecommendations] product_ids=['1YMWWN1N4O', 'L9ECAV7KIM', 'LS4PSXUNUM', 'OLJCESPC7Z', '0PUK6V6EV0']"}
2026-08-15T13:14:32.744341358Z {"timestamp": 1786799672.7439625, "severity": "INFO", "name": "recommendationservice-server", "message": "[Recv ListRecommendations] product_ids=['L9ECAV7KIM']"}
2026-08-15T13:14:33.274583541Z {"timestamp": 1786799673.2742171, "severity": "INFO", "name": "recommendationservice-server", "message": "[Recv ListRecommendations] product_ids=['9SIQT8TOJO', '6E92ZMYYFZ', '2ZYFJ3GM2N', '0PUK6V6EV0', 'L9ECAV7KIM']"}
2026-08-15T13:14:33.288078891Z {"timestamp": 1786799673.287737, "severity": "INFO", "name": "recommendationservice-server", "message": "[Recv ListRecommendations] product_ids=['66VCHSJNUP', '0PUK6V6EV0', '2ZYFJ3GM2N', '1YMWWN1N4O', '6E92ZMYYFZ']"}
2026-08-15T13:14:33.309367336Z {"timestamp": 1786799673.3089921, "severity": "INFO", "name": "recommendationservice-server", "message": "[Recv ListRecommendations] product_ids=['1YMWWN1N4O', '0PUK6V6EV0', 'OLJCESPC7Z', '9SIQT8TOJO', '6E92ZMYYFZ']"}
2026-08-15T13:14:33.525937513Z {"timestamp": 1786799673.5256014, "severity": "INFO", "name": "recommendationservice-server", "message": "[Recv ListRecommendations] product_ids=['L9ECAV7KIM', '2ZYFJ3GM2N', 'LS4PSXUNUM', 'OLJCESPC7Z', '9SIQT8TOJO']"}
2026-08-15T13:14:33.876762111Z {"timestamp": 1786799673.8756485, "severity": "INFO", "name": "recommendationservice-server", "message": "[Recv ListRecommendations] product_ids=['L9ECAV7KIM', '0PUK6V6EV0', 'OLJCESPC7Z', 'LS4PSXUNUM', '66VCHSJNUP']"}
2026-08-15T13:14:35.494964790Z {"timestamp": 1786799675.4942613, "severity": "INFO", "name": "recommendationservice-server", "message": "[Recv ListRecommendations] product_ids=['2ZYFJ3GM2N', 'LS4PSXUNUM', '6E92ZMYYFZ', 'OLJCESPC7Z', '66VCHSJNUP']"}
2026-08-15T13:14:35.554838267Z {"timestamp": 1786799675.5544398, "severity": "INFO", "name": "recommendationservice-server", "message": "[Recv ListRecommendations] product_ids=['6E92ZMYYFZ', '1YMWWN1N4O', 'LS4PSXUNUM', '0PUK6V6EV0', 'OLJCESPC7Z']"}
2026-08-15T13:14:36.479900339Z {"timestamp": 1786799676.478678, "severity": "INFO", "name": "recommendationservice-server", "message": "[Recv ListRecommendations] product_ids=['6E92ZMYYFZ', '66VCHSJNUP', 'LS4PSXUNUM', 'L9ECAV7KIM', '2ZYFJ3GM2N']"}
2026-08-15T13:14:37.317584046Z {"timestamp": 1786799677.3167996, "severity": "INFO", "name": "recommendationservice-server", "message": "[Recv ListRecommendations] product_ids=['1YMWWN1N4O', 'L9ECAV7KIM', '9SIQT8TOJO', '2ZYFJ3GM2N', 'OLJCESPC7Z']"}
2026-08-15T13:14:37.634952924Z {"timestamp": 1786799677.6335993, "severity": "INFO", "name": "recommendationservice-server", "message": "[Recv ListRecommendations] product_ids=['0PUK6V6EV0', '66VCHSJNUP', '2ZYFJ3GM2N', 'LS4PSXUNUM', 'L9ECAV7KIM']"}
2026-08-15T13:14:37.759640667Z {"timestamp": 1786799677.7582262, "severity": "INFO", "name": "recommendationservice-server", "message": "[Recv ListRecommendations] product_ids=['0PUK6V6EV0', '66VCHSJNUP', 'OLJCESPC7Z', 'LS4PSXUNUM', 'L9ECAV7KIM']"}
2026-08-15T13:14:38.049133051Z {"timestamp": 1786799678.0483844, "severity": "INFO", "name": "recommendationservice-server", "message": "[Recv ListRecommendations] product_ids=['66VCHSJNUP', '2ZYFJ3GM2N', 'L9ECAV7KIM', '1YMWWN1N4O', '6E92ZMYYFZ']"}
2026-08-15T13:14:38.125548463Z {"timestamp": 1786799678.1249897, "severity": "INFO", "name": "recommendationservice-server", "message": "[Recv ListRecommendations] product_ids=['2ZYFJ3GM2N', 'L9ECAV7KIM', '0PUK6V6EV0', '9SIQT8TOJO', 'LS4PSXUNUM']"}
2026-08-15T13:14:38.235059338Z {"timestamp": 1786799678.2339618, "severity": "INFO", "name": "recommendationservice-server", "message": "[Recv ListRecommendations] product_ids=['0PUK6V6EV0', 'OLJCESPC7Z', '2ZYFJ3GM2N', '1YMWWN1N4O', '66VCHSJNUP']"}
2026-08-15T13:14:38.363042998Z {"timestamp": 1786799678.3617198, "severity": "INFO", "name": "recommendationservice-server", "message": "[Recv ListRecommendations] product_ids=['9SIQT8TOJO', '0PUK6V6EV0', 'LS4PSXUNUM', '1YMWWN1N4O', '66VCHSJNUP']"}
2026-08-15T13:14:38.699059683Z {"timestamp": 1786799678.6980314, "severity": "INFO", "name": "recommendationservice-server", "message": "[Recv ListRecommendations] product_ids=['6E92ZMYYFZ', 'L9ECAV7KIM', '2ZYFJ3GM2N', '66VCHSJNUP', '9SIQT8TOJO']"}
2026-08-15T13:14:38.857926851Z {"timestamp": 1786799678.8567457, "severity": "INFO", "name": "recommendationservice-server", "message": "[Recv ListRecommendations] product_ids=['0PUK6V6EV0', 'LS4PSXUNUM', '66VCHSJNUP', '1YMWWN1N4O', '6E92ZMYYFZ']"}
2026-08-15T13:14:38.967545402Z {"timestamp": 1786799678.9662352, "severity": "INFO", "name": "recommendationservice-server", "message": "[Recv ListRecommendations] product_ids=['L9ECAV7KIM', '9SIQT8TOJO', '0PUK6V6EV0', '1YMWWN1N4O', 'OLJCESPC7Z']"}
2026-08-15T13:14:40.133652957Z {"timestamp": 1786799680.1328833, "severity": "INFO", "name": "recommendationservice-server", "message": "[Recv ListRecommendations] product_ids=['1YMWWN1N4O', 'L9ECAV7KIM', '66VCHSJNUP', 'LS4PSXUNUM', '0PUK6V6EV0']"}
2026-08-15T13:14:40.228886797Z {"timestamp": 1786799680.228142, "severity": "INFO", "name": "recommendationservice-server", "message": "[Recv ListRecommendations] product_ids=['LS4PSXUNUM', '9SIQT8TOJO', '2ZYFJ3GM2N', '0PUK6V6EV0', 'L9ECAV7KIM']"}
2026-08-15T13:14:40.263029296Z {"timestamp": 1786799680.2622564, "severity": "INFO", "name": "recommendationservice-server", "message": "[Recv ListRecommendations] product_ids=['9SIQT8TOJO', '2ZYFJ3GM2N', '0PUK6V6EV0', 'LS4PSXUNUM', 'L9ECAV7KIM']"}
2026-08-15T13:14:40.331298282Z {"timestamp": 1786799680.3306804, "severity": "INFO", "name": "recommendationservice-server", "message": "[Recv ListRecommendations] product_ids=['6E92ZMYYFZ', 'OLJCESPC7Z', 'L9ECAV7KIM', '9SIQT8TOJO', '2ZYFJ3GM2N']"}
2026-08-15T13:14:40.427871363Z {"timestamp": 1786799680.427151, "severity": "INFO", "name": "recommendationservice-server", "message": "[Recv ListRecommendations] product_ids=['6E92ZMYYFZ', 'OLJCESPC7Z', '1YMWWN1N4O', 'LS4PSXUNUM', '9SIQT8TOJO']"}
2026-08-15T13:14:40.674672239Z {"timestamp": 1786799680.6742947, "severity": "INFO", "name": "recommendationservice-server", "message": "[Recv ListRecommendations] product_ids=['1YMWWN1N4O', 'OLJCESPC7Z', '0PUK6V6EV0', '2ZYFJ3GM2N', 'LS4PSXUNUM']"}
2026-08-15T13:14:40.732801580Z {"timestamp": 1786799680.7324657, "severity": "INFO", "name": "recommendationservice-server", "message": "[Recv ListRecommendations] product_ids=['2ZYFJ3GM2N', '1YMWWN1N4O', 'OLJCESPC7Z', 'L9ECAV7KIM', '0PUK6V6EV0']"}
2026-08-15T13:14:41.189070930Z {"timestamp": 1786799681.1884515, "severity": "INFO", "name": "recommendationservice-server", "message": "[Recv ListRecommendations] product_ids=['LS4PSXUNUM', 'L9ECAV7KIM', '66VCHSJNUP', '9SIQT8TOJO', '2ZYFJ3GM2N']"}
2026-08-15T13:14:41.215238550Z {"timestamp": 1786799681.2145941, "severity": "INFO", "name": "recommendationservice-server", "message": "[Recv ListRecommendations] product_ids=['6E92ZMYYFZ', 'LS4PSXUNUM', '2ZYFJ3GM2N', '1YMWWN1N4O', 'L9ECAV7KIM']"}
2026-08-15T13:14:41.297697703Z {"timestamp": 1786799681.2971592, "severity": "INFO", "name": "recommendationservice-server", "message": "[Recv ListRecommendations] product_ids=['9SIQT8TOJO', '6E92ZMYYFZ', 'L9ECAV7KIM', '2ZYFJ3GM2N', '66VCHSJNUP']"}
2026-08-15T13:14:41.535628046Z {"timestamp": 1786799681.5350907, "severity": "INFO", "name": "recommendationservice-server", "message": "[Recv ListRecommendations] product_ids=['OLJCESPC7Z', 'L9ECAV7KIM', '66VCHSJNUP', '2ZYFJ3GM2N', '1YMWWN1N4O']"}
2026-08-15T13:14:41.556168323Z {"timestamp": 1786799681.5557568, "severity": "INFO", "name": "recommendationservice-server", "message": "[Recv ListRecommendations] product_ids=['LS4PSXUNUM', '0PUK6V6EV0', '9SIQT8TOJO', '2ZYFJ3GM2N', 'OLJCESPC7Z']"}
2026-08-15T13:14:41.617218168Z {"timestamp": 1786799681.616896, "severity": "INFO", "name": "recommendationservice-server", "message": "[Recv ListRecommendations] product_ids=['0PUK6V6EV0', '6E92ZMYYFZ', '2ZYFJ3GM2N', 'OLJCESPC7Z', '66VCHSJNUP']"}
2026-08-15T13:14:42.001989508Z {"timestamp": 1786799682.0016468, "severity": "INFO", "name": "recommendationservice-server", "message": "[Recv ListRecommendations] product_ids=['0PUK6V6EV0', '9SIQT8TOJO', 'LS4PSXUNUM', 'OLJCESPC7Z', '1YMWWN1N4O']"}
2026-08-15T13:14:42.345075303Z {"timestamp": 1786799682.3447256, "severity": "INFO", "name": "recommendationservice-server", "message": "[Recv ListRecommendations] product_ids=['LS4PSXUNUM', '0PUK6V6EV0', 'OLJCESPC7Z', '66VCHSJNUP', '6E92ZMYYFZ']"}
2026-08-15T13:14:43.162560765Z {"timestamp": 1786799683.1616213, "severity": "INFO", "name": "recommendationservice-server", "message": "[Recv ListRecommendations] product_ids=['0PUK6V6EV0', '2ZYFJ3GM2N', '66VCHSJNUP', '6E92ZMYYFZ', 'LS4PSXUNUM']"}
2026-08-15T13:14:43.439754989Z {"timestamp": 1786799683.4384673, "severity": "INFO", "name": "recommendationservice-server", "message": "[Recv ListRecommendations] product_ids=['0PUK6V6EV0', 'OLJCESPC7Z', '66VCHSJNUP', 'LS4PSXUNUM', '9SIQT8TOJO']"}
2026-08-15T13:14:43.520408772Z {"timestamp": 1786799683.519884, "severity": "INFO", "name": "recommendationservice-server", "message": "[Recv ListRecommendations] product_ids=['6E92ZMYYFZ', 'OLJCESPC7Z', 'L9ECAV7KIM', '2ZYFJ3GM2N', '1YMWWN1N4O']"}
2026-08-15T13:14:43.551138875Z {"timestamp": 1786799683.5507932, "severity": "INFO", "name": "recommendationservice-server", "message": "[Recv ListRecommendations] product_ids=['L9ECAV7KIM', '0PUK6V6EV0', '1YMWWN1N4O', '9SIQT8TOJO', 'OLJCESPC7Z']"}
2026-08-15T13:14:44.882672182Z {"timestamp": 1786799684.881557, "severity": "INFO", "name": "recommendationservice-server", "message": "[Recv ListRecommendations] product_ids=['0PUK6V6EV0', 'LS4PSXUNUM', '6E92ZMYYFZ', '66VCHSJNUP', '9SIQT8TOJO']"}
2026-08-15T13:14:45.069533894Z {"timestamp": 1786799685.0689595, "severity": "INFO", "name": "recommendationservice-server", "message": "[Recv ListRecommendations] product_ids=['0PUK6V6EV0', '1YMWWN1N4O', 'L9ECAV7KIM', 'LS4PSXUNUM', '9SIQT8TOJO']"}
2026-08-15T13:14:45.823877864Z {"timestamp": 1786799685.8233194, "severity": "INFO", "name": "recommendationservice-server", "message": "[Recv ListRecommendations] product_ids=['9SIQT8TOJO', 'L9ECAV7KIM', '6E92ZMYYFZ', 'OLJCESPC7Z', '2ZYFJ3GM2N']"}
2026-08-15T13:14:45.825976966Z {"timestamp": 1786799685.8254848, "severity": "INFO", "name": "recommendationservice-server", "message": "[Recv ListRecommendations] product_ids=['L9ECAV7KIM', '6E92ZMYYFZ', '1YMWWN1N4O', 'OLJCESPC7Z', '2ZYFJ3GM2N']"}
2026-08-15T13:14:45.895443880Z {"timestamp": 1786799685.894847, "severity": "INFO", "name": "recommendationservice-server", "message": "[Recv ListRecommendations] product_ids=['2ZYFJ3GM2N', '1YMWWN1N4O', 'L9ECAV7KIM', '6E92ZMYYFZ', '0PUK6V6EV0']"}
2026-08-15T13:14:45.938087652Z {"timestamp": 1786799685.93762, "severity": "INFO", "name": "recommendationservice-server", "message": "[Recv ListRecommendations] product_ids=['0PUK6V6EV0', '6E92ZMYYFZ', 'L9ECAV7KIM', '2ZYFJ3GM2N', '9SIQT8TOJO']"}
2026-08-15T13:14:46.349813460Z {"timestamp": 1786799686.348788, "severity": "INFO", "name": "recommendationservice-server", "message": "[Recv ListRecommendations] product_ids=['0PUK6V6EV0', '9SIQT8TOJO', 'OLJCESPC7Z', '6E92ZMYYFZ', '66VCHSJNUP']"}
2026-08-15T13:14:46.456475601Z {"timestamp": 1786799686.4552665, "severity": "INFO", "name": "recommendationservice-server", "message": "[Recv ListRecommendations] product_ids=['9SIQT8TOJO', '2ZYFJ3GM2N', 'OLJCESPC7Z', '0PUK6V6EV0', '1YMWWN1N4O']"}
2026-08-15T13:14:46.883572354Z {"timestamp": 1786799686.8823063, "severity": "INFO", "name": "recommendationservice-server", "message": "[Recv ListRecommendations] product_ids=['9SIQT8TOJO', 'OLJCESPC7Z', '2ZYFJ3GM2N', '6E92ZMYYFZ', '66VCHSJNUP']"}
2026-08-15T13:14:47.420778310Z {"timestamp": 1786799687.418704, "severity": "INFO", "name": "recommendationservice-server", "message": "[Recv ListRecommendations] product_ids=['66VCHSJNUP', 'OLJCESPC7Z', '0PUK6V6EV0', '9SIQT8TOJO', 'LS4PSXUNUM']"}
2026-08-15T13:14:47.699439715Z {"timestamp": 1786799687.6978443, "severity": "INFO", "name": "recommendationservice-server", "message": "[Recv ListRecommendations] product_ids=['1YMWWN1N4O', '66VCHSJNUP', '9SIQT8TOJO', 'LS4PSXUNUM', 'L9ECAV7KIM']"}
2026-08-15T13:14:47.775016000Z {"timestamp": 1786799687.7736354, "severity": "INFO", "name": "recommendationservice-server", "message": "[Recv ListRecommendations] product_ids=['1YMWWN1N4O', '2ZYFJ3GM2N', 'LS4PSXUNUM', 'OLJCESPC7Z', '66VCHSJNUP']"}
2026-08-15T13:14:48.067262709Z {"timestamp": 1786799688.0640748, "severity": "INFO", "name": "recommendationservice-server", "message": "[Recv ListRecommendations] product_ids=['LS4PSXUNUM', 'L9ECAV7KIM', '0PUK6V6EV0', '66VCHSJNUP', '6E92ZMYYFZ']"}
2026-08-15T13:14:48.121381781Z {"timestamp": 1786799688.1209633, "severity": "INFO", "name": "recommendationservice-server", "message": "[Recv ListRecommendations] product_ids=['L9ECAV7KIM', '66VCHSJNUP', '6E92ZMYYFZ', '1YMWWN1N4O', '2ZYFJ3GM2N']"}
2026-08-15T13:14:48.167107544Z {"timestamp": 1786799688.1665807, "severity": "INFO", "name": "recommendationservice-server", "message": "[Recv ListRecommendations] product_ids=['2ZYFJ3GM2N', 'L9ECAV7KIM', '0PUK6V6EV0', '9SIQT8TOJO', '66VCHSJNUP']"}
2026-08-15T13:14:48.265287260Z {"timestamp": 1786799688.2638092, "severity": "INFO", "name": "recommendationservice-server", "message": "[Recv ListRecommendations] product_ids=['OLJCESPC7Z', 'LS4PSXUNUM', 'L9ECAV7KIM', '0PUK6V6EV0', '2ZYFJ3GM2N']"}
2026-08-15T13:14:48.635639938Z {"timestamp": 1786799688.634411, "severity": "INFO", "name": "recommendationservice-server", "message": "[Recv ListRecommendations] product_ids=['0PUK6V6EV0', '66VCHSJNUP', '9SIQT8TOJO', '1YMWWN1N4O', '6E92ZMYYFZ']"}
2026-08-15T13:14:49.733631568Z {"timestamp": 1786799689.7330856, "severity": "INFO", "name": "recommendationservice-server", "message": "[Recv ListRecommendations] product_ids=['9SIQT8TOJO', '66VCHSJNUP', 'L9ECAV7KIM', 'LS4PSXUNUM', '2ZYFJ3GM2N']"}
2026-08-15T13:14:49.825269531Z {"timestamp": 1786799689.8245258, "severity": "INFO", "name": "recommendationservice-server", "message": "[Recv ListRecommendations] product_ids=['0PUK6V6EV0', '9SIQT8TOJO', '2ZYFJ3GM2N', 'OLJCESPC7Z', 'L9ECAV7KIM']"}
2026-08-15T13:14:51.121796310Z {"timestamp": 1786799691.1215024, "severity": "INFO", "name": "recommendationservice-server", "message": "[Recv ListRecommendations] product_ids=['LS4PSXUNUM', '6E92ZMYYFZ', '2ZYFJ3GM2N', '9SIQT8TOJO', '1YMWWN1N4O']"}
2026-08-15T13:14:51.132703501Z {"timestamp": 1786799691.1324618, "severity": "INFO", "name": "recommendationservice-server", "message": "[Recv ListRecommendations] product_ids=['LS4PSXUNUM', 'L9ECAV7KIM', '6E92ZMYYFZ', '66VCHSJNUP', '2ZYFJ3GM2N']"}
2026-08-15T13:14:51.613660876Z {"timestamp": 1786799691.6130922, "severity": "INFO", "name": "recommendationservice-server", "message": "[Recv ListRecommendations] product_ids=['LS4PSXUNUM', '6E92ZMYYFZ', '0PUK6V6EV0', '66VCHSJNUP', 'L9ECAV7KIM']"}
2026-08-15T13:14:52.848077341Z {"timestamp": 1786799692.8468418, "severity": "INFO", "name": "recommendationservice-server", "message": "[Recv ListRecommendations] product_ids=['66VCHSJNUP', 'LS4PSXUNUM', '0PUK6V6EV0', '6E92ZMYYFZ', 'L9ECAV7KIM']"}
2026-08-15T13:14:53.055775071Z {"timestamp": 1786799693.054477, "severity": "INFO", "name": "recommendationservice-server", "message": "[Recv ListRecommendations] product_ids=['2ZYFJ3GM2N', '66VCHSJNUP', '6E92ZMYYFZ', 'L9ECAV7KIM', '0PUK6V6EV0']"}
2026-08-15T13:14:53.642249932Z {"timestamp": 1786799693.6398966, "severity": "INFO", "name": "recommendationservice-server", "message": "[Recv ListRecommendations] product_ids=['OLJCESPC7Z', '6E92ZMYYFZ', '9SIQT8TOJO', '0PUK6V6EV0', '66VCHSJNUP']"}
2026-08-15T13:14:53.940287855Z {"timestamp": 1786799693.939334, "severity": "INFO", "name": "recommendationservice-server", "message": "[Recv ListRecommendations] product_ids=['OLJCESPC7Z', '2ZYFJ3GM2N', '66VCHSJNUP', 'L9ECAV7KIM', 'LS4PSXUNUM']"}
2026-08-15T13:14:54.582759921Z {"timestamp": 1786799694.5814676, "severity": "INFO", "name": "recommendationservice-server", "message": "[Recv ListRecommendations] product_ids=['OLJCESPC7Z', 'LS4PSXUNUM', '0PUK6V6EV0', '9SIQT8TOJO', 'L9ECAV7KIM']"}
2026-08-15T13:14:54.754138242Z {"timestamp": 1786799694.7535815, "severity": "INFO", "name": "recommendationservice-server", "message": "[Recv ListRecommendations] product_ids=['1YMWWN1N4O', '2ZYFJ3GM2N', '9SIQT8TOJO', '0PUK6V6EV0', '6E92ZMYYFZ']"}
2026-08-15T13:14:55.506686702Z {"timestamp": 1786799695.5055952, "severity": "INFO", "name": "recommendationservice-server", "message": "[Recv ListRecommendations] product_ids=['OLJCESPC7Z', '2ZYFJ3GM2N', '0PUK6V6EV0', '66VCHSJNUP', 'L9ECAV7KIM']"}
2026-08-15T13:14:56.035303646Z {"timestamp": 1786799696.0336154, "severity": "INFO", "name": "recommendationservice-server", "message": "[Recv ListRecommendations] product_ids=['LS4PSXUNUM', '0PUK6V6EV0', '6E92ZMYYFZ', '1YMWWN1N4O', '9SIQT8TOJO']"}
2026-08-15T13:14:56.534586105Z {"timestamp": 1786799696.5337243, "severity": "INFO", "name": "recommendationservice-server", "message": "[Recv ListRecommendations] product_ids=['1YMWWN1N4O', '0PUK6V6EV0', 'LS4PSXUNUM', '66VCHSJNUP', '6E92ZMYYFZ']"}
2026-08-15T13:14:57.294895132Z {"timestamp": 1786799697.2942808, "severity": "INFO", "name": "recommendationservice-server", "message": "[Recv ListRecommendations] product_ids=['0PUK6V6EV0', '9SIQT8TOJO', 'LS4PSXUNUM', 'L9ECAV7KIM', '6E92ZMYYFZ']"}
2026-08-15T13:14:57.316392839Z {"timestamp": 1786799697.315956, "severity": "INFO", "name": "recommendationservice-server", "message": "[Recv ListRecommendations] product_ids=['0PUK6V6EV0', '1YMWWN1N4O', '9SIQT8TOJO', '66VCHSJNUP', 'LS4PSXUNUM']"}
2026-08-15T13:14:57.554616924Z {"timestamp": 1786799697.5525684, "severity": "INFO", "name": "recommendationservice-server", "message": "[Recv ListRecommendations] product_ids=['2ZYFJ3GM2N', '1YMWWN1N4O', '6E92ZMYYFZ', '66VCHSJNUP', 'LS4PSXUNUM']"}
2026-08-15T13:14:57.628151296Z {"timestamp": 1786799697.6267655, "severity": "INFO", "name": "recommendationservice-server", "message": "[Recv ListRecommendations] product_ids=['LS4PSXUNUM', '1YMWWN1N4O', '2ZYFJ3GM2N', 'L9ECAV7KIM', 'OLJCESPC7Z']"}
2026-08-15T13:14:57.721811491Z {"timestamp": 1786799697.720492, "severity": "INFO", "name": "recommendationservice-server", "message": "[Recv ListRecommendations] product_ids=['66VCHSJNUP', '1YMWWN1N4O', '9SIQT8TOJO', 'L9ECAV7KIM', '2ZYFJ3GM2N']"}
2026-08-15T13:14:57.839112924Z {"timestamp": 1786799697.8375058, "severity": "INFO", "name": "recommendationservice-server", "message": "[Recv ListRecommendations] product_ids=['6E92ZMYYFZ', '0PUK6V6EV0', '9SIQT8TOJO', '2ZYFJ3GM2N', 'LS4PSXUNUM']"}
2026-08-15T13:14:58.029831321Z {"timestamp": 1786799698.029223, "severity": "INFO", "name": "recommendationservice-server", "message": "[Recv ListRecommendations] product_ids=['1YMWWN1N4O', '6E92ZMYYFZ', 'L9ECAV7KIM', '9SIQT8TOJO', '0PUK6V6EV0']"}
2026-08-15T13:14:58.262553572Z {"timestamp": 1786799698.260504, "severity": "INFO", "name": "recommendationservice-server", "message": "[Recv ListRecommendations] product_ids=['OLJCESPC7Z', 'L9ECAV7KIM', '2ZYFJ3GM2N', '66VCHSJNUP', '1YMWWN1N4O']"}
2026-08-15T13:14:58.425267266Z {"timestamp": 1786799698.4245486, "severity": "INFO", "name": "recommendationservice-server", "message": "[Recv ListRecommendations] product_ids=['LS4PSXUNUM', '0PUK6V6EV0', '2ZYFJ3GM2N', '1YMWWN1N4O', '9SIQT8TOJO']"}
2026-08-15T13:14:58.436235533Z {"timestamp": 1786799698.4355552, "severity": "INFO", "name": "recommendationservice-server", "message": "[Recv ListRecommendations] product_ids=['2ZYFJ3GM2N', 'LS4PSXUNUM', '66VCHSJNUP', '6E92ZMYYFZ', '9SIQT8TOJO']"}
2026-08-15T13:14:58.515988082Z {"timestamp": 1786799698.515355, "severity": "INFO", "name": "recommendationservice-server", "message": "[Recv ListRecommendations] product_ids=['66VCHSJNUP', '9SIQT8TOJO', '0PUK6V6EV0', '6E92ZMYYFZ', 'L9ECAV7KIM']"}
2026-08-15T13:14:58.809525531Z {"timestamp": 1786799698.8084323, "severity": "INFO", "name": "recommendationservice-server", "message": "[Recv ListRecommendations] product_ids=['OLJCESPC7Z', 'L9ECAV7KIM', '6E92ZMYYFZ', '66VCHSJNUP', 'LS4PSXUNUM']"}
2026-08-15T13:14:58.935731905Z {"timestamp": 1786799698.9345882, "severity": "INFO", "name": "recommendationservice-server", "message": "[Recv ListRecommendations] product_ids=['9SIQT8TOJO', 'OLJCESPC7Z', '6E92ZMYYFZ', '1YMWWN1N4O', '2ZYFJ3GM2N']"}
2026-08-15T13:14:59.062564118Z {"timestamp": 1786799699.0622175, "severity": "INFO", "name": "recommendationservice-server", "message": "[Recv ListRecommendations] product_ids=['6E92ZMYYFZ', 'L9ECAV7KIM', '1YMWWN1N4O', 'OLJCESPC7Z', '9SIQT8TOJO']"}
2026-08-15T13:15:00.029775501Z {"timestamp": 1786799700.02835, "severity": "INFO", "name": "recommendationservice-server", "message": "[Recv ListRecommendations] product_ids=['66VCHSJNUP', '2ZYFJ3GM2N', '1YMWWN1N4O', '6E92ZMYYFZ', '9SIQT8TOJO']"}
2026-08-15T13:15:00.036548486Z {"timestamp": 1786799700.036119, "severity": "INFO", "name": "recommendationservice-server", "message": "[Recv ListRecommendations] product_ids=['66VCHSJNUP', 'L9ECAV7KIM', 'LS4PSXUNUM', '1YMWWN1N4O', 'OLJCESPC7Z']"}
2026-08-15T13:15:00.508960440Z {"timestamp": 1786799700.5083272, "severity": "INFO", "name": "recommendationservice-server", "message": "[Recv ListRecommendations] product_ids=['2ZYFJ3GM2N', '9SIQT8TOJO', '6E92ZMYYFZ', 'L9ECAV7KIM', 'LS4PSXUNUM']"}
2026-08-15T13:15:00.686055601Z {"timestamp": 1786799700.6854434, "severity": "INFO", "name": "recommendationservice-server", "message": "[Recv ListRecommendations] product_ids=['66VCHSJNUP', '1YMWWN1N4O', '0PUK6V6EV0', 'OLJCESPC7Z', 'LS4PSXUNUM']"}
2026-08-15T13:15:00.777261307Z {"timestamp": 1786799700.776359, "severity": "INFO", "name": "recommendationservice-server", "message": "[Recv ListRecommendations] product_ids=['2ZYFJ3GM2N', 'LS4PSXUNUM', '6E92ZMYYFZ', '9SIQT8TOJO', 'OLJCESPC7Z']"}
2026-08-15T13:15:00.961157057Z {"timestamp": 1786799700.9602025, "severity": "INFO", "name": "recommendationservice-server", "message": "[Recv ListRecommendations] product_ids=['LS4PSXUNUM', '66VCHSJNUP', 'OLJCESPC7Z', 'L9ECAV7KIM', '1YMWWN1N4O']"}
2026-08-15T13:15:03.640606758Z {"timestamp": 1786799703.6403728, "severity": "INFO", "name": "recommendationservice-server", "message": "[Recv ListRecommendations] product_ids=['1YMWWN1N4O', '0PUK6V6EV0', 'LS4PSXUNUM', '6E92ZMYYFZ', '66VCHSJNUP']"}
2026-08-15T13:15:03.643063052Z {"timestamp": 1786799703.642752, "severity": "INFO", "name": "recommendationservice-server", "message": "[Recv ListRecommendations] product_ids=['66VCHSJNUP', 'L9ECAV7KIM', '9SIQT8TOJO', '1YMWWN1N4O', '6E92ZMYYFZ']"}
2026-08-15T13:15:03.654183032Z {"timestamp": 1786799703.653977, "severity": "INFO", "name": "recommendationservice-server", "message": "[Recv ListRecommendations] product_ids=['9SIQT8TOJO', 'L9ECAV7KIM', '1YMWWN1N4O', '66VCHSJNUP', 'LS4PSXUNUM']"}
2026-08-15T13:15:03.676820358Z {"timestamp": 1786799703.6766262, "severity": "INFO", "name": "recommendationservice-server", "message": "[Recv ListRecommendations] product_ids=['66VCHSJNUP', '9SIQT8TOJO', '2ZYFJ3GM2N', '1YMWWN1N4O', '6E92ZMYYFZ']"}
2026-08-15T13:15:04.168267060Z {"timestamp": 1786799704.1670856, "severity": "INFO", "name": "recommendationservice-server", "message": "[Recv ListRecommendations] product_ids=['0PUK6V6EV0', '1YMWWN1N4O', 'L9ECAV7KIM', '2ZYFJ3GM2N', 'LS4PSXUNUM']"}
2026-08-15T13:15:04.262031676Z {"timestamp": 1786799704.2608564, "severity": "INFO", "name": "recommendationservice-server", "message": "[Recv ListRecommendations] product_ids=['1YMWWN1N4O', 'LS4PSXUNUM', '2ZYFJ3GM2N', 'L9ECAV7KIM', '0PUK6V6EV0']"}
2026-08-15T13:15:04.551035259Z {"timestamp": 1786799704.550197, "severity": "INFO", "name": "recommendationservice-server", "message": "[Recv ListRecommendations] product_ids=['0PUK6V6EV0', '6E92ZMYYFZ', '2ZYFJ3GM2N', '1YMWWN1N4O', 'LS4PSXUNUM']"}
2026-08-15T13:15:04.714735075Z {"timestamp": 1786799704.7143524, "severity": "INFO", "name": "recommendationservice-server", "message": "[Recv ListRecommendations] product_ids=['2ZYFJ3GM2N', '9SIQT8TOJO', '6E92ZMYYFZ', '1YMWWN1N4O', 'LS4PSXUNUM']"}
2026-08-15T13:15:05.753055457Z {"timestamp": 1786799705.7526953, "severity": "INFO", "name": "recommendationservice-server", "message": "[Recv ListRecommendations] product_ids=['9SIQT8TOJO', '6E92ZMYYFZ', 'LS4PSXUNUM', '0PUK6V6EV0', '2ZYFJ3GM2N']"}
2026-08-15T13:15:06.265692253Z {"timestamp": 1786799706.2645097, "severity": "INFO", "name": "recommendationservice-server", "message": "[Recv ListRecommendations] product_ids=['6E92ZMYYFZ', '9SIQT8TOJO', '2ZYFJ3GM2N', 'L9ECAV7KIM', '0PUK6V6EV0']"}
2026-08-15T13:15:06.316462784Z {"timestamp": 1786799706.3153143, "severity": "INFO", "name": "recommendationservice-server", "message": "[Recv ListRecommendations] product_ids=['6E92ZMYYFZ', 'OLJCESPC7Z', '9SIQT8TOJO', '1YMWWN1N4O', '66VCHSJNUP']"}
2026-08-15T13:15:06.460679179Z {"timestamp": 1786799706.4592633, "severity": "INFO", "name": "recommendationservice-server", "message": "[Recv ListRecommendations] product_ids=['1YMWWN1N4O', 'L9ECAV7KIM', '0PUK6V6EV0', '6E92ZMYYFZ', '9SIQT8TOJO']"}
2026-08-15T13:15:06.518535645Z {"timestamp": 1786799706.5171745, "severity": "INFO", "name": "recommendationservice-server", "message": "[Recv ListRecommendations] product_ids=['2ZYFJ3GM2N', '9SIQT8TOJO', '66VCHSJNUP', 'LS4PSXUNUM', '6E92ZMYYFZ']"}
2026-08-15T13:15:06.777455209Z {"timestamp": 1786799706.7763846, "severity": "INFO", "name": "recommendationservice-server", "message": "[Recv ListRecommendations] product_ids=['6E92ZMYYFZ', 'OLJCESPC7Z', 'LS4PSXUNUM', '9SIQT8TOJO', '0PUK6V6EV0']"}
2026-08-15T13:15:07.316148379Z {"timestamp": 1786799707.315708, "severity": "INFO", "name": "recommendationservice-server", "message": "[Recv ListRecommendations] product_ids=['9SIQT8TOJO', '6E92ZMYYFZ', '1YMWWN1N4O', '0PUK6V6EV0', 'LS4PSXUNUM']"}
2026-08-15T13:15:07.329586631Z {"timestamp": 1786799707.3291168, "severity": "INFO", "name": "recommendationservice-server", "message": "[Recv ListRecommendations] product_ids=['6E92ZMYYFZ', '0PUK6V6EV0', 'LS4PSXUNUM', 'OLJCESPC7Z', 'L9ECAV7KIM']"}
2026-08-15T13:15:08.540225698Z {"timestamp": 1786799708.539397, "severity": "INFO", "name": "recommendationservice-server", "message": "[Recv ListRecommendations] product_ids=['6E92ZMYYFZ', 'OLJCESPC7Z', '0PUK6V6EV0', 'L9ECAV7KIM', '9SIQT8TOJO']"}
2026-08-15T13:15:08.618001867Z {"timestamp": 1786799708.6175272, "severity": "INFO", "name": "recommendationservice-server", "message": "[Recv ListRecommendations] product_ids=['LS4PSXUNUM', '66VCHSJNUP', '0PUK6V6EV0', '1YMWWN1N4O', '6E92ZMYYFZ']"}
2026-08-15T13:15:09.231606314Z {"timestamp": 1786799709.231032, "severity": "INFO", "name": "recommendationservice-server", "message": "[Recv ListRecommendations] product_ids=['LS4PSXUNUM', 'OLJCESPC7Z', '2ZYFJ3GM2N', '66VCHSJNUP', '1YMWWN1N4O']"}
2026-08-15T13:15:09.264309541Z {"timestamp": 1786799709.2633352, "severity": "INFO", "name": "recommendationservice-server", "message": "[Recv ListRecommendations] product_ids=['1YMWWN1N4O', 'LS4PSXUNUM', '9SIQT8TOJO', '66VCHSJNUP', '0PUK6V6EV0']"}
2026-08-15T13:15:09.360761351Z {"timestamp": 1786799709.3597305, "severity": "INFO", "name": "recommendationservice-server", "message": "[Recv ListRecommendations] product_ids=['9SIQT8TOJO', 'OLJCESPC7Z', '0PUK6V6EV0', '2ZYFJ3GM2N', '66VCHSJNUP']"}
2026-08-15T13:15:09.538448394Z {"timestamp": 1786799709.537597, "severity": "INFO", "name": "recommendationservice-server", "message": "[Recv ListRecommendations] product_ids=['66VCHSJNUP', '2ZYFJ3GM2N', '0PUK6V6EV0', 'OLJCESPC7Z', '9SIQT8TOJO']"}
2026-08-15T13:15:09.633105312Z {"timestamp": 1786799709.6320505, "severity": "INFO", "name": "recommendationservice-server", "message": "[Recv ListRecommendations] product_ids=['66VCHSJNUP', 'L9ECAV7KIM', '1YMWWN1N4O', '0PUK6V6EV0', 'OLJCESPC7Z']"}
2026-08-15T13:15:09.857325534Z {"timestamp": 1786799709.8570797, "severity": "INFO", "name": "recommendationservice-server", "message": "[Recv ListRecommendations] product_ids=['2ZYFJ3GM2N', '66VCHSJNUP', '9SIQT8TOJO', 'L9ECAV7KIM', '0PUK6V6EV0']"}
2026-08-15T13:15:09.868808105Z {"timestamp": 1786799709.8685327, "severity": "INFO", "name": "recommendationservice-server", "message": "[Recv ListRecommendations] product_ids=['L9ECAV7KIM', 'LS4PSXUNUM', '9SIQT8TOJO', 'OLJCESPC7Z', '66VCHSJNUP']"}
2026-08-15T13:15:09.884935131Z {"timestamp": 1786799709.8847623, "severity": "INFO", "name": "recommendationservice-server", "message": "[Recv ListRecommendations] product_ids=['9SIQT8TOJO', 'L9ECAV7KIM', 'LS4PSXUNUM', '6E92ZMYYFZ', 'OLJCESPC7Z']"}
2026-08-15T13:15:10.249664740Z {"timestamp": 1786799710.2488713, "severity": "INFO", "name": "recommendationservice-server", "message": "[Recv ListRecommendations] product_ids=['2ZYFJ3GM2N', '66VCHSJNUP', '1YMWWN1N4O', 'L9ECAV7KIM', '9SIQT8TOJO']"}
2026-08-15T13:15:10.677486126Z {"timestamp": 1786799710.6764379, "severity": "INFO", "name": "recommendationservice-server", "message": "[Recv ListRecommendations] product_ids=['66VCHSJNUP', 'OLJCESPC7Z', 'LS4PSXUNUM', '9SIQT8TOJO', '1YMWWN1N4O']"}
2026-08-15T13:15:10.911818195Z {"timestamp": 1786799710.910963, "severity": "INFO", "name": "recommendationservice-server", "message": "[Recv ListRecommendations] product_ids=['1YMWWN1N4O', '0PUK6V6EV0', '9SIQT8TOJO', 'OLJCESPC7Z', '6E92ZMYYFZ']"}
2026-08-15T13:15:11.020234255Z {"timestamp": 1786799711.0194955, "severity": "INFO", "name": "recommendationservice-server", "message": "[Recv ListRecommendations] product_ids=['2ZYFJ3GM2N', '66VCHSJNUP', 'L9ECAV7KIM', 'LS4PSXUNUM', '9SIQT8TOJO']"}
2026-08-15T13:15:11.449826029Z {"timestamp": 1786799711.4487116, "severity": "INFO", "name": "recommendationservice-server", "message": "[Recv ListRecommendations] product_ids=['6E92ZMYYFZ', 'L9ECAV7KIM', '66VCHSJNUP', '9SIQT8TOJO', 'OLJCESPC7Z']"}
2026-08-15T13:15:12.852438993Z {"timestamp": 1786799712.8512952, "severity": "INFO", "name": "recommendationservice-server", "message": "[Recv ListRecommendations] product_ids=['L9ECAV7KIM', '1YMWWN1N4O', '9SIQT8TOJO', '0PUK6V6EV0', '6E92ZMYYFZ']"}
2026-08-15T13:15:13.655048826Z {"timestamp": 1786799713.6517124, "severity": "INFO", "name": "recommendationservice-server", "message": "[Recv ListRecommendations] product_ids=['6E92ZMYYFZ', '0PUK6V6EV0', '2ZYFJ3GM2N', 'L9ECAV7KIM', '66VCHSJNUP']"}
2026-08-15T13:15:14.835107540Z {"timestamp": 1786799714.834307, "severity": "INFO", "name": "recommendationservice-server", "message": "[Recv ListRecommendations] product_ids=['LS4PSXUNUM', '66VCHSJNUP', 'L9ECAV7KIM', 'OLJCESPC7Z', '0PUK6V6EV0']"}
2026-08-15T13:15:15.023102162Z {"timestamp": 1786799715.0212228, "severity": "INFO", "name": "recommendationservice-server", "message": "[Recv ListRecommendations] product_ids=['LS4PSXUNUM', '9SIQT8TOJO', '6E92ZMYYFZ', 'OLJCESPC7Z', '0PUK6V6EV0']"}
2026-08-15T13:15:15.186872138Z {"timestamp": 1786799715.1855981, "severity": "INFO", "name": "recommendationservice-server", "message": "[Recv ListRecommendations] product_ids=['9SIQT8TOJO', '2ZYFJ3GM2N', '0PUK6V6EV0', 'L9ECAV7KIM', 'OLJCESPC7Z']"}
2026-08-15T13:15:15.746613911Z {"timestamp": 1786799715.7462723, "severity": "INFO", "name": "recommendationservice-server", "message": "[Recv ListRecommendations] product_ids=['LS4PSXUNUM', '1YMWWN1N4O', '66VCHSJNUP', '0PUK6V6EV0', '6E92ZMYYFZ']"}
2026-08-15T13:15:16.156926919Z {"timestamp": 1786799716.1557386, "severity": "INFO", "name": "recommendationservice-server", "message": "[Recv ListRecommendations] product_ids=['9SIQT8TOJO', 'L9ECAV7KIM', '1YMWWN1N4O', '2ZYFJ3GM2N', '0PUK6V6EV0']"}
2026-08-15T13:15:16.827856172Z {"timestamp": 1786799716.826761, "severity": "INFO", "name": "recommendationservice-server", "message": "[Recv ListRecommendations] product_ids=['66VCHSJNUP', 'L9ECAV7KIM', '9SIQT8TOJO', '0PUK6V6EV0', '6E92ZMYYFZ']"}
2026-08-15T13:15:17.318757368Z {"timestamp": 1786799717.317703, "severity": "INFO", "name": "recommendationservice-server", "message": "[Recv ListRecommendations] product_ids=['LS4PSXUNUM', '2ZYFJ3GM2N', '66VCHSJNUP', 'OLJCESPC7Z', '9SIQT8TOJO']"}
2026-08-15T13:15:17.402128755Z {"timestamp": 1786799717.401344, "severity": "INFO", "name": "recommendationservice-server", "message": "[Recv ListRecommendations] product_ids=['66VCHSJNUP', '1YMWWN1N4O', '2ZYFJ3GM2N', 'L9ECAV7KIM', 'LS4PSXUNUM']"}
2026-08-15T13:15:17.625121666Z {"timestamp": 1786799717.6244063, "severity": "INFO", "name": "recommendationservice-server", "message": "[Recv ListRecommendations] product_ids=['6E92ZMYYFZ', 'OLJCESPC7Z', 'L9ECAV7KIM', '0PUK6V6EV0', '9SIQT8TOJO']"}
2026-08-15T13:15:18.104287835Z {"timestamp": 1786799718.1036937, "severity": "INFO", "name": "recommendationservice-server", "message": "[Recv ListRecommendations] product_ids=['9SIQT8TOJO', '1YMWWN1N4O', 'L9ECAV7KIM', '6E92ZMYYFZ', '0PUK6V6EV0']"}
2026-08-15T13:15:18.402296862Z {"timestamp": 1786799718.401469, "severity": "INFO", "name": "recommendationservice-server", "message": "[Recv ListRecommendations] product_ids=['LS4PSXUNUM', '1YMWWN1N4O', 'L9ECAV7KIM', '0PUK6V6EV0', '9SIQT8TOJO']"}
2026-08-15T13:15:18.556231035Z {"timestamp": 1786799718.55542, "severity": "INFO", "name": "recommendationservice-server", "message": "[Recv ListRecommendations] product_ids=['6E92ZMYYFZ', 'L9ECAV7KIM', '9SIQT8TOJO', '1YMWWN1N4O', 'OLJCESPC7Z']"}
2026-08-15T13:15:18.981033279Z {"timestamp": 1786799718.9796762, "severity": "INFO", "name": "recommendationservice-server", "message": "[Recv ListRecommendations] product_ids=['6E92ZMYYFZ', 'OLJCESPC7Z', '9SIQT8TOJO', 'LS4PSXUNUM', '2ZYFJ3GM2N']"}
2026-08-15T13:15:19.260286526Z {"timestamp": 1786799719.259255, "severity": "INFO", "name": "recommendationservice-server", "message": "[Recv ListRecommendations] product_ids=['2ZYFJ3GM2N', '66VCHSJNUP', '6E92ZMYYFZ', 'L9ECAV7KIM', '9SIQT8TOJO']"}
2026-08-15T13:15:19.365048726Z {"timestamp": 1786799719.3639705, "severity": "INFO", "name": "recommendationservice-server", "message": "[Recv ListRecommendations] product_ids=['66VCHSJNUP', '1YMWWN1N4O', 'LS4PSXUNUM', '6E92ZMYYFZ', 'L9ECAV7KIM']"}
2026-08-15T13:15:19.848550407Z {"timestamp": 1786799719.847748, "severity": "INFO", "name": "recommendationservice-server", "message": "[Recv ListRecommendations] product_ids=['LS4PSXUNUM', 'L9ECAV7KIM', '66VCHSJNUP', '9SIQT8TOJO', '2ZYFJ3GM2N']"}
2026-08-15T13:15:20.383816986Z {"timestamp": 1786799720.3831391, "severity": "INFO", "name": "recommendationservice-server", "message": "[Recv ListRecommendations] product_ids=['66VCHSJNUP', 'L9ECAV7KIM', 'OLJCESPC7Z', '9SIQT8TOJO', '0PUK6V6EV0']"}
2026-08-15T13:15:20.901520783Z {"timestamp": 1786799720.9002688, "severity": "INFO", "name": "recommendationservice-server", "message": "[Recv ListRecommendations] product_ids=['LS4PSXUNUM', '66VCHSJNUP', '1YMWWN1N4O', '0PUK6V6EV0', '2ZYFJ3GM2N']"}
2026-08-15T13:15:21.506704141Z {"timestamp": 1786799721.5055273, "severity": "INFO", "name": "recommendationservice-server", "message": "[Recv ListRecommendations] product_ids=['0PUK6V6EV0', '2ZYFJ3GM2N', '1YMWWN1N4O', 'LS4PSXUNUM', '9SIQT8TOJO']"}
2026-08-15T13:15:21.650130489Z {"timestamp": 1786799721.6484647, "severity": "INFO", "name": "recommendationservice-server", "message": "[Recv ListRecommendations] product_ids=['66VCHSJNUP', '9SIQT8TOJO', '1YMWWN1N4O', 'L9ECAV7KIM', '2ZYFJ3GM2N']"}
2026-08-15T13:15:22.126318769Z {"timestamp": 1786799722.1249397, "severity": "INFO", "name": "recommendationservice-server", "message": "[Recv ListRecommendations] product_ids=['OLJCESPC7Z', 'L9ECAV7KIM', '9SIQT8TOJO', '2ZYFJ3GM2N', '1YMWWN1N4O']"}
2026-08-15T13:15:22.343184374Z {"timestamp": 1786799722.3428447, "severity": "INFO", "name": "recommendationservice-server", "message": "[Recv ListRecommendations] product_ids=['1YMWWN1N4O', '2ZYFJ3GM2N', '66VCHSJNUP', '9SIQT8TOJO', 'OLJCESPC7Z']"}
2026-08-15T13:15:22.357911692Z {"timestamp": 1786799722.3576038, "severity": "INFO", "name": "recommendationservice-server", "message": "[Recv ListRecommendations] product_ids=['L9ECAV7KIM']"}
2026-08-15T13:15:22.395459556Z {"timestamp": 1786799722.3951182, "severity": "INFO", "name": "recommendationservice-server", "message": "[Recv ListRecommendations] product_ids=['2ZYFJ3GM2N', 'L9ECAV7KIM', '9SIQT8TOJO', '0PUK6V6EV0', '66VCHSJNUP']"}
2026-08-15T13:15:22.665622411Z {"timestamp": 1786799722.6646042, "severity": "INFO", "name": "recommendationservice-server", "message": "[Recv ListRecommendations] product_ids=['OLJCESPC7Z', '6E92ZMYYFZ', '9SIQT8TOJO', 'L9ECAV7KIM', '1YMWWN1N4O']"}
2026-08-15T13:15:22.718002211Z {"timestamp": 1786799722.717418, "severity": "INFO", "name": "recommendationservice-server", "message": "[Recv ListRecommendations] product_ids=['L9ECAV7KIM', '6E92ZMYYFZ', '1YMWWN1N4O', 'LS4PSXUNUM', '9SIQT8TOJO']"}
2026-08-15T13:15:22.797389045Z {"timestamp": 1786799722.7968638, "severity": "INFO", "name": "recommendationservice-server", "message": "[Recv ListRecommendations] product_ids=['OLJCESPC7Z', '66VCHSJNUP', '9SIQT8TOJO', '2ZYFJ3GM2N', 'LS4PSXUNUM']"}
2026-08-15T13:15:23.432536223Z {"timestamp": 1786799723.4315517, "severity": "INFO", "name": "recommendationservice-server", "message": "[Recv ListRecommendations] product_ids=['LS4PSXUNUM', '0PUK6V6EV0', '9SIQT8TOJO', 'OLJCESPC7Z', '6E92ZMYYFZ']"}
2026-08-15T13:15:23.521408614Z {"timestamp": 1786799723.5208175, "severity": "INFO", "name": "recommendationservice-server", "message": "[Recv ListRecommendations] product_ids=['1YMWWN1N4O', 'L9ECAV7KIM', '0PUK6V6EV0', '9SIQT8TOJO', '2ZYFJ3GM2N']"}
2026-08-15T13:15:23.616457319Z {"timestamp": 1786799723.6161797, "severity": "INFO", "name": "recommendationservice-server", "message": "[Recv ListRecommendations] product_ids=['LS4PSXUNUM', '66VCHSJNUP', '0PUK6V6EV0', '2ZYFJ3GM2N', '9SIQT8TOJO']"}
2026-08-15T13:15:23.628863855Z {"timestamp": 1786799723.628569, "severity": "INFO", "name": "recommendationservice-server", "message": "[Recv ListRecommendations] product_ids=['2ZYFJ3GM2N', '6E92ZMYYFZ', '0PUK6V6EV0', 'LS4PSXUNUM', '9SIQT8TOJO']"}
2026-08-15T13:15:23.656010912Z {"timestamp": 1786799723.6557481, "severity": "INFO", "name": "recommendationservice-server", "message": "[Recv ListRecommendations] product_ids=['9SIQT8TOJO', '2ZYFJ3GM2N', 'L9ECAV7KIM', 'LS4PSXUNUM', '1YMWWN1N4O']"}
2026-08-15T13:15:25.284961648Z {"timestamp": 1786799725.2838867, "severity": "INFO", "name": "recommendationservice-server", "message": "[Recv ListRecommendations] product_ids=['6E92ZMYYFZ', '2ZYFJ3GM2N', 'OLJCESPC7Z', 'L9ECAV7KIM', '1YMWWN1N4O']"}
2026-08-15T13:15:25.423106729Z {"timestamp": 1786799725.422031, "severity": "INFO", "name": "recommendationservice-server", "message": "[Recv ListRecommendations] product_ids=['1YMWWN1N4O', '66VCHSJNUP', 'OLJCESPC7Z', '9SIQT8TOJO', '6E92ZMYYFZ']"}
2026-08-15T13:15:25.574649801Z {"timestamp": 1786799725.5730205, "severity": "INFO", "name": "recommendationservice-server", "message": "[Recv ListRecommendations] product_ids=['6E92ZMYYFZ', '1YMWWN1N4O', 'L9ECAV7KIM', '66VCHSJNUP', '0PUK6V6EV0']"}
2026-08-15T13:15:25.687370126Z {"timestamp": 1786799725.6870098, "severity": "INFO", "name": "recommendationservice-server", "message": "[Recv ListRecommendations] product_ids=['2ZYFJ3GM2N', '1YMWWN1N4O', '6E92ZMYYFZ', 'LS4PSXUNUM', '9SIQT8TOJO']"}
2026-08-15T13:15:26.298505224Z {"timestamp": 1786799726.297187, "severity": "INFO", "name": "recommendationservice-server", "message": "[Recv ListRecommendations] product_ids=['0PUK6V6EV0', 'LS4PSXUNUM', 'L9ECAV7KIM', '66VCHSJNUP', '9SIQT8TOJO']"}
2026-08-15T13:15:27.808235211Z {"timestamp": 1786799727.8075857, "severity": "INFO", "name": "recommendationservice-server", "message": "[Recv ListRecommendations] product_ids=['0PUK6V6EV0', '1YMWWN1N4O', 'L9ECAV7KIM', '9SIQT8TOJO', '6E92ZMYYFZ']"}
2026-08-15T13:15:28.001865262Z {"timestamp": 1786799728.0015378, "severity": "INFO", "name": "recommendationservice-server", "message": "[Recv ListRecommendations] product_ids=['0PUK6V6EV0', 'OLJCESPC7Z', 'L9ECAV7KIM', '1YMWWN1N4O', 'LS4PSXUNUM']"}
2026-08-15T13:15:28.074049962Z {"timestamp": 1786799728.0735211, "severity": "INFO", "name": "recommendationservice-server", "message": "[Recv ListRecommendations] product_ids=['66VCHSJNUP', 'OLJCESPC7Z', '1YMWWN1N4O', '6E92ZMYYFZ', 'LS4PSXUNUM']"}
2026-08-15T13:15:28.533235422Z {"timestamp": 1786799728.5328472, "severity": "INFO", "name": "recommendationservice-server", "message": "[Recv ListRecommendations] product_ids=['66VCHSJNUP', '6E92ZMYYFZ', 'LS4PSXUNUM', '0PUK6V6EV0', '9SIQT8TOJO']"}
2026-08-15T13:15:28.548662843Z {"timestamp": 1786799728.5482655, "severity": "INFO", "name": "recommendationservice-server", "message": "[Recv ListRecommendations] product_ids=['L9ECAV7KIM', '66VCHSJNUP', 'OLJCESPC7Z', '0PUK6V6EV0']"}
2026-08-15T13:15:29.114261198Z {"timestamp": 1786799729.113912, "severity": "INFO", "name": "recommendationservice-server", "message": "[Recv ListRecommendations] product_ids=['LS4PSXUNUM', '9SIQT8TOJO', '6E92ZMYYFZ', '0PUK6V6EV0', '2ZYFJ3GM2N']"}
2026-08-15T13:15:29.130296519Z {"timestamp": 1786799729.1297832, "severity": "INFO", "name": "recommendationservice-server", "message": "[Recv ListRecommendations] product_ids=['0PUK6V6EV0', 'OLJCESPC7Z', '2ZYFJ3GM2N', 'L9ECAV7KIM', '6E92ZMYYFZ']"}
2026-08-15T13:15:29.425123612Z {"timestamp": 1786799729.4228427, "severity": "INFO", "name": "recommendationservice-server", "message": "[Recv ListRecommendations] product_ids=['OLJCESPC7Z', 'L9ECAV7KIM', '6E92ZMYYFZ', 'LS4PSXUNUM', '66VCHSJNUP']"}
2026-08-15T13:15:29.451401408Z {"timestamp": 1786799729.4499567, "severity": "INFO", "name": "recommendationservice-server", "message": "[Recv ListRecommendations] product_ids=['L9ECAV7KIM', '66VCHSJNUP', '1YMWWN1N4O', '6E92ZMYYFZ', '9SIQT8TOJO']"}
2026-08-15T13:15:29.654862466Z {"timestamp": 1786799729.6534762, "severity": "INFO", "name": "recommendationservice-server", "message": "[Recv ListRecommendations] product_ids=['L9ECAV7KIM', 'OLJCESPC7Z', '9SIQT8TOJO', '66VCHSJNUP', '0PUK6V6EV0']"}
2026-08-15T13:15:29.985150056Z {"timestamp": 1786799729.9840658, "severity": "INFO", "name": "recommendationservice-server", "message": "[Recv ListRecommendations] product_ids=['9SIQT8TOJO', 'LS4PSXUNUM', '66VCHSJNUP', '0PUK6V6EV0', '2ZYFJ3GM2N']"}
2026-08-15T13:15:30.066550062Z {"timestamp": 1786799730.0648234, "severity": "INFO", "name": "recommendationservice-server", "message": "[Recv ListRecommendations] product_ids=['1YMWWN1N4O', '66VCHSJNUP', 'OLJCESPC7Z', '2ZYFJ3GM2N', '0PUK6V6EV0']"}
2026-08-15T13:15:30.381588059Z {"timestamp": 1786799730.3801322, "severity": "INFO", "name": "recommendationservice-server", "message": "[Recv ListRecommendations] product_ids=['2ZYFJ3GM2N', '0PUK6V6EV0', '66VCHSJNUP', '9SIQT8TOJO', 'L9ECAV7KIM']"}
2026-08-15T13:15:30.842934972Z {"timestamp": 1786799730.841806, "severity": "INFO", "name": "recommendationservice-server", "message": "[Recv ListRecommendations] product_ids=['OLJCESPC7Z', '0PUK6V6EV0', '2ZYFJ3GM2N', '1YMWWN1N4O', 'LS4PSXUNUM']"}
2026-08-15T13:15:30.954929179Z {"timestamp": 1786799730.9530375, "severity": "INFO", "name": "recommendationservice-server", "message": "[Recv ListRecommendations] product_ids=['2ZYFJ3GM2N', '9SIQT8TOJO', '0PUK6V6EV0', '66VCHSJNUP', 'L9ECAV7KIM']"}
2026-08-15T13:15:31.253668411Z {"timestamp": 1786799731.2527888, "severity": "INFO", "name": "recommendationservice-server", "message": "[Recv ListRecommendations] product_ids=['0PUK6V6EV0', '2ZYFJ3GM2N', 'LS4PSXUNUM', 'L9ECAV7KIM', '6E92ZMYYFZ']"}
2026-08-15T13:15:34.613937582Z {"timestamp": 1786799734.6134999, "severity": "INFO", "name": "recommendationservice-server", "message": "[Recv ListRecommendations] product_ids=['L9ECAV7KIM', '6E92ZMYYFZ', '66VCHSJNUP', '1YMWWN1N4O', 'OLJCESPC7Z']"}
2026-08-15T13:15:34.615640361Z {"timestamp": 1786799734.6147377, "severity": "INFO", "name": "recommendationservice-server", "message": "[Recv ListRecommendations] product_ids=['2ZYFJ3GM2N', 'LS4PSXUNUM', '9SIQT8TOJO', '6E92ZMYYFZ', '0PUK6V6EV0']"}
2026-08-15T13:15:34.637349211Z {"timestamp": 1786799734.6368887, "severity": "INFO", "name": "recommendationservice-server", "message": "[Recv ListRecommendations] product_ids=['66VCHSJNUP', 'LS4PSXUNUM', '9SIQT8TOJO', '2ZYFJ3GM2N', '6E92ZMYYFZ']"}
2026-08-15T13:15:35.636647529Z {"timestamp": 1786799735.6363919, "severity": "INFO", "name": "recommendationservice-server", "message": "[Recv ListRecommendations] product_ids=['6E92ZMYYFZ', 'L9ECAV7KIM', '9SIQT8TOJO', '2ZYFJ3GM2N', '0PUK6V6EV0']"}
2026-08-15T13:15:35.747764601Z {"timestamp": 1786799735.7473562, "severity": "INFO", "name": "recommendationservice-server", "message": "[Recv ListRecommendations] product_ids=['6E92ZMYYFZ', '9SIQT8TOJO', '0PUK6V6EV0', 'OLJCESPC7Z', '66VCHSJNUP']"}
2026-08-15T13:15:35.785402356Z {"timestamp": 1786799735.7846122, "severity": "INFO", "name": "recommendationservice-server", "message": "[Recv ListRecommendations] product_ids=['1YMWWN1N4O', '0PUK6V6EV0', 'L9ECAV7KIM', 'OLJCESPC7Z', '2ZYFJ3GM2N']"}
2026-08-15T13:15:35.872765843Z {"timestamp": 1786799735.8719208, "severity": "INFO", "name": "recommendationservice-server", "message": "[Recv ListRecommendations] product_ids=['1YMWWN1N4O', '9SIQT8TOJO', '6E92ZMYYFZ', 'L9ECAV7KIM', '0PUK6V6EV0']"}
2026-08-15T13:15:36.551013259Z {"timestamp": 1786799736.5505645, "severity": "INFO", "name": "recommendationservice-server", "message": "[Recv ListRecommendations] product_ids=['9SIQT8TOJO', 'L9ECAV7KIM', '1YMWWN1N4O', '6E92ZMYYFZ', '2ZYFJ3GM2N']"}
2026-08-15T13:15:36.580174127Z {"timestamp": 1786799736.579833, "severity": "INFO", "name": "recommendationservice-server", "message": "[Recv ListRecommendations] product_ids=['L9ECAV7KIM', '2ZYFJ3GM2N', 'LS4PSXUNUM', '9SIQT8TOJO', '6E92ZMYYFZ']"}
2026-08-15T13:15:36.595495433Z {"timestamp": 1786799736.5952013, "severity": "INFO", "name": "recommendationservice-server", "message": "[Recv ListRecommendations] product_ids=['1YMWWN1N4O', 'LS4PSXUNUM', '2ZYFJ3GM2N', '9SIQT8TOJO', 'L9ECAV7KIM']"}
2026-08-15T13:15:36.735865888Z {"timestamp": 1786799736.735517, "severity": "INFO", "name": "recommendationservice-server", "message": "[Recv ListRecommendations] product_ids=['2ZYFJ3GM2N', '0PUK6V6EV0', '9SIQT8TOJO', 'LS4PSXUNUM', '66VCHSJNUP']"}
2026-08-15T13:15:37.567099022Z {"timestamp": 1786799737.566116, "severity": "INFO", "name": "recommendationservice-server", "message": "[Recv ListRecommendations] product_ids=['LS4PSXUNUM', '0PUK6V6EV0', '1YMWWN1N4O', '66VCHSJNUP', 'L9ECAV7KIM']"}
2026-08-15T13:15:37.681371110Z {"timestamp": 1786799737.6789143, "severity": "INFO", "name": "recommendationservice-server", "message": "[Recv ListRecommendations] product_ids=['6E92ZMYYFZ', '9SIQT8TOJO', 'L9ECAV7KIM', '0PUK6V6EV0', 'LS4PSXUNUM']"}
2026-08-15T13:15:37.871787149Z {"timestamp": 1786799737.8704882, "severity": "INFO", "name": "recommendationservice-server", "message": "[Recv ListRecommendations] product_ids=['L9ECAV7KIM', '2ZYFJ3GM2N', '6E92ZMYYFZ', '9SIQT8TOJO', 'LS4PSXUNUM']"}
2026-08-15T13:15:39.408189802Z {"timestamp": 1786799739.4069374, "severity": "INFO", "name": "recommendationservice-server", "message": "[Recv ListRecommendations] product_ids=['0PUK6V6EV0', '66VCHSJNUP', 'LS4PSXUNUM', 'OLJCESPC7Z', '6E92ZMYYFZ']"}
2026-08-15T13:15:39.520386450Z {"timestamp": 1786799739.5192075, "severity": "INFO", "name": "recommendationservice-server", "message": "[Recv ListRecommendations] product_ids=['9SIQT8TOJO', '1YMWWN1N4O', 'OLJCESPC7Z', '2ZYFJ3GM2N', '0PUK6V6EV0']"}
2026-08-15T13:15:39.812597636Z {"timestamp": 1786799739.8116217, "severity": "INFO", "name": "recommendationservice-server", "message": "[Recv ListRecommendations] product_ids=['6E92ZMYYFZ', '2ZYFJ3GM2N', 'OLJCESPC7Z', '0PUK6V6EV0']"}
2026-08-15T13:15:40.315890391Z {"timestamp": 1786799740.3144605, "severity": "INFO", "name": "recommendationservice-server", "message": "[Recv ListRecommendations] product_ids=['2ZYFJ3GM2N', '6E92ZMYYFZ', '9SIQT8TOJO', 'L9ECAV7KIM', 'LS4PSXUNUM']"}
2026-08-15T13:15:40.322554780Z {"timestamp": 1786799740.321617, "severity": "INFO", "name": "recommendationservice-server", "message": "[Recv ListRecommendations] product_ids=['OLJCESPC7Z', 'L9ECAV7KIM', 'LS4PSXUNUM', '0PUK6V6EV0', '1YMWWN1N4O']"}
2026-08-15T13:15:40.853703775Z {"timestamp": 1786799740.8525245, "severity": "INFO", "name": "recommendationservice-server", "message": "[Recv ListRecommendations] product_ids=['LS4PSXUNUM', 'OLJCESPC7Z', '1YMWWN1N4O', '66VCHSJNUP', '6E92ZMYYFZ']"}
2026-08-15T13:15:41.016721013Z {"timestamp": 1786799741.0156386, "severity": "INFO", "name": "recommendationservice-server", "message": "[Recv ListRecommendations] product_ids=['1YMWWN1N4O', '9SIQT8TOJO', '6E92ZMYYFZ', 'LS4PSXUNUM', '0PUK6V6EV0']"}
2026-08-15T13:15:41.213204421Z {"timestamp": 1786799741.2123675, "severity": "INFO", "name": "recommendationservice-server", "message": "[Recv ListRecommendations] product_ids=['0PUK6V6EV0', 'OLJCESPC7Z', '66VCHSJNUP', 'L9ECAV7KIM', '9SIQT8TOJO']"}
2026-08-15T13:15:41.448819922Z {"timestamp": 1786799741.447673, "severity": "INFO", "name": "recommendationservice-server", "message": "[Recv ListRecommendations] product_ids=['1YMWWN1N4O', '9SIQT8TOJO', '6E92ZMYYFZ', '2ZYFJ3GM2N', 'OLJCESPC7Z']"}
2026-08-15T13:15:42.109799432Z {"timestamp": 1786799742.1087873, "severity": "INFO", "name": "recommendationservice-server", "message": "[Recv ListRecommendations] product_ids=['0PUK6V6EV0', '6E92ZMYYFZ', 'OLJCESPC7Z', '2ZYFJ3GM2N', '66VCHSJNUP']"}
2026-08-15T13:15:42.506791305Z {"timestamp": 1786799742.5060341, "severity": "INFO", "name": "recommendationservice-server", "message": "[Recv ListRecommendations] product_ids=['1YMWWN1N4O', 'LS4PSXUNUM', '66VCHSJNUP', '0PUK6V6EV0', 'OLJCESPC7Z']"}
2026-08-15T13:15:43.428149363Z {"timestamp": 1786799743.4269977, "severity": "INFO", "name": "recommendationservice-server", "message": "[Recv ListRecommendations] product_ids=['2ZYFJ3GM2N', 'LS4PSXUNUM', 'OLJCESPC7Z', 'L9ECAV7KIM', '9SIQT8TOJO']"}
2026-08-15T13:15:43.519722827Z {"timestamp": 1786799743.5163846, "severity": "INFO", "name": "recommendationservice-server", "message": "[Recv ListRecommendations] product_ids=['66VCHSJNUP', '6E92ZMYYFZ', '2ZYFJ3GM2N', 'LS4PSXUNUM', 'OLJCESPC7Z']"}
2026-08-15T13:15:43.817450378Z {"timestamp": 1786799743.8162253, "severity": "INFO", "name": "recommendationservice-server", "message": "[Recv ListRecommendations] product_ids=['OLJCESPC7Z', '2ZYFJ3GM2N', '9SIQT8TOJO', '6E92ZMYYFZ', '1YMWWN1N4O']"}
2026-08-15T13:15:44.181061196Z {"timestamp": 1786799744.1797636, "severity": "INFO", "name": "recommendationservice-server", "message": "[Recv ListRecommendations] product_ids=['9SIQT8TOJO', '2ZYFJ3GM2N', 'L9ECAV7KIM', '1YMWWN1N4O', '66VCHSJNUP']"}
2026-08-15T13:15:44.187170994Z {"timestamp": 1786799744.1860301, "severity": "INFO", "name": "recommendationservice-server", "message": "[Recv ListRecommendations] product_ids=['66VCHSJNUP', 'OLJCESPC7Z', '1YMWWN1N4O', '9SIQT8TOJO', 'LS4PSXUNUM']"}
2026-08-15T13:15:44.475379290Z {"timestamp": 1786799744.473984, "severity": "INFO", "name": "recommendationservice-server", "message": "[Recv ListRecommendations] product_ids=['9SIQT8TOJO', '0PUK6V6EV0', 'OLJCESPC7Z', 'LS4PSXUNUM', '66VCHSJNUP']"}
2026-08-15T13:15:45.167547696Z {"timestamp": 1786799745.1663778, "severity": "INFO", "name": "recommendationservice-server", "message": "[Recv ListRecommendations] product_ids=['OLJCESPC7Z', '2ZYFJ3GM2N', '0PUK6V6EV0', 'L9ECAV7KIM', '66VCHSJNUP']"}
2026-08-15T13:15:45.173080701Z {"timestamp": 1786799745.17208, "severity": "INFO", "name": "recommendationservice-server", "message": "[Recv ListRecommendations] product_ids=['1YMWWN1N4O', '2ZYFJ3GM2N', 'OLJCESPC7Z', '6E92ZMYYFZ', '9SIQT8TOJO']"}
2026-08-15T13:15:45.717605681Z {"timestamp": 1786799745.7172446, "severity": "INFO", "name": "recommendationservice-server", "message": "[Recv ListRecommendations] product_ids=['L9ECAV7KIM', '2ZYFJ3GM2N', '1YMWWN1N4O', 'OLJCESPC7Z', '9SIQT8TOJO']"}
2026-08-15T13:15:45.718741267Z {"timestamp": 1786799745.7184043, "severity": "INFO", "name": "recommendationservice-server", "message": "[Recv ListRecommendations] product_ids=['L9ECAV7KIM', '6E92ZMYYFZ', '0PUK6V6EV0', '2ZYFJ3GM2N', '66VCHSJNUP']"}
2026-08-15T13:15:46.054236290Z {"timestamp": 1786799746.0532885, "severity": "INFO", "name": "recommendationservice-server", "message": "[Recv ListRecommendations] product_ids=['6E92ZMYYFZ', 'L9ECAV7KIM', 'LS4PSXUNUM', '0PUK6V6EV0', '66VCHSJNUP']"}
2026-08-15T13:15:46.623261073Z {"timestamp": 1786799746.6219847, "severity": "INFO", "name": "recommendationservice-server", "message": "[Recv ListRecommendations] product_ids=['66VCHSJNUP', 'LS4PSXUNUM', '9SIQT8TOJO', 'L9ECAV7KIM', '0PUK6V6EV0']"}
2026-08-15T13:15:46.753640179Z {"timestamp": 1786799746.7527578, "severity": "INFO", "name": "recommendationservice-server", "message": "[Recv ListRecommendations] product_ids=['6E92ZMYYFZ', '66VCHSJNUP', '9SIQT8TOJO', 'L9ECAV7KIM', '1YMWWN1N4O']"}
2026-08-15T13:15:46.817875075Z {"timestamp": 1786799746.8173184, "severity": "INFO", "name": "recommendationservice-server", "message": "[Recv ListRecommendations] product_ids=['2ZYFJ3GM2N', '9SIQT8TOJO', 'OLJCESPC7Z', '66VCHSJNUP', 'LS4PSXUNUM']"}
2026-08-15T13:15:47.116587387Z {"timestamp": 1786799747.1143188, "severity": "INFO", "name": "recommendationservice-server", "message": "[Recv ListRecommendations] product_ids=['2ZYFJ3GM2N', '9SIQT8TOJO', 'OLJCESPC7Z', '0PUK6V6EV0', '6E92ZMYYFZ']"}
2026-08-15T13:15:47.127921640Z {"timestamp": 1786799747.1195457, "severity": "INFO", "name": "recommendationservice-server", "message": "[Recv ListRecommendations] product_ids=['6E92ZMYYFZ', '0PUK6V6EV0', 'OLJCESPC7Z', '1YMWWN1N4O', 'LS4PSXUNUM']"}
2026-08-15T13:15:47.315247550Z {"timestamp": 1786799747.3145325, "severity": "INFO", "name": "recommendationservice-server", "message": "[Recv ListRecommendations] product_ids=['6E92ZMYYFZ', 'LS4PSXUNUM', '0PUK6V6EV0', 'OLJCESPC7Z', '66VCHSJNUP']"}
2026-08-15T13:15:47.371671771Z {"timestamp": 1786799747.3711383, "severity": "INFO", "name": "recommendationservice-server", "message": "[Recv ListRecommendations] product_ids=['0PUK6V6EV0', '2ZYFJ3GM2N', 'L9ECAV7KIM', '66VCHSJNUP', 'LS4PSXUNUM']"}
2026-08-15T13:15:48.889996950Z {"timestamp": 1786799748.8890991, "severity": "INFO", "name": "recommendationservice-server", "message": "[Recv ListRecommendations] product_ids=['9SIQT8TOJO', '6E92ZMYYFZ', 'LS4PSXUNUM', '66VCHSJNUP', '2ZYFJ3GM2N']"}
2026-08-15T13:15:50.297902331Z {"timestamp": 1786799750.2969139, "severity": "INFO", "name": "recommendationservice-server", "message": "[Recv ListRecommendations] product_ids=['LS4PSXUNUM', 'OLJCESPC7Z', 'L9ECAV7KIM', '9SIQT8TOJO', '66VCHSJNUP']"}
2026-08-15T13:15:50.363463707Z {"timestamp": 1786799750.362407, "severity": "INFO", "name": "recommendationservice-server", "message": "[Recv ListRecommendations] product_ids=['0PUK6V6EV0', 'L9ECAV7KIM', '9SIQT8TOJO', '1YMWWN1N4O', '6E92ZMYYFZ']"}
2026-08-15T13:15:50.546388579Z {"timestamp": 1786799750.545482, "severity": "INFO", "name": "recommendationservice-server", "message": "[Recv ListRecommendations] product_ids=['66VCHSJNUP', 'OLJCESPC7Z', 'L9ECAV7KIM', '6E92ZMYYFZ', '2ZYFJ3GM2N']"}
2026-08-15T13:15:50.921134718Z {"timestamp": 1786799750.9199142, "severity": "INFO", "name": "recommendationservice-server", "message": "[Recv ListRecommendations] product_ids=['LS4PSXUNUM', 'OLJCESPC7Z', '1YMWWN1N4O', '9SIQT8TOJO', '2ZYFJ3GM2N']"}
2026-08-15T13:15:51.220384324Z {"timestamp": 1786799751.2192256, "severity": "INFO", "name": "recommendationservice-server", "message": "[Recv ListRecommendations] product_ids=['0PUK6V6EV0', '2ZYFJ3GM2N', 'OLJCESPC7Z', '1YMWWN1N4O', '9SIQT8TOJO']"}
2026-08-15T13:15:52.626813673Z {"timestamp": 1786799752.6260424, "severity": "INFO", "name": "recommendationservice-server", "message": "[Recv ListRecommendations] product_ids=['2ZYFJ3GM2N', 'L9ECAV7KIM', 'OLJCESPC7Z', '6E92ZMYYFZ', '66VCHSJNUP']"}
2026-08-15T13:15:52.650377266Z {"timestamp": 1786799752.650039, "severity": "INFO", "name": "recommendationservice-server", "message": "[Recv ListRecommendations] product_ids=['OLJCESPC7Z', 'LS4PSXUNUM', '1YMWWN1N4O', '6E92ZMYYFZ', '9SIQT8TOJO']"}
2026-08-15T13:15:53.101837430Z {"timestamp": 1786799753.1011922, "severity": "INFO", "name": "recommendationservice-server", "message": "[Recv ListRecommendations] product_ids=['2ZYFJ3GM2N', 'LS4PSXUNUM', 'L9ECAV7KIM', '6E92ZMYYFZ', '9SIQT8TOJO']"}
2026-08-15T13:15:53.123850680Z {"timestamp": 1786799753.1232538, "severity": "INFO", "name": "recommendationservice-server", "message": "[Recv ListRecommendations] product_ids=['6E92ZMYYFZ', '1YMWWN1N4O', 'OLJCESPC7Z', 'LS4PSXUNUM', 'L9ECAV7KIM']"}
2026-08-15T13:15:53.157447546Z {"timestamp": 1786799753.1571164, "severity": "INFO", "name": "recommendationservice-server", "message": "[Recv ListRecommendations] product_ids=['0PUK6V6EV0', 'OLJCESPC7Z', '2ZYFJ3GM2N', 'L9ECAV7KIM', 'LS4PSXUNUM']"}
2026-08-15T13:15:54.492361485Z {"timestamp": 1786799754.4908752, "severity": "INFO", "name": "recommendationservice-server", "message": "[Recv ListRecommendations] product_ids=['6E92ZMYYFZ', 'LS4PSXUNUM', 'L9ECAV7KIM', '2ZYFJ3GM2N', '66VCHSJNUP']"}
2026-08-15T13:15:54.588477551Z {"timestamp": 1786799754.5879872, "severity": "INFO", "name": "recommendationservice-server", "message": "[Recv ListRecommendations] product_ids=['6E92ZMYYFZ', '2ZYFJ3GM2N', 'LS4PSXUNUM', '9SIQT8TOJO', 'OLJCESPC7Z']"}
2026-08-15T13:15:55.173408135Z {"timestamp": 1786799755.1727896, "severity": "INFO", "name": "recommendationservice-server", "message": "[Recv ListRecommendations] product_ids=['66VCHSJNUP', '6E92ZMYYFZ', '2ZYFJ3GM2N', 'OLJCESPC7Z', '9SIQT8TOJO']"}
2026-08-15T13:15:55.247774792Z {"timestamp": 1786799755.247293, "severity": "INFO", "name": "recommendationservice-server", "message": "[Recv ListRecommendations] product_ids=['66VCHSJNUP', '0PUK6V6EV0', 'OLJCESPC7Z', '1YMWWN1N4O', '6E92ZMYYFZ']"}
2026-08-15T13:15:55.738953281Z {"timestamp": 1786799755.738298, "severity": "INFO", "name": "recommendationservice-server", "message": "[Recv ListRecommendations] product_ids=['6E92ZMYYFZ', 'LS4PSXUNUM', 'OLJCESPC7Z', '66VCHSJNUP', 'L9ECAV7KIM']"}
2026-08-15T13:15:56.520698692Z {"timestamp": 1786799756.5194144, "severity": "INFO", "name": "recommendationservice-server", "message": "[Recv ListRecommendations] product_ids=['2ZYFJ3GM2N', '1YMWWN1N4O', 'L9ECAV7KIM', '9SIQT8TOJO', 'OLJCESPC7Z']"}
2026-08-15T13:15:56.525398426Z {"timestamp": 1786799756.5240579, "severity": "INFO", "name": "recommendationservice-server", "message": "[Recv ListRecommendations] product_ids=['LS4PSXUNUM', '1YMWWN1N4O', '66VCHSJNUP', '2ZYFJ3GM2N', '0PUK6V6EV0']"}
2026-08-15T13:15:56.822169924Z {"timestamp": 1786799756.8208494, "severity": "INFO", "name": "recommendationservice-server", "message": "[Recv ListRecommendations] product_ids=['OLJCESPC7Z', '66VCHSJNUP', '0PUK6V6EV0', 'L9ECAV7KIM']"}
2026-08-15T13:15:56.913403683Z {"timestamp": 1786799756.9125752, "severity": "INFO", "name": "recommendationservice-server", "message": "[Recv ListRecommendations] product_ids=['OLJCESPC7Z', '66VCHSJNUP', 'LS4PSXUNUM', '9SIQT8TOJO', '2ZYFJ3GM2N']"}
2026-08-15T13:15:56.928902543Z {"timestamp": 1786799756.9282248, "severity": "INFO", "name": "recommendationservice-server", "message": "[Recv ListRecommendations] product_ids=['2ZYFJ3GM2N', 'LS4PSXUNUM', '66VCHSJNUP', '9SIQT8TOJO', '6E92ZMYYFZ']"}
2026-08-15T13:15:57.073548468Z {"timestamp": 1786799757.072814, "severity": "INFO", "name": "recommendationservice-server", "message": "[Recv ListRecommendations] product_ids=['66VCHSJNUP', '9SIQT8TOJO', 'LS4PSXUNUM', '1YMWWN1N4O', '2ZYFJ3GM2N']"}
2026-08-15T13:15:58.325478082Z {"timestamp": 1786799758.3242633, "severity": "INFO", "name": "recommendationservice-server", "message": "[Recv ListRecommendations] product_ids=['9SIQT8TOJO', '6E92ZMYYFZ', 'L9ECAV7KIM', '0PUK6V6EV0', 'OLJCESPC7Z']"}
2026-08-15T13:15:58.504397399Z {"timestamp": 1786799758.5040474, "severity": "INFO", "name": "recommendationservice-server", "message": "[Recv ListRecommendations] product_ids=['2ZYFJ3GM2N', '6E92ZMYYFZ', 'OLJCESPC7Z', '9SIQT8TOJO', '1YMWWN1N4O']"}
2026-08-15T13:15:58.533421894Z {"timestamp": 1786799758.5330527, "severity": "INFO", "name": "recommendationservice-server", "message": "[Recv ListRecommendations] product_ids=['6E92ZMYYFZ', '9SIQT8TOJO', 'OLJCESPC7Z', '1YMWWN1N4O', '0PUK6V6EV0']"}
2026-08-15T13:15:58.919993989Z {"timestamp": 1786799758.9196513, "severity": "INFO", "name": "recommendationservice-server", "message": "[Recv ListRecommendations] product_ids=['LS4PSXUNUM', '1YMWWN1N4O', '9SIQT8TOJO', '66VCHSJNUP', 'L9ECAV7KIM']"}
2026-08-15T13:16:00.095078419Z {"timestamp": 1786799760.0945134, "severity": "INFO", "name": "recommendationservice-server", "message": "[Recv ListRecommendations] product_ids=['L9ECAV7KIM', '66VCHSJNUP', '2ZYFJ3GM2N', '6E92ZMYYFZ', 'OLJCESPC7Z']"}
2026-08-15T13:16:00.257578771Z {"timestamp": 1786799760.256882, "severity": "INFO", "name": "recommendationservice-server", "message": "[Recv ListRecommendations] product_ids=['1YMWWN1N4O', '66VCHSJNUP', '0PUK6V6EV0', 'L9ECAV7KIM', '6E92ZMYYFZ']"}
2026-08-15T13:16:00.828077751Z {"timestamp": 1786799760.8267713, "severity": "INFO", "name": "recommendationservice-server", "message": "[Recv ListRecommendations] product_ids=['6E92ZMYYFZ', '0PUK6V6EV0', '1YMWWN1N4O', 'L9ECAV7KIM', '66VCHSJNUP']"}
2026-08-15T13:16:00.932674828Z {"timestamp": 1786799760.9310496, "severity": "INFO", "name": "recommendationservice-server", "message": "[Recv ListRecommendations] product_ids=['9SIQT8TOJO', '2ZYFJ3GM2N', 'OLJCESPC7Z', 'LS4PSXUNUM', '0PUK6V6EV0']"}
2026-08-15T13:16:01.118243099Z {"timestamp": 1786799761.1175375, "severity": "INFO", "name": "recommendationservice-server", "message": "[Recv ListRecommendations] product_ids=['6E92ZMYYFZ', 'LS4PSXUNUM', '2ZYFJ3GM2N', 'L9ECAV7KIM', '9SIQT8TOJO']"}
2026-08-15T13:16:01.776809779Z {"timestamp": 1786799761.7758696, "severity": "INFO", "name": "recommendationservice-server", "message": "[Recv ListRecommendations] product_ids=['OLJCESPC7Z', '0PUK6V6EV0', 'LS4PSXUNUM', '1YMWWN1N4O', '66VCHSJNUP']"}
2026-08-15T13:16:01.877892557Z {"timestamp": 1786799761.8771486, "severity": "INFO", "name": "recommendationservice-server", "message": "[Recv ListRecommendations] product_ids=['1YMWWN1N4O', '66VCHSJNUP', 'L9ECAV7KIM', '6E92ZMYYFZ', 'OLJCESPC7Z']"}
2026-08-15T13:16:02.224120871Z {"timestamp": 1786799762.2214534, "severity": "INFO", "name": "recommendationservice-server", "message": "[Recv ListRecommendations] product_ids=['66VCHSJNUP', 'LS4PSXUNUM', '1YMWWN1N4O', '9SIQT8TOJO', '0PUK6V6EV0']"}
2026-08-15T13:16:02.318478285Z {"timestamp": 1786799762.318173, "severity": "INFO", "name": "recommendationservice-server", "message": "[Recv ListRecommendations] product_ids=['66VCHSJNUP', 'OLJCESPC7Z', '2ZYFJ3GM2N', '9SIQT8TOJO', '0PUK6V6EV0']"}
2026-08-15T13:16:02.319739728Z {"timestamp": 1786799762.3193948, "severity": "INFO", "name": "recommendationservice-server", "message": "[Recv ListRecommendations] product_ids=['6E92ZMYYFZ', '0PUK6V6EV0', 'LS4PSXUNUM', '66VCHSJNUP', '2ZYFJ3GM2N']"}
2026-08-15T13:16:03.205090159Z {"timestamp": 1786799763.2048075, "severity": "INFO", "name": "recommendationservice-server", "message": "[Recv ListRecommendations] product_ids=['6E92ZMYYFZ', 'OLJCESPC7Z', '1YMWWN1N4O', 'LS4PSXUNUM', '66VCHSJNUP']"}
2026-08-15T13:16:04.099499986Z {"timestamp": 1786799764.098936, "severity": "INFO", "name": "recommendationservice-server", "message": "[Recv ListRecommendations] product_ids=['6E92ZMYYFZ', '66VCHSJNUP', '1YMWWN1N4O', 'L9ECAV7KIM', 'LS4PSXUNUM']"}
2026-08-15T13:16:04.747255727Z {"timestamp": 1786799764.7461302, "severity": "INFO", "name": "recommendationservice-server", "message": "[Recv ListRecommendations] product_ids=['2ZYFJ3GM2N', '9SIQT8TOJO', '6E92ZMYYFZ', '0PUK6V6EV0', 'LS4PSXUNUM']"}
2026-08-15T13:16:05.094294771Z {"timestamp": 1786799765.0934057, "severity": "INFO", "name": "recommendationservice-server", "message": "[Recv ListRecommendations] product_ids=['1YMWWN1N4O', '6E92ZMYYFZ', 'LS4PSXUNUM', '2ZYFJ3GM2N', 'OLJCESPC7Z']"}
2026-08-15T13:16:05.107254126Z {"timestamp": 1786799765.1064281, "severity": "INFO", "name": "recommendationservice-server", "message": "[Recv ListRecommendations] product_ids=['1YMWWN1N4O', '2ZYFJ3GM2N', '0PUK6V6EV0', '66VCHSJNUP', 'OLJCESPC7Z']"}
2026-08-15T13:16:05.161144074Z {"timestamp": 1786799765.1604686, "severity": "INFO", "name": "recommendationservice-server", "message": "[Recv ListRecommendations] product_ids=['OLJCESPC7Z', 'L9ECAV7KIM', '0PUK6V6EV0']"}
2026-08-15T13:16:05.346225030Z {"timestamp": 1786799765.3453326, "severity": "INFO", "name": "recommendationservice-server", "message": "[Recv ListRecommendations] product_ids=['66VCHSJNUP', '2ZYFJ3GM2N', 'OLJCESPC7Z', '0PUK6V6EV0', '1YMWWN1N4O']"}
2026-08-15T13:16:05.539376666Z {"timestamp": 1786799765.538533, "severity": "INFO", "name": "recommendationservice-server", "message": "[Recv ListRecommendations] product_ids=['0PUK6V6EV0', '66VCHSJNUP', 'OLJCESPC7Z', '1YMWWN1N4O', '9SIQT8TOJO']"}
2026-08-15T13:16:07.302720251Z {"timestamp": 1786799767.302342, "severity": "INFO", "name": "recommendationservice-server", "message": "[Recv ListRecommendations] product_ids=['LS4PSXUNUM', '66VCHSJNUP', '1YMWWN1N4O', '2ZYFJ3GM2N', '9SIQT8TOJO']"}
2026-08-15T13:16:07.357467934Z {"timestamp": 1786799767.3571453, "severity": "INFO", "name": "recommendationservice-server", "message": "[Recv ListRecommendations] product_ids=['9SIQT8TOJO', '6E92ZMYYFZ', '66VCHSJNUP', '2ZYFJ3GM2N', 'OLJCESPC7Z']"}
2026-08-15T13:16:07.617807127Z {"timestamp": 1786799767.6164992, "severity": "INFO", "name": "recommendationservice-server", "message": "[Recv ListRecommendations] product_ids=['0PUK6V6EV0', '9SIQT8TOJO', 'L9ECAV7KIM', '66VCHSJNUP', '1YMWWN1N4O']"}
2026-08-15T13:16:07.731860817Z {"timestamp": 1786799767.7307582, "severity": "INFO", "name": "recommendationservice-server", "message": "[Recv ListRecommendations] product_ids=['66VCHSJNUP', '9SIQT8TOJO', 'LS4PSXUNUM', '0PUK6V6EV0', '1YMWWN1N4O']"}
2026-08-15T13:16:07.962811948Z {"timestamp": 1786799767.9610348, "severity": "INFO", "name": "recommendationservice-server", "message": "[Recv ListRecommendations] product_ids=['6E92ZMYYFZ', '9SIQT8TOJO', '0PUK6V6EV0', 'LS4PSXUNUM', 'L9ECAV7KIM']"}
2026-08-15T13:16:09.082783488Z {"timestamp": 1786799769.081842, "severity": "INFO", "name": "recommendationservice-server", "message": "[Recv ListRecommendations] product_ids=['0PUK6V6EV0', '9SIQT8TOJO', 'LS4PSXUNUM', '6E92ZMYYFZ', '66VCHSJNUP']"}
2026-08-15T13:16:09.705170805Z {"timestamp": 1786799769.7043161, "severity": "INFO", "name": "recommendationservice-server", "message": "[Recv ListRecommendations] product_ids=['66VCHSJNUP', '0PUK6V6EV0', '6E92ZMYYFZ', '2ZYFJ3GM2N', '1YMWWN1N4O']"}
2026-08-15T13:16:09.807898199Z {"timestamp": 1786799769.8073516, "severity": "INFO", "name": "recommendationservice-server", "message": "[Recv ListRecommendations] product_ids=['9SIQT8TOJO', '66VCHSJNUP', '1YMWWN1N4O', '2ZYFJ3GM2N', 'LS4PSXUNUM']"}
2026-08-15T13:16:09.850161502Z {"timestamp": 1786799769.8496695, "severity": "INFO", "name": "recommendationservice-server", "message": "[Recv ListRecommendations] product_ids=['66VCHSJNUP', 'LS4PSXUNUM', '1YMWWN1N4O', '2ZYFJ3GM2N', '6E92ZMYYFZ']"}
2026-08-15T13:16:10.484505916Z {"timestamp": 1786799770.4841855, "severity": "INFO", "name": "recommendationservice-server", "message": "[Recv ListRecommendations] product_ids=['9SIQT8TOJO', 'LS4PSXUNUM', '1YMWWN1N4O', '66VCHSJNUP', '0PUK6V6EV0']"}
2026-08-15T13:16:10.549293292Z {"timestamp": 1786799770.5489144, "severity": "INFO", "name": "recommendationservice-server", "message": "[Recv ListRecommendations] product_ids=['0PUK6V6EV0', 'OLJCESPC7Z', '2ZYFJ3GM2N', 'L9ECAV7KIM', '1YMWWN1N4O']"}
2026-08-15T13:16:11.522364531Z {"timestamp": 1786799771.521824, "severity": "INFO", "name": "recommendationservice-server", "message": "[Recv ListRecommendations] product_ids=['L9ECAV7KIM', 'LS4PSXUNUM', '6E92ZMYYFZ', '2ZYFJ3GM2N', '9SIQT8TOJO']"}
2026-08-15T13:16:12.036005238Z {"timestamp": 1786799772.035743, "severity": "INFO", "name": "recommendationservice-server", "message": "[Recv ListRecommendations] product_ids=['1YMWWN1N4O', '66VCHSJNUP', 'LS4PSXUNUM', 'L9ECAV7KIM', '6E92ZMYYFZ']"}
2026-08-15T13:16:12.115486092Z {"timestamp": 1786799772.1151056, "severity": "INFO", "name": "recommendationservice-server", "message": "[Recv ListRecommendations] product_ids=['2ZYFJ3GM2N', 'LS4PSXUNUM', '0PUK6V6EV0', 'OLJCESPC7Z', '1YMWWN1N4O']"}
2026-08-15T13:16:13.096135711Z {"timestamp": 1786799773.0954278, "severity": "INFO", "name": "recommendationservice-server", "message": "[Recv ListRecommendations] product_ids=['1YMWWN1N4O', 'LS4PSXUNUM', '0PUK6V6EV0', '9SIQT8TOJO', '6E92ZMYYFZ']"}
2026-08-15T13:16:13.761514140Z {"timestamp": 1786799773.7612069, "severity": "INFO", "name": "recommendationservice-server", "message": "[Recv ListRecommendations] product_ids=['1YMWWN1N4O', 'LS4PSXUNUM', 'L9ECAV7KIM', '6E92ZMYYFZ', '2ZYFJ3GM2N']"}
2026-08-15T13:16:14.340670142Z {"timestamp": 1786799774.3397074, "severity": "INFO", "name": "recommendationservice-server", "message": "[Recv ListRecommendations] product_ids=['6E92ZMYYFZ', '0PUK6V6EV0', '9SIQT8TOJO', 'L9ECAV7KIM', '1YMWWN1N4O']"}
2026-08-15T13:16:14.820903595Z {"timestamp": 1786799774.8196037, "severity": "INFO", "name": "recommendationservice-server", "message": "[Recv ListRecommendations] product_ids=['9SIQT8TOJO', '66VCHSJNUP', 'OLJCESPC7Z', '1YMWWN1N4O', 'L9ECAV7KIM']"}
2026-08-15T13:16:15.507674130Z {"timestamp": 1786799775.5066054, "severity": "INFO", "name": "recommendationservice-server", "message": "[Recv ListRecommendations] product_ids=['9SIQT8TOJO', '2ZYFJ3GM2N', '66VCHSJNUP', 'L9ECAV7KIM', '1YMWWN1N4O']"}
2026-08-15T13:16:15.774013831Z {"timestamp": 1786799775.771879, "severity": "INFO", "name": "recommendationservice-server", "message": "[Recv ListRecommendations] product_ids=['1YMWWN1N4O', '6E92ZMYYFZ', 'LS4PSXUNUM', '66VCHSJNUP', 'OLJCESPC7Z']"}
2026-08-15T13:16:15.784619719Z {"timestamp": 1786799775.7840784, "severity": "INFO", "name": "recommendationservice-server", "message": "[Recv ListRecommendations] product_ids=['OLJCESPC7Z', '9SIQT8TOJO', '2ZYFJ3GM2N', 'L9ECAV7KIM', '0PUK6V6EV0']"}
2026-08-15T13:16:15.842609651Z {"timestamp": 1786799775.8422337, "severity": "INFO", "name": "recommendationservice-server", "message": "[Recv ListRecommendations] product_ids=['66VCHSJNUP', '6E92ZMYYFZ', 'L9ECAV7KIM', 'LS4PSXUNUM', '1YMWWN1N4O']"}
2026-08-15T13:16:17.760906145Z {"timestamp": 1786799777.7594886, "severity": "INFO", "name": "recommendationservice-server", "message": "[Recv ListRecommendations] product_ids=['OLJCESPC7Z', 'LS4PSXUNUM', '6E92ZMYYFZ', '2ZYFJ3GM2N', '0PUK6V6EV0']"}
2026-08-15T13:16:17.865738835Z {"timestamp": 1786799777.8647158, "severity": "INFO", "name": "recommendationservice-server", "message": "[Recv ListRecommendations] product_ids=['9SIQT8TOJO', 'LS4PSXUNUM', '0PUK6V6EV0', '1YMWWN1N4O', 'OLJCESPC7Z']"}
2026-08-15T13:16:18.052009289Z {"timestamp": 1786799778.049657, "severity": "INFO", "name": "recommendationservice-server", "message": "[Recv ListRecommendations] product_ids=['L9ECAV7KIM', 'OLJCESPC7Z', '0PUK6V6EV0', '6E92ZMYYFZ', '66VCHSJNUP']"}
2026-08-15T13:16:18.111583273Z {"timestamp": 1786799778.1102479, "severity": "INFO", "name": "recommendationservice-server", "message": "[Recv ListRecommendations] product_ids=['L9ECAV7KIM', '0PUK6V6EV0', 'LS4PSXUNUM', '6E92ZMYYFZ', '66VCHSJNUP']"}
2026-08-15T13:16:18.394250574Z {"timestamp": 1786799778.3931134, "severity": "INFO", "name": "recommendationservice-server", "message": "[Recv ListRecommendations] product_ids=['9SIQT8TOJO', '1YMWWN1N4O', '2ZYFJ3GM2N', '0PUK6V6EV0', 'L9ECAV7KIM']"}
2026-08-15T13:16:18.512599815Z {"timestamp": 1786799778.511509, "severity": "INFO", "name": "recommendationservice-server", "message": "[Recv ListRecommendations] product_ids=['0PUK6V6EV0', 'L9ECAV7KIM', 'OLJCESPC7Z', '1YMWWN1N4O', '2ZYFJ3GM2N']"}
2026-08-15T13:16:19.759431511Z {"timestamp": 1786799779.7587616, "severity": "INFO", "name": "recommendationservice-server", "message": "[Recv ListRecommendations] product_ids=['6E92ZMYYFZ', '66VCHSJNUP', '1YMWWN1N4O', '0PUK6V6EV0', 'OLJCESPC7Z']"}
2026-08-15T13:16:20.142741465Z {"timestamp": 1786799780.1416528, "severity": "INFO", "name": "recommendationservice-server", "message": "[Recv ListRecommendations] product_ids=['OLJCESPC7Z', '9SIQT8TOJO', 'L9ECAV7KIM', '6E92ZMYYFZ', 'LS4PSXUNUM']"}
2026-08-15T13:16:20.224059150Z {"timestamp": 1786799780.2152402, "severity": "INFO", "name": "recommendationservice-server", "message": "[Recv ListRecommendations] product_ids=['1YMWWN1N4O', '66VCHSJNUP', 'OLJCESPC7Z', '2ZYFJ3GM2N', '6E92ZMYYFZ']"}
2026-08-15T13:16:20.306838338Z {"timestamp": 1786799780.3062344, "severity": "INFO", "name": "recommendationservice-server", "message": "[Recv ListRecommendations] product_ids=['9SIQT8TOJO', '0PUK6V6EV0', 'OLJCESPC7Z', 'L9ECAV7KIM', '1YMWWN1N4O']"}
2026-08-15T13:16:20.411886417Z {"timestamp": 1786799780.411193, "severity": "INFO", "name": "recommendationservice-server", "message": "[Recv ListRecommendations] product_ids=['6E92ZMYYFZ', '2ZYFJ3GM2N', '66VCHSJNUP', '9SIQT8TOJO', 'LS4PSXUNUM']"}
2026-08-15T13:16:21.385790875Z {"timestamp": 1786799781.3850207, "severity": "INFO", "name": "recommendationservice-server", "message": "[Recv ListRecommendations] product_ids=['6E92ZMYYFZ', '2ZYFJ3GM2N', 'OLJCESPC7Z', '66VCHSJNUP', '0PUK6V6EV0']"}
2026-08-15T13:16:21.553546856Z {"timestamp": 1786799781.5529375, "severity": "INFO", "name": "recommendationservice-server", "message": "[Recv ListRecommendations] product_ids=['2ZYFJ3GM2N', 'OLJCESPC7Z', '66VCHSJNUP', '9SIQT8TOJO', '6E92ZMYYFZ']"}
2026-08-15T13:16:21.585840437Z {"timestamp": 1786799781.5850391, "severity": "INFO", "name": "recommendationservice-server", "message": "[Recv ListRecommendations] product_ids=['6E92ZMYYFZ', 'LS4PSXUNUM', '2ZYFJ3GM2N', '9SIQT8TOJO']"}
2026-08-15T13:16:23.009038248Z {"timestamp": 1786799783.007921, "severity": "INFO", "name": "recommendationservice-server", "message": "[Recv ListRecommendations] product_ids=['6E92ZMYYFZ', 'LS4PSXUNUM', '9SIQT8TOJO', '2ZYFJ3GM2N']"}
2026-08-15T13:16:23.280104866Z {"timestamp": 1786799783.2789843, "severity": "INFO", "name": "recommendationservice-server", "message": "[Recv ListRecommendations] product_ids=['2ZYFJ3GM2N', '6E92ZMYYFZ', 'L9ECAV7KIM', 'OLJCESPC7Z', '9SIQT8TOJO']"}
2026-08-15T13:16:23.785124053Z {"timestamp": 1786799783.7848256, "severity": "INFO", "name": "recommendationservice-server", "message": "[Recv ListRecommendations] product_ids=['L9ECAV7KIM', 'OLJCESPC7Z', '1YMWWN1N4O', '66VCHSJNUP', '0PUK6V6EV0']"}
2026-08-15T13:16:23.825207315Z {"timestamp": 1786799783.8247194, "severity": "INFO", "name": "recommendationservice-server", "message": "[Recv ListRecommendations] product_ids=['2ZYFJ3GM2N', 'LS4PSXUNUM', 'OLJCESPC7Z', '0PUK6V6EV0', '1YMWWN1N4O']"}
2026-08-15T13:16:23.968504202Z {"timestamp": 1786799783.9681404, "severity": "INFO", "name": "recommendationservice-server", "message": "[Recv ListRecommendations] product_ids=['66VCHSJNUP', 'OLJCESPC7Z', '0PUK6V6EV0', '6E92ZMYYFZ', '2ZYFJ3GM2N']"}
2026-08-15T13:16:23.983389468Z {"timestamp": 1786799783.9830449, "severity": "INFO", "name": "recommendationservice-server", "message": "[Recv ListRecommendations] product_ids=['OLJCESPC7Z', 'L9ECAV7KIM', '66VCHSJNUP', '2ZYFJ3GM2N', '6E92ZMYYFZ']"}
2026-08-15T13:16:24.445499399Z {"timestamp": 1786799784.4443512, "severity": "INFO", "name": "recommendationservice-server", "message": "[Recv ListRecommendations] product_ids=['6E92ZMYYFZ', 'L9ECAV7KIM', 'OLJCESPC7Z', '0PUK6V6EV0', '9SIQT8TOJO']"}
2026-08-15T13:16:26.315226079Z {"timestamp": 1786799786.3138278, "severity": "INFO", "name": "recommendationservice-server", "message": "[Recv ListRecommendations] product_ids=['0PUK6V6EV0', '2ZYFJ3GM2N', '9SIQT8TOJO', '1YMWWN1N4O', '6E92ZMYYFZ']"}
2026-08-15T13:16:26.482819737Z {"timestamp": 1786799786.482042, "severity": "INFO", "name": "recommendationservice-server", "message": "[Recv ListRecommendations] product_ids=['0PUK6V6EV0', 'L9ECAV7KIM', 'OLJCESPC7Z', '66VCHSJNUP', '1YMWWN1N4O']"}
2026-08-15T13:16:26.701344864Z {"timestamp": 1786799786.7006147, "severity": "INFO", "name": "recommendationservice-server", "message": "[Recv ListRecommendations] product_ids=['9SIQT8TOJO', '6E92ZMYYFZ', '0PUK6V6EV0', 'L9ECAV7KIM', 'OLJCESPC7Z']"}
2026-08-15T13:16:26.758310070Z {"timestamp": 1786799786.7570567, "severity": "INFO", "name": "recommendationservice-server", "message": "[Recv ListRecommendations] product_ids=['9SIQT8TOJO', 'L9ECAV7KIM', '0PUK6V6EV0', 'LS4PSXUNUM', '1YMWWN1N4O']"}
2026-08-15T13:16:26.953477055Z {"timestamp": 1786799786.9523358, "severity": "INFO", "name": "recommendationservice-server", "message": "[Recv ListRecommendations] product_ids=['9SIQT8TOJO', 'L9ECAV7KIM', '6E92ZMYYFZ', '2ZYFJ3GM2N', '0PUK6V6EV0']"}
2026-08-15T13:16:27.223608644Z {"timestamp": 1786799787.2227604, "severity": "INFO", "name": "recommendationservice-server", "message": "[Recv ListRecommendations] product_ids=['1YMWWN1N4O', '0PUK6V6EV0', 'OLJCESPC7Z', '66VCHSJNUP', 'LS4PSXUNUM']"}
2026-08-15T13:16:27.324136418Z {"timestamp": 1786799787.3236678, "severity": "INFO", "name": "recommendationservice-server", "message": "[Recv ListRecommendations] product_ids=['LS4PSXUNUM', '9SIQT8TOJO', '6E92ZMYYFZ']"}
2026-08-15T13:16:27.814980837Z {"timestamp": 1786799787.8137512, "severity": "INFO", "name": "recommendationservice-server", "message": "[Recv ListRecommendations] product_ids=['2ZYFJ3GM2N', '66VCHSJNUP', 'L9ECAV7KIM', '6E92ZMYYFZ', 'OLJCESPC7Z']"}
2026-08-15T13:16:28.119045129Z {"timestamp": 1786799788.1183877, "severity": "INFO", "name": "recommendationservice-server", "message": "[Recv ListRecommendations] product_ids=['OLJCESPC7Z', '6E92ZMYYFZ', '66VCHSJNUP', '2ZYFJ3GM2N', '1YMWWN1N4O']"}
2026-08-15T13:16:28.209343400Z {"timestamp": 1786799788.2084754, "severity": "INFO", "name": "recommendationservice-server", "message": "[Recv ListRecommendations] product_ids=['OLJCESPC7Z', '1YMWWN1N4O', '6E92ZMYYFZ', '9SIQT8TOJO', 'L9ECAV7KIM']"}
2026-08-15T13:16:28.402830608Z {"timestamp": 1786799788.401867, "severity": "INFO", "name": "recommendationservice-server", "message": "[Recv ListRecommendations] product_ids=['9SIQT8TOJO', '66VCHSJNUP', '6E92ZMYYFZ', '2ZYFJ3GM2N', '1YMWWN1N4O']"}
2026-08-15T13:16:28.505268513Z {"timestamp": 1786799788.5042918, "severity": "INFO", "name": "recommendationservice-server", "message": "[Recv ListRecommendations] product_ids=['2ZYFJ3GM2N', '1YMWWN1N4O', '0PUK6V6EV0', '9SIQT8TOJO', 'OLJCESPC7Z']"}
2026-08-15T13:16:28.714438812Z {"timestamp": 1786799788.7135506, "severity": "INFO", "name": "recommendationservice-server", "message": "[Recv ListRecommendations] product_ids=['66VCHSJNUP', 'L9ECAV7KIM', '0PUK6V6EV0', '9SIQT8TOJO', '2ZYFJ3GM2N']"}
2026-08-15T13:16:28.903039106Z {"timestamp": 1786799788.9023747, "severity": "INFO", "name": "recommendationservice-server", "message": "[Recv ListRecommendations] product_ids=['9SIQT8TOJO', 'L9ECAV7KIM', '2ZYFJ3GM2N', '0PUK6V6EV0', '66VCHSJNUP']"}
2026-08-15T13:16:29.133413636Z {"timestamp": 1786799789.132492, "severity": "INFO", "name": "recommendationservice-server", "message": "[Recv ListRecommendations] product_ids=['6E92ZMYYFZ', '9SIQT8TOJO', '66VCHSJNUP', 'L9ECAV7KIM', '2ZYFJ3GM2N']"}
2026-08-15T13:16:30.140091806Z {"timestamp": 1786799790.1390128, "severity": "INFO", "name": "recommendationservice-server", "message": "[Recv ListRecommendations] product_ids=['1YMWWN1N4O', '0PUK6V6EV0', 'LS4PSXUNUM', 'L9ECAV7KIM', '9SIQT8TOJO']"}
2026-08-15T13:16:30.556957238Z {"timestamp": 1786799790.556454, "severity": "INFO", "name": "recommendationservice-server", "message": "[Recv ListRecommendations] product_ids=['2ZYFJ3GM2N', '9SIQT8TOJO', 'LS4PSXUNUM', 'L9ECAV7KIM', '1YMWWN1N4O']"}
2026-08-15T13:16:30.954774933Z {"timestamp": 1786799790.9535587, "severity": "INFO", "name": "recommendationservice-server", "message": "[Recv ListRecommendations] product_ids=['L9ECAV7KIM', '0PUK6V6EV0', '6E92ZMYYFZ', '2ZYFJ3GM2N', '66VCHSJNUP']"}
2026-08-15T13:16:32.936944501Z {"timestamp": 1786799792.9364252, "severity": "INFO", "name": "recommendationservice-server", "message": "[Recv ListRecommendations] product_ids=['66VCHSJNUP', '2ZYFJ3GM2N', 'L9ECAV7KIM', 'LS4PSXUNUM', '1YMWWN1N4O']"}
2026-08-15T13:16:34.222277425Z {"timestamp": 1786799794.2207952, "severity": "INFO", "name": "recommendationservice-server", "message": "[Recv ListRecommendations] product_ids=['2ZYFJ3GM2N', '1YMWWN1N4O', 'LS4PSXUNUM', 'OLJCESPC7Z', '6E92ZMYYFZ']"}
2026-08-15T13:16:34.518918670Z {"timestamp": 1786799794.5175097, "severity": "INFO", "name": "recommendationservice-server", "message": "[Recv ListRecommendations] product_ids=['0PUK6V6EV0', '1YMWWN1N4O', '9SIQT8TOJO', 'OLJCESPC7Z', 'LS4PSXUNUM']"}
2026-08-15T13:16:34.670022415Z {"timestamp": 1786799794.669474, "severity": "INFO", "name": "recommendationservice-server", "message": "[Recv ListRecommendations] product_ids=['6E92ZMYYFZ', 'L9ECAV7KIM', '9SIQT8TOJO', '1YMWWN1N4O', '0PUK6V6EV0']"}
2026-08-15T13:16:35.161882145Z {"timestamp": 1786799795.1607573, "severity": "INFO", "name": "recommendationservice-server", "message": "[Recv ListRecommendations] product_ids=['1YMWWN1N4O', 'L9ECAV7KIM', '66VCHSJNUP', '9SIQT8TOJO', '0PUK6V6EV0']"}
2026-08-15T13:16:35.726561477Z {"timestamp": 1786799795.7260919, "severity": "INFO", "name": "recommendationservice-server", "message": "[Recv ListRecommendations] product_ids=['2ZYFJ3GM2N', '0PUK6V6EV0', '9SIQT8TOJO', '1YMWWN1N4O', 'LS4PSXUNUM']"}
2026-08-15T13:16:35.749073767Z {"timestamp": 1786799795.7485785, "severity": "INFO", "name": "recommendationservice-server", "message": "[Recv ListRecommendations] product_ids=['6E92ZMYYFZ', '9SIQT8TOJO', 'LS4PSXUNUM']"}
2026-08-15T13:16:36.051019428Z {"timestamp": 1786799796.0497718, "severity": "INFO", "name": "recommendationservice-server", "message": "[Recv ListRecommendations] product_ids=['OLJCESPC7Z', 'L9ECAV7KIM', '1YMWWN1N4O', '9SIQT8TOJO', '2ZYFJ3GM2N']"}
2026-08-15T13:16:37.268423308Z {"timestamp": 1786799797.2679799, "severity": "INFO", "name": "recommendationservice-server", "message": "[Recv ListRecommendations] product_ids=['9SIQT8TOJO', '66VCHSJNUP', 'L9ECAV7KIM', 'OLJCESPC7Z', '1YMWWN1N4O']"}
2026-08-15T13:16:37.364162981Z {"timestamp": 1786799797.36275, "severity": "INFO", "name": "recommendationservice-server", "message": "[Recv ListRecommendations] product_ids=['LS4PSXUNUM', '9SIQT8TOJO', 'L9ECAV7KIM', '0PUK6V6EV0', '2ZYFJ3GM2N']"}
2026-08-15T13:16:37.653293745Z {"timestamp": 1786799797.6523004, "severity": "INFO", "name": "recommendationservice-server", "message": "[Recv ListRecommendations] product_ids=['1YMWWN1N4O', '0PUK6V6EV0', '66VCHSJNUP', '9SIQT8TOJO', '2ZYFJ3GM2N']"}
2026-08-15T13:16:37.796400185Z {"timestamp": 1786799797.7959206, "severity": "INFO", "name": "recommendationservice-server", "message": "[Recv ListRecommendations] product_ids=['L9ECAV7KIM', '1YMWWN1N4O', '9SIQT8TOJO', '0PUK6V6EV0', '2ZYFJ3GM2N']"}
2026-08-15T13:16:38.077270565Z {"timestamp": 1786799798.0762556, "severity": "INFO", "name": "recommendationservice-server", "message": "[Recv ListRecommendations] product_ids=['2ZYFJ3GM2N', '6E92ZMYYFZ', 'L9ECAV7KIM', 'OLJCESPC7Z', '9SIQT8TOJO']"}
2026-08-15T13:16:38.154094662Z {"timestamp": 1786799798.152512, "severity": "INFO", "name": "recommendationservice-server", "message": "[Recv ListRecommendations] product_ids=['0PUK6V6EV0', 'L9ECAV7KIM', 'OLJCESPC7Z', '2ZYFJ3GM2N', '9SIQT8TOJO']"}
2026-08-15T13:16:39.798453565Z {"timestamp": 1786799799.7980418, "severity": "INFO", "name": "recommendationservice-server", "message": "[Recv ListRecommendations] product_ids=['LS4PSXUNUM', 'L9ECAV7KIM', '6E92ZMYYFZ', '0PUK6V6EV0', '2ZYFJ3GM2N']"}
2026-08-15T13:16:39.975681808Z {"timestamp": 1786799799.9743493, "severity": "INFO", "name": "recommendationservice-server", "message": "[Recv ListRecommendations] product_ids=['OLJCESPC7Z', 'L9ECAV7KIM', '6E92ZMYYFZ', '2ZYFJ3GM2N', 'LS4PSXUNUM']"}
2026-08-15T13:16:40.137442136Z {"timestamp": 1786799800.1370497, "severity": "INFO", "name": "recommendationservice-server", "message": "[Recv ListRecommendations] product_ids=['2ZYFJ3GM2N', '66VCHSJNUP', 'LS4PSXUNUM', 'L9ECAV7KIM', '9SIQT8TOJO']"}
2026-08-15T13:16:40.226681519Z {"timestamp": 1786799800.2257192, "severity": "INFO", "name": "recommendationservice-server", "message": "[Recv ListRecommendations] product_ids=['OLJCESPC7Z', '6E92ZMYYFZ', '1YMWWN1N4O', '66VCHSJNUP', '9SIQT8TOJO']"}
2026-08-15T13:16:40.301963996Z {"timestamp": 1786799800.3010118, "severity": "INFO", "name": "recommendationservice-server", "message": "[Recv ListRecommendations] product_ids=['L9ECAV7KIM', '66VCHSJNUP', 'LS4PSXUNUM', '1YMWWN1N4O', '0PUK6V6EV0']"}
2026-08-15T13:16:40.632810022Z {"timestamp": 1786799800.6318164, "severity": "INFO", "name": "recommendationservice-server", "message": "[Recv ListRecommendations] product_ids=['2ZYFJ3GM2N', '0PUK6V6EV0', 'OLJCESPC7Z', 'LS4PSXUNUM', 'L9ECAV7KIM']"}
2026-08-15T13:16:40.731640237Z {"timestamp": 1786799800.7310808, "severity": "INFO", "name": "recommendationservice-server", "message": "[Recv ListRecommendations] product_ids=['9SIQT8TOJO', '0PUK6V6EV0', '66VCHSJNUP', '2ZYFJ3GM2N', 'OLJCESPC7Z']"}
2026-08-15T13:16:40.806303906Z {"timestamp": 1786799800.8058732, "severity": "INFO", "name": "recommendationservice-server", "message": "[Recv ListRecommendations] product_ids=['9SIQT8TOJO', '66VCHSJNUP', '2ZYFJ3GM2N', '6E92ZMYYFZ', '1YMWWN1N4O']"}
2026-08-15T13:16:41.395814826Z {"timestamp": 1786799801.3944428, "severity": "INFO", "name": "recommendationservice-server", "message": "[Recv ListRecommendations] product_ids=['2ZYFJ3GM2N', 'L9ECAV7KIM', 'LS4PSXUNUM', '0PUK6V6EV0', '1YMWWN1N4O']"}
2026-08-15T13:16:42.560444116Z {"timestamp": 1786799802.5592003, "severity": "INFO", "name": "recommendationservice-server", "message": "[Recv ListRecommendations] product_ids=['OLJCESPC7Z', 'LS4PSXUNUM', 'L9ECAV7KIM', '1YMWWN1N4O', '2ZYFJ3GM2N']"}
2026-08-15T13:16:43.137570094Z {"timestamp": 1786799803.1370885, "severity": "INFO", "name": "recommendationservice-server", "message": "[Recv ListRecommendations] product_ids=['9SIQT8TOJO', '2ZYFJ3GM2N', '1YMWWN1N4O', 'OLJCESPC7Z', '66VCHSJNUP']"}
2026-08-15T13:16:44.048773420Z {"timestamp": 1786799804.0468884, "severity": "INFO", "name": "recommendationservice-server", "message": "[Recv ListRecommendations] product_ids=['6E92ZMYYFZ', '1YMWWN1N4O', 'OLJCESPC7Z', '2ZYFJ3GM2N', 'L9ECAV7KIM']"}
2026-08-15T13:16:44.660323975Z {"timestamp": 1786799804.6583807, "severity": "INFO", "name": "recommendationservice-server", "message": "[Recv ListRecommendations] product_ids=['9SIQT8TOJO', '0PUK6V6EV0', 'L9ECAV7KIM', '66VCHSJNUP', '2ZYFJ3GM2N']"}
2026-08-15T13:16:44.762616854Z {"timestamp": 1786799804.7620628, "severity": "INFO", "name": "recommendationservice-server", "message": "[Recv ListRecommendations] product_ids=['LS4PSXUNUM', 'L9ECAV7KIM', '9SIQT8TOJO', '1YMWWN1N4O', 'OLJCESPC7Z']"}
2026-08-15T13:16:45.318190504Z {"timestamp": 1786799805.3171012, "severity": "INFO", "name": "recommendationservice-server", "message": "[Recv ListRecommendations] product_ids=['6E92ZMYYFZ', 'LS4PSXUNUM', '9SIQT8TOJO']"}
2026-08-15T13:16:46.444684411Z {"timestamp": 1786799806.4433124, "severity": "INFO", "name": "recommendationservice-server", "message": "[Recv ListRecommendations] product_ids=['6E92ZMYYFZ', '1YMWWN1N4O', 'LS4PSXUNUM', '2ZYFJ3GM2N', '9SIQT8TOJO']"}
2026-08-15T13:16:46.879922965Z {"timestamp": 1786799806.8787067, "severity": "INFO", "name": "recommendationservice-server", "message": "[Recv ListRecommendations] product_ids=['1YMWWN1N4O', 'OLJCESPC7Z', 'LS4PSXUNUM', '9SIQT8TOJO', 'L9ECAV7KIM']"}
2026-08-15T13:16:46.949117173Z {"timestamp": 1786799806.9480538, "severity": "INFO", "name": "recommendationservice-server", "message": "[Recv ListRecommendations] product_ids=['LS4PSXUNUM', '9SIQT8TOJO', '66VCHSJNUP', '0PUK6V6EV0', '1YMWWN1N4O']"}
2026-08-15T13:16:47.393937942Z {"timestamp": 1786799807.3928459, "severity": "INFO", "name": "recommendationservice-server", "message": "[Recv ListRecommendations] product_ids=['LS4PSXUNUM', '1YMWWN1N4O', '9SIQT8TOJO', '6E92ZMYYFZ', '0PUK6V6EV0']"}
2026-08-15T13:16:47.586305185Z {"timestamp": 1786799807.5849042, "severity": "INFO", "name": "recommendationservice-server", "message": "[Recv ListRecommendations] product_ids=['LS4PSXUNUM', '6E92ZMYYFZ', '66VCHSJNUP', 'OLJCESPC7Z', 'L9ECAV7KIM']"}
2026-08-15T13:16:47.697323916Z {"timestamp": 1786799807.6968749, "severity": "INFO", "name": "recommendationservice-server", "message": "[Recv ListRecommendations] product_ids=['0PUK6V6EV0', '66VCHSJNUP', 'OLJCESPC7Z', '1YMWWN1N4O', '9SIQT8TOJO']"}
2026-08-15T13:16:47.733874541Z {"timestamp": 1786799807.73346, "severity": "INFO", "name": "recommendationservice-server", "message": "[Recv ListRecommendations] product_ids=['L9ECAV7KIM', '66VCHSJNUP', 'LS4PSXUNUM', '6E92ZMYYFZ', '0PUK6V6EV0']"}
2026-08-15T13:16:47.735692085Z {"timestamp": 1786799807.7351425, "severity": "INFO", "name": "recommendationservice-server", "message": "[Recv ListRecommendations] product_ids=['6E92ZMYYFZ', '0PUK6V6EV0', 'L9ECAV7KIM', 'OLJCESPC7Z', '2ZYFJ3GM2N']"}
2026-08-15T13:16:48.415409553Z {"timestamp": 1786799808.4138849, "severity": "INFO", "name": "recommendationservice-server", "message": "[Recv ListRecommendations] product_ids=['LS4PSXUNUM', '6E92ZMYYFZ', '9SIQT8TOJO', 'L9ECAV7KIM', '0PUK6V6EV0']"}
2026-08-15T13:16:48.504204975Z {"timestamp": 1786799808.5037048, "severity": "INFO", "name": "recommendationservice-server", "message": "[Recv ListRecommendations] product_ids=['LS4PSXUNUM', '1YMWWN1N4O', '6E92ZMYYFZ', '0PUK6V6EV0', 'OLJCESPC7Z']"}
2026-08-15T13:16:48.634369334Z {"timestamp": 1786799808.63386, "severity": "INFO", "name": "recommendationservice-server", "message": "[Recv ListRecommendations] product_ids=['OLJCESPC7Z', 'L9ECAV7KIM', '66VCHSJNUP', 'LS4PSXUNUM', '9SIQT8TOJO']"}
2026-08-15T13:16:48.784988268Z {"timestamp": 1786799808.7844293, "severity": "INFO", "name": "recommendationservice-server", "message": "[Recv ListRecommendations] product_ids=['0PUK6V6EV0', '6E92ZMYYFZ', '9SIQT8TOJO', '2ZYFJ3GM2N', 'OLJCESPC7Z']"}
2026-08-15T13:16:48.797549348Z {"timestamp": 1786799808.796995, "severity": "INFO", "name": "recommendationservice-server", "message": "[Recv ListRecommendations] product_ids=['LS4PSXUNUM', '2ZYFJ3GM2N', '6E92ZMYYFZ', '66VCHSJNUP', '1YMWWN1N4O']"}
2026-08-15T13:16:49.130996917Z {"timestamp": 1786799809.1305063, "severity": "INFO", "name": "recommendationservice-server", "message": "[Recv ListRecommendations] product_ids=['LS4PSXUNUM', '1YMWWN1N4O', '66VCHSJNUP', '2ZYFJ3GM2N', '6E92ZMYYFZ']"}
2026-08-15T13:16:50.250638827Z {"timestamp": 1786799810.2494924, "severity": "INFO", "name": "recommendationservice-server", "message": "[Recv ListRecommendations] product_ids=['0PUK6V6EV0', '1YMWWN1N4O', '9SIQT8TOJO', 'OLJCESPC7Z', '6E92ZMYYFZ']"}
2026-08-15T13:16:50.962538292Z {"timestamp": 1786799810.9609716, "severity": "INFO", "name": "recommendationservice-server", "message": "[Recv ListRecommendations] product_ids=['66VCHSJNUP', '9SIQT8TOJO', '0PUK6V6EV0', 'OLJCESPC7Z', 'L9ECAV7KIM']"}
2026-08-15T13:16:51.114002286Z {"timestamp": 1786799811.1130714, "severity": "INFO", "name": "recommendationservice-server", "message": "[Recv ListRecommendations] product_ids=['66VCHSJNUP', '1YMWWN1N4O', 'LS4PSXUNUM', '0PUK6V6EV0', '9SIQT8TOJO']"}
2026-08-15T13:16:51.953412707Z {"timestamp": 1786799811.9523032, "severity": "INFO", "name": "recommendationservice-server", "message": "[Recv ListRecommendations] product_ids=['0PUK6V6EV0', 'LS4PSXUNUM', '9SIQT8TOJO', '1YMWWN1N4O', 'OLJCESPC7Z']"}
2026-08-15T13:16:52.138126030Z {"timestamp": 1786799812.137366, "severity": "INFO", "name": "recommendationservice-server", "message": "[Recv ListRecommendations] product_ids=['OLJCESPC7Z', '1YMWWN1N4O', '2ZYFJ3GM2N', '9SIQT8TOJO', '0PUK6V6EV0']"}
2026-08-15T13:16:52.246793528Z {"timestamp": 1786799812.2462, "severity": "INFO", "name": "recommendationservice-server", "message": "[Recv ListRecommendations] product_ids=['0PUK6V6EV0', '2ZYFJ3GM2N', 'OLJCESPC7Z', '66VCHSJNUP', 'LS4PSXUNUM']"}
2026-08-15T13:16:53.121875747Z {"timestamp": 1786799813.1210601, "severity": "INFO", "name": "recommendationservice-server", "message": "[Recv ListRecommendations] product_ids=['6E92ZMYYFZ', '1YMWWN1N4O', 'L9ECAV7KIM', 'OLJCESPC7Z', '0PUK6V6EV0']"}
2026-08-15T13:16:53.613102149Z {"timestamp": 1786799813.6069057, "severity": "INFO", "name": "recommendationservice-server", "message": "[Recv ListRecommendations] product_ids=['66VCHSJNUP', 'OLJCESPC7Z', '6E92ZMYYFZ', 'LS4PSXUNUM', '1YMWWN1N4O']"}
2026-08-15T13:16:53.702414995Z {"timestamp": 1786799813.7015421, "severity": "INFO", "name": "recommendationservice-server", "message": "[Recv ListRecommendations] product_ids=['L9ECAV7KIM', 'OLJCESPC7Z', 'LS4PSXUNUM', '0PUK6V6EV0', '6E92ZMYYFZ']"}
2026-08-15T13:16:53.706030184Z {"timestamp": 1786799813.7053547, "severity": "INFO", "name": "recommendationservice-server", "message": "[Recv ListRecommendations] product_ids=['1YMWWN1N4O', 'LS4PSXUNUM', 'OLJCESPC7Z', 'L9ECAV7KIM', '9SIQT8TOJO']"}
2026-08-15T13:16:54.440152545Z {"timestamp": 1786799814.439143, "severity": "INFO", "name": "recommendationservice-server", "message": "[Recv ListRecommendations] product_ids=['0PUK6V6EV0', '2ZYFJ3GM2N', '1YMWWN1N4O', 'LS4PSXUNUM', '9SIQT8TOJO']"}
2026-08-15T13:16:54.768715856Z {"timestamp": 1786799814.7673695, "severity": "INFO", "name": "recommendationservice-server", "message": "[Recv ListRecommendations] product_ids=['6E92ZMYYFZ', 'LS4PSXUNUM', 'L9ECAV7KIM', '66VCHSJNUP', '2ZYFJ3GM2N']"}
2026-08-15T13:16:55.096487338Z {"timestamp": 1786799815.0960908, "severity": "INFO", "name": "recommendationservice-server", "message": "[Recv ListRecommendations] product_ids=['1YMWWN1N4O', 'L9ECAV7KIM', 'OLJCESPC7Z', '0PUK6V6EV0', '6E92ZMYYFZ']"}
2026-08-15T13:16:55.488608200Z {"timestamp": 1786799815.4876745, "severity": "INFO", "name": "recommendationservice-server", "message": "[Recv ListRecommendations] product_ids=['0PUK6V6EV0', 'OLJCESPC7Z', '6E92ZMYYFZ', 'L9ECAV7KIM', 'LS4PSXUNUM']"}
2026-08-15T13:16:56.544974543Z {"timestamp": 1786799816.5410898, "severity": "INFO", "name": "recommendationservice-server", "message": "[Recv ListRecommendations] product_ids=['1YMWWN1N4O', 'LS4PSXUNUM', 'OLJCESPC7Z', '66VCHSJNUP', 'L9ECAV7KIM']"}
2026-08-15T13:16:56.737897763Z {"timestamp": 1786799816.73727, "severity": "INFO", "name": "recommendationservice-server", "message": "[Recv ListRecommendations] product_ids=['6E92ZMYYFZ', '0PUK6V6EV0', 'L9ECAV7KIM', '1YMWWN1N4O']"}
2026-08-15T13:16:57.384888346Z {"timestamp": 1786799817.383576, "severity": "INFO", "name": "recommendationservice-server", "message": "[Recv ListRecommendations] product_ids=['9SIQT8TOJO', 'OLJCESPC7Z', '2ZYFJ3GM2N', '6E92ZMYYFZ', '66VCHSJNUP']"}
2026-08-15T13:16:58.238000686Z {"timestamp": 1786799818.2321866, "severity": "INFO", "name": "recommendationservice-server", "message": "[Recv ListRecommendations] product_ids=['LS4PSXUNUM', 'OLJCESPC7Z', '9SIQT8TOJO', 'L9ECAV7KIM', '2ZYFJ3GM2N']"}
2026-08-15T13:16:58.533713847Z {"timestamp": 1786799818.5327654, "severity": "INFO", "name": "recommendationservice-server", "message": "[Recv ListRecommendations] product_ids=['L9ECAV7KIM', '1YMWWN1N4O', 'LS4PSXUNUM', 'OLJCESPC7Z', '0PUK6V6EV0']"}
2026-08-15T13:16:59.709773183Z {"timestamp": 1786799819.7084806, "severity": "INFO", "name": "recommendationservice-server", "message": "[Recv ListRecommendations] product_ids=['2ZYFJ3GM2N', '6E92ZMYYFZ', '1YMWWN1N4O', '0PUK6V6EV0', 'OLJCESPC7Z']"}
2026-08-15T13:16:59.811296418Z {"timestamp": 1786799819.8101974, "severity": "INFO", "name": "recommendationservice-server", "message": "[Recv ListRecommendations] product_ids=['6E92ZMYYFZ', '9SIQT8TOJO']"}
2026-08-15T13:17:01.235866525Z {"timestamp": 1786799821.2347088, "severity": "INFO", "name": "recommendationservice-server", "message": "[Recv ListRecommendations] product_ids=['1YMWWN1N4O', '2ZYFJ3GM2N', '0PUK6V6EV0', 'OLJCESPC7Z', 'L9ECAV7KIM']"}
2026-08-15T13:17:01.302397038Z {"timestamp": 1786799821.3007889, "severity": "INFO", "name": "recommendationservice-server", "message": "[Recv ListRecommendations] product_ids=['LS4PSXUNUM', 'OLJCESPC7Z', '6E92ZMYYFZ', '0PUK6V6EV0', '66VCHSJNUP']"}
2026-08-15T13:17:01.469430884Z {"timestamp": 1786799821.4680536, "severity": "INFO", "name": "recommendationservice-server", "message": "[Recv ListRecommendations] product_ids=['1YMWWN1N4O', 'L9ECAV7KIM', '66VCHSJNUP', 'LS4PSXUNUM', '6E92ZMYYFZ']"}
2026-08-15T13:17:01.564510336Z {"timestamp": 1786799821.5630918, "severity": "INFO", "name": "recommendationservice-server", "message": "[Recv ListRecommendations] product_ids=['LS4PSXUNUM', '1YMWWN1N4O', '0PUK6V6EV0', '66VCHSJNUP', '9SIQT8TOJO']"}
2026-08-15T13:17:02.151289599Z {"timestamp": 1786799822.1501024, "severity": "INFO", "name": "recommendationservice-server", "message": "[Recv ListRecommendations] product_ids=['OLJCESPC7Z', 'L9ECAV7KIM', '6E92ZMYYFZ', '0PUK6V6EV0', '9SIQT8TOJO']"}
2026-08-15T13:17:02.249970337Z {"timestamp": 1786799822.2494287, "severity": "INFO", "name": "recommendationservice-server", "message": "[Recv ListRecommendations] product_ids=['1YMWWN1N4O', 'OLJCESPC7Z', '6E92ZMYYFZ', 'L9ECAV7KIM', 'LS4PSXUNUM']"}
2026-08-15T13:17:02.343871297Z {"timestamp": 1786799822.3435364, "severity": "INFO", "name": "recommendationservice-server", "message": "[Recv ListRecommendations] product_ids=['2ZYFJ3GM2N', '66VCHSJNUP', '1YMWWN1N4O', 'OLJCESPC7Z', '6E92ZMYYFZ']"}
2026-08-15T13:17:02.666598847Z {"timestamp": 1786799822.664986, "severity": "INFO", "name": "recommendationservice-server", "message": "[Recv ListRecommendations] product_ids=['6E92ZMYYFZ', '2ZYFJ3GM2N', 'L9ECAV7KIM', '9SIQT8TOJO', '0PUK6V6EV0']"}
2026-08-15T13:17:02.692222311Z {"timestamp": 1786799822.6918702, "severity": "INFO", "name": "recommendationservice-server", "message": "[Recv ListRecommendations] product_ids=['9SIQT8TOJO', 'L9ECAV7KIM', '6E92ZMYYFZ', 'OLJCESPC7Z', '66VCHSJNUP']"}
2026-08-15T13:17:02.995277363Z {"timestamp": 1786799822.9950054, "severity": "INFO", "name": "recommendationservice-server", "message": "[Recv ListRecommendations] product_ids=['6E92ZMYYFZ', '9SIQT8TOJO']"}
2026-08-15T13:17:03.322575956Z {"timestamp": 1786799823.3223288, "severity": "INFO", "name": "recommendationservice-server", "message": "[Recv ListRecommendations] product_ids=['1YMWWN1N4O', '9SIQT8TOJO', 'LS4PSXUNUM', 'OLJCESPC7Z', 'L9ECAV7KIM']"}
2026-08-15T13:17:03.931985897Z {"timestamp": 1786799823.930761, "severity": "INFO", "name": "recommendationservice-server", "message": "[Recv ListRecommendations] product_ids=['1YMWWN1N4O', '6E92ZMYYFZ', 'L9ECAV7KIM', 'OLJCESPC7Z', 'LS4PSXUNUM']"}
2026-08-15T13:17:04.320272101Z {"timestamp": 1786799824.3186493, "severity": "INFO", "name": "recommendationservice-server", "message": "[Recv ListRecommendations] product_ids=['LS4PSXUNUM', 'L9ECAV7KIM', '2ZYFJ3GM2N', '6E92ZMYYFZ', '0PUK6V6EV0']"}
2026-08-15T13:17:04.619500731Z {"timestamp": 1786799824.6188326, "severity": "INFO", "name": "recommendationservice-server", "message": "[Recv ListRecommendations] product_ids=['66VCHSJNUP', '2ZYFJ3GM2N', '6E92ZMYYFZ', 'L9ECAV7KIM', 'OLJCESPC7Z']"}
2026-08-15T13:17:04.965639085Z {"timestamp": 1786799824.9643328, "severity": "INFO", "name": "recommendationservice-server", "message": "[Recv ListRecommendations] product_ids=['LS4PSXUNUM', '6E92ZMYYFZ', '2ZYFJ3GM2N', '66VCHSJNUP', '0PUK6V6EV0']"}
2026-08-15T13:17:05.102812778Z {"timestamp": 1786799825.1017516, "severity": "INFO", "name": "recommendationservice-server", "message": "[Recv ListRecommendations] product_ids=['L9ECAV7KIM', '2ZYFJ3GM2N', 'LS4PSXUNUM', '9SIQT8TOJO', '66VCHSJNUP']"}
2026-08-15T13:17:05.207471187Z {"timestamp": 1786799825.2069626, "severity": "INFO", "name": "recommendationservice-server", "message": "[Recv ListRecommendations] product_ids=['L9ECAV7KIM', '9SIQT8TOJO', '66VCHSJNUP', 'LS4PSXUNUM', '2ZYFJ3GM2N']"}
2026-08-15T13:17:06.648100518Z {"timestamp": 1786799826.6466498, "severity": "INFO", "name": "recommendationservice-server", "message": "[Recv ListRecommendations] product_ids=['1YMWWN1N4O', '2ZYFJ3GM2N', '6E92ZMYYFZ', '0PUK6V6EV0', '66VCHSJNUP']"}
2026-08-15T13:17:07.104135932Z {"timestamp": 1786799827.1030486, "severity": "INFO", "name": "recommendationservice-server", "message": "[Recv ListRecommendations] product_ids=['66VCHSJNUP', '2ZYFJ3GM2N', '6E92ZMYYFZ', '9SIQT8TOJO', 'OLJCESPC7Z']"}
2026-08-15T13:17:07.215211284Z {"timestamp": 1786799827.2145917, "severity": "INFO", "name": "recommendationservice-server", "message": "[Recv ListRecommendations] product_ids=['6E92ZMYYFZ', 'LS4PSXUNUM', '0PUK6V6EV0', '9SIQT8TOJO', 'L9ECAV7KIM']"}
2026-08-15T13:17:08.000559518Z {"timestamp": 1786799827.9964037, "severity": "INFO", "name": "recommendationservice-server", "message": "[Recv ListRecommendations] product_ids=['OLJCESPC7Z', '1YMWWN1N4O', 'L9ECAV7KIM', '9SIQT8TOJO', '2ZYFJ3GM2N']"}
2026-08-15T13:17:08.120093029Z {"timestamp": 1786799828.119168, "severity": "INFO", "name": "recommendationservice-server", "message": "[Recv ListRecommendations] product_ids=['66VCHSJNUP', '1YMWWN1N4O', 'OLJCESPC7Z', '6E92ZMYYFZ', 'LS4PSXUNUM']"}
2026-08-15T13:17:08.299782659Z {"timestamp": 1786799828.2991374, "severity": "INFO", "name": "recommendationservice-server", "message": "[Recv ListRecommendations] product_ids=['L9ECAV7KIM', '0PUK6V6EV0', '1YMWWN1N4O', '6E92ZMYYFZ', 'LS4PSXUNUM']"}
2026-08-15T13:17:08.416770424Z {"timestamp": 1786799828.4155445, "severity": "INFO", "name": "recommendationservice-server", "message": "[Recv ListRecommendations] product_ids=['9SIQT8TOJO', '0PUK6V6EV0', 'L9ECAV7KIM', 'OLJCESPC7Z', 'LS4PSXUNUM']"}
2026-08-15T13:17:08.530353338Z {"timestamp": 1786799828.5296981, "severity": "INFO", "name": "recommendationservice-server", "message": "[Recv ListRecommendations] product_ids=['1YMWWN1N4O', '66VCHSJNUP', 'L9ECAV7KIM', '0PUK6V6EV0', '2ZYFJ3GM2N']"}
2026-08-15T13:17:08.634220876Z {"timestamp": 1786799828.6329489, "severity": "INFO", "name": "recommendationservice-server", "message": "[Recv ListRecommendations] product_ids=['2ZYFJ3GM2N', 'L9ECAV7KIM', '0PUK6V6EV0', '66VCHSJNUP', '9SIQT8TOJO']"}
2026-08-15T13:17:09.048985215Z {"timestamp": 1786799829.0476708, "severity": "INFO", "name": "recommendationservice-server", "message": "[Recv ListRecommendations] product_ids=['0PUK6V6EV0', 'LS4PSXUNUM', 'L9ECAV7KIM', '66VCHSJNUP', '9SIQT8TOJO']"}
2026-08-15T13:17:09.460825180Z {"timestamp": 1786799829.4594994, "severity": "INFO", "name": "recommendationservice-server", "message": "[Recv ListRecommendations] product_ids=['L9ECAV7KIM', 'OLJCESPC7Z', '6E92ZMYYFZ', 'LS4PSXUNUM', '9SIQT8TOJO']"}
2026-08-15T13:17:09.548697825Z {"timestamp": 1786799829.5475948, "severity": "INFO", "name": "recommendationservice-server", "message": "[Recv ListRecommendations] product_ids=['1YMWWN1N4O', '9SIQT8TOJO', 'OLJCESPC7Z', 'LS4PSXUNUM', '6E92ZMYYFZ']"}
2026-08-15T13:17:09.749664905Z {"timestamp": 1786799829.7472167, "severity": "INFO", "name": "recommendationservice-server", "message": "[Recv ListRecommendations] product_ids=['1YMWWN1N4O', 'LS4PSXUNUM', '9SIQT8TOJO', '66VCHSJNUP', '0PUK6V6EV0']"}
2026-08-15T13:17:10.207511228Z {"timestamp": 1786799830.206519, "severity": "INFO", "name": "recommendationservice-server", "message": "[Recv ListRecommendations] product_ids=['9SIQT8TOJO', '0PUK6V6EV0', 'LS4PSXUNUM', '6E92ZMYYFZ', '66VCHSJNUP']"}
2026-08-15T13:17:10.425531472Z {"timestamp": 1786799830.4249926, "severity": "INFO", "name": "recommendationservice-server", "message": "[Recv ListRecommendations] product_ids=['6E92ZMYYFZ', '9SIQT8TOJO', '1YMWWN1N4O', 'OLJCESPC7Z', '2ZYFJ3GM2N']"}
2026-08-15T13:17:12.044148073Z {"timestamp": 1786799832.0433314, "severity": "INFO", "name": "recommendationservice-server", "message": "[Recv ListRecommendations] product_ids=['LS4PSXUNUM', '2ZYFJ3GM2N', '9SIQT8TOJO', '6E92ZMYYFZ', '1YMWWN1N4O']"}
2026-08-15T13:17:12.204546375Z {"timestamp": 1786799832.2036467, "severity": "INFO", "name": "recommendationservice-server", "message": "[Recv ListRecommendations] product_ids=['OLJCESPC7Z', '2ZYFJ3GM2N', 'L9ECAV7KIM', '66VCHSJNUP', '1YMWWN1N4O']"}
2026-08-15T13:17:13.312204742Z {"timestamp": 1786799833.311604, "severity": "INFO", "name": "recommendationservice-server", "message": "[Recv ListRecommendations] product_ids=['1YMWWN1N4O', 'L9ECAV7KIM', '0PUK6V6EV0', '2ZYFJ3GM2N', '66VCHSJNUP']"}
2026-08-15T13:17:13.416875711Z {"timestamp": 1786799833.416553, "severity": "INFO", "name": "recommendationservice-server", "message": "[Recv ListRecommendations] product_ids=['9SIQT8TOJO', '6E92ZMYYFZ', '2ZYFJ3GM2N', 'L9ECAV7KIM', '0PUK6V6EV0']"}
2026-08-15T13:17:13.435545037Z {"timestamp": 1786799833.4352632, "severity": "INFO", "name": "recommendationservice-server", "message": "[Recv ListRecommendations] product_ids=['6E92ZMYYFZ', '66VCHSJNUP', '9SIQT8TOJO', '2ZYFJ3GM2N', 'L9ECAV7KIM']"}
2026-08-15T13:17:13.933280527Z {"timestamp": 1786799833.9305089, "severity": "INFO", "name": "recommendationservice-server", "message": "[Recv ListRecommendations] product_ids=['0PUK6V6EV0', '1YMWWN1N4O', 'LS4PSXUNUM', '9SIQT8TOJO', '66VCHSJNUP']"}
2026-08-15T13:17:14.110843513Z {"timestamp": 1786799834.110102, "severity": "INFO", "name": "recommendationservice-server", "message": "[Recv ListRecommendations] product_ids=['0PUK6V6EV0', 'OLJCESPC7Z', '1YMWWN1N4O', '9SIQT8TOJO', 'L9ECAV7KIM']"}
2026-08-15T13:17:14.119460110Z {"timestamp": 1786799834.1187937, "severity": "INFO", "name": "recommendationservice-server", "message": "[Recv ListRecommendations] product_ids=['OLJCESPC7Z', '2ZYFJ3GM2N', '0PUK6V6EV0', 'LS4PSXUNUM', 'L9ECAV7KIM']"}
2026-08-15T13:17:15.656231742Z {"timestamp": 1786799835.6554658, "severity": "INFO", "name": "recommendationservice-server", "message": "[Recv ListRecommendations] product_ids=['9SIQT8TOJO', '6E92ZMYYFZ']"}
2026-08-15T13:17:15.771341203Z {"timestamp": 1786799835.7707229, "severity": "INFO", "name": "recommendationservice-server", "message": "[Recv ListRecommendations] product_ids=['L9ECAV7KIM', 'LS4PSXUNUM', 'OLJCESPC7Z', '0PUK6V6EV0', '9SIQT8TOJO']"}
2026-08-15T13:17:16.383518966Z {"timestamp": 1786799836.3824155, "severity": "INFO", "name": "recommendationservice-server", "message": "[Recv ListRecommendations] product_ids=['9SIQT8TOJO', '1YMWWN1N4O', '66VCHSJNUP', 'L9ECAV7KIM', '6E92ZMYYFZ']"}
2026-08-15T13:17:16.700428221Z {"timestamp": 1786799836.6990137, "severity": "INFO", "name": "recommendationservice-server", "message": "[Recv ListRecommendations] product_ids=['1YMWWN1N4O', '2ZYFJ3GM2N', '66VCHSJNUP', '9SIQT8TOJO', '6E92ZMYYFZ']"}
2026-08-15T13:17:16.997557433Z {"timestamp": 1786799836.996216, "severity": "INFO", "name": "recommendationservice-server", "message": "[Recv ListRecommendations] product_ids=['9SIQT8TOJO', 'LS4PSXUNUM', '2ZYFJ3GM2N', 'OLJCESPC7Z', '66VCHSJNUP']"}
2026-08-15T13:17:17.127982998Z {"timestamp": 1786799837.1274583, "severity": "INFO", "name": "recommendationservice-server", "message": "[Recv ListRecommendations] product_ids=['L9ECAV7KIM', '1YMWWN1N4O', 'OLJCESPC7Z', 'LS4PSXUNUM', '9SIQT8TOJO']"}
2026-08-15T13:17:17.163154309Z {"timestamp": 1786799837.1625957, "severity": "INFO", "name": "recommendationservice-server", "message": "[Recv ListRecommendations] product_ids=['0PUK6V6EV0', '2ZYFJ3GM2N', 'L9ECAV7KIM', 'LS4PSXUNUM', '6E92ZMYYFZ']"}
2026-08-15T13:17:17.710631536Z {"timestamp": 1786799837.7094946, "severity": "INFO", "name": "recommendationservice-server", "message": "[Recv ListRecommendations] product_ids=['1YMWWN1N4O', 'LS4PSXUNUM', '9SIQT8TOJO', '66VCHSJNUP', 'L9ECAV7KIM']"}
2026-08-15T13:17:17.812395992Z {"timestamp": 1786799837.811331, "severity": "INFO", "name": "recommendationservice-server", "message": "[Recv ListRecommendations] product_ids=['OLJCESPC7Z', '0PUK6V6EV0', 'LS4PSXUNUM', 'L9ECAV7KIM', '9SIQT8TOJO']"}
2026-08-15T13:17:17.824933821Z {"timestamp": 1786799837.8237367, "severity": "INFO", "name": "recommendationservice-server", "message": "[Recv ListRecommendations] product_ids=['2ZYFJ3GM2N', '1YMWWN1N4O', 'OLJCESPC7Z', 'LS4PSXUNUM', '66VCHSJNUP']"}
2026-08-15T13:17:18.100341691Z {"timestamp": 1786799838.0994015, "severity": "INFO", "name": "recommendationservice-server", "message": "[Recv ListRecommendations] product_ids=['0PUK6V6EV0', '66VCHSJNUP', '9SIQT8TOJO', 'OLJCESPC7Z', 'LS4PSXUNUM']"}
2026-08-15T13:17:18.387664894Z {"timestamp": 1786799838.3861384, "severity": "INFO", "name": "recommendationservice-server", "message": "[Recv ListRecommendations] product_ids=['OLJCESPC7Z', '66VCHSJNUP', 'LS4PSXUNUM', '1YMWWN1N4O', '0PUK6V6EV0']"}
2026-08-15T13:17:19.110658123Z {"timestamp": 1786799839.1098576, "severity": "INFO", "name": "recommendationservice-server", "message": "[Recv ListRecommendations] product_ids=['0PUK6V6EV0', '9SIQT8TOJO', '66VCHSJNUP', 'L9ECAV7KIM', '6E92ZMYYFZ']"}
2026-08-15T13:17:19.455681603Z {"timestamp": 1786799839.4547472, "severity": "INFO", "name": "recommendationservice-server", "message": "[Recv ListRecommendations] product_ids=['2ZYFJ3GM2N', '6E92ZMYYFZ', '0PUK6V6EV0', 'OLJCESPC7Z', '1YMWWN1N4O']"}
2026-08-15T13:17:19.637260739Z {"timestamp": 1786799839.6362696, "severity": "INFO", "name": "recommendationservice-server", "message": "[Recv ListRecommendations] product_ids=['LS4PSXUNUM', '1YMWWN1N4O', 'OLJCESPC7Z', '2ZYFJ3GM2N', '66VCHSJNUP']"}
2026-08-15T13:17:19.746860400Z {"timestamp": 1786799839.74582, "severity": "INFO", "name": "recommendationservice-server", "message": "[Recv ListRecommendations] product_ids=['9SIQT8TOJO', '6E92ZMYYFZ']"}
2026-08-15T13:17:20.129205722Z {"timestamp": 1786799840.1285405, "severity": "INFO", "name": "recommendationservice-server", "message": "[Recv ListRecommendations] product_ids=['6E92ZMYYFZ', '9SIQT8TOJO', '0PUK6V6EV0', 'OLJCESPC7Z', 'LS4PSXUNUM']"}
2026-08-15T13:17:21.448090026Z {"timestamp": 1786799841.4470613, "severity": "INFO", "name": "recommendationservice-server", "message": "[Recv ListRecommendations] product_ids=['2ZYFJ3GM2N', '9SIQT8TOJO', 'L9ECAV7KIM', '6E92ZMYYFZ', 'OLJCESPC7Z']"}
2026-08-15T13:17:21.830405743Z {"timestamp": 1786799841.8290586, "severity": "INFO", "name": "recommendationservice-server", "message": "[Recv ListRecommendations] product_ids=['6E92ZMYYFZ', '2ZYFJ3GM2N', '1YMWWN1N4O', '9SIQT8TOJO', 'OLJCESPC7Z']"}
2026-08-15T13:17:22.624861266Z {"timestamp": 1786799842.6234539, "severity": "INFO", "name": "recommendationservice-server", "message": "[Recv ListRecommendations] product_ids=['OLJCESPC7Z', '1YMWWN1N4O', '2ZYFJ3GM2N', 'L9ECAV7KIM', '66VCHSJNUP']"}
2026-08-15T13:17:22.712036478Z {"timestamp": 1786799842.71143, "severity": "INFO", "name": "recommendationservice-server", "message": "[Recv ListRecommendations] product_ids=['LS4PSXUNUM', '6E92ZMYYFZ', 'OLJCESPC7Z', '2ZYFJ3GM2N', '1YMWWN1N4O']"}
2026-08-15T13:17:22.834133862Z {"timestamp": 1786799842.833784, "severity": "INFO", "name": "recommendationservice-server", "message": "[Recv ListRecommendations] product_ids=['9SIQT8TOJO', '1YMWWN1N4O', '0PUK6V6EV0', 'OLJCESPC7Z', '66VCHSJNUP']"}
2026-08-15T13:17:22.906898857Z {"timestamp": 1786799842.9055083, "severity": "INFO", "name": "recommendationservice-server", "message": "[Recv ListRecommendations] product_ids=['9SIQT8TOJO', 'LS4PSXUNUM', '1YMWWN1N4O', '2ZYFJ3GM2N', '0PUK6V6EV0']"}
2026-08-15T13:17:24.139904708Z {"timestamp": 1786799844.1395366, "severity": "INFO", "name": "recommendationservice-server", "message": "[Recv ListRecommendations] product_ids=['OLJCESPC7Z', '0PUK6V6EV0', '2ZYFJ3GM2N', '6E92ZMYYFZ', '1YMWWN1N4O']"}
2026-08-15T13:17:24.155072260Z {"timestamp": 1786799844.1548054, "severity": "INFO", "name": "recommendationservice-server", "message": "[Recv ListRecommendations] product_ids=['LS4PSXUNUM', '66VCHSJNUP', '1YMWWN1N4O', '2ZYFJ3GM2N', 'L9ECAV7KIM']"}
2026-08-15T13:17:24.627619714Z {"timestamp": 1786799844.6265125, "severity": "INFO", "name": "recommendationservice-server", "message": "[Recv ListRecommendations] product_ids=['LS4PSXUNUM', '6E92ZMYYFZ', '9SIQT8TOJO', '66VCHSJNUP', '1YMWWN1N4O']"}
2026-08-15T13:17:24.879966891Z {"timestamp": 1786799844.8795788, "severity": "INFO", "name": "recommendationservice-server", "message": "[Recv ListRecommendations] product_ids=['0PUK6V6EV0', 'LS4PSXUNUM', '66VCHSJNUP', '2ZYFJ3GM2N', '9SIQT8TOJO']"}
2026-08-15T13:17:25.296013892Z {"timestamp": 1786799845.2954106, "severity": "INFO", "name": "recommendationservice-server", "message": "[Recv ListRecommendations] product_ids=['2ZYFJ3GM2N', 'OLJCESPC7Z', '0PUK6V6EV0', '1YMWWN1N4O', '66VCHSJNUP']"}
2026-08-15T13:17:25.360733739Z {"timestamp": 1786799845.360077, "severity": "INFO", "name": "recommendationservice-server", "message": "[Recv ListRecommendations] product_ids=['2ZYFJ3GM2N', '9SIQT8TOJO', 'LS4PSXUNUM', '0PUK6V6EV0', '66VCHSJNUP']"}
2026-08-15T13:17:25.772918721Z {"timestamp": 1786799845.7720516, "severity": "INFO", "name": "recommendationservice-server", "message": "[Recv ListRecommendations] product_ids=['OLJCESPC7Z', '0PUK6V6EV0', '2ZYFJ3GM2N', '66VCHSJNUP', '6E92ZMYYFZ']"}
2026-08-15T13:17:25.829868922Z {"timestamp": 1786799845.8294637, "severity": "INFO", "name": "recommendationservice-server", "message": "[Recv ListRecommendations] product_ids=['2ZYFJ3GM2N', 'L9ECAV7KIM', 'OLJCESPC7Z', '9SIQT8TOJO', '66VCHSJNUP']"}
2026-08-15T13:17:26.509036273Z {"timestamp": 1786799846.5078745, "severity": "INFO", "name": "recommendationservice-server", "message": "[Recv ListRecommendations] product_ids=['66VCHSJNUP', 'OLJCESPC7Z', '9SIQT8TOJO', '1YMWWN1N4O', '2ZYFJ3GM2N']"}
2026-08-15T13:17:26.824278899Z {"timestamp": 1786799846.8230653, "severity": "INFO", "name": "recommendationservice-server", "message": "[Recv ListRecommendations] product_ids=['6E92ZMYYFZ', '2ZYFJ3GM2N', 'OLJCESPC7Z', '1YMWWN1N4O', '9SIQT8TOJO']"}
2026-08-15T13:17:26.952060413Z {"timestamp": 1786799846.9510741, "severity": "INFO", "name": "recommendationservice-server", "message": "[Recv ListRecommendations] product_ids=['1YMWWN1N4O', '2ZYFJ3GM2N', '66VCHSJNUP', 'OLJCESPC7Z', 'L9ECAV7KIM']"}
2026-08-15T13:17:27.044042628Z {"timestamp": 1786799847.0430653, "severity": "INFO", "name": "recommendationservice-server", "message": "[Recv ListRecommendations] product_ids=['1YMWWN1N4O', '2ZYFJ3GM2N', '9SIQT8TOJO', 'LS4PSXUNUM', '66VCHSJNUP']"}
2026-08-15T13:17:27.202772512Z {"timestamp": 1786799847.2020767, "severity": "INFO", "name": "recommendationservice-server", "message": "[Recv ListRecommendations] product_ids=['LS4PSXUNUM', 'L9ECAV7KIM', '9SIQT8TOJO', '66VCHSJNUP', '2ZYFJ3GM2N']"}
2026-08-15T13:17:27.656576561Z {"timestamp": 1786799847.6555018, "severity": "INFO", "name": "recommendationservice-server", "message": "[Recv ListRecommendations] product_ids=['L9ECAV7KIM', '0PUK6V6EV0', '6E92ZMYYFZ', 'OLJCESPC7Z', '9SIQT8TOJO']"}
2026-08-15T13:17:27.842464602Z {"timestamp": 1786799847.8412564, "severity": "INFO", "name": "recommendationservice-server", "message": "[Recv ListRecommendations] product_ids=['L9ECAV7KIM', '2ZYFJ3GM2N', 'OLJCESPC7Z', '6E92ZMYYFZ', '0PUK6V6EV0']"}
2026-08-15T13:17:28.149234505Z {"timestamp": 1786799848.1485517, "severity": "INFO", "name": "recommendationservice-server", "message": "[Recv ListRecommendations] product_ids=['9SIQT8TOJO', '66VCHSJNUP', '2ZYFJ3GM2N', 'OLJCESPC7Z', '6E92ZMYYFZ']"}
2026-08-15T13:17:28.243975921Z {"timestamp": 1786799848.2431068, "severity": "INFO", "name": "recommendationservice-server", "message": "[Recv ListRecommendations] product_ids=['6E92ZMYYFZ', 'OLJCESPC7Z', '1YMWWN1N4O', '9SIQT8TOJO', '66VCHSJNUP']"}
2026-08-15T13:17:28.342391637Z {"timestamp": 1786799848.3414805, "severity": "INFO", "name": "recommendationservice-server", "message": "[Recv ListRecommendations] product_ids=['L9ECAV7KIM', '9SIQT8TOJO', '66VCHSJNUP', '0PUK6V6EV0', '6E92ZMYYFZ']"}
2026-08-15T13:17:28.530870760Z {"timestamp": 1786799848.529986, "severity": "INFO", "name": "recommendationservice-server", "message": "[Recv ListRecommendations] product_ids=['2ZYFJ3GM2N', 'LS4PSXUNUM', '9SIQT8TOJO', '6E92ZMYYFZ', 'OLJCESPC7Z']"}
2026-08-15T13:17:28.855288784Z {"timestamp": 1786799848.8543284, "severity": "INFO", "name": "recommendationservice-server", "message": "[Recv ListRecommendations] product_ids=['1YMWWN1N4O', '2ZYFJ3GM2N', '0PUK6V6EV0', '66VCHSJNUP', 'LS4PSXUNUM']"}
2026-08-15T13:17:28.894170018Z {"timestamp": 1786799848.8932269, "severity": "INFO", "name": "recommendationservice-server", "message": "[Recv ListRecommendations] product_ids=['6E92ZMYYFZ', 'OLJCESPC7Z', '0PUK6V6EV0', '1YMWWN1N4O', '2ZYFJ3GM2N']"}
2026-08-15T13:17:30.317534002Z {"timestamp": 1786799850.316305, "severity": "INFO", "name": "recommendationservice-server", "message": "[Recv ListRecommendations] product_ids=['LS4PSXUNUM', '1YMWWN1N4O', '9SIQT8TOJO', '2ZYFJ3GM2N', '6E92ZMYYFZ']"}
2026-08-15T13:17:30.425732384Z {"timestamp": 1786799850.4243963, "severity": "INFO", "name": "recommendationservice-server", "message": "[Recv ListRecommendations] product_ids=['L9ECAV7KIM', '66VCHSJNUP', '2ZYFJ3GM2N', 'OLJCESPC7Z', 'LS4PSXUNUM']"}
2026-08-15T13:17:30.609350777Z {"timestamp": 1786799850.6078966, "severity": "INFO", "name": "recommendationservice-server", "message": "[Recv ListRecommendations] product_ids=['2ZYFJ3GM2N', '66VCHSJNUP', 'LS4PSXUNUM', '9SIQT8TOJO', 'OLJCESPC7Z']"}
2026-08-15T13:17:30.738500540Z {"timestamp": 1786799850.735193, "severity": "INFO", "name": "recommendationservice-server", "message": "[Recv ListRecommendations] product_ids=['66VCHSJNUP', 'L9ECAV7KIM', '0PUK6V6EV0', 'LS4PSXUNUM', '1YMWWN1N4O']"}
2026-08-15T13:17:30.825972064Z {"timestamp": 1786799850.824999, "severity": "INFO", "name": "recommendationservice-server", "message": "[Recv ListRecommendations] product_ids=['1YMWWN1N4O', 'LS4PSXUNUM', '9SIQT8TOJO', '66VCHSJNUP', 'OLJCESPC7Z']"}
2026-08-15T13:17:32.210221961Z {"timestamp": 1786799852.2090533, "severity": "INFO", "name": "recommendationservice-server", "message": "[Recv ListRecommendations] product_ids=['LS4PSXUNUM', '2ZYFJ3GM2N', 'OLJCESPC7Z', '66VCHSJNUP', 'L9ECAV7KIM']"}
2026-08-15T13:17:32.295808282Z {"timestamp": 1786799852.2954817, "severity": "INFO", "name": "recommendationservice-server", "message": "[Recv ListRecommendations] product_ids=['2ZYFJ3GM2N', '6E92ZMYYFZ', 'LS4PSXUNUM', '9SIQT8TOJO', 'L9ECAV7KIM']"}
2026-08-15T13:17:32.299899509Z {"timestamp": 1786799852.2995958, "severity": "INFO", "name": "recommendationservice-server", "message": "[Recv ListRecommendations] product_ids=['2ZYFJ3GM2N', '6E92ZMYYFZ', 'L9ECAV7KIM', 'OLJCESPC7Z', '0PUK6V6EV0']"}
2026-08-15T13:17:32.425199818Z {"timestamp": 1786799852.424879, "severity": "INFO", "name": "recommendationservice-server", "message": "[Recv ListRecommendations] product_ids=['2ZYFJ3GM2N', '9SIQT8TOJO', '66VCHSJNUP', 'L9ECAV7KIM', 'LS4PSXUNUM']"}
2026-08-15T13:17:33.295417730Z {"timestamp": 1786799853.2950683, "severity": "INFO", "name": "recommendationservice-server", "message": "[Recv ListRecommendations] product_ids=['0PUK6V6EV0', 'L9ECAV7KIM', '2ZYFJ3GM2N', 'OLJCESPC7Z', '1YMWWN1N4O']"}
2026-08-15T13:17:33.941247741Z {"timestamp": 1786799853.9396205, "severity": "INFO", "name": "recommendationservice-server", "message": "[Recv ListRecommendations] product_ids=['1YMWWN1N4O', '9SIQT8TOJO', 'OLJCESPC7Z', 'LS4PSXUNUM', '6E92ZMYYFZ']"}
2026-08-15T13:17:34.029298240Z {"timestamp": 1786799854.0289018, "severity": "INFO", "name": "recommendationservice-server", "message": "[Recv ListRecommendations] product_ids=['LS4PSXUNUM', '1YMWWN1N4O', '66VCHSJNUP', 'L9ECAV7KIM', '2ZYFJ3GM2N']"}
2026-08-15T13:17:34.069231362Z {"timestamp": 1786799854.0687654, "severity": "INFO", "name": "recommendationservice-server", "message": "[Recv ListRecommendations] product_ids=['1YMWWN1N4O', '6E92ZMYYFZ', '66VCHSJNUP', '0PUK6V6EV0', 'OLJCESPC7Z']"}
2026-08-15T13:17:34.324424985Z {"timestamp": 1786799854.3233635, "severity": "INFO", "name": "recommendationservice-server", "message": "[Recv ListRecommendations] product_ids=['OLJCESPC7Z', '1YMWWN1N4O', '6E92ZMYYFZ', '0PUK6V6EV0', '66VCHSJNUP']"}
2026-08-15T13:17:35.037168954Z {"timestamp": 1786799855.0358896, "severity": "INFO", "name": "recommendationservice-server", "message": "[Recv ListRecommendations] product_ids=['LS4PSXUNUM', 'L9ECAV7KIM', 'OLJCESPC7Z', '2ZYFJ3GM2N', '6E92ZMYYFZ']"}
2026-08-15T13:17:35.194244335Z {"timestamp": 1786799855.1935148, "severity": "INFO", "name": "recommendationservice-server", "message": "[Recv ListRecommendations] product_ids=['1YMWWN1N4O', '2ZYFJ3GM2N', '66VCHSJNUP', 'L9ECAV7KIM', 'OLJCESPC7Z']"}
2026-08-15T13:17:35.339186156Z {"timestamp": 1786799855.3384025, "severity": "INFO", "name": "recommendationservice-server", "message": "[Recv ListRecommendations] product_ids=['OLJCESPC7Z', 'LS4PSXUNUM', '0PUK6V6EV0', '6E92ZMYYFZ', '66VCHSJNUP']"}
2026-08-15T13:17:35.455851342Z {"timestamp": 1786799855.4550383, "severity": "INFO", "name": "recommendationservice-server", "message": "[Recv ListRecommendations] product_ids=['L9ECAV7KIM', '9SIQT8TOJO', 'LS4PSXUNUM', '0PUK6V6EV0', '66VCHSJNUP']"}
2026-08-15T13:17:36.349297214Z {"timestamp": 1786799856.347767, "severity": "INFO", "name": "recommendationservice-server", "message": "[Recv ListRecommendations] product_ids=['6E92ZMYYFZ', '1YMWWN1N4O', '2ZYFJ3GM2N', '66VCHSJNUP', 'LS4PSXUNUM']"}
2026-08-15T13:17:37.283163283Z {"timestamp": 1786799857.2825055, "severity": "INFO", "name": "recommendationservice-server", "message": "[Recv ListRecommendations] product_ids=['9SIQT8TOJO', '6E92ZMYYFZ', '2ZYFJ3GM2N', 'L9ECAV7KIM', 'OLJCESPC7Z']"}
2026-08-15T13:17:37.405577451Z {"timestamp": 1786799857.4044812, "severity": "INFO", "name": "recommendationservice-server", "message": "[Recv ListRecommendations] product_ids=['0PUK6V6EV0', '2ZYFJ3GM2N', 'OLJCESPC7Z', 'L9ECAV7KIM', '1YMWWN1N4O']"}
2026-08-15T13:17:37.896076848Z {"timestamp": 1786799857.8948123, "severity": "INFO", "name": "recommendationservice-server", "message": "[Recv ListRecommendations] product_ids=['6E92ZMYYFZ', '2ZYFJ3GM2N', 'OLJCESPC7Z', '1YMWWN1N4O', '9SIQT8TOJO']"}
2026-08-15T13:17:38.922896268Z {"timestamp": 1786799858.921554, "severity": "INFO", "name": "recommendationservice-server", "message": "[Recv ListRecommendations] product_ids=['0PUK6V6EV0', 'OLJCESPC7Z', '2ZYFJ3GM2N', '66VCHSJNUP', '1YMWWN1N4O']"}
2026-08-15T13:17:39.343199904Z {"timestamp": 1786799859.3419278, "severity": "INFO", "name": "recommendationservice-server", "message": "[Recv ListRecommendations] product_ids=['6E92ZMYYFZ', '1YMWWN1N4O', '2ZYFJ3GM2N', 'OLJCESPC7Z', 'LS4PSXUNUM']"}
2026-08-15T13:17:39.532115366Z {"timestamp": 1786799859.5307758, "severity": "INFO", "name": "recommendationservice-server", "message": "[Recv ListRecommendations] product_ids=['0PUK6V6EV0', 'L9ECAV7KIM', 'LS4PSXUNUM', '9SIQT8TOJO', '1YMWWN1N4O']"}
2026-08-15T13:17:40.260446941Z {"timestamp": 1786799860.2590015, "severity": "INFO", "name": "recommendationservice-server", "message": "[Recv ListRecommendations] product_ids=['L9ECAV7KIM', '0PUK6V6EV0', '1YMWWN1N4O', '2ZYFJ3GM2N', '66VCHSJNUP']"}
2026-08-15T13:17:41.343623981Z {"timestamp": 1786799861.3429124, "severity": "INFO", "name": "recommendationservice-server", "message": "[Recv ListRecommendations] product_ids=['0PUK6V6EV0', 'LS4PSXUNUM', '9SIQT8TOJO', 'L9ECAV7KIM', '1YMWWN1N4O']"}
2026-08-15T13:17:41.427707725Z {"timestamp": 1786799861.4273145, "severity": "INFO", "name": "recommendationservice-server", "message": "[Recv ListRecommendations] product_ids=['1YMWWN1N4O', 'LS4PSXUNUM', 'L9ECAV7KIM', '6E92ZMYYFZ', 'OLJCESPC7Z']"}
2026-08-15T13:17:42.250646293Z {"timestamp": 1786799862.250282, "severity": "INFO", "name": "recommendationservice-server", "message": "[Recv ListRecommendations] product_ids=['6E92ZMYYFZ', '0PUK6V6EV0', 'L9ECAV7KIM', '2ZYFJ3GM2N', '66VCHSJNUP']"}
2026-08-15T13:17:42.995707578Z {"timestamp": 1786799862.9945612, "severity": "INFO", "name": "recommendationservice-server", "message": "[Recv ListRecommendations] product_ids=['OLJCESPC7Z', '0PUK6V6EV0', 'LS4PSXUNUM', 'L9ECAV7KIM', '2ZYFJ3GM2N']"}
2026-08-15T13:17:43.283737062Z {"timestamp": 1786799863.2825885, "severity": "INFO", "name": "recommendationservice-server", "message": "[Recv ListRecommendations] product_ids=['66VCHSJNUP', '6E92ZMYYFZ', '1YMWWN1N4O', '0PUK6V6EV0', '2ZYFJ3GM2N']"}
2026-08-15T13:17:43.338917423Z {"timestamp": 1786799863.3381896, "severity": "INFO", "name": "recommendationservice-server", "message": "[Recv ListRecommendations] product_ids=['9SIQT8TOJO', '2ZYFJ3GM2N', '1YMWWN1N4O', '6E92ZMYYFZ', 'OLJCESPC7Z']"}
2026-08-15T13:17:43.664497732Z {"timestamp": 1786799863.6639142, "severity": "INFO", "name": "recommendationservice-server", "message": "[Recv ListRecommendations] product_ids=['1YMWWN1N4O', 'OLJCESPC7Z', '66VCHSJNUP', '9SIQT8TOJO', '0PUK6V6EV0']"}
2026-08-15T13:17:44.348914009Z {"timestamp": 1786799864.3476927, "severity": "INFO", "name": "recommendationservice-server", "message": "[Recv ListRecommendations] product_ids=['L9ECAV7KIM', '9SIQT8TOJO', 'LS4PSXUNUM', '2ZYFJ3GM2N', '6E92ZMYYFZ']"}
2026-08-15T13:17:44.821927191Z {"timestamp": 1786799864.8214204, "severity": "INFO", "name": "recommendationservice-server", "message": "[Recv ListRecommendations] product_ids=['2ZYFJ3GM2N', '9SIQT8TOJO', '0PUK6V6EV0', '66VCHSJNUP', 'OLJCESPC7Z']"}
2026-08-15T13:17:44.935083746Z {"timestamp": 1786799864.9344165, "severity": "INFO", "name": "recommendationservice-server", "message": "[Recv ListRecommendations] product_ids=['1YMWWN1N4O', 'L9ECAV7KIM', '66VCHSJNUP', 'OLJCESPC7Z', '0PUK6V6EV0']"}
2026-08-15T13:17:44.938539882Z {"timestamp": 1786799864.9374292, "severity": "INFO", "name": "recommendationservice-server", "message": "[Recv ListRecommendations] product_ids=['6E92ZMYYFZ', 'L9ECAV7KIM', '66VCHSJNUP', '0PUK6V6EV0', '9SIQT8TOJO']"}
2026-08-15T13:17:45.427613955Z {"timestamp": 1786799865.4267054, "severity": "INFO", "name": "recommendationservice-server", "message": "[Recv ListRecommendations] product_ids=['1YMWWN1N4O', 'OLJCESPC7Z', '66VCHSJNUP', '0PUK6V6EV0', '2ZYFJ3GM2N']"}
2026-08-15T13:17:45.975730487Z {"timestamp": 1786799865.974527, "severity": "INFO", "name": "recommendationservice-server", "message": "[Recv ListRecommendations] product_ids=['66VCHSJNUP', '0PUK6V6EV0', '2ZYFJ3GM2N', '9SIQT8TOJO', '1YMWWN1N4O']"}
2026-08-15T13:17:46.283266997Z {"timestamp": 1786799866.2821324, "severity": "INFO", "name": "recommendationservice-server", "message": "[Recv ListRecommendations] product_ids=['0PUK6V6EV0', '66VCHSJNUP', '9SIQT8TOJO', '2ZYFJ3GM2N', '6E92ZMYYFZ']"}
2026-08-15T13:17:46.852850060Z {"timestamp": 1786799866.8515096, "severity": "INFO", "name": "recommendationservice-server", "message": "[Recv ListRecommendations] product_ids=['OLJCESPC7Z', 'L9ECAV7KIM', '2ZYFJ3GM2N', 'LS4PSXUNUM', '9SIQT8TOJO']"}
2026-08-15T13:17:47.136302534Z {"timestamp": 1786799867.134941, "severity": "INFO", "name": "recommendationservice-server", "message": "[Recv ListRecommendations] product_ids=['1YMWWN1N4O', 'OLJCESPC7Z', 'LS4PSXUNUM', 'L9ECAV7KIM', '9SIQT8TOJO']"}
2026-08-15T13:17:47.202487602Z {"timestamp": 1786799867.2018626, "severity": "INFO", "name": "recommendationservice-server", "message": "[Recv ListRecommendations] product_ids=['66VCHSJNUP', 'L9ECAV7KIM', 'LS4PSXUNUM', '1YMWWN1N4O', '6E92ZMYYFZ']"}
2026-08-15T13:17:48.100389598Z {"timestamp": 1786799868.0987725, "severity": "INFO", "name": "recommendationservice-server", "message": "[Recv ListRecommendations] product_ids=['1YMWWN1N4O', '0PUK6V6EV0', '6E92ZMYYFZ', '66VCHSJNUP', 'L9ECAV7KIM']"}
2026-08-15T13:17:48.411769413Z {"timestamp": 1786799868.4107099, "severity": "INFO", "name": "recommendationservice-server", "message": "[Recv ListRecommendations] product_ids=['LS4PSXUNUM', '2ZYFJ3GM2N', 'L9ECAV7KIM', 'OLJCESPC7Z', '6E92ZMYYFZ']"}
2026-08-15T13:17:48.603012438Z {"timestamp": 1786799868.6022062, "severity": "INFO", "name": "recommendationservice-server", "message": "[Recv ListRecommendations] product_ids=['OLJCESPC7Z', '2ZYFJ3GM2N', '6E92ZMYYFZ', '66VCHSJNUP', '0PUK6V6EV0']"}
2026-08-15T13:17:49.352444636Z {"timestamp": 1786799869.352149, "severity": "INFO", "name": "recommendationservice-server", "message": "[Recv ListRecommendations] product_ids=['LS4PSXUNUM', '0PUK6V6EV0', '9SIQT8TOJO', '1YMWWN1N4O', 'OLJCESPC7Z']"}
2026-08-15T13:17:49.848708550Z {"timestamp": 1786799869.8473406, "severity": "INFO", "name": "recommendationservice-server", "message": "[Recv ListRecommendations] product_ids=['2ZYFJ3GM2N', '9SIQT8TOJO', '1YMWWN1N4O', 'LS4PSXUNUM', '66VCHSJNUP']"}
2026-08-15T13:17:50.575420141Z {"timestamp": 1786799870.573925, "severity": "INFO", "name": "recommendationservice-server", "message": "[Recv ListRecommendations] product_ids=['1YMWWN1N4O', 'LS4PSXUNUM', '66VCHSJNUP', 'OLJCESPC7Z', '2ZYFJ3GM2N']"}
2026-08-15T13:17:50.852184369Z {"timestamp": 1786799870.8507576, "severity": "INFO", "name": "recommendationservice-server", "message": "[Recv ListRecommendations] product_ids=['LS4PSXUNUM', 'OLJCESPC7Z', '9SIQT8TOJO', '1YMWWN1N4O', '66VCHSJNUP']"}
2026-08-15T13:17:51.404440627Z {"timestamp": 1786799871.4039905, "severity": "INFO", "name": "recommendationservice-server", "message": "[Recv ListRecommendations] product_ids=['OLJCESPC7Z', '66VCHSJNUP', 'L9ECAV7KIM', '9SIQT8TOJO', '1YMWWN1N4O']"}
2026-08-15T13:17:51.600288962Z {"timestamp": 1786799871.5977356, "severity": "INFO", "name": "recommendationservice-server", "message": "[Recv ListRecommendations] product_ids=['1YMWWN1N4O', '0PUK6V6EV0', '2ZYFJ3GM2N', '6E92ZMYYFZ', '66VCHSJNUP']"}
2026-08-15T13:17:52.055983613Z {"timestamp": 1786799872.0549629, "severity": "INFO", "name": "recommendationservice-server", "message": "[Recv ListRecommendations] product_ids=['L9ECAV7KIM', '6E92ZMYYFZ', '66VCHSJNUP', '0PUK6V6EV0', '1YMWWN1N4O']"}
2026-08-15T13:17:52.322675585Z {"timestamp": 1786799872.3222857, "severity": "INFO", "name": "recommendationservice-server", "message": "[Recv ListRecommendations] product_ids=['L9ECAV7KIM', '1YMWWN1N4O', '66VCHSJNUP', 'LS4PSXUNUM', '6E92ZMYYFZ']"}
2026-08-15T13:17:52.720510504Z {"timestamp": 1786799872.7198267, "severity": "INFO", "name": "recommendationservice-server", "message": "[Recv ListRecommendations] product_ids=['2ZYFJ3GM2N', '6E92ZMYYFZ', 'LS4PSXUNUM', 'OLJCESPC7Z', '0PUK6V6EV0']"}
2026-08-15T13:17:52.803825666Z {"timestamp": 1786799872.802979, "severity": "INFO", "name": "recommendationservice-server", "message": "[Recv ListRecommendations] product_ids=['L9ECAV7KIM', '66VCHSJNUP', '9SIQT8TOJO', '0PUK6V6EV0', '6E92ZMYYFZ']"}
2026-08-15T13:17:53.256161498Z {"timestamp": 1786799873.2547777, "severity": "INFO", "name": "recommendationservice-server", "message": "[Recv ListRecommendations] product_ids=['9SIQT8TOJO', 'OLJCESPC7Z', '2ZYFJ3GM2N', 'L9ECAV7KIM', 'LS4PSXUNUM']"}
2026-08-15T13:17:53.449614264Z {"timestamp": 1786799873.4476762, "severity": "INFO", "name": "recommendationservice-server", "message": "[Recv ListRecommendations] product_ids=['LS4PSXUNUM', 'L9ECAV7KIM', '1YMWWN1N4O', '2ZYFJ3GM2N', '6E92ZMYYFZ']"}
2026-08-15T13:17:53.798341001Z {"timestamp": 1786799873.798018, "severity": "INFO", "name": "recommendationservice-server", "message": "[Recv ListRecommendations] product_ids=['1YMWWN1N4O', 'OLJCESPC7Z', 'L9ECAV7KIM', '66VCHSJNUP', '6E92ZMYYFZ']"}
2026-08-15T13:17:54.313688461Z {"timestamp": 1786799874.312535, "severity": "INFO", "name": "recommendationservice-server", "message": "[Recv ListRecommendations] product_ids=['1YMWWN1N4O', '6E92ZMYYFZ', 'LS4PSXUNUM', '9SIQT8TOJO', '0PUK6V6EV0']"}
2026-08-15T13:17:54.662398596Z {"timestamp": 1786799874.6619675, "severity": "INFO", "name": "recommendationservice-server", "message": "[Recv ListRecommendations] product_ids=['66VCHSJNUP', 'L9ECAV7KIM', 'OLJCESPC7Z', '6E92ZMYYFZ', '9SIQT8TOJO']"}
2026-08-15T13:17:55.446993823Z {"timestamp": 1786799875.4457467, "severity": "INFO", "name": "recommendationservice-server", "message": "[Recv ListRecommendations] product_ids=['L9ECAV7KIM', '1YMWWN1N4O', '9SIQT8TOJO', '2ZYFJ3GM2N', '66VCHSJNUP']"}
2026-08-15T13:17:55.599422955Z {"timestamp": 1786799875.5983946, "severity": "INFO", "name": "recommendationservice-server", "message": "[Recv ListRecommendations] product_ids=['L9ECAV7KIM', '6E92ZMYYFZ', 'OLJCESPC7Z', '66VCHSJNUP', '0PUK6V6EV0']"}
2026-08-15T13:17:55.872841766Z {"timestamp": 1786799875.8719356, "severity": "INFO", "name": "recommendationservice-server", "message": "[Recv ListRecommendations] product_ids=['OLJCESPC7Z', '6E92ZMYYFZ', '66VCHSJNUP', 'L9ECAV7KIM', '2ZYFJ3GM2N']"}
2026-08-15T13:17:55.900962107Z {"timestamp": 1786799875.9003186, "severity": "INFO", "name": "recommendationservice-server", "message": "[Recv ListRecommendations] product_ids=['6E92ZMYYFZ', '66VCHSJNUP', 'L9ECAV7KIM', 'LS4PSXUNUM', 'OLJCESPC7Z']"}
2026-08-15T13:17:56.023870282Z {"timestamp": 1786799876.0233312, "severity": "INFO", "name": "recommendationservice-server", "message": "[Recv ListRecommendations] product_ids=['LS4PSXUNUM', 'OLJCESPC7Z', '9SIQT8TOJO', '66VCHSJNUP', '2ZYFJ3GM2N']"}
2026-08-15T13:17:56.946291680Z {"timestamp": 1786799876.945239, "severity": "INFO", "name": "recommendationservice-server", "message": "[Recv ListRecommendations] product_ids=['OLJCESPC7Z', 'LS4PSXUNUM', '1YMWWN1N4O', '0PUK6V6EV0', '6E92ZMYYFZ']"}
2026-08-15T13:17:57.046870112Z {"timestamp": 1786799877.0457647, "severity": "INFO", "name": "recommendationservice-server", "message": "[Recv ListRecommendations] product_ids=['9SIQT8TOJO', '66VCHSJNUP', 'LS4PSXUNUM', '0PUK6V6EV0', 'OLJCESPC7Z']"}
2026-08-15T13:17:57.147783194Z {"timestamp": 1786799877.1466832, "severity": "INFO", "name": "recommendationservice-server", "message": "[Recv ListRecommendations] product_ids=['2ZYFJ3GM2N', '6E92ZMYYFZ', 'OLJCESPC7Z', '66VCHSJNUP', 'L9ECAV7KIM']"}
2026-08-15T13:17:57.234511471Z {"timestamp": 1786799877.2336602, "severity": "INFO", "name": "recommendationservice-server", "message": "[Recv ListRecommendations] product_ids=['0PUK6V6EV0', '6E92ZMYYFZ', '1YMWWN1N4O']"}
2026-08-15T13:17:57.751838188Z {"timestamp": 1786799877.7486818, "severity": "INFO", "name": "recommendationservice-server", "message": "[Recv ListRecommendations] product_ids=['6E92ZMYYFZ', '1YMWWN1N4O', '0PUK6V6EV0', '2ZYFJ3GM2N', 'L9ECAV7KIM']"}
2026-08-15T13:17:57.894263674Z {"timestamp": 1786799877.8929687, "severity": "INFO", "name": "recommendationservice-server", "message": "[Recv ListRecommendations] product_ids=['9SIQT8TOJO', 'LS4PSXUNUM', '2ZYFJ3GM2N', '0PUK6V6EV0', '1YMWWN1N4O']"}
2026-08-15T13:17:58.010420534Z {"timestamp": 1786799878.0069857, "severity": "INFO", "name": "recommendationservice-server", "message": "[Recv ListRecommendations] product_ids=['L9ECAV7KIM', '66VCHSJNUP', '6E92ZMYYFZ', 'OLJCESPC7Z', '9SIQT8TOJO']"}
2026-08-15T13:18:00.117268111Z {"timestamp": 1786799880.1167676, "severity": "INFO", "name": "recommendationservice-server", "message": "[Recv ListRecommendations] product_ids=['L9ECAV7KIM', 'LS4PSXUNUM', '66VCHSJNUP', '0PUK6V6EV0', '1YMWWN1N4O']"}
2026-08-15T13:18:00.183905670Z {"timestamp": 1786799880.1836076, "severity": "INFO", "name": "recommendationservice-server", "message": "[Recv ListRecommendations] product_ids=['66VCHSJNUP', '1YMWWN1N4O', '0PUK6V6EV0', '6E92ZMYYFZ', '9SIQT8TOJO']"}
2026-08-15T13:18:00.456538916Z {"timestamp": 1786799880.455382, "severity": "INFO", "name": "recommendationservice-server", "message": "[Recv ListRecommendations] product_ids=['1YMWWN1N4O', 'OLJCESPC7Z', '66VCHSJNUP', '6E92ZMYYFZ', '9SIQT8TOJO']"}
2026-08-15T13:18:00.628164066Z {"timestamp": 1786799880.6275458, "severity": "INFO", "name": "recommendationservice-server", "message": "[Recv ListRecommendations] product_ids=['66VCHSJNUP', '2ZYFJ3GM2N', '9SIQT8TOJO', 'LS4PSXUNUM', '6E92ZMYYFZ']"}
2026-08-15T13:18:00.814360394Z {"timestamp": 1786799880.8131459, "severity": "INFO", "name": "recommendationservice-server", "message": "[Recv ListRecommendations] product_ids=['9SIQT8TOJO', '1YMWWN1N4O', 'L9ECAV7KIM', '2ZYFJ3GM2N', '0PUK6V6EV0']"}
2026-08-15T13:18:01.669788441Z {"timestamp": 1786799881.6686466, "severity": "INFO", "name": "recommendationservice-server", "message": "[Recv ListRecommendations] product_ids=['66VCHSJNUP', '1YMWWN1N4O', '2ZYFJ3GM2N', 'OLJCESPC7Z', '9SIQT8TOJO']"}
2026-08-15T13:18:01.840782897Z {"timestamp": 1786799881.8395712, "severity": "INFO", "name": "recommendationservice-server", "message": "[Recv ListRecommendations] product_ids=['0PUK6V6EV0', '1YMWWN1N4O', '66VCHSJNUP', '6E92ZMYYFZ', '9SIQT8TOJO']"}
2026-08-15T13:18:01.899084211Z {"timestamp": 1786799881.8978364, "severity": "INFO", "name": "recommendationservice-server", "message": "[Recv ListRecommendations] product_ids=['0PUK6V6EV0', '66VCHSJNUP', '9SIQT8TOJO', '2ZYFJ3GM2N', 'LS4PSXUNUM']"}
2026-08-15T13:18:02.239240848Z {"timestamp": 1786799882.2374344, "severity": "INFO", "name": "recommendationservice-server", "message": "[Recv ListRecommendations] product_ids=['1YMWWN1N4O', '0PUK6V6EV0', '6E92ZMYYFZ', 'L9ECAV7KIM', '2ZYFJ3GM2N']"}
2026-08-15T13:18:03.345188937Z {"timestamp": 1786799883.3448472, "severity": "INFO", "name": "recommendationservice-server", "message": "[Recv ListRecommendations] product_ids=['L9ECAV7KIM', 'OLJCESPC7Z', '0PUK6V6EV0', 'LS4PSXUNUM', '1YMWWN1N4O']"}
2026-08-15T13:18:03.357504577Z {"timestamp": 1786799883.357212, "severity": "INFO", "name": "recommendationservice-server", "message": "[Recv ListRecommendations] product_ids=['6E92ZMYYFZ', '0PUK6V6EV0', '1YMWWN1N4O', 'LS4PSXUNUM', 'L9ECAV7KIM']"}
2026-08-15T13:18:03.727885132Z {"timestamp": 1786799883.7275727, "severity": "INFO", "name": "recommendationservice-server", "message": "[Recv ListRecommendations] product_ids=['LS4PSXUNUM', '66VCHSJNUP', '6E92ZMYYFZ', 'L9ECAV7KIM', '1YMWWN1N4O']"}
2026-08-15T13:18:03.748306084Z {"timestamp": 1786799883.7479544, "severity": "INFO", "name": "recommendationservice-server", "message": "[Recv ListRecommendations] product_ids=['0PUK6V6EV0', 'LS4PSXUNUM', '9SIQT8TOJO', '66VCHSJNUP', 'L9ECAV7KIM']"}
2026-08-15T13:18:04.697742266Z {"timestamp": 1786799884.6974068, "severity": "INFO", "name": "recommendationservice-server", "message": "[Recv ListRecommendations] product_ids=['9SIQT8TOJO', '1YMWWN1N4O', '2ZYFJ3GM2N', '66VCHSJNUP', '0PUK6V6EV0']"}
2026-08-15T13:18:04.705569388Z {"timestamp": 1786799884.7053466, "severity": "INFO", "name": "recommendationservice-server", "message": "[Recv ListRecommendations] product_ids=['LS4PSXUNUM', 'L9ECAV7KIM', '6E92ZMYYFZ', '2ZYFJ3GM2N', '66VCHSJNUP']"}
2026-08-15T13:18:04.712389453Z {"timestamp": 1786799884.7120535, "severity": "INFO", "name": "recommendationservice-server", "message": "[Recv ListRecommendations] product_ids=['OLJCESPC7Z', '0PUK6V6EV0', '9SIQT8TOJO', '2ZYFJ3GM2N', '66VCHSJNUP']"}
2026-08-15T13:18:06.609140547Z {"timestamp": 1786799886.6082242, "severity": "INFO", "name": "recommendationservice-server", "message": "[Recv ListRecommendations] product_ids=['66VCHSJNUP', '2ZYFJ3GM2N', '6E92ZMYYFZ', 'LS4PSXUNUM', '9SIQT8TOJO']"}
2026-08-15T13:18:06.799438054Z {"timestamp": 1786799886.7988787, "severity": "INFO", "name": "recommendationservice-server", "message": "[Recv ListRecommendations] product_ids=['9SIQT8TOJO', 'OLJCESPC7Z', '66VCHSJNUP', '0PUK6V6EV0', 'L9ECAV7KIM']"}
2026-08-15T13:18:06.835799230Z {"timestamp": 1786799886.8354082, "severity": "INFO", "name": "recommendationservice-server", "message": "[Recv ListRecommendations] product_ids=['9SIQT8TOJO', '0PUK6V6EV0', 'L9ECAV7KIM', 'LS4PSXUNUM', '6E92ZMYYFZ']"}
2026-08-15T13:18:06.925925899Z {"timestamp": 1786799886.925209, "severity": "INFO", "name": "recommendationservice-server", "message": "[Recv ListRecommendations] product_ids=['1YMWWN1N4O', '0PUK6V6EV0', 'OLJCESPC7Z', '2ZYFJ3GM2N', '66VCHSJNUP']"}
2026-08-15T13:18:07.004710498Z {"timestamp": 1786799887.0014381, "severity": "INFO", "name": "recommendationservice-server", "message": "[Recv ListRecommendations] product_ids=['1YMWWN1N4O', '9SIQT8TOJO', 'LS4PSXUNUM', '66VCHSJNUP', 'L9ECAV7KIM']"}
2026-08-15T13:18:07.231382583Z {"timestamp": 1786799887.2299063, "severity": "INFO", "name": "recommendationservice-server", "message": "[Recv ListRecommendations] product_ids=['66VCHSJNUP', 'LS4PSXUNUM', '9SIQT8TOJO', 'L9ECAV7KIM', '0PUK6V6EV0']"}
2026-08-15T13:18:08.143852425Z {"timestamp": 1786799888.142739, "severity": "INFO", "name": "recommendationservice-server", "message": "[Recv ListRecommendations] product_ids=['L9ECAV7KIM', '9SIQT8TOJO', '2ZYFJ3GM2N', 'OLJCESPC7Z', '1YMWWN1N4O']"}
2026-08-15T13:18:08.244741975Z {"timestamp": 1786799888.2435002, "severity": "INFO", "name": "recommendationservice-server", "message": "[Recv ListRecommendations] product_ids=['LS4PSXUNUM', 'OLJCESPC7Z', '1YMWWN1N4O', '0PUK6V6EV0', 'L9ECAV7KIM']"}
2026-08-15T13:18:08.418228257Z {"timestamp": 1786799888.4177642, "severity": "INFO", "name": "recommendationservice-server", "message": "[Recv ListRecommendations] product_ids=['9SIQT8TOJO', '0PUK6V6EV0', '6E92ZMYYFZ', '2ZYFJ3GM2N', '66VCHSJNUP']"}
2026-08-15T13:18:08.430861329Z {"timestamp": 1786799888.4298732, "severity": "INFO", "name": "recommendationservice-server", "message": "[Recv ListRecommendations] product_ids=['1YMWWN1N4O', '0PUK6V6EV0', '66VCHSJNUP', 'L9ECAV7KIM', '6E92ZMYYFZ']"}
2026-08-15T13:18:08.615445444Z {"timestamp": 1786799888.6144452, "severity": "INFO", "name": "recommendationservice-server", "message": "[Recv ListRecommendations] product_ids=['1YMWWN1N4O', '66VCHSJNUP', '2ZYFJ3GM2N', 'L9ECAV7KIM', '9SIQT8TOJO']"}
2026-08-15T13:18:08.718786776Z {"timestamp": 1786799888.7183228, "severity": "INFO", "name": "recommendationservice-server", "message": "[Recv ListRecommendations] product_ids=['9SIQT8TOJO', '0PUK6V6EV0', '66VCHSJNUP', '2ZYFJ3GM2N', '6E92ZMYYFZ']"}
2026-08-15T13:18:09.796765755Z {"timestamp": 1786799889.7964916, "severity": "INFO", "name": "recommendationservice-server", "message": "[Recv ListRecommendations] product_ids=['0PUK6V6EV0', 'L9ECAV7KIM', '6E92ZMYYFZ', '9SIQT8TOJO', '66VCHSJNUP']"}
2026-08-15T13:18:09.798724961Z {"timestamp": 1786799889.798368, "severity": "INFO", "name": "recommendationservice-server", "message": "[Recv ListRecommendations] product_ids=['66VCHSJNUP', '2ZYFJ3GM2N', 'L9ECAV7KIM', 'LS4PSXUNUM', '1YMWWN1N4O']"}
2026-08-15T13:18:09.810169148Z {"timestamp": 1786799889.809882, "severity": "INFO", "name": "recommendationservice-server", "message": "[Recv ListRecommendations] product_ids=['66VCHSJNUP', '6E92ZMYYFZ', '0PUK6V6EV0', '2ZYFJ3GM2N', 'L9ECAV7KIM']"}
2026-08-15T13:18:09.812798358Z {"timestamp": 1786799889.812121, "severity": "INFO", "name": "recommendationservice-server", "message": "[Recv ListRecommendations] product_ids=['LS4PSXUNUM', 'L9ECAV7KIM', '2ZYFJ3GM2N', '6E92ZMYYFZ', 'OLJCESPC7Z']"}
2026-08-15T13:18:10.014091381Z {"timestamp": 1786799890.0131176, "severity": "INFO", "name": "recommendationservice-server", "message": "[Recv ListRecommendations] product_ids=['LS4PSXUNUM', '0PUK6V6EV0', '1YMWWN1N4O', '2ZYFJ3GM2N', 'L9ECAV7KIM']"}
2026-08-15T13:18:10.279153959Z {"timestamp": 1786799890.2788248, "severity": "INFO", "name": "recommendationservice-server", "message": "[Recv ListRecommendations] product_ids=['0PUK6V6EV0', 'OLJCESPC7Z', 'L9ECAV7KIM', '1YMWWN1N4O', '9SIQT8TOJO']"}
2026-08-15T13:18:10.951443608Z {"timestamp": 1786799890.9500177, "severity": "INFO", "name": "recommendationservice-server", "message": "[Recv ListRecommendations] product_ids=['1YMWWN1N4O', '9SIQT8TOJO', 'L9ECAV7KIM', 'OLJCESPC7Z', '2ZYFJ3GM2N']"}
2026-08-15T13:18:11.325563010Z {"timestamp": 1786799891.3243582, "severity": "INFO", "name": "recommendationservice-server", "message": "[Recv ListRecommendations] product_ids=['1YMWWN1N4O', 'L9ECAV7KIM', '2ZYFJ3GM2N', '66VCHSJNUP', '6E92ZMYYFZ']"}
2026-08-15T13:18:12.870224526Z {"timestamp": 1786799892.8694124, "severity": "INFO", "name": "recommendationservice-server", "message": "[Recv ListRecommendations] product_ids=['2ZYFJ3GM2N', '0PUK6V6EV0', '9SIQT8TOJO', '1YMWWN1N4O', 'OLJCESPC7Z']"}
2026-08-15T13:18:12.968787039Z {"timestamp": 1786799892.966719, "severity": "INFO", "name": "recommendationservice-server", "message": "[Recv ListRecommendations] product_ids=['L9ECAV7KIM', '66VCHSJNUP', 'LS4PSXUNUM', '6E92ZMYYFZ', '0PUK6V6EV0']"}
2026-08-15T13:18:14.637551809Z {"timestamp": 1786799894.6361544, "severity": "INFO", "name": "recommendationservice-server", "message": "[Recv ListRecommendations] product_ids=['66VCHSJNUP', '0PUK6V6EV0', 'L9ECAV7KIM', '1YMWWN1N4O', 'LS4PSXUNUM']"}
2026-08-15T13:18:15.154674179Z {"timestamp": 1786799895.1535158, "severity": "INFO", "name": "recommendationservice-server", "message": "[Recv ListRecommendations] product_ids=['1YMWWN1N4O', 'LS4PSXUNUM', '0PUK6V6EV0', 'L9ECAV7KIM', '9SIQT8TOJO']"}
2026-08-15T13:18:15.242802661Z {"timestamp": 1786799895.241457, "severity": "INFO", "name": "recommendationservice-server", "message": "[Recv ListRecommendations] product_ids=['9SIQT8TOJO', '1YMWWN1N4O', '0PUK6V6EV0', 'OLJCESPC7Z', 'L9ECAV7KIM']"}
2026-08-15T13:18:15.295642724Z {"timestamp": 1786799895.2939966, "severity": "INFO", "name": "recommendationservice-server", "message": "[Recv ListRecommendations] product_ids=['1YMWWN1N4O', 'LS4PSXUNUM', '9SIQT8TOJO', '0PUK6V6EV0', '66VCHSJNUP']"}
2026-08-15T13:18:15.298809319Z {"timestamp": 1786799895.2979152, "severity": "INFO", "name": "recommendationservice-server", "message": "[Recv ListRecommendations] product_ids=['LS4PSXUNUM', 'OLJCESPC7Z', '0PUK6V6EV0', 'L9ECAV7KIM', '66VCHSJNUP']"}
2026-08-15T13:18:15.588507324Z {"timestamp": 1786799895.5874074, "severity": "INFO", "name": "recommendationservice-server", "message": "[Recv ListRecommendations] product_ids=['9SIQT8TOJO', '66VCHSJNUP', '1YMWWN1N4O', '6E92ZMYYFZ', '2ZYFJ3GM2N']"}
2026-08-15T13:18:16.572588119Z {"timestamp": 1786799896.571533, "severity": "INFO", "name": "recommendationservice-server", "message": "[Recv ListRecommendations] product_ids=['2ZYFJ3GM2N', '1YMWWN1N4O', '0PUK6V6EV0', 'OLJCESPC7Z', '66VCHSJNUP']"}
2026-08-15T13:18:16.828844594Z {"timestamp": 1786799896.823427, "severity": "INFO", "name": "recommendationservice-server", "message": "[Recv ListRecommendations] product_ids=['LS4PSXUNUM', '1YMWWN1N4O', 'L9ECAV7KIM', '66VCHSJNUP', 'OLJCESPC7Z']"}
2026-08-15T13:18:17.547354658Z {"timestamp": 1786799897.5458465, "severity": "INFO", "name": "recommendationservice-server", "message": "[Recv ListRecommendations] product_ids=['0PUK6V6EV0', '2ZYFJ3GM2N', '1YMWWN1N4O', 'LS4PSXUNUM', 'L9ECAV7KIM']"}
2026-08-15T13:18:17.861851340Z {"timestamp": 1786799897.8608465, "severity": "INFO", "name": "recommendationservice-server", "message": "[Recv ListRecommendations] product_ids=['OLJCESPC7Z', 'LS4PSXUNUM', '6E92ZMYYFZ', '66VCHSJNUP', '1YMWWN1N4O']"}
2026-08-15T13:18:17.944691595Z {"timestamp": 1786799897.9436293, "severity": "INFO", "name": "recommendationservice-server", "message": "[Recv ListRecommendations] product_ids=['0PUK6V6EV0', '9SIQT8TOJO', 'L9ECAV7KIM', 'OLJCESPC7Z', '6E92ZMYYFZ']"}
2026-08-15T13:18:18.045138904Z {"timestamp": 1786799898.04411, "severity": "INFO", "name": "recommendationservice-server", "message": "[Recv ListRecommendations] product_ids=['0PUK6V6EV0', '1YMWWN1N4O', 'L9ECAV7KIM', 'LS4PSXUNUM', 'OLJCESPC7Z']"}
2026-08-15T13:18:18.332334817Z {"timestamp": 1786799898.3309793, "severity": "INFO", "name": "recommendationservice-server", "message": "[Recv ListRecommendations] product_ids=['9SIQT8TOJO', 'L9ECAV7KIM', '1YMWWN1N4O', '6E92ZMYYFZ', '0PUK6V6EV0']"}
2026-08-15T13:18:18.430972842Z {"timestamp": 1786799898.4305632, "severity": "INFO", "name": "recommendationservice-server", "message": "[Recv ListRecommendations] product_ids=['LS4PSXUNUM', 'OLJCESPC7Z', '9SIQT8TOJO', '0PUK6V6EV0', '1YMWWN1N4O']"}
2026-08-15T13:18:18.535003111Z {"timestamp": 1786799898.5344064, "severity": "INFO", "name": "recommendationservice-server", "message": "[Recv ListRecommendations] product_ids=['0PUK6V6EV0', '66VCHSJNUP', '6E92ZMYYFZ', 'OLJCESPC7Z', '1YMWWN1N4O']"}
2026-08-15T13:18:18.606523796Z {"timestamp": 1786799898.6060057, "severity": "INFO", "name": "recommendationservice-server", "message": "[Recv ListRecommendations] product_ids=['0PUK6V6EV0', '66VCHSJNUP', '9SIQT8TOJO', '2ZYFJ3GM2N', '6E92ZMYYFZ']"}
2026-08-15T13:18:19.029458836Z {"timestamp": 1786799899.0258796, "severity": "INFO", "name": "recommendationservice-server", "message": "[Recv ListRecommendations] product_ids=['1YMWWN1N4O', '2ZYFJ3GM2N', '9SIQT8TOJO', '0PUK6V6EV0', '66VCHSJNUP']"}
2026-08-15T13:18:19.087079147Z {"timestamp": 1786799899.0866976, "severity": "INFO", "name": "recommendationservice-server", "message": "[Recv ListRecommendations] product_ids=['1YMWWN1N4O', 'LS4PSXUNUM', '6E92ZMYYFZ', '2ZYFJ3GM2N', '0PUK6V6EV0']"}
2026-08-15T13:18:21.226263053Z {"timestamp": 1786799901.2251859, "severity": "INFO", "name": "recommendationservice-server", "message": "[Recv ListRecommendations] product_ids=['L9ECAV7KIM', '0PUK6V6EV0', '66VCHSJNUP', 'LS4PSXUNUM', '6E92ZMYYFZ']"}
2026-08-15T13:18:21.338920358Z {"timestamp": 1786799901.337884, "severity": "INFO", "name": "recommendationservice-server", "message": "[Recv ListRecommendations] product_ids=['2ZYFJ3GM2N', '0PUK6V6EV0', '66VCHSJNUP', '1YMWWN1N4O', 'OLJCESPC7Z']"}
2026-08-15T13:18:21.455307420Z {"timestamp": 1786799901.4548419, "severity": "INFO", "name": "recommendationservice-server", "message": "[Recv ListRecommendations] product_ids=['2ZYFJ3GM2N', '0PUK6V6EV0', 'OLJCESPC7Z', '1YMWWN1N4O', '6E92ZMYYFZ']"}
2026-08-15T13:18:22.570223432Z {"timestamp": 1786799902.5688877, "severity": "INFO", "name": "recommendationservice-server", "message": "[Recv ListRecommendations] product_ids=['2ZYFJ3GM2N', '1YMWWN1N4O', 'L9ECAV7KIM', '66VCHSJNUP', '0PUK6V6EV0']"}
2026-08-15T13:18:23.205495695Z {"timestamp": 1786799903.2042747, "severity": "INFO", "name": "recommendationservice-server", "message": "[Recv ListRecommendations] product_ids=['0PUK6V6EV0', 'LS4PSXUNUM', '2ZYFJ3GM2N', '66VCHSJNUP', '9SIQT8TOJO']"}
2026-08-15T13:18:23.923940865Z {"timestamp": 1786799903.9228747, "severity": "INFO", "name": "recommendationservice-server", "message": "[Recv ListRecommendations] product_ids=['6E92ZMYYFZ', 'OLJCESPC7Z', 'LS4PSXUNUM', 'L9ECAV7KIM', '0PUK6V6EV0']"}
2026-08-15T13:18:24.069233039Z {"timestamp": 1786799904.0685458, "severity": "INFO", "name": "recommendationservice-server", "message": "[Recv ListRecommendations] product_ids=['0PUK6V6EV0', '66VCHSJNUP', '2ZYFJ3GM2N', '9SIQT8TOJO', 'L9ECAV7KIM']"}
2026-08-15T13:18:25.028241194Z {"timestamp": 1786799905.0277712, "severity": "INFO", "name": "recommendationservice-server", "message": "[Recv ListRecommendations] product_ids=['L9ECAV7KIM', 'OLJCESPC7Z', '2ZYFJ3GM2N', '0PUK6V6EV0', '66VCHSJNUP']"}
2026-08-15T13:18:25.581690852Z {"timestamp": 1786799905.5808556, "severity": "INFO", "name": "recommendationservice-server", "message": "[Recv ListRecommendations] product_ids=['9SIQT8TOJO', '2ZYFJ3GM2N', 'OLJCESPC7Z', 'L9ECAV7KIM', 'LS4PSXUNUM']"}
2026-08-15T13:18:25.927522739Z {"timestamp": 1786799905.9272482, "severity": "INFO", "name": "recommendationservice-server", "message": "[Recv ListRecommendations] product_ids=['OLJCESPC7Z', 'LS4PSXUNUM', '2ZYFJ3GM2N', '1YMWWN1N4O', '9SIQT8TOJO']"}
2026-08-15T13:18:25.940444967Z {"timestamp": 1786799905.9400482, "severity": "INFO", "name": "recommendationservice-server", "message": "[Recv ListRecommendations] product_ids=['L9ECAV7KIM', '0PUK6V6EV0', '1YMWWN1N4O', '9SIQT8TOJO', 'LS4PSXUNUM']"}
2026-08-15T13:18:25.964548062Z {"timestamp": 1786799905.964277, "severity": "INFO", "name": "recommendationservice-server", "message": "[Recv ListRecommendations] product_ids=['6E92ZMYYFZ', '1YMWWN1N4O', 'OLJCESPC7Z', '0PUK6V6EV0', '9SIQT8TOJO']"}
2026-08-15T13:18:26.170767324Z {"timestamp": 1786799906.1694045, "severity": "INFO", "name": "recommendationservice-server", "message": "[Recv ListRecommendations] product_ids=['OLJCESPC7Z', '66VCHSJNUP', '2ZYFJ3GM2N', 'LS4PSXUNUM', '0PUK6V6EV0']"}
2026-08-15T13:18:26.332067885Z {"timestamp": 1786799906.330354, "severity": "INFO", "name": "recommendationservice-server", "message": "[Recv ListRecommendations] product_ids=['LS4PSXUNUM', '1YMWWN1N4O', 'OLJCESPC7Z', '0PUK6V6EV0', 'L9ECAV7KIM']"}
2026-08-15T13:18:27.261561591Z {"timestamp": 1786799907.2612424, "severity": "INFO", "name": "recommendationservice-server", "message": "[Recv ListRecommendations] product_ids=['0PUK6V6EV0', '2ZYFJ3GM2N', '1YMWWN1N4O', '9SIQT8TOJO', 'LS4PSXUNUM']"}
2026-08-15T13:18:27.275260435Z {"timestamp": 1786799907.2748828, "severity": "INFO", "name": "recommendationservice-server", "message": "[Recv ListRecommendations] product_ids=['L9ECAV7KIM', '0PUK6V6EV0', '9SIQT8TOJO', '6E92ZMYYFZ', 'LS4PSXUNUM']"}
2026-08-15T13:18:27.296288672Z {"timestamp": 1786799907.2960103, "severity": "INFO", "name": "recommendationservice-server", "message": "[Recv ListRecommendations] product_ids=['9SIQT8TOJO', 'L9ECAV7KIM', '1YMWWN1N4O', '2ZYFJ3GM2N', 'OLJCESPC7Z']"}
2026-08-15T13:18:28.300390213Z {"timestamp": 1786799908.2994688, "severity": "INFO", "name": "recommendationservice-server", "message": "[Recv ListRecommendations] product_ids=['6E92ZMYYFZ', '66VCHSJNUP', 'L9ECAV7KIM', 'LS4PSXUNUM', '2ZYFJ3GM2N']"}
2026-08-15T13:18:28.405054215Z {"timestamp": 1786799908.4042168, "severity": "INFO", "name": "recommendationservice-server", "message": "[Recv ListRecommendations] product_ids=['66VCHSJNUP', '2ZYFJ3GM2N', '6E92ZMYYFZ', 'L9ECAV7KIM', 'LS4PSXUNUM']"}
2026-08-15T13:18:28.606565572Z {"timestamp": 1786799908.6057136, "severity": "INFO", "name": "recommendationservice-server", "message": "[Recv ListRecommendations] product_ids=['1YMWWN1N4O', 'LS4PSXUNUM', '9SIQT8TOJO', '0PUK6V6EV0', '6E92ZMYYFZ']"}
2026-08-15T13:18:29.055368643Z {"timestamp": 1786799909.0542285, "severity": "INFO", "name": "recommendationservice-server", "message": "[Recv ListRecommendations] product_ids=['LS4PSXUNUM', '6E92ZMYYFZ', '66VCHSJNUP', 'OLJCESPC7Z', '0PUK6V6EV0']"}
2026-08-15T13:18:29.689692929Z {"timestamp": 1786799909.6887107, "severity": "INFO", "name": "recommendationservice-server", "message": "[Recv ListRecommendations] product_ids=['L9ECAV7KIM', '0PUK6V6EV0', '2ZYFJ3GM2N', '66VCHSJNUP', '9SIQT8TOJO']"}
2026-08-15T13:18:29.905485019Z {"timestamp": 1786799909.9046369, "severity": "INFO", "name": "recommendationservice-server", "message": "[Recv ListRecommendations] product_ids=['0PUK6V6EV0', 'LS4PSXUNUM', 'OLJCESPC7Z', 'L9ECAV7KIM', '9SIQT8TOJO']"}
2026-08-15T13:18:30.226841521Z {"timestamp": 1786799910.2262375, "severity": "INFO", "name": "recommendationservice-server", "message": "[Recv ListRecommendations] product_ids=['2ZYFJ3GM2N', 'LS4PSXUNUM', '0PUK6V6EV0', '6E92ZMYYFZ', '9SIQT8TOJO']"}
2026-08-15T13:18:30.374442835Z {"timestamp": 1786799910.3730211, "severity": "INFO", "name": "recommendationservice-server", "message": "[Recv ListRecommendations] product_ids=['9SIQT8TOJO', 'OLJCESPC7Z', '6E92ZMYYFZ', '66VCHSJNUP', 'L9ECAV7KIM']"}
2026-08-15T13:18:31.497317016Z {"timestamp": 1786799911.496344, "severity": "INFO", "name": "recommendationservice-server", "message": "[Recv ListRecommendations] product_ids=['66VCHSJNUP', 'LS4PSXUNUM', '0PUK6V6EV0', 'OLJCESPC7Z', 'L9ECAV7KIM']"}
2026-08-15T13:18:31.957755398Z {"timestamp": 1786799911.9567373, "severity": "INFO", "name": "recommendationservice-server", "message": "[Recv ListRecommendations] product_ids=['OLJCESPC7Z', '1YMWWN1N4O', '9SIQT8TOJO', '66VCHSJNUP', 'L9ECAV7KIM']"}
2026-08-15T13:18:32.237953405Z {"timestamp": 1786799912.2366583, "severity": "INFO", "name": "recommendationservice-server", "message": "[Recv ListRecommendations] product_ids=['2ZYFJ3GM2N', '1YMWWN1N4O', '6E92ZMYYFZ', '0PUK6V6EV0', 'L9ECAV7KIM']"}
2026-08-15T13:18:32.369489970Z {"timestamp": 1786799912.3691676, "severity": "INFO", "name": "recommendationservice-server", "message": "[Recv ListRecommendations] product_ids=['66VCHSJNUP', '6E92ZMYYFZ', '0PUK6V6EV0', '9SIQT8TOJO', 'L9ECAV7KIM']"}
2026-08-15T13:18:32.758785418Z {"timestamp": 1786799912.7584827, "severity": "INFO", "name": "recommendationservice-server", "message": "[Recv ListRecommendations] product_ids=['OLJCESPC7Z', 'L9ECAV7KIM', '6E92ZMYYFZ', '66VCHSJNUP', '0PUK6V6EV0']"}
2026-08-15T13:18:32.783087867Z {"timestamp": 1786799912.782804, "severity": "INFO", "name": "recommendationservice-server", "message": "[Recv ListRecommendations] product_ids=['1YMWWN1N4O', 'OLJCESPC7Z', '2ZYFJ3GM2N', '9SIQT8TOJO', '66VCHSJNUP']"}
2026-08-15T13:18:32.796064942Z {"timestamp": 1786799912.7957551, "severity": "INFO", "name": "recommendationservice-server", "message": "[Recv ListRecommendations] product_ids=['2ZYFJ3GM2N', 'LS4PSXUNUM', '66VCHSJNUP', '0PUK6V6EV0', '9SIQT8TOJO']"}
2026-08-15T13:18:34.107701832Z {"timestamp": 1786799914.106458, "severity": "INFO", "name": "recommendationservice-server", "message": "[Recv ListRecommendations] product_ids=['OLJCESPC7Z', 'L9ECAV7KIM', '66VCHSJNUP', 'LS4PSXUNUM', '6E92ZMYYFZ']"}
2026-08-15T13:18:34.221779378Z {"timestamp": 1786799914.2205756, "severity": "INFO", "name": "recommendationservice-server", "message": "[Recv ListRecommendations] product_ids=['9SIQT8TOJO', '66VCHSJNUP', '6E92ZMYYFZ', 'L9ECAV7KIM', '2ZYFJ3GM2N']"}
2026-08-15T13:18:34.496077369Z {"timestamp": 1786799914.494806, "severity": "INFO", "name": "recommendationservice-server", "message": "[Recv ListRecommendations] product_ids=['OLJCESPC7Z', '6E92ZMYYFZ', '0PUK6V6EV0', '9SIQT8TOJO', '66VCHSJNUP']"}
2026-08-15T13:18:34.625403965Z {"timestamp": 1786799914.6243682, "severity": "INFO", "name": "recommendationservice-server", "message": "[Recv ListRecommendations] product_ids=['OLJCESPC7Z', '0PUK6V6EV0', 'LS4PSXUNUM', 'L9ECAV7KIM', '1YMWWN1N4O']"}
2026-08-15T13:18:34.680895700Z {"timestamp": 1786799914.6804426, "severity": "INFO", "name": "recommendationservice-server", "message": "[Recv ListRecommendations] product_ids=['L9ECAV7KIM', '0PUK6V6EV0', 'LS4PSXUNUM', 'OLJCESPC7Z', '1YMWWN1N4O']"}
2026-08-15T13:18:35.592883885Z {"timestamp": 1786799915.5922513, "severity": "INFO", "name": "recommendationservice-server", "message": "[Recv ListRecommendations] product_ids=['LS4PSXUNUM', 'L9ECAV7KIM', '1YMWWN1N4O', '0PUK6V6EV0', '66VCHSJNUP']"}
2026-08-15T13:18:35.692924027Z {"timestamp": 1786799915.685227, "severity": "INFO", "name": "recommendationservice-server", "message": "[Recv ListRecommendations] product_ids=['9SIQT8TOJO', 'L9ECAV7KIM', '6E92ZMYYFZ', '66VCHSJNUP', 'LS4PSXUNUM']"}
2026-08-15T13:18:35.741396410Z {"timestamp": 1786799915.740976, "severity": "INFO", "name": "recommendationservice-server", "message": "[Recv ListRecommendations] product_ids=['2ZYFJ3GM2N', '6E92ZMYYFZ', '66VCHSJNUP', '9SIQT8TOJO', 'OLJCESPC7Z']"}
2026-08-15T13:18:36.250199062Z {"timestamp": 1786799916.249113, "severity": "INFO", "name": "recommendationservice-server", "message": "[Recv ListRecommendations] product_ids=['6E92ZMYYFZ', '0PUK6V6EV0', '2ZYFJ3GM2N', 'L9ECAV7KIM', '66VCHSJNUP']"}
2026-08-15T13:18:36.346215253Z {"timestamp": 1786799916.3457267, "severity": "INFO", "name": "recommendationservice-server", "message": "[Recv ListRecommendations] product_ids=['1YMWWN1N4O', 'L9ECAV7KIM', '0PUK6V6EV0', '66VCHSJNUP', '2ZYFJ3GM2N']"}
2026-08-15T13:18:36.436809784Z {"timestamp": 1786799916.4364386, "severity": "INFO", "name": "recommendationservice-server", "message": "[Recv ListRecommendations] product_ids=['L9ECAV7KIM', '6E92ZMYYFZ', '2ZYFJ3GM2N', 'LS4PSXUNUM', '66VCHSJNUP']"}
2026-08-15T13:18:37.641501331Z {"timestamp": 1786799917.6405427, "severity": "INFO", "name": "recommendationservice-server", "message": "[Recv ListRecommendations] product_ids=['66VCHSJNUP', '2ZYFJ3GM2N', 'LS4PSXUNUM', '1YMWWN1N4O', '6E92ZMYYFZ']"}
2026-08-15T13:18:37.760782173Z {"timestamp": 1786799917.759492, "severity": "INFO", "name": "recommendationservice-server", "message": "[Recv ListRecommendations] product_ids=['1YMWWN1N4O', '6E92ZMYYFZ', '9SIQT8TOJO', '66VCHSJNUP']"}
2026-08-15T13:18:38.780516780Z {"timestamp": 1786799918.7795398, "severity": "INFO", "name": "recommendationservice-server", "message": "[Recv ListRecommendations] product_ids=['6E92ZMYYFZ', '1YMWWN1N4O', '0PUK6V6EV0']"}
2026-08-15T13:18:38.816930279Z {"timestamp": 1786799918.816525, "severity": "INFO", "name": "recommendationservice-server", "message": "[Recv ListRecommendations] product_ids=['1YMWWN1N4O', 'LS4PSXUNUM', '2ZYFJ3GM2N', '9SIQT8TOJO', 'L9ECAV7KIM']"}
2026-08-15T13:18:39.754277317Z {"timestamp": 1786799919.7525716, "severity": "INFO", "name": "recommendationservice-server", "message": "[Recv ListRecommendations] product_ids=['66VCHSJNUP', 'L9ECAV7KIM', '2ZYFJ3GM2N', '0PUK6V6EV0', 'OLJCESPC7Z']"}
2026-08-15T13:18:39.888945225Z {"timestamp": 1786799919.8877716, "severity": "INFO", "name": "recommendationservice-server", "message": "[Recv ListRecommendations] product_ids=['OLJCESPC7Z', '9SIQT8TOJO', '0PUK6V6EV0', 'L9ECAV7KIM', 'LS4PSXUNUM']"}
2026-08-15T13:18:40.031455639Z {"timestamp": 1786799920.02997, "severity": "INFO", "name": "recommendationservice-server", "message": "[Recv ListRecommendations] product_ids=['LS4PSXUNUM', 'L9ECAV7KIM', 'OLJCESPC7Z', '66VCHSJNUP', '0PUK6V6EV0']"}
2026-08-15T13:18:40.489140018Z {"timestamp": 1786799920.4882543, "severity": "INFO", "name": "recommendationservice-server", "message": "[Recv ListRecommendations] product_ids=['2ZYFJ3GM2N', '66VCHSJNUP', 'L9ECAV7KIM', '6E92ZMYYFZ', '0PUK6V6EV0']"}
2026-08-15T13:18:40.968951300Z {"timestamp": 1786799920.9677305, "severity": "INFO", "name": "recommendationservice-server", "message": "[Recv ListRecommendations] product_ids=['6E92ZMYYFZ', '0PUK6V6EV0', 'L9ECAV7KIM', '1YMWWN1N4O', '66VCHSJNUP']"}
2026-08-15T13:18:41.436943064Z {"timestamp": 1786799921.435767, "severity": "INFO", "name": "recommendationservice-server", "message": "[Recv ListRecommendations] product_ids=['0PUK6V6EV0', '1YMWWN1N4O', 'LS4PSXUNUM', '66VCHSJNUP', 'L9ECAV7KIM']"}
2026-08-15T13:18:41.586131205Z {"timestamp": 1786799921.5850742, "severity": "INFO", "name": "recommendationservice-server", "message": "[Recv ListRecommendations] product_ids=['9SIQT8TOJO', '66VCHSJNUP', '1YMWWN1N4O', '2ZYFJ3GM2N', '6E92ZMYYFZ']"}
2026-08-15T13:18:42.559118923Z {"timestamp": 1786799922.557986, "severity": "INFO", "name": "recommendationservice-server", "message": "[Recv ListRecommendations] product_ids=['2ZYFJ3GM2N', '0PUK6V6EV0', 'LS4PSXUNUM', 'OLJCESPC7Z', '6E92ZMYYFZ']"}
2026-08-15T13:18:42.588273106Z {"timestamp": 1786799922.5871046, "severity": "INFO", "name": "recommendationservice-server", "message": "[Recv ListRecommendations] product_ids=['2ZYFJ3GM2N', '9SIQT8TOJO', '0PUK6V6EV0', '66VCHSJNUP', 'LS4PSXUNUM']"}
2026-08-15T13:18:42.855555706Z {"timestamp": 1786799922.8543806, "severity": "INFO", "name": "recommendationservice-server", "message": "[Recv ListRecommendations] product_ids=['6E92ZMYYFZ', 'L9ECAV7KIM', '2ZYFJ3GM2N', '0PUK6V6EV0', '66VCHSJNUP']"}
2026-08-15T13:18:42.924468403Z {"timestamp": 1786799922.9234948, "severity": "INFO", "name": "recommendationservice-server", "message": "[Recv ListRecommendations] product_ids=['OLJCESPC7Z', '9SIQT8TOJO', '66VCHSJNUP', '1YMWWN1N4O', '6E92ZMYYFZ']"}
2026-08-15T13:18:44.318429092Z {"timestamp": 1786799924.31743, "severity": "INFO", "name": "recommendationservice-server", "message": "[Recv ListRecommendations] product_ids=['2ZYFJ3GM2N', '1YMWWN1N4O', '66VCHSJNUP', '0PUK6V6EV0', '9SIQT8TOJO']"}
2026-08-15T13:18:44.546650091Z {"timestamp": 1786799924.5454543, "severity": "INFO", "name": "recommendationservice-server", "message": "[Recv ListRecommendations] product_ids=['6E92ZMYYFZ', '9SIQT8TOJO', '0PUK6V6EV0', '2ZYFJ3GM2N', 'OLJCESPC7Z']"}
2026-08-15T13:18:44.718680015Z {"timestamp": 1786799924.7179737, "severity": "INFO", "name": "recommendationservice-server", "message": "[Recv ListRecommendations] product_ids=['66VCHSJNUP', '0PUK6V6EV0', '2ZYFJ3GM2N', '1YMWWN1N4O', 'L9ECAV7KIM']"}
2026-08-15T13:18:44.848631291Z {"timestamp": 1786799924.8479269, "severity": "INFO", "name": "recommendationservice-server", "message": "[Recv ListRecommendations] product_ids=['2ZYFJ3GM2N', 'LS4PSXUNUM', '9SIQT8TOJO', '66VCHSJNUP', '6E92ZMYYFZ']"}
2026-08-15T13:18:44.926691509Z {"timestamp": 1786799924.926134, "severity": "INFO", "name": "recommendationservice-server", "message": "[Recv ListRecommendations] product_ids=['2ZYFJ3GM2N', 'L9ECAV7KIM', 'LS4PSXUNUM', '66VCHSJNUP', '6E92ZMYYFZ']"}
2026-08-15T13:18:45.047813016Z {"timestamp": 1786799925.0471482, "severity": "INFO", "name": "recommendationservice-server", "message": "[Recv ListRecommendations] product_ids=['1YMWWN1N4O', '2ZYFJ3GM2N', 'L9ECAV7KIM', '6E92ZMYYFZ', '0PUK6V6EV0']"}
2026-08-15T13:18:45.828786355Z {"timestamp": 1786799925.8282068, "severity": "INFO", "name": "recommendationservice-server", "message": "[Recv ListRecommendations] product_ids=['2ZYFJ3GM2N', 'LS4PSXUNUM', '1YMWWN1N4O', '9SIQT8TOJO', '0PUK6V6EV0']"}
2026-08-15T13:18:46.144917889Z {"timestamp": 1786799926.1445506, "severity": "INFO", "name": "recommendationservice-server", "message": "[Recv ListRecommendations] product_ids=['6E92ZMYYFZ', '2ZYFJ3GM2N', 'OLJCESPC7Z', 'L9ECAV7KIM', 'LS4PSXUNUM']"}
2026-08-15T13:18:46.160881683Z {"timestamp": 1786799926.160472, "severity": "INFO", "name": "recommendationservice-server", "message": "[Recv ListRecommendations] product_ids=['6E92ZMYYFZ', '1YMWWN1N4O', 'OLJCESPC7Z', '0PUK6V6EV0', '66VCHSJNUP']"}
2026-08-15T13:18:46.638561634Z {"timestamp": 1786799926.6360722, "severity": "INFO", "name": "recommendationservice-server", "message": "[Recv ListRecommendations] product_ids=['1YMWWN1N4O', '9SIQT8TOJO', 'OLJCESPC7Z', '66VCHSJNUP', '6E92ZMYYFZ']"}
2026-08-15T13:18:46.736902467Z {"timestamp": 1786799926.7356946, "severity": "INFO", "name": "recommendationservice-server", "message": "[Recv ListRecommendations] product_ids=['1YMWWN1N4O', '6E92ZMYYFZ', '2ZYFJ3GM2N', '0PUK6V6EV0', '66VCHSJNUP']"}
2026-08-15T13:18:46.926152765Z {"timestamp": 1786799926.9227538, "severity": "INFO", "name": "recommendationservice-server", "message": "[Recv ListRecommendations] product_ids=['1YMWWN1N4O', '0PUK6V6EV0', '66VCHSJNUP', '2ZYFJ3GM2N', '6E92ZMYYFZ']"}
2026-08-15T13:18:47.044386957Z {"timestamp": 1786799927.0437896, "severity": "INFO", "name": "recommendationservice-server", "message": "[Recv ListRecommendations] product_ids=['OLJCESPC7Z', '1YMWWN1N4O', 'LS4PSXUNUM', '9SIQT8TOJO', 'L9ECAV7KIM']"}
2026-08-15T13:18:49.270566096Z {"timestamp": 1786799929.2692926, "severity": "INFO", "name": "recommendationservice-server", "message": "[Recv ListRecommendations] product_ids=['L9ECAV7KIM', '2ZYFJ3GM2N', 'LS4PSXUNUM', '0PUK6V6EV0', '1YMWWN1N4O']"}
2026-08-15T13:18:49.339849154Z {"timestamp": 1786799929.338442, "severity": "INFO", "name": "recommendationservice-server", "message": "[Recv ListRecommendations] product_ids=['6E92ZMYYFZ', 'OLJCESPC7Z', '0PUK6V6EV0', '9SIQT8TOJO', 'LS4PSXUNUM']"}
2026-08-15T13:18:49.784390442Z {"timestamp": 1786799929.7834744, "severity": "INFO", "name": "recommendationservice-server", "message": "[Recv ListRecommendations] product_ids=['9SIQT8TOJO', '6E92ZMYYFZ', 'OLJCESPC7Z', 'LS4PSXUNUM', '1YMWWN1N4O']"}
2026-08-15T13:18:50.416641407Z {"timestamp": 1786799930.4155712, "severity": "INFO", "name": "recommendationservice-server", "message": "[Recv ListRecommendations] product_ids=['9SIQT8TOJO', '2ZYFJ3GM2N', 'LS4PSXUNUM', 'L9ECAV7KIM', '1YMWWN1N4O']"}
2026-08-15T13:18:50.528608498Z {"timestamp": 1786799930.5275342, "severity": "INFO", "name": "recommendationservice-server", "message": "[Recv ListRecommendations] product_ids=['66VCHSJNUP', 'OLJCESPC7Z', '2ZYFJ3GM2N', 'L9ECAV7KIM', '6E92ZMYYFZ']"}
2026-08-15T13:18:50.681424960Z {"timestamp": 1786799930.6804652, "severity": "INFO", "name": "recommendationservice-server", "message": "[Recv ListRecommendations] product_ids=['LS4PSXUNUM', '1YMWWN1N4O', 'L9ECAV7KIM', '2ZYFJ3GM2N', '9SIQT8TOJO']"}
2026-08-15T13:18:51.106028283Z {"timestamp": 1786799931.1048615, "severity": "INFO", "name": "recommendationservice-server", "message": "[Recv ListRecommendations] product_ids=['2ZYFJ3GM2N', '1YMWWN1N4O', '9SIQT8TOJO', '6E92ZMYYFZ', '66VCHSJNUP']"}
2026-08-15T13:18:51.297811145Z {"timestamp": 1786799931.2967722, "severity": "INFO", "name": "recommendationservice-server", "message": "[Recv ListRecommendations] product_ids=['9SIQT8TOJO', 'OLJCESPC7Z', 'LS4PSXUNUM', '66VCHSJNUP', '6E92ZMYYFZ']"}
2026-08-15T13:18:52.368019090Z {"timestamp": 1786799932.3676226, "severity": "INFO", "name": "recommendationservice-server", "message": "[Recv ListRecommendations] product_ids=['6E92ZMYYFZ', '0PUK6V6EV0', 'LS4PSXUNUM', 'OLJCESPC7Z', '9SIQT8TOJO']"}
2026-08-15T13:18:52.386560342Z {"timestamp": 1786799932.386117, "severity": "INFO", "name": "recommendationservice-server", "message": "[Recv ListRecommendations] product_ids=['66VCHSJNUP', '6E92ZMYYFZ', '1YMWWN1N4O', '9SIQT8TOJO']"}
2026-08-15T13:18:52.500709413Z {"timestamp": 1786799932.4997315, "severity": "INFO", "name": "recommendationservice-server", "message": "[Recv ListRecommendations] product_ids=['L9ECAV7KIM', '66VCHSJNUP', '0PUK6V6EV0', 'OLJCESPC7Z', '2ZYFJ3GM2N']"}
2026-08-15T13:18:54.299130855Z {"timestamp": 1786799934.2980216, "severity": "INFO", "name": "recommendationservice-server", "message": "[Recv ListRecommendations] product_ids=['OLJCESPC7Z', '2ZYFJ3GM2N', 'L9ECAV7KIM', '9SIQT8TOJO', 'LS4PSXUNUM']"}
2026-08-15T13:18:55.381953736Z {"timestamp": 1786799935.380607, "severity": "INFO", "name": "recommendationservice-server", "message": "[Recv ListRecommendations] product_ids=['LS4PSXUNUM', '6E92ZMYYFZ', '1YMWWN1N4O', '2ZYFJ3GM2N', 'OLJCESPC7Z']"}
2026-08-15T13:18:55.573556608Z {"timestamp": 1786799935.5723796, "severity": "INFO", "name": "recommendationservice-server", "message": "[Recv ListRecommendations] product_ids=['0PUK6V6EV0', 'LS4PSXUNUM', '2ZYFJ3GM2N', 'OLJCESPC7Z', '66VCHSJNUP']"}
2026-08-15T13:18:56.024114454Z {"timestamp": 1786799936.0236886, "severity": "INFO", "name": "recommendationservice-server", "message": "[Recv ListRecommendations] product_ids=['1YMWWN1N4O', 'L9ECAV7KIM', '0PUK6V6EV0', '6E92ZMYYFZ', 'OLJCESPC7Z']"}
2026-08-15T13:18:56.252519705Z {"timestamp": 1786799936.2514663, "severity": "INFO", "name": "recommendationservice-server", "message": "[Recv ListRecommendations] product_ids=['0PUK6V6EV0', '66VCHSJNUP', '1YMWWN1N4O', 'L9ECAV7KIM', '6E92ZMYYFZ']"}
2026-08-15T13:18:56.538969728Z {"timestamp": 1786799936.5377903, "severity": "INFO", "name": "recommendationservice-server", "message": "[Recv ListRecommendations] product_ids=['66VCHSJNUP', 'L9ECAV7KIM', '6E92ZMYYFZ', 'OLJCESPC7Z', 'LS4PSXUNUM']"}
2026-08-15T13:18:57.794380204Z {"timestamp": 1786799937.7929883, "severity": "INFO", "name": "recommendationservice-server", "message": "[Recv ListRecommendations] product_ids=['6E92ZMYYFZ', 'LS4PSXUNUM', 'L9ECAV7KIM', '0PUK6V6EV0', '66VCHSJNUP']"}
2026-08-15T13:18:58.087745044Z {"timestamp": 1786799938.0871935, "severity": "INFO", "name": "recommendationservice-server", "message": "[Recv ListRecommendations] product_ids=['OLJCESPC7Z', '66VCHSJNUP', '2ZYFJ3GM2N', 'L9ECAV7KIM', 'LS4PSXUNUM']"}
2026-08-15T13:18:58.184336550Z {"timestamp": 1786799938.182809, "severity": "INFO", "name": "recommendationservice-server", "message": "[Recv ListRecommendations] product_ids=['0PUK6V6EV0', 'L9ECAV7KIM', '9SIQT8TOJO', 'OLJCESPC7Z', '1YMWWN1N4O']"}
2026-08-15T13:18:58.299718831Z {"timestamp": 1786799938.2982562, "severity": "INFO", "name": "recommendationservice-server", "message": "[Recv ListRecommendations] product_ids=['L9ECAV7KIM', '6E92ZMYYFZ', '9SIQT8TOJO', '2ZYFJ3GM2N']"}
2026-08-15T13:18:58.482826846Z {"timestamp": 1786799938.4824474, "severity": "INFO", "name": "recommendationservice-server", "message": "[Recv ListRecommendations] product_ids=['9SIQT8TOJO', '6E92ZMYYFZ', '1YMWWN1N4O', '2ZYFJ3GM2N', 'LS4PSXUNUM']"}
2026-08-15T13:18:58.516151615Z {"timestamp": 1786799938.515927, "severity": "INFO", "name": "recommendationservice-server", "message": "[Recv ListRecommendations] product_ids=['9SIQT8TOJO', 'L9ECAV7KIM', '6E92ZMYYFZ', 'LS4PSXUNUM', '2ZYFJ3GM2N']"}
2026-08-15T13:18:58.578363459Z {"timestamp": 1786799938.578097, "severity": "INFO", "name": "recommendationservice-server", "message": "[Recv ListRecommendations] product_ids=['L9ECAV7KIM', '2ZYFJ3GM2N', '6E92ZMYYFZ', '9SIQT8TOJO', 'LS4PSXUNUM']"}
2026-08-15T13:18:58.590110805Z {"timestamp": 1786799938.5897844, "severity": "INFO", "name": "recommendationservice-server", "message": "[Recv ListRecommendations] product_ids=['1YMWWN1N4O', '9SIQT8TOJO', '6E92ZMYYFZ', '66VCHSJNUP']"}
2026-08-15T13:18:58.628850657Z {"timestamp": 1786799938.6285634, "severity": "INFO", "name": "recommendationservice-server", "message": "[Recv ListRecommendations] product_ids=['1YMWWN1N4O', 'LS4PSXUNUM', 'L9ECAV7KIM', 'OLJCESPC7Z', '0PUK6V6EV0']"}
2026-08-15T13:18:58.955921300Z {"timestamp": 1786799938.9552522, "severity": "INFO", "name": "recommendationservice-server", "message": "[Recv ListRecommendations] product_ids=['L9ECAV7KIM', '0PUK6V6EV0', '66VCHSJNUP', 'OLJCESPC7Z', '1YMWWN1N4O']"}
2026-08-15T13:18:59.944412076Z {"timestamp": 1786799939.9432678, "severity": "INFO", "name": "recommendationservice-server", "message": "[Recv ListRecommendations] product_ids=['66VCHSJNUP', '2ZYFJ3GM2N', '9SIQT8TOJO', 'LS4PSXUNUM', '1YMWWN1N4O']"}
2026-08-15T13:19:00.502276352Z {"timestamp": 1786799940.5009367, "severity": "INFO", "name": "recommendationservice-server", "message": "[Recv ListRecommendations] product_ids=['66VCHSJNUP', '0PUK6V6EV0', '1YMWWN1N4O', 'L9ECAV7KIM', 'LS4PSXUNUM']"}
2026-08-15T13:19:00.933008922Z {"timestamp": 1786799940.9319105, "severity": "INFO", "name": "recommendationservice-server", "message": "[Recv ListRecommendations] product_ids=['6E92ZMYYFZ', '2ZYFJ3GM2N', '1YMWWN1N4O', '0PUK6V6EV0', '66VCHSJNUP']"}
2026-08-15T13:19:01.034520228Z {"timestamp": 1786799941.0334208, "severity": "INFO", "name": "recommendationservice-server", "message": "[Recv ListRecommendations] product_ids=['0PUK6V6EV0', 'LS4PSXUNUM', '66VCHSJNUP', '2ZYFJ3GM2N', 'L9ECAV7KIM']"}
2026-08-15T13:19:01.117773062Z {"timestamp": 1786799941.1166942, "severity": "INFO", "name": "recommendationservice-server", "message": "[Recv ListRecommendations] product_ids=['2ZYFJ3GM2N', 'OLJCESPC7Z', '1YMWWN1N4O', '0PUK6V6EV0', '9SIQT8TOJO']"}
2026-08-15T13:19:01.512760908Z {"timestamp": 1786799941.5115857, "severity": "INFO", "name": "recommendationservice-server", "message": "[Recv ListRecommendations] product_ids=['1YMWWN1N4O', 'LS4PSXUNUM', 'L9ECAV7KIM', '6E92ZMYYFZ', '9SIQT8TOJO']"}
2026-08-15T13:19:01.875728793Z {"timestamp": 1786799941.8722734, "severity": "INFO", "name": "recommendationservice-server", "message": "[Recv ListRecommendations] product_ids=['L9ECAV7KIM', '2ZYFJ3GM2N', '1YMWWN1N4O', '6E92ZMYYFZ', '9SIQT8TOJO']"}
2026-08-15T13:19:01.920121231Z {"timestamp": 1786799941.9198031, "severity": "INFO", "name": "recommendationservice-server", "message": "[Recv ListRecommendations] product_ids=['6E92ZMYYFZ', '66VCHSJNUP', '0PUK6V6EV0', '2ZYFJ3GM2N', 'L9ECAV7KIM']"}
2026-08-15T13:19:01.987757596Z {"timestamp": 1786799941.98755, "severity": "INFO", "name": "recommendationservice-server", "message": "[Recv ListRecommendations] product_ids=['OLJCESPC7Z', 'LS4PSXUNUM', '6E92ZMYYFZ', '0PUK6V6EV0', '2ZYFJ3GM2N']"}
2026-08-15T13:19:02.070082690Z {"timestamp": 1786799942.0697746, "severity": "INFO", "name": "recommendationservice-server", "message": "[Recv ListRecommendations] product_ids=['1YMWWN1N4O', '6E92ZMYYFZ', '66VCHSJNUP', '2ZYFJ3GM2N', 'OLJCESPC7Z']"}
2026-08-15T13:19:02.730849171Z {"timestamp": 1786799942.7303116, "severity": "INFO", "name": "recommendationservice-server", "message": "[Recv ListRecommendations] product_ids=['66VCHSJNUP', '9SIQT8TOJO', 'L9ECAV7KIM', '2ZYFJ3GM2N', 'LS4PSXUNUM']"}
2026-08-15T13:19:02.746040776Z {"timestamp": 1786799942.7457435, "severity": "INFO", "name": "recommendationservice-server", "message": "[Recv ListRecommendations] product_ids=['OLJCESPC7Z', '66VCHSJNUP', '2ZYFJ3GM2N', 'L9ECAV7KIM', '9SIQT8TOJO']"}
2026-08-15T13:19:02.819850278Z {"timestamp": 1786799942.8195055, "severity": "INFO", "name": "recommendationservice-server", "message": "[Recv ListRecommendations] product_ids=['L9ECAV7KIM', '2ZYFJ3GM2N', '1YMWWN1N4O', '66VCHSJNUP', 'LS4PSXUNUM']"}
2026-08-15T13:19:03.185970242Z {"timestamp": 1786799943.1855922, "severity": "INFO", "name": "recommendationservice-server", "message": "[Recv ListRecommendations] product_ids=['LS4PSXUNUM', '9SIQT8TOJO', '66VCHSJNUP', '6E92ZMYYFZ', '2ZYFJ3GM2N']"}
2026-08-15T13:19:03.225090779Z {"timestamp": 1786799943.2247496, "severity": "INFO", "name": "recommendationservice-server", "message": "[Recv ListRecommendations] product_ids=['0PUK6V6EV0', '2ZYFJ3GM2N', '9SIQT8TOJO', 'OLJCESPC7Z', '1YMWWN1N4O']"}
2026-08-15T13:19:03.306077270Z {"timestamp": 1786799943.3057616, "severity": "INFO", "name": "recommendationservice-server", "message": "[Recv ListRecommendations] product_ids=['0PUK6V6EV0', '9SIQT8TOJO', '6E92ZMYYFZ', '66VCHSJNUP', 'L9ECAV7KIM']"}
2026-08-15T13:19:03.318549463Z {"timestamp": 1786799943.3181665, "severity": "INFO", "name": "recommendationservice-server", "message": "[Recv ListRecommendations] product_ids=['2ZYFJ3GM2N', '6E92ZMYYFZ', 'L9ECAV7KIM', 'LS4PSXUNUM', '66VCHSJNUP']"}
2026-08-15T13:19:03.547892969Z {"timestamp": 1786799943.5474617, "severity": "INFO", "name": "recommendationservice-server", "message": "[Recv ListRecommendations] product_ids=['0PUK6V6EV0', '2ZYFJ3GM2N', 'OLJCESPC7Z', '1YMWWN1N4O', 'L9ECAV7KIM']"}
2026-08-15T13:19:04.421301322Z {"timestamp": 1786799944.4207563, "severity": "INFO", "name": "recommendationservice-server", "message": "[Recv ListRecommendations] product_ids=['6E92ZMYYFZ', 'LS4PSXUNUM', '66VCHSJNUP', '0PUK6V6EV0', '2ZYFJ3GM2N']"}
2026-08-15T13:19:04.741556825Z {"timestamp": 1786799944.7382307, "severity": "INFO", "name": "recommendationservice-server", "message": "[Recv ListRecommendations] product_ids=['2ZYFJ3GM2N', 'LS4PSXUNUM', '6E92ZMYYFZ', '1YMWWN1N4O', 'OLJCESPC7Z']"}
2026-08-15T13:19:04.809458531Z {"timestamp": 1786799944.8090944, "severity": "INFO", "name": "recommendationservice-server", "message": "[Recv ListRecommendations] product_ids=['2ZYFJ3GM2N', '6E92ZMYYFZ', '66VCHSJNUP', 'L9ECAV7KIM', 'LS4PSXUNUM']"}
2026-08-15T13:19:04.818323376Z {"timestamp": 1786799944.8178108, "severity": "INFO", "name": "recommendationservice-server", "message": "[Recv ListRecommendations] product_ids=['L9ECAV7KIM', '2ZYFJ3GM2N', '9SIQT8TOJO', '6E92ZMYYFZ']"}
2026-08-15T13:19:05.917068227Z {"timestamp": 1786799945.9167252, "severity": "INFO", "name": "recommendationservice-server", "message": "[Recv ListRecommendations] product_ids=['2ZYFJ3GM2N', '66VCHSJNUP', 'L9ECAV7KIM', '0PUK6V6EV0', '1YMWWN1N4O']"}
2026-08-15T13:19:05.967150227Z {"timestamp": 1786799945.966766, "severity": "INFO", "name": "recommendationservice-server", "message": "[Recv ListRecommendations] product_ids=['0PUK6V6EV0', 'LS4PSXUNUM', 'L9ECAV7KIM', '66VCHSJNUP', '9SIQT8TOJO']"}
2026-08-15T13:19:06.013348939Z {"timestamp": 1786799946.0128694, "severity": "INFO", "name": "recommendationservice-server", "message": "[Recv ListRecommendations] product_ids=['LS4PSXUNUM', '9SIQT8TOJO', '1YMWWN1N4O', 'OLJCESPC7Z', 'L9ECAV7KIM']"}
2026-08-15T13:19:06.241679591Z {"timestamp": 1786799946.241181, "severity": "INFO", "name": "recommendationservice-server", "message": "[Recv ListRecommendations] product_ids=['66VCHSJNUP', 'LS4PSXUNUM', '1YMWWN1N4O', '6E92ZMYYFZ', 'L9ECAV7KIM']"}
2026-08-15T13:19:06.277505729Z {"timestamp": 1786799946.2769167, "severity": "INFO", "name": "recommendationservice-server", "message": "[Recv ListRecommendations] product_ids=['0PUK6V6EV0', '9SIQT8TOJO', 'OLJCESPC7Z', '1YMWWN1N4O', 'L9ECAV7KIM']"}
2026-08-15T13:19:06.462900865Z {"timestamp": 1786799946.461909, "severity": "INFO", "name": "recommendationservice-server", "message": "[Recv ListRecommendations] product_ids=['2ZYFJ3GM2N', '1YMWWN1N4O', '6E92ZMYYFZ', 'L9ECAV7KIM', 'LS4PSXUNUM']"}
2026-08-15T13:19:06.977889322Z {"timestamp": 1786799946.9769113, "severity": "INFO", "name": "recommendationservice-server", "message": "[Recv ListRecommendations] product_ids=['0PUK6V6EV0', 'OLJCESPC7Z', '9SIQT8TOJO', '1YMWWN1N4O', 'L9ECAV7KIM']"}
2026-08-15T13:19:08.781581625Z {"timestamp": 1786799948.7807055, "severity": "INFO", "name": "recommendationservice-server", "message": "[Recv ListRecommendations] product_ids=['66VCHSJNUP', '9SIQT8TOJO', 'L9ECAV7KIM', '0PUK6V6EV0', '6E92ZMYYFZ']"}
2026-08-15T13:19:09.538793576Z {"timestamp": 1786799949.5377383, "severity": "INFO", "name": "recommendationservice-server", "message": "[Recv ListRecommendations] product_ids=['1YMWWN1N4O', 'L9ECAV7KIM', '66VCHSJNUP', '6E92ZMYYFZ', '0PUK6V6EV0']"}
2026-08-15T13:19:09.641860776Z {"timestamp": 1786799949.6409621, "severity": "INFO", "name": "recommendationservice-server", "message": "[Recv ListRecommendations] product_ids=['OLJCESPC7Z', '1YMWWN1N4O', '0PUK6V6EV0', 'L9ECAV7KIM', 'LS4PSXUNUM']"}
2026-08-15T13:19:09.734718522Z {"timestamp": 1786799949.7338245, "severity": "INFO", "name": "recommendationservice-server", "message": "[Recv ListRecommendations] product_ids=['2ZYFJ3GM2N', 'OLJCESPC7Z', 'L9ECAV7KIM', 'LS4PSXUNUM', '1YMWWN1N4O']"}
2026-08-15T13:19:10.129771903Z {"timestamp": 1786799950.128721, "severity": "INFO", "name": "recommendationservice-server", "message": "[Recv ListRecommendations] product_ids=['66VCHSJNUP', '9SIQT8TOJO', 'L9ECAV7KIM', 'OLJCESPC7Z', '6E92ZMYYFZ']"}
2026-08-15T13:19:10.240054203Z {"timestamp": 1786799950.2385643, "severity": "INFO", "name": "recommendationservice-server", "message": "[Recv ListRecommendations] product_ids=['6E92ZMYYFZ', '0PUK6V6EV0', '1YMWWN1N4O', 'LS4PSXUNUM', 'OLJCESPC7Z']"}
2026-08-15T13:19:10.313760431Z {"timestamp": 1786799950.313394, "severity": "INFO", "name": "recommendationservice-server", "message": "[Recv ListRecommendations] product_ids=['0PUK6V6EV0', '2ZYFJ3GM2N', 'LS4PSXUNUM', '1YMWWN1N4O', '9SIQT8TOJO']"}
2026-08-15T13:19:11.037473978Z {"timestamp": 1786799951.0368562, "severity": "INFO", "name": "recommendationservice-server", "message": "[Recv ListRecommendations] product_ids=['OLJCESPC7Z', 'LS4PSXUNUM', '2ZYFJ3GM2N', '6E92ZMYYFZ', '1YMWWN1N4O']"}
2026-08-15T13:19:11.063661668Z {"timestamp": 1786799951.0629017, "severity": "INFO", "name": "recommendationservice-server", "message": "[Recv ListRecommendations] product_ids=['L9ECAV7KIM', '2ZYFJ3GM2N', '9SIQT8TOJO', 'LS4PSXUNUM', '66VCHSJNUP']"}
2026-08-15T13:19:11.971823413Z {"timestamp": 1786799951.9713495, "severity": "INFO", "name": "recommendationservice-server", "message": "[Recv ListRecommendations] product_ids=['2ZYFJ3GM2N', '66VCHSJNUP', '9SIQT8TOJO', '1YMWWN1N4O', 'L9ECAV7KIM']"}
2026-08-15T13:19:12.011043088Z {"timestamp": 1786799952.0104988, "severity": "INFO", "name": "recommendationservice-server", "message": "[Recv ListRecommendations] product_ids=['LS4PSXUNUM', '2ZYFJ3GM2N', '0PUK6V6EV0', '66VCHSJNUP', 'L9ECAV7KIM']"}
2026-08-15T13:19:12.907996726Z {"timestamp": 1786799952.9075618, "severity": "INFO", "name": "recommendationservice-server", "message": "[Recv ListRecommendations] product_ids=['0PUK6V6EV0', '9SIQT8TOJO', 'LS4PSXUNUM', '6E92ZMYYFZ', '1YMWWN1N4O']"}
2026-08-15T13:19:13.169427852Z {"timestamp": 1786799953.168067, "severity": "INFO", "name": "recommendationservice-server", "message": "[Recv ListRecommendations] product_ids=['OLJCESPC7Z', 'LS4PSXUNUM', '9SIQT8TOJO', '2ZYFJ3GM2N', '0PUK6V6EV0']"}
2026-08-15T13:19:13.406054998Z {"timestamp": 1786799953.4047189, "severity": "INFO", "name": "recommendationservice-server", "message": "[Recv ListRecommendations] product_ids=['6E92ZMYYFZ', 'OLJCESPC7Z', '1YMWWN1N4O', '9SIQT8TOJO', 'LS4PSXUNUM']"}
2026-08-15T13:19:14.445997119Z {"timestamp": 1786799954.444819, "severity": "INFO", "name": "recommendationservice-server", "message": "[Recv ListRecommendations] product_ids=['6E92ZMYYFZ', '0PUK6V6EV0', '9SIQT8TOJO', 'OLJCESPC7Z', 'L9ECAV7KIM']"}
2026-08-15T13:19:14.622010132Z {"timestamp": 1786799954.6207733, "severity": "INFO", "name": "recommendationservice-server", "message": "[Recv ListRecommendations] product_ids=['0PUK6V6EV0', 'L9ECAV7KIM', 'OLJCESPC7Z', '9SIQT8TOJO', 'LS4PSXUNUM']"}
2026-08-15T13:19:14.940481847Z {"timestamp": 1786799954.9398558, "severity": "INFO", "name": "recommendationservice-server", "message": "[Recv ListRecommendations] product_ids=['LS4PSXUNUM', '6E92ZMYYFZ', 'L9ECAV7KIM', 'OLJCESPC7Z', '9SIQT8TOJO']"}
2026-08-15T13:19:15.829783119Z {"timestamp": 1786799955.82631, "severity": "INFO", "name": "recommendationservice-server", "message": "[Recv ListRecommendations] product_ids=['2ZYFJ3GM2N', '9SIQT8TOJO', '0PUK6V6EV0', '6E92ZMYYFZ', '1YMWWN1N4O']"}
2026-08-15T13:19:15.886978132Z {"timestamp": 1786799955.8866317, "severity": "INFO", "name": "recommendationservice-server", "message": "[Recv ListRecommendations] product_ids=['L9ECAV7KIM', '6E92ZMYYFZ', '9SIQT8TOJO', '2ZYFJ3GM2N']"}
2026-08-15T13:19:16.145089952Z {"timestamp": 1786799956.143946, "severity": "INFO", "name": "recommendationservice-server", "message": "[Recv ListRecommendations] product_ids=['0PUK6V6EV0', '2ZYFJ3GM2N', '66VCHSJNUP', '1YMWWN1N4O', '6E92ZMYYFZ']"}
2026-08-15T13:19:16.343582882Z {"timestamp": 1786799956.3421168, "severity": "INFO", "name": "recommendationservice-server", "message": "[Recv ListRecommendations] product_ids=['9SIQT8TOJO', 'L9ECAV7KIM', '66VCHSJNUP', 'LS4PSXUNUM', '0PUK6V6EV0']"}
