2026-08-21T07:34:06.533530665Z {"timestamp": 1787297646.5327914, "severity": "INFO", "name": "recommendationservice-server", "message": "[Recv ListRecommendations] product_ids=['66VCHSJNUP', '9SIQT8TOJO', 'OLJCESPC7Z', '6E92ZMYYFZ', '2ZYFJ3GM2N']"}
2026-08-21T07:34:06.649385521Z {"timestamp": 1787297646.64826, "severity": "INFO", "name": "recommendationservice-server", "message": "[Recv ListRecommendations] product_ids=['66VCHSJNUP', '6E92ZMYYFZ', '1YMWWN1N4O', 'OLJCESPC7Z', 'LS4PSXUNUM']"}
2026-08-21T07:34:07.278704050Z {"timestamp": 1787297647.2781818, "severity": "INFO", "name": "recommendationservice-server", "message": "[Recv ListRecommendations] product_ids=['6E92ZMYYFZ', 'L9ECAV7KIM', '2ZYFJ3GM2N', '9SIQT8TOJO', '66VCHSJNUP']"}
2026-08-21T07:34:07.491457353Z {"timestamp": 1787297647.4906092, "severity": "INFO", "name": "recommendationservice-server", "message": "[Recv ListRecommendations] product_ids=['0PUK6V6EV0', 'L9ECAV7KIM', 'LS4PSXUNUM', '66VCHSJNUP', '9SIQT8TOJO']"}
2026-08-21T07:34:08.893523909Z {"timestamp": 1787297648.8921785, "severity": "INFO", "name": "recommendationservice-server", "message": "[Recv ListRecommendations] product_ids=['2ZYFJ3GM2N', '66VCHSJNUP', 'OLJCESPC7Z', '9SIQT8TOJO', '1YMWWN1N4O']"}
2026-08-21T07:34:08.978144401Z {"timestamp": 1787297648.977813, "severity": "INFO", "name": "recommendationservice-server", "message": "[Recv ListRecommendations] product_ids=['OLJCESPC7Z', '1YMWWN1N4O', '9SIQT8TOJO', '2ZYFJ3GM2N', '0PUK6V6EV0']"}
2026-08-21T07:34:09.028623214Z {"timestamp": 1787297649.0281951, "severity": "INFO", "name": "recommendationservice-server", "message": "[Recv ListRecommendations] product_ids=['L9ECAV7KIM', '1YMWWN1N4O', '66VCHSJNUP', '9SIQT8TOJO', 'LS4PSXUNUM']"}
2026-08-21T07:34:09.273045342Z {"timestamp": 1787297649.2716694, "severity": "INFO", "name": "recommendationservice-server", "message": "[Recv ListRecommendations] product_ids=['6E92ZMYYFZ', 'LS4PSXUNUM', 'L9ECAV7KIM', '9SIQT8TOJO', '1YMWWN1N4O']"}
2026-08-21T07:34:09.527748439Z {"timestamp": 1787297649.5266972, "severity": "INFO", "name": "recommendationservice-server", "message": "[Recv ListRecommendations] product_ids=['0PUK6V6EV0', '9SIQT8TOJO', 'L9ECAV7KIM', 'OLJCESPC7Z', 'LS4PSXUNUM']"}
2026-08-21T07:34:18.143085189Z {"timestamp": 1787297658.1426437, "severity": "INFO", "name": "recommendationservice-server", "message": "[Recv ListRecommendations] product_ids=['0PUK6V6EV0', '6E92ZMYYFZ', '9SIQT8TOJO', '1YMWWN1N4O', 'LS4PSXUNUM']"}
2026-08-21T07:34:18.145842871Z {"timestamp": 1787297658.1452844, "severity": "INFO", "name": "recommendationservice-server", "message": "[Recv ListRecommendations] product_ids=['LS4PSXUNUM', 'OLJCESPC7Z', '66VCHSJNUP', '9SIQT8TOJO', 'L9ECAV7KIM']"}
2026-08-21T07:34:18.149295376Z {"timestamp": 1787297658.148322, "severity": "INFO", "name": "recommendationservice-server", "message": "[Recv ListRecommendations] product_ids=['OLJCESPC7Z', '2ZYFJ3GM2N', '6E92ZMYYFZ', '1YMWWN1N4O', 'L9ECAV7KIM']"}
2026-08-21T07:34:18.167313729Z {"timestamp": 1787297658.1665828, "severity": "INFO", "name": "recommendationservice-server", "message": "[Recv ListRecommendations] product_ids=['0PUK6V6EV0', 'LS4PSXUNUM', '1YMWWN1N4O', '9SIQT8TOJO', '66VCHSJNUP']"}
2026-08-21T07:34:18.174797539Z {"timestamp": 1787297658.173633, "severity": "INFO", "name": "recommendationservice-server", "message": "[Recv ListRecommendations] product_ids=['2ZYFJ3GM2N', '66VCHSJNUP', '9SIQT8TOJO', 'LS4PSXUNUM', 'OLJCESPC7Z']"}
2026-08-21T07:34:18.187575875Z {"timestamp": 1787297658.1779764, "severity": "INFO", "name": "recommendationservice-server", "message": "[Recv ListRecommendations] product_ids=['6E92ZMYYFZ', 'LS4PSXUNUM', '0PUK6V6EV0', 'OLJCESPC7Z', 'L9ECAV7KIM']"}
2026-08-21T07:34:18.190489485Z {"timestamp": 1787297658.1890476, "severity": "INFO", "name": "recommendationservice-server", "message": "[Recv ListRecommendations] product_ids=['1YMWWN1N4O', '66VCHSJNUP', 'LS4PSXUNUM', '2ZYFJ3GM2N', '9SIQT8TOJO']"}
2026-08-21T07:34:18.196906708Z {"timestamp": 1787297658.1940217, "severity": "INFO", "name": "recommendationservice-server", "message": "[Recv ListRecommendations] product_ids=['66VCHSJNUP', 'OLJCESPC7Z', 'LS4PSXUNUM', '6E92ZMYYFZ', '0PUK6V6EV0']"}
2026-08-21T07:34:18.197721551Z {"timestamp": 1787297658.197147, "severity": "INFO", "name": "recommendationservice-server", "message": "[Recv ListRecommendations] product_ids=['LS4PSXUNUM', '66VCHSJNUP', 'OLJCESPC7Z', '0PUK6V6EV0', '1YMWWN1N4O']"}
2026-08-21T07:34:18.200475733Z {"timestamp": 1787297658.1998916, "severity": "INFO", "name": "recommendationservice-server", "message": "[Recv ListRecommendations] product_ids=['OLJCESPC7Z', '1YMWWN1N4O', 'LS4PSXUNUM', '66VCHSJNUP', 'L9ECAV7KIM']"}
2026-08-21T07:34:18.214427974Z {"timestamp": 1787297658.2139032, "severity": "INFO", "name": "recommendationservice-server", "message": "[Recv ListRecommendations] product_ids=['9SIQT8TOJO', '6E92ZMYYFZ', 'L9ECAV7KIM', '66VCHSJNUP', '2ZYFJ3GM2N']"}
2026-08-21T07:34:18.217047733Z {"timestamp": 1787297658.216398, "severity": "INFO", "name": "recommendationservice-server", "message": "[Recv ListRecommendations] product_ids=['2ZYFJ3GM2N', '1YMWWN1N4O', '66VCHSJNUP', 'OLJCESPC7Z', '6E92ZMYYFZ']"}
2026-08-21T07:34:18.306017904Z {"timestamp": 1787297658.3022316, "severity": "INFO", "name": "recommendationservice-server", "message": "[Recv ListRecommendations] product_ids=['1YMWWN1N4O', 'L9ECAV7KIM', '6E92ZMYYFZ', 'OLJCESPC7Z', '0PUK6V6EV0']"}
2026-08-21T07:34:18.479530170Z {"timestamp": 1787297658.4778285, "severity": "INFO", "name": "recommendationservice-server", "message": "[Recv ListRecommendations] product_ids=['2ZYFJ3GM2N', '9SIQT8TOJO', 'L9ECAV7KIM', '1YMWWN1N4O', '66VCHSJNUP']"}
2026-08-21T07:34:19.892620977Z {"timestamp": 1787297659.8914158, "severity": "INFO", "name": "recommendationservice-server", "message": "[Recv ListRecommendations] product_ids=['2ZYFJ3GM2N', '1YMWWN1N4O', 'LS4PSXUNUM', '9SIQT8TOJO', 'OLJCESPC7Z']"}
2026-08-21T07:34:20.461926111Z {"timestamp": 1787297660.4614758, "severity": "INFO", "name": "recommendationservice-server", "message": "[Recv ListRecommendations] product_ids=['2ZYFJ3GM2N', '0PUK6V6EV0', '1YMWWN1N4O', 'LS4PSXUNUM', 'L9ECAV7KIM']"}
2026-08-21T07:34:20.606016529Z {"timestamp": 1787297660.6054885, "severity": "INFO", "name": "recommendationservice-server", "message": "[Recv ListRecommendations] product_ids=['1YMWWN1N4O', 'LS4PSXUNUM', '9SIQT8TOJO', 'OLJCESPC7Z', '0PUK6V6EV0']"}
2026-08-21T07:34:21.006977001Z {"timestamp": 1787297661.006572, "severity": "INFO", "name": "recommendationservice-server", "message": "[Recv ListRecommendations] product_ids=['9SIQT8TOJO', 'L9ECAV7KIM', 'OLJCESPC7Z', '6E92ZMYYFZ', '66VCHSJNUP']"}
2026-08-21T07:34:21.423767398Z {"timestamp": 1787297661.4227128, "severity": "INFO", "name": "recommendationservice-server", "message": "[Recv ListRecommendations] product_ids=['66VCHSJNUP', '6E92ZMYYFZ', '1YMWWN1N4O', 'L9ECAV7KIM', '2ZYFJ3GM2N']"}
2026-08-21T07:34:22.106922012Z {"timestamp": 1787297662.1062682, "severity": "INFO", "name": "recommendationservice-server", "message": "[Recv ListRecommendations] product_ids=['0PUK6V6EV0', 'L9ECAV7KIM', '66VCHSJNUP', '2ZYFJ3GM2N', 'LS4PSXUNUM']"}
2026-08-21T07:34:22.225518299Z {"timestamp": 1787297662.2250876, "severity": "INFO", "name": "recommendationservice-server", "message": "[Recv ListRecommendations] product_ids=['6E92ZMYYFZ', '66VCHSJNUP', '2ZYFJ3GM2N', '1YMWWN1N4O', 'LS4PSXUNUM']"}
2026-08-21T07:34:23.726004004Z {"timestamp": 1787297663.7227988, "severity": "INFO", "name": "recommendationservice-server", "message": "[Recv ListRecommendations] product_ids=['9SIQT8TOJO', '0PUK6V6EV0', '1YMWWN1N4O', '2ZYFJ3GM2N', 'LS4PSXUNUM']"}
2026-08-21T07:34:24.180815472Z {"timestamp": 1787297664.1799061, "severity": "INFO", "name": "recommendationservice-server", "message": "[Recv ListRecommendations] product_ids=['6E92ZMYYFZ', '66VCHSJNUP', '0PUK6V6EV0', 'LS4PSXUNUM', '9SIQT8TOJO']"}
2026-08-21T07:34:24.574796531Z {"timestamp": 1787297664.5733025, "severity": "INFO", "name": "recommendationservice-server", "message": "[Recv ListRecommendations] product_ids=['6E92ZMYYFZ', 'L9ECAV7KIM', '66VCHSJNUP', '0PUK6V6EV0', '9SIQT8TOJO']"}
2026-08-21T07:34:24.988973479Z {"timestamp": 1787297664.9876547, "severity": "INFO", "name": "recommendationservice-server", "message": "[Recv ListRecommendations] product_ids=['OLJCESPC7Z', 'L9ECAV7KIM', '1YMWWN1N4O', '6E92ZMYYFZ', 'LS4PSXUNUM']"}
2026-08-21T07:34:25.169355140Z {"timestamp": 1787297665.1680307, "severity": "INFO", "name": "recommendationservice-server", "message": "[Recv ListRecommendations] product_ids=['6E92ZMYYFZ', '0PUK6V6EV0', 'LS4PSXUNUM', '2ZYFJ3GM2N', '66VCHSJNUP']"}
2026-08-21T07:34:25.330279539Z {"timestamp": 1787297665.3295002, "severity": "INFO", "name": "recommendationservice-server", "message": "[Recv ListRecommendations] product_ids=['2ZYFJ3GM2N', 'OLJCESPC7Z', '0PUK6V6EV0', 'LS4PSXUNUM', '1YMWWN1N4O']"}
2026-08-21T07:34:25.445738485Z {"timestamp": 1787297665.4453292, "severity": "INFO", "name": "recommendationservice-server", "message": "[Recv ListRecommendations] product_ids=['1YMWWN1N4O', '6E92ZMYYFZ', '9SIQT8TOJO', '2ZYFJ3GM2N', 'LS4PSXUNUM']"}
2026-08-21T07:34:25.467124379Z {"timestamp": 1787297665.4666798, "severity": "INFO", "name": "recommendationservice-server", "message": "[Recv ListRecommendations] product_ids=['6E92ZMYYFZ', '1YMWWN1N4O', '66VCHSJNUP', '9SIQT8TOJO', '0PUK6V6EV0']"}
2026-08-21T07:34:25.644807173Z {"timestamp": 1787297665.6437232, "severity": "INFO", "name": "recommendationservice-server", "message": "[Recv ListRecommendations] product_ids=['66VCHSJNUP', '2ZYFJ3GM2N', '1YMWWN1N4O', '0PUK6V6EV0', 'OLJCESPC7Z']"}
2026-08-21T07:34:25.830684083Z {"timestamp": 1787297665.829689, "severity": "INFO", "name": "recommendationservice-server", "message": "[Recv ListRecommendations] product_ids=['2ZYFJ3GM2N', '9SIQT8TOJO', 'L9ECAV7KIM', 'LS4PSXUNUM', '66VCHSJNUP']"}
2026-08-21T07:34:25.844974552Z {"timestamp": 1787297665.8438656, "severity": "INFO", "name": "recommendationservice-server", "message": "[Recv ListRecommendations] product_ids=['LS4PSXUNUM', 'OLJCESPC7Z', '66VCHSJNUP', '1YMWWN1N4O', '9SIQT8TOJO']"}
2026-08-21T07:34:25.893075661Z {"timestamp": 1787297665.8917816, "severity": "INFO", "name": "recommendationservice-server", "message": "[Recv ListRecommendations] product_ids=['9SIQT8TOJO', 'L9ECAV7KIM', '66VCHSJNUP', 'LS4PSXUNUM', '6E92ZMYYFZ']"}
2026-08-21T07:34:26.141505177Z {"timestamp": 1787297666.140037, "severity": "INFO", "name": "recommendationservice-server", "message": "[Recv ListRecommendations] product_ids=['0PUK6V6EV0', '2ZYFJ3GM2N', '66VCHSJNUP', 'OLJCESPC7Z', '6E92ZMYYFZ']"}
2026-08-21T07:34:26.389435706Z {"timestamp": 1787297666.3883712, "severity": "INFO", "name": "recommendationservice-server", "message": "[Recv ListRecommendations] product_ids=['1YMWWN1N4O', 'OLJCESPC7Z', '0PUK6V6EV0', '66VCHSJNUP', '2ZYFJ3GM2N']"}
2026-08-21T07:34:26.542729387Z {"timestamp": 1787297666.5417984, "severity": "INFO", "name": "recommendationservice-server", "message": "[Recv ListRecommendations] product_ids=['OLJCESPC7Z', '2ZYFJ3GM2N', 'LS4PSXUNUM', '1YMWWN1N4O', '66VCHSJNUP']"}
2026-08-21T07:34:26.911669921Z {"timestamp": 1787297666.9104495, "severity": "INFO", "name": "recommendationservice-server", "message": "[Recv ListRecommendations] product_ids=['1YMWWN1N4O', '2ZYFJ3GM2N', 'OLJCESPC7Z', '9SIQT8TOJO', 'LS4PSXUNUM']"}
2026-08-21T07:34:27.035308679Z {"timestamp": 1787297667.0346322, "severity": "INFO", "name": "recommendationservice-server", "message": "[Recv ListRecommendations] product_ids=['1YMWWN1N4O', 'LS4PSXUNUM', '2ZYFJ3GM2N', '66VCHSJNUP', 'OLJCESPC7Z']"}
2026-08-21T07:34:27.239651079Z {"timestamp": 1787297667.2388093, "severity": "INFO", "name": "recommendationservice-server", "message": "[Recv ListRecommendations] product_ids=['0PUK6V6EV0', '1YMWWN1N4O', '9SIQT8TOJO', '2ZYFJ3GM2N', 'OLJCESPC7Z']"}
2026-08-21T07:34:27.354634542Z {"timestamp": 1787297667.3541703, "severity": "INFO", "name": "recommendationservice-server", "message": "[Recv ListRecommendations] product_ids=['9SIQT8TOJO', 'L9ECAV7KIM', '2ZYFJ3GM2N', '6E92ZMYYFZ', '66VCHSJNUP']"}
2026-08-21T07:34:27.659965987Z {"timestamp": 1787297667.6587782, "severity": "INFO", "name": "recommendationservice-server", "message": "[Recv ListRecommendations] product_ids=['0PUK6V6EV0', '2ZYFJ3GM2N', '6E92ZMYYFZ', '9SIQT8TOJO', '66VCHSJNUP']"}
2026-08-21T07:34:27.827482325Z {"timestamp": 1787297667.826511, "severity": "INFO", "name": "recommendationservice-server", "message": "[Recv ListRecommendations] product_ids=['9SIQT8TOJO', 'LS4PSXUNUM', '2ZYFJ3GM2N', '1YMWWN1N4O', '0PUK6V6EV0']"}
2026-08-21T07:34:28.278493437Z {"timestamp": 1787297668.2781384, "severity": "INFO", "name": "recommendationservice-server", "message": "[Recv ListRecommendations] product_ids=['OLJCESPC7Z', 'L9ECAV7KIM', '1YMWWN1N4O', '9SIQT8TOJO', '0PUK6V6EV0']"}
2026-08-21T07:34:29.148937804Z {"timestamp": 1787297669.147737, "severity": "INFO", "name": "recommendationservice-server", "message": "[Recv ListRecommendations] product_ids=['6E92ZMYYFZ', 'LS4PSXUNUM', '66VCHSJNUP', '9SIQT8TOJO', '0PUK6V6EV0']"}
2026-08-21T07:34:29.325275780Z {"timestamp": 1787297669.3248503, "severity": "INFO", "name": "recommendationservice-server", "message": "[Recv ListRecommendations] product_ids=['0PUK6V6EV0', 'OLJCESPC7Z', '66VCHSJNUP', '9SIQT8TOJO', '1YMWWN1N4O']"}
2026-08-21T07:34:29.420314511Z {"timestamp": 1787297669.41955, "severity": "INFO", "name": "recommendationservice-server", "message": "[Recv ListRecommendations] product_ids=['66VCHSJNUP', '1YMWWN1N4O', '6E92ZMYYFZ', '0PUK6V6EV0', 'LS4PSXUNUM']"}
2026-08-21T07:34:29.481629776Z {"timestamp": 1787297669.480917, "severity": "INFO", "name": "recommendationservice-server", "message": "[Recv ListRecommendations] product_ids=['6E92ZMYYFZ', '1YMWWN1N4O', '9SIQT8TOJO', 'LS4PSXUNUM', '66VCHSJNUP']"}
2026-08-21T07:34:29.610536594Z {"timestamp": 1787297669.6097822, "severity": "INFO", "name": "recommendationservice-server", "message": "[Recv ListRecommendations] product_ids=['6E92ZMYYFZ', 'LS4PSXUNUM', '0PUK6V6EV0', '2ZYFJ3GM2N', '1YMWWN1N4O']"}
2026-08-21T07:34:30.029441195Z {"timestamp": 1787297670.0267708, "severity": "INFO", "name": "recommendationservice-server", "message": "[Recv ListRecommendations] product_ids=['L9ECAV7KIM', '6E92ZMYYFZ', '1YMWWN1N4O', '66VCHSJNUP', 'LS4PSXUNUM']"}
2026-08-21T07:34:30.452779122Z {"timestamp": 1787297670.4516172, "severity": "INFO", "name": "recommendationservice-server", "message": "[Recv ListRecommendations] product_ids=['66VCHSJNUP', 'OLJCESPC7Z', '1YMWWN1N4O', '6E92ZMYYFZ', 'L9ECAV7KIM']"}
2026-08-21T07:34:30.472846658Z {"timestamp": 1787297670.4715497, "severity": "INFO", "name": "recommendationservice-server", "message": "[Recv ListRecommendations] product_ids=['66VCHSJNUP', '9SIQT8TOJO', 'OLJCESPC7Z', '2ZYFJ3GM2N', '0PUK6V6EV0']"}
2026-08-21T07:34:30.922349783Z {"timestamp": 1787297670.9210706, "severity": "INFO", "name": "recommendationservice-server", "message": "[Recv ListRecommendations] product_ids=['9SIQT8TOJO', 'OLJCESPC7Z', 'L9ECAV7KIM', '1YMWWN1N4O', 'LS4PSXUNUM']"}
2026-08-21T07:34:31.224605669Z {"timestamp": 1787297671.2237072, "severity": "INFO", "name": "recommendationservice-server", "message": "[Recv ListRecommendations] product_ids=['LS4PSXUNUM', '0PUK6V6EV0', '1YMWWN1N4O', '6E92ZMYYFZ', '2ZYFJ3GM2N']"}
2026-08-21T07:34:31.754890911Z {"timestamp": 1787297671.754206, "severity": "INFO", "name": "recommendationservice-server", "message": "[Recv ListRecommendations] product_ids=['OLJCESPC7Z', '0PUK6V6EV0', '66VCHSJNUP', 'L9ECAV7KIM', '2ZYFJ3GM2N']"}
2026-08-21T07:34:31.979509855Z {"timestamp": 1787297671.978549, "severity": "INFO", "name": "recommendationservice-server", "message": "[Recv ListRecommendations] product_ids=['0PUK6V6EV0', '1YMWWN1N4O', 'LS4PSXUNUM', 'OLJCESPC7Z', '66VCHSJNUP']"}
2026-08-21T07:34:32.033527189Z {"timestamp": 1787297672.03246, "severity": "INFO", "name": "recommendationservice-server", "message": "[Recv ListRecommendations] product_ids=['9SIQT8TOJO', '6E92ZMYYFZ', '66VCHSJNUP', '0PUK6V6EV0', 'LS4PSXUNUM']"}
2026-08-21T07:34:32.453692868Z {"timestamp": 1787297672.451773, "severity": "INFO", "name": "recommendationservice-server", "message": "[Recv ListRecommendations] product_ids=['9SIQT8TOJO', '2ZYFJ3GM2N', '1YMWWN1N4O', '66VCHSJNUP', '6E92ZMYYFZ']"}
2026-08-21T07:34:32.555713386Z {"timestamp": 1787297672.554644, "severity": "INFO", "name": "recommendationservice-server", "message": "[Recv ListRecommendations] product_ids=['1YMWWN1N4O', 'LS4PSXUNUM', '2ZYFJ3GM2N', '9SIQT8TOJO', 'OLJCESPC7Z']"}
2026-08-21T07:34:32.878429493Z {"timestamp": 1787297672.8772995, "severity": "INFO", "name": "recommendationservice-server", "message": "[Recv ListRecommendations] product_ids=['L9ECAV7KIM', 'OLJCESPC7Z', '1YMWWN1N4O', '2ZYFJ3GM2N', '0PUK6V6EV0']"}
2026-08-21T07:34:34.280254603Z {"timestamp": 1787297674.2789407, "severity": "INFO", "name": "recommendationservice-server", "message": "[Recv ListRecommendations] product_ids=['L9ECAV7KIM', 'OLJCESPC7Z', '6E92ZMYYFZ', '1YMWWN1N4O', '9SIQT8TOJO']"}
2026-08-21T07:34:34.658078098Z {"timestamp": 1787297674.6570215, "severity": "INFO", "name": "recommendationservice-server", "message": "[Recv ListRecommendations] product_ids=['2ZYFJ3GM2N', '66VCHSJNUP', 'LS4PSXUNUM', '9SIQT8TOJO', '6E92ZMYYFZ']"}
2026-08-21T07:34:35.315794849Z {"timestamp": 1787297675.314536, "severity": "INFO", "name": "recommendationservice-server", "message": "[Recv ListRecommendations] product_ids=['LS4PSXUNUM', '2ZYFJ3GM2N', '6E92ZMYYFZ', 'OLJCESPC7Z', '1YMWWN1N4O']"}
2026-08-21T07:34:35.355018592Z {"timestamp": 1787297675.3541265, "severity": "INFO", "name": "recommendationservice-server", "message": "[Recv ListRecommendations] product_ids=['1YMWWN1N4O', 'LS4PSXUNUM', '2ZYFJ3GM2N', 'L9ECAV7KIM', '6E92ZMYYFZ']"}
2026-08-21T07:34:35.455595806Z {"timestamp": 1787297675.4553616, "severity": "INFO", "name": "recommendationservice-server", "message": "[Recv ListRecommendations] product_ids=['9SIQT8TOJO', '6E92ZMYYFZ', '66VCHSJNUP', 'LS4PSXUNUM', 'OLJCESPC7Z']"}
2026-08-21T07:34:35.509711654Z {"timestamp": 1787297675.5093231, "severity": "INFO", "name": "recommendationservice-server", "message": "[Recv ListRecommendations] product_ids=['LS4PSXUNUM', '9SIQT8TOJO', 'L9ECAV7KIM', '2ZYFJ3GM2N', '66VCHSJNUP']"}
2026-08-21T07:34:36.515461589Z {"timestamp": 1787297676.5142236, "severity": "INFO", "name": "recommendationservice-server", "message": "[Recv ListRecommendations] product_ids=['0PUK6V6EV0', '2ZYFJ3GM2N', '9SIQT8TOJO', '66VCHSJNUP', 'OLJCESPC7Z']"}
2026-08-21T07:34:36.784172164Z {"timestamp": 1787297676.783697, "severity": "INFO", "name": "recommendationservice-server", "message": "[Recv ListRecommendations] product_ids=['6E92ZMYYFZ', '1YMWWN1N4O', '0PUK6V6EV0', '2ZYFJ3GM2N', '9SIQT8TOJO']"}
2026-08-21T07:34:37.912107791Z {"timestamp": 1787297677.9110305, "severity": "INFO", "name": "recommendationservice-server", "message": "[Recv ListRecommendations] product_ids=['9SIQT8TOJO', '1YMWWN1N4O', 'OLJCESPC7Z', '2ZYFJ3GM2N', 'LS4PSXUNUM']"}
2026-08-21T07:34:38.648628029Z {"timestamp": 1787297678.647503, "severity": "INFO", "name": "recommendationservice-server", "message": "[Recv ListRecommendations] product_ids=['1YMWWN1N4O', '2ZYFJ3GM2N', 'LS4PSXUNUM', '6E92ZMYYFZ', '0PUK6V6EV0']"}
2026-08-21T07:34:38.805481768Z {"timestamp": 1787297678.80495, "severity": "INFO", "name": "recommendationservice-server", "message": "[Recv ListRecommendations] product_ids=['0PUK6V6EV0', '6E92ZMYYFZ', '1YMWWN1N4O', '9SIQT8TOJO', 'L9ECAV7KIM']"}
2026-08-21T07:34:39.015962858Z {"timestamp": 1787297679.015309, "severity": "INFO", "name": "recommendationservice-server", "message": "[Recv ListRecommendations] product_ids=['0PUK6V6EV0', '2ZYFJ3GM2N', '66VCHSJNUP', '9SIQT8TOJO', '6E92ZMYYFZ']"}
2026-08-21T07:34:39.790205329Z {"timestamp": 1787297679.7889802, "severity": "INFO", "name": "recommendationservice-server", "message": "[Recv ListRecommendations] product_ids=['9SIQT8TOJO', 'L9ECAV7KIM', '66VCHSJNUP', 'OLJCESPC7Z', 'LS4PSXUNUM']"}
2026-08-21T07:34:40.140598783Z {"timestamp": 1787297680.1395614, "severity": "INFO", "name": "recommendationservice-server", "message": "[Recv ListRecommendations] product_ids=['0PUK6V6EV0', '1YMWWN1N4O', '66VCHSJNUP', '9SIQT8TOJO', 'LS4PSXUNUM']"}
2026-08-21T07:34:40.338381442Z {"timestamp": 1787297680.3378594, "severity": "INFO", "name": "recommendationservice-server", "message": "[Recv ListRecommendations] product_ids=['2ZYFJ3GM2N', '6E92ZMYYFZ', 'LS4PSXUNUM', 'OLJCESPC7Z', '1YMWWN1N4O']"}
2026-08-21T07:34:40.370310695Z {"timestamp": 1787297680.3695934, "severity": "INFO", "name": "recommendationservice-server", "message": "[Recv ListRecommendations] product_ids=['0PUK6V6EV0', 'OLJCESPC7Z', '6E92ZMYYFZ', 'L9ECAV7KIM', 'LS4PSXUNUM']"}
2026-08-21T07:34:40.953134374Z {"timestamp": 1787297680.9525797, "severity": "INFO", "name": "recommendationservice-server", "message": "[Recv ListRecommendations] product_ids=['66VCHSJNUP', 'OLJCESPC7Z', '0PUK6V6EV0', '6E92ZMYYFZ', '2ZYFJ3GM2N']"}
2026-08-21T07:34:41.333832033Z {"timestamp": 1787297681.3334403, "severity": "INFO", "name": "recommendationservice-server", "message": "[Recv ListRecommendations] product_ids=['1YMWWN1N4O', 'OLJCESPC7Z', '66VCHSJNUP', '0PUK6V6EV0', 'LS4PSXUNUM']"}
2026-08-21T07:34:41.491435386Z {"timestamp": 1787297681.4909916, "severity": "INFO", "name": "recommendationservice-server", "message": "[Recv ListRecommendations] product_ids=['1YMWWN1N4O', 'OLJCESPC7Z', '9SIQT8TOJO', '6E92ZMYYFZ', 'LS4PSXUNUM']"}
2026-08-21T07:34:41.535921947Z {"timestamp": 1787297681.5354288, "severity": "INFO", "name": "recommendationservice-server", "message": "[Recv ListRecommendations] product_ids=['0PUK6V6EV0', 'L9ECAV7KIM', '9SIQT8TOJO', 'OLJCESPC7Z', '6E92ZMYYFZ']"}
2026-08-21T07:34:41.576979688Z {"timestamp": 1787297681.5765529, "severity": "INFO", "name": "recommendationservice-server", "message": "[Recv ListRecommendations] product_ids=['6E92ZMYYFZ', '9SIQT8TOJO', 'L9ECAV7KIM', '0PUK6V6EV0', '66VCHSJNUP']"}
2026-08-21T07:34:41.596382736Z {"timestamp": 1787297681.595997, "severity": "INFO", "name": "recommendationservice-server", "message": "[Recv ListRecommendations] product_ids=['OLJCESPC7Z', '0PUK6V6EV0', '1YMWWN1N4O', 'L9ECAV7KIM', '66VCHSJNUP']"}
2026-08-21T07:34:41.664342665Z {"timestamp": 1787297681.6637588, "severity": "INFO", "name": "recommendationservice-server", "message": "[Recv ListRecommendations] product_ids=['0PUK6V6EV0', 'OLJCESPC7Z', '6E92ZMYYFZ', 'LS4PSXUNUM', '1YMWWN1N4O']"}
2026-08-21T07:34:42.331921326Z {"timestamp": 1787297682.3312564, "severity": "INFO", "name": "recommendationservice-server", "message": "[Recv ListRecommendations] product_ids=['OLJCESPC7Z', '0PUK6V6EV0', '2ZYFJ3GM2N', '6E92ZMYYFZ', '66VCHSJNUP']"}
2026-08-21T07:34:43.225935400Z {"timestamp": 1787297683.225336, "severity": "INFO", "name": "recommendationservice-server", "message": "[Recv ListRecommendations] product_ids=['L9ECAV7KIM', '1YMWWN1N4O', '9SIQT8TOJO', '6E92ZMYYFZ', '0PUK6V6EV0']"}
2026-08-21T07:34:44.598502406Z {"timestamp": 1787297684.5972998, "severity": "INFO", "name": "recommendationservice-server", "message": "[Recv ListRecommendations] product_ids=['9SIQT8TOJO', 'OLJCESPC7Z', '66VCHSJNUP', 'LS4PSXUNUM', '1YMWWN1N4O']"}
2026-08-21T07:34:44.929627432Z {"timestamp": 1787297684.9286485, "severity": "INFO", "name": "recommendationservice-server", "message": "[Recv ListRecommendations] product_ids=['66VCHSJNUP', '9SIQT8TOJO', '6E92ZMYYFZ', 'L9ECAV7KIM', 'LS4PSXUNUM']"}
2026-08-21T07:34:45.348605409Z {"timestamp": 1787297685.3473654, "severity": "INFO", "name": "recommendationservice-server", "message": "[Recv ListRecommendations] product_ids=['0PUK6V6EV0', '6E92ZMYYFZ', 'OLJCESPC7Z', '9SIQT8TOJO', 'L9ECAV7KIM']"}
2026-08-21T07:34:45.453206848Z {"timestamp": 1787297685.452155, "severity": "INFO", "name": "recommendationservice-server", "message": "[Recv ListRecommendations] product_ids=['0PUK6V6EV0', '9SIQT8TOJO', 'OLJCESPC7Z', '6E92ZMYYFZ', 'L9ECAV7KIM']"}
2026-08-21T07:34:45.721102694Z {"timestamp": 1787297685.72053, "severity": "INFO", "name": "recommendationservice-server", "message": "[Recv ListRecommendations] product_ids=['LS4PSXUNUM', '1YMWWN1N4O', '66VCHSJNUP', 'L9ECAV7KIM', '9SIQT8TOJO']"}
2026-08-21T07:34:46.163574509Z {"timestamp": 1787297686.1625874, "severity": "INFO", "name": "recommendationservice-server", "message": "[Recv ListRecommendations] product_ids=['0PUK6V6EV0', '9SIQT8TOJO', 'LS4PSXUNUM', '6E92ZMYYFZ', '1YMWWN1N4O']"}
2026-08-21T07:34:47.029730405Z {"timestamp": 1787297687.028636, "severity": "INFO", "name": "recommendationservice-server", "message": "[Recv ListRecommendations] product_ids=['1YMWWN1N4O', '2ZYFJ3GM2N', '6E92ZMYYFZ', '66VCHSJNUP', 'OLJCESPC7Z']"}
2026-08-21T07:34:47.129654313Z {"timestamp": 1787297687.1283655, "severity": "INFO", "name": "recommendationservice-server", "message": "[Recv ListRecommendations] product_ids=['0PUK6V6EV0', 'LS4PSXUNUM', '2ZYFJ3GM2N', 'OLJCESPC7Z', 'L9ECAV7KIM']"}
2026-08-21T07:34:47.337760520Z {"timestamp": 1787297687.3369358, "severity": "INFO", "name": "recommendationservice-server", "message": "[Recv ListRecommendations] product_ids=['66VCHSJNUP', '2ZYFJ3GM2N', 'L9ECAV7KIM', '0PUK6V6EV0', '6E92ZMYYFZ']"}
2026-08-21T07:34:48.367445959Z {"timestamp": 1787297688.3669748, "severity": "INFO", "name": "recommendationservice-server", "message": "[Recv ListRecommendations] product_ids=['1YMWWN1N4O', '9SIQT8TOJO', '0PUK6V6EV0', 'OLJCESPC7Z', '6E92ZMYYFZ']"}
2026-08-21T07:34:48.525506449Z {"timestamp": 1787297688.5243928, "severity": "INFO", "name": "recommendationservice-server", "message": "[Recv ListRecommendations] product_ids=['LS4PSXUNUM', 'L9ECAV7KIM', '6E92ZMYYFZ', '0PUK6V6EV0', '1YMWWN1N4O']"}
2026-08-21T07:34:48.693302159Z {"timestamp": 1787297688.6917844, "severity": "INFO", "name": "recommendationservice-server", "message": "[Recv ListRecommendations] product_ids=['OLJCESPC7Z', '9SIQT8TOJO', 'L9ECAV7KIM', '0PUK6V6EV0', '1YMWWN1N4O']"}
2026-08-21T07:34:48.706953691Z {"timestamp": 1787297688.7058637, "severity": "INFO", "name": "recommendationservice-server", "message": "[Recv ListRecommendations] product_ids=['0PUK6V6EV0', '9SIQT8TOJO', 'OLJCESPC7Z', 'LS4PSXUNUM', 'L9ECAV7KIM']"}
2026-08-21T07:34:48.929894515Z {"timestamp": 1787297688.928804, "severity": "INFO", "name": "recommendationservice-server", "message": "[Recv ListRecommendations] product_ids=['9SIQT8TOJO', '1YMWWN1N4O', 'OLJCESPC7Z', '6E92ZMYYFZ', 'L9ECAV7KIM']"}
2026-08-21T07:34:48.936000369Z {"timestamp": 1787297688.9335396, "severity": "INFO", "name": "recommendationservice-server", "message": "[Recv ListRecommendations] product_ids=['OLJCESPC7Z', '6E92ZMYYFZ', '1YMWWN1N4O', 'L9ECAV7KIM', '2ZYFJ3GM2N']"}
2026-08-21T07:34:49.640515916Z {"timestamp": 1787297689.6399772, "severity": "INFO", "name": "recommendationservice-server", "message": "[Recv ListRecommendations] product_ids=['66VCHSJNUP', 'L9ECAV7KIM', '6E92ZMYYFZ', 'LS4PSXUNUM', '0PUK6V6EV0']"}
2026-08-21T07:34:50.123881919Z {"timestamp": 1787297690.1232388, "severity": "INFO", "name": "recommendationservice-server", "message": "[Recv ListRecommendations] product_ids=['6E92ZMYYFZ', '0PUK6V6EV0', '66VCHSJNUP', '2ZYFJ3GM2N', '1YMWWN1N4O']"}
2026-08-21T07:34:50.793349592Z {"timestamp": 1787297690.7910256, "severity": "INFO", "name": "recommendationservice-server", "message": "[Recv ListRecommendations] product_ids=['2ZYFJ3GM2N', 'OLJCESPC7Z', 'L9ECAV7KIM', '1YMWWN1N4O', '6E92ZMYYFZ']"}
2026-08-21T07:34:50.887527903Z {"timestamp": 1787297690.8868647, "severity": "INFO", "name": "recommendationservice-server", "message": "[Recv ListRecommendations] product_ids=['LS4PSXUNUM', 'L9ECAV7KIM', 'OLJCESPC7Z', '2ZYFJ3GM2N', '6E92ZMYYFZ']"}
2026-08-21T07:34:51.083359792Z {"timestamp": 1787297691.0822065, "severity": "INFO", "name": "recommendationservice-server", "message": "[Recv ListRecommendations] product_ids=['LS4PSXUNUM', '0PUK6V6EV0', '6E92ZMYYFZ', '66VCHSJNUP', '9SIQT8TOJO']"}
2026-08-21T07:34:54.036136519Z {"timestamp": 1787297694.0349658, "severity": "INFO", "name": "recommendationservice-server", "message": "[Recv ListRecommendations] product_ids=['9SIQT8TOJO', '1YMWWN1N4O', '66VCHSJNUP', '6E92ZMYYFZ', '2ZYFJ3GM2N']"}
2026-08-21T07:34:54.138924858Z {"timestamp": 1787297694.1378608, "severity": "INFO", "name": "recommendationservice-server", "message": "[Recv ListRecommendations] product_ids=['0PUK6V6EV0', '2ZYFJ3GM2N', '1YMWWN1N4O', 'LS4PSXUNUM', '6E92ZMYYFZ']"}
2026-08-21T07:34:54.514508440Z {"timestamp": 1787297694.513436, "severity": "INFO", "name": "recommendationservice-server", "message": "[Recv ListRecommendations] product_ids=['66VCHSJNUP', '9SIQT8TOJO', '6E92ZMYYFZ', 'LS4PSXUNUM', 'OLJCESPC7Z']"}
2026-08-21T07:34:54.657093796Z {"timestamp": 1787297694.6562893, "severity": "INFO", "name": "recommendationservice-server", "message": "[Recv ListRecommendations] product_ids=['9SIQT8TOJO', 'OLJCESPC7Z', 'LS4PSXUNUM', '1YMWWN1N4O', '66VCHSJNUP']"}
2026-08-21T07:34:54.790711196Z {"timestamp": 1787297694.7894664, "severity": "INFO", "name": "recommendationservice-server", "message": "[Recv ListRecommendations] product_ids=['9SIQT8TOJO', 'LS4PSXUNUM', '66VCHSJNUP', '2ZYFJ3GM2N', '1YMWWN1N4O']"}
2026-08-21T07:34:55.154829644Z {"timestamp": 1787297695.1541796, "severity": "INFO", "name": "recommendationservice-server", "message": "[Recv ListRecommendations] product_ids=['1YMWWN1N4O', 'LS4PSXUNUM', '9SIQT8TOJO', '2ZYFJ3GM2N', '66VCHSJNUP']"}
2026-08-21T07:34:55.449164342Z {"timestamp": 1787297695.447664, "severity": "INFO", "name": "recommendationservice-server", "message": "[Recv ListRecommendations] product_ids=['66VCHSJNUP', '2ZYFJ3GM2N', '9SIQT8TOJO', '6E92ZMYYFZ', 'LS4PSXUNUM']"}
2026-08-21T07:34:56.323483523Z {"timestamp": 1787297696.3149586, "severity": "INFO", "name": "recommendationservice-server", "message": "[Recv ListRecommendations] product_ids=['66VCHSJNUP', 'OLJCESPC7Z', '0PUK6V6EV0', '1YMWWN1N4O', '9SIQT8TOJO']"}
2026-08-21T07:34:56.587484435Z {"timestamp": 1787297696.586191, "severity": "INFO", "name": "recommendationservice-server", "message": "[Recv ListRecommendations] product_ids=['LS4PSXUNUM', '0PUK6V6EV0', '1YMWWN1N4O', 'OLJCESPC7Z', '6E92ZMYYFZ']"}
2026-08-21T07:34:57.256098917Z {"timestamp": 1787297697.2549572, "severity": "INFO", "name": "recommendationservice-server", "message": "[Recv ListRecommendations] product_ids=['L9ECAV7KIM', '1YMWWN1N4O', '9SIQT8TOJO', '0PUK6V6EV0', '66VCHSJNUP']"}
2026-08-21T07:34:57.404405138Z {"timestamp": 1787297697.4034984, "severity": "INFO", "name": "recommendationservice-server", "message": "[Recv ListRecommendations] product_ids=['LS4PSXUNUM', '66VCHSJNUP', '9SIQT8TOJO', '6E92ZMYYFZ', '1YMWWN1N4O']"}
2026-08-21T07:34:57.559236446Z {"timestamp": 1787297697.5585501, "severity": "INFO", "name": "recommendationservice-server", "message": "[Recv ListRecommendations] product_ids=['1YMWWN1N4O', '6E92ZMYYFZ', 'LS4PSXUNUM', 'L9ECAV7KIM', 'OLJCESPC7Z']"}
2026-08-21T07:34:57.675091661Z {"timestamp": 1787297697.674791, "severity": "INFO", "name": "recommendationservice-server", "message": "[Recv ListRecommendations] product_ids=['6E92ZMYYFZ', '2ZYFJ3GM2N', 'L9ECAV7KIM', '9SIQT8TOJO', '1YMWWN1N4O']"}
2026-08-21T07:34:58.130350487Z {"timestamp": 1787297698.1295915, "severity": "INFO", "name": "recommendationservice-server", "message": "[Recv ListRecommendations] product_ids=['2ZYFJ3GM2N', '6E92ZMYYFZ', '0PUK6V6EV0', '1YMWWN1N4O', '9SIQT8TOJO']"}
2026-08-21T07:34:58.505221561Z {"timestamp": 1787297698.5048053, "severity": "INFO", "name": "recommendationservice-server", "message": "[Recv ListRecommendations] product_ids=['66VCHSJNUP', '9SIQT8TOJO', 'LS4PSXUNUM', '0PUK6V6EV0', '2ZYFJ3GM2N']"}
2026-08-21T07:34:58.527228288Z {"timestamp": 1787297698.5268333, "severity": "INFO", "name": "recommendationservice-server", "message": "[Recv ListRecommendations] product_ids=['2ZYFJ3GM2N', '1YMWWN1N4O', 'LS4PSXUNUM', '0PUK6V6EV0', '9SIQT8TOJO']"}
2026-08-21T07:34:58.594249920Z {"timestamp": 1787297698.5939012, "severity": "INFO", "name": "recommendationservice-server", "message": "[Recv ListRecommendations] product_ids=['6E92ZMYYFZ', 'LS4PSXUNUM', '1YMWWN1N4O', 'OLJCESPC7Z', '2ZYFJ3GM2N']"}
2026-08-21T07:34:59.480340281Z {"timestamp": 1787297699.4796288, "severity": "INFO", "name": "recommendationservice-server", "message": "[Recv ListRecommendations] product_ids=['L9ECAV7KIM', '9SIQT8TOJO', '66VCHSJNUP', '6E92ZMYYFZ', 'OLJCESPC7Z']"}
2026-08-21T07:34:59.822523512Z {"timestamp": 1787297699.8219721, "severity": "INFO", "name": "recommendationservice-server", "message": "[Recv ListRecommendations] product_ids=['2ZYFJ3GM2N', '0PUK6V6EV0', '6E92ZMYYFZ', 'OLJCESPC7Z', 'LS4PSXUNUM']"}
2026-08-21T07:35:00.952477540Z {"timestamp": 1787297700.9513767, "severity": "INFO", "name": "recommendationservice-server", "message": "[Recv ListRecommendations] product_ids=['OLJCESPC7Z', '9SIQT8TOJO', 'LS4PSXUNUM', '6E92ZMYYFZ', '2ZYFJ3GM2N']"}
2026-08-21T07:35:01.004115847Z {"timestamp": 1787297701.0032594, "severity": "INFO", "name": "recommendationservice-server", "message": "[Recv ListRecommendations] product_ids=['LS4PSXUNUM', 'L9ECAV7KIM', '0PUK6V6EV0', '6E92ZMYYFZ', 'OLJCESPC7Z']"}
2026-08-21T07:35:01.046198209Z {"timestamp": 1787297701.0455136, "severity": "INFO", "name": "recommendationservice-server", "message": "[Recv ListRecommendations] product_ids=['66VCHSJNUP', '1YMWWN1N4O', '9SIQT8TOJO', '6E92ZMYYFZ', '0PUK6V6EV0']"}
2026-08-21T07:35:01.165704155Z {"timestamp": 1787297701.1650934, "severity": "INFO", "name": "recommendationservice-server", "message": "[Recv ListRecommendations] product_ids=['9SIQT8TOJO', '1YMWWN1N4O', '66VCHSJNUP', '6E92ZMYYFZ', '0PUK6V6EV0']"}
2026-08-21T07:35:01.312866653Z {"timestamp": 1787297701.3102827, "severity": "INFO", "name": "recommendationservice-server", "message": "[Recv ListRecommendations] product_ids=['66VCHSJNUP', 'OLJCESPC7Z', 'LS4PSXUNUM', '0PUK6V6EV0', '1YMWWN1N4O']"}
2026-08-21T07:35:01.389828929Z {"timestamp": 1787297701.388625, "severity": "INFO", "name": "recommendationservice-server", "message": "[Recv ListRecommendations] product_ids=['1YMWWN1N4O', '0PUK6V6EV0', '6E92ZMYYFZ', 'LS4PSXUNUM', '66VCHSJNUP']"}
2026-08-21T07:35:01.601154195Z {"timestamp": 1787297701.5999713, "severity": "INFO", "name": "recommendationservice-server", "message": "[Recv ListRecommendations] product_ids=['0PUK6V6EV0', 'LS4PSXUNUM', 'OLJCESPC7Z', 'L9ECAV7KIM', '66VCHSJNUP']"}
2026-08-21T07:35:02.689579125Z {"timestamp": 1787297702.6884217, "severity": "INFO", "name": "recommendationservice-server", "message": "[Recv ListRecommendations] product_ids=['0PUK6V6EV0', 'OLJCESPC7Z', 'L9ECAV7KIM', '9SIQT8TOJO', '66VCHSJNUP']"}
2026-08-21T07:35:03.455870058Z {"timestamp": 1787297703.4550238, "severity": "INFO", "name": "recommendationservice-server", "message": "[Recv ListRecommendations] product_ids=['L9ECAV7KIM', '9SIQT8TOJO', '1YMWWN1N4O', '0PUK6V6EV0', '66VCHSJNUP']"}
2026-08-21T07:35:03.916682689Z {"timestamp": 1787297703.915682, "severity": "INFO", "name": "recommendationservice-server", "message": "[Recv ListRecommendations] product_ids=['L9ECAV7KIM', '66VCHSJNUP', '2ZYFJ3GM2N', '6E92ZMYYFZ', 'OLJCESPC7Z']"}
2026-08-21T07:35:04.034115652Z {"timestamp": 1787297704.0329003, "severity": "INFO", "name": "recommendationservice-server", "message": "[Recv ListRecommendations] product_ids=['2ZYFJ3GM2N', '9SIQT8TOJO', 'OLJCESPC7Z', '66VCHSJNUP', '6E92ZMYYFZ']"}
2026-08-21T07:35:04.400043654Z {"timestamp": 1787297704.3987854, "severity": "INFO", "name": "recommendationservice-server", "message": "[Recv ListRecommendations] product_ids=['LS4PSXUNUM', 'OLJCESPC7Z', '66VCHSJNUP', 'L9ECAV7KIM', '0PUK6V6EV0']"}
2026-08-21T07:35:04.819586396Z {"timestamp": 1787297704.8172452, "severity": "INFO", "name": "recommendationservice-server", "message": "[Recv ListRecommendations] product_ids=['L9ECAV7KIM', '66VCHSJNUP', 'OLJCESPC7Z', 'LS4PSXUNUM', '9SIQT8TOJO']"}
2026-08-21T07:35:05.505430416Z {"timestamp": 1787297705.5043278, "severity": "INFO", "name": "recommendationservice-server", "message": "[Recv ListRecommendations] product_ids=['9SIQT8TOJO', 'OLJCESPC7Z', '66VCHSJNUP', '2ZYFJ3GM2N', 'L9ECAV7KIM']"}
2026-08-21T07:35:05.711575631Z {"timestamp": 1787297705.71016, "severity": "INFO", "name": "recommendationservice-server", "message": "[Recv ListRecommendations] product_ids=['9SIQT8TOJO', '6E92ZMYYFZ', 'LS4PSXUNUM', '2ZYFJ3GM2N', 'L9ECAV7KIM']"}
2026-08-21T07:35:05.822725204Z {"timestamp": 1787297705.8223264, "severity": "INFO", "name": "recommendationservice-server", "message": "[Recv ListRecommendations] product_ids=['L9ECAV7KIM', '0PUK6V6EV0', 'LS4PSXUNUM', '6E92ZMYYFZ', 'OLJCESPC7Z']"}
2026-08-21T07:35:05.899809595Z {"timestamp": 1787297705.8994024, "severity": "INFO", "name": "recommendationservice-server", "message": "[Recv ListRecommendations] product_ids=['6E92ZMYYFZ', '9SIQT8TOJO', '2ZYFJ3GM2N', '1YMWWN1N4O', '0PUK6V6EV0']"}
2026-08-21T07:35:06.075767915Z {"timestamp": 1787297706.074483, "severity": "INFO", "name": "recommendationservice-server", "message": "[Recv ListRecommendations] product_ids=['6E92ZMYYFZ', '9SIQT8TOJO', '1YMWWN1N4O', 'OLJCESPC7Z', '2ZYFJ3GM2N']"}
2026-08-21T07:35:07.331488276Z {"timestamp": 1787297707.329891, "severity": "INFO", "name": "recommendationservice-server", "message": "[Recv ListRecommendations] product_ids=['9SIQT8TOJO', '66VCHSJNUP', '1YMWWN1N4O', '2ZYFJ3GM2N', 'OLJCESPC7Z']"}
2026-08-21T07:35:08.041896084Z {"timestamp": 1787297708.0407808, "severity": "INFO", "name": "recommendationservice-server", "message": "[Recv ListRecommendations] product_ids=['LS4PSXUNUM', '2ZYFJ3GM2N', '0PUK6V6EV0', 'L9ECAV7KIM', '9SIQT8TOJO']"}
2026-08-21T07:35:08.260199328Z {"timestamp": 1787297708.2597601, "severity": "INFO", "name": "recommendationservice-server", "message": "[Recv ListRecommendations] product_ids=['OLJCESPC7Z', 'L9ECAV7KIM', 'LS4PSXUNUM', '2ZYFJ3GM2N', '1YMWWN1N4O']"}
2026-08-21T07:35:08.331340872Z {"timestamp": 1787297708.330895, "severity": "INFO", "name": "recommendationservice-server", "message": "[Recv ListRecommendations] product_ids=['66VCHSJNUP', '1YMWWN1N4O', 'OLJCESPC7Z', '2ZYFJ3GM2N', '9SIQT8TOJO']"}
2026-08-21T07:35:08.550776158Z {"timestamp": 1787297708.549469, "severity": "INFO", "name": "recommendationservice-server", "message": "[Recv ListRecommendations] product_ids=['9SIQT8TOJO', '1YMWWN1N4O', 'OLJCESPC7Z', 'L9ECAV7KIM', '2ZYFJ3GM2N']"}
2026-08-21T07:35:08.737817571Z {"timestamp": 1787297708.7366245, "severity": "INFO", "name": "recommendationservice-server", "message": "[Recv ListRecommendations] product_ids=['9SIQT8TOJO', '2ZYFJ3GM2N', '1YMWWN1N4O', '66VCHSJNUP', 'L9ECAV7KIM']"}
2026-08-21T07:35:09.093101935Z {"timestamp": 1787297709.0922167, "severity": "INFO", "name": "recommendationservice-server", "message": "[Recv ListRecommendations] product_ids=['0PUK6V6EV0', '9SIQT8TOJO', 'OLJCESPC7Z', '66VCHSJNUP', '1YMWWN1N4O']"}
2026-08-21T07:35:09.177278317Z {"timestamp": 1787297709.1767235, "severity": "INFO", "name": "recommendationservice-server", "message": "[Recv ListRecommendations] product_ids=['1YMWWN1N4O', '66VCHSJNUP', 'LS4PSXUNUM', '0PUK6V6EV0', '9SIQT8TOJO']"}
2026-08-21T07:35:09.636093198Z {"timestamp": 1787297709.6355956, "severity": "INFO", "name": "recommendationservice-server", "message": "[Recv ListRecommendations] product_ids=['6E92ZMYYFZ', '9SIQT8TOJO', 'OLJCESPC7Z', 'LS4PSXUNUM', '0PUK6V6EV0']"}
2026-08-21T07:35:09.877201812Z {"timestamp": 1787297709.8768203, "severity": "INFO", "name": "recommendationservice-server", "message": "[Recv ListRecommendations] product_ids=['6E92ZMYYFZ', '9SIQT8TOJO', '66VCHSJNUP', 'LS4PSXUNUM', '2ZYFJ3GM2N']"}
2026-08-21T07:35:09.897332694Z {"timestamp": 1787297709.8967812, "severity": "INFO", "name": "recommendationservice-server", "message": "[Recv ListRecommendations] product_ids=['2ZYFJ3GM2N', '1YMWWN1N4O', '66VCHSJNUP', 'L9ECAV7KIM', 'LS4PSXUNUM']"}
2026-08-21T07:35:10.121780175Z {"timestamp": 1787297710.1214433, "severity": "INFO", "name": "recommendationservice-server", "message": "[Recv ListRecommendations] product_ids=['9SIQT8TOJO', '1YMWWN1N4O', '2ZYFJ3GM2N', '0PUK6V6EV0', '66VCHSJNUP']"}
2026-08-21T07:35:11.067757814Z {"timestamp": 1787297711.0663605, "severity": "INFO", "name": "recommendationservice-server", "message": "[Recv ListRecommendations] product_ids=['6E92ZMYYFZ', 'LS4PSXUNUM', '1YMWWN1N4O', '9SIQT8TOJO', 'OLJCESPC7Z']"}
2026-08-21T07:35:11.768437077Z {"timestamp": 1787297711.767564, "severity": "INFO", "name": "recommendationservice-server", "message": "[Recv ListRecommendations] product_ids=['9SIQT8TOJO', '1YMWWN1N4O', 'LS4PSXUNUM', '0PUK6V6EV0', '2ZYFJ3GM2N']"}
2026-08-21T07:35:11.876771903Z {"timestamp": 1787297711.876011, "severity": "INFO", "name": "recommendationservice-server", "message": "[Recv ListRecommendations] product_ids=['LS4PSXUNUM', '6E92ZMYYFZ', 'L9ECAV7KIM', '9SIQT8TOJO', 'OLJCESPC7Z']"}
2026-08-21T07:35:12.858091629Z {"timestamp": 1787297712.8569717, "severity": "INFO", "name": "recommendationservice-server", "message": "[Recv ListRecommendations] product_ids=['OLJCESPC7Z', '2ZYFJ3GM2N', '66VCHSJNUP', '9SIQT8TOJO', '6E92ZMYYFZ']"}
2026-08-21T07:35:13.024925702Z {"timestamp": 1787297713.024331, "severity": "INFO", "name": "recommendationservice-server", "message": "[Recv ListRecommendations] product_ids=['OLJCESPC7Z', '1YMWWN1N4O', '6E92ZMYYFZ', '9SIQT8TOJO', '2ZYFJ3GM2N']"}
2026-08-21T07:35:13.105637361Z {"timestamp": 1787297713.1045926, "severity": "INFO", "name": "recommendationservice-server", "message": "[Recv ListRecommendations] product_ids=['L9ECAV7KIM', 'OLJCESPC7Z', 'LS4PSXUNUM', '2ZYFJ3GM2N', '0PUK6V6EV0']"}
2026-08-21T07:35:13.221852832Z {"timestamp": 1787297713.2214384, "severity": "INFO", "name": "recommendationservice-server", "message": "[Recv ListRecommendations] product_ids=['OLJCESPC7Z', '6E92ZMYYFZ', '66VCHSJNUP', 'LS4PSXUNUM', '9SIQT8TOJO']"}
2026-08-21T07:35:13.283258539Z {"timestamp": 1787297713.2827384, "severity": "INFO", "name": "recommendationservice-server", "message": "[Recv ListRecommendations] product_ids=['6E92ZMYYFZ', 'OLJCESPC7Z', '2ZYFJ3GM2N', 'L9ECAV7KIM', '66VCHSJNUP']"}
2026-08-21T07:35:13.714128250Z {"timestamp": 1787297713.7126691, "severity": "INFO", "name": "recommendationservice-server", "message": "[Recv ListRecommendations] product_ids=['1YMWWN1N4O', '66VCHSJNUP', '9SIQT8TOJO', 'LS4PSXUNUM', '0PUK6V6EV0']"}
2026-08-21T07:35:14.274651457Z {"timestamp": 1787297714.273635, "severity": "INFO", "name": "recommendationservice-server", "message": "[Recv ListRecommendations] product_ids=['66VCHSJNUP', '2ZYFJ3GM2N', 'L9ECAV7KIM', '6E92ZMYYFZ', '9SIQT8TOJO']"}
2026-08-21T07:35:14.576975348Z {"timestamp": 1787297714.575831, "severity": "INFO", "name": "recommendationservice-server", "message": "[Recv ListRecommendations] product_ids=['LS4PSXUNUM', '2ZYFJ3GM2N', 'OLJCESPC7Z', '9SIQT8TOJO', '6E92ZMYYFZ']"}
2026-08-21T07:35:14.698810108Z {"timestamp": 1787297714.6978815, "severity": "INFO", "name": "recommendationservice-server", "message": "[Recv ListRecommendations] product_ids=['2ZYFJ3GM2N', '66VCHSJNUP', 'LS4PSXUNUM', 'OLJCESPC7Z', '9SIQT8TOJO']"}
2026-08-21T07:35:14.721716429Z {"timestamp": 1787297714.7209387, "severity": "INFO", "name": "recommendationservice-server", "message": "[Recv ListRecommendations] product_ids=['1YMWWN1N4O', 'OLJCESPC7Z', '6E92ZMYYFZ', 'LS4PSXUNUM', '0PUK6V6EV0']"}
2026-08-21T07:35:14.964368587Z {"timestamp": 1787297714.9633288, "severity": "INFO", "name": "recommendationservice-server", "message": "[Recv ListRecommendations] product_ids=['LS4PSXUNUM', '6E92ZMYYFZ', '2ZYFJ3GM2N', '0PUK6V6EV0', 'OLJCESPC7Z']"}
2026-08-21T07:35:16.154512424Z {"timestamp": 1787297716.1533213, "severity": "INFO", "name": "recommendationservice-server", "message": "[Recv ListRecommendations] product_ids=['L9ECAV7KIM', '66VCHSJNUP', '9SIQT8TOJO', '6E92ZMYYFZ', '1YMWWN1N4O']"}
2026-08-21T07:35:16.396371457Z {"timestamp": 1787297716.3950942, "severity": "INFO", "name": "recommendationservice-server", "message": "[Recv ListRecommendations] product_ids=['LS4PSXUNUM', 'L9ECAV7KIM', '2ZYFJ3GM2N', '1YMWWN1N4O', '0PUK6V6EV0']"}
2026-08-21T07:35:16.545788577Z {"timestamp": 1787297716.5447865, "severity": "INFO", "name": "recommendationservice-server", "message": "[Recv ListRecommendations] product_ids=['LS4PSXUNUM', '2ZYFJ3GM2N', '6E92ZMYYFZ', 'L9ECAV7KIM', '0PUK6V6EV0']"}
2026-08-21T07:35:16.689447286Z {"timestamp": 1787297716.6883595, "severity": "INFO", "name": "recommendationservice-server", "message": "[Recv ListRecommendations] product_ids=['6E92ZMYYFZ', '9SIQT8TOJO', '0PUK6V6EV0', '2ZYFJ3GM2N', 'LS4PSXUNUM']"}
2026-08-21T07:35:16.980086930Z {"timestamp": 1787297716.9788687, "severity": "INFO", "name": "recommendationservice-server", "message": "[Recv ListRecommendations] product_ids=['0PUK6V6EV0', '66VCHSJNUP', '1YMWWN1N4O', 'L9ECAV7KIM', 'LS4PSXUNUM']"}
2026-08-21T07:35:17.413274650Z {"timestamp": 1787297717.4119942, "severity": "INFO", "name": "recommendationservice-server", "message": "[Recv ListRecommendations] product_ids=['L9ECAV7KIM', '6E92ZMYYFZ', '66VCHSJNUP', '2ZYFJ3GM2N', 'LS4PSXUNUM']"}
2026-08-21T07:35:17.601667089Z {"timestamp": 1787297717.6014152, "severity": "INFO", "name": "recommendationservice-server", "message": "[Recv ListRecommendations] product_ids=['2ZYFJ3GM2N', 'L9ECAV7KIM', '9SIQT8TOJO', 'OLJCESPC7Z', '6E92ZMYYFZ']"}
2026-08-21T07:35:17.629151557Z {"timestamp": 1787297717.6286674, "severity": "INFO", "name": "recommendationservice-server", "message": "[Recv ListRecommendations] product_ids=['LS4PSXUNUM', '0PUK6V6EV0', '9SIQT8TOJO', 'L9ECAV7KIM', '1YMWWN1N4O']"}
2026-08-21T07:35:17.639049830Z {"timestamp": 1787297717.6387346, "severity": "INFO", "name": "recommendationservice-server", "message": "[Recv ListRecommendations] product_ids=['L9ECAV7KIM', 'OLJCESPC7Z', 'LS4PSXUNUM', '9SIQT8TOJO', '6E92ZMYYFZ']"}
2026-08-21T07:35:18.285391644Z {"timestamp": 1787297718.2849045, "severity": "INFO", "name": "recommendationservice-server", "message": "[Recv ListRecommendations] product_ids=['LS4PSXUNUM', '66VCHSJNUP', '1YMWWN1N4O', 'OLJCESPC7Z', '2ZYFJ3GM2N']"}
2026-08-21T07:35:18.374767247Z {"timestamp": 1787297718.3738256, "severity": "INFO", "name": "recommendationservice-server", "message": "[Recv ListRecommendations] product_ids=['OLJCESPC7Z', 'LS4PSXUNUM', '66VCHSJNUP', 'L9ECAV7KIM', '0PUK6V6EV0']"}
2026-08-21T07:35:18.506475178Z {"timestamp": 1787297718.5052593, "severity": "INFO", "name": "recommendationservice-server", "message": "[Recv ListRecommendations] product_ids=['OLJCESPC7Z', '66VCHSJNUP', 'LS4PSXUNUM', '6E92ZMYYFZ', '9SIQT8TOJO']"}
2026-08-21T07:35:19.027058707Z {"timestamp": 1787297719.0261602, "severity": "INFO", "name": "recommendationservice-server", "message": "[Recv ListRecommendations] product_ids=['9SIQT8TOJO', '6E92ZMYYFZ', '66VCHSJNUP', '1YMWWN1N4O', '2ZYFJ3GM2N']"}
2026-08-21T07:35:19.413420406Z {"timestamp": 1787297719.4123907, "severity": "INFO", "name": "recommendationservice-server", "message": "[Recv ListRecommendations] product_ids=['6E92ZMYYFZ', 'LS4PSXUNUM', 'L9ECAV7KIM', '66VCHSJNUP', '0PUK6V6EV0']"}
2026-08-21T07:35:19.476469226Z {"timestamp": 1787297719.4750607, "severity": "INFO", "name": "recommendationservice-server", "message": "[Recv ListRecommendations] product_ids=['L9ECAV7KIM', '6E92ZMYYFZ', '1YMWWN1N4O', '2ZYFJ3GM2N', '0PUK6V6EV0']"}
2026-08-21T07:35:19.780572353Z {"timestamp": 1787297719.7794106, "severity": "INFO", "name": "recommendationservice-server", "message": "[Recv ListRecommendations] product_ids=['2ZYFJ3GM2N', '0PUK6V6EV0', '9SIQT8TOJO', '66VCHSJNUP', 'LS4PSXUNUM']"}
2026-08-21T07:35:20.180409593Z {"timestamp": 1787297720.1792984, "severity": "INFO", "name": "recommendationservice-server", "message": "[Recv ListRecommendations] product_ids=['L9ECAV7KIM', '1YMWWN1N4O', '66VCHSJNUP', '6E92ZMYYFZ', 'LS4PSXUNUM']"}
2026-08-21T07:35:21.402238862Z {"timestamp": 1787297721.4008546, "severity": "INFO", "name": "recommendationservice-server", "message": "[Recv ListRecommendations] product_ids=['66VCHSJNUP', '9SIQT8TOJO', '2ZYFJ3GM2N', 'LS4PSXUNUM', 'OLJCESPC7Z']"}
2026-08-21T07:35:21.625104079Z {"timestamp": 1787297721.6238859, "severity": "INFO", "name": "recommendationservice-server", "message": "[Recv ListRecommendations] product_ids=['OLJCESPC7Z', 'L9ECAV7KIM', '9SIQT8TOJO', '1YMWWN1N4O', '0PUK6V6EV0']"}
2026-08-21T07:35:21.790147707Z {"timestamp": 1787297721.7889194, "severity": "INFO", "name": "recommendationservice-server", "message": "[Recv ListRecommendations] product_ids=['LS4PSXUNUM', '9SIQT8TOJO', '1YMWWN1N4O', '2ZYFJ3GM2N', 'L9ECAV7KIM']"}
2026-08-21T07:35:21.895625769Z {"timestamp": 1787297721.8934467, "severity": "INFO", "name": "recommendationservice-server", "message": "[Recv ListRecommendations] product_ids=['L9ECAV7KIM', '9SIQT8TOJO', '6E92ZMYYFZ', 'LS4PSXUNUM', '0PUK6V6EV0']"}
2026-08-21T07:35:23.597266988Z {"timestamp": 1787297723.5963702, "severity": "INFO", "name": "recommendationservice-server", "message": "[Recv ListRecommendations] product_ids=['LS4PSXUNUM', 'OLJCESPC7Z', 'L9ECAV7KIM', '9SIQT8TOJO', '6E92ZMYYFZ']"}
2026-08-21T07:35:24.322570850Z {"timestamp": 1787297724.3207989, "severity": "INFO", "name": "recommendationservice-server", "message": "[Recv ListRecommendations] product_ids=['9SIQT8TOJO', '0PUK6V6EV0', '1YMWWN1N4O', 'OLJCESPC7Z', '66VCHSJNUP']"}
2026-08-21T07:35:24.526193109Z {"timestamp": 1787297724.5249918, "severity": "INFO", "name": "recommendationservice-server", "message": "[Recv ListRecommendations] product_ids=['LS4PSXUNUM', '0PUK6V6EV0', '66VCHSJNUP', 'OLJCESPC7Z', '1YMWWN1N4O']"}
2026-08-21T07:35:24.626039777Z {"timestamp": 1787297724.6255379, "severity": "INFO", "name": "recommendationservice-server", "message": "[Recv ListRecommendations] product_ids=['1YMWWN1N4O', '0PUK6V6EV0', '2ZYFJ3GM2N', '9SIQT8TOJO', 'L9ECAV7KIM']"}
2026-08-21T07:35:25.083847330Z {"timestamp": 1787297725.0815682, "severity": "INFO", "name": "recommendationservice-server", "message": "[Recv ListRecommendations] product_ids=['OLJCESPC7Z', '6E92ZMYYFZ', '9SIQT8TOJO', '66VCHSJNUP', 'LS4PSXUNUM']"}
2026-08-21T07:35:25.461286037Z {"timestamp": 1787297725.460835, "severity": "INFO", "name": "recommendationservice-server", "message": "[Recv ListRecommendations] product_ids=['1YMWWN1N4O', 'L9ECAV7KIM', '6E92ZMYYFZ', '66VCHSJNUP', '0PUK6V6EV0']"}
2026-08-21T07:35:25.484914875Z {"timestamp": 1787297725.4844787, "severity": "INFO", "name": "recommendationservice-server", "message": "[Recv ListRecommendations] product_ids=['OLJCESPC7Z', 'LS4PSXUNUM', '66VCHSJNUP', '1YMWWN1N4O', '6E92ZMYYFZ']"}
2026-08-21T07:35:25.799338989Z {"timestamp": 1787297725.7981224, "severity": "INFO", "name": "recommendationservice-server", "message": "[Recv ListRecommendations] product_ids=['66VCHSJNUP', 'L9ECAV7KIM', '0PUK6V6EV0', '1YMWWN1N4O', '9SIQT8TOJO']"}
2026-08-21T07:35:25.989989719Z {"timestamp": 1787297725.9889963, "severity": "INFO", "name": "recommendationservice-server", "message": "[Recv ListRecommendations] product_ids=['LS4PSXUNUM', '6E92ZMYYFZ', 'L9ECAV7KIM', '9SIQT8TOJO', '2ZYFJ3GM2N']"}
2026-08-21T07:35:26.263806997Z {"timestamp": 1787297726.2626343, "severity": "INFO", "name": "recommendationservice-server", "message": "[Recv ListRecommendations] product_ids=['OLJCESPC7Z', 'LS4PSXUNUM', '9SIQT8TOJO', 'L9ECAV7KIM', '2ZYFJ3GM2N']"}
2026-08-21T07:35:26.548338389Z {"timestamp": 1787297726.5470648, "severity": "INFO", "name": "recommendationservice-server", "message": "[Recv ListRecommendations] product_ids=['6E92ZMYYFZ', 'LS4PSXUNUM', 'L9ECAV7KIM', '0PUK6V6EV0', '9SIQT8TOJO']"}
2026-08-21T07:35:27.437221048Z {"timestamp": 1787297727.4365218, "severity": "INFO", "name": "recommendationservice-server", "message": "[Recv ListRecommendations] product_ids=['OLJCESPC7Z', '9SIQT8TOJO', '1YMWWN1N4O', '0PUK6V6EV0', '2ZYFJ3GM2N']"}
2026-08-21T07:35:28.526894170Z {"timestamp": 1787297728.5258157, "severity": "INFO", "name": "recommendationservice-server", "message": "[Recv ListRecommendations] product_ids=['LS4PSXUNUM', '0PUK6V6EV0', '6E92ZMYYFZ', '1YMWWN1N4O', '2ZYFJ3GM2N']"}
2026-08-21T07:35:28.684640253Z {"timestamp": 1787297728.684138, "severity": "INFO", "name": "recommendationservice-server", "message": "[Recv ListRecommendations] product_ids=['LS4PSXUNUM', '2ZYFJ3GM2N', '6E92ZMYYFZ', '0PUK6V6EV0', '1YMWWN1N4O']"}
2026-08-21T07:35:28.788912582Z {"timestamp": 1787297728.7877276, "severity": "INFO", "name": "recommendationservice-server", "message": "[Recv ListRecommendations] product_ids=['OLJCESPC7Z', '66VCHSJNUP', '9SIQT8TOJO', '6E92ZMYYFZ', 'L9ECAV7KIM']"}
2026-08-21T07:35:28.907415521Z {"timestamp": 1787297728.9062567, "severity": "INFO", "name": "recommendationservice-server", "message": "[Recv ListRecommendations] product_ids=['9SIQT8TOJO', '0PUK6V6EV0', 'LS4PSXUNUM', '66VCHSJNUP', 'L9ECAV7KIM']"}
2026-08-21T07:35:30.822750172Z {"timestamp": 1787297730.8214617, "severity": "INFO", "name": "recommendationservice-server", "message": "[Recv ListRecommendations] product_ids=['0PUK6V6EV0', '66VCHSJNUP', '1YMWWN1N4O', '6E92ZMYYFZ', 'OLJCESPC7Z']"}
2026-08-21T07:35:31.205958702Z {"timestamp": 1787297731.205039, "severity": "INFO", "name": "recommendationservice-server", "message": "[Recv ListRecommendations] product_ids=['LS4PSXUNUM', 'OLJCESPC7Z', '1YMWWN1N4O', 'L9ECAV7KIM', '66VCHSJNUP']"}
2026-08-21T07:35:31.400215642Z {"timestamp": 1787297731.3998847, "severity": "INFO", "name": "recommendationservice-server", "message": "[Recv ListRecommendations] product_ids=['L9ECAV7KIM', 'LS4PSXUNUM', 'OLJCESPC7Z', '6E92ZMYYFZ', '2ZYFJ3GM2N']"}
2026-08-21T07:35:31.514134234Z {"timestamp": 1787297731.5130785, "severity": "INFO", "name": "recommendationservice-server", "message": "[Recv ListRecommendations] product_ids=['OLJCESPC7Z', '66VCHSJNUP', '9SIQT8TOJO', '0PUK6V6EV0', '6E92ZMYYFZ']"}
2026-08-21T07:35:32.212673706Z {"timestamp": 1787297732.2116275, "severity": "INFO", "name": "recommendationservice-server", "message": "[Recv ListRecommendations] product_ids=['0PUK6V6EV0', 'OLJCESPC7Z', '6E92ZMYYFZ', 'LS4PSXUNUM', '1YMWWN1N4O']"}
2026-08-21T07:35:32.268351771Z {"timestamp": 1787297732.267911, "severity": "INFO", "name": "recommendationservice-server", "message": "[Recv ListRecommendations] product_ids=['66VCHSJNUP', '2ZYFJ3GM2N', 'OLJCESPC7Z', '1YMWWN1N4O', '0PUK6V6EV0']"}
2026-08-21T07:35:32.815301930Z {"timestamp": 1787297732.8139033, "severity": "INFO", "name": "recommendationservice-server", "message": "[Recv ListRecommendations] product_ids=['6E92ZMYYFZ', 'LS4PSXUNUM', '0PUK6V6EV0', 'OLJCESPC7Z', '9SIQT8TOJO']"}
2026-08-21T07:35:33.041372364Z {"timestamp": 1787297733.040271, "severity": "INFO", "name": "recommendationservice-server", "message": "[Recv ListRecommendations] product_ids=['OLJCESPC7Z', '2ZYFJ3GM2N', '1YMWWN1N4O', 'LS4PSXUNUM', '0PUK6V6EV0']"}
2026-08-21T07:35:34.301423977Z {"timestamp": 1787297734.3004289, "severity": "INFO", "name": "recommendationservice-server", "message": "[Recv ListRecommendations] product_ids=['6E92ZMYYFZ', '9SIQT8TOJO', 'LS4PSXUNUM', '2ZYFJ3GM2N', '1YMWWN1N4O']"}
2026-08-21T07:35:34.422324725Z {"timestamp": 1787297734.4212499, "severity": "INFO", "name": "recommendationservice-server", "message": "[Recv ListRecommendations] product_ids=['2ZYFJ3GM2N', '66VCHSJNUP', 'LS4PSXUNUM', 'L9ECAV7KIM', 'OLJCESPC7Z']"}
2026-08-21T07:35:34.574471287Z {"timestamp": 1787297734.573369, "severity": "INFO", "name": "recommendationservice-server", "message": "[Recv ListRecommendations] product_ids=['0PUK6V6EV0', 'L9ECAV7KIM', 'OLJCESPC7Z', '2ZYFJ3GM2N', 'LS4PSXUNUM']"}
2026-08-21T07:35:34.829804081Z {"timestamp": 1787297734.8288229, "severity": "INFO", "name": "recommendationservice-server", "message": "[Recv ListRecommendations] product_ids=['L9ECAV7KIM', '1YMWWN1N4O', '0PUK6V6EV0', '9SIQT8TOJO', '2ZYFJ3GM2N']"}
2026-08-21T07:35:35.290349871Z {"timestamp": 1787297735.2894943, "severity": "INFO", "name": "recommendationservice-server", "message": "[Recv ListRecommendations] product_ids=['66VCHSJNUP', '6E92ZMYYFZ', '0PUK6V6EV0', '2ZYFJ3GM2N', 'LS4PSXUNUM']"}
2026-08-21T07:35:35.366671639Z {"timestamp": 1787297735.366191, "severity": "INFO", "name": "recommendationservice-server", "message": "[Recv ListRecommendations] product_ids=['LS4PSXUNUM', 'L9ECAV7KIM', '1YMWWN1N4O', '66VCHSJNUP', '9SIQT8TOJO']"}
2026-08-21T07:35:35.416608811Z {"timestamp": 1787297735.416114, "severity": "INFO", "name": "recommendationservice-server", "message": "[Recv ListRecommendations] product_ids=['0PUK6V6EV0', 'L9ECAV7KIM', '66VCHSJNUP', '1YMWWN1N4O', '2ZYFJ3GM2N']"}
2026-08-21T07:35:35.429938979Z {"timestamp": 1787297735.428541, "severity": "INFO", "name": "recommendationservice-server", "message": "[Recv ListRecommendations] product_ids=['1YMWWN1N4O', '66VCHSJNUP', 'LS4PSXUNUM', '2ZYFJ3GM2N', 'OLJCESPC7Z']"}
2026-08-21T07:35:35.777895847Z {"timestamp": 1787297735.7766607, "severity": "INFO", "name": "recommendationservice-server", "message": "[Recv ListRecommendations] product_ids=['OLJCESPC7Z', '0PUK6V6EV0', '2ZYFJ3GM2N', 'LS4PSXUNUM', '66VCHSJNUP']"}
2026-08-21T07:35:36.023209563Z {"timestamp": 1787297736.0220015, "severity": "INFO", "name": "recommendationservice-server", "message": "[Recv ListRecommendations] product_ids=['1YMWWN1N4O', '6E92ZMYYFZ', 'LS4PSXUNUM', '2ZYFJ3GM2N', 'L9ECAV7KIM']"}
2026-08-21T07:35:36.128981878Z {"timestamp": 1787297736.127303, "severity": "INFO", "name": "recommendationservice-server", "message": "[Recv ListRecommendations] product_ids=['6E92ZMYYFZ', '9SIQT8TOJO', '1YMWWN1N4O', '66VCHSJNUP', 'LS4PSXUNUM']"}
2026-08-21T07:35:36.253392444Z {"timestamp": 1787297736.2530258, "severity": "INFO", "name": "recommendationservice-server", "message": "[Recv ListRecommendations] product_ids=['6E92ZMYYFZ', 'OLJCESPC7Z', '0PUK6V6EV0', '2ZYFJ3GM2N', '9SIQT8TOJO']"}
2026-08-21T07:35:37.193325806Z {"timestamp": 1787297737.1922042, "severity": "INFO", "name": "recommendationservice-server", "message": "[Recv ListRecommendations] product_ids=['L9ECAV7KIM', '6E92ZMYYFZ', '9SIQT8TOJO', '1YMWWN1N4O', '66VCHSJNUP']"}
2026-08-21T07:35:37.944320974Z {"timestamp": 1787297737.9428174, "severity": "INFO", "name": "recommendationservice-server", "message": "[Recv ListRecommendations] product_ids=['66VCHSJNUP', '6E92ZMYYFZ', 'OLJCESPC7Z', '1YMWWN1N4O', '9SIQT8TOJO']"}
2026-08-21T07:35:37.950072023Z {"timestamp": 1787297737.94888, "severity": "INFO", "name": "recommendationservice-server", "message": "[Recv ListRecommendations] product_ids=['6E92ZMYYFZ', '2ZYFJ3GM2N', 'OLJCESPC7Z', '66VCHSJNUP', 'L9ECAV7KIM']"}
2026-08-21T07:35:38.151926923Z {"timestamp": 1787297738.1506739, "severity": "INFO", "name": "recommendationservice-server", "message": "[Recv ListRecommendations] product_ids=['6E92ZMYYFZ', '2ZYFJ3GM2N', 'OLJCESPC7Z', '1YMWWN1N4O', '9SIQT8TOJO']"}
2026-08-21T07:35:38.622631113Z {"timestamp": 1787297738.6216037, "severity": "INFO", "name": "recommendationservice-server", "message": "[Recv ListRecommendations] product_ids=['0PUK6V6EV0', 'L9ECAV7KIM', '2ZYFJ3GM2N', 'LS4PSXUNUM', '9SIQT8TOJO']"}
2026-08-21T07:35:39.385752171Z {"timestamp": 1787297739.3852897, "severity": "INFO", "name": "recommendationservice-server", "message": "[Recv ListRecommendations] product_ids=['1YMWWN1N4O', 'OLJCESPC7Z', 'LS4PSXUNUM', '66VCHSJNUP', 'L9ECAV7KIM']"}
2026-08-21T07:35:40.401639146Z {"timestamp": 1787297740.4011447, "severity": "INFO", "name": "recommendationservice-server", "message": "[Recv ListRecommendations] product_ids=['LS4PSXUNUM', '66VCHSJNUP', '6E92ZMYYFZ', 'OLJCESPC7Z', '0PUK6V6EV0']"}
2026-08-21T07:35:41.376511084Z {"timestamp": 1787297741.3750837, "severity": "INFO", "name": "recommendationservice-server", "message": "[Recv ListRecommendations] product_ids=['1YMWWN1N4O', '66VCHSJNUP', '2ZYFJ3GM2N', '9SIQT8TOJO', 'L9ECAV7KIM']"}
2026-08-21T07:35:41.728499450Z {"timestamp": 1787297741.727024, "severity": "INFO", "name": "recommendationservice-server", "message": "[Recv ListRecommendations] product_ids=['0PUK6V6EV0', 'LS4PSXUNUM', 'L9ECAV7KIM', '6E92ZMYYFZ', '2ZYFJ3GM2N']"}
2026-08-21T07:35:41.873748467Z {"timestamp": 1787297741.872496, "severity": "INFO", "name": "recommendationservice-server", "message": "[Recv ListRecommendations] product_ids=['66VCHSJNUP', '9SIQT8TOJO', 'OLJCESPC7Z', '1YMWWN1N4O', '0PUK6V6EV0']"}
2026-08-21T07:35:41.918870862Z {"timestamp": 1787297741.9177787, "severity": "INFO", "name": "recommendationservice-server", "message": "[Recv ListRecommendations] product_ids=['2ZYFJ3GM2N', '1YMWWN1N4O', '0PUK6V6EV0', '9SIQT8TOJO', 'OLJCESPC7Z']"}
2026-08-21T07:35:42.296347080Z {"timestamp": 1787297742.2954633, "severity": "INFO", "name": "recommendationservice-server", "message": "[Recv ListRecommendations] product_ids=['6E92ZMYYFZ', '66VCHSJNUP', '9SIQT8TOJO', '2ZYFJ3GM2N', '0PUK6V6EV0']"}
2026-08-21T07:35:42.369021846Z {"timestamp": 1787297742.3685935, "severity": "INFO", "name": "recommendationservice-server", "message": "[Recv ListRecommendations] product_ids=['L9ECAV7KIM', '9SIQT8TOJO', 'OLJCESPC7Z', '2ZYFJ3GM2N', '6E92ZMYYFZ']"}
2026-08-21T07:35:42.517322537Z {"timestamp": 1787297742.5162444, "severity": "INFO", "name": "recommendationservice-server", "message": "[Recv ListRecommendations] product_ids=['LS4PSXUNUM', '1YMWWN1N4O', 'OLJCESPC7Z', '2ZYFJ3GM2N', '9SIQT8TOJO']"}
2026-08-21T07:35:42.624910715Z {"timestamp": 1787297742.6234908, "severity": "INFO", "name": "recommendationservice-server", "message": "[Recv ListRecommendations] product_ids=['OLJCESPC7Z', '9SIQT8TOJO', 'LS4PSXUNUM', 'L9ECAV7KIM', '1YMWWN1N4O']"}
2026-08-21T07:35:42.854738444Z {"timestamp": 1787297742.8533494, "severity": "INFO", "name": "recommendationservice-server", "message": "[Recv ListRecommendations] product_ids=['2ZYFJ3GM2N', '1YMWWN1N4O', '6E92ZMYYFZ', '9SIQT8TOJO', 'OLJCESPC7Z']"}
2026-08-21T07:35:43.075210023Z {"timestamp": 1787297743.0741074, "severity": "INFO", "name": "recommendationservice-server", "message": "[Recv ListRecommendations] product_ids=['2ZYFJ3GM2N', 'LS4PSXUNUM', '0PUK6V6EV0', '66VCHSJNUP', '1YMWWN1N4O']"}
2026-08-21T07:35:44.159139858Z {"timestamp": 1787297744.1577942, "severity": "INFO", "name": "recommendationservice-server", "message": "[Recv ListRecommendations] product_ids=['9SIQT8TOJO', 'OLJCESPC7Z', '1YMWWN1N4O', '66VCHSJNUP', 'L9ECAV7KIM']"}
2026-08-21T07:35:44.834318626Z {"timestamp": 1787297744.8329074, "severity": "INFO", "name": "recommendationservice-server", "message": "[Recv ListRecommendations] product_ids=['OLJCESPC7Z', '6E92ZMYYFZ', '9SIQT8TOJO', '2ZYFJ3GM2N', 'LS4PSXUNUM']"}
2026-08-21T07:35:46.365591010Z {"timestamp": 1787297746.3651407, "severity": "INFO", "name": "recommendationservice-server", "message": "[Recv ListRecommendations] product_ids=['0PUK6V6EV0', '2ZYFJ3GM2N', '6E92ZMYYFZ', 'LS4PSXUNUM', '9SIQT8TOJO']"}
2026-08-21T07:35:46.386083887Z {"timestamp": 1787297746.385729, "severity": "INFO", "name": "recommendationservice-server", "message": "[Recv ListRecommendations] product_ids=['66VCHSJNUP', '6E92ZMYYFZ', '9SIQT8TOJO', '0PUK6V6EV0', 'LS4PSXUNUM']"}
2026-08-21T07:35:46.613900504Z {"timestamp": 1787297746.6127717, "severity": "INFO", "name": "recommendationservice-server", "message": "[Recv ListRecommendations] product_ids=['66VCHSJNUP', '0PUK6V6EV0', 'L9ECAV7KIM', '6E92ZMYYFZ', '2ZYFJ3GM2N']"}
2026-08-21T07:35:46.826015787Z {"timestamp": 1787297746.8248146, "severity": "INFO", "name": "recommendationservice-server", "message": "[Recv ListRecommendations] product_ids=['LS4PSXUNUM', '66VCHSJNUP', '1YMWWN1N4O', 'OLJCESPC7Z', '2ZYFJ3GM2N']"}
2026-08-21T07:35:46.915259622Z {"timestamp": 1787297746.9148283, "severity": "INFO", "name": "recommendationservice-server", "message": "[Recv ListRecommendations] product_ids=['9SIQT8TOJO', '2ZYFJ3GM2N', '66VCHSJNUP', '6E92ZMYYFZ', 'OLJCESPC7Z']"}
2026-08-21T07:35:47.061767434Z {"timestamp": 1787297747.0612986, "severity": "INFO", "name": "recommendationservice-server", "message": "[Recv ListRecommendations] product_ids=['2ZYFJ3GM2N', '66VCHSJNUP', '0PUK6V6EV0', '6E92ZMYYFZ', 'OLJCESPC7Z']"}
2026-08-21T07:35:47.078882487Z {"timestamp": 1787297747.0782733, "severity": "INFO", "name": "recommendationservice-server", "message": "[Recv ListRecommendations] product_ids=['1YMWWN1N4O', 'OLJCESPC7Z', 'LS4PSXUNUM', '6E92ZMYYFZ', '66VCHSJNUP']"}
2026-08-21T07:35:47.834489325Z {"timestamp": 1787297747.8332703, "severity": "INFO", "name": "recommendationservice-server", "message": "[Recv ListRecommendations] product_ids=['2ZYFJ3GM2N', 'OLJCESPC7Z', '66VCHSJNUP', '1YMWWN1N4O', '0PUK6V6EV0']"}
2026-08-21T07:35:48.037483894Z {"timestamp": 1787297748.0369825, "severity": "INFO", "name": "recommendationservice-server", "message": "[Recv ListRecommendations] product_ids=['LS4PSXUNUM', '6E92ZMYYFZ', '2ZYFJ3GM2N', 'OLJCESPC7Z', 'L9ECAV7KIM']"}
2026-08-21T07:35:48.372155376Z {"timestamp": 1787297748.3712852, "severity": "INFO", "name": "recommendationservice-server", "message": "[Recv ListRecommendations] product_ids=['66VCHSJNUP', 'OLJCESPC7Z', '1YMWWN1N4O', '0PUK6V6EV0', 'L9ECAV7KIM']"}
2026-08-21T07:35:49.135785157Z {"timestamp": 1787297749.1346402, "severity": "INFO", "name": "recommendationservice-server", "message": "[Recv ListRecommendations] product_ids=['6E92ZMYYFZ', '1YMWWN1N4O', '66VCHSJNUP', '0PUK6V6EV0', 'OLJCESPC7Z']"}
2026-08-21T07:35:49.221085080Z {"timestamp": 1787297749.220167, "severity": "INFO", "name": "recommendationservice-server", "message": "[Recv ListRecommendations] product_ids=['2ZYFJ3GM2N', 'OLJCESPC7Z', '6E92ZMYYFZ', '9SIQT8TOJO', 'LS4PSXUNUM']"}
2026-08-21T07:35:50.000503510Z {"timestamp": 1787297749.999111, "severity": "INFO", "name": "recommendationservice-server", "message": "[Recv ListRecommendations] product_ids=['LS4PSXUNUM', '0PUK6V6EV0', '1YMWWN1N4O', '2ZYFJ3GM2N', '6E92ZMYYFZ']"}
2026-08-21T07:35:50.940341254Z {"timestamp": 1787297750.9392173, "severity": "INFO", "name": "recommendationservice-server", "message": "[Recv ListRecommendations] product_ids=['LS4PSXUNUM', '9SIQT8TOJO', '2ZYFJ3GM2N', '66VCHSJNUP', '1YMWWN1N4O']"}
2026-08-21T07:35:51.031137228Z {"timestamp": 1787297751.030693, "severity": "INFO", "name": "recommendationservice-server", "message": "[Recv ListRecommendations] product_ids=['6E92ZMYYFZ', 'L9ECAV7KIM', 'OLJCESPC7Z', 'LS4PSXUNUM', '2ZYFJ3GM2N']"}
2026-08-21T07:35:51.125646585Z {"timestamp": 1787297751.1245537, "severity": "INFO", "name": "recommendationservice-server", "message": "[Recv ListRecommendations] product_ids=['LS4PSXUNUM', '66VCHSJNUP', '0PUK6V6EV0', '6E92ZMYYFZ', '1YMWWN1N4O']"}
2026-08-21T07:35:52.080780333Z {"timestamp": 1787297752.079326, "severity": "INFO", "name": "recommendationservice-server", "message": "[Recv ListRecommendations] product_ids=['6E92ZMYYFZ', 'L9ECAV7KIM', 'OLJCESPC7Z', '2ZYFJ3GM2N', '1YMWWN1N4O']"}
2026-08-21T07:35:52.172857308Z {"timestamp": 1787297752.172456, "severity": "INFO", "name": "recommendationservice-server", "message": "[Recv ListRecommendations] product_ids=['2ZYFJ3GM2N', 'OLJCESPC7Z', 'L9ECAV7KIM', '6E92ZMYYFZ', '9SIQT8TOJO']"}
2026-08-21T07:35:52.341742257Z {"timestamp": 1787297752.3412268, "severity": "INFO", "name": "recommendationservice-server", "message": "[Recv ListRecommendations] product_ids=['6E92ZMYYFZ', '66VCHSJNUP', '9SIQT8TOJO', '2ZYFJ3GM2N', 'OLJCESPC7Z']"}
2026-08-21T07:35:54.050491076Z {"timestamp": 1787297754.049488, "severity": "INFO", "name": "recommendationservice-server", "message": "[Recv ListRecommendations] product_ids=['OLJCESPC7Z', '6E92ZMYYFZ', 'L9ECAV7KIM', '66VCHSJNUP', '0PUK6V6EV0']"}
2026-08-21T07:35:54.226137988Z {"timestamp": 1787297754.2253277, "severity": "INFO", "name": "recommendationservice-server", "message": "[Recv ListRecommendations] product_ids=['1YMWWN1N4O', 'OLJCESPC7Z', '0PUK6V6EV0', '6E92ZMYYFZ', '2ZYFJ3GM2N']"}
2026-08-21T07:35:54.399615359Z {"timestamp": 1787297754.3988905, "severity": "INFO", "name": "recommendationservice-server", "message": "[Recv ListRecommendations] product_ids=['6E92ZMYYFZ', 'OLJCESPC7Z', '9SIQT8TOJO', 'L9ECAV7KIM', 'LS4PSXUNUM']"}
2026-08-21T07:35:54.871604956Z {"timestamp": 1787297754.8705373, "severity": "INFO", "name": "recommendationservice-server", "message": "[Recv ListRecommendations] product_ids=['66VCHSJNUP', '9SIQT8TOJO', 'LS4PSXUNUM', '1YMWWN1N4O', '6E92ZMYYFZ']"}
2026-08-21T07:35:54.919158432Z {"timestamp": 1787297754.9186826, "severity": "INFO", "name": "recommendationservice-server", "message": "[Recv ListRecommendations] product_ids=['9SIQT8TOJO', 'LS4PSXUNUM', '66VCHSJNUP', 'L9ECAV7KIM', '0PUK6V6EV0']"}
2026-08-21T07:35:55.198252406Z {"timestamp": 1787297755.1973784, "severity": "INFO", "name": "recommendationservice-server", "message": "[Recv ListRecommendations] product_ids=['66VCHSJNUP', 'L9ECAV7KIM', 'OLJCESPC7Z', '1YMWWN1N4O', '6E92ZMYYFZ']"}
2026-08-21T07:35:55.679497158Z {"timestamp": 1787297755.6754022, "severity": "INFO", "name": "recommendationservice-server", "message": "[Recv ListRecommendations] product_ids=['6E92ZMYYFZ', '9SIQT8TOJO', 'OLJCESPC7Z', 'L9ECAV7KIM', '1YMWWN1N4O']"}
2026-08-21T07:35:56.183958861Z {"timestamp": 1787297756.1825435, "severity": "INFO", "name": "recommendationservice-server", "message": "[Recv ListRecommendations] product_ids=['LS4PSXUNUM', '66VCHSJNUP', '2ZYFJ3GM2N', '1YMWWN1N4O', '9SIQT8TOJO']"}
2026-08-21T07:35:56.401916724Z {"timestamp": 1787297756.4014544, "severity": "INFO", "name": "recommendationservice-server", "message": "[Recv ListRecommendations] product_ids=['66VCHSJNUP', '9SIQT8TOJO', 'L9ECAV7KIM', '6E92ZMYYFZ', '0PUK6V6EV0']"}
2026-08-21T07:35:56.414417389Z {"timestamp": 1787297756.4139228, "severity": "INFO", "name": "recommendationservice-server", "message": "[Recv ListRecommendations] product_ids=['66VCHSJNUP', 'LS4PSXUNUM', '9SIQT8TOJO', '2ZYFJ3GM2N', '0PUK6V6EV0']"}
2026-08-21T07:35:56.766159584Z {"timestamp": 1787297756.7650795, "severity": "INFO", "name": "recommendationservice-server", "message": "[Recv ListRecommendations] product_ids=['1YMWWN1N4O', 'L9ECAV7KIM', '6E92ZMYYFZ', 'LS4PSXUNUM', 'OLJCESPC7Z']"}
2026-08-21T07:35:56.821991461Z {"timestamp": 1787297756.8198626, "severity": "INFO", "name": "recommendationservice-server", "message": "[Recv ListRecommendations] product_ids=['LS4PSXUNUM', 'OLJCESPC7Z', '0PUK6V6EV0', '9SIQT8TOJO', '6E92ZMYYFZ']"}
2026-08-21T07:35:56.839230571Z {"timestamp": 1787297756.8373165, "severity": "INFO", "name": "recommendationservice-server", "message": "[Recv ListRecommendations] product_ids=['66VCHSJNUP', 'OLJCESPC7Z', '1YMWWN1N4O', 'L9ECAV7KIM', '2ZYFJ3GM2N']"}
2026-08-21T07:35:57.283376991Z {"timestamp": 1787297757.2821417, "severity": "INFO", "name": "recommendationservice-server", "message": "[Recv ListRecommendations] product_ids=['6E92ZMYYFZ', 'LS4PSXUNUM', '9SIQT8TOJO', '1YMWWN1N4O', '66VCHSJNUP']"}
2026-08-21T07:35:57.816471093Z {"timestamp": 1787297757.8149862, "severity": "INFO", "name": "recommendationservice-server", "message": "[Recv ListRecommendations] product_ids=['L9ECAV7KIM', '0PUK6V6EV0', '66VCHSJNUP', 'OLJCESPC7Z', '6E92ZMYYFZ']"}
2026-08-21T07:35:58.356419045Z {"timestamp": 1787297758.355349, "severity": "INFO", "name": "recommendationservice-server", "message": "[Recv ListRecommendations] product_ids=['L9ECAV7KIM', '9SIQT8TOJO', 'OLJCESPC7Z', '6E92ZMYYFZ', '2ZYFJ3GM2N']"}
2026-08-21T07:35:58.475391718Z {"timestamp": 1787297758.474368, "severity": "INFO", "name": "recommendationservice-server", "message": "[Recv ListRecommendations] product_ids=['LS4PSXUNUM', 'L9ECAV7KIM', '9SIQT8TOJO', '66VCHSJNUP', '2ZYFJ3GM2N']"}
2026-08-21T07:35:59.154853601Z {"timestamp": 1787297759.1536725, "severity": "INFO", "name": "recommendationservice-server", "message": "[Recv ListRecommendations] product_ids=['1YMWWN1N4O', 'LS4PSXUNUM', 'L9ECAV7KIM', '0PUK6V6EV0', '66VCHSJNUP']"}
2026-08-21T07:36:01.150961140Z {"timestamp": 1787297761.149847, "severity": "INFO", "name": "recommendationservice-server", "message": "[Recv ListRecommendations] product_ids=['2ZYFJ3GM2N', 'LS4PSXUNUM', '1YMWWN1N4O', 'L9ECAV7KIM', 'OLJCESPC7Z']"}
2026-08-21T07:36:01.295432858Z {"timestamp": 1787297761.2943654, "severity": "INFO", "name": "recommendationservice-server", "message": "[Recv ListRecommendations] product_ids=['1YMWWN1N4O', 'OLJCESPC7Z', '6E92ZMYYFZ', 'L9ECAV7KIM', '2ZYFJ3GM2N']"}
2026-08-21T07:36:02.173827698Z {"timestamp": 1787297762.1734374, "severity": "INFO", "name": "recommendationservice-server", "message": "[Recv ListRecommendations] product_ids=['L9ECAV7KIM', '66VCHSJNUP', '6E92ZMYYFZ', '9SIQT8TOJO', '0PUK6V6EV0']"}
2026-08-21T07:36:02.495569435Z {"timestamp": 1787297762.4946413, "severity": "INFO", "name": "recommendationservice-server", "message": "[Recv ListRecommendations] product_ids=['LS4PSXUNUM', '0PUK6V6EV0', '1YMWWN1N4O', '66VCHSJNUP', 'OLJCESPC7Z']"}
2026-08-21T07:36:02.979632622Z {"timestamp": 1787297762.9788735, "severity": "INFO", "name": "recommendationservice-server", "message": "[Recv ListRecommendations] product_ids=['66VCHSJNUP', '0PUK6V6EV0', 'L9ECAV7KIM', '9SIQT8TOJO', '1YMWWN1N4O']"}
2026-08-21T07:36:03.321067584Z {"timestamp": 1787297763.3206575, "severity": "INFO", "name": "recommendationservice-server", "message": "[Recv ListRecommendations] product_ids=['1YMWWN1N4O', '0PUK6V6EV0', 'LS4PSXUNUM', 'OLJCESPC7Z', 'L9ECAV7KIM']"}
2026-08-21T07:36:03.569406978Z {"timestamp": 1787297763.5674808, "severity": "INFO", "name": "recommendationservice-server", "message": "[Recv ListRecommendations] product_ids=['9SIQT8TOJO', 'LS4PSXUNUM', 'OLJCESPC7Z', 'L9ECAV7KIM', '6E92ZMYYFZ']"}
2026-08-21T07:36:03.862769514Z {"timestamp": 1787297763.8616421, "severity": "INFO", "name": "recommendationservice-server", "message": "[Recv ListRecommendations] product_ids=['1YMWWN1N4O', 'LS4PSXUNUM', '2ZYFJ3GM2N', '6E92ZMYYFZ', 'L9ECAV7KIM']"}
2026-08-21T07:36:03.988280624Z {"timestamp": 1787297763.9878564, "severity": "INFO", "name": "recommendationservice-server", "message": "[Recv ListRecommendations] product_ids=['L9ECAV7KIM', 'OLJCESPC7Z', '0PUK6V6EV0', 'LS4PSXUNUM', '66VCHSJNUP']"}
2026-08-21T07:36:04.824483171Z {"timestamp": 1787297764.823126, "severity": "INFO", "name": "recommendationservice-server", "message": "[Recv ListRecommendations] product_ids=['9SIQT8TOJO', '2ZYFJ3GM2N', 'OLJCESPC7Z', 'LS4PSXUNUM', '66VCHSJNUP']"}
2026-08-21T07:36:05.231778580Z {"timestamp": 1787297765.2300305, "severity": "INFO", "name": "recommendationservice-server", "message": "[Recv ListRecommendations] product_ids=['OLJCESPC7Z', '66VCHSJNUP', 'L9ECAV7KIM', 'LS4PSXUNUM', '0PUK6V6EV0']"}
2026-08-21T07:36:05.420698456Z {"timestamp": 1787297765.4193215, "severity": "INFO", "name": "recommendationservice-server", "message": "[Recv ListRecommendations] product_ids=['OLJCESPC7Z', 'L9ECAV7KIM', '9SIQT8TOJO', '0PUK6V6EV0', 'LS4PSXUNUM']"}
2026-08-21T07:36:05.920448704Z {"timestamp": 1787297765.9192815, "severity": "INFO", "name": "recommendationservice-server", "message": "[Recv ListRecommendations] product_ids=['9SIQT8TOJO', 'LS4PSXUNUM', 'L9ECAV7KIM', '66VCHSJNUP', '0PUK6V6EV0']"}
2026-08-21T07:36:06.025787930Z {"timestamp": 1787297766.0240839, "severity": "INFO", "name": "recommendationservice-server", "message": "[Recv ListRecommendations] product_ids=['L9ECAV7KIM', 'OLJCESPC7Z', '66VCHSJNUP', 'LS4PSXUNUM', '0PUK6V6EV0']"}
2026-08-21T07:36:06.170061686Z {"timestamp": 1787297766.1689959, "severity": "INFO", "name": "recommendationservice-server", "message": "[Recv ListRecommendations] product_ids=['OLJCESPC7Z', 'L9ECAV7KIM', '0PUK6V6EV0', '1YMWWN1N4O', '9SIQT8TOJO']"}
2026-08-21T07:36:06.174359484Z {"timestamp": 1787297766.1723204, "severity": "INFO", "name": "recommendationservice-server", "message": "[Recv ListRecommendations] product_ids=['6E92ZMYYFZ', '9SIQT8TOJO', 'L9ECAV7KIM', '0PUK6V6EV0', 'OLJCESPC7Z']"}
2026-08-21T07:36:06.414512828Z {"timestamp": 1787297766.4131718, "severity": "INFO", "name": "recommendationservice-server", "message": "[Recv ListRecommendations] product_ids=['9SIQT8TOJO', '0PUK6V6EV0', '1YMWWN1N4O', 'LS4PSXUNUM', '2ZYFJ3GM2N']"}
2026-08-21T07:36:06.516688139Z {"timestamp": 1787297766.5158875, "severity": "INFO", "name": "recommendationservice-server", "message": "[Recv ListRecommendations] product_ids=['0PUK6V6EV0', '1YMWWN1N4O', '6E92ZMYYFZ', 'LS4PSXUNUM', '9SIQT8TOJO']"}
2026-08-21T07:36:06.831493720Z {"timestamp": 1787297766.8303022, "severity": "INFO", "name": "recommendationservice-server", "message": "[Recv ListRecommendations] product_ids=['1YMWWN1N4O', 'LS4PSXUNUM', '9SIQT8TOJO', '66VCHSJNUP', '6E92ZMYYFZ']"}
2026-08-21T07:36:06.930196667Z {"timestamp": 1787297766.9289124, "severity": "INFO", "name": "recommendationservice-server", "message": "[Recv ListRecommendations] product_ids=['6E92ZMYYFZ', '2ZYFJ3GM2N', '66VCHSJNUP', '9SIQT8TOJO', 'L9ECAV7KIM']"}
2026-08-21T07:36:07.530321534Z {"timestamp": 1787297767.5292473, "severity": "INFO", "name": "recommendationservice-server", "message": "[Recv ListRecommendations] product_ids=['1YMWWN1N4O', '2ZYFJ3GM2N', 'L9ECAV7KIM', 'OLJCESPC7Z', '9SIQT8TOJO']"}
2026-08-21T07:36:07.813728409Z {"timestamp": 1787297767.8125982, "severity": "INFO", "name": "recommendationservice-server", "message": "[Recv ListRecommendations] product_ids=['OLJCESPC7Z', '66VCHSJNUP', '6E92ZMYYFZ', 'LS4PSXUNUM', '2ZYFJ3GM2N']"}
2026-08-21T07:36:08.113008766Z {"timestamp": 1787297768.1116385, "severity": "INFO", "name": "recommendationservice-server", "message": "[Recv ListRecommendations] product_ids=['66VCHSJNUP', '2ZYFJ3GM2N', '1YMWWN1N4O', 'L9ECAV7KIM', 'OLJCESPC7Z']"}
2026-08-21T07:36:08.482116074Z {"timestamp": 1787297768.4786222, "severity": "INFO", "name": "recommendationservice-server", "message": "[Recv ListRecommendations] product_ids=['66VCHSJNUP', 'LS4PSXUNUM', '0PUK6V6EV0', '1YMWWN1N4O', '9SIQT8TOJO']"}
2026-08-21T07:36:09.713127809Z {"timestamp": 1787297769.7126923, "severity": "INFO", "name": "recommendationservice-server", "message": "[Recv ListRecommendations] product_ids=['9SIQT8TOJO', 'OLJCESPC7Z', 'LS4PSXUNUM', 'L9ECAV7KIM', '2ZYFJ3GM2N']"}
2026-08-21T07:36:10.694335032Z {"timestamp": 1787297770.693877, "severity": "INFO", "name": "recommendationservice-server", "message": "[Recv ListRecommendations] product_ids=['LS4PSXUNUM', '6E92ZMYYFZ', '1YMWWN1N4O', 'OLJCESPC7Z', 'L9ECAV7KIM']"}
2026-08-21T07:36:11.722657814Z {"timestamp": 1787297771.7214873, "severity": "INFO", "name": "recommendationservice-server", "message": "[Recv ListRecommendations] product_ids=['2ZYFJ3GM2N', '0PUK6V6EV0', 'LS4PSXUNUM', '1YMWWN1N4O', '66VCHSJNUP']"}
2026-08-21T07:36:11.922259465Z {"timestamp": 1787297771.921321, "severity": "INFO", "name": "recommendationservice-server", "message": "[Recv ListRecommendations] product_ids=['OLJCESPC7Z', '0PUK6V6EV0', '1YMWWN1N4O', '2ZYFJ3GM2N', 'LS4PSXUNUM']"}
2026-08-21T07:36:12.037859459Z {"timestamp": 1787297772.03677, "severity": "INFO", "name": "recommendationservice-server", "message": "[Recv ListRecommendations] product_ids=['6E92ZMYYFZ', 'LS4PSXUNUM', '9SIQT8TOJO', '0PUK6V6EV0', '66VCHSJNUP']"}
2026-08-21T07:36:13.202502104Z {"timestamp": 1787297773.2016647, "severity": "INFO", "name": "recommendationservice-server", "message": "[Recv ListRecommendations] product_ids=['2ZYFJ3GM2N', '0PUK6V6EV0', 'OLJCESPC7Z', '6E92ZMYYFZ', '9SIQT8TOJO']"}
2026-08-21T07:36:13.211194917Z {"timestamp": 1787297773.2103593, "severity": "INFO", "name": "recommendationservice-server", "message": "[Recv ListRecommendations] product_ids=['LS4PSXUNUM', '66VCHSJNUP', 'L9ECAV7KIM', '1YMWWN1N4O', '2ZYFJ3GM2N']"}
2026-08-21T07:36:13.213781038Z {"timestamp": 1787297773.213162, "severity": "INFO", "name": "recommendationservice-server", "message": "[Recv ListRecommendations] product_ids=['1YMWWN1N4O', '6E92ZMYYFZ', '9SIQT8TOJO', 'LS4PSXUNUM', '2ZYFJ3GM2N']"}
2026-08-21T07:36:13.282586224Z {"timestamp": 1787297773.2820354, "severity": "INFO", "name": "recommendationservice-server", "message": "[Recv ListRecommendations] product_ids=['0PUK6V6EV0', 'LS4PSXUNUM', '2ZYFJ3GM2N', 'L9ECAV7KIM', '6E92ZMYYFZ']"}
2026-08-21T07:36:13.598091607Z {"timestamp": 1787297773.590742, "severity": "INFO", "name": "recommendationservice-server", "message": "[Recv ListRecommendations] product_ids=['1YMWWN1N4O', '9SIQT8TOJO', '6E92ZMYYFZ', 'LS4PSXUNUM', '0PUK6V6EV0']"}
2026-08-21T07:36:13.967149435Z {"timestamp": 1787297773.9659116, "severity": "INFO", "name": "recommendationservice-server", "message": "[Recv ListRecommendations] product_ids=['1YMWWN1N4O', '0PUK6V6EV0', 'OLJCESPC7Z', 'L9ECAV7KIM', '6E92ZMYYFZ']"}
2026-08-21T07:36:14.068847976Z {"timestamp": 1787297774.06731, "severity": "INFO", "name": "recommendationservice-server", "message": "[Recv ListRecommendations] product_ids=['1YMWWN1N4O', 'OLJCESPC7Z', '9SIQT8TOJO', '6E92ZMYYFZ', '0PUK6V6EV0']"}
2026-08-21T07:36:15.904188721Z {"timestamp": 1787297775.9030988, "severity": "INFO", "name": "recommendationservice-server", "message": "[Recv ListRecommendations] product_ids=['6E92ZMYYFZ', '2ZYFJ3GM2N', 'LS4PSXUNUM', '9SIQT8TOJO', '66VCHSJNUP']"}
2026-08-21T07:36:15.983301711Z {"timestamp": 1787297775.9822085, "severity": "INFO", "name": "recommendationservice-server", "message": "[Recv ListRecommendations] product_ids=['LS4PSXUNUM', 'L9ECAV7KIM', '0PUK6V6EV0', '6E92ZMYYFZ', '9SIQT8TOJO']"}
2026-08-21T07:36:16.066616917Z {"timestamp": 1787297776.0653596, "severity": "INFO", "name": "recommendationservice-server", "message": "[Recv ListRecommendations] product_ids=['L9ECAV7KIM', 'LS4PSXUNUM', '1YMWWN1N4O', 'OLJCESPC7Z', '9SIQT8TOJO']"}
2026-08-21T07:36:16.217118979Z {"timestamp": 1787297776.2156618, "severity": "INFO", "name": "recommendationservice-server", "message": "[Recv ListRecommendations] product_ids=['0PUK6V6EV0', 'LS4PSXUNUM', '1YMWWN1N4O', 'OLJCESPC7Z', '2ZYFJ3GM2N']"}
2026-08-21T07:36:16.225528113Z {"timestamp": 1787297776.2245865, "severity": "INFO", "name": "recommendationservice-server", "message": "[Recv ListRecommendations] product_ids=['2ZYFJ3GM2N', '9SIQT8TOJO', '0PUK6V6EV0', '66VCHSJNUP', 'L9ECAV7KIM']"}
2026-08-21T07:36:16.706003039Z {"timestamp": 1787297776.7056239, "severity": "INFO", "name": "recommendationservice-server", "message": "[Recv ListRecommendations] product_ids=['2ZYFJ3GM2N', 'OLJCESPC7Z', 'L9ECAV7KIM', '66VCHSJNUP', '1YMWWN1N4O']"}
2026-08-21T07:36:17.005919178Z {"timestamp": 1787297777.0046604, "severity": "INFO", "name": "recommendationservice-server", "message": "[Recv ListRecommendations] product_ids=['1YMWWN1N4O', 'L9ECAV7KIM', '2ZYFJ3GM2N', '0PUK6V6EV0', '66VCHSJNUP']"}
2026-08-21T07:36:18.178955794Z {"timestamp": 1787297778.1784651, "severity": "INFO", "name": "recommendationservice-server", "message": "[Recv ListRecommendations] product_ids=['L9ECAV7KIM', '9SIQT8TOJO', '0PUK6V6EV0', '2ZYFJ3GM2N', 'LS4PSXUNUM']"}
2026-08-21T07:36:18.389886259Z {"timestamp": 1787297778.3888083, "severity": "INFO", "name": "recommendationservice-server", "message": "[Recv ListRecommendations] product_ids=['9SIQT8TOJO', '0PUK6V6EV0', '6E92ZMYYFZ', '66VCHSJNUP', 'OLJCESPC7Z']"}
2026-08-21T07:36:18.475304024Z {"timestamp": 1787297778.4742477, "severity": "INFO", "name": "recommendationservice-server", "message": "[Recv ListRecommendations] product_ids=['6E92ZMYYFZ', 'L9ECAV7KIM', 'OLJCESPC7Z', '2ZYFJ3GM2N', '66VCHSJNUP']"}
2026-08-21T07:36:18.588277487Z {"timestamp": 1787297778.5864713, "severity": "INFO", "name": "recommendationservice-server", "message": "[Recv ListRecommendations] product_ids=['OLJCESPC7Z', '6E92ZMYYFZ', '66VCHSJNUP', '9SIQT8TOJO', '0PUK6V6EV0']"}
2026-08-21T07:36:18.664549893Z {"timestamp": 1787297778.663631, "severity": "INFO", "name": "recommendationservice-server", "message": "[Recv ListRecommendations] product_ids=['LS4PSXUNUM', '0PUK6V6EV0', '66VCHSJNUP', '2ZYFJ3GM2N', '6E92ZMYYFZ']"}
2026-08-21T07:36:18.900845584Z {"timestamp": 1787297778.8996043, "severity": "INFO", "name": "recommendationservice-server", "message": "[Recv ListRecommendations] product_ids=['OLJCESPC7Z', '6E92ZMYYFZ', '9SIQT8TOJO', 'L9ECAV7KIM', '66VCHSJNUP']"}
2026-08-21T07:36:19.712873543Z {"timestamp": 1787297779.711391, "severity": "INFO", "name": "recommendationservice-server", "message": "[Recv ListRecommendations] product_ids=['OLJCESPC7Z', '2ZYFJ3GM2N', 'L9ECAV7KIM', '6E92ZMYYFZ', '66VCHSJNUP']"}
2026-08-21T07:36:20.261782338Z {"timestamp": 1787297780.260488, "severity": "INFO", "name": "recommendationservice-server", "message": "[Recv ListRecommendations] product_ids=['1YMWWN1N4O', '6E92ZMYYFZ', 'L9ECAV7KIM', '2ZYFJ3GM2N', '66VCHSJNUP']"}
2026-08-21T07:36:21.558171471Z {"timestamp": 1787297781.5570939, "severity": "INFO", "name": "recommendationservice-server", "message": "[Recv ListRecommendations] product_ids=['66VCHSJNUP', '1YMWWN1N4O', 'LS4PSXUNUM', 'L9ECAV7KIM', '6E92ZMYYFZ']"}
2026-08-21T07:36:22.042572661Z {"timestamp": 1787297782.04158, "severity": "INFO", "name": "recommendationservice-server", "message": "[Recv ListRecommendations] product_ids=['2ZYFJ3GM2N', '0PUK6V6EV0', '1YMWWN1N4O', '6E92ZMYYFZ', 'L9ECAV7KIM']"}
2026-08-21T07:36:22.131633390Z {"timestamp": 1787297782.1302235, "severity": "INFO", "name": "recommendationservice-server", "message": "[Recv ListRecommendations] product_ids=['LS4PSXUNUM', '1YMWWN1N4O', '2ZYFJ3GM2N', '6E92ZMYYFZ', 'L9ECAV7KIM']"}
2026-08-21T07:36:22.223732536Z {"timestamp": 1787297782.2230504, "severity": "INFO", "name": "recommendationservice-server", "message": "[Recv ListRecommendations] product_ids=['1YMWWN1N4O', '66VCHSJNUP', 'OLJCESPC7Z', 'L9ECAV7KIM', 'LS4PSXUNUM']"}
2026-08-21T07:36:22.226844765Z {"timestamp": 1787297782.2260473, "severity": "INFO", "name": "recommendationservice-server", "message": "[Recv ListRecommendations] product_ids=['2ZYFJ3GM2N', '1YMWWN1N4O', 'L9ECAV7KIM', '9SIQT8TOJO', '0PUK6V6EV0']"}
2026-08-21T07:36:22.408242381Z {"timestamp": 1787297782.4077384, "severity": "INFO", "name": "recommendationservice-server", "message": "[Recv ListRecommendations] product_ids=['L9ECAV7KIM', '0PUK6V6EV0', '66VCHSJNUP', 'LS4PSXUNUM', '1YMWWN1N4O']"}
2026-08-21T07:36:22.712461461Z {"timestamp": 1787297782.7107065, "severity": "INFO", "name": "recommendationservice-server", "message": "[Recv ListRecommendations] product_ids=['1YMWWN1N4O', 'L9ECAV7KIM', 'LS4PSXUNUM', '6E92ZMYYFZ', '66VCHSJNUP']"}
2026-08-21T07:36:22.783085759Z {"timestamp": 1787297782.7821913, "severity": "INFO", "name": "recommendationservice-server", "message": "[Recv ListRecommendations] product_ids=['0PUK6V6EV0', 'OLJCESPC7Z', '9SIQT8TOJO', '1YMWWN1N4O', 'L9ECAV7KIM']"}
2026-08-21T07:36:23.084650689Z {"timestamp": 1787297783.083459, "severity": "INFO", "name": "recommendationservice-server", "message": "[Recv ListRecommendations] product_ids=['6E92ZMYYFZ', '2ZYFJ3GM2N', '1YMWWN1N4O', 'OLJCESPC7Z', '9SIQT8TOJO']"}
2026-08-21T07:36:23.445109223Z {"timestamp": 1787297783.4437795, "severity": "INFO", "name": "recommendationservice-server", "message": "[Recv ListRecommendations] product_ids=['1YMWWN1N4O', '2ZYFJ3GM2N', '6E92ZMYYFZ', '9SIQT8TOJO', 'L9ECAV7KIM']"}
2026-08-21T07:36:23.687905769Z {"timestamp": 1787297783.6867516, "severity": "INFO", "name": "recommendationservice-server", "message": "[Recv ListRecommendations] product_ids=['L9ECAV7KIM', '1YMWWN1N4O', 'LS4PSXUNUM', '6E92ZMYYFZ', '2ZYFJ3GM2N']"}
2026-08-21T07:36:24.673349776Z {"timestamp": 1787297784.6717727, "severity": "INFO", "name": "recommendationservice-server", "message": "[Recv ListRecommendations] product_ids=['2ZYFJ3GM2N', '9SIQT8TOJO', 'L9ECAV7KIM', '66VCHSJNUP', 'OLJCESPC7Z']"}
2026-08-21T07:36:25.085050216Z {"timestamp": 1787297785.0839467, "severity": "INFO", "name": "recommendationservice-server", "message": "[Recv ListRecommendations] product_ids=['9SIQT8TOJO', '66VCHSJNUP', '6E92ZMYYFZ', '1YMWWN1N4O', '2ZYFJ3GM2N']"}
2026-08-21T07:36:25.091551320Z {"timestamp": 1787297785.090514, "severity": "INFO", "name": "recommendationservice-server", "message": "[Recv ListRecommendations] product_ids=['0PUK6V6EV0', '9SIQT8TOJO', '66VCHSJNUP', 'LS4PSXUNUM', '1YMWWN1N4O']"}
2026-08-21T07:36:25.369104371Z {"timestamp": 1787297785.36804, "severity": "INFO", "name": "recommendationservice-server", "message": "[Recv ListRecommendations] product_ids=['9SIQT8TOJO', '2ZYFJ3GM2N', 'OLJCESPC7Z', '0PUK6V6EV0', '1YMWWN1N4O']"}
2026-08-21T07:36:25.475769891Z {"timestamp": 1787297785.4747722, "severity": "INFO", "name": "recommendationservice-server", "message": "[Recv ListRecommendations] product_ids=['9SIQT8TOJO', 'OLJCESPC7Z', '6E92ZMYYFZ', 'LS4PSXUNUM', '2ZYFJ3GM2N']"}
2026-08-21T07:36:25.630081806Z {"timestamp": 1787297785.6289392, "severity": "INFO", "name": "recommendationservice-server", "message": "[Recv ListRecommendations] product_ids=['66VCHSJNUP', 'LS4PSXUNUM', '2ZYFJ3GM2N', '9SIQT8TOJO', 'OLJCESPC7Z']"}
2026-08-21T07:36:26.620334330Z {"timestamp": 1787297786.6187663, "severity": "INFO", "name": "recommendationservice-server", "message": "[Recv ListRecommendations] product_ids=['9SIQT8TOJO', 'OLJCESPC7Z', 'LS4PSXUNUM', '6E92ZMYYFZ', 'L9ECAV7KIM']"}
2026-08-21T07:36:26.722472081Z {"timestamp": 1787297786.721818, "severity": "INFO", "name": "recommendationservice-server", "message": "[Recv ListRecommendations] product_ids=['OLJCESPC7Z', 'LS4PSXUNUM', 'L9ECAV7KIM', '9SIQT8TOJO', '66VCHSJNUP']"}
2026-08-21T07:36:28.501075730Z {"timestamp": 1787297788.4996607, "severity": "INFO", "name": "recommendationservice-server", "message": "[Recv ListRecommendations] product_ids=['0PUK6V6EV0', '1YMWWN1N4O', '6E92ZMYYFZ', 'L9ECAV7KIM', '9SIQT8TOJO']"}
2026-08-21T07:36:28.820717330Z {"timestamp": 1787297788.8195326, "severity": "INFO", "name": "recommendationservice-server", "message": "[Recv ListRecommendations] product_ids=['6E92ZMYYFZ', 'LS4PSXUNUM', 'L9ECAV7KIM', 'OLJCESPC7Z', '0PUK6V6EV0']"}
2026-08-21T07:36:30.168125392Z {"timestamp": 1787297790.1671534, "severity": "INFO", "name": "recommendationservice-server", "message": "[Recv ListRecommendations] product_ids=['1YMWWN1N4O', 'OLJCESPC7Z', '9SIQT8TOJO', '2ZYFJ3GM2N', 'LS4PSXUNUM']"}
2026-08-21T07:36:30.487342451Z {"timestamp": 1787297790.4862654, "severity": "INFO", "name": "recommendationservice-server", "message": "[Recv ListRecommendations] product_ids=['6E92ZMYYFZ', '1YMWWN1N4O', 'L9ECAV7KIM', '2ZYFJ3GM2N', 'LS4PSXUNUM']"}
2026-08-21T07:36:30.590610098Z {"timestamp": 1787297790.5894554, "severity": "INFO", "name": "recommendationservice-server", "message": "[Recv ListRecommendations] product_ids=['6E92ZMYYFZ', 'LS4PSXUNUM', '66VCHSJNUP', '2ZYFJ3GM2N', '1YMWWN1N4O']"}
2026-08-21T07:36:30.670480374Z {"timestamp": 1787297790.6687803, "severity": "INFO", "name": "recommendationservice-server", "message": "[Recv ListRecommendations] product_ids=['66VCHSJNUP', '1YMWWN1N4O', '9SIQT8TOJO', 'LS4PSXUNUM', '6E92ZMYYFZ']"}
2026-08-21T07:36:31.377041627Z {"timestamp": 1787297791.3720863, "severity": "INFO", "name": "recommendationservice-server", "message": "[Recv ListRecommendations] product_ids=['6E92ZMYYFZ', '9SIQT8TOJO', '0PUK6V6EV0', '1YMWWN1N4O', '2ZYFJ3GM2N']"}
2026-08-21T07:36:31.469078664Z {"timestamp": 1787297791.4686089, "severity": "INFO", "name": "recommendationservice-server", "message": "[Recv ListRecommendations] product_ids=['L9ECAV7KIM', 'LS4PSXUNUM', '1YMWWN1N4O', '6E92ZMYYFZ', 'OLJCESPC7Z']"}
2026-08-21T07:36:31.524557407Z {"timestamp": 1787297791.5238552, "severity": "INFO", "name": "recommendationservice-server", "message": "[Recv ListRecommendations] product_ids=['1YMWWN1N4O', 'LS4PSXUNUM', '6E92ZMYYFZ', '0PUK6V6EV0', '9SIQT8TOJO']"}
2026-08-21T07:36:31.660661148Z {"timestamp": 1787297791.6592278, "severity": "INFO", "name": "recommendationservice-server", "message": "[Recv ListRecommendations] product_ids=['2ZYFJ3GM2N', '9SIQT8TOJO', '0PUK6V6EV0', 'LS4PSXUNUM', 'OLJCESPC7Z']"}
2026-08-21T07:36:31.718140613Z {"timestamp": 1787297791.7169344, "severity": "INFO", "name": "recommendationservice-server", "message": "[Recv ListRecommendations] product_ids=['66VCHSJNUP', '2ZYFJ3GM2N', 'OLJCESPC7Z', 'LS4PSXUNUM', '9SIQT8TOJO']"}
2026-08-21T07:36:31.862611103Z {"timestamp": 1787297791.861991, "severity": "INFO", "name": "recommendationservice-server", "message": "[Recv ListRecommendations] product_ids=['LS4PSXUNUM', '0PUK6V6EV0', '2ZYFJ3GM2N', '66VCHSJNUP', 'L9ECAV7KIM']"}
2026-08-21T07:36:31.902744272Z {"timestamp": 1787297791.902186, "severity": "INFO", "name": "recommendationservice-server", "message": "[Recv ListRecommendations] product_ids=['LS4PSXUNUM', '0PUK6V6EV0', '6E92ZMYYFZ', 'L9ECAV7KIM', '1YMWWN1N4O']"}
2026-08-21T07:36:32.430773492Z {"timestamp": 1787297792.430366, "severity": "INFO", "name": "recommendationservice-server", "message": "[Recv ListRecommendations] product_ids=['L9ECAV7KIM', 'LS4PSXUNUM', '9SIQT8TOJO', '0PUK6V6EV0', 'OLJCESPC7Z']"}
2026-08-21T07:36:32.614241768Z {"timestamp": 1787297792.6125963, "severity": "INFO", "name": "recommendationservice-server", "message": "[Recv ListRecommendations] product_ids=['9SIQT8TOJO', 'L9ECAV7KIM', '1YMWWN1N4O', 'OLJCESPC7Z', '6E92ZMYYFZ']"}
2026-08-21T07:36:32.722832873Z {"timestamp": 1787297792.7216048, "severity": "INFO", "name": "recommendationservice-server", "message": "[Recv ListRecommendations] product_ids=['L9ECAV7KIM', '9SIQT8TOJO', 'OLJCESPC7Z', '1YMWWN1N4O', '2ZYFJ3GM2N']"}
2026-08-21T07:36:32.769966871Z {"timestamp": 1787297792.768667, "severity": "INFO", "name": "recommendationservice-server", "message": "[Recv ListRecommendations] product_ids=['2ZYFJ3GM2N', 'L9ECAV7KIM', '66VCHSJNUP', '1YMWWN1N4O', '6E92ZMYYFZ']"}
2026-08-21T07:36:32.934959269Z {"timestamp": 1787297792.9325624, "severity": "INFO", "name": "recommendationservice-server", "message": "[Recv ListRecommendations] product_ids=['9SIQT8TOJO', '0PUK6V6EV0', 'OLJCESPC7Z', '2ZYFJ3GM2N', '6E92ZMYYFZ']"}
2026-08-21T07:36:33.016608731Z {"timestamp": 1787297793.0156589, "severity": "INFO", "name": "recommendationservice-server", "message": "[Recv ListRecommendations] product_ids=['0PUK6V6EV0', 'LS4PSXUNUM', '66VCHSJNUP', '1YMWWN1N4O', '6E92ZMYYFZ']"}
2026-08-21T07:36:33.158416691Z {"timestamp": 1787297793.157792, "severity": "INFO", "name": "recommendationservice-server", "message": "[Recv ListRecommendations] product_ids=['9SIQT8TOJO', '6E92ZMYYFZ', '0PUK6V6EV0', 'L9ECAV7KIM', 'LS4PSXUNUM']"}
2026-08-21T07:36:33.211802097Z {"timestamp": 1787297793.211113, "severity": "INFO", "name": "recommendationservice-server", "message": "[Recv ListRecommendations] product_ids=['L9ECAV7KIM', 'OLJCESPC7Z', '6E92ZMYYFZ', '9SIQT8TOJO', 'LS4PSXUNUM']"}
2026-08-21T07:36:33.299888096Z {"timestamp": 1787297793.2994552, "severity": "INFO", "name": "recommendationservice-server", "message": "[Recv ListRecommendations] product_ids=['2ZYFJ3GM2N', '9SIQT8TOJO', 'L9ECAV7KIM', '1YMWWN1N4O', '0PUK6V6EV0']"}
2026-08-21T07:36:33.447146135Z {"timestamp": 1787297793.4455643, "severity": "INFO", "name": "recommendationservice-server", "message": "[Recv ListRecommendations] product_ids=['L9ECAV7KIM', '0PUK6V6EV0', '66VCHSJNUP', '2ZYFJ3GM2N', 'OLJCESPC7Z']"}
2026-08-21T07:36:34.048001495Z {"timestamp": 1787297794.0466242, "severity": "INFO", "name": "recommendationservice-server", "message": "[Recv ListRecommendations] product_ids=['2ZYFJ3GM2N', 'OLJCESPC7Z', '1YMWWN1N4O', 'LS4PSXUNUM', '66VCHSJNUP']"}
2026-08-21T07:36:34.174857844Z {"timestamp": 1787297794.1737742, "severity": "INFO", "name": "recommendationservice-server", "message": "[Recv ListRecommendations] product_ids=['66VCHSJNUP', '0PUK6V6EV0', 'LS4PSXUNUM', '2ZYFJ3GM2N', 'L9ECAV7KIM']"}
2026-08-21T07:36:34.306581379Z {"timestamp": 1787297794.3055289, "severity": "INFO", "name": "recommendationservice-server", "message": "[Recv ListRecommendations] product_ids=['OLJCESPC7Z', '66VCHSJNUP', 'L9ECAV7KIM', '2ZYFJ3GM2N', '0PUK6V6EV0']"}
2026-08-21T07:36:35.458991951Z {"timestamp": 1787297795.4579306, "severity": "INFO", "name": "recommendationservice-server", "message": "[Recv ListRecommendations] product_ids=['66VCHSJNUP', '6E92ZMYYFZ', 'LS4PSXUNUM', 'OLJCESPC7Z', 'L9ECAV7KIM']"}
2026-08-21T07:36:35.659001893Z {"timestamp": 1787297795.6580145, "severity": "INFO", "name": "recommendationservice-server", "message": "[Recv ListRecommendations] product_ids=['0PUK6V6EV0', 'L9ECAV7KIM', 'OLJCESPC7Z', '6E92ZMYYFZ', '2ZYFJ3GM2N']"}
2026-08-21T07:36:36.182575995Z {"timestamp": 1787297796.1809936, "severity": "INFO", "name": "recommendationservice-server", "message": "[Recv ListRecommendations] product_ids=['66VCHSJNUP', 'OLJCESPC7Z', 'L9ECAV7KIM', '9SIQT8TOJO', '6E92ZMYYFZ']"}
2026-08-21T07:36:36.463402265Z {"timestamp": 1787297796.4621809, "severity": "INFO", "name": "recommendationservice-server", "message": "[Recv ListRecommendations] product_ids=['1YMWWN1N4O', '2ZYFJ3GM2N', '6E92ZMYYFZ', 'L9ECAV7KIM', 'LS4PSXUNUM']"}
2026-08-21T07:36:36.564446754Z {"timestamp": 1787297796.5632253, "severity": "INFO", "name": "recommendationservice-server", "message": "[Recv ListRecommendations] product_ids=['66VCHSJNUP', '2ZYFJ3GM2N', 'LS4PSXUNUM', 'OLJCESPC7Z', '9SIQT8TOJO']"}
2026-08-21T07:36:36.688368231Z {"timestamp": 1787297796.6867487, "severity": "INFO", "name": "recommendationservice-server", "message": "[Recv ListRecommendations] product_ids=['9SIQT8TOJO', 'LS4PSXUNUM', '1YMWWN1N4O', '2ZYFJ3GM2N', '0PUK6V6EV0']"}
2026-08-21T07:36:36.764047130Z {"timestamp": 1787297796.7599335, "severity": "INFO", "name": "recommendationservice-server", "message": "[Recv ListRecommendations] product_ids=['L9ECAV7KIM', 'OLJCESPC7Z', '2ZYFJ3GM2N', '66VCHSJNUP', 'LS4PSXUNUM']"}
2026-08-21T07:36:36.778946432Z {"timestamp": 1787297796.7777839, "severity": "INFO", "name": "recommendationservice-server", "message": "[Recv ListRecommendations] product_ids=['2ZYFJ3GM2N', 'OLJCESPC7Z', 'L9ECAV7KIM', '1YMWWN1N4O', '6E92ZMYYFZ']"}
2026-08-21T07:36:37.062304610Z {"timestamp": 1787297797.0609794, "severity": "INFO", "name": "recommendationservice-server", "message": "[Recv ListRecommendations] product_ids=['2ZYFJ3GM2N', '0PUK6V6EV0', 'L9ECAV7KIM', '9SIQT8TOJO', '1YMWWN1N4O']"}
2026-08-21T07:36:37.280836038Z {"timestamp": 1787297797.2799213, "severity": "INFO", "name": "recommendationservice-server", "message": "[Recv ListRecommendations] product_ids=['LS4PSXUNUM', '0PUK6V6EV0', '1YMWWN1N4O', 'OLJCESPC7Z', '9SIQT8TOJO']"}
2026-08-21T07:36:37.734557354Z {"timestamp": 1787297797.7341363, "severity": "INFO", "name": "recommendationservice-server", "message": "[Recv ListRecommendations] product_ids=['L9ECAV7KIM', '66VCHSJNUP', '0PUK6V6EV0', '1YMWWN1N4O', 'OLJCESPC7Z']"}
2026-08-21T07:36:37.853901201Z {"timestamp": 1787297797.8527699, "severity": "INFO", "name": "recommendationservice-server", "message": "[Recv ListRecommendations] product_ids=['2ZYFJ3GM2N', '1YMWWN1N4O', '9SIQT8TOJO', '66VCHSJNUP', '0PUK6V6EV0']"}
2026-08-21T07:36:38.627861463Z {"timestamp": 1787297798.6268198, "severity": "INFO", "name": "recommendationservice-server", "message": "[Recv ListRecommendations] product_ids=['1YMWWN1N4O', '2ZYFJ3GM2N', '0PUK6V6EV0', 'LS4PSXUNUM', 'OLJCESPC7Z']"}
2026-08-21T07:36:39.295252867Z {"timestamp": 1787297799.2945, "severity": "INFO", "name": "recommendationservice-server", "message": "[Recv ListRecommendations] product_ids=['66VCHSJNUP', '1YMWWN1N4O', '0PUK6V6EV0', '6E92ZMYYFZ', 'LS4PSXUNUM']"}
2026-08-21T07:36:39.318562607Z {"timestamp": 1787297799.3180494, "severity": "INFO", "name": "recommendationservice-server", "message": "[Recv ListRecommendations] product_ids=['2ZYFJ3GM2N', '66VCHSJNUP', '1YMWWN1N4O', 'OLJCESPC7Z', '6E92ZMYYFZ']"}
2026-08-21T07:36:40.212416224Z {"timestamp": 1787297800.2120185, "severity": "INFO", "name": "recommendationservice-server", "message": "[Recv ListRecommendations] product_ids=['2ZYFJ3GM2N', '0PUK6V6EV0', 'LS4PSXUNUM', 'L9ECAV7KIM', '6E92ZMYYFZ']"}
2026-08-21T07:36:40.216677254Z {"timestamp": 1787297800.2162669, "severity": "INFO", "name": "recommendationservice-server", "message": "[Recv ListRecommendations] product_ids=['9SIQT8TOJO', '6E92ZMYYFZ', '1YMWWN1N4O', '66VCHSJNUP', 'L9ECAV7KIM']"}
2026-08-21T07:36:40.239055613Z {"timestamp": 1787297800.238646, "severity": "INFO", "name": "recommendationservice-server", "message": "[Recv ListRecommendations] product_ids=['0PUK6V6EV0', 'OLJCESPC7Z', '66VCHSJNUP', 'L9ECAV7KIM', '9SIQT8TOJO']"}
2026-08-21T07:36:40.305382734Z {"timestamp": 1787297800.3050146, "severity": "INFO", "name": "recommendationservice-server", "message": "[Recv ListRecommendations] product_ids=['1YMWWN1N4O', '0PUK6V6EV0', 'LS4PSXUNUM', '2ZYFJ3GM2N', '66VCHSJNUP']"}
2026-08-21T07:36:40.820360448Z {"timestamp": 1787297800.8199513, "severity": "INFO", "name": "recommendationservice-server", "message": "[Recv ListRecommendations] product_ids=['LS4PSXUNUM', '2ZYFJ3GM2N', '0PUK6V6EV0', 'OLJCESPC7Z', '9SIQT8TOJO']"}
2026-08-21T07:36:41.253980114Z {"timestamp": 1787297801.2529464, "severity": "INFO", "name": "recommendationservice-server", "message": "[Recv ListRecommendations] product_ids=['0PUK6V6EV0', 'LS4PSXUNUM', 'L9ECAV7KIM', '6E92ZMYYFZ', '66VCHSJNUP']"}
2026-08-21T07:36:41.360420048Z {"timestamp": 1787297801.3590481, "severity": "INFO", "name": "recommendationservice-server", "message": "[Recv ListRecommendations] product_ids=['66VCHSJNUP', '6E92ZMYYFZ', 'OLJCESPC7Z', 'L9ECAV7KIM', 'LS4PSXUNUM']"}
2026-08-21T07:36:41.513274123Z {"timestamp": 1787297801.5120914, "severity": "INFO", "name": "recommendationservice-server", "message": "[Recv ListRecommendations] product_ids=['L9ECAV7KIM', '2ZYFJ3GM2N', '1YMWWN1N4O', '6E92ZMYYFZ', '9SIQT8TOJO']"}
2026-08-21T07:36:41.989124416Z {"timestamp": 1787297801.9885979, "severity": "INFO", "name": "recommendationservice-server", "message": "[Recv ListRecommendations] product_ids=['9SIQT8TOJO', 'L9ECAV7KIM', '2ZYFJ3GM2N', '66VCHSJNUP', '0PUK6V6EV0']"}
2026-08-21T07:36:42.668919135Z {"timestamp": 1787297802.6685805, "severity": "INFO", "name": "recommendationservice-server", "message": "[Recv ListRecommendations] product_ids=['2ZYFJ3GM2N', 'LS4PSXUNUM', '1YMWWN1N4O', '66VCHSJNUP', 'OLJCESPC7Z']"}
2026-08-21T07:36:42.752608637Z {"timestamp": 1787297802.7522104, "severity": "INFO", "name": "recommendationservice-server", "message": "[Recv ListRecommendations] product_ids=['1YMWWN1N4O', '2ZYFJ3GM2N', 'L9ECAV7KIM', '66VCHSJNUP', 'LS4PSXUNUM']"}
2026-08-21T07:36:43.996251291Z {"timestamp": 1787297803.9952025, "severity": "INFO", "name": "recommendationservice-server", "message": "[Recv ListRecommendations] product_ids=['OLJCESPC7Z', '2ZYFJ3GM2N', '0PUK6V6EV0', 'L9ECAV7KIM', '6E92ZMYYFZ']"}
2026-08-21T07:36:44.118132332Z {"timestamp": 1787297804.117036, "severity": "INFO", "name": "recommendationservice-server", "message": "[Recv ListRecommendations] product_ids=['L9ECAV7KIM', 'OLJCESPC7Z', '9SIQT8TOJO', '0PUK6V6EV0', '6E92ZMYYFZ']"}
2026-08-21T07:36:44.980368490Z {"timestamp": 1787297804.9785979, "severity": "INFO", "name": "recommendationservice-server", "message": "[Recv ListRecommendations] product_ids=['OLJCESPC7Z', '2ZYFJ3GM2N', '1YMWWN1N4O', '6E92ZMYYFZ', '66VCHSJNUP']"}
2026-08-21T07:36:45.800569729Z {"timestamp": 1787297805.7991788, "severity": "INFO", "name": "recommendationservice-server", "message": "[Recv ListRecommendations] product_ids=['L9ECAV7KIM', '0PUK6V6EV0', '1YMWWN1N4O', '66VCHSJNUP', '9SIQT8TOJO']"}
2026-08-21T07:36:45.925161650Z {"timestamp": 1787297805.9240384, "severity": "INFO", "name": "recommendationservice-server", "message": "[Recv ListRecommendations] product_ids=['LS4PSXUNUM', 'OLJCESPC7Z', '1YMWWN1N4O', '0PUK6V6EV0', '66VCHSJNUP']"}
2026-08-21T07:36:46.071312032Z {"timestamp": 1787297806.070247, "severity": "INFO", "name": "recommendationservice-server", "message": "[Recv ListRecommendations] product_ids=['6E92ZMYYFZ', '9SIQT8TOJO', '66VCHSJNUP', '2ZYFJ3GM2N', '1YMWWN1N4O']"}
2026-08-21T07:36:46.118829222Z {"timestamp": 1787297806.1177263, "severity": "INFO", "name": "recommendationservice-server", "message": "[Recv ListRecommendations] product_ids=['L9ECAV7KIM', '1YMWWN1N4O', '2ZYFJ3GM2N', '6E92ZMYYFZ', 'OLJCESPC7Z']"}
2026-08-21T07:36:46.307030714Z {"timestamp": 1787297806.3059855, "severity": "INFO", "name": "recommendationservice-server", "message": "[Recv ListRecommendations] product_ids=['OLJCESPC7Z', 'L9ECAV7KIM', '6E92ZMYYFZ', 'LS4PSXUNUM', '2ZYFJ3GM2N']"}
2026-08-21T07:36:46.841683471Z {"timestamp": 1787297806.8406258, "severity": "INFO", "name": "recommendationservice-server", "message": "[Recv ListRecommendations] product_ids=['LS4PSXUNUM', '6E92ZMYYFZ', '1YMWWN1N4O', 'L9ECAV7KIM', '2ZYFJ3GM2N']"}
2026-08-21T07:36:47.193998194Z {"timestamp": 1787297807.1928868, "severity": "INFO", "name": "recommendationservice-server", "message": "[Recv ListRecommendations] product_ids=['LS4PSXUNUM', '9SIQT8TOJO', '1YMWWN1N4O', '2ZYFJ3GM2N', 'OLJCESPC7Z']"}
2026-08-21T07:36:47.478721561Z {"timestamp": 1787297807.4773495, "severity": "INFO", "name": "recommendationservice-server", "message": "[Recv ListRecommendations] product_ids=['9SIQT8TOJO', 'LS4PSXUNUM', '2ZYFJ3GM2N', '66VCHSJNUP', '6E92ZMYYFZ']"}
2026-08-21T07:36:48.633570879Z {"timestamp": 1787297808.6322224, "severity": "INFO", "name": "recommendationservice-server", "message": "[Recv ListRecommendations] product_ids=['9SIQT8TOJO', '0PUK6V6EV0', '2ZYFJ3GM2N', '1YMWWN1N4O', 'LS4PSXUNUM']"}
2026-08-21T07:36:49.588384167Z {"timestamp": 1787297809.5871406, "severity": "INFO", "name": "recommendationservice-server", "message": "[Recv ListRecommendations] product_ids=['OLJCESPC7Z', '1YMWWN1N4O', '2ZYFJ3GM2N', '9SIQT8TOJO', '6E92ZMYYFZ']"}
2026-08-21T07:36:49.835068516Z {"timestamp": 1787297809.8345265, "severity": "INFO", "name": "recommendationservice-server", "message": "[Recv ListRecommendations] product_ids=['6E92ZMYYFZ', '1YMWWN1N4O', '66VCHSJNUP', '9SIQT8TOJO', 'LS4PSXUNUM']"}
2026-08-21T07:36:50.057907653Z {"timestamp": 1787297810.057515, "severity": "INFO", "name": "recommendationservice-server", "message": "[Recv ListRecommendations] product_ids=['6E92ZMYYFZ', '1YMWWN1N4O', 'L9ECAV7KIM', '0PUK6V6EV0', 'OLJCESPC7Z']"}
2026-08-21T07:36:50.157269489Z {"timestamp": 1787297810.15681, "severity": "INFO", "name": "recommendationservice-server", "message": "[Recv ListRecommendations] product_ids=['LS4PSXUNUM', '0PUK6V6EV0', '6E92ZMYYFZ', 'OLJCESPC7Z', '2ZYFJ3GM2N']"}
2026-08-21T07:36:50.339318765Z {"timestamp": 1787297810.337335, "severity": "INFO", "name": "recommendationservice-server", "message": "[Recv ListRecommendations] product_ids=['2ZYFJ3GM2N', 'OLJCESPC7Z', '9SIQT8TOJO', '0PUK6V6EV0', '66VCHSJNUP']"}
2026-08-21T07:36:50.958644755Z {"timestamp": 1787297810.9578912, "severity": "INFO", "name": "recommendationservice-server", "message": "[Recv ListRecommendations] product_ids=['L9ECAV7KIM', '6E92ZMYYFZ', '2ZYFJ3GM2N', '0PUK6V6EV0', 'OLJCESPC7Z']"}
2026-08-21T07:36:51.658846927Z {"timestamp": 1787297811.6577096, "severity": "INFO", "name": "recommendationservice-server", "message": "[Recv ListRecommendations] product_ids=['L9ECAV7KIM', '2ZYFJ3GM2N', '6E92ZMYYFZ', 'OLJCESPC7Z', '9SIQT8TOJO']"}
2026-08-21T07:36:52.345982117Z {"timestamp": 1787297812.3451688, "severity": "INFO", "name": "recommendationservice-server", "message": "[Recv ListRecommendations] product_ids=['L9ECAV7KIM', '0PUK6V6EV0', 'LS4PSXUNUM', '2ZYFJ3GM2N', 'OLJCESPC7Z']"}
2026-08-21T07:36:52.409499269Z {"timestamp": 1787297812.4090161, "severity": "INFO", "name": "recommendationservice-server", "message": "[Recv ListRecommendations] product_ids=['LS4PSXUNUM', '2ZYFJ3GM2N', 'L9ECAV7KIM', '0PUK6V6EV0', '1YMWWN1N4O']"}
2026-08-21T07:36:52.430278275Z {"timestamp": 1787297812.4297574, "severity": "INFO", "name": "recommendationservice-server", "message": "[Recv ListRecommendations] product_ids=['6E92ZMYYFZ', 'L9ECAV7KIM', 'OLJCESPC7Z', '66VCHSJNUP', '2ZYFJ3GM2N']"}
2026-08-21T07:36:52.689626227Z {"timestamp": 1787297812.688439, "severity": "INFO", "name": "recommendationservice-server", "message": "[Recv ListRecommendations] product_ids=['9SIQT8TOJO', '6E92ZMYYFZ', 'OLJCESPC7Z', 'LS4PSXUNUM', '2ZYFJ3GM2N']"}
2026-08-21T07:36:52.869947862Z {"timestamp": 1787297812.8687856, "severity": "INFO", "name": "recommendationservice-server", "message": "[Recv ListRecommendations] product_ids=['6E92ZMYYFZ', '2ZYFJ3GM2N', 'OLJCESPC7Z', 'L9ECAV7KIM', 'LS4PSXUNUM']"}
2026-08-21T07:36:53.026298760Z {"timestamp": 1787297813.0250955, "severity": "INFO", "name": "recommendationservice-server", "message": "[Recv ListRecommendations] product_ids=['0PUK6V6EV0', '66VCHSJNUP', '1YMWWN1N4O', 'OLJCESPC7Z', 'LS4PSXUNUM']"}
2026-08-21T07:36:53.117253734Z {"timestamp": 1787297813.115995, "severity": "INFO", "name": "recommendationservice-server", "message": "[Recv ListRecommendations] product_ids=['LS4PSXUNUM', '9SIQT8TOJO', 'OLJCESPC7Z', '0PUK6V6EV0', '66VCHSJNUP']"}
2026-08-21T07:36:53.208555077Z {"timestamp": 1787297813.2081518, "severity": "INFO", "name": "recommendationservice-server", "message": "[Recv ListRecommendations] product_ids=['6E92ZMYYFZ', '0PUK6V6EV0', '1YMWWN1N4O', '9SIQT8TOJO', '66VCHSJNUP']"}
2026-08-21T07:36:53.265694468Z {"timestamp": 1787297813.2652376, "severity": "INFO", "name": "recommendationservice-server", "message": "[Recv ListRecommendations] product_ids=['6E92ZMYYFZ', 'L9ECAV7KIM', '9SIQT8TOJO', '66VCHSJNUP', '0PUK6V6EV0']"}
2026-08-21T07:36:53.334712508Z {"timestamp": 1787297813.3342075, "severity": "INFO", "name": "recommendationservice-server", "message": "[Recv ListRecommendations] product_ids=['6E92ZMYYFZ', '1YMWWN1N4O', '0PUK6V6EV0', '9SIQT8TOJO', 'LS4PSXUNUM']"}
2026-08-21T07:36:53.502626575Z {"timestamp": 1787297813.5017636, "severity": "INFO", "name": "recommendationservice-server", "message": "[Recv ListRecommendations] product_ids=['L9ECAV7KIM', 'OLJCESPC7Z', '0PUK6V6EV0', '6E92ZMYYFZ', 'LS4PSXUNUM']"}
2026-08-21T07:36:54.518750296Z {"timestamp": 1787297814.5173552, "severity": "INFO", "name": "recommendationservice-server", "message": "[Recv ListRecommendations] product_ids=['66VCHSJNUP', '9SIQT8TOJO', 'L9ECAV7KIM', '1YMWWN1N4O', '2ZYFJ3GM2N']"}
2026-08-21T07:36:55.190082990Z {"timestamp": 1787297815.1895335, "severity": "INFO", "name": "recommendationservice-server", "message": "[Recv ListRecommendations] product_ids=['OLJCESPC7Z', '0PUK6V6EV0', '1YMWWN1N4O', '66VCHSJNUP', 'L9ECAV7KIM']"}
2026-08-21T07:36:55.334171757Z {"timestamp": 1787297815.3334763, "severity": "INFO", "name": "recommendationservice-server", "message": "[Recv ListRecommendations] product_ids=['LS4PSXUNUM', '9SIQT8TOJO', 'OLJCESPC7Z', '1YMWWN1N4O', 'L9ECAV7KIM']"}
2026-08-21T07:36:55.408435312Z {"timestamp": 1787297815.4076424, "severity": "INFO", "name": "recommendationservice-server", "message": "[Recv ListRecommendations] product_ids=['1YMWWN1N4O', '66VCHSJNUP', 'LS4PSXUNUM', 'L9ECAV7KIM', '0PUK6V6EV0']"}
2026-08-21T07:36:55.417435321Z {"timestamp": 1787297815.4167309, "severity": "INFO", "name": "recommendationservice-server", "message": "[Recv ListRecommendations] product_ids=['OLJCESPC7Z', '9SIQT8TOJO', '0PUK6V6EV0', 'L9ECAV7KIM', '66VCHSJNUP']"}
2026-08-21T07:36:55.534879719Z {"timestamp": 1787297815.534057, "severity": "INFO", "name": "recommendationservice-server", "message": "[Recv ListRecommendations] product_ids=['9SIQT8TOJO', '2ZYFJ3GM2N', 'L9ECAV7KIM', '1YMWWN1N4O', 'LS4PSXUNUM']"}
2026-08-21T07:36:55.619587026Z {"timestamp": 1787297815.6188998, "severity": "INFO", "name": "recommendationservice-server", "message": "[Recv ListRecommendations] product_ids=['L9ECAV7KIM', '0PUK6V6EV0', 'OLJCESPC7Z', '6E92ZMYYFZ', '1YMWWN1N4O']"}
2026-08-21T07:36:55.815048708Z {"timestamp": 1787297815.8130076, "severity": "INFO", "name": "recommendationservice-server", "message": "[Recv ListRecommendations] product_ids=['9SIQT8TOJO', 'LS4PSXUNUM', 'OLJCESPC7Z', '2ZYFJ3GM2N', '1YMWWN1N4O']"}
2026-08-21T07:36:56.108522529Z {"timestamp": 1787297816.1072924, "severity": "INFO", "name": "recommendationservice-server", "message": "[Recv ListRecommendations] product_ids=['9SIQT8TOJO', 'L9ECAV7KIM', '0PUK6V6EV0', 'OLJCESPC7Z', '6E92ZMYYFZ']"}
2026-08-21T07:36:56.597704773Z {"timestamp": 1787297816.5960326, "severity": "INFO", "name": "recommendationservice-server", "message": "[Recv ListRecommendations] product_ids=['L9ECAV7KIM', '1YMWWN1N4O', 'LS4PSXUNUM', '0PUK6V6EV0', '9SIQT8TOJO']"}
2026-08-21T07:36:56.603902212Z {"timestamp": 1787297816.602016, "severity": "INFO", "name": "recommendationservice-server", "message": "[Recv ListRecommendations] product_ids=['OLJCESPC7Z', '66VCHSJNUP', 'LS4PSXUNUM', '0PUK6V6EV0', 'L9ECAV7KIM']"}
2026-08-21T07:36:56.814109368Z {"timestamp": 1787297816.8125963, "severity": "INFO", "name": "recommendationservice-server", "message": "[Recv ListRecommendations] product_ids=['66VCHSJNUP', '2ZYFJ3GM2N', 'L9ECAV7KIM', '0PUK6V6EV0', '9SIQT8TOJO']"}
2026-08-21T07:36:56.911230057Z {"timestamp": 1787297816.909368, "severity": "INFO", "name": "recommendationservice-server", "message": "[Recv ListRecommendations] product_ids=['1YMWWN1N4O', 'LS4PSXUNUM', '0PUK6V6EV0', 'L9ECAV7KIM', '6E92ZMYYFZ']"}
2026-08-21T07:36:57.159073924Z {"timestamp": 1787297817.1586564, "severity": "INFO", "name": "recommendationservice-server", "message": "[Recv ListRecommendations] product_ids=['6E92ZMYYFZ', 'LS4PSXUNUM', '9SIQT8TOJO', '0PUK6V6EV0', '2ZYFJ3GM2N']"}
2026-08-21T07:36:57.563090685Z {"timestamp": 1787297817.5597675, "severity": "INFO", "name": "recommendationservice-server", "message": "[Recv ListRecommendations] product_ids=['6E92ZMYYFZ', 'LS4PSXUNUM', '2ZYFJ3GM2N', 'OLJCESPC7Z', '1YMWWN1N4O']"}
2026-08-21T07:36:58.741327396Z {"timestamp": 1787297818.7402747, "severity": "INFO", "name": "recommendationservice-server", "message": "[Recv ListRecommendations] product_ids=['6E92ZMYYFZ', '9SIQT8TOJO', '2ZYFJ3GM2N', 'LS4PSXUNUM', 'L9ECAV7KIM']"}
2026-08-21T07:36:59.315259754Z {"timestamp": 1787297819.3144698, "severity": "INFO", "name": "recommendationservice-server", "message": "[Recv ListRecommendations] product_ids=['L9ECAV7KIM', '6E92ZMYYFZ', '2ZYFJ3GM2N', 'OLJCESPC7Z', '9SIQT8TOJO']"}
2026-08-21T07:36:59.633695762Z {"timestamp": 1787297819.6325653, "severity": "INFO", "name": "recommendationservice-server", "message": "[Recv ListRecommendations] product_ids=['9SIQT8TOJO', '6E92ZMYYFZ', 'L9ECAV7KIM', '1YMWWN1N4O', '0PUK6V6EV0']"}
2026-08-21T07:36:59.987000417Z {"timestamp": 1787297819.985641, "severity": "INFO", "name": "recommendationservice-server", "message": "[Recv ListRecommendations] product_ids=['2ZYFJ3GM2N', 'LS4PSXUNUM', '0PUK6V6EV0', '66VCHSJNUP', 'L9ECAV7KIM']"}
2026-08-21T07:37:00.068849244Z {"timestamp": 1787297820.068319, "severity": "INFO", "name": "recommendationservice-server", "message": "[Recv ListRecommendations] product_ids=['6E92ZMYYFZ', 'OLJCESPC7Z', '9SIQT8TOJO', 'L9ECAV7KIM', '2ZYFJ3GM2N']"}
2026-08-21T07:37:00.446753226Z {"timestamp": 1787297820.4453506, "severity": "INFO", "name": "recommendationservice-server", "message": "[Recv ListRecommendations] product_ids=['2ZYFJ3GM2N', '9SIQT8TOJO', '66VCHSJNUP', 'OLJCESPC7Z', '6E92ZMYYFZ']"}
2026-08-21T07:37:00.979159719Z {"timestamp": 1787297820.978003, "severity": "INFO", "name": "recommendationservice-server", "message": "[Recv ListRecommendations] product_ids=['9SIQT8TOJO', '0PUK6V6EV0', 'L9ECAV7KIM', '1YMWWN1N4O', '2ZYFJ3GM2N']"}
2026-08-21T07:37:01.174095328Z {"timestamp": 1787297821.173367, "severity": "INFO", "name": "recommendationservice-server", "message": "[Recv ListRecommendations] product_ids=['66VCHSJNUP', '1YMWWN1N4O', '2ZYFJ3GM2N', '9SIQT8TOJO', 'OLJCESPC7Z']"}
2026-08-21T07:37:01.177010717Z {"timestamp": 1787297821.1763182, "severity": "INFO", "name": "recommendationservice-server", "message": "[Recv ListRecommendations] product_ids=['L9ECAV7KIM', '9SIQT8TOJO', 'OLJCESPC7Z', '0PUK6V6EV0', '1YMWWN1N4O']"}
2026-08-21T07:37:01.379731817Z {"timestamp": 1787297821.3782961, "severity": "INFO", "name": "recommendationservice-server", "message": "[Recv ListRecommendations] product_ids=['6E92ZMYYFZ', '9SIQT8TOJO', 'OLJCESPC7Z', '2ZYFJ3GM2N', '0PUK6V6EV0']"}
2026-08-21T07:37:01.883533161Z {"timestamp": 1787297821.8824842, "severity": "INFO", "name": "recommendationservice-server", "message": "[Recv ListRecommendations] product_ids=['2ZYFJ3GM2N', '1YMWWN1N4O', '0PUK6V6EV0', 'L9ECAV7KIM', '9SIQT8TOJO']"}
2026-08-21T07:37:02.595269700Z {"timestamp": 1787297822.5940318, "severity": "INFO", "name": "recommendationservice-server", "message": "[Recv ListRecommendations] product_ids=['LS4PSXUNUM', 'L9ECAV7KIM', '9SIQT8TOJO', '0PUK6V6EV0', '6E92ZMYYFZ']"}
2026-08-21T07:37:02.601074489Z {"timestamp": 1787297822.5987604, "severity": "INFO", "name": "recommendationservice-server", "message": "[Recv ListRecommendations] product_ids=['0PUK6V6EV0', 'OLJCESPC7Z', '66VCHSJNUP', '9SIQT8TOJO', '2ZYFJ3GM2N']"}
2026-08-21T07:37:02.807277379Z {"timestamp": 1787297822.8047428, "severity": "INFO", "name": "recommendationservice-server", "message": "[Recv ListRecommendations] product_ids=['0PUK6V6EV0', '66VCHSJNUP', '1YMWWN1N4O', 'LS4PSXUNUM', '6E92ZMYYFZ']"}
2026-08-21T07:37:02.822283578Z {"timestamp": 1787297822.8213503, "severity": "INFO", "name": "recommendationservice-server", "message": "[Recv ListRecommendations] product_ids=['9SIQT8TOJO', '66VCHSJNUP', 'L9ECAV7KIM', 'OLJCESPC7Z', '6E92ZMYYFZ']"}
2026-08-21T07:37:04.120361345Z {"timestamp": 1787297824.119106, "severity": "INFO", "name": "recommendationservice-server", "message": "[Recv ListRecommendations] product_ids=['L9ECAV7KIM', '1YMWWN1N4O', '66VCHSJNUP', 'LS4PSXUNUM', '9SIQT8TOJO']"}
2026-08-21T07:37:04.283486036Z {"timestamp": 1787297824.2828236, "severity": "INFO", "name": "recommendationservice-server", "message": "[Recv ListRecommendations] product_ids=['6E92ZMYYFZ', '1YMWWN1N4O', '0PUK6V6EV0', '9SIQT8TOJO', '66VCHSJNUP']"}
2026-08-21T07:37:04.419016900Z {"timestamp": 1787297824.4176857, "severity": "INFO", "name": "recommendationservice-server", "message": "[Recv ListRecommendations] product_ids=['1YMWWN1N4O', '9SIQT8TOJO', 'OLJCESPC7Z', '66VCHSJNUP', '6E92ZMYYFZ']"}
2026-08-21T07:37:04.672423422Z {"timestamp": 1787297824.6714056, "severity": "INFO", "name": "recommendationservice-server", "message": "[Recv ListRecommendations] product_ids=['66VCHSJNUP', '2ZYFJ3GM2N', 'OLJCESPC7Z', 'LS4PSXUNUM', 'L9ECAV7KIM']"}
2026-08-21T07:37:05.256017029Z {"timestamp": 1787297825.254981, "severity": "INFO", "name": "recommendationservice-server", "message": "[Recv ListRecommendations] product_ids=['66VCHSJNUP', '1YMWWN1N4O', '2ZYFJ3GM2N', 'LS4PSXUNUM', '0PUK6V6EV0']"}
2026-08-21T07:37:05.785805393Z {"timestamp": 1787297825.7846522, "severity": "INFO", "name": "recommendationservice-server", "message": "[Recv ListRecommendations] product_ids=['9SIQT8TOJO', '6E92ZMYYFZ', '0PUK6V6EV0', '2ZYFJ3GM2N', '1YMWWN1N4O']"}
2026-08-21T07:37:06.259786808Z {"timestamp": 1787297826.258315, "severity": "INFO", "name": "recommendationservice-server", "message": "[Recv ListRecommendations] product_ids=['9SIQT8TOJO', '2ZYFJ3GM2N', '66VCHSJNUP', 'L9ECAV7KIM', '6E92ZMYYFZ']"}
2026-08-21T07:37:06.571517165Z {"timestamp": 1787297826.5702899, "severity": "INFO", "name": "recommendationservice-server", "message": "[Recv ListRecommendations] product_ids=['OLJCESPC7Z', '6E92ZMYYFZ', 'L9ECAV7KIM', '0PUK6V6EV0', '2ZYFJ3GM2N']"}
2026-08-21T07:37:06.835378789Z {"timestamp": 1787297826.833925, "severity": "INFO", "name": "recommendationservice-server", "message": "[Recv ListRecommendations] product_ids=['L9ECAV7KIM', 'OLJCESPC7Z', '66VCHSJNUP', '0PUK6V6EV0', 'LS4PSXUNUM']"}
2026-08-21T07:37:06.987545601Z {"timestamp": 1787297826.9862537, "severity": "INFO", "name": "recommendationservice-server", "message": "[Recv ListRecommendations] product_ids=['0PUK6V6EV0', '6E92ZMYYFZ', 'OLJCESPC7Z', '66VCHSJNUP', '2ZYFJ3GM2N']"}
2026-08-21T07:37:07.739078337Z {"timestamp": 1787297827.738612, "severity": "INFO", "name": "recommendationservice-server", "message": "[Recv ListRecommendations] product_ids=['2ZYFJ3GM2N', '66VCHSJNUP', '6E92ZMYYFZ', 'LS4PSXUNUM', '0PUK6V6EV0']"}
2026-08-21T07:37:07.760277284Z {"timestamp": 1787297827.7592313, "severity": "INFO", "name": "recommendationservice-server", "message": "[Recv ListRecommendations] product_ids=['0PUK6V6EV0', '2ZYFJ3GM2N', '66VCHSJNUP', 'OLJCESPC7Z', 'LS4PSXUNUM']"}
2026-08-21T07:37:07.767259054Z {"timestamp": 1787297827.766845, "severity": "INFO", "name": "recommendationservice-server", "message": "[Recv ListRecommendations] product_ids=['66VCHSJNUP', 'LS4PSXUNUM', '1YMWWN1N4O', '6E92ZMYYFZ', '0PUK6V6EV0']"}
2026-08-21T07:37:07.886951791Z {"timestamp": 1787297827.88615, "severity": "INFO", "name": "recommendationservice-server", "message": "[Recv ListRecommendations] product_ids=['66VCHSJNUP', '1YMWWN1N4O', '9SIQT8TOJO', 'L9ECAV7KIM', '6E92ZMYYFZ']"}
2026-08-21T07:37:08.253843199Z {"timestamp": 1787297828.2535233, "severity": "INFO", "name": "recommendationservice-server", "message": "[Recv ListRecommendations] product_ids=['66VCHSJNUP', '9SIQT8TOJO', '0PUK6V6EV0', '1YMWWN1N4O', 'OLJCESPC7Z']"}
2026-08-21T07:37:08.272391241Z {"timestamp": 1787297828.2719808, "severity": "INFO", "name": "recommendationservice-server", "message": "[Recv ListRecommendations] product_ids=['0PUK6V6EV0', 'OLJCESPC7Z', '66VCHSJNUP', '1YMWWN1N4O', '9SIQT8TOJO']"}
2026-08-21T07:37:08.451526685Z {"timestamp": 1787297828.4506986, "severity": "INFO", "name": "recommendationservice-server", "message": "[Recv ListRecommendations] product_ids=['0PUK6V6EV0', '1YMWWN1N4O', '6E92ZMYYFZ', 'OLJCESPC7Z', '9SIQT8TOJO']"}
2026-08-21T07:37:08.586006487Z {"timestamp": 1787297828.585193, "severity": "INFO", "name": "recommendationservice-server", "message": "[Recv ListRecommendations] product_ids=['OLJCESPC7Z', 'L9ECAV7KIM', '6E92ZMYYFZ', '9SIQT8TOJO', '0PUK6V6EV0']"}
2026-08-21T07:37:08.665837617Z {"timestamp": 1787297828.6650887, "severity": "INFO", "name": "recommendationservice-server", "message": "[Recv ListRecommendations] product_ids=['L9ECAV7KIM', '1YMWWN1N4O', '6E92ZMYYFZ', 'OLJCESPC7Z', '0PUK6V6EV0']"}
2026-08-21T07:37:09.373800878Z {"timestamp": 1787297829.3733718, "severity": "INFO", "name": "recommendationservice-server", "message": "[Recv ListRecommendations] product_ids=['9SIQT8TOJO', 'L9ECAV7KIM', '66VCHSJNUP', '0PUK6V6EV0', 'LS4PSXUNUM']"}
2026-08-21T07:37:09.391368769Z {"timestamp": 1787297829.390893, "severity": "INFO", "name": "recommendationservice-server", "message": "[Recv ListRecommendations] product_ids=['9SIQT8TOJO', '66VCHSJNUP', '2ZYFJ3GM2N', 'L9ECAV7KIM', '1YMWWN1N4O']"}
2026-08-21T07:37:10.280590671Z {"timestamp": 1787297830.2801745, "severity": "INFO", "name": "recommendationservice-server", "message": "[Recv ListRecommendations] product_ids=['OLJCESPC7Z', '0PUK6V6EV0', '6E92ZMYYFZ', '66VCHSJNUP', '9SIQT8TOJO']"}
2026-08-21T07:37:10.913620451Z {"timestamp": 1787297830.9118226, "severity": "INFO", "name": "recommendationservice-server", "message": "[Recv ListRecommendations] product_ids=['L9ECAV7KIM', '0PUK6V6EV0', '9SIQT8TOJO', '6E92ZMYYFZ', 'LS4PSXUNUM']"}
2026-08-21T07:37:10.921071728Z {"timestamp": 1787297830.9202714, "severity": "INFO", "name": "recommendationservice-server", "message": "[Recv ListRecommendations] product_ids=['9SIQT8TOJO', '0PUK6V6EV0', 'LS4PSXUNUM', '1YMWWN1N4O', '6E92ZMYYFZ']"}
2026-08-21T07:37:10.961188780Z {"timestamp": 1787297830.9607327, "severity": "INFO", "name": "recommendationservice-server", "message": "[Recv ListRecommendations] product_ids=['L9ECAV7KIM', 'LS4PSXUNUM', '1YMWWN1N4O', '0PUK6V6EV0', 'OLJCESPC7Z']"}
2026-08-21T07:37:11.167549385Z {"timestamp": 1787297831.1661415, "severity": "INFO", "name": "recommendationservice-server", "message": "[Recv ListRecommendations] product_ids=['2ZYFJ3GM2N', 'LS4PSXUNUM', '1YMWWN1N4O', 'OLJCESPC7Z', '0PUK6V6EV0']"}
2026-08-21T07:37:11.640616057Z {"timestamp": 1787297831.6397657, "severity": "INFO", "name": "recommendationservice-server", "message": "[Recv ListRecommendations] product_ids=['6E92ZMYYFZ', 'OLJCESPC7Z', '9SIQT8TOJO', '0PUK6V6EV0', '2ZYFJ3GM2N']"}
2026-08-21T07:37:12.382260466Z {"timestamp": 1787297832.3818448, "severity": "INFO", "name": "recommendationservice-server", "message": "[Recv ListRecommendations] product_ids=['OLJCESPC7Z', '0PUK6V6EV0', '1YMWWN1N4O', '9SIQT8TOJO', '2ZYFJ3GM2N']"}
2026-08-21T07:37:12.858880843Z {"timestamp": 1787297832.8576806, "severity": "INFO", "name": "recommendationservice-server", "message": "[Recv ListRecommendations] product_ids=['0PUK6V6EV0', '6E92ZMYYFZ', '2ZYFJ3GM2N', '9SIQT8TOJO', 'L9ECAV7KIM']"}
2026-08-21T07:37:13.346105021Z {"timestamp": 1787297833.3445446, "severity": "INFO", "name": "recommendationservice-server", "message": "[Recv ListRecommendations] product_ids=['1YMWWN1N4O', '6E92ZMYYFZ', '0PUK6V6EV0', '66VCHSJNUP', 'OLJCESPC7Z']"}
2026-08-21T07:37:13.521235236Z {"timestamp": 1787297833.5207806, "severity": "INFO", "name": "recommendationservice-server", "message": "[Recv ListRecommendations] product_ids=['LS4PSXUNUM', '9SIQT8TOJO', '66VCHSJNUP', '1YMWWN1N4O', '0PUK6V6EV0']"}
2026-08-21T07:37:13.553364704Z {"timestamp": 1787297833.5529757, "severity": "INFO", "name": "recommendationservice-server", "message": "[Recv ListRecommendations] product_ids=['OLJCESPC7Z', '2ZYFJ3GM2N', 'L9ECAV7KIM', '9SIQT8TOJO', 'LS4PSXUNUM']"}
2026-08-21T07:37:14.287122451Z {"timestamp": 1787297834.2859142, "severity": "INFO", "name": "recommendationservice-server", "message": "[Recv ListRecommendations] product_ids=['66VCHSJNUP', '2ZYFJ3GM2N', '9SIQT8TOJO', 'OLJCESPC7Z', '0PUK6V6EV0']"}
2026-08-21T07:37:14.480431469Z {"timestamp": 1787297834.4791198, "severity": "INFO", "name": "recommendationservice-server", "message": "[Recv ListRecommendations] product_ids=['0PUK6V6EV0', '9SIQT8TOJO', 'L9ECAV7KIM', '2ZYFJ3GM2N', '66VCHSJNUP']"}
2026-08-21T07:37:14.656323834Z {"timestamp": 1787297834.6552105, "severity": "INFO", "name": "recommendationservice-server", "message": "[Recv ListRecommendations] product_ids=['2ZYFJ3GM2N', '0PUK6V6EV0', 'OLJCESPC7Z', '1YMWWN1N4O', 'L9ECAV7KIM']"}
2026-08-21T07:37:14.866579212Z {"timestamp": 1787297834.8650525, "severity": "INFO", "name": "recommendationservice-server", "message": "[Recv ListRecommendations] product_ids=['L9ECAV7KIM', '2ZYFJ3GM2N', 'LS4PSXUNUM', '6E92ZMYYFZ', '0PUK6V6EV0']"}
2026-08-21T07:37:14.956058248Z {"timestamp": 1787297834.9556262, "severity": "INFO", "name": "recommendationservice-server", "message": "[Recv ListRecommendations] product_ids=['6E92ZMYYFZ', 'L9ECAV7KIM', '0PUK6V6EV0', 'LS4PSXUNUM', 'OLJCESPC7Z']"}
2026-08-21T07:37:15.426087518Z {"timestamp": 1787297835.4250104, "severity": "INFO", "name": "recommendationservice-server", "message": "[Recv ListRecommendations] product_ids=['9SIQT8TOJO', '2ZYFJ3GM2N', '66VCHSJNUP', 'L9ECAV7KIM', '0PUK6V6EV0']"}
2026-08-21T07:37:16.263035719Z {"timestamp": 1787297836.2605627, "severity": "INFO", "name": "recommendationservice-server", "message": "[Recv ListRecommendations] product_ids=['66VCHSJNUP', '2ZYFJ3GM2N', '0PUK6V6EV0', 'L9ECAV7KIM', '6E92ZMYYFZ']"}
2026-08-21T07:37:16.653337585Z {"timestamp": 1787297836.6520977, "severity": "INFO", "name": "recommendationservice-server", "message": "[Recv ListRecommendations] product_ids=['9SIQT8TOJO', '0PUK6V6EV0', '66VCHSJNUP', '2ZYFJ3GM2N', 'OLJCESPC7Z']"}
2026-08-21T07:37:16.766017421Z {"timestamp": 1787297836.7647119, "severity": "INFO", "name": "recommendationservice-server", "message": "[Recv ListRecommendations] product_ids=['2ZYFJ3GM2N', '0PUK6V6EV0', 'L9ECAV7KIM', 'OLJCESPC7Z', '9SIQT8TOJO']"}
2026-08-21T07:37:16.858928238Z {"timestamp": 1787297836.8573904, "severity": "INFO", "name": "recommendationservice-server", "message": "[Recv ListRecommendations] product_ids=['1YMWWN1N4O', '2ZYFJ3GM2N', 'OLJCESPC7Z', 'LS4PSXUNUM', '6E92ZMYYFZ']"}
2026-08-21T07:37:17.270946709Z {"timestamp": 1787297837.2685099, "severity": "INFO", "name": "recommendationservice-server", "message": "[Recv ListRecommendations] product_ids=['2ZYFJ3GM2N', '66VCHSJNUP', 'L9ECAV7KIM', '0PUK6V6EV0', 'OLJCESPC7Z']"}
2026-08-21T07:37:17.290806545Z {"timestamp": 1787297837.2899601, "severity": "INFO", "name": "recommendationservice-server", "message": "[Recv ListRecommendations] product_ids=['LS4PSXUNUM', '2ZYFJ3GM2N', 'OLJCESPC7Z', 'L9ECAV7KIM', '66VCHSJNUP']"}
2026-08-21T07:37:18.824858109Z {"timestamp": 1787297838.8241036, "severity": "INFO", "name": "recommendationservice-server", "message": "[Recv ListRecommendations] product_ids=['1YMWWN1N4O', '66VCHSJNUP', 'L9ECAV7KIM', 'OLJCESPC7Z', '2ZYFJ3GM2N']"}
2026-08-21T07:37:19.107849508Z {"timestamp": 1787297839.1069808, "severity": "INFO", "name": "recommendationservice-server", "message": "[Recv ListRecommendations] product_ids=['1YMWWN1N4O', 'L9ECAV7KIM', '9SIQT8TOJO', '66VCHSJNUP', 'OLJCESPC7Z']"}
2026-08-21T07:37:19.455802443Z {"timestamp": 1787297839.4546697, "severity": "INFO", "name": "recommendationservice-server", "message": "[Recv ListRecommendations] product_ids=['OLJCESPC7Z', '66VCHSJNUP', '9SIQT8TOJO', '1YMWWN1N4O', '0PUK6V6EV0']"}
2026-08-21T07:37:19.688631294Z {"timestamp": 1787297839.687871, "severity": "INFO", "name": "recommendationservice-server", "message": "[Recv ListRecommendations] product_ids=['6E92ZMYYFZ', '1YMWWN1N4O', '2ZYFJ3GM2N', 'LS4PSXUNUM', '9SIQT8TOJO']"}
2026-08-21T07:37:20.877122738Z {"timestamp": 1787297840.8756871, "severity": "INFO", "name": "recommendationservice-server", "message": "[Recv ListRecommendations] product_ids=['66VCHSJNUP', 'OLJCESPC7Z', '6E92ZMYYFZ', '2ZYFJ3GM2N', '1YMWWN1N4O']"}
2026-08-21T07:37:21.053626881Z {"timestamp": 1787297841.0528696, "severity": "INFO", "name": "recommendationservice-server", "message": "[Recv ListRecommendations] product_ids=['66VCHSJNUP', '0PUK6V6EV0', 'LS4PSXUNUM', 'L9ECAV7KIM', '6E92ZMYYFZ']"}
2026-08-21T07:37:22.358678378Z {"timestamp": 1787297842.3581407, "severity": "INFO", "name": "recommendationservice-server", "message": "[Recv ListRecommendations] product_ids=['6E92ZMYYFZ', '2ZYFJ3GM2N', '0PUK6V6EV0', '9SIQT8TOJO', '1YMWWN1N4O']"}
2026-08-21T07:37:22.951474827Z {"timestamp": 1787297842.9507864, "severity": "INFO", "name": "recommendationservice-server", "message": "[Recv ListRecommendations] product_ids=['0PUK6V6EV0', '2ZYFJ3GM2N', '66VCHSJNUP', 'LS4PSXUNUM', '6E92ZMYYFZ']"}
2026-08-21T07:37:23.021542424Z {"timestamp": 1787297843.020892, "severity": "INFO", "name": "recommendationservice-server", "message": "[Recv ListRecommendations] product_ids=['OLJCESPC7Z', '9SIQT8TOJO', 'LS4PSXUNUM', '6E92ZMYYFZ', '1YMWWN1N4O']"}
2026-08-21T07:37:23.053406025Z {"timestamp": 1787297843.0527296, "severity": "INFO", "name": "recommendationservice-server", "message": "[Recv ListRecommendations] product_ids=['LS4PSXUNUM', 'L9ECAV7KIM', 'OLJCESPC7Z', '2ZYFJ3GM2N', '66VCHSJNUP']"}
2026-08-21T07:37:23.203373471Z {"timestamp": 1787297843.202912, "severity": "INFO", "name": "recommendationservice-server", "message": "[Recv ListRecommendations] product_ids=['LS4PSXUNUM', 'OLJCESPC7Z', '66VCHSJNUP', 'L9ECAV7KIM', '9SIQT8TOJO']"}
2026-08-21T07:37:23.318091277Z {"timestamp": 1787297843.3175123, "severity": "INFO", "name": "recommendationservice-server", "message": "[Recv ListRecommendations] product_ids=['0PUK6V6EV0', 'L9ECAV7KIM', 'LS4PSXUNUM', '9SIQT8TOJO', '2ZYFJ3GM2N']"}
2026-08-21T07:37:23.568373916Z {"timestamp": 1787297843.5677185, "severity": "INFO", "name": "recommendationservice-server", "message": "[Recv ListRecommendations] product_ids=['6E92ZMYYFZ', '2ZYFJ3GM2N', 'L9ECAV7KIM', '1YMWWN1N4O', 'LS4PSXUNUM']"}
2026-08-21T07:37:23.663424818Z {"timestamp": 1787297843.6630116, "severity": "INFO", "name": "recommendationservice-server", "message": "[Recv ListRecommendations] product_ids=['L9ECAV7KIM', '6E92ZMYYFZ', '1YMWWN1N4O', '66VCHSJNUP', 'LS4PSXUNUM']"}
2026-08-21T07:37:23.967965676Z {"timestamp": 1787297843.967356, "severity": "INFO", "name": "recommendationservice-server", "message": "[Recv ListRecommendations] product_ids=['66VCHSJNUP', 'L9ECAV7KIM', '0PUK6V6EV0', '6E92ZMYYFZ', '9SIQT8TOJO']"}
2026-08-21T07:37:25.106006618Z {"timestamp": 1787297845.105568, "severity": "INFO", "name": "recommendationservice-server", "message": "[Recv ListRecommendations] product_ids=['LS4PSXUNUM', '1YMWWN1N4O', '9SIQT8TOJO', '0PUK6V6EV0', '66VCHSJNUP']"}
2026-08-21T07:37:25.316486160Z {"timestamp": 1787297845.3158474, "severity": "INFO", "name": "recommendationservice-server", "message": "[Recv ListRecommendations] product_ids=['LS4PSXUNUM', 'OLJCESPC7Z', '9SIQT8TOJO', 'L9ECAV7KIM', '1YMWWN1N4O']"}
2026-08-21T07:37:25.547973351Z {"timestamp": 1787297845.5475833, "severity": "INFO", "name": "recommendationservice-server", "message": "[Recv ListRecommendations] product_ids=['2ZYFJ3GM2N', 'LS4PSXUNUM', '9SIQT8TOJO', 'OLJCESPC7Z', 'L9ECAV7KIM']"}
2026-08-21T07:37:26.274507572Z {"timestamp": 1787297846.274021, "severity": "INFO", "name": "recommendationservice-server", "message": "[Recv ListRecommendations] product_ids=['2ZYFJ3GM2N', '6E92ZMYYFZ', '0PUK6V6EV0', '66VCHSJNUP', 'OLJCESPC7Z']"}
2026-08-21T07:37:27.107291653Z {"timestamp": 1787297847.106932, "severity": "INFO", "name": "recommendationservice-server", "message": "[Recv ListRecommendations] product_ids=['66VCHSJNUP', '2ZYFJ3GM2N', '1YMWWN1N4O', '9SIQT8TOJO', 'L9ECAV7KIM']"}
2026-08-21T07:37:27.144275861Z {"timestamp": 1787297847.1436307, "severity": "INFO", "name": "recommendationservice-server", "message": "[Recv ListRecommendations] product_ids=['2ZYFJ3GM2N', 'OLJCESPC7Z', '66VCHSJNUP', '0PUK6V6EV0', '1YMWWN1N4O']"}
2026-08-21T07:37:27.202248878Z {"timestamp": 1787297847.2017086, "severity": "INFO", "name": "recommendationservice-server", "message": "[Recv ListRecommendations] product_ids=['LS4PSXUNUM', '66VCHSJNUP', 'L9ECAV7KIM', '6E92ZMYYFZ', '1YMWWN1N4O']"}
2026-08-21T07:37:28.115050358Z {"timestamp": 1787297848.1146026, "severity": "INFO", "name": "recommendationservice-server", "message": "[Recv ListRecommendations] product_ids=['6E92ZMYYFZ', '2ZYFJ3GM2N', 'L9ECAV7KIM', 'LS4PSXUNUM', '1YMWWN1N4O']"}
2026-08-21T07:37:28.776338380Z {"timestamp": 1787297848.7758741, "severity": "INFO", "name": "recommendationservice-server", "message": "[Recv ListRecommendations] product_ids=['66VCHSJNUP', '1YMWWN1N4O', 'L9ECAV7KIM', 'OLJCESPC7Z', '6E92ZMYYFZ']"}
2026-08-21T07:37:29.416140712Z {"timestamp": 1787297849.4151156, "severity": "INFO", "name": "recommendationservice-server", "message": "[Recv ListRecommendations] product_ids=['LS4PSXUNUM', '9SIQT8TOJO', '6E92ZMYYFZ', '1YMWWN1N4O', '2ZYFJ3GM2N']"}
2026-08-21T07:37:29.528531769Z {"timestamp": 1787297849.5267375, "severity": "INFO", "name": "recommendationservice-server", "message": "[Recv ListRecommendations] product_ids=['1YMWWN1N4O', '6E92ZMYYFZ', '0PUK6V6EV0', '66VCHSJNUP', '9SIQT8TOJO']"}
2026-08-21T07:37:30.480694942Z {"timestamp": 1787297850.4794416, "severity": "INFO", "name": "recommendationservice-server", "message": "[Recv ListRecommendations] product_ids=['2ZYFJ3GM2N', '0PUK6V6EV0', '6E92ZMYYFZ', '1YMWWN1N4O', 'LS4PSXUNUM']"}
2026-08-21T07:37:31.175369912Z {"timestamp": 1787297851.1729164, "severity": "INFO", "name": "recommendationservice-server", "message": "[Recv ListRecommendations] product_ids=['1YMWWN1N4O', '66VCHSJNUP', 'OLJCESPC7Z', '2ZYFJ3GM2N', 'LS4PSXUNUM']"}
2026-08-21T07:37:31.349756040Z {"timestamp": 1787297851.3472543, "severity": "INFO", "name": "recommendationservice-server", "message": "[Recv ListRecommendations] product_ids=['66VCHSJNUP', '9SIQT8TOJO', '2ZYFJ3GM2N', '0PUK6V6EV0', 'LS4PSXUNUM']"}
2026-08-21T07:37:31.380955108Z {"timestamp": 1787297851.3776035, "severity": "INFO", "name": "recommendationservice-server", "message": "[Recv ListRecommendations] product_ids=['0PUK6V6EV0', '66VCHSJNUP', 'OLJCESPC7Z', 'L9ECAV7KIM', '1YMWWN1N4O']"}
2026-08-21T07:37:31.459922836Z {"timestamp": 1787297851.459258, "severity": "INFO", "name": "recommendationservice-server", "message": "[Recv ListRecommendations] product_ids=['9SIQT8TOJO', '0PUK6V6EV0', '66VCHSJNUP', 'LS4PSXUNUM', 'L9ECAV7KIM']"}
2026-08-21T07:37:32.134700349Z {"timestamp": 1787297852.133401, "severity": "INFO", "name": "recommendationservice-server", "message": "[Recv ListRecommendations] product_ids=['2ZYFJ3GM2N', '1YMWWN1N4O', '6E92ZMYYFZ', '0PUK6V6EV0', '66VCHSJNUP']"}
2026-08-21T07:37:32.210887325Z {"timestamp": 1787297852.2094939, "severity": "INFO", "name": "recommendationservice-server", "message": "[Recv ListRecommendations] product_ids=['1YMWWN1N4O', '2ZYFJ3GM2N', '66VCHSJNUP', '6E92ZMYYFZ', 'LS4PSXUNUM']"}
2026-08-21T07:37:32.769007589Z {"timestamp": 1787297852.7681482, "severity": "INFO", "name": "recommendationservice-server", "message": "[Recv ListRecommendations] product_ids=['L9ECAV7KIM', 'LS4PSXUNUM', 'OLJCESPC7Z', '1YMWWN1N4O', '0PUK6V6EV0']"}
2026-08-21T07:37:32.799672270Z {"timestamp": 1787297852.7985704, "severity": "INFO", "name": "recommendationservice-server", "message": "[Recv ListRecommendations] product_ids=['1YMWWN1N4O', '9SIQT8TOJO', '2ZYFJ3GM2N', 'L9ECAV7KIM', '0PUK6V6EV0']"}
2026-08-21T07:37:32.999160776Z {"timestamp": 1787297852.9980872, "severity": "INFO", "name": "recommendationservice-server", "message": "[Recv ListRecommendations] product_ids=['1YMWWN1N4O', 'L9ECAV7KIM', '66VCHSJNUP', 'LS4PSXUNUM', 'OLJCESPC7Z']"}
2026-08-21T07:37:33.164217588Z {"timestamp": 1787297853.1628554, "severity": "INFO", "name": "recommendationservice-server", "message": "[Recv ListRecommendations] product_ids=['2ZYFJ3GM2N', '66VCHSJNUP', '6E92ZMYYFZ', '9SIQT8TOJO', 'L9ECAV7KIM']"}
2026-08-21T07:37:33.964614659Z {"timestamp": 1787297853.9634638, "severity": "INFO", "name": "recommendationservice-server", "message": "[Recv ListRecommendations] product_ids=['2ZYFJ3GM2N', '66VCHSJNUP', 'L9ECAV7KIM', '6E92ZMYYFZ', '0PUK6V6EV0']"}
2026-08-21T07:37:34.087716470Z {"timestamp": 1787297854.0864275, "severity": "INFO", "name": "recommendationservice-server", "message": "[Recv ListRecommendations] product_ids=['66VCHSJNUP', 'OLJCESPC7Z', '2ZYFJ3GM2N', '1YMWWN1N4O', '6E92ZMYYFZ']"}
2026-08-21T07:37:34.319824000Z {"timestamp": 1787297854.3187306, "severity": "INFO", "name": "recommendationservice-server", "message": "[Recv ListRecommendations] product_ids=['L9ECAV7KIM', '66VCHSJNUP', '2ZYFJ3GM2N', '1YMWWN1N4O', '0PUK6V6EV0']"}
2026-08-21T07:37:35.668659463Z {"timestamp": 1787297855.6678421, "severity": "INFO", "name": "recommendationservice-server", "message": "[Recv ListRecommendations] product_ids=['66VCHSJNUP', 'L9ECAV7KIM', 'OLJCESPC7Z', '6E92ZMYYFZ', '9SIQT8TOJO']"}
2026-08-21T07:37:36.716273360Z {"timestamp": 1787297856.715327, "severity": "INFO", "name": "recommendationservice-server", "message": "[Recv ListRecommendations] product_ids=['9SIQT8TOJO', '66VCHSJNUP', '1YMWWN1N4O', 'LS4PSXUNUM', 'OLJCESPC7Z']"}
2026-08-21T07:37:37.844514464Z {"timestamp": 1787297857.8432853, "severity": "INFO", "name": "recommendationservice-server", "message": "[Recv ListRecommendations] product_ids=['9SIQT8TOJO', '0PUK6V6EV0', '2ZYFJ3GM2N', '66VCHSJNUP', 'OLJCESPC7Z']"}
2026-08-21T07:37:38.449770552Z {"timestamp": 1787297858.4486926, "severity": "INFO", "name": "recommendationservice-server", "message": "[Recv ListRecommendations] product_ids=['OLJCESPC7Z', 'L9ECAV7KIM', '1YMWWN1N4O', '6E92ZMYYFZ', 'LS4PSXUNUM']"}
2026-08-21T07:37:38.773515679Z {"timestamp": 1787297858.7723897, "severity": "INFO", "name": "recommendationservice-server", "message": "[Recv ListRecommendations] product_ids=['0PUK6V6EV0', 'OLJCESPC7Z', '6E92ZMYYFZ', 'LS4PSXUNUM', '1YMWWN1N4O']"}
2026-08-21T07:37:39.099315040Z {"timestamp": 1787297859.0985186, "severity": "INFO", "name": "recommendationservice-server", "message": "[Recv ListRecommendations] product_ids=['6E92ZMYYFZ', '2ZYFJ3GM2N', 'OLJCESPC7Z', '1YMWWN1N4O', 'L9ECAV7KIM']"}
2026-08-21T07:37:39.359934706Z {"timestamp": 1787297859.3595307, "severity": "INFO", "name": "recommendationservice-server", "message": "[Recv ListRecommendations] product_ids=['6E92ZMYYFZ', '0PUK6V6EV0', '1YMWWN1N4O', 'OLJCESPC7Z', '9SIQT8TOJO']"}
2026-08-21T07:37:39.640218368Z {"timestamp": 1787297859.6397038, "severity": "INFO", "name": "recommendationservice-server", "message": "[Recv ListRecommendations] product_ids=['2ZYFJ3GM2N', '6E92ZMYYFZ', 'L9ECAV7KIM', 'LS4PSXUNUM', '0PUK6V6EV0']"}
2026-08-21T07:37:40.343927061Z {"timestamp": 1787297860.3433154, "severity": "INFO", "name": "recommendationservice-server", "message": "[Recv ListRecommendations] product_ids=['6E92ZMYYFZ', '9SIQT8TOJO', '1YMWWN1N4O', '2ZYFJ3GM2N', 'L9ECAV7KIM']"}
2026-08-21T07:37:40.653802433Z {"timestamp": 1787297860.6534133, "severity": "INFO", "name": "recommendationservice-server", "message": "[Recv ListRecommendations] product_ids=['OLJCESPC7Z', 'L9ECAV7KIM', '0PUK6V6EV0', 'LS4PSXUNUM', '2ZYFJ3GM2N']"}
2026-08-21T07:37:41.295224401Z {"timestamp": 1787297861.2942781, "severity": "INFO", "name": "recommendationservice-server", "message": "[Recv ListRecommendations] product_ids=['LS4PSXUNUM', '66VCHSJNUP', '6E92ZMYYFZ', 'L9ECAV7KIM', '0PUK6V6EV0']"}
2026-08-21T07:37:41.851197152Z {"timestamp": 1787297861.8501196, "severity": "INFO", "name": "recommendationservice-server", "message": "[Recv ListRecommendations] product_ids=['OLJCESPC7Z', '6E92ZMYYFZ', '2ZYFJ3GM2N', 'LS4PSXUNUM', '1YMWWN1N4O']"}
2026-08-21T07:37:42.413979490Z {"timestamp": 1787297862.413576, "severity": "INFO", "name": "recommendationservice-server", "message": "[Recv ListRecommendations] product_ids=['2ZYFJ3GM2N', 'L9ECAV7KIM', 'OLJCESPC7Z', '66VCHSJNUP', '0PUK6V6EV0']"}
2026-08-21T07:37:43.184695572Z {"timestamp": 1787297863.184138, "severity": "INFO", "name": "recommendationservice-server", "message": "[Recv ListRecommendations] product_ids=['OLJCESPC7Z', 'L9ECAV7KIM', 'LS4PSXUNUM', '9SIQT8TOJO', '2ZYFJ3GM2N']"}
2026-08-21T07:37:43.196189553Z {"timestamp": 1787297863.1956275, "severity": "INFO", "name": "recommendationservice-server", "message": "[Recv ListRecommendations] product_ids=['9SIQT8TOJO', '1YMWWN1N4O', '0PUK6V6EV0', 'LS4PSXUNUM', '6E92ZMYYFZ']"}
2026-08-21T07:37:43.199657121Z {"timestamp": 1787297863.1992097, "severity": "INFO", "name": "recommendationservice-server", "message": "[Recv ListRecommendations] product_ids=['LS4PSXUNUM', '9SIQT8TOJO', 'L9ECAV7KIM', 'OLJCESPC7Z', '1YMWWN1N4O']"}
2026-08-21T07:37:43.201059351Z {"timestamp": 1787297863.2006288, "severity": "INFO", "name": "recommendationservice-server", "message": "[Recv ListRecommendations] product_ids=['66VCHSJNUP', '9SIQT8TOJO', 'OLJCESPC7Z', 'L9ECAV7KIM', '0PUK6V6EV0']"}
2026-08-21T07:37:43.296892140Z {"timestamp": 1787297863.2962575, "severity": "INFO", "name": "recommendationservice-server", "message": "[Recv ListRecommendations] product_ids=['2ZYFJ3GM2N', '6E92ZMYYFZ', '9SIQT8TOJO', 'LS4PSXUNUM', '0PUK6V6EV0']"}
2026-08-21T07:37:43.579150051Z {"timestamp": 1787297863.5785992, "severity": "INFO", "name": "recommendationservice-server", "message": "[Recv ListRecommendations] product_ids=['2ZYFJ3GM2N', '0PUK6V6EV0', 'LS4PSXUNUM', '1YMWWN1N4O', '66VCHSJNUP']"}
2026-08-21T07:37:43.601317781Z {"timestamp": 1787297863.6008122, "severity": "INFO", "name": "recommendationservice-server", "message": "[Recv ListRecommendations] product_ids=['LS4PSXUNUM', '2ZYFJ3GM2N', '66VCHSJNUP', 'L9ECAV7KIM', '1YMWWN1N4O']"}
2026-08-21T07:37:43.773057598Z {"timestamp": 1787297863.771782, "severity": "INFO", "name": "recommendationservice-server", "message": "[Recv ListRecommendations] product_ids=['0PUK6V6EV0', '2ZYFJ3GM2N', 'OLJCESPC7Z', 'LS4PSXUNUM', '6E92ZMYYFZ']"}
2026-08-21T07:37:43.824183068Z {"timestamp": 1787297863.8225386, "severity": "INFO", "name": "recommendationservice-server", "message": "[Recv ListRecommendations] product_ids=['L9ECAV7KIM', '9SIQT8TOJO', '66VCHSJNUP', '2ZYFJ3GM2N', '1YMWWN1N4O']"}
2026-08-21T07:37:44.152634242Z {"timestamp": 1787297864.1514292, "severity": "INFO", "name": "recommendationservice-server", "message": "[Recv ListRecommendations] product_ids=['OLJCESPC7Z', 'L9ECAV7KIM', '1YMWWN1N4O', '2ZYFJ3GM2N', '66VCHSJNUP']"}
2026-08-21T07:37:44.295036756Z {"timestamp": 1787297864.2942345, "severity": "INFO", "name": "recommendationservice-server", "message": "[Recv ListRecommendations] product_ids=['2ZYFJ3GM2N', '9SIQT8TOJO', '6E92ZMYYFZ', 'L9ECAV7KIM', '1YMWWN1N4O']"}
2026-08-21T07:37:44.823873937Z {"timestamp": 1787297864.8223155, "severity": "INFO", "name": "recommendationservice-server", "message": "[Recv ListRecommendations] product_ids=['66VCHSJNUP', '9SIQT8TOJO', '1YMWWN1N4O', '0PUK6V6EV0', '6E92ZMYYFZ']"}
2026-08-21T07:37:45.012550027Z {"timestamp": 1787297865.0111217, "severity": "INFO", "name": "recommendationservice-server", "message": "[Recv ListRecommendations] product_ids=['OLJCESPC7Z', '1YMWWN1N4O', '6E92ZMYYFZ', '9SIQT8TOJO', '66VCHSJNUP']"}
2026-08-21T07:37:45.397499851Z {"timestamp": 1787297865.3961132, "severity": "INFO", "name": "recommendationservice-server", "message": "[Recv ListRecommendations] product_ids=['L9ECAV7KIM', '6E92ZMYYFZ', '9SIQT8TOJO', 'OLJCESPC7Z', '1YMWWN1N4O']"}
2026-08-21T07:37:45.564398275Z {"timestamp": 1787297865.5629752, "severity": "INFO", "name": "recommendationservice-server", "message": "[Recv ListRecommendations] product_ids=['L9ECAV7KIM', '2ZYFJ3GM2N', '9SIQT8TOJO', '66VCHSJNUP', '6E92ZMYYFZ']"}
2026-08-21T07:37:46.472209902Z {"timestamp": 1787297866.4711916, "severity": "INFO", "name": "recommendationservice-server", "message": "[Recv ListRecommendations] product_ids=['2ZYFJ3GM2N', 'L9ECAV7KIM', '1YMWWN1N4O', '9SIQT8TOJO', '0PUK6V6EV0']"}
2026-08-21T07:37:46.934235144Z {"timestamp": 1787297866.9328632, "severity": "INFO", "name": "recommendationservice-server", "message": "[Recv ListRecommendations] product_ids=['66VCHSJNUP', '0PUK6V6EV0', '1YMWWN1N4O', '2ZYFJ3GM2N', 'LS4PSXUNUM']"}
2026-08-21T07:37:47.216121395Z {"timestamp": 1787297867.214967, "severity": "INFO", "name": "recommendationservice-server", "message": "[Recv ListRecommendations] product_ids=['9SIQT8TOJO', '66VCHSJNUP', 'LS4PSXUNUM', '2ZYFJ3GM2N', 'L9ECAV7KIM']"}
2026-08-21T07:37:47.370876531Z {"timestamp": 1787297867.3676817, "severity": "INFO", "name": "recommendationservice-server", "message": "[Recv ListRecommendations] product_ids=['9SIQT8TOJO', 'L9ECAV7KIM', '0PUK6V6EV0', 'OLJCESPC7Z', '66VCHSJNUP']"}
2026-08-21T07:37:47.397537396Z {"timestamp": 1787297867.3969712, "severity": "INFO", "name": "recommendationservice-server", "message": "[Recv ListRecommendations] product_ids=['9SIQT8TOJO', '6E92ZMYYFZ', '2ZYFJ3GM2N', 'OLJCESPC7Z', 'L9ECAV7KIM']"}
2026-08-21T07:37:47.751811998Z {"timestamp": 1787297867.751391, "severity": "INFO", "name": "recommendationservice-server", "message": "[Recv ListRecommendations] product_ids=['0PUK6V6EV0', '9SIQT8TOJO', 'L9ECAV7KIM', '6E92ZMYYFZ', 'LS4PSXUNUM']"}
2026-08-21T07:37:48.452806264Z {"timestamp": 1787297868.4517329, "severity": "INFO", "name": "recommendationservice-server", "message": "[Recv ListRecommendations] product_ids=['66VCHSJNUP', '9SIQT8TOJO', '1YMWWN1N4O', '6E92ZMYYFZ', '0PUK6V6EV0']"}
2026-08-21T07:37:49.302014196Z {"timestamp": 1787297869.3007238, "severity": "INFO", "name": "recommendationservice-server", "message": "[Recv ListRecommendations] product_ids=['1YMWWN1N4O', '6E92ZMYYFZ', 'OLJCESPC7Z', 'LS4PSXUNUM', 'L9ECAV7KIM']"}
2026-08-21T07:37:49.404200926Z {"timestamp": 1787297869.403602, "severity": "INFO", "name": "recommendationservice-server", "message": "[Recv ListRecommendations] product_ids=['LS4PSXUNUM', '2ZYFJ3GM2N', '66VCHSJNUP', '1YMWWN1N4O', 'L9ECAV7KIM']"}
2026-08-21T07:37:50.520236701Z {"timestamp": 1787297870.5188844, "severity": "INFO", "name": "recommendationservice-server", "message": "[Recv ListRecommendations] product_ids=['OLJCESPC7Z', '66VCHSJNUP', '1YMWWN1N4O', '9SIQT8TOJO', 'LS4PSXUNUM']"}
2026-08-21T07:37:50.812507430Z {"timestamp": 1787297870.8113163, "severity": "INFO", "name": "recommendationservice-server", "message": "[Recv ListRecommendations] product_ids=['6E92ZMYYFZ', 'LS4PSXUNUM', 'L9ECAV7KIM', 'OLJCESPC7Z', '1YMWWN1N4O']"}
2026-08-21T07:37:52.082344264Z {"timestamp": 1787297872.0806906, "severity": "INFO", "name": "recommendationservice-server", "message": "[Recv ListRecommendations] product_ids=['9SIQT8TOJO', '0PUK6V6EV0', 'LS4PSXUNUM', '1YMWWN1N4O', '66VCHSJNUP']"}
2026-08-21T07:37:52.200881603Z {"timestamp": 1787297872.199921, "severity": "INFO", "name": "recommendationservice-server", "message": "[Recv ListRecommendations] product_ids=['2ZYFJ3GM2N', '66VCHSJNUP', '0PUK6V6EV0', 'OLJCESPC7Z', 'L9ECAV7KIM']"}
2026-08-21T07:37:52.381015142Z {"timestamp": 1787297872.3807213, "severity": "INFO", "name": "recommendationservice-server", "message": "[Recv ListRecommendations] product_ids=['LS4PSXUNUM', '2ZYFJ3GM2N', '0PUK6V6EV0', '6E92ZMYYFZ', '9SIQT8TOJO']"}
2026-08-21T07:37:52.561027461Z {"timestamp": 1787297872.5594609, "severity": "INFO", "name": "recommendationservice-server", "message": "[Recv ListRecommendations] product_ids=['9SIQT8TOJO', 'LS4PSXUNUM', 'L9ECAV7KIM', '2ZYFJ3GM2N', '0PUK6V6EV0']"}
2026-08-21T07:37:52.710633294Z {"timestamp": 1787297872.709453, "severity": "INFO", "name": "recommendationservice-server", "message": "[Recv ListRecommendations] product_ids=['0PUK6V6EV0', 'OLJCESPC7Z', '1YMWWN1N4O', 'L9ECAV7KIM', 'LS4PSXUNUM']"}
2026-08-21T07:37:53.230887609Z {"timestamp": 1787297873.2303593, "severity": "INFO", "name": "recommendationservice-server", "message": "[Recv ListRecommendations] product_ids=['66VCHSJNUP', 'L9ECAV7KIM', '6E92ZMYYFZ', 'LS4PSXUNUM', '2ZYFJ3GM2N']"}
2026-08-21T07:37:53.709817146Z {"timestamp": 1787297873.7087917, "severity": "INFO", "name": "recommendationservice-server", "message": "[Recv ListRecommendations] product_ids=['1YMWWN1N4O', '0PUK6V6EV0', 'OLJCESPC7Z', '6E92ZMYYFZ', 'LS4PSXUNUM']"}
2026-08-21T07:37:53.963675975Z {"timestamp": 1787297873.9622145, "severity": "INFO", "name": "recommendationservice-server", "message": "[Recv ListRecommendations] product_ids=['OLJCESPC7Z', '2ZYFJ3GM2N', '1YMWWN1N4O', '9SIQT8TOJO', 'L9ECAV7KIM']"}
2026-08-21T07:37:54.073364962Z {"timestamp": 1787297874.0721662, "severity": "INFO", "name": "recommendationservice-server", "message": "[Recv ListRecommendations] product_ids=['2ZYFJ3GM2N', 'L9ECAV7KIM', '6E92ZMYYFZ', '66VCHSJNUP', '1YMWWN1N4O']"}
2026-08-21T07:37:55.082043271Z {"timestamp": 1787297875.0806625, "severity": "INFO", "name": "recommendationservice-server", "message": "[Recv ListRecommendations] product_ids=['1YMWWN1N4O', 'L9ECAV7KIM', '9SIQT8TOJO', '2ZYFJ3GM2N', '66VCHSJNUP']"}
2026-08-21T07:37:55.256103914Z {"timestamp": 1787297875.2556322, "severity": "INFO", "name": "recommendationservice-server", "message": "[Recv ListRecommendations] product_ids=['2ZYFJ3GM2N', '66VCHSJNUP', '0PUK6V6EV0', 'L9ECAV7KIM', '1YMWWN1N4O']"}
2026-08-21T07:37:55.267830237Z {"timestamp": 1787297875.2670095, "severity": "INFO", "name": "recommendationservice-server", "message": "[Recv ListRecommendations] product_ids=['6E92ZMYYFZ', 'LS4PSXUNUM', '1YMWWN1N4O', '0PUK6V6EV0', '66VCHSJNUP']"}
2026-08-21T07:37:55.352193472Z {"timestamp": 1787297875.3515062, "severity": "INFO", "name": "recommendationservice-server", "message": "[Recv ListRecommendations] product_ids=['66VCHSJNUP', '9SIQT8TOJO', 'LS4PSXUNUM', '2ZYFJ3GM2N', '6E92ZMYYFZ']"}
2026-08-21T07:37:55.458516807Z {"timestamp": 1787297875.4574304, "severity": "INFO", "name": "recommendationservice-server", "message": "[Recv ListRecommendations] product_ids=['66VCHSJNUP', '1YMWWN1N4O', 'LS4PSXUNUM', '6E92ZMYYFZ', '9SIQT8TOJO']"}
2026-08-21T07:37:55.859263824Z {"timestamp": 1787297875.8587444, "severity": "INFO", "name": "recommendationservice-server", "message": "[Recv ListRecommendations] product_ids=['2ZYFJ3GM2N', '1YMWWN1N4O', 'OLJCESPC7Z', 'L9ECAV7KIM', '0PUK6V6EV0']"}
2026-08-21T07:37:55.958921866Z {"timestamp": 1787297875.9581556, "severity": "INFO", "name": "recommendationservice-server", "message": "[Recv ListRecommendations] product_ids=['1YMWWN1N4O', '66VCHSJNUP', '9SIQT8TOJO', 'LS4PSXUNUM', '2ZYFJ3GM2N']"}
2026-08-21T07:37:56.053901041Z {"timestamp": 1787297876.0534406, "severity": "INFO", "name": "recommendationservice-server", "message": "[Recv ListRecommendations] product_ids=['2ZYFJ3GM2N', 'L9ECAV7KIM', '0PUK6V6EV0', 'LS4PSXUNUM', '9SIQT8TOJO']"}
2026-08-21T07:37:56.093552444Z {"timestamp": 1787297876.0925705, "severity": "INFO", "name": "recommendationservice-server", "message": "[Recv ListRecommendations] product_ids=['1YMWWN1N4O', 'LS4PSXUNUM', 'OLJCESPC7Z', '2ZYFJ3GM2N', '6E92ZMYYFZ']"}
2026-08-21T07:37:56.881075686Z {"timestamp": 1787297876.8798792, "severity": "INFO", "name": "recommendationservice-server", "message": "[Recv ListRecommendations] product_ids=['2ZYFJ3GM2N', '1YMWWN1N4O', '66VCHSJNUP', 'L9ECAV7KIM', '0PUK6V6EV0']"}
2026-08-21T07:37:57.122975554Z {"timestamp": 1787297877.1219292, "severity": "INFO", "name": "recommendationservice-server", "message": "[Recv ListRecommendations] product_ids=['1YMWWN1N4O', '6E92ZMYYFZ', '9SIQT8TOJO', '2ZYFJ3GM2N', 'LS4PSXUNUM']"}
2026-08-21T07:37:57.220933818Z {"timestamp": 1787297877.2195153, "severity": "INFO", "name": "recommendationservice-server", "message": "[Recv ListRecommendations] product_ids=['LS4PSXUNUM', '1YMWWN1N4O', '0PUK6V6EV0', '9SIQT8TOJO', 'OLJCESPC7Z']"}
2026-08-21T07:37:57.414374739Z {"timestamp": 1787297877.4128528, "severity": "INFO", "name": "recommendationservice-server", "message": "[Recv ListRecommendations] product_ids=['6E92ZMYYFZ', 'OLJCESPC7Z', '2ZYFJ3GM2N', '9SIQT8TOJO']"}
2026-08-21T07:37:57.685063067Z {"timestamp": 1787297877.6843386, "severity": "INFO", "name": "recommendationservice-server", "message": "[Recv ListRecommendations] product_ids=['OLJCESPC7Z', '66VCHSJNUP', '0PUK6V6EV0', '6E92ZMYYFZ', '1YMWWN1N4O']"}
2026-08-21T07:37:57.706354348Z {"timestamp": 1787297877.7060695, "severity": "INFO", "name": "recommendationservice-server", "message": "[Recv ListRecommendations] product_ids=['OLJCESPC7Z', '9SIQT8TOJO', '2ZYFJ3GM2N', '66VCHSJNUP', '6E92ZMYYFZ']"}
2026-08-21T07:37:58.123684178Z {"timestamp": 1787297878.122577, "severity": "INFO", "name": "recommendationservice-server", "message": "[Recv ListRecommendations] product_ids=['1YMWWN1N4O', 'L9ECAV7KIM', '9SIQT8TOJO', '66VCHSJNUP', 'LS4PSXUNUM']"}
2026-08-21T07:37:58.252855796Z {"timestamp": 1787297878.2524595, "severity": "INFO", "name": "recommendationservice-server", "message": "[Recv ListRecommendations] product_ids=['2ZYFJ3GM2N', '6E92ZMYYFZ', '9SIQT8TOJO', 'LS4PSXUNUM', '0PUK6V6EV0']"}
2026-08-21T07:37:58.257190405Z {"timestamp": 1787297878.2568336, "severity": "INFO", "name": "recommendationservice-server", "message": "[Recv ListRecommendations] product_ids=['6E92ZMYYFZ', '0PUK6V6EV0', 'OLJCESPC7Z', '1YMWWN1N4O', '9SIQT8TOJO']"}
2026-08-21T07:37:58.608448332Z {"timestamp": 1787297878.607292, "severity": "INFO", "name": "recommendationservice-server", "message": "[Recv ListRecommendations] product_ids=['L9ECAV7KIM', '1YMWWN1N4O', '2ZYFJ3GM2N', 'OLJCESPC7Z', '0PUK6V6EV0']"}
2026-08-21T07:37:58.813065985Z {"timestamp": 1787297878.812108, "severity": "INFO", "name": "recommendationservice-server", "message": "[Recv ListRecommendations] product_ids=['1YMWWN1N4O', 'L9ECAV7KIM', '0PUK6V6EV0', '2ZYFJ3GM2N', '66VCHSJNUP']"}
2026-08-21T07:37:58.849043667Z {"timestamp": 1787297878.8484952, "severity": "INFO", "name": "recommendationservice-server", "message": "[Recv ListRecommendations] product_ids=['L9ECAV7KIM', '2ZYFJ3GM2N', 'LS4PSXUNUM', '66VCHSJNUP', 'OLJCESPC7Z']"}
2026-08-21T07:37:58.944059601Z {"timestamp": 1787297878.9432802, "severity": "INFO", "name": "recommendationservice-server", "message": "[Recv ListRecommendations] product_ids=['9SIQT8TOJO', '6E92ZMYYFZ', 'OLJCESPC7Z', 'L9ECAV7KIM', '2ZYFJ3GM2N']"}
2026-08-21T07:37:59.080626129Z {"timestamp": 1787297879.0793135, "severity": "INFO", "name": "recommendationservice-server", "message": "[Recv ListRecommendations] product_ids=['6E92ZMYYFZ', '66VCHSJNUP', 'OLJCESPC7Z', 'LS4PSXUNUM', '9SIQT8TOJO']"}
2026-08-21T07:37:59.341025902Z {"timestamp": 1787297879.3402586, "severity": "INFO", "name": "recommendationservice-server", "message": "[Recv ListRecommendations] product_ids=['6E92ZMYYFZ', 'L9ECAV7KIM', 'OLJCESPC7Z', '2ZYFJ3GM2N', '9SIQT8TOJO']"}
2026-08-21T07:37:59.394154888Z {"timestamp": 1787297879.3929787, "severity": "INFO", "name": "recommendationservice-server", "message": "[Recv ListRecommendations] product_ids=['9SIQT8TOJO', '2ZYFJ3GM2N', 'OLJCESPC7Z', '6E92ZMYYFZ', '0PUK6V6EV0']"}
2026-08-21T07:37:59.486703019Z {"timestamp": 1787297879.4859746, "severity": "INFO", "name": "recommendationservice-server", "message": "[Recv ListRecommendations] product_ids=['66VCHSJNUP', '9SIQT8TOJO', '6E92ZMYYFZ', 'LS4PSXUNUM', 'L9ECAV7KIM']"}
2026-08-21T07:38:00.301211383Z {"timestamp": 1787297880.30043, "severity": "INFO", "name": "recommendationservice-server", "message": "[Recv ListRecommendations] product_ids=['1YMWWN1N4O', 'OLJCESPC7Z', 'L9ECAV7KIM', '0PUK6V6EV0', '66VCHSJNUP']"}
2026-08-21T07:38:01.650614381Z {"timestamp": 1787297881.649399, "severity": "INFO", "name": "recommendationservice-server", "message": "[Recv ListRecommendations] product_ids=['L9ECAV7KIM', '9SIQT8TOJO', '1YMWWN1N4O', '6E92ZMYYFZ', '0PUK6V6EV0']"}
2026-08-21T07:38:02.600975556Z {"timestamp": 1787297882.5995781, "severity": "INFO", "name": "recommendationservice-server", "message": "[Recv ListRecommendations] product_ids=['L9ECAV7KIM', 'LS4PSXUNUM', '0PUK6V6EV0', 'OLJCESPC7Z', '6E92ZMYYFZ']"}
2026-08-21T07:38:02.837030149Z {"timestamp": 1787297882.8353593, "severity": "INFO", "name": "recommendationservice-server", "message": "[Recv ListRecommendations] product_ids=['1YMWWN1N4O', 'LS4PSXUNUM', '0PUK6V6EV0', 'L9ECAV7KIM', '66VCHSJNUP']"}
2026-08-21T07:38:02.903264178Z {"timestamp": 1787297882.90268, "severity": "INFO", "name": "recommendationservice-server", "message": "[Recv ListRecommendations] product_ids=['OLJCESPC7Z', 'L9ECAV7KIM', '2ZYFJ3GM2N', '66VCHSJNUP', '1YMWWN1N4O']"}
2026-08-21T07:38:03.197325854Z {"timestamp": 1787297883.1969762, "severity": "INFO", "name": "recommendationservice-server", "message": "[Recv ListRecommendations] product_ids=['9SIQT8TOJO', '66VCHSJNUP', '6E92ZMYYFZ', '1YMWWN1N4O', '2ZYFJ3GM2N']"}
2026-08-21T07:38:04.504923234Z {"timestamp": 1787297884.503584, "severity": "INFO", "name": "recommendationservice-server", "message": "[Recv ListRecommendations] product_ids=['2ZYFJ3GM2N', 'OLJCESPC7Z', 'L9ECAV7KIM', 'LS4PSXUNUM', '66VCHSJNUP']"}
2026-08-21T07:38:04.596885169Z {"timestamp": 1787297884.5944428, "severity": "INFO", "name": "recommendationservice-server", "message": "[Recv ListRecommendations] product_ids=['L9ECAV7KIM', '9SIQT8TOJO', '66VCHSJNUP', 'OLJCESPC7Z', '2ZYFJ3GM2N']"}
2026-08-21T07:38:04.875842076Z {"timestamp": 1787297884.8745012, "severity": "INFO", "name": "recommendationservice-server", "message": "[Recv ListRecommendations] product_ids=['66VCHSJNUP', '9SIQT8TOJO', 'LS4PSXUNUM', '6E92ZMYYFZ', '1YMWWN1N4O']"}
2026-08-21T07:38:05.095539094Z {"timestamp": 1787297885.0940819, "severity": "INFO", "name": "recommendationservice-server", "message": "[Recv ListRecommendations] product_ids=['L9ECAV7KIM', '1YMWWN1N4O', 'OLJCESPC7Z', '6E92ZMYYFZ', 'LS4PSXUNUM']"}
2026-08-21T07:38:05.254496182Z {"timestamp": 1787297885.2531736, "severity": "INFO", "name": "recommendationservice-server", "message": "[Recv ListRecommendations] product_ids=['L9ECAV7KIM', '0PUK6V6EV0', '66VCHSJNUP', '9SIQT8TOJO', 'OLJCESPC7Z']"}
2026-08-21T07:38:05.852838450Z {"timestamp": 1787297885.8513274, "severity": "INFO", "name": "recommendationservice-server", "message": "[Recv ListRecommendations] product_ids=['6E92ZMYYFZ', '9SIQT8TOJO', 'OLJCESPC7Z', '2ZYFJ3GM2N', '66VCHSJNUP']"}
2026-08-21T07:38:05.995063625Z {"timestamp": 1787297885.9942589, "severity": "INFO", "name": "recommendationservice-server", "message": "[Recv ListRecommendations] product_ids=['1YMWWN1N4O', '2ZYFJ3GM2N', '66VCHSJNUP', '6E92ZMYYFZ', '0PUK6V6EV0']"}
2026-08-21T07:38:06.359147509Z {"timestamp": 1787297886.3578749, "severity": "INFO", "name": "recommendationservice-server", "message": "[Recv ListRecommendations] product_ids=['9SIQT8TOJO', 'LS4PSXUNUM', '66VCHSJNUP', '0PUK6V6EV0', 'L9ECAV7KIM']"}
2026-08-21T07:38:06.548640321Z {"timestamp": 1787297886.5472925, "severity": "INFO", "name": "recommendationservice-server", "message": "[Recv ListRecommendations] product_ids=['L9ECAV7KIM', 'OLJCESPC7Z', '2ZYFJ3GM2N', '0PUK6V6EV0', 'LS4PSXUNUM']"}
2026-08-21T07:38:06.860966034Z {"timestamp": 1787297886.8522959, "severity": "INFO", "name": "recommendationservice-server", "message": "[Recv ListRecommendations] product_ids=['66VCHSJNUP', 'LS4PSXUNUM', 'OLJCESPC7Z', '1YMWWN1N4O', 'L9ECAV7KIM']"}
2026-08-21T07:38:06.867604220Z {"timestamp": 1787297886.8668118, "severity": "INFO", "name": "recommendationservice-server", "message": "[Recv ListRecommendations] product_ids=['0PUK6V6EV0', '2ZYFJ3GM2N', '66VCHSJNUP', 'LS4PSXUNUM', '9SIQT8TOJO']"}
2026-08-21T07:38:06.945774513Z {"timestamp": 1787297886.9452872, "severity": "INFO", "name": "recommendationservice-server", "message": "[Recv ListRecommendations] product_ids=['6E92ZMYYFZ', '9SIQT8TOJO', '1YMWWN1N4O', 'L9ECAV7KIM', 'OLJCESPC7Z']"}
2026-08-21T07:38:07.637557826Z {"timestamp": 1787297887.6363087, "severity": "INFO", "name": "recommendationservice-server", "message": "[Recv ListRecommendations] product_ids=['LS4PSXUNUM', 'OLJCESPC7Z', '2ZYFJ3GM2N', 'L9ECAV7KIM', '9SIQT8TOJO']"}
2026-08-21T07:38:07.648756459Z {"timestamp": 1787297887.6479974, "severity": "INFO", "name": "recommendationservice-server", "message": "[Recv ListRecommendations] product_ids=['9SIQT8TOJO', 'OLJCESPC7Z', '1YMWWN1N4O', '66VCHSJNUP', 'LS4PSXUNUM']"}
2026-08-21T07:38:08.110500825Z {"timestamp": 1787297888.1070333, "severity": "INFO", "name": "recommendationservice-server", "message": "[Recv ListRecommendations] product_ids=['66VCHSJNUP', '0PUK6V6EV0', 'L9ECAV7KIM', '9SIQT8TOJO', 'OLJCESPC7Z']"}
2026-08-21T07:38:08.889461506Z {"timestamp": 1787297888.888831, "severity": "INFO", "name": "recommendationservice-server", "message": "[Recv ListRecommendations] product_ids=['L9ECAV7KIM', '9SIQT8TOJO', '2ZYFJ3GM2N', '66VCHSJNUP', '6E92ZMYYFZ']"}
2026-08-21T07:38:08.899975526Z {"timestamp": 1787297888.8992357, "severity": "INFO", "name": "recommendationservice-server", "message": "[Recv ListRecommendations] product_ids=['LS4PSXUNUM', '1YMWWN1N4O', 'OLJCESPC7Z', '2ZYFJ3GM2N', '9SIQT8TOJO']"}
2026-08-21T07:38:09.607976494Z {"timestamp": 1787297889.607478, "severity": "INFO", "name": "recommendationservice-server", "message": "[Recv ListRecommendations] product_ids=['OLJCESPC7Z', '1YMWWN1N4O', '9SIQT8TOJO', '0PUK6V6EV0', '66VCHSJNUP']"}
2026-08-21T07:38:09.612989214Z {"timestamp": 1787297889.6120713, "severity": "INFO", "name": "recommendationservice-server", "message": "[Recv ListRecommendations] product_ids=['L9ECAV7KIM', 'LS4PSXUNUM', '9SIQT8TOJO', 'OLJCESPC7Z', '6E92ZMYYFZ']"}
2026-08-21T07:38:10.562690536Z {"timestamp": 1787297890.562213, "severity": "INFO", "name": "recommendationservice-server", "message": "[Recv ListRecommendations] product_ids=['66VCHSJNUP', '6E92ZMYYFZ', 'LS4PSXUNUM', '1YMWWN1N4O', '2ZYFJ3GM2N']"}
2026-08-21T07:38:10.996058159Z {"timestamp": 1787297890.9947, "severity": "INFO", "name": "recommendationservice-server", "message": "[Recv ListRecommendations] product_ids=['1YMWWN1N4O', '6E92ZMYYFZ', '0PUK6V6EV0', '2ZYFJ3GM2N', '9SIQT8TOJO']"}
2026-08-21T07:38:11.068731452Z {"timestamp": 1787297891.0677037, "severity": "INFO", "name": "recommendationservice-server", "message": "[Recv ListRecommendations] product_ids=['9SIQT8TOJO', '1YMWWN1N4O', 'L9ECAV7KIM', '2ZYFJ3GM2N', 'OLJCESPC7Z']"}
2026-08-21T07:38:11.494994712Z {"timestamp": 1787297891.4940906, "severity": "INFO", "name": "recommendationservice-server", "message": "[Recv ListRecommendations] product_ids=['1YMWWN1N4O', '66VCHSJNUP', 'LS4PSXUNUM', '2ZYFJ3GM2N', '6E92ZMYYFZ']"}
2026-08-21T07:38:12.117231343Z {"timestamp": 1787297892.1159875, "severity": "INFO", "name": "recommendationservice-server", "message": "[Recv ListRecommendations] product_ids=['LS4PSXUNUM', '2ZYFJ3GM2N', 'OLJCESPC7Z', '66VCHSJNUP', '1YMWWN1N4O']"}
2026-08-21T07:38:12.221680537Z {"timestamp": 1787297892.2204769, "severity": "INFO", "name": "recommendationservice-server", "message": "[Recv ListRecommendations] product_ids=['OLJCESPC7Z', 'L9ECAV7KIM', '2ZYFJ3GM2N', '66VCHSJNUP', '1YMWWN1N4O']"}
2026-08-21T07:38:12.293107526Z {"timestamp": 1787297892.2925634, "severity": "INFO", "name": "recommendationservice-server", "message": "[Recv ListRecommendations] product_ids=['OLJCESPC7Z', 'LS4PSXUNUM', '66VCHSJNUP', '1YMWWN1N4O', '6E92ZMYYFZ']"}
2026-08-21T07:38:12.649280816Z {"timestamp": 1787297892.648112, "severity": "INFO", "name": "recommendationservice-server", "message": "[Recv ListRecommendations] product_ids=['1YMWWN1N4O', '9SIQT8TOJO', '6E92ZMYYFZ', 'OLJCESPC7Z', '0PUK6V6EV0']"}
2026-08-21T07:38:12.756459856Z {"timestamp": 1787297892.7549894, "severity": "INFO", "name": "recommendationservice-server", "message": "[Recv ListRecommendations] product_ids=['OLJCESPC7Z', '1YMWWN1N4O', 'L9ECAV7KIM', '66VCHSJNUP', 'LS4PSXUNUM']"}
2026-08-21T07:38:13.266091659Z {"timestamp": 1787297893.2656107, "severity": "INFO", "name": "recommendationservice-server", "message": "[Recv ListRecommendations] product_ids=['6E92ZMYYFZ', '66VCHSJNUP', 'L9ECAV7KIM', '0PUK6V6EV0', 'OLJCESPC7Z']"}
2026-08-21T07:38:13.330523804Z {"timestamp": 1787297893.3301437, "severity": "INFO", "name": "recommendationservice-server", "message": "[Recv ListRecommendations] product_ids=['6E92ZMYYFZ', '9SIQT8TOJO', 'LS4PSXUNUM', 'L9ECAV7KIM', '0PUK6V6EV0']"}
2026-08-21T07:38:13.460453467Z {"timestamp": 1787297893.4599795, "severity": "INFO", "name": "recommendationservice-server", "message": "[Recv ListRecommendations] product_ids=['66VCHSJNUP', '0PUK6V6EV0', 'LS4PSXUNUM', '2ZYFJ3GM2N', 'OLJCESPC7Z']"}
2026-08-21T07:38:14.019181492Z {"timestamp": 1787297894.0181806, "severity": "INFO", "name": "recommendationservice-server", "message": "[Recv ListRecommendations] product_ids=['LS4PSXUNUM', '2ZYFJ3GM2N', '9SIQT8TOJO', '0PUK6V6EV0', 'OLJCESPC7Z']"}
2026-08-21T07:38:14.117935397Z {"timestamp": 1787297894.116942, "severity": "INFO", "name": "recommendationservice-server", "message": "[Recv ListRecommendations] product_ids=['LS4PSXUNUM', '9SIQT8TOJO', '6E92ZMYYFZ', 'OLJCESPC7Z', '2ZYFJ3GM2N']"}
2026-08-21T07:38:14.121641505Z {"timestamp": 1787297894.1198204, "severity": "INFO", "name": "recommendationservice-server", "message": "[Recv ListRecommendations] product_ids=['L9ECAV7KIM', '2ZYFJ3GM2N', 'LS4PSXUNUM', 'OLJCESPC7Z', '0PUK6V6EV0']"}
2026-08-21T07:38:14.317199795Z {"timestamp": 1787297894.3161986, "severity": "INFO", "name": "recommendationservice-server", "message": "[Recv ListRecommendations] product_ids=['2ZYFJ3GM2N', 'OLJCESPC7Z', '6E92ZMYYFZ', '66VCHSJNUP', '9SIQT8TOJO']"}
2026-08-21T07:38:15.399356172Z {"timestamp": 1787297895.3982966, "severity": "INFO", "name": "recommendationservice-server", "message": "[Recv ListRecommendations] product_ids=['LS4PSXUNUM', 'L9ECAV7KIM', '66VCHSJNUP', '1YMWWN1N4O', 'OLJCESPC7Z']"}
2026-08-21T07:38:17.542599268Z {"timestamp": 1787297897.541731, "severity": "INFO", "name": "recommendationservice-server", "message": "[Recv ListRecommendations] product_ids=['9SIQT8TOJO', 'LS4PSXUNUM', '6E92ZMYYFZ', '0PUK6V6EV0', '66VCHSJNUP']"}
2026-08-21T07:38:17.647221936Z {"timestamp": 1787297897.646282, "severity": "INFO", "name": "recommendationservice-server", "message": "[Recv ListRecommendations] product_ids=['OLJCESPC7Z', '66VCHSJNUP', 'LS4PSXUNUM', '2ZYFJ3GM2N', 'L9ECAV7KIM']"}
2026-08-21T07:38:17.702979486Z {"timestamp": 1787297897.7026088, "severity": "INFO", "name": "recommendationservice-server", "message": "[Recv ListRecommendations] product_ids=['9SIQT8TOJO', 'L9ECAV7KIM', '1YMWWN1N4O', 'OLJCESPC7Z', '2ZYFJ3GM2N']"}
2026-08-21T07:38:18.114266776Z {"timestamp": 1787297898.1130538, "severity": "INFO", "name": "recommendationservice-server", "message": "[Recv ListRecommendations] product_ids=['66VCHSJNUP', '9SIQT8TOJO', '0PUK6V6EV0', 'LS4PSXUNUM', 'L9ECAV7KIM']"}
2026-08-21T07:38:18.193866238Z {"timestamp": 1787297898.1919234, "severity": "INFO", "name": "recommendationservice-server", "message": "[Recv ListRecommendations] product_ids=['1YMWWN1N4O', '0PUK6V6EV0', 'LS4PSXUNUM', '6E92ZMYYFZ', '9SIQT8TOJO']"}
2026-08-21T07:38:18.547185016Z {"timestamp": 1787297898.5460153, "severity": "INFO", "name": "recommendationservice-server", "message": "[Recv ListRecommendations] product_ids=['1YMWWN1N4O', 'LS4PSXUNUM', 'L9ECAV7KIM', '2ZYFJ3GM2N', '66VCHSJNUP']"}
2026-08-21T07:38:18.655011210Z {"timestamp": 1787297898.6539505, "severity": "INFO", "name": "recommendationservice-server", "message": "[Recv ListRecommendations] product_ids=['66VCHSJNUP', 'OLJCESPC7Z', 'LS4PSXUNUM', 'L9ECAV7KIM', '1YMWWN1N4O']"}
2026-08-21T07:38:18.867161623Z {"timestamp": 1787297898.8666813, "severity": "INFO", "name": "recommendationservice-server", "message": "[Recv ListRecommendations] product_ids=['0PUK6V6EV0', '1YMWWN1N4O', 'OLJCESPC7Z', '66VCHSJNUP', '2ZYFJ3GM2N']"}
2026-08-21T07:38:19.674952278Z {"timestamp": 1787297899.6737416, "severity": "INFO", "name": "recommendationservice-server", "message": "[Recv ListRecommendations] product_ids=['OLJCESPC7Z', '6E92ZMYYFZ', 'L9ECAV7KIM', '2ZYFJ3GM2N', 'LS4PSXUNUM']"}
2026-08-21T07:38:20.084379963Z {"timestamp": 1787297900.0831313, "severity": "INFO", "name": "recommendationservice-server", "message": "[Recv ListRecommendations] product_ids=['6E92ZMYYFZ', 'L9ECAV7KIM', 'LS4PSXUNUM', '66VCHSJNUP', 'OLJCESPC7Z']"}
2026-08-21T07:38:20.294086575Z {"timestamp": 1787297900.2932549, "severity": "INFO", "name": "recommendationservice-server", "message": "[Recv ListRecommendations] product_ids=['9SIQT8TOJO', 'LS4PSXUNUM', '6E92ZMYYFZ', '2ZYFJ3GM2N', '0PUK6V6EV0']"}
2026-08-21T07:38:20.390104231Z {"timestamp": 1787297900.3893075, "severity": "INFO", "name": "recommendationservice-server", "message": "[Recv ListRecommendations] product_ids=['0PUK6V6EV0', '9SIQT8TOJO', '2ZYFJ3GM2N', '1YMWWN1N4O', 'L9ECAV7KIM']"}
2026-08-21T07:38:20.838802060Z {"timestamp": 1787297900.8374474, "severity": "INFO", "name": "recommendationservice-server", "message": "[Recv ListRecommendations] product_ids=['66VCHSJNUP', '0PUK6V6EV0', '2ZYFJ3GM2N', 'LS4PSXUNUM', '6E92ZMYYFZ']"}
2026-08-21T07:38:20.910567837Z {"timestamp": 1787297900.9097972, "severity": "INFO", "name": "recommendationservice-server", "message": "[Recv ListRecommendations] product_ids=['66VCHSJNUP', '2ZYFJ3GM2N', '9SIQT8TOJO', '1YMWWN1N4O', '0PUK6V6EV0']"}
2026-08-21T07:38:20.993361123Z {"timestamp": 1787297900.9922812, "severity": "INFO", "name": "recommendationservice-server", "message": "[Recv ListRecommendations] product_ids=['66VCHSJNUP', 'L9ECAV7KIM', '2ZYFJ3GM2N', '1YMWWN1N4O', 'LS4PSXUNUM']"}
2026-08-21T07:38:21.045814430Z {"timestamp": 1787297901.0445166, "severity": "INFO", "name": "recommendationservice-server", "message": "[Recv ListRecommendations] product_ids=['L9ECAV7KIM', '1YMWWN1N4O', '66VCHSJNUP', 'OLJCESPC7Z', '6E92ZMYYFZ']"}
2026-08-21T07:38:21.206231854Z {"timestamp": 1787297901.2052057, "severity": "INFO", "name": "recommendationservice-server", "message": "[Recv ListRecommendations] product_ids=['2ZYFJ3GM2N', '0PUK6V6EV0', '9SIQT8TOJO', 'L9ECAV7KIM', 'LS4PSXUNUM']"}
2026-08-21T07:38:21.536403133Z {"timestamp": 1787297901.5354388, "severity": "INFO", "name": "recommendationservice-server", "message": "[Recv ListRecommendations] product_ids=['6E92ZMYYFZ', 'L9ECAV7KIM', '1YMWWN1N4O', '0PUK6V6EV0', '9SIQT8TOJO']"}
2026-08-21T07:38:22.315433150Z {"timestamp": 1787297902.314227, "severity": "INFO", "name": "recommendationservice-server", "message": "[Recv ListRecommendations] product_ids=['L9ECAV7KIM', '2ZYFJ3GM2N', '1YMWWN1N4O', '0PUK6V6EV0', '6E92ZMYYFZ']"}
2026-08-21T07:38:22.829482690Z {"timestamp": 1787297902.8283975, "severity": "INFO", "name": "recommendationservice-server", "message": "[Recv ListRecommendations] product_ids=['LS4PSXUNUM', 'L9ECAV7KIM', '1YMWWN1N4O', '6E92ZMYYFZ', '2ZYFJ3GM2N']"}
2026-08-21T07:38:23.449877178Z {"timestamp": 1787297903.4482622, "severity": "INFO", "name": "recommendationservice-server", "message": "[Recv ListRecommendations] product_ids=['1YMWWN1N4O', '6E92ZMYYFZ', 'L9ECAV7KIM', 'OLJCESPC7Z', '2ZYFJ3GM2N']"}
2026-08-21T07:38:23.538457812Z {"timestamp": 1787297903.5378575, "severity": "INFO", "name": "recommendationservice-server", "message": "[Recv ListRecommendations] product_ids=['OLJCESPC7Z', 'LS4PSXUNUM', '1YMWWN1N4O', '9SIQT8TOJO', 'L9ECAV7KIM']"}
2026-08-21T07:38:23.954597587Z {"timestamp": 1787297903.9535375, "severity": "INFO", "name": "recommendationservice-server", "message": "[Recv ListRecommendations] product_ids=['0PUK6V6EV0', '66VCHSJNUP', '1YMWWN1N4O', '9SIQT8TOJO', 'OLJCESPC7Z']"}
2026-08-21T07:38:24.670901911Z {"timestamp": 1787297904.6699536, "severity": "INFO", "name": "recommendationservice-server", "message": "[Recv ListRecommendations] product_ids=['OLJCESPC7Z', '6E92ZMYYFZ', '1YMWWN1N4O', 'LS4PSXUNUM', '9SIQT8TOJO']"}
2026-08-21T07:38:24.846919390Z {"timestamp": 1787297904.8458433, "severity": "INFO", "name": "recommendationservice-server", "message": "[Recv ListRecommendations] product_ids=['9SIQT8TOJO', '2ZYFJ3GM2N', '6E92ZMYYFZ', 'OLJCESPC7Z', 'L9ECAV7KIM']"}
2026-08-21T07:38:25.263896304Z {"timestamp": 1787297905.2622728, "severity": "INFO", "name": "recommendationservice-server", "message": "[Recv ListRecommendations] product_ids=['66VCHSJNUP', '9SIQT8TOJO', 'OLJCESPC7Z', '0PUK6V6EV0', '6E92ZMYYFZ']"}
2026-08-21T07:38:25.846301959Z {"timestamp": 1787297905.8456688, "severity": "INFO", "name": "recommendationservice-server", "message": "[Recv ListRecommendations] product_ids=['2ZYFJ3GM2N', '0PUK6V6EV0', 'L9ECAV7KIM', '66VCHSJNUP', '6E92ZMYYFZ']"}
2026-08-21T07:38:25.989972631Z {"timestamp": 1787297905.989326, "severity": "INFO", "name": "recommendationservice-server", "message": "[Recv ListRecommendations] product_ids=['66VCHSJNUP', 'L9ECAV7KIM', 'LS4PSXUNUM', '9SIQT8TOJO', '0PUK6V6EV0']"}
2026-08-21T07:38:26.116076220Z {"timestamp": 1787297906.1155305, "severity": "INFO", "name": "recommendationservice-server", "message": "[Recv ListRecommendations] product_ids=['66VCHSJNUP', 'L9ECAV7KIM', 'LS4PSXUNUM', '0PUK6V6EV0', '6E92ZMYYFZ']"}
2026-08-21T07:38:27.158560260Z {"timestamp": 1787297907.157973, "severity": "INFO", "name": "recommendationservice-server", "message": "[Recv ListRecommendations] product_ids=['66VCHSJNUP', '1YMWWN1N4O', '0PUK6V6EV0', 'L9ECAV7KIM', 'OLJCESPC7Z']"}
2026-08-21T07:38:27.211810297Z {"timestamp": 1787297907.2113194, "severity": "INFO", "name": "recommendationservice-server", "message": "[Recv ListRecommendations] product_ids=['9SIQT8TOJO', '1YMWWN1N4O', 'OLJCESPC7Z', 'LS4PSXUNUM', '0PUK6V6EV0']"}
2026-08-21T07:38:27.634551956Z {"timestamp": 1787297907.6339967, "severity": "INFO", "name": "recommendationservice-server", "message": "[Recv ListRecommendations] product_ids=['9SIQT8TOJO', '66VCHSJNUP', 'L9ECAV7KIM', '0PUK6V6EV0', 'LS4PSXUNUM']"}
2026-08-21T07:38:29.205362478Z {"timestamp": 1787297909.204993, "severity": "INFO", "name": "recommendationservice-server", "message": "[Recv ListRecommendations] product_ids=['2ZYFJ3GM2N', '9SIQT8TOJO', '6E92ZMYYFZ', '1YMWWN1N4O', '0PUK6V6EV0']"}
2026-08-21T07:38:29.403045512Z {"timestamp": 1787297909.402635, "severity": "INFO", "name": "recommendationservice-server", "message": "[Recv ListRecommendations] product_ids=['6E92ZMYYFZ', '1YMWWN1N4O', '9SIQT8TOJO', 'OLJCESPC7Z', '66VCHSJNUP']"}
2026-08-21T07:38:29.443576662Z {"timestamp": 1787297909.443098, "severity": "INFO", "name": "recommendationservice-server", "message": "[Recv ListRecommendations] product_ids=['9SIQT8TOJO', 'LS4PSXUNUM', 'L9ECAV7KIM', '2ZYFJ3GM2N', '6E92ZMYYFZ']"}
2026-08-21T07:38:30.585622776Z {"timestamp": 1787297910.5851915, "severity": "INFO", "name": "recommendationservice-server", "message": "[Recv ListRecommendations] product_ids=['2ZYFJ3GM2N', 'LS4PSXUNUM', 'OLJCESPC7Z', '66VCHSJNUP', '1YMWWN1N4O']"}
2026-08-21T07:38:30.605959973Z {"timestamp": 1787297910.6054578, "severity": "INFO", "name": "recommendationservice-server", "message": "[Recv ListRecommendations] product_ids=['6E92ZMYYFZ', 'LS4PSXUNUM', '2ZYFJ3GM2N', '66VCHSJNUP', 'L9ECAV7KIM']"}
2026-08-21T07:38:30.701790410Z {"timestamp": 1787297910.701368, "severity": "INFO", "name": "recommendationservice-server", "message": "[Recv ListRecommendations] product_ids=['L9ECAV7KIM', '6E92ZMYYFZ', '2ZYFJ3GM2N', '66VCHSJNUP', 'LS4PSXUNUM']"}
2026-08-21T07:38:31.731821729Z {"timestamp": 1787297911.730666, "severity": "INFO", "name": "recommendationservice-server", "message": "[Recv ListRecommendations] product_ids=['LS4PSXUNUM', 'OLJCESPC7Z', '2ZYFJ3GM2N', 'L9ECAV7KIM', '0PUK6V6EV0']"}
2026-08-21T07:38:31.848978123Z {"timestamp": 1787297911.8477948, "severity": "INFO", "name": "recommendationservice-server", "message": "[Recv ListRecommendations] product_ids=['2ZYFJ3GM2N', '0PUK6V6EV0', '6E92ZMYYFZ', 'LS4PSXUNUM', 'OLJCESPC7Z']"}
2026-08-21T07:38:31.895793613Z {"timestamp": 1787297911.894902, "severity": "INFO", "name": "recommendationservice-server", "message": "[Recv ListRecommendations] product_ids=['66VCHSJNUP', 'LS4PSXUNUM', 'L9ECAV7KIM', 'OLJCESPC7Z']"}
2026-08-21T07:38:32.047543816Z {"timestamp": 1787297912.046294, "severity": "INFO", "name": "recommendationservice-server", "message": "[Recv ListRecommendations] product_ids=['LS4PSXUNUM', 'OLJCESPC7Z', '9SIQT8TOJO', '2ZYFJ3GM2N', '1YMWWN1N4O']"}
2026-08-21T07:38:32.472265875Z {"timestamp": 1787297912.471744, "severity": "INFO", "name": "recommendationservice-server", "message": "[Recv ListRecommendations] product_ids=['OLJCESPC7Z', '66VCHSJNUP', '2ZYFJ3GM2N', '1YMWWN1N4O', 'LS4PSXUNUM']"}
2026-08-21T07:38:32.494603497Z {"timestamp": 1787297912.4942594, "severity": "INFO", "name": "recommendationservice-server", "message": "[Recv ListRecommendations] product_ids=['LS4PSXUNUM', '0PUK6V6EV0', 'OLJCESPC7Z', 'L9ECAV7KIM', '66VCHSJNUP']"}
2026-08-21T07:38:32.847752252Z {"timestamp": 1787297912.8463264, "severity": "INFO", "name": "recommendationservice-server", "message": "[Recv ListRecommendations] product_ids=['LS4PSXUNUM', '6E92ZMYYFZ', '2ZYFJ3GM2N', '1YMWWN1N4O', '0PUK6V6EV0']"}
2026-08-21T07:38:33.078152906Z {"timestamp": 1787297913.076771, "severity": "INFO", "name": "recommendationservice-server", "message": "[Recv ListRecommendations] product_ids=['OLJCESPC7Z', '0PUK6V6EV0', '6E92ZMYYFZ', '66VCHSJNUP', 'L9ECAV7KIM']"}
2026-08-21T07:38:33.234911421Z {"timestamp": 1787297913.2343843, "severity": "INFO", "name": "recommendationservice-server", "message": "[Recv ListRecommendations] product_ids=['6E92ZMYYFZ', 'LS4PSXUNUM', 'OLJCESPC7Z', '0PUK6V6EV0', '66VCHSJNUP']"}
2026-08-21T07:38:33.751727111Z {"timestamp": 1787297913.7505198, "severity": "INFO", "name": "recommendationservice-server", "message": "[Recv ListRecommendations] product_ids=['2ZYFJ3GM2N', '0PUK6V6EV0', 'L9ECAV7KIM', '9SIQT8TOJO', '1YMWWN1N4O']"}
2026-08-21T07:38:34.408790039Z {"timestamp": 1787297914.4072106, "severity": "INFO", "name": "recommendationservice-server", "message": "[Recv ListRecommendations] product_ids=['LS4PSXUNUM', '2ZYFJ3GM2N', 'OLJCESPC7Z', '6E92ZMYYFZ', '9SIQT8TOJO']"}
2026-08-21T07:38:34.517730902Z {"timestamp": 1787297914.5168788, "severity": "INFO", "name": "recommendationservice-server", "message": "[Recv ListRecommendations] product_ids=['0PUK6V6EV0', '6E92ZMYYFZ', 'OLJCESPC7Z', '1YMWWN1N4O', '2ZYFJ3GM2N']"}
2026-08-21T07:38:34.587554522Z {"timestamp": 1787297914.586554, "severity": "INFO", "name": "recommendationservice-server", "message": "[Recv ListRecommendations] product_ids=['66VCHSJNUP', '9SIQT8TOJO', '1YMWWN1N4O', 'LS4PSXUNUM', 'OLJCESPC7Z']"}
2026-08-21T07:38:34.843070448Z {"timestamp": 1787297914.842178, "severity": "INFO", "name": "recommendationservice-server", "message": "[Recv ListRecommendations] product_ids=['9SIQT8TOJO', 'L9ECAV7KIM', '6E92ZMYYFZ', 'LS4PSXUNUM', '2ZYFJ3GM2N']"}
2026-08-21T07:38:36.734220356Z {"timestamp": 1787297916.732956, "severity": "INFO", "name": "recommendationservice-server", "message": "[Recv ListRecommendations] product_ids=['2ZYFJ3GM2N', '1YMWWN1N4O', '9SIQT8TOJO', 'LS4PSXUNUM', 'L9ECAV7KIM']"}
2026-08-21T07:38:37.178048913Z {"timestamp": 1787297917.1766446, "severity": "INFO", "name": "recommendationservice-server", "message": "[Recv ListRecommendations] product_ids=['6E92ZMYYFZ', 'LS4PSXUNUM', 'OLJCESPC7Z', '9SIQT8TOJO', '1YMWWN1N4O']"}
2026-08-21T07:38:38.566821546Z {"timestamp": 1787297918.5656052, "severity": "INFO", "name": "recommendationservice-server", "message": "[Recv ListRecommendations] product_ids=['0PUK6V6EV0', '66VCHSJNUP', '1YMWWN1N4O', '9SIQT8TOJO', 'LS4PSXUNUM']"}
2026-08-21T07:38:39.680998174Z {"timestamp": 1787297919.6804373, "severity": "INFO", "name": "recommendationservice-server", "message": "[Recv ListRecommendations] product_ids=['6E92ZMYYFZ', '0PUK6V6EV0', '2ZYFJ3GM2N', '1YMWWN1N4O', 'L9ECAV7KIM']"}
2026-08-21T07:38:39.952282576Z {"timestamp": 1787297919.9518402, "severity": "INFO", "name": "recommendationservice-server", "message": "[Recv ListRecommendations] product_ids=['6E92ZMYYFZ', '2ZYFJ3GM2N', '0PUK6V6EV0', '9SIQT8TOJO', '1YMWWN1N4O']"}
2026-08-21T07:38:39.970587413Z {"timestamp": 1787297919.9700985, "severity": "INFO", "name": "recommendationservice-server", "message": "[Recv ListRecommendations] product_ids=['2ZYFJ3GM2N', 'L9ECAV7KIM', '9SIQT8TOJO', '1YMWWN1N4O']"}
2026-08-21T07:38:40.236776670Z {"timestamp": 1787297920.2362955, "severity": "INFO", "name": "recommendationservice-server", "message": "[Recv ListRecommendations] product_ids=['6E92ZMYYFZ', '9SIQT8TOJO', '66VCHSJNUP', 'L9ECAV7KIM', 'OLJCESPC7Z']"}
2026-08-21T07:38:40.282036678Z {"timestamp": 1787297920.2816534, "severity": "INFO", "name": "recommendationservice-server", "message": "[Recv ListRecommendations] product_ids=['6E92ZMYYFZ', 'L9ECAV7KIM', '0PUK6V6EV0', 'OLJCESPC7Z', '2ZYFJ3GM2N']"}
2026-08-21T07:38:40.336313082Z {"timestamp": 1787297920.3359528, "severity": "INFO", "name": "recommendationservice-server", "message": "[Recv ListRecommendations] product_ids=['LS4PSXUNUM', 'OLJCESPC7Z', '2ZYFJ3GM2N', '66VCHSJNUP', '6E92ZMYYFZ']"}
2026-08-21T07:38:40.379577659Z {"timestamp": 1787297920.3791797, "severity": "INFO", "name": "recommendationservice-server", "message": "[Recv ListRecommendations] product_ids=['66VCHSJNUP', '0PUK6V6EV0', '1YMWWN1N4O', 'LS4PSXUNUM', '6E92ZMYYFZ']"}
2026-08-21T07:38:40.744026416Z {"timestamp": 1787297920.7436697, "severity": "INFO", "name": "recommendationservice-server", "message": "[Recv ListRecommendations] product_ids=['9SIQT8TOJO', '1YMWWN1N4O', '2ZYFJ3GM2N', 'LS4PSXUNUM', '6E92ZMYYFZ']"}
2026-08-21T07:38:41.376428223Z {"timestamp": 1787297921.3754725, "severity": "INFO", "name": "recommendationservice-server", "message": "[Recv ListRecommendations] product_ids=['2ZYFJ3GM2N', '9SIQT8TOJO', '0PUK6V6EV0', 'L9ECAV7KIM', '6E92ZMYYFZ']"}
2026-08-21T07:38:41.550294665Z {"timestamp": 1787297921.549265, "severity": "INFO", "name": "recommendationservice-server", "message": "[Recv ListRecommendations] product_ids=['OLJCESPC7Z', '2ZYFJ3GM2N', 'L9ECAV7KIM', '66VCHSJNUP', '0PUK6V6EV0']"}
2026-08-21T07:38:41.590912503Z {"timestamp": 1787297921.589788, "severity": "INFO", "name": "recommendationservice-server", "message": "[Recv ListRecommendations] product_ids=['0PUK6V6EV0', 'L9ECAV7KIM', 'OLJCESPC7Z', '6E92ZMYYFZ', '1YMWWN1N4O']"}
2026-08-21T07:38:41.651845811Z {"timestamp": 1787297921.6507018, "severity": "INFO", "name": "recommendationservice-server", "message": "[Recv ListRecommendations] product_ids=['1YMWWN1N4O', 'L9ECAV7KIM', '0PUK6V6EV0', '2ZYFJ3GM2N', '66VCHSJNUP']"}
2026-08-21T07:38:41.657172495Z {"timestamp": 1787297921.6541886, "severity": "INFO", "name": "recommendationservice-server", "message": "[Recv ListRecommendations] product_ids=['6E92ZMYYFZ', 'L9ECAV7KIM', '1YMWWN1N4O', '9SIQT8TOJO', 'LS4PSXUNUM']"}
2026-08-21T07:38:41.663834100Z {"timestamp": 1787297921.662342, "severity": "INFO", "name": "recommendationservice-server", "message": "[Recv ListRecommendations] product_ids=['66VCHSJNUP', '6E92ZMYYFZ', '1YMWWN1N4O', 'OLJCESPC7Z', '2ZYFJ3GM2N']"}
2026-08-21T07:38:41.986754668Z {"timestamp": 1787297921.985961, "severity": "INFO", "name": "recommendationservice-server", "message": "[Recv ListRecommendations] product_ids=['L9ECAV7KIM', 'OLJCESPC7Z', 'LS4PSXUNUM', '6E92ZMYYFZ', '66VCHSJNUP']"}
2026-08-21T07:38:42.139600123Z {"timestamp": 1787297922.1384392, "severity": "INFO", "name": "recommendationservice-server", "message": "[Recv ListRecommendations] product_ids=['9SIQT8TOJO', '0PUK6V6EV0', '66VCHSJNUP', '6E92ZMYYFZ', '1YMWWN1N4O']"}
2026-08-21T07:38:42.145178648Z {"timestamp": 1787297922.1420553, "severity": "INFO", "name": "recommendationservice-server", "message": "[Recv ListRecommendations] product_ids=['LS4PSXUNUM', 'OLJCESPC7Z', 'L9ECAV7KIM', '66VCHSJNUP']"}
2026-08-21T07:38:42.441712639Z {"timestamp": 1787297922.4411564, "severity": "INFO", "name": "recommendationservice-server", "message": "[Recv ListRecommendations] product_ids=['L9ECAV7KIM', '0PUK6V6EV0', '6E92ZMYYFZ', '2ZYFJ3GM2N', '1YMWWN1N4O']"}
2026-08-21T07:38:43.196701282Z {"timestamp": 1787297923.1962059, "severity": "INFO", "name": "recommendationservice-server", "message": "[Recv ListRecommendations] product_ids=['66VCHSJNUP', 'OLJCESPC7Z', '1YMWWN1N4O', '2ZYFJ3GM2N', 'L9ECAV7KIM']"}
2026-08-21T07:38:43.505885272Z {"timestamp": 1787297923.504996, "severity": "INFO", "name": "recommendationservice-server", "message": "[Recv ListRecommendations] product_ids=['66VCHSJNUP', 'LS4PSXUNUM', '6E92ZMYYFZ', '1YMWWN1N4O', '2ZYFJ3GM2N']"}
2026-08-21T07:38:45.657243953Z {"timestamp": 1787297925.656215, "severity": "INFO", "name": "recommendationservice-server", "message": "[Recv ListRecommendations] product_ids=['OLJCESPC7Z', 'L9ECAV7KIM', '2ZYFJ3GM2N', '0PUK6V6EV0', '66VCHSJNUP']"}
2026-08-21T07:38:45.852061519Z {"timestamp": 1787297925.8508627, "severity": "INFO", "name": "recommendationservice-server", "message": "[Recv ListRecommendations] product_ids=['OLJCESPC7Z', '1YMWWN1N4O', '2ZYFJ3GM2N', '66VCHSJNUP', 'LS4PSXUNUM']"}
2026-08-21T07:38:45.857619070Z {"timestamp": 1787297925.8567348, "severity": "INFO", "name": "recommendationservice-server", "message": "[Recv ListRecommendations] product_ids=['OLJCESPC7Z', 'LS4PSXUNUM', 'L9ECAV7KIM', '66VCHSJNUP', '2ZYFJ3GM2N']"}
2026-08-21T07:38:46.707712163Z {"timestamp": 1787297926.7041376, "severity": "INFO", "name": "recommendationservice-server", "message": "[Recv ListRecommendations] product_ids=['OLJCESPC7Z', '2ZYFJ3GM2N', 'LS4PSXUNUM', '1YMWWN1N4O', '0PUK6V6EV0']"}
2026-08-21T07:38:47.986638200Z {"timestamp": 1787297927.9850576, "severity": "INFO", "name": "recommendationservice-server", "message": "[Recv ListRecommendations] product_ids=['1YMWWN1N4O', '66VCHSJNUP', 'L9ECAV7KIM', 'LS4PSXUNUM', '2ZYFJ3GM2N']"}
2026-08-21T07:38:48.582042672Z {"timestamp": 1787297928.5793355, "severity": "INFO", "name": "recommendationservice-server", "message": "[Recv ListRecommendations] product_ids=['0PUK6V6EV0', '9SIQT8TOJO', 'OLJCESPC7Z', '1YMWWN1N4O', '6E92ZMYYFZ']"}
2026-08-21T07:38:48.599278624Z {"timestamp": 1787297928.5983045, "severity": "INFO", "name": "recommendationservice-server", "message": "[Recv ListRecommendations] product_ids=['66VCHSJNUP', 'LS4PSXUNUM', '0PUK6V6EV0', '1YMWWN1N4O', '9SIQT8TOJO']"}
2026-08-21T07:38:48.808786906Z {"timestamp": 1787297928.807185, "severity": "INFO", "name": "recommendationservice-server", "message": "[Recv ListRecommendations] product_ids=['0PUK6V6EV0', '66VCHSJNUP', '2ZYFJ3GM2N', 'LS4PSXUNUM', 'L9ECAV7KIM']"}
2026-08-21T07:38:48.884453065Z {"timestamp": 1787297928.8840249, "severity": "INFO", "name": "recommendationservice-server", "message": "[Recv ListRecommendations] product_ids=['LS4PSXUNUM', '6E92ZMYYFZ', '2ZYFJ3GM2N', '9SIQT8TOJO', '66VCHSJNUP']"}
2026-08-21T07:38:49.081511014Z {"timestamp": 1787297929.0801756, "severity": "INFO", "name": "recommendationservice-server", "message": "[Recv ListRecommendations] product_ids=['66VCHSJNUP', 'L9ECAV7KIM', '2ZYFJ3GM2N', '1YMWWN1N4O', 'LS4PSXUNUM']"}
2026-08-21T07:38:49.252347073Z {"timestamp": 1787297929.25074, "severity": "INFO", "name": "recommendationservice-server", "message": "[Recv ListRecommendations] product_ids=['2ZYFJ3GM2N', 'LS4PSXUNUM', '0PUK6V6EV0', '6E92ZMYYFZ', '9SIQT8TOJO']"}
2026-08-21T07:38:49.293096052Z {"timestamp": 1787297929.2919059, "severity": "INFO", "name": "recommendationservice-server", "message": "[Recv ListRecommendations] product_ids=['OLJCESPC7Z', '9SIQT8TOJO', 'L9ECAV7KIM', '66VCHSJNUP', 'LS4PSXUNUM']"}
2026-08-21T07:38:49.296316903Z {"timestamp": 1787297929.295086, "severity": "INFO", "name": "recommendationservice-server", "message": "[Recv ListRecommendations] product_ids=['LS4PSXUNUM', 'OLJCESPC7Z', '66VCHSJNUP', '0PUK6V6EV0', '9SIQT8TOJO']"}
2026-08-21T07:38:49.986874473Z {"timestamp": 1787297929.9861753, "severity": "INFO", "name": "recommendationservice-server", "message": "[Recv ListRecommendations] product_ids=['OLJCESPC7Z', '0PUK6V6EV0', '66VCHSJNUP', '2ZYFJ3GM2N', '6E92ZMYYFZ']"}
2026-08-21T07:38:50.002971130Z {"timestamp": 1787297930.0017126, "severity": "INFO", "name": "recommendationservice-server", "message": "[Recv ListRecommendations] product_ids=['LS4PSXUNUM', '66VCHSJNUP', '9SIQT8TOJO', '0PUK6V6EV0', 'OLJCESPC7Z']"}
2026-08-21T07:38:50.491164441Z {"timestamp": 1787297930.4900281, "severity": "INFO", "name": "recommendationservice-server", "message": "[Recv ListRecommendations] product_ids=['0PUK6V6EV0', '9SIQT8TOJO', 'L9ECAV7KIM', '6E92ZMYYFZ', 'LS4PSXUNUM']"}
2026-08-21T07:38:50.899466369Z {"timestamp": 1787297930.8988426, "severity": "INFO", "name": "recommendationservice-server", "message": "[Recv ListRecommendations] product_ids=['L9ECAV7KIM', '6E92ZMYYFZ', '66VCHSJNUP', '9SIQT8TOJO', '0PUK6V6EV0']"}
2026-08-21T07:38:50.980969428Z {"timestamp": 1787297930.980445, "severity": "INFO", "name": "recommendationservice-server", "message": "[Recv ListRecommendations] product_ids=['L9ECAV7KIM', '2ZYFJ3GM2N', '1YMWWN1N4O', '9SIQT8TOJO']"}
2026-08-21T07:38:51.082688349Z {"timestamp": 1787297931.081997, "severity": "INFO", "name": "recommendationservice-server", "message": "[Recv ListRecommendations] product_ids=['1YMWWN1N4O', '6E92ZMYYFZ', '0PUK6V6EV0', 'OLJCESPC7Z', 'LS4PSXUNUM']"}
2026-08-21T07:38:52.155614105Z {"timestamp": 1787297932.1539767, "severity": "INFO", "name": "recommendationservice-server", "message": "[Recv ListRecommendations] product_ids=['LS4PSXUNUM', 'L9ECAV7KIM', '66VCHSJNUP', '6E92ZMYYFZ', '2ZYFJ3GM2N']"}
2026-08-21T07:38:52.766723067Z {"timestamp": 1787297932.7653954, "severity": "INFO", "name": "recommendationservice-server", "message": "[Recv ListRecommendations] product_ids=['6E92ZMYYFZ', '1YMWWN1N4O', '9SIQT8TOJO', 'OLJCESPC7Z', '66VCHSJNUP']"}
2026-08-21T07:38:52.938387767Z {"timestamp": 1787297932.9376848, "severity": "INFO", "name": "recommendationservice-server", "message": "[Recv ListRecommendations] product_ids=['9SIQT8TOJO', '0PUK6V6EV0', 'OLJCESPC7Z', '66VCHSJNUP', '1YMWWN1N4O']"}
2026-08-21T07:38:53.089965028Z {"timestamp": 1787297933.0881107, "severity": "INFO", "name": "recommendationservice-server", "message": "[Recv ListRecommendations] product_ids=['L9ECAV7KIM', 'OLJCESPC7Z', '6E92ZMYYFZ', '9SIQT8TOJO', 'LS4PSXUNUM']"}
2026-08-21T07:38:53.318946544Z {"timestamp": 1787297933.3184137, "severity": "INFO", "name": "recommendationservice-server", "message": "[Recv ListRecommendations] product_ids=['LS4PSXUNUM', '1YMWWN1N4O', 'L9ECAV7KIM', '9SIQT8TOJO', '6E92ZMYYFZ']"}
2026-08-21T07:38:53.510700685Z {"timestamp": 1787297933.5092695, "severity": "INFO", "name": "recommendationservice-server", "message": "[Recv ListRecommendations] product_ids=['OLJCESPC7Z', '2ZYFJ3GM2N', '0PUK6V6EV0', 'L9ECAV7KIM', 'LS4PSXUNUM']"}
2026-08-21T07:38:53.799180566Z {"timestamp": 1787297933.798048, "severity": "INFO", "name": "recommendationservice-server", "message": "[Recv ListRecommendations] product_ids=['66VCHSJNUP', '2ZYFJ3GM2N', 'L9ECAV7KIM', '6E92ZMYYFZ', 'OLJCESPC7Z']"}
2026-08-21T07:38:55.383575021Z {"timestamp": 1787297935.3830585, "severity": "INFO", "name": "recommendationservice-server", "message": "[Recv ListRecommendations] product_ids=['0PUK6V6EV0', 'LS4PSXUNUM', '2ZYFJ3GM2N', 'OLJCESPC7Z', '66VCHSJNUP']"}
2026-08-21T07:38:56.211270804Z {"timestamp": 1787297936.2099643, "severity": "INFO", "name": "recommendationservice-server", "message": "[Recv ListRecommendations] product_ids=['OLJCESPC7Z', '66VCHSJNUP', '2ZYFJ3GM2N', '0PUK6V6EV0', '6E92ZMYYFZ']"}
2026-08-21T07:38:56.748761512Z {"timestamp": 1787297936.7471073, "severity": "INFO", "name": "recommendationservice-server", "message": "[Recv ListRecommendations] product_ids=['1YMWWN1N4O', '2ZYFJ3GM2N', 'LS4PSXUNUM', 'L9ECAV7KIM', 'OLJCESPC7Z']"}
2026-08-21T07:38:56.948851896Z {"timestamp": 1787297936.947317, "severity": "INFO", "name": "recommendationservice-server", "message": "[Recv ListRecommendations] product_ids=['OLJCESPC7Z', 'L9ECAV7KIM', '6E92ZMYYFZ', '2ZYFJ3GM2N', '0PUK6V6EV0']"}
2026-08-21T07:38:57.288211047Z {"timestamp": 1787297937.2871728, "severity": "INFO", "name": "recommendationservice-server", "message": "[Recv ListRecommendations] product_ids=['66VCHSJNUP', '0PUK6V6EV0', '2ZYFJ3GM2N', '1YMWWN1N4O', 'OLJCESPC7Z']"}
2026-08-21T07:38:57.402347233Z {"timestamp": 1787297937.4009206, "severity": "INFO", "name": "recommendationservice-server", "message": "[Recv ListRecommendations] product_ids=['LS4PSXUNUM', '6E92ZMYYFZ', '0PUK6V6EV0', '66VCHSJNUP', 'OLJCESPC7Z']"}
2026-08-21T07:38:57.852532118Z {"timestamp": 1787297937.8522248, "severity": "INFO", "name": "recommendationservice-server", "message": "[Recv ListRecommendations] product_ids=['1YMWWN1N4O', 'L9ECAV7KIM', '2ZYFJ3GM2N', 'LS4PSXUNUM', '6E92ZMYYFZ']"}
2026-08-21T07:38:57.871987955Z {"timestamp": 1787297937.8714788, "severity": "INFO", "name": "recommendationservice-server", "message": "[Recv ListRecommendations] product_ids=['LS4PSXUNUM', '6E92ZMYYFZ', '2ZYFJ3GM2N', '1YMWWN1N4O', '0PUK6V6EV0']"}
2026-08-21T07:38:58.205745573Z {"timestamp": 1787297938.205225, "severity": "INFO", "name": "recommendationservice-server", "message": "[Recv ListRecommendations] product_ids=['9SIQT8TOJO', '0PUK6V6EV0', '1YMWWN1N4O', 'L9ECAV7KIM', '66VCHSJNUP']"}
2026-08-21T07:38:58.338022577Z {"timestamp": 1787297938.3376338, "severity": "INFO", "name": "recommendationservice-server", "message": "[Recv ListRecommendations] product_ids=['6E92ZMYYFZ', '9SIQT8TOJO', 'L9ECAV7KIM', '2ZYFJ3GM2N', '66VCHSJNUP']"}
2026-08-21T07:38:58.424127200Z {"timestamp": 1787297938.422943, "severity": "INFO", "name": "recommendationservice-server", "message": "[Recv ListRecommendations] product_ids=['LS4PSXUNUM', '6E92ZMYYFZ', 'OLJCESPC7Z', '1YMWWN1N4O', '0PUK6V6EV0']"}
2026-08-21T07:38:59.373390304Z {"timestamp": 1787297939.3724134, "severity": "INFO", "name": "recommendationservice-server", "message": "[Recv ListRecommendations] product_ids=['0PUK6V6EV0', 'OLJCESPC7Z', '9SIQT8TOJO', '2ZYFJ3GM2N', 'LS4PSXUNUM']"}
2026-08-21T07:38:59.436634225Z {"timestamp": 1787297939.435895, "severity": "INFO", "name": "recommendationservice-server", "message": "[Recv ListRecommendations] product_ids=['66VCHSJNUP', '0PUK6V6EV0', 'L9ECAV7KIM', '2ZYFJ3GM2N', 'OLJCESPC7Z']"}
2026-08-21T07:38:59.549246557Z {"timestamp": 1787297939.5485258, "severity": "INFO", "name": "recommendationservice-server", "message": "[Recv ListRecommendations] product_ids=['9SIQT8TOJO', '66VCHSJNUP', '2ZYFJ3GM2N', '0PUK6V6EV0', 'OLJCESPC7Z']"}
2026-08-21T07:38:59.991555333Z {"timestamp": 1787297939.990292, "severity": "INFO", "name": "recommendationservice-server", "message": "[Recv ListRecommendations] product_ids=['6E92ZMYYFZ', '1YMWWN1N4O', '2ZYFJ3GM2N', '9SIQT8TOJO', '0PUK6V6EV0']"}
2026-08-21T07:39:00.097758399Z {"timestamp": 1787297940.097145, "severity": "INFO", "name": "recommendationservice-server", "message": "[Recv ListRecommendations] product_ids=['0PUK6V6EV0', '9SIQT8TOJO', 'LS4PSXUNUM', 'L9ECAV7KIM', '1YMWWN1N4O']"}
2026-08-21T07:39:00.183808413Z {"timestamp": 1787297940.183199, "severity": "INFO", "name": "recommendationservice-server", "message": "[Recv ListRecommendations] product_ids=['9SIQT8TOJO', '1YMWWN1N4O', 'LS4PSXUNUM', '0PUK6V6EV0', '6E92ZMYYFZ']"}
2026-08-21T07:39:01.283646274Z {"timestamp": 1787297941.2824023, "severity": "INFO", "name": "recommendationservice-server", "message": "[Recv ListRecommendations] product_ids=['1YMWWN1N4O', '6E92ZMYYFZ', 'OLJCESPC7Z', '0PUK6V6EV0', 'L9ECAV7KIM']"}
2026-08-21T07:39:01.687174299Z {"timestamp": 1787297941.685635, "severity": "INFO", "name": "recommendationservice-server", "message": "[Recv ListRecommendations] product_ids=['6E92ZMYYFZ', 'L9ECAV7KIM', '0PUK6V6EV0', '2ZYFJ3GM2N', '1YMWWN1N4O']"}
2026-08-21T07:39:02.146960488Z {"timestamp": 1787297942.145728, "severity": "INFO", "name": "recommendationservice-server", "message": "[Recv ListRecommendations] product_ids=['L9ECAV7KIM', '9SIQT8TOJO', 'LS4PSXUNUM', '1YMWWN1N4O', '2ZYFJ3GM2N']"}
2026-08-21T07:39:02.161275070Z {"timestamp": 1787297942.1602187, "severity": "INFO", "name": "recommendationservice-server", "message": "[Recv ListRecommendations] product_ids=['2ZYFJ3GM2N', 'LS4PSXUNUM', 'OLJCESPC7Z', '66VCHSJNUP', '1YMWWN1N4O']"}
2026-08-21T07:39:02.429616439Z {"timestamp": 1787297942.4287317, "severity": "INFO", "name": "recommendationservice-server", "message": "[Recv ListRecommendations] product_ids=['L9ECAV7KIM', '6E92ZMYYFZ', '9SIQT8TOJO', '66VCHSJNUP', 'OLJCESPC7Z']"}
2026-08-21T07:39:02.447436779Z {"timestamp": 1787297942.4470155, "severity": "INFO", "name": "recommendationservice-server", "message": "[Recv ListRecommendations] product_ids=['6E92ZMYYFZ', 'OLJCESPC7Z', '2ZYFJ3GM2N', 'LS4PSXUNUM', '66VCHSJNUP']"}
2026-08-21T07:39:03.209359918Z {"timestamp": 1787297943.2080696, "severity": "INFO", "name": "recommendationservice-server", "message": "[Recv ListRecommendations] product_ids=['OLJCESPC7Z', '66VCHSJNUP', 'L9ECAV7KIM', '2ZYFJ3GM2N', 'LS4PSXUNUM']"}
2026-08-21T07:39:03.886358220Z {"timestamp": 1787297943.8849635, "severity": "INFO", "name": "recommendationservice-server", "message": "[Recv ListRecommendations] product_ids=['66VCHSJNUP', '2ZYFJ3GM2N', 'L9ECAV7KIM', '0PUK6V6EV0', 'OLJCESPC7Z']"}
2026-08-21T07:39:04.040454981Z {"timestamp": 1787297944.039136, "severity": "INFO", "name": "recommendationservice-server", "message": "[Recv ListRecommendations] product_ids=['66VCHSJNUP', '2ZYFJ3GM2N', 'LS4PSXUNUM', '9SIQT8TOJO', 'L9ECAV7KIM']"}
2026-08-21T07:39:04.327756172Z {"timestamp": 1787297944.3272636, "severity": "INFO", "name": "recommendationservice-server", "message": "[Recv ListRecommendations] product_ids=['LS4PSXUNUM', 'L9ECAV7KIM', '1YMWWN1N4O', '6E92ZMYYFZ', '0PUK6V6EV0']"}
2026-08-21T07:39:04.329009472Z {"timestamp": 1787297944.3285642, "severity": "INFO", "name": "recommendationservice-server", "message": "[Recv ListRecommendations] product_ids=['2ZYFJ3GM2N', '1YMWWN1N4O', '66VCHSJNUP', 'OLJCESPC7Z', 'L9ECAV7KIM']"}
2026-08-21T07:39:04.348756819Z {"timestamp": 1787297944.3482788, "severity": "INFO", "name": "recommendationservice-server", "message": "[Recv ListRecommendations] product_ids=['6E92ZMYYFZ', 'LS4PSXUNUM', '1YMWWN1N4O', '66VCHSJNUP', '0PUK6V6EV0']"}
2026-08-21T07:39:05.078899792Z {"timestamp": 1787297945.077431, "severity": "INFO", "name": "recommendationservice-server", "message": "[Recv ListRecommendations] product_ids=['1YMWWN1N4O', '6E92ZMYYFZ', 'L9ECAV7KIM', '66VCHSJNUP', 'OLJCESPC7Z']"}
2026-08-21T07:39:05.336663876Z {"timestamp": 1787297945.334924, "severity": "INFO", "name": "recommendationservice-server", "message": "[Recv ListRecommendations] product_ids=['66VCHSJNUP', 'OLJCESPC7Z', '9SIQT8TOJO', '2ZYFJ3GM2N', 'L9ECAV7KIM']"}
2026-08-21T07:39:05.695323440Z {"timestamp": 1787297945.6939378, "severity": "INFO", "name": "recommendationservice-server", "message": "[Recv ListRecommendations] product_ids=['L9ECAV7KIM', 'LS4PSXUNUM', '0PUK6V6EV0', '1YMWWN1N4O', 'OLJCESPC7Z']"}
2026-08-21T07:39:06.383243884Z {"timestamp": 1787297946.3818626, "severity": "INFO", "name": "recommendationservice-server", "message": "[Recv ListRecommendations] product_ids=['1YMWWN1N4O', '2ZYFJ3GM2N', '9SIQT8TOJO', 'L9ECAV7KIM', '66VCHSJNUP']"}
2026-08-21T07:39:06.549444373Z {"timestamp": 1787297946.5484333, "severity": "INFO", "name": "recommendationservice-server", "message": "[Recv ListRecommendations] product_ids=['9SIQT8TOJO', '0PUK6V6EV0', '66VCHSJNUP', '2ZYFJ3GM2N', 'OLJCESPC7Z']"}
2026-08-21T07:39:06.579123404Z {"timestamp": 1787297946.5784664, "severity": "INFO", "name": "recommendationservice-server", "message": "[Recv ListRecommendations] product_ids=['6E92ZMYYFZ', '66VCHSJNUP', 'L9ECAV7KIM', '1YMWWN1N4O', '9SIQT8TOJO']"}
2026-08-21T07:39:06.643980241Z {"timestamp": 1787297946.643591, "severity": "INFO", "name": "recommendationservice-server", "message": "[Recv ListRecommendations] product_ids=['9SIQT8TOJO', 'L9ECAV7KIM', '2ZYFJ3GM2N']"}
2026-08-21T07:39:06.845896423Z {"timestamp": 1787297946.845351, "severity": "INFO", "name": "recommendationservice-server", "message": "[Recv ListRecommendations] product_ids=['66VCHSJNUP', 'L9ECAV7KIM', '2ZYFJ3GM2N', '0PUK6V6EV0', 'LS4PSXUNUM']"}
2026-08-21T07:39:07.112607033Z {"timestamp": 1787297947.1117601, "severity": "INFO", "name": "recommendationservice-server", "message": "[Recv ListRecommendations] product_ids=['66VCHSJNUP', '6E92ZMYYFZ', '2ZYFJ3GM2N', 'LS4PSXUNUM', '9SIQT8TOJO']"}
2026-08-21T07:39:07.235422507Z {"timestamp": 1787297947.234892, "severity": "INFO", "name": "recommendationservice-server", "message": "[Recv ListRecommendations] product_ids=['OLJCESPC7Z', '6E92ZMYYFZ', '2ZYFJ3GM2N', '1YMWWN1N4O', 'L9ECAV7KIM']"}
2026-08-21T07:39:07.250980687Z {"timestamp": 1787297947.2494996, "severity": "INFO", "name": "recommendationservice-server", "message": "[Recv ListRecommendations] product_ids=['9SIQT8TOJO', '1YMWWN1N4O', '6E92ZMYYFZ', 'LS4PSXUNUM', 'OLJCESPC7Z']"}
2026-08-21T07:39:07.333549047Z {"timestamp": 1787297947.3330612, "severity": "INFO", "name": "recommendationservice-server", "message": "[Recv ListRecommendations] product_ids=['9SIQT8TOJO', '1YMWWN1N4O', 'LS4PSXUNUM', '6E92ZMYYFZ', '66VCHSJNUP']"}
2026-08-21T07:39:07.689786926Z {"timestamp": 1787297947.689181, "severity": "INFO", "name": "recommendationservice-server", "message": "[Recv ListRecommendations] product_ids=['LS4PSXUNUM', '9SIQT8TOJO', '66VCHSJNUP', '0PUK6V6EV0', '6E92ZMYYFZ']"}
2026-08-21T07:39:07.920148042Z {"timestamp": 1787297947.9192653, "severity": "INFO", "name": "recommendationservice-server", "message": "[Recv ListRecommendations] product_ids=['OLJCESPC7Z', '9SIQT8TOJO', 'L9ECAV7KIM', '1YMWWN1N4O', '66VCHSJNUP']"}
2026-08-21T07:39:08.937792738Z {"timestamp": 1787297948.9372666, "severity": "INFO", "name": "recommendationservice-server", "message": "[Recv ListRecommendations] product_ids=['6E92ZMYYFZ', 'LS4PSXUNUM', 'OLJCESPC7Z', '9SIQT8TOJO', '0PUK6V6EV0']"}
2026-08-21T07:39:09.753940974Z {"timestamp": 1787297949.7532759, "severity": "INFO", "name": "recommendationservice-server", "message": "[Recv ListRecommendations] product_ids=['L9ECAV7KIM', 'OLJCESPC7Z', '66VCHSJNUP', '2ZYFJ3GM2N', '1YMWWN1N4O']"}
2026-08-21T07:39:09.779659599Z {"timestamp": 1787297949.7791066, "severity": "INFO", "name": "recommendationservice-server", "message": "[Recv ListRecommendations] product_ids=['2ZYFJ3GM2N', '66VCHSJNUP', '1YMWWN1N4O', '9SIQT8TOJO', 'L9ECAV7KIM']"}
2026-08-21T07:39:09.781636270Z {"timestamp": 1787297949.7811172, "severity": "INFO", "name": "recommendationservice-server", "message": "[Recv ListRecommendations] product_ids=['0PUK6V6EV0', '9SIQT8TOJO', '1YMWWN1N4O', '6E92ZMYYFZ', '66VCHSJNUP']"}
2026-08-21T07:39:09.865034416Z {"timestamp": 1787297949.864495, "severity": "INFO", "name": "recommendationservice-server", "message": "[Recv ListRecommendations] product_ids=['2ZYFJ3GM2N', '0PUK6V6EV0', 'LS4PSXUNUM', '9SIQT8TOJO', '1YMWWN1N4O']"}
2026-08-21T07:39:10.649320359Z {"timestamp": 1787297950.6488798, "severity": "INFO", "name": "recommendationservice-server", "message": "[Recv ListRecommendations] product_ids=['6E92ZMYYFZ', '1YMWWN1N4O', '9SIQT8TOJO', 'LS4PSXUNUM', '66VCHSJNUP']"}
2026-08-21T07:39:10.742793196Z {"timestamp": 1787297950.7422545, "severity": "INFO", "name": "recommendationservice-server", "message": "[Recv ListRecommendations] product_ids=['9SIQT8TOJO', '6E92ZMYYFZ', '66VCHSJNUP', '2ZYFJ3GM2N', '0PUK6V6EV0']"}
2026-08-21T07:39:11.376989480Z {"timestamp": 1787297951.3763466, "severity": "INFO", "name": "recommendationservice-server", "message": "[Recv ListRecommendations] product_ids=['66VCHSJNUP', '6E92ZMYYFZ', '2ZYFJ3GM2N', '1YMWWN1N4O', '9SIQT8TOJO']"}
2026-08-21T07:39:11.463182051Z {"timestamp": 1787297951.4624252, "severity": "INFO", "name": "recommendationservice-server", "message": "[Recv ListRecommendations] product_ids=['LS4PSXUNUM', '0PUK6V6EV0', '66VCHSJNUP', '2ZYFJ3GM2N', '9SIQT8TOJO']"}
2026-08-21T07:39:12.547496384Z {"timestamp": 1787297952.5471256, "severity": "INFO", "name": "recommendationservice-server", "message": "[Recv ListRecommendations] product_ids=['2ZYFJ3GM2N', '66VCHSJNUP', 'OLJCESPC7Z', 'L9ECAV7KIM', '0PUK6V6EV0']"}
2026-08-21T07:39:12.596824138Z {"timestamp": 1787297952.5964293, "severity": "INFO", "name": "recommendationservice-server", "message": "[Recv ListRecommendations] product_ids=['6E92ZMYYFZ', '9SIQT8TOJO', 'OLJCESPC7Z', '0PUK6V6EV0', '2ZYFJ3GM2N']"}
2026-08-21T07:39:12.640235083Z {"timestamp": 1787297952.6394296, "severity": "INFO", "name": "recommendationservice-server", "message": "[Recv ListRecommendations] product_ids=['1YMWWN1N4O', 'LS4PSXUNUM', 'OLJCESPC7Z', '2ZYFJ3GM2N', 'L9ECAV7KIM']"}
2026-08-21T07:39:12.759985950Z {"timestamp": 1787297952.7588103, "severity": "INFO", "name": "recommendationservice-server", "message": "[Recv ListRecommendations] product_ids=['OLJCESPC7Z', 'LS4PSXUNUM', 'L9ECAV7KIM', '0PUK6V6EV0', '1YMWWN1N4O']"}
2026-08-21T07:39:13.302053549Z {"timestamp": 1787297953.3007672, "severity": "INFO", "name": "recommendationservice-server", "message": "[Recv ListRecommendations] product_ids=['0PUK6V6EV0', '9SIQT8TOJO', '1YMWWN1N4O', 'LS4PSXUNUM', '6E92ZMYYFZ']"}
2026-08-21T07:39:13.402757843Z {"timestamp": 1787297953.4014556, "severity": "INFO", "name": "recommendationservice-server", "message": "[Recv ListRecommendations] product_ids=['0PUK6V6EV0', 'LS4PSXUNUM', '1YMWWN1N4O', 'OLJCESPC7Z', '66VCHSJNUP']"}
2026-08-21T07:39:14.975229860Z {"timestamp": 1787297954.9746695, "severity": "INFO", "name": "recommendationservice-server", "message": "[Recv ListRecommendations] product_ids=['1YMWWN1N4O', 'L9ECAV7KIM', '0PUK6V6EV0', '66VCHSJNUP', 'LS4PSXUNUM']"}
2026-08-21T07:39:15.085300811Z {"timestamp": 1787297955.0830853, "severity": "INFO", "name": "recommendationservice-server", "message": "[Recv ListRecommendations] product_ids=['1YMWWN1N4O', 'OLJCESPC7Z', '66VCHSJNUP', 'LS4PSXUNUM', '2ZYFJ3GM2N']"}
2026-08-21T07:39:15.185922289Z {"timestamp": 1787297955.1853154, "severity": "INFO", "name": "recommendationservice-server", "message": "[Recv ListRecommendations] product_ids=['1YMWWN1N4O', 'OLJCESPC7Z', '2ZYFJ3GM2N', '9SIQT8TOJO', 'LS4PSXUNUM']"}
2026-08-21T07:39:15.239373117Z {"timestamp": 1787297955.2388713, "severity": "INFO", "name": "recommendationservice-server", "message": "[Recv ListRecommendations] product_ids=['6E92ZMYYFZ', '2ZYFJ3GM2N', 'OLJCESPC7Z', '1YMWWN1N4O', '0PUK6V6EV0']"}
2026-08-21T07:39:15.329230576Z {"timestamp": 1787297955.3287196, "severity": "INFO", "name": "recommendationservice-server", "message": "[Recv ListRecommendations] product_ids=['66VCHSJNUP', '6E92ZMYYFZ', '1YMWWN1N4O', 'OLJCESPC7Z', 'LS4PSXUNUM']"}
2026-08-21T07:39:16.070844013Z {"timestamp": 1787297956.069495, "severity": "INFO", "name": "recommendationservice-server", "message": "[Recv ListRecommendations] product_ids=['LS4PSXUNUM', '66VCHSJNUP', '1YMWWN1N4O', '6E92ZMYYFZ', 'OLJCESPC7Z']"}
2026-08-21T07:39:16.787717308Z {"timestamp": 1787297956.7860503, "severity": "INFO", "name": "recommendationservice-server", "message": "[Recv ListRecommendations] product_ids=['LS4PSXUNUM', 'OLJCESPC7Z', '9SIQT8TOJO', '0PUK6V6EV0', '6E92ZMYYFZ']"}
2026-08-21T07:39:16.840222359Z {"timestamp": 1787297956.838644, "severity": "INFO", "name": "recommendationservice-server", "message": "[Recv ListRecommendations] product_ids=['66VCHSJNUP', '1YMWWN1N4O', 'L9ECAV7KIM', '9SIQT8TOJO', 'OLJCESPC7Z']"}
2026-08-21T07:39:16.993688551Z {"timestamp": 1787297956.9922385, "severity": "INFO", "name": "recommendationservice-server", "message": "[Recv ListRecommendations] product_ids=['LS4PSXUNUM', '0PUK6V6EV0', '9SIQT8TOJO', 'L9ECAV7KIM', '6E92ZMYYFZ']"}
2026-08-21T07:39:17.164976187Z {"timestamp": 1787297957.1641326, "severity": "INFO", "name": "recommendationservice-server", "message": "[Recv ListRecommendations] product_ids=['L9ECAV7KIM', '66VCHSJNUP', '2ZYFJ3GM2N', '1YMWWN1N4O', 'LS4PSXUNUM']"}
2026-08-21T07:39:17.474459051Z {"timestamp": 1787297957.4730406, "severity": "INFO", "name": "recommendationservice-server", "message": "[Recv ListRecommendations] product_ids=['1YMWWN1N4O', '2ZYFJ3GM2N', 'OLJCESPC7Z', '6E92ZMYYFZ', '66VCHSJNUP']"}
2026-08-21T07:39:17.778811892Z {"timestamp": 1787297957.7783208, "severity": "INFO", "name": "recommendationservice-server", "message": "[Recv ListRecommendations] product_ids=['66VCHSJNUP', '0PUK6V6EV0', 'LS4PSXUNUM', 'OLJCESPC7Z', 'L9ECAV7KIM']"}
2026-08-21T07:39:18.006349931Z {"timestamp": 1787297958.0048783, "severity": "INFO", "name": "recommendationservice-server", "message": "[Recv ListRecommendations] product_ids=['0PUK6V6EV0', 'L9ECAV7KIM', '2ZYFJ3GM2N', '66VCHSJNUP', 'OLJCESPC7Z']"}
2026-08-21T07:39:18.200038998Z {"timestamp": 1787297958.1991184, "severity": "INFO", "name": "recommendationservice-server", "message": "[Recv ListRecommendations] product_ids=['6E92ZMYYFZ', '0PUK6V6EV0', 'L9ECAV7KIM', 'LS4PSXUNUM', '9SIQT8TOJO']"}
2026-08-21T07:39:19.235002456Z {"timestamp": 1787297959.2336137, "severity": "INFO", "name": "recommendationservice-server", "message": "[Recv ListRecommendations] product_ids=['1YMWWN1N4O', '6E92ZMYYFZ', '0PUK6V6EV0', '66VCHSJNUP', '2ZYFJ3GM2N']"}
2026-08-21T07:39:19.586527240Z {"timestamp": 1787297959.5857623, "severity": "INFO", "name": "recommendationservice-server", "message": "[Recv ListRecommendations] product_ids=['LS4PSXUNUM', 'L9ECAV7KIM', '2ZYFJ3GM2N', '1YMWWN1N4O', 'OLJCESPC7Z']"}
2026-08-21T07:39:19.892721889Z {"timestamp": 1787297959.8920085, "severity": "INFO", "name": "recommendationservice-server", "message": "[Recv ListRecommendations] product_ids=['LS4PSXUNUM', '6E92ZMYYFZ', 'L9ECAV7KIM', '9SIQT8TOJO', '2ZYFJ3GM2N']"}
2026-08-21T07:39:20.287085038Z {"timestamp": 1787297960.2855484, "severity": "INFO", "name": "recommendationservice-server", "message": "[Recv ListRecommendations] product_ids=['2ZYFJ3GM2N', '9SIQT8TOJO', '0PUK6V6EV0', 'OLJCESPC7Z', '6E92ZMYYFZ']"}
2026-08-21T07:39:20.807185660Z {"timestamp": 1787297960.8033817, "severity": "INFO", "name": "recommendationservice-server", "message": "[Recv ListRecommendations] product_ids=['66VCHSJNUP', '6E92ZMYYFZ', '0PUK6V6EV0', '1YMWWN1N4O', '9SIQT8TOJO']"}
2026-08-21T07:39:22.301160839Z {"timestamp": 1787297962.3000984, "severity": "INFO", "name": "recommendationservice-server", "message": "[Recv ListRecommendations] product_ids=['9SIQT8TOJO', '0PUK6V6EV0', '1YMWWN1N4O', '2ZYFJ3GM2N', 'L9ECAV7KIM']"}
2026-08-21T07:39:22.467043170Z {"timestamp": 1787297962.466724, "severity": "INFO", "name": "recommendationservice-server", "message": "[Recv ListRecommendations] product_ids=['2ZYFJ3GM2N', '1YMWWN1N4O', 'LS4PSXUNUM', 'L9ECAV7KIM', '0PUK6V6EV0']"}
2026-08-21T07:39:22.470444010Z {"timestamp": 1787297962.4699397, "severity": "INFO", "name": "recommendationservice-server", "message": "[Recv ListRecommendations] product_ids=['L9ECAV7KIM', '9SIQT8TOJO', '6E92ZMYYFZ', 'OLJCESPC7Z', 'LS4PSXUNUM']"}
2026-08-21T07:39:22.473027897Z {"timestamp": 1787297962.4725509, "severity": "INFO", "name": "recommendationservice-server", "message": "[Recv ListRecommendations] product_ids=['9SIQT8TOJO', '2ZYFJ3GM2N', 'L9ECAV7KIM']"}
2026-08-21T07:39:22.475081584Z {"timestamp": 1787297962.4745502, "severity": "INFO", "name": "recommendationservice-server", "message": "[Recv ListRecommendations] product_ids=['9SIQT8TOJO', '66VCHSJNUP', '1YMWWN1N4O', 'OLJCESPC7Z', 'LS4PSXUNUM']"}
2026-08-21T07:39:23.166621884Z {"timestamp": 1787297963.1660151, "severity": "INFO", "name": "recommendationservice-server", "message": "[Recv ListRecommendations] product_ids=['9SIQT8TOJO', '1YMWWN1N4O', '66VCHSJNUP', 'OLJCESPC7Z', '2ZYFJ3GM2N']"}
2026-08-21T07:39:23.367955390Z {"timestamp": 1787297963.3667848, "severity": "INFO", "name": "recommendationservice-server", "message": "[Recv ListRecommendations] product_ids=['6E92ZMYYFZ', 'OLJCESPC7Z', 'L9ECAV7KIM', '2ZYFJ3GM2N', '1YMWWN1N4O']"}
2026-08-21T07:39:23.766020436Z {"timestamp": 1787297963.7649658, "severity": "INFO", "name": "recommendationservice-server", "message": "[Recv ListRecommendations] product_ids=['6E92ZMYYFZ', '1YMWWN1N4O', '2ZYFJ3GM2N', 'LS4PSXUNUM', 'OLJCESPC7Z']"}
2026-08-21T07:39:23.968625281Z {"timestamp": 1787297963.9675305, "severity": "INFO", "name": "recommendationservice-server", "message": "[Recv ListRecommendations] product_ids=['2ZYFJ3GM2N', '9SIQT8TOJO', '1YMWWN1N4O', 'LS4PSXUNUM', '66VCHSJNUP']"}
2026-08-21T07:39:24.089204483Z {"timestamp": 1787297964.0881734, "severity": "INFO", "name": "recommendationservice-server", "message": "[Recv ListRecommendations] product_ids=['9SIQT8TOJO', '1YMWWN1N4O', '66VCHSJNUP', '6E92ZMYYFZ', 'LS4PSXUNUM']"}
2026-08-21T07:39:24.661999126Z {"timestamp": 1787297964.660515, "severity": "INFO", "name": "recommendationservice-server", "message": "[Recv ListRecommendations] product_ids=['2ZYFJ3GM2N', '6E92ZMYYFZ', '1YMWWN1N4O', 'OLJCESPC7Z', '66VCHSJNUP']"}
2026-08-21T07:39:24.933765193Z {"timestamp": 1787297964.9331882, "severity": "INFO", "name": "recommendationservice-server", "message": "[Recv ListRecommendations] product_ids=['2ZYFJ3GM2N', 'L9ECAV7KIM', '9SIQT8TOJO', 'OLJCESPC7Z', '6E92ZMYYFZ']"}
2026-08-21T07:39:24.984052361Z {"timestamp": 1787297964.983308, "severity": "INFO", "name": "recommendationservice-server", "message": "[Recv ListRecommendations] product_ids=['6E92ZMYYFZ', 'OLJCESPC7Z', '0PUK6V6EV0', 'LS4PSXUNUM', '1YMWWN1N4O']"}
2026-08-21T07:39:25.041371653Z {"timestamp": 1787297965.0402873, "severity": "INFO", "name": "recommendationservice-server", "message": "[Recv ListRecommendations] product_ids=['OLJCESPC7Z', '2ZYFJ3GM2N', '9SIQT8TOJO', 'LS4PSXUNUM', '66VCHSJNUP']"}
2026-08-21T07:39:26.185187499Z {"timestamp": 1787297966.184036, "severity": "INFO", "name": "recommendationservice-server", "message": "[Recv ListRecommendations] product_ids=['2ZYFJ3GM2N', '9SIQT8TOJO', '1YMWWN1N4O', 'L9ECAV7KIM', 'OLJCESPC7Z']"}
2026-08-21T07:39:26.256464287Z {"timestamp": 1787297966.2558994, "severity": "INFO", "name": "recommendationservice-server", "message": "[Recv ListRecommendations] product_ids=['L9ECAV7KIM', '2ZYFJ3GM2N', 'LS4PSXUNUM', '9SIQT8TOJO', 'OLJCESPC7Z']"}
2026-08-21T07:39:26.464763236Z {"timestamp": 1787297966.4633818, "severity": "INFO", "name": "recommendationservice-server", "message": "[Recv ListRecommendations] product_ids=['9SIQT8TOJO', '0PUK6V6EV0', '2ZYFJ3GM2N', 'LS4PSXUNUM', 'L9ECAV7KIM']"}
2026-08-21T07:39:26.711939815Z {"timestamp": 1787297966.7106364, "severity": "INFO", "name": "recommendationservice-server", "message": "[Recv ListRecommendations] product_ids=['OLJCESPC7Z', 'LS4PSXUNUM', '2ZYFJ3GM2N', '0PUK6V6EV0', '9SIQT8TOJO']"}
2026-08-21T07:39:26.982769905Z {"timestamp": 1787297966.9816494, "severity": "INFO", "name": "recommendationservice-server", "message": "[Recv ListRecommendations] product_ids=['1YMWWN1N4O', 'L9ECAV7KIM', '0PUK6V6EV0', '66VCHSJNUP', '9SIQT8TOJO']"}
2026-08-21T07:39:26.988255713Z {"timestamp": 1787297966.9866142, "severity": "INFO", "name": "recommendationservice-server", "message": "[Recv ListRecommendations] product_ids=['LS4PSXUNUM', '6E92ZMYYFZ', 'OLJCESPC7Z', '66VCHSJNUP', 'L9ECAV7KIM']"}
2026-08-21T07:39:27.276276446Z {"timestamp": 1787297967.2723687, "severity": "INFO", "name": "recommendationservice-server", "message": "[Recv ListRecommendations] product_ids=['66VCHSJNUP', '0PUK6V6EV0', '2ZYFJ3GM2N', '1YMWWN1N4O', 'L9ECAV7KIM']"}
2026-08-21T07:39:27.842699023Z {"timestamp": 1787297967.842086, "severity": "INFO", "name": "recommendationservice-server", "message": "[Recv ListRecommendations] product_ids=['OLJCESPC7Z', 'L9ECAV7KIM', '2ZYFJ3GM2N', '66VCHSJNUP', '1YMWWN1N4O']"}
2026-08-21T07:39:28.293818530Z {"timestamp": 1787297968.2933772, "severity": "INFO", "name": "recommendationservice-server", "message": "[Recv ListRecommendations] product_ids=['9SIQT8TOJO', '6E92ZMYYFZ', 'LS4PSXUNUM', '1YMWWN1N4O', '0PUK6V6EV0']"}
2026-08-21T07:39:28.689135508Z {"timestamp": 1787297968.6887312, "severity": "INFO", "name": "recommendationservice-server", "message": "[Recv ListRecommendations] product_ids=['0PUK6V6EV0', '2ZYFJ3GM2N', '66VCHSJNUP', '9SIQT8TOJO', '1YMWWN1N4O']"}
2026-08-21T07:39:28.717550508Z {"timestamp": 1787297968.7171853, "severity": "INFO", "name": "recommendationservice-server", "message": "[Recv ListRecommendations] product_ids=['OLJCESPC7Z', '0PUK6V6EV0', 'LS4PSXUNUM', 'L9ECAV7KIM', '1YMWWN1N4O']"}
2026-08-21T07:39:29.414880334Z {"timestamp": 1787297969.4144654, "severity": "INFO", "name": "recommendationservice-server", "message": "[Recv ListRecommendations] product_ids=['OLJCESPC7Z', 'L9ECAV7KIM', 'LS4PSXUNUM', '1YMWWN1N4O', '66VCHSJNUP']"}
2026-08-21T07:39:29.585818704Z {"timestamp": 1787297969.5853326, "severity": "INFO", "name": "recommendationservice-server", "message": "[Recv ListRecommendations] product_ids=['LS4PSXUNUM', '1YMWWN1N4O', '9SIQT8TOJO', '66VCHSJNUP', '0PUK6V6EV0']"}
2026-08-21T07:39:29.829529210Z {"timestamp": 1787297969.8289883, "severity": "INFO", "name": "recommendationservice-server", "message": "[Recv ListRecommendations] product_ids=['LS4PSXUNUM', '1YMWWN1N4O', '0PUK6V6EV0', '9SIQT8TOJO', 'OLJCESPC7Z']"}
2026-08-21T07:39:30.387289853Z {"timestamp": 1787297970.3868918, "severity": "INFO", "name": "recommendationservice-server", "message": "[Recv ListRecommendations] product_ids=['2ZYFJ3GM2N', '9SIQT8TOJO', 'OLJCESPC7Z', 'L9ECAV7KIM', '6E92ZMYYFZ']"}
2026-08-21T07:39:30.998812789Z {"timestamp": 1787297970.9983568, "severity": "INFO", "name": "recommendationservice-server", "message": "[Recv ListRecommendations] product_ids=['1YMWWN1N4O', '66VCHSJNUP', '2ZYFJ3GM2N', '6E92ZMYYFZ', 'LS4PSXUNUM']"}
2026-08-21T07:39:31.149206839Z {"timestamp": 1787297971.1487358, "severity": "INFO", "name": "recommendationservice-server", "message": "[Recv ListRecommendations] product_ids=['66VCHSJNUP', '9SIQT8TOJO', '2ZYFJ3GM2N', '0PUK6V6EV0', 'LS4PSXUNUM']"}
2026-08-21T07:39:31.211932712Z {"timestamp": 1787297971.2114236, "severity": "INFO", "name": "recommendationservice-server", "message": "[Recv ListRecommendations] product_ids=['OLJCESPC7Z', '0PUK6V6EV0', 'L9ECAV7KIM', '9SIQT8TOJO', '66VCHSJNUP']"}
2026-08-21T07:39:31.818735767Z {"timestamp": 1787297971.8182042, "severity": "INFO", "name": "recommendationservice-server", "message": "[Recv ListRecommendations] product_ids=['6E92ZMYYFZ', 'LS4PSXUNUM', 'OLJCESPC7Z', '2ZYFJ3GM2N', 'L9ECAV7KIM']"}
2026-08-21T07:39:31.837452862Z {"timestamp": 1787297971.8369951, "severity": "INFO", "name": "recommendationservice-server", "message": "[Recv ListRecommendations] product_ids=['6E92ZMYYFZ', '9SIQT8TOJO', 'L9ECAV7KIM', 'LS4PSXUNUM', '1YMWWN1N4O']"}
2026-08-21T07:39:32.393312392Z {"timestamp": 1787297972.3928902, "severity": "INFO", "name": "recommendationservice-server", "message": "[Recv ListRecommendations] product_ids=['L9ECAV7KIM', '9SIQT8TOJO', '1YMWWN1N4O', 'LS4PSXUNUM', '6E92ZMYYFZ']"}
2026-08-21T07:39:33.463469777Z {"timestamp": 1787297973.462839, "severity": "INFO", "name": "recommendationservice-server", "message": "[Recv ListRecommendations] product_ids=['L9ECAV7KIM', '0PUK6V6EV0', '2ZYFJ3GM2N', '1YMWWN1N4O', 'OLJCESPC7Z']"}
2026-08-21T07:39:33.493873305Z {"timestamp": 1787297973.4934497, "severity": "INFO", "name": "recommendationservice-server", "message": "[Recv ListRecommendations] product_ids=['9SIQT8TOJO', '1YMWWN1N4O', 'LS4PSXUNUM', '6E92ZMYYFZ', '66VCHSJNUP']"}
2026-08-21T07:39:33.496831695Z {"timestamp": 1787297973.4964252, "severity": "INFO", "name": "recommendationservice-server", "message": "[Recv ListRecommendations] product_ids=['66VCHSJNUP', '9SIQT8TOJO', '6E92ZMYYFZ', '0PUK6V6EV0', '2ZYFJ3GM2N']"}
2026-08-21T07:39:33.576291936Z {"timestamp": 1787297973.5758603, "severity": "INFO", "name": "recommendationservice-server", "message": "[Recv ListRecommendations] product_ids=['2ZYFJ3GM2N', 'LS4PSXUNUM', '66VCHSJNUP', '1YMWWN1N4O', 'L9ECAV7KIM']"}
2026-08-21T07:39:33.609036151Z {"timestamp": 1787297973.6085482, "severity": "INFO", "name": "recommendationservice-server", "message": "[Recv ListRecommendations] product_ids=['LS4PSXUNUM', '0PUK6V6EV0', 'L9ECAV7KIM', '6E92ZMYYFZ', 'OLJCESPC7Z']"}
2026-08-21T07:39:33.964421499Z {"timestamp": 1787297973.9640296, "severity": "INFO", "name": "recommendationservice-server", "message": "[Recv ListRecommendations] product_ids=['2ZYFJ3GM2N', '6E92ZMYYFZ', 'OLJCESPC7Z', 'L9ECAV7KIM', '66VCHSJNUP']"}
2026-08-21T07:39:33.984300684Z {"timestamp": 1787297973.9838653, "severity": "INFO", "name": "recommendationservice-server", "message": "[Recv ListRecommendations] product_ids=['6E92ZMYYFZ', 'L9ECAV7KIM', '0PUK6V6EV0', 'LS4PSXUNUM', '66VCHSJNUP']"}
2026-08-21T07:39:34.937977177Z {"timestamp": 1787297974.9374986, "severity": "INFO", "name": "recommendationservice-server", "message": "[Recv ListRecommendations] product_ids=['LS4PSXUNUM', '1YMWWN1N4O', 'OLJCESPC7Z', '2ZYFJ3GM2N', '9SIQT8TOJO']"}
2026-08-21T07:39:35.747838805Z {"timestamp": 1787297975.7474096, "severity": "INFO", "name": "recommendationservice-server", "message": "[Recv ListRecommendations] product_ids=['1YMWWN1N4O', '6E92ZMYYFZ', 'L9ECAV7KIM', '66VCHSJNUP', 'LS4PSXUNUM']"}
2026-08-21T07:39:37.219486092Z {"timestamp": 1787297977.219087, "severity": "INFO", "name": "recommendationservice-server", "message": "[Recv ListRecommendations] product_ids=['1YMWWN1N4O', 'L9ECAV7KIM', 'LS4PSXUNUM', 'OLJCESPC7Z', '0PUK6V6EV0']"}
2026-08-21T07:39:37.238821987Z {"timestamp": 1787297977.2382798, "severity": "INFO", "name": "recommendationservice-server", "message": "[Recv ListRecommendations] product_ids=['2ZYFJ3GM2N', '1YMWWN1N4O', '6E92ZMYYFZ', '0PUK6V6EV0', 'L9ECAV7KIM']"}
2026-08-21T07:39:37.272373032Z {"timestamp": 1787297977.271726, "severity": "INFO", "name": "recommendationservice-server", "message": "[Recv ListRecommendations] product_ids=['6E92ZMYYFZ', '9SIQT8TOJO', 'LS4PSXUNUM', '66VCHSJNUP', '0PUK6V6EV0']"}
2026-08-21T07:39:37.335785210Z {"timestamp": 1787297977.3354025, "severity": "INFO", "name": "recommendationservice-server", "message": "[Recv ListRecommendations] product_ids=['L9ECAV7KIM', '2ZYFJ3GM2N']"}
2026-08-21T07:39:38.382641901Z {"timestamp": 1787297978.3822742, "severity": "INFO", "name": "recommendationservice-server", "message": "[Recv ListRecommendations] product_ids=['L9ECAV7KIM', '66VCHSJNUP', 'LS4PSXUNUM', 'OLJCESPC7Z', '0PUK6V6EV0']"}
2026-08-21T07:39:38.829002461Z {"timestamp": 1787297978.8285797, "severity": "INFO", "name": "recommendationservice-server", "message": "[Recv ListRecommendations] product_ids=['LS4PSXUNUM', '0PUK6V6EV0', '9SIQT8TOJO', '66VCHSJNUP', 'L9ECAV7KIM']"}
2026-08-21T07:39:39.032524393Z {"timestamp": 1787297979.0320897, "severity": "INFO", "name": "recommendationservice-server", "message": "[Recv ListRecommendations] product_ids=['6E92ZMYYFZ', '66VCHSJNUP', 'L9ECAV7KIM', '2ZYFJ3GM2N', 'OLJCESPC7Z']"}
2026-08-21T07:39:39.468772082Z {"timestamp": 1787297979.4683216, "severity": "INFO", "name": "recommendationservice-server", "message": "[Recv ListRecommendations] product_ids=['9SIQT8TOJO', '0PUK6V6EV0', '66VCHSJNUP', '2ZYFJ3GM2N', 'LS4PSXUNUM']"}
2026-08-21T07:39:39.492919972Z {"timestamp": 1787297979.4925148, "severity": "INFO", "name": "recommendationservice-server", "message": "[Recv ListRecommendations] product_ids=['66VCHSJNUP', '6E92ZMYYFZ', 'LS4PSXUNUM', '0PUK6V6EV0', 'L9ECAV7KIM']"}
2026-08-21T07:39:39.578257674Z {"timestamp": 1787297979.5776982, "severity": "INFO", "name": "recommendationservice-server", "message": "[Recv ListRecommendations] product_ids=['6E92ZMYYFZ', 'L9ECAV7KIM', 'OLJCESPC7Z', '66VCHSJNUP', '0PUK6V6EV0']"}
2026-08-21T07:39:40.957084723Z {"timestamp": 1787297980.9566355, "severity": "INFO", "name": "recommendationservice-server", "message": "[Recv ListRecommendations] product_ids=['2ZYFJ3GM2N', '6E92ZMYYFZ', '66VCHSJNUP', '9SIQT8TOJO', '0PUK6V6EV0']"}
2026-08-21T07:39:41.945878728Z {"timestamp": 1787297981.945485, "severity": "INFO", "name": "recommendationservice-server", "message": "[Recv ListRecommendations] product_ids=['L9ECAV7KIM', 'LS4PSXUNUM', '6E92ZMYYFZ', '66VCHSJNUP', 'OLJCESPC7Z']"}
2026-08-21T07:39:41.964499107Z {"timestamp": 1787297981.9641736, "severity": "INFO", "name": "recommendationservice-server", "message": "[Recv ListRecommendations] product_ids=['66VCHSJNUP', 'OLJCESPC7Z', 'LS4PSXUNUM', '2ZYFJ3GM2N', '1YMWWN1N4O']"}
2026-08-21T07:39:42.085382589Z {"timestamp": 1787297982.0850267, "severity": "INFO", "name": "recommendationservice-server", "message": "[Recv ListRecommendations] product_ids=['1YMWWN1N4O', 'L9ECAV7KIM', '0PUK6V6EV0', '6E92ZMYYFZ', '9SIQT8TOJO']"}
2026-08-21T07:39:42.275758560Z {"timestamp": 1787297982.2752898, "severity": "INFO", "name": "recommendationservice-server", "message": "[Recv ListRecommendations] product_ids=['6E92ZMYYFZ', '1YMWWN1N4O', 'OLJCESPC7Z', '9SIQT8TOJO', 'LS4PSXUNUM']"}
2026-08-21T07:39:42.550220130Z {"timestamp": 1787297982.5498662, "severity": "INFO", "name": "recommendationservice-server", "message": "[Recv ListRecommendations] product_ids=['LS4PSXUNUM', 'L9ECAV7KIM', '1YMWWN1N4O', '2ZYFJ3GM2N', 'OLJCESPC7Z']"}
2026-08-21T07:39:42.641297085Z {"timestamp": 1787297982.6407244, "severity": "INFO", "name": "recommendationservice-server", "message": "[Recv ListRecommendations] product_ids=['1YMWWN1N4O', 'OLJCESPC7Z', '66VCHSJNUP', 'L9ECAV7KIM', '9SIQT8TOJO']"}
2026-08-21T07:39:42.662039514Z {"timestamp": 1787297982.661635, "severity": "INFO", "name": "recommendationservice-server", "message": "[Recv ListRecommendations] product_ids=['9SIQT8TOJO', 'OLJCESPC7Z', '6E92ZMYYFZ', '1YMWWN1N4O', '2ZYFJ3GM2N']"}
2026-08-21T07:39:42.945129811Z {"timestamp": 1787297982.9447067, "severity": "INFO", "name": "recommendationservice-server", "message": "[Recv ListRecommendations] product_ids=['1YMWWN1N4O', 'L9ECAV7KIM', '9SIQT8TOJO', 'OLJCESPC7Z', '0PUK6V6EV0']"}
2026-08-21T07:39:44.511589456Z {"timestamp": 1787297984.511198, "severity": "INFO", "name": "recommendationservice-server", "message": "[Recv ListRecommendations] product_ids=['66VCHSJNUP', '9SIQT8TOJO', 'OLJCESPC7Z', '2ZYFJ3GM2N', '6E92ZMYYFZ']"}
2026-08-21T07:39:45.163879383Z {"timestamp": 1787297985.1634686, "severity": "INFO", "name": "recommendationservice-server", "message": "[Recv ListRecommendations] product_ids=['9SIQT8TOJO', '0PUK6V6EV0', '2ZYFJ3GM2N', '66VCHSJNUP', 'L9ECAV7KIM']"}
2026-08-21T07:39:45.229204782Z {"timestamp": 1787297985.2287395, "severity": "INFO", "name": "recommendationservice-server", "message": "[Recv ListRecommendations] product_ids=['1YMWWN1N4O', 'L9ECAV7KIM', '66VCHSJNUP', '6E92ZMYYFZ', '0PUK6V6EV0']"}
2026-08-21T07:39:45.330101560Z {"timestamp": 1787297985.3296764, "severity": "INFO", "name": "recommendationservice-server", "message": "[Recv ListRecommendations] product_ids=['2ZYFJ3GM2N', '1YMWWN1N4O', 'LS4PSXUNUM', 'L9ECAV7KIM', '66VCHSJNUP']"}
2026-08-21T07:39:47.035949547Z {"timestamp": 1787297987.0355601, "severity": "INFO", "name": "recommendationservice-server", "message": "[Recv ListRecommendations] product_ids=['OLJCESPC7Z', '6E92ZMYYFZ', 'L9ECAV7KIM', '1YMWWN1N4O', '66VCHSJNUP']"}
2026-08-21T07:39:47.562664116Z {"timestamp": 1787297987.56213, "severity": "INFO", "name": "recommendationservice-server", "message": "[Recv ListRecommendations] product_ids=['6E92ZMYYFZ', 'OLJCESPC7Z', 'L9ECAV7KIM', '0PUK6V6EV0', '9SIQT8TOJO']"}
2026-08-21T07:39:47.569167491Z {"timestamp": 1787297987.5686872, "severity": "INFO", "name": "recommendationservice-server", "message": "[Recv ListRecommendations] product_ids=['LS4PSXUNUM', '0PUK6V6EV0', '66VCHSJNUP', 'OLJCESPC7Z', '2ZYFJ3GM2N']"}
2026-08-21T07:39:47.725262095Z {"timestamp": 1787297987.7247334, "severity": "INFO", "name": "recommendationservice-server", "message": "[Recv ListRecommendations] product_ids=['OLJCESPC7Z', '9SIQT8TOJO', 'L9ECAV7KIM', '2ZYFJ3GM2N', '6E92ZMYYFZ']"}
2026-08-21T07:39:47.730500360Z {"timestamp": 1787297987.7300386, "severity": "INFO", "name": "recommendationservice-server", "message": "[Recv ListRecommendations] product_ids=['LS4PSXUNUM', '1YMWWN1N4O', '2ZYFJ3GM2N', 'L9ECAV7KIM', '0PUK6V6EV0']"}
2026-08-21T07:39:48.130238840Z {"timestamp": 1787297988.1297703, "severity": "INFO", "name": "recommendationservice-server", "message": "[Recv ListRecommendations] product_ids=['0PUK6V6EV0', '66VCHSJNUP', '9SIQT8TOJO', '1YMWWN1N4O', 'OLJCESPC7Z']"}
2026-08-21T07:39:48.624296310Z {"timestamp": 1787297988.6239119, "severity": "INFO", "name": "recommendationservice-server", "message": "[Recv ListRecommendations] product_ids=['66VCHSJNUP', '6E92ZMYYFZ', 'L9ECAV7KIM', '1YMWWN1N4O', '0PUK6V6EV0']"}
2026-08-21T07:39:48.643787732Z {"timestamp": 1787297988.6433382, "severity": "INFO", "name": "recommendationservice-server", "message": "[Recv ListRecommendations] product_ids=['6E92ZMYYFZ', '9SIQT8TOJO', '1YMWWN1N4O', 'LS4PSXUNUM', '66VCHSJNUP']"}
2026-08-21T07:39:48.752987184Z {"timestamp": 1787297988.7525969, "severity": "INFO", "name": "recommendationservice-server", "message": "[Recv ListRecommendations] product_ids=['L9ECAV7KIM', '6E92ZMYYFZ', '1YMWWN1N4O', '66VCHSJNUP', '9SIQT8TOJO']"}
2026-08-21T07:39:49.038191830Z {"timestamp": 1787297989.0377324, "severity": "INFO", "name": "recommendationservice-server", "message": "[Recv ListRecommendations] product_ids=['6E92ZMYYFZ', '9SIQT8TOJO', 'LS4PSXUNUM', '66VCHSJNUP', '1YMWWN1N4O']"}
2026-08-21T07:39:49.060819670Z {"timestamp": 1787297989.060416, "severity": "INFO", "name": "recommendationservice-server", "message": "[Recv ListRecommendations] product_ids=['OLJCESPC7Z', 'L9ECAV7KIM', '2ZYFJ3GM2N', '66VCHSJNUP', 'LS4PSXUNUM']"}
2026-08-21T07:39:49.150255254Z {"timestamp": 1787297989.1498537, "severity": "INFO", "name": "recommendationservice-server", "message": "[Recv ListRecommendations] product_ids=['LS4PSXUNUM', '9SIQT8TOJO', 'L9ECAV7KIM', '6E92ZMYYFZ', 'OLJCESPC7Z']"}
2026-08-21T07:39:49.427801834Z {"timestamp": 1787297989.4274268, "severity": "INFO", "name": "recommendationservice-server", "message": "[Recv ListRecommendations] product_ids=['OLJCESPC7Z', '66VCHSJNUP', '2ZYFJ3GM2N', '6E92ZMYYFZ', 'L9ECAV7KIM']"}
2026-08-21T07:39:49.678422363Z {"timestamp": 1787297989.67805, "severity": "INFO", "name": "recommendationservice-server", "message": "[Recv ListRecommendations] product_ids=['1YMWWN1N4O', '0PUK6V6EV0', '66VCHSJNUP', 'L9ECAV7KIM', 'LS4PSXUNUM']"}
2026-08-21T07:39:49.696256612Z {"timestamp": 1787297989.695793, "severity": "INFO", "name": "recommendationservice-server", "message": "[Recv ListRecommendations] product_ids=['6E92ZMYYFZ', '66VCHSJNUP', '9SIQT8TOJO', '1YMWWN1N4O', 'LS4PSXUNUM']"}
2026-08-21T07:39:49.784509300Z {"timestamp": 1787297989.7840924, "severity": "INFO", "name": "recommendationservice-server", "message": "[Recv ListRecommendations] product_ids=['66VCHSJNUP', '1YMWWN1N4O', 'OLJCESPC7Z', '0PUK6V6EV0', 'LS4PSXUNUM']"}
2026-08-21T07:39:50.781376372Z {"timestamp": 1787297990.780946, "severity": "INFO", "name": "recommendationservice-server", "message": "[Recv ListRecommendations] product_ids=['OLJCESPC7Z', '9SIQT8TOJO', '2ZYFJ3GM2N', '6E92ZMYYFZ', '0PUK6V6EV0']"}
2026-08-21T07:39:51.113261961Z {"timestamp": 1787297991.112775, "severity": "INFO", "name": "recommendationservice-server", "message": "[Recv ListRecommendations] product_ids=['0PUK6V6EV0', '66VCHSJNUP', 'LS4PSXUNUM', '9SIQT8TOJO', '6E92ZMYYFZ']"}
2026-08-21T07:39:51.688466198Z {"timestamp": 1787297991.6879067, "severity": "INFO", "name": "recommendationservice-server", "message": "[Recv ListRecommendations] product_ids=['9SIQT8TOJO', 'L9ECAV7KIM', 'LS4PSXUNUM', '2ZYFJ3GM2N', '1YMWWN1N4O']"}
2026-08-21T07:39:51.803864444Z {"timestamp": 1787297991.803446, "severity": "INFO", "name": "recommendationservice-server", "message": "[Recv ListRecommendations] product_ids=['66VCHSJNUP', 'LS4PSXUNUM', '6E92ZMYYFZ', 'OLJCESPC7Z', '9SIQT8TOJO']"}
2026-08-21T07:39:52.963988714Z {"timestamp": 1787297992.9636104, "severity": "INFO", "name": "recommendationservice-server", "message": "[Recv ListRecommendations] product_ids=['66VCHSJNUP', '1YMWWN1N4O', 'LS4PSXUNUM', '2ZYFJ3GM2N', '0PUK6V6EV0']"}
2026-08-21T07:39:53.703096160Z {"timestamp": 1787297993.7018924, "severity": "INFO", "name": "recommendationservice-server", "message": "[Recv ListRecommendations] product_ids=['9SIQT8TOJO', '1YMWWN1N4O', '2ZYFJ3GM2N', 'OLJCESPC7Z', 'LS4PSXUNUM']"}
2026-08-21T07:39:53.880675215Z {"timestamp": 1787297993.8795502, "severity": "INFO", "name": "recommendationservice-server", "message": "[Recv ListRecommendations] product_ids=['L9ECAV7KIM', '0PUK6V6EV0', '66VCHSJNUP', '6E92ZMYYFZ', 'LS4PSXUNUM']"}
2026-08-21T07:39:55.298506595Z {"timestamp": 1787297995.2978003, "severity": "INFO", "name": "recommendationservice-server", "message": "[Recv ListRecommendations] product_ids=['L9ECAV7KIM', '1YMWWN1N4O', '0PUK6V6EV0', '6E92ZMYYFZ', '2ZYFJ3GM2N']"}
2026-08-21T07:39:55.380935528Z {"timestamp": 1787297995.380524, "severity": "INFO", "name": "recommendationservice-server", "message": "[Recv ListRecommendations] product_ids=['66VCHSJNUP', '1YMWWN1N4O', 'OLJCESPC7Z', '0PUK6V6EV0', '2ZYFJ3GM2N']"}
2026-08-21T07:39:56.602341258Z {"timestamp": 1787297996.601224, "severity": "INFO", "name": "recommendationservice-server", "message": "[Recv ListRecommendations] product_ids=['2ZYFJ3GM2N', 'LS4PSXUNUM', 'OLJCESPC7Z', '6E92ZMYYFZ', 'L9ECAV7KIM']"}
2026-08-21T07:39:56.742402554Z {"timestamp": 1787297996.7410543, "severity": "INFO", "name": "recommendationservice-server", "message": "[Recv ListRecommendations] product_ids=['0PUK6V6EV0', '2ZYFJ3GM2N', 'L9ECAV7KIM', 'OLJCESPC7Z', '9SIQT8TOJO']"}
2026-08-21T07:39:56.841297790Z {"timestamp": 1787297996.8396628, "severity": "INFO", "name": "recommendationservice-server", "message": "[Recv ListRecommendations] product_ids=['OLJCESPC7Z', '0PUK6V6EV0', 'LS4PSXUNUM', '66VCHSJNUP', 'L9ECAV7KIM']"}
2026-08-21T07:39:57.217868916Z {"timestamp": 1787297997.217481, "severity": "INFO", "name": "recommendationservice-server", "message": "[Recv ListRecommendations] product_ids=['6E92ZMYYFZ', '0PUK6V6EV0', 'L9ECAV7KIM', '2ZYFJ3GM2N', '9SIQT8TOJO']"}
2026-08-21T07:39:57.275094211Z {"timestamp": 1787297997.2745645, "severity": "INFO", "name": "recommendationservice-server", "message": "[Recv ListRecommendations] product_ids=['L9ECAV7KIM', 'OLJCESPC7Z', '2ZYFJ3GM2N', '1YMWWN1N4O', '6E92ZMYYFZ']"}
2026-08-21T07:39:57.313953691Z {"timestamp": 1787297997.313286, "severity": "INFO", "name": "recommendationservice-server", "message": "[Recv ListRecommendations] product_ids=['9SIQT8TOJO', 'OLJCESPC7Z', '1YMWWN1N4O', 'LS4PSXUNUM', 'L9ECAV7KIM']"}
2026-08-21T07:39:57.403271355Z {"timestamp": 1787297997.4021904, "severity": "INFO", "name": "recommendationservice-server", "message": "[Recv ListRecommendations] product_ids=['2ZYFJ3GM2N', '66VCHSJNUP', '9SIQT8TOJO', '1YMWWN1N4O', 'LS4PSXUNUM']"}
2026-08-21T07:39:57.592782569Z {"timestamp": 1787297997.5916762, "severity": "INFO", "name": "recommendationservice-server", "message": "[Recv ListRecommendations] product_ids=['6E92ZMYYFZ', '1YMWWN1N4O', '66VCHSJNUP', '0PUK6V6EV0', '9SIQT8TOJO']"}
2026-08-21T07:39:58.080948066Z {"timestamp": 1787297998.0743382, "severity": "INFO", "name": "recommendationservice-server", "message": "[Recv ListRecommendations] product_ids=['66VCHSJNUP', 'L9ECAV7KIM', '0PUK6V6EV0', 'OLJCESPC7Z', '1YMWWN1N4O']"}
2026-08-21T07:39:58.285246653Z {"timestamp": 1787297998.2848186, "severity": "INFO", "name": "recommendationservice-server", "message": "[Recv ListRecommendations] product_ids=['0PUK6V6EV0', '9SIQT8TOJO', 'LS4PSXUNUM', '2ZYFJ3GM2N', 'L9ECAV7KIM']"}
2026-08-21T07:39:58.508675827Z {"timestamp": 1787297998.5072048, "severity": "INFO", "name": "recommendationservice-server", "message": "[Recv ListRecommendations] product_ids=['6E92ZMYYFZ', '0PUK6V6EV0', 'OLJCESPC7Z', 'LS4PSXUNUM', '66VCHSJNUP']"}
2026-08-21T07:39:58.679029716Z {"timestamp": 1787297998.6778061, "severity": "INFO", "name": "recommendationservice-server", "message": "[Recv ListRecommendations] product_ids=['1YMWWN1N4O', '66VCHSJNUP', '6E92ZMYYFZ', '9SIQT8TOJO', 'LS4PSXUNUM']"}
2026-08-21T07:39:58.780534959Z {"timestamp": 1787297998.7794378, "severity": "INFO", "name": "recommendationservice-server", "message": "[Recv ListRecommendations] product_ids=['1YMWWN1N4O', 'OLJCESPC7Z', '6E92ZMYYFZ', 'L9ECAV7KIM', 'LS4PSXUNUM']"}
2026-08-21T07:39:59.052141252Z {"timestamp": 1787297999.0511994, "severity": "INFO", "name": "recommendationservice-server", "message": "[Recv ListRecommendations] product_ids=['66VCHSJNUP', 'OLJCESPC7Z', '6E92ZMYYFZ', '0PUK6V6EV0', '9SIQT8TOJO']"}
2026-08-21T07:39:59.257942975Z {"timestamp": 1787297999.2553291, "severity": "INFO", "name": "recommendationservice-server", "message": "[Recv ListRecommendations] product_ids=['9SIQT8TOJO', 'OLJCESPC7Z', '1YMWWN1N4O', 'L9ECAV7KIM', 'LS4PSXUNUM']"}
2026-08-21T07:39:59.832499353Z {"timestamp": 1787297999.8313649, "severity": "INFO", "name": "recommendationservice-server", "message": "[Recv ListRecommendations] product_ids=['9SIQT8TOJO', '6E92ZMYYFZ', 'LS4PSXUNUM', '66VCHSJNUP', '2ZYFJ3GM2N']"}
2026-08-21T07:40:00.338837584Z {"timestamp": 1787298000.3381853, "severity": "INFO", "name": "recommendationservice-server", "message": "[Recv ListRecommendations] product_ids=['LS4PSXUNUM', 'OLJCESPC7Z', '9SIQT8TOJO', '1YMWWN1N4O', '66VCHSJNUP']"}
2026-08-21T07:40:00.486100569Z {"timestamp": 1787298000.4852922, "severity": "INFO", "name": "recommendationservice-server", "message": "[Recv ListRecommendations] product_ids=['LS4PSXUNUM', '66VCHSJNUP', 'OLJCESPC7Z', '0PUK6V6EV0', '9SIQT8TOJO']"}
2026-08-21T07:40:00.655378891Z {"timestamp": 1787298000.6544492, "severity": "INFO", "name": "recommendationservice-server", "message": "[Recv ListRecommendations] product_ids=['9SIQT8TOJO', 'L9ECAV7KIM', 'LS4PSXUNUM', '0PUK6V6EV0', '6E92ZMYYFZ']"}
2026-08-21T07:40:00.931425877Z {"timestamp": 1787298000.930343, "severity": "INFO", "name": "recommendationservice-server", "message": "[Recv ListRecommendations] product_ids=['6E92ZMYYFZ', '2ZYFJ3GM2N', 'LS4PSXUNUM', '0PUK6V6EV0', 'L9ECAV7KIM']"}
2026-08-21T07:40:01.038168138Z {"timestamp": 1787298001.036991, "severity": "INFO", "name": "recommendationservice-server", "message": "[Recv ListRecommendations] product_ids=['1YMWWN1N4O', 'OLJCESPC7Z', '2ZYFJ3GM2N', '66VCHSJNUP', 'L9ECAV7KIM']"}
2026-08-21T07:40:01.176169979Z {"timestamp": 1787298001.1751754, "severity": "INFO", "name": "recommendationservice-server", "message": "[Recv ListRecommendations] product_ids=['2ZYFJ3GM2N', 'L9ECAV7KIM']"}
2026-08-21T07:40:01.533849306Z {"timestamp": 1787298001.5324662, "severity": "INFO", "name": "recommendationservice-server", "message": "[Recv ListRecommendations] product_ids=['9SIQT8TOJO', 'LS4PSXUNUM', 'OLJCESPC7Z', '1YMWWN1N4O', '0PUK6V6EV0']"}
2026-08-21T07:40:02.958824421Z {"timestamp": 1787298002.9580915, "severity": "INFO", "name": "recommendationservice-server", "message": "[Recv ListRecommendations] product_ids=['1YMWWN1N4O', 'LS4PSXUNUM', '6E92ZMYYFZ', 'L9ECAV7KIM', '66VCHSJNUP']"}
2026-08-21T07:40:02.986307210Z {"timestamp": 1787298002.985696, "severity": "INFO", "name": "recommendationservice-server", "message": "[Recv ListRecommendations] product_ids=['6E92ZMYYFZ', '1YMWWN1N4O', 'L9ECAV7KIM', 'OLJCESPC7Z', 'LS4PSXUNUM']"}
2026-08-21T07:40:03.197659799Z {"timestamp": 1787298003.197048, "severity": "INFO", "name": "recommendationservice-server", "message": "[Recv ListRecommendations] product_ids=['LS4PSXUNUM', '1YMWWN1N4O', '9SIQT8TOJO', '2ZYFJ3GM2N', '0PUK6V6EV0']"}
2026-08-21T07:40:03.497986875Z {"timestamp": 1787298003.4975295, "severity": "INFO", "name": "recommendationservice-server", "message": "[Recv ListRecommendations] product_ids=['LS4PSXUNUM', '66VCHSJNUP', '0PUK6V6EV0', '9SIQT8TOJO', '1YMWWN1N4O']"}
2026-08-21T07:40:03.682605191Z {"timestamp": 1787298003.682231, "severity": "INFO", "name": "recommendationservice-server", "message": "[Recv ListRecommendations] product_ids=['L9ECAV7KIM', 'LS4PSXUNUM', '9SIQT8TOJO', '66VCHSJNUP', '2ZYFJ3GM2N']"}
2026-08-21T07:40:03.847930495Z {"timestamp": 1787298003.8475995, "severity": "INFO", "name": "recommendationservice-server", "message": "[Recv ListRecommendations] product_ids=['LS4PSXUNUM', '1YMWWN1N4O', '66VCHSJNUP', 'L9ECAV7KIM', 'OLJCESPC7Z']"}
2026-08-21T07:40:04.420744202Z {"timestamp": 1787298004.4192839, "severity": "INFO", "name": "recommendationservice-server", "message": "[Recv ListRecommendations] product_ids=['2ZYFJ3GM2N', '6E92ZMYYFZ', '66VCHSJNUP', 'LS4PSXUNUM', '0PUK6V6EV0']"}
2026-08-21T07:40:04.737223399Z {"timestamp": 1787298004.7360673, "severity": "INFO", "name": "recommendationservice-server", "message": "[Recv ListRecommendations] product_ids=['9SIQT8TOJO', '1YMWWN1N4O', '6E92ZMYYFZ', 'LS4PSXUNUM', '66VCHSJNUP']"}
2026-08-21T07:40:04.778101279Z {"timestamp": 1787298004.7772446, "severity": "INFO", "name": "recommendationservice-server", "message": "[Recv ListRecommendations] product_ids=['2ZYFJ3GM2N', 'L9ECAV7KIM']"}
2026-08-21T07:40:05.234098953Z {"timestamp": 1787298005.2324278, "severity": "INFO", "name": "recommendationservice-server", "message": "[Recv ListRecommendations] product_ids=['6E92ZMYYFZ', 'OLJCESPC7Z', 'LS4PSXUNUM', 'L9ECAV7KIM', '1YMWWN1N4O']"}
2026-08-21T07:40:05.343875587Z {"timestamp": 1787298005.3427808, "severity": "INFO", "name": "recommendationservice-server", "message": "[Recv ListRecommendations] product_ids=['0PUK6V6EV0', '6E92ZMYYFZ', 'OLJCESPC7Z', '9SIQT8TOJO', '66VCHSJNUP']"}
2026-08-21T07:40:05.540024502Z {"timestamp": 1787298005.5388238, "severity": "INFO", "name": "recommendationservice-server", "message": "[Recv ListRecommendations] product_ids=['6E92ZMYYFZ', 'OLJCESPC7Z', 'L9ECAV7KIM', '1YMWWN1N4O', '0PUK6V6EV0']"}
2026-08-21T07:40:05.578016932Z {"timestamp": 1787298005.5767658, "severity": "INFO", "name": "recommendationservice-server", "message": "[Recv ListRecommendations] product_ids=['6E92ZMYYFZ', '0PUK6V6EV0', 'L9ECAV7KIM', '9SIQT8TOJO', '1YMWWN1N4O']"}
2026-08-21T07:40:05.580996697Z {"timestamp": 1787298005.5800245, "severity": "INFO", "name": "recommendationservice-server", "message": "[Recv ListRecommendations] product_ids=['1YMWWN1N4O', 'L9ECAV7KIM', '0PUK6V6EV0', 'OLJCESPC7Z', '2ZYFJ3GM2N']"}
2026-08-21T07:40:06.976906317Z {"timestamp": 1787298006.9754963, "severity": "INFO", "name": "recommendationservice-server", "message": "[Recv ListRecommendations] product_ids=['2ZYFJ3GM2N', '66VCHSJNUP', 'L9ECAV7KIM', '1YMWWN1N4O', 'OLJCESPC7Z']"}
2026-08-21T07:40:07.090343004Z {"timestamp": 1787298007.0894866, "severity": "INFO", "name": "recommendationservice-server", "message": "[Recv ListRecommendations] product_ids=['LS4PSXUNUM', '9SIQT8TOJO', 'OLJCESPC7Z', '2ZYFJ3GM2N', '6E92ZMYYFZ']"}
2026-08-21T07:40:07.648647808Z {"timestamp": 1787298007.6474595, "severity": "INFO", "name": "recommendationservice-server", "message": "[Recv ListRecommendations] product_ids=['0PUK6V6EV0', 'L9ECAV7KIM', 'LS4PSXUNUM', '6E92ZMYYFZ', '9SIQT8TOJO']"}
2026-08-21T07:40:08.914146418Z {"timestamp": 1787298008.9136436, "severity": "INFO", "name": "recommendationservice-server", "message": "[Recv ListRecommendations] product_ids=['66VCHSJNUP', '9SIQT8TOJO', '0PUK6V6EV0', '1YMWWN1N4O', '2ZYFJ3GM2N']"}
2026-08-21T07:40:08.996243553Z {"timestamp": 1787298008.9958332, "severity": "INFO", "name": "recommendationservice-server", "message": "[Recv ListRecommendations] product_ids=['1YMWWN1N4O', '2ZYFJ3GM2N', 'L9ECAV7KIM', '9SIQT8TOJO', '6E92ZMYYFZ']"}
2026-08-21T07:40:09.860674907Z {"timestamp": 1787298009.8600965, "severity": "INFO", "name": "recommendationservice-server", "message": "[Recv ListRecommendations] product_ids=['1YMWWN1N4O', 'OLJCESPC7Z', '2ZYFJ3GM2N', '66VCHSJNUP', '0PUK6V6EV0']"}
2026-08-21T07:40:10.412614585Z {"timestamp": 1787298010.4122279, "severity": "INFO", "name": "recommendationservice-server", "message": "[Recv ListRecommendations] product_ids=['LS4PSXUNUM', '2ZYFJ3GM2N', 'OLJCESPC7Z', '1YMWWN1N4O', '66VCHSJNUP']"}
2026-08-21T07:40:11.024090460Z {"timestamp": 1787298011.0236247, "severity": "INFO", "name": "recommendationservice-server", "message": "[Recv ListRecommendations] product_ids=['2ZYFJ3GM2N', '9SIQT8TOJO', '1YMWWN1N4O', '0PUK6V6EV0', 'OLJCESPC7Z']"}
2026-08-21T07:40:11.339256168Z {"timestamp": 1787298011.338057, "severity": "INFO", "name": "recommendationservice-server", "message": "[Recv ListRecommendations] product_ids=['0PUK6V6EV0', '1YMWWN1N4O', 'OLJCESPC7Z', 'L9ECAV7KIM', '6E92ZMYYFZ']"}
2026-08-21T07:40:11.766500144Z {"timestamp": 1787298011.7654011, "severity": "INFO", "name": "recommendationservice-server", "message": "[Recv ListRecommendations] product_ids=['L9ECAV7KIM', '1YMWWN1N4O', 'LS4PSXUNUM', '66VCHSJNUP', '0PUK6V6EV0']"}
2026-08-21T07:40:11.980075674Z {"timestamp": 1787298011.9787776, "severity": "INFO", "name": "recommendationservice-server", "message": "[Recv ListRecommendations] product_ids=['L9ECAV7KIM', '6E92ZMYYFZ', '66VCHSJNUP', '1YMWWN1N4O', 'OLJCESPC7Z']"}
2026-08-21T07:40:11.993535744Z {"timestamp": 1787298011.992516, "severity": "INFO", "name": "recommendationservice-server", "message": "[Recv ListRecommendations] product_ids=['L9ECAV7KIM', 'LS4PSXUNUM', '6E92ZMYYFZ', '66VCHSJNUP', '9SIQT8TOJO']"}
2026-08-21T07:40:12.178055290Z {"timestamp": 1787298012.1772044, "severity": "INFO", "name": "recommendationservice-server", "message": "[Recv ListRecommendations] product_ids=['66VCHSJNUP', '1YMWWN1N4O', '9SIQT8TOJO', 'LS4PSXUNUM', '6E92ZMYYFZ']"}
2026-08-21T07:40:12.519096269Z {"timestamp": 1787298012.5186884, "severity": "INFO", "name": "recommendationservice-server", "message": "[Recv ListRecommendations] product_ids=['66VCHSJNUP', '9SIQT8TOJO', 'L9ECAV7KIM', 'LS4PSXUNUM', '0PUK6V6EV0']"}
2026-08-21T07:40:12.680355466Z {"timestamp": 1787298012.6791732, "severity": "INFO", "name": "recommendationservice-server", "message": "[Recv ListRecommendations] product_ids=['LS4PSXUNUM', 'L9ECAV7KIM', '66VCHSJNUP', '0PUK6V6EV0', '1YMWWN1N4O']"}
2026-08-21T07:40:12.695968483Z {"timestamp": 1787298012.6947513, "severity": "INFO", "name": "recommendationservice-server", "message": "[Recv ListRecommendations] product_ids=['0PUK6V6EV0', '2ZYFJ3GM2N', 'OLJCESPC7Z', '6E92ZMYYFZ', 'LS4PSXUNUM']"}
2026-08-21T07:40:12.743567156Z {"timestamp": 1787298012.7421467, "severity": "INFO", "name": "recommendationservice-server", "message": "[Recv ListRecommendations] product_ids=['9SIQT8TOJO', '0PUK6V6EV0', '6E92ZMYYFZ', '1YMWWN1N4O', '66VCHSJNUP']"}
2026-08-21T07:40:13.073643167Z {"timestamp": 1787298013.0724227, "severity": "INFO", "name": "recommendationservice-server", "message": "[Recv ListRecommendations] product_ids=['LS4PSXUNUM', 'L9ECAV7KIM', 'OLJCESPC7Z', '66VCHSJNUP', '2ZYFJ3GM2N']"}
2026-08-21T07:40:14.376681659Z {"timestamp": 1787298014.3755012, "severity": "INFO", "name": "recommendationservice-server", "message": "[Recv ListRecommendations] product_ids=['LS4PSXUNUM', 'OLJCESPC7Z', '1YMWWN1N4O', '0PUK6V6EV0', '2ZYFJ3GM2N']"}
2026-08-21T07:40:14.959361295Z {"timestamp": 1787298014.958214, "severity": "INFO", "name": "recommendationservice-server", "message": "[Recv ListRecommendations] product_ids=['6E92ZMYYFZ', '66VCHSJNUP', 'L9ECAV7KIM', 'OLJCESPC7Z', 'LS4PSXUNUM']"}
2026-08-21T07:40:15.885258412Z {"timestamp": 1787298015.8841195, "severity": "INFO", "name": "recommendationservice-server", "message": "[Recv ListRecommendations] product_ids=['L9ECAV7KIM', '0PUK6V6EV0', '66VCHSJNUP', '6E92ZMYYFZ', '9SIQT8TOJO']"}
2026-08-21T07:40:16.078288295Z {"timestamp": 1787298016.0771952, "severity": "INFO", "name": "recommendationservice-server", "message": "[Recv ListRecommendations] product_ids=['6E92ZMYYFZ', '1YMWWN1N4O', '9SIQT8TOJO', '66VCHSJNUP', 'L9ECAV7KIM']"}
2026-08-21T07:40:16.092032337Z {"timestamp": 1787298016.0910034, "severity": "INFO", "name": "recommendationservice-server", "message": "[Recv ListRecommendations] product_ids=['2ZYFJ3GM2N', 'L9ECAV7KIM']"}
2026-08-21T07:40:16.282433392Z {"timestamp": 1787298016.2814791, "severity": "INFO", "name": "recommendationservice-server", "message": "[Recv ListRecommendations] product_ids=['1YMWWN1N4O', 'OLJCESPC7Z', '66VCHSJNUP', '9SIQT8TOJO', 'LS4PSXUNUM']"}
2026-08-21T07:40:16.327445034Z {"timestamp": 1787298016.3259578, "severity": "INFO", "name": "recommendationservice-server", "message": "[Recv ListRecommendations] product_ids=['6E92ZMYYFZ', '2ZYFJ3GM2N', '9SIQT8TOJO', '0PUK6V6EV0', '1YMWWN1N4O']"}
2026-08-21T07:40:16.487584353Z {"timestamp": 1787298016.4850345, "severity": "INFO", "name": "recommendationservice-server", "message": "[Recv ListRecommendations] product_ids=['0PUK6V6EV0', '2ZYFJ3GM2N', '1YMWWN1N4O', '66VCHSJNUP', 'OLJCESPC7Z']"}
2026-08-21T07:40:17.607632136Z {"timestamp": 1787298017.6064467, "severity": "INFO", "name": "recommendationservice-server", "message": "[Recv ListRecommendations] product_ids=['9SIQT8TOJO', 'LS4PSXUNUM', 'OLJCESPC7Z', '0PUK6V6EV0', '2ZYFJ3GM2N']"}
2026-08-21T07:40:17.788209988Z {"timestamp": 1787298017.7875032, "severity": "INFO", "name": "recommendationservice-server", "message": "[Recv ListRecommendations] product_ids=['LS4PSXUNUM', '9SIQT8TOJO', '6E92ZMYYFZ', '0PUK6V6EV0', '2ZYFJ3GM2N']"}
2026-08-21T07:40:17.810404408Z {"timestamp": 1787298017.8095284, "severity": "INFO", "name": "recommendationservice-server", "message": "[Recv ListRecommendations] product_ids=['1YMWWN1N4O', 'OLJCESPC7Z', '9SIQT8TOJO', '0PUK6V6EV0', '2ZYFJ3GM2N']"}
2026-08-21T07:40:18.562318548Z {"timestamp": 1787298018.5612607, "severity": "INFO", "name": "recommendationservice-server", "message": "[Recv ListRecommendations] product_ids=['66VCHSJNUP', '1YMWWN1N4O', 'OLJCESPC7Z', '0PUK6V6EV0', '2ZYFJ3GM2N']"}
2026-08-21T07:40:18.870683343Z {"timestamp": 1787298018.8695292, "severity": "INFO", "name": "recommendationservice-server", "message": "[Recv ListRecommendations] product_ids=['OLJCESPC7Z', '2ZYFJ3GM2N', '1YMWWN1N4O', '66VCHSJNUP', 'LS4PSXUNUM']"}
2026-08-21T07:40:18.966182019Z {"timestamp": 1787298018.9656885, "severity": "INFO", "name": "recommendationservice-server", "message": "[Recv ListRecommendations] product_ids=['OLJCESPC7Z', 'L9ECAV7KIM', '1YMWWN1N4O', '9SIQT8TOJO', 'LS4PSXUNUM']"}
2026-08-21T07:40:18.981682947Z {"timestamp": 1787298018.9813604, "severity": "INFO", "name": "recommendationservice-server", "message": "[Recv ListRecommendations] product_ids=['66VCHSJNUP', 'L9ECAV7KIM', '6E92ZMYYFZ', 'OLJCESPC7Z', '9SIQT8TOJO']"}
2026-08-21T07:40:19.478731917Z {"timestamp": 1787298019.4777236, "severity": "INFO", "name": "recommendationservice-server", "message": "[Recv ListRecommendations] product_ids=['66VCHSJNUP', 'LS4PSXUNUM', '9SIQT8TOJO', 'OLJCESPC7Z', '6E92ZMYYFZ']"}
2026-08-21T07:40:20.366297882Z {"timestamp": 1787298020.3644953, "severity": "INFO", "name": "recommendationservice-server", "message": "[Recv ListRecommendations] product_ids=['0PUK6V6EV0', '6E92ZMYYFZ', 'LS4PSXUNUM', '66VCHSJNUP', '2ZYFJ3GM2N']"}
2026-08-21T07:40:20.476523960Z {"timestamp": 1787298020.475303, "severity": "INFO", "name": "recommendationservice-server", "message": "[Recv ListRecommendations] product_ids=['L9ECAV7KIM', '6E92ZMYYFZ', '9SIQT8TOJO', 'LS4PSXUNUM', '66VCHSJNUP']"}
2026-08-21T07:40:20.526475607Z {"timestamp": 1787298020.5253656, "severity": "INFO", "name": "recommendationservice-server", "message": "[Recv ListRecommendations] product_ids=['OLJCESPC7Z', '1YMWWN1N4O', '66VCHSJNUP', 'L9ECAV7KIM', 'LS4PSXUNUM']"}
2026-08-21T07:40:20.854379189Z {"timestamp": 1787298020.852117, "severity": "INFO", "name": "recommendationservice-server", "message": "[Recv ListRecommendations] product_ids=['LS4PSXUNUM', '6E92ZMYYFZ', '2ZYFJ3GM2N', '1YMWWN1N4O', '0PUK6V6EV0']"}
2026-08-21T07:40:21.540559007Z {"timestamp": 1787298021.5394628, "severity": "INFO", "name": "recommendationservice-server", "message": "[Recv ListRecommendations] product_ids=['LS4PSXUNUM', 'OLJCESPC7Z', 'L9ECAV7KIM', '66VCHSJNUP', '9SIQT8TOJO']"}
2026-08-21T07:40:21.944404279Z {"timestamp": 1787298021.943657, "severity": "INFO", "name": "recommendationservice-server", "message": "[Recv ListRecommendations] product_ids=['6E92ZMYYFZ', '2ZYFJ3GM2N', '1YMWWN1N4O', 'LS4PSXUNUM', '9SIQT8TOJO']"}
2026-08-21T07:40:21.966190233Z {"timestamp": 1787298021.9657774, "severity": "INFO", "name": "recommendationservice-server", "message": "[Recv ListRecommendations] product_ids=['9SIQT8TOJO', 'LS4PSXUNUM', '2ZYFJ3GM2N', '66VCHSJNUP', '0PUK6V6EV0']"}
2026-08-21T07:40:22.022917188Z {"timestamp": 1787298022.0225437, "severity": "INFO", "name": "recommendationservice-server", "message": "[Recv ListRecommendations] product_ids=['L9ECAV7KIM', '2ZYFJ3GM2N', 'OLJCESPC7Z', '66VCHSJNUP', 'LS4PSXUNUM']"}
2026-08-21T07:40:23.428461797Z {"timestamp": 1787298023.4272995, "severity": "INFO", "name": "recommendationservice-server", "message": "[Recv ListRecommendations] product_ids=['6E92ZMYYFZ', 'LS4PSXUNUM', 'OLJCESPC7Z', 'L9ECAV7KIM', '0PUK6V6EV0']"}
2026-08-21T07:40:23.593749463Z {"timestamp": 1787298023.5885603, "severity": "INFO", "name": "recommendationservice-server", "message": "[Recv ListRecommendations] product_ids=['2ZYFJ3GM2N', '1YMWWN1N4O', 'L9ECAV7KIM', '9SIQT8TOJO', 'OLJCESPC7Z']"}
2026-08-21T07:40:23.599457895Z {"timestamp": 1787298023.5987704, "severity": "INFO", "name": "recommendationservice-server", "message": "[Recv ListRecommendations] product_ids=['6E92ZMYYFZ', '9SIQT8TOJO', '0PUK6V6EV0', 'LS4PSXUNUM', 'L9ECAV7KIM']"}
2026-08-21T07:40:23.682311712Z {"timestamp": 1787298023.6817734, "severity": "INFO", "name": "recommendationservice-server", "message": "[Recv ListRecommendations] product_ids=['OLJCESPC7Z', '6E92ZMYYFZ', '1YMWWN1N4O', 'LS4PSXUNUM', '9SIQT8TOJO']"}
2026-08-21T07:40:23.888051878Z {"timestamp": 1787298023.8866842, "severity": "INFO", "name": "recommendationservice-server", "message": "[Recv ListRecommendations] product_ids=['1YMWWN1N4O', 'OLJCESPC7Z', '2ZYFJ3GM2N', '0PUK6V6EV0', 'LS4PSXUNUM']"}
2026-08-21T07:40:23.983714285Z {"timestamp": 1787298023.9823472, "severity": "INFO", "name": "recommendationservice-server", "message": "[Recv ListRecommendations] product_ids=['9SIQT8TOJO', '1YMWWN1N4O', 'L9ECAV7KIM', '66VCHSJNUP', '2ZYFJ3GM2N']"}
2026-08-21T07:40:24.073790180Z {"timestamp": 1787298024.0726042, "severity": "INFO", "name": "recommendationservice-server", "message": "[Recv ListRecommendations] product_ids=['0PUK6V6EV0', 'L9ECAV7KIM', '2ZYFJ3GM2N', '9SIQT8TOJO', '6E92ZMYYFZ']"}
2026-08-21T07:40:24.672723794Z {"timestamp": 1787298024.6720545, "severity": "INFO", "name": "recommendationservice-server", "message": "[Recv ListRecommendations] product_ids=['OLJCESPC7Z', '0PUK6V6EV0', '66VCHSJNUP', '6E92ZMYYFZ', 'L9ECAV7KIM']"}
2026-08-21T07:40:24.960928913Z {"timestamp": 1787298024.959336, "severity": "INFO", "name": "recommendationservice-server", "message": "[Recv ListRecommendations] product_ids=['9SIQT8TOJO', '0PUK6V6EV0', '1YMWWN1N4O', '6E92ZMYYFZ', 'OLJCESPC7Z']"}
2026-08-21T07:40:25.284755944Z {"timestamp": 1787298025.2833743, "severity": "INFO", "name": "recommendationservice-server", "message": "[Recv ListRecommendations] product_ids=['OLJCESPC7Z', 'L9ECAV7KIM', 'LS4PSXUNUM', '0PUK6V6EV0', '2ZYFJ3GM2N']"}
2026-08-21T07:40:26.176396712Z {"timestamp": 1787298026.1754231, "severity": "INFO", "name": "recommendationservice-server", "message": "[Recv ListRecommendations] product_ids=['6E92ZMYYFZ', '1YMWWN1N4O', 'LS4PSXUNUM', '0PUK6V6EV0', '9SIQT8TOJO']"}
2026-08-21T07:40:26.703566118Z {"timestamp": 1787298026.7024062, "severity": "INFO", "name": "recommendationservice-server", "message": "[Recv ListRecommendations] product_ids=['2ZYFJ3GM2N', 'L9ECAV7KIM', '9SIQT8TOJO', 'LS4PSXUNUM', '66VCHSJNUP']"}
2026-08-21T07:40:26.977889172Z {"timestamp": 1787298026.976413, "severity": "INFO", "name": "recommendationservice-server", "message": "[Recv ListRecommendations] product_ids=['L9ECAV7KIM', '6E92ZMYYFZ', '66VCHSJNUP', '9SIQT8TOJO', '0PUK6V6EV0']"}
2026-08-21T07:40:27.084593081Z {"timestamp": 1787298027.0837402, "severity": "INFO", "name": "recommendationservice-server", "message": "[Recv ListRecommendations] product_ids=['2ZYFJ3GM2N', '66VCHSJNUP', 'OLJCESPC7Z', '6E92ZMYYFZ', 'L9ECAV7KIM']"}
2026-08-21T07:40:27.303307563Z {"timestamp": 1787298027.302501, "severity": "INFO", "name": "recommendationservice-server", "message": "[Recv ListRecommendations] product_ids=['OLJCESPC7Z', 'L9ECAV7KIM', '66VCHSJNUP', '0PUK6V6EV0', 'LS4PSXUNUM']"}
2026-08-21T07:40:27.818766258Z {"timestamp": 1787298027.8182971, "severity": "INFO", "name": "recommendationservice-server", "message": "[Recv ListRecommendations] product_ids=['L9ECAV7KIM', '9SIQT8TOJO', 'LS4PSXUNUM', '0PUK6V6EV0', '1YMWWN1N4O']"}
2026-08-21T07:40:27.838709012Z {"timestamp": 1787298027.8381355, "severity": "INFO", "name": "recommendationservice-server", "message": "[Recv ListRecommendations] product_ids=['OLJCESPC7Z', '0PUK6V6EV0', 'LS4PSXUNUM', 'L9ECAV7KIM', '66VCHSJNUP']"}
2026-08-21T07:40:28.340885240Z {"timestamp": 1787298028.3404746, "severity": "INFO", "name": "recommendationservice-server", "message": "[Recv ListRecommendations] product_ids=['L9ECAV7KIM', 'LS4PSXUNUM', '1YMWWN1N4O', '0PUK6V6EV0', '2ZYFJ3GM2N']"}
2026-08-21T07:40:28.357895215Z {"timestamp": 1787298028.3574586, "severity": "INFO", "name": "recommendationservice-server", "message": "[Recv ListRecommendations] product_ids=['1YMWWN1N4O', 'LS4PSXUNUM', 'L9ECAV7KIM', 'OLJCESPC7Z', '6E92ZMYYFZ']"}
2026-08-21T07:40:29.484765859Z {"timestamp": 1787298029.483614, "severity": "INFO", "name": "recommendationservice-server", "message": "[Recv ListRecommendations] product_ids=['1YMWWN1N4O', '66VCHSJNUP', '2ZYFJ3GM2N', '9SIQT8TOJO', 'LS4PSXUNUM']"}
2026-08-21T07:40:29.878471164Z {"timestamp": 1787298029.8772418, "severity": "INFO", "name": "recommendationservice-server", "message": "[Recv ListRecommendations] product_ids=['1YMWWN1N4O', '66VCHSJNUP', '6E92ZMYYFZ', 'L9ECAV7KIM', 'OLJCESPC7Z']"}
2026-08-21T07:40:29.983425772Z {"timestamp": 1787298029.9827478, "severity": "INFO", "name": "recommendationservice-server", "message": "[Recv ListRecommendations] product_ids=['0PUK6V6EV0', '2ZYFJ3GM2N', 'L9ECAV7KIM', '1YMWWN1N4O', '6E92ZMYYFZ']"}
2026-08-21T07:40:30.120833708Z {"timestamp": 1787298030.1200554, "severity": "INFO", "name": "recommendationservice-server", "message": "[Recv ListRecommendations] product_ids=['LS4PSXUNUM', 'L9ECAV7KIM', '9SIQT8TOJO', '1YMWWN1N4O', '66VCHSJNUP']"}
2026-08-21T07:40:30.132473783Z {"timestamp": 1787298030.1319067, "severity": "INFO", "name": "recommendationservice-server", "message": "[Recv ListRecommendations] product_ids=['1YMWWN1N4O', '66VCHSJNUP', '6E92ZMYYFZ', '2ZYFJ3GM2N', '9SIQT8TOJO']"}
2026-08-21T07:40:30.274680192Z {"timestamp": 1787298030.2739773, "severity": "INFO", "name": "recommendationservice-server", "message": "[Recv ListRecommendations] product_ids=['1YMWWN1N4O', 'OLJCESPC7Z', '66VCHSJNUP', 'LS4PSXUNUM', '0PUK6V6EV0']"}
2026-08-21T07:40:30.407451982Z {"timestamp": 1787298030.4065301, "severity": "INFO", "name": "recommendationservice-server", "message": "[Recv ListRecommendations] product_ids=['6E92ZMYYFZ', '2ZYFJ3GM2N', 'LS4PSXUNUM', '0PUK6V6EV0', '1YMWWN1N4O']"}
2026-08-21T07:40:31.040858122Z {"timestamp": 1787298031.040113, "severity": "INFO", "name": "recommendationservice-server", "message": "[Recv ListRecommendations] product_ids=['0PUK6V6EV0', '9SIQT8TOJO', '6E92ZMYYFZ', 'LS4PSXUNUM', '1YMWWN1N4O']"}
2026-08-21T07:40:31.139901629Z {"timestamp": 1787298031.1389544, "severity": "INFO", "name": "recommendationservice-server", "message": "[Recv ListRecommendations] product_ids=['OLJCESPC7Z', '6E92ZMYYFZ', '2ZYFJ3GM2N', '0PUK6V6EV0', '1YMWWN1N4O']"}
2026-08-21T07:40:32.253282692Z {"timestamp": 1787298032.2515023, "severity": "INFO", "name": "recommendationservice-server", "message": "[Recv ListRecommendations] product_ids=['2ZYFJ3GM2N', '6E92ZMYYFZ', '66VCHSJNUP', '9SIQT8TOJO', '0PUK6V6EV0']"}
2026-08-21T07:40:32.424000595Z {"timestamp": 1787298032.4235222, "severity": "INFO", "name": "recommendationservice-server", "message": "[Recv ListRecommendations] product_ids=['6E92ZMYYFZ', 'LS4PSXUNUM', '2ZYFJ3GM2N', 'OLJCESPC7Z', 'L9ECAV7KIM']"}
2026-08-21T07:40:33.012022024Z {"timestamp": 1787298033.0108535, "severity": "INFO", "name": "recommendationservice-server", "message": "[Recv ListRecommendations] product_ids=['2ZYFJ3GM2N', 'OLJCESPC7Z', '9SIQT8TOJO', '6E92ZMYYFZ', 'LS4PSXUNUM']"}
2026-08-21T07:40:33.169208846Z {"timestamp": 1787298033.1685405, "severity": "INFO", "name": "recommendationservice-server", "message": "[Recv ListRecommendations] product_ids=['9SIQT8TOJO', 'OLJCESPC7Z', 'LS4PSXUNUM', '6E92ZMYYFZ', '0PUK6V6EV0']"}
2026-08-21T07:40:33.322732379Z {"timestamp": 1787298033.3213773, "severity": "INFO", "name": "recommendationservice-server", "message": "[Recv ListRecommendations] product_ids=['9SIQT8TOJO', '0PUK6V6EV0', 'OLJCESPC7Z', 'LS4PSXUNUM', '66VCHSJNUP']"}
2026-08-21T07:40:33.393347255Z {"timestamp": 1787298033.3918996, "severity": "INFO", "name": "recommendationservice-server", "message": "[Recv ListRecommendations] product_ids=['LS4PSXUNUM', '66VCHSJNUP', '6E92ZMYYFZ', 'OLJCESPC7Z', '0PUK6V6EV0']"}
2026-08-21T07:40:33.579215598Z {"timestamp": 1787298033.5784724, "severity": "INFO", "name": "recommendationservice-server", "message": "[Recv ListRecommendations] product_ids=['6E92ZMYYFZ', '2ZYFJ3GM2N', 'OLJCESPC7Z', '66VCHSJNUP', 'LS4PSXUNUM']"}
2026-08-21T07:40:34.329617286Z {"timestamp": 1787298034.3286119, "severity": "INFO", "name": "recommendationservice-server", "message": "[Recv ListRecommendations] product_ids=['L9ECAV7KIM', '2ZYFJ3GM2N', '6E92ZMYYFZ', 'LS4PSXUNUM', '0PUK6V6EV0']"}
2026-08-21T07:40:34.335632455Z {"timestamp": 1787298034.3343065, "severity": "INFO", "name": "recommendationservice-server", "message": "[Recv ListRecommendations] product_ids=['L9ECAV7KIM', '6E92ZMYYFZ', '1YMWWN1N4O', 'LS4PSXUNUM', '9SIQT8TOJO']"}
2026-08-21T07:40:34.482006636Z {"timestamp": 1787298034.4806993, "severity": "INFO", "name": "recommendationservice-server", "message": "[Recv ListRecommendations] product_ids=['2ZYFJ3GM2N', 'L9ECAV7KIM']"}
2026-08-21T07:40:35.659727964Z {"timestamp": 1787298035.6587026, "severity": "INFO", "name": "recommendationservice-server", "message": "[Recv ListRecommendations] product_ids=['9SIQT8TOJO', 'L9ECAV7KIM', '6E92ZMYYFZ', 'OLJCESPC7Z', '0PUK6V6EV0']"}
2026-08-21T07:40:35.802591279Z {"timestamp": 1787298035.8013556, "severity": "INFO", "name": "recommendationservice-server", "message": "[Recv ListRecommendations] product_ids=['1YMWWN1N4O', '6E92ZMYYFZ', '9SIQT8TOJO', '0PUK6V6EV0', 'L9ECAV7KIM']"}
2026-08-21T07:40:35.963497501Z {"timestamp": 1787298035.9622962, "severity": "INFO", "name": "recommendationservice-server", "message": "[Recv ListRecommendations] product_ids=['OLJCESPC7Z', 'LS4PSXUNUM', '66VCHSJNUP', '2ZYFJ3GM2N', '0PUK6V6EV0']"}
2026-08-21T07:40:36.493443574Z {"timestamp": 1787298036.4919991, "severity": "INFO", "name": "recommendationservice-server", "message": "[Recv ListRecommendations] product_ids=['LS4PSXUNUM', '2ZYFJ3GM2N', '0PUK6V6EV0', '66VCHSJNUP', '6E92ZMYYFZ']"}
2026-08-21T07:40:37.072254120Z {"timestamp": 1787298037.0707934, "severity": "INFO", "name": "recommendationservice-server", "message": "[Recv ListRecommendations] product_ids=['9SIQT8TOJO', '6E92ZMYYFZ', '1YMWWN1N4O', '2ZYFJ3GM2N', 'LS4PSXUNUM']"}
2026-08-21T07:40:37.085669981Z {"timestamp": 1787298037.0843668, "severity": "INFO", "name": "recommendationservice-server", "message": "[Recv ListRecommendations] product_ids=['6E92ZMYYFZ', '66VCHSJNUP', 'OLJCESPC7Z', '0PUK6V6EV0', '1YMWWN1N4O']"}
2026-08-21T07:40:38.310665476Z {"timestamp": 1787298038.3100433, "severity": "INFO", "name": "recommendationservice-server", "message": "[Recv ListRecommendations] product_ids=['9SIQT8TOJO', 'OLJCESPC7Z', '2ZYFJ3GM2N', 'LS4PSXUNUM', '1YMWWN1N4O']"}
2026-08-21T07:40:38.574722662Z {"timestamp": 1787298038.573567, "severity": "INFO", "name": "recommendationservice-server", "message": "[Recv ListRecommendations] product_ids=['6E92ZMYYFZ', 'L9ECAV7KIM', '66VCHSJNUP', 'LS4PSXUNUM', '9SIQT8TOJO']"}
2026-08-21T07:40:38.634005158Z {"timestamp": 1787298038.6316297, "severity": "INFO", "name": "recommendationservice-server", "message": "[Recv ListRecommendations] product_ids=['6E92ZMYYFZ', 'L9ECAV7KIM', 'LS4PSXUNUM', '0PUK6V6EV0', 'OLJCESPC7Z']"}
2026-08-21T07:40:39.404469265Z {"timestamp": 1787298039.404052, "severity": "INFO", "name": "recommendationservice-server", "message": "[Recv ListRecommendations] product_ids=['66VCHSJNUP', '6E92ZMYYFZ', '9SIQT8TOJO', '1YMWWN1N4O', '2ZYFJ3GM2N']"}
2026-08-21T07:40:39.425182552Z {"timestamp": 1787298039.4245822, "severity": "INFO", "name": "recommendationservice-server", "message": "[Recv ListRecommendations] product_ids=['9SIQT8TOJO', '1YMWWN1N4O', 'LS4PSXUNUM', '66VCHSJNUP', '2ZYFJ3GM2N']"}
2026-08-21T07:40:39.914427367Z {"timestamp": 1787298039.9140186, "severity": "INFO", "name": "recommendationservice-server", "message": "[Recv ListRecommendations] product_ids=['2ZYFJ3GM2N', '66VCHSJNUP', '0PUK6V6EV0', '1YMWWN1N4O', '6E92ZMYYFZ']"}
2026-08-21T07:40:40.367789413Z {"timestamp": 1787298040.367304, "severity": "INFO", "name": "recommendationservice-server", "message": "[Recv ListRecommendations] product_ids=['2ZYFJ3GM2N', 'LS4PSXUNUM', '9SIQT8TOJO', 'L9ECAV7KIM', 'OLJCESPC7Z']"}
2026-08-21T07:40:40.609221198Z {"timestamp": 1787298040.6087549, "severity": "INFO", "name": "recommendationservice-server", "message": "[Recv ListRecommendations] product_ids=['2ZYFJ3GM2N', '1YMWWN1N4O', '9SIQT8TOJO', 'OLJCESPC7Z', 'L9ECAV7KIM']"}
2026-08-21T07:40:40.615703458Z {"timestamp": 1787298040.615156, "severity": "INFO", "name": "recommendationservice-server", "message": "[Recv ListRecommendations] product_ids=['6E92ZMYYFZ', 'OLJCESPC7Z', 'L9ECAV7KIM', '66VCHSJNUP', '2ZYFJ3GM2N']"}
2026-08-21T07:40:40.713552961Z {"timestamp": 1787298040.7131872, "severity": "INFO", "name": "recommendationservice-server", "message": "[Recv ListRecommendations] product_ids=['2ZYFJ3GM2N', '9SIQT8TOJO', '6E92ZMYYFZ', '1YMWWN1N4O', '66VCHSJNUP']"}
2026-08-21T07:40:40.741677061Z {"timestamp": 1787298040.7413187, "severity": "INFO", "name": "recommendationservice-server", "message": "[Recv ListRecommendations] product_ids=['OLJCESPC7Z', 'LS4PSXUNUM', '66VCHSJNUP', '2ZYFJ3GM2N', '0PUK6V6EV0']"}
2026-08-21T07:40:40.884196870Z {"timestamp": 1787298040.8831656, "severity": "INFO", "name": "recommendationservice-server", "message": "[Recv ListRecommendations] product_ids=['LS4PSXUNUM', 'OLJCESPC7Z', '2ZYFJ3GM2N', 'L9ECAV7KIM', '1YMWWN1N4O']"}
2026-08-21T07:40:42.488466343Z {"timestamp": 1787298042.4874823, "severity": "INFO", "name": "recommendationservice-server", "message": "[Recv ListRecommendations] product_ids=['OLJCESPC7Z', '2ZYFJ3GM2N', 'L9ECAV7KIM', '0PUK6V6EV0', 'LS4PSXUNUM']"}
2026-08-21T07:40:42.562823304Z {"timestamp": 1787298042.5624492, "severity": "INFO", "name": "recommendationservice-server", "message": "[Recv ListRecommendations] product_ids=['9SIQT8TOJO', 'LS4PSXUNUM', 'OLJCESPC7Z', '66VCHSJNUP', '6E92ZMYYFZ']"}
2026-08-21T07:40:42.571430112Z {"timestamp": 1787298042.5708594, "severity": "INFO", "name": "recommendationservice-server", "message": "[Recv ListRecommendations] product_ids=['LS4PSXUNUM', 'OLJCESPC7Z', '1YMWWN1N4O', '66VCHSJNUP', '6E92ZMYYFZ']"}
2026-08-21T07:40:43.814595427Z {"timestamp": 1787298043.8139813, "severity": "INFO", "name": "recommendationservice-server", "message": "[Recv ListRecommendations] product_ids=['1YMWWN1N4O', 'L9ECAV7KIM', 'OLJCESPC7Z', 'LS4PSXUNUM', '0PUK6V6EV0']"}
2026-08-21T07:40:43.843281319Z {"timestamp": 1787298043.8426151, "severity": "INFO", "name": "recommendationservice-server", "message": "[Recv ListRecommendations] product_ids=['L9ECAV7KIM']"}
2026-08-21T07:40:44.510633462Z {"timestamp": 1787298044.509194, "severity": "INFO", "name": "recommendationservice-server", "message": "[Recv ListRecommendations] product_ids=['2ZYFJ3GM2N', 'OLJCESPC7Z', 'LS4PSXUNUM', '66VCHSJNUP', '0PUK6V6EV0']"}
2026-08-21T07:40:44.884868767Z {"timestamp": 1787298044.883189, "severity": "INFO", "name": "recommendationservice-server", "message": "[Recv ListRecommendations] product_ids=['OLJCESPC7Z', '1YMWWN1N4O', '66VCHSJNUP', '0PUK6V6EV0', '6E92ZMYYFZ']"}
2026-08-21T07:40:44.971695168Z {"timestamp": 1787298044.9701006, "severity": "INFO", "name": "recommendationservice-server", "message": "[Recv ListRecommendations] product_ids=['2ZYFJ3GM2N', '6E92ZMYYFZ', 'LS4PSXUNUM', '9SIQT8TOJO', '0PUK6V6EV0']"}
2026-08-21T07:40:45.430962079Z {"timestamp": 1787298045.4299843, "severity": "INFO", "name": "recommendationservice-server", "message": "[Recv ListRecommendations] product_ids=['OLJCESPC7Z', 'LS4PSXUNUM', '0PUK6V6EV0', '2ZYFJ3GM2N', 'L9ECAV7KIM']"}
2026-08-21T07:40:45.860958404Z {"timestamp": 1787298045.859798, "severity": "INFO", "name": "recommendationservice-server", "message": "[Recv ListRecommendations] product_ids=['9SIQT8TOJO', '6E92ZMYYFZ', '66VCHSJNUP', '0PUK6V6EV0', 'LS4PSXUNUM']"}
2026-08-21T07:40:46.144756388Z {"timestamp": 1787298046.1436408, "severity": "INFO", "name": "recommendationservice-server", "message": "[Recv ListRecommendations] product_ids=['2ZYFJ3GM2N', '1YMWWN1N4O', '9SIQT8TOJO', 'L9ECAV7KIM', '6E92ZMYYFZ']"}
2026-08-21T07:40:46.247017758Z {"timestamp": 1787298046.2456074, "severity": "INFO", "name": "recommendationservice-server", "message": "[Recv ListRecommendations] product_ids=['1YMWWN1N4O', '6E92ZMYYFZ', '9SIQT8TOJO', '2ZYFJ3GM2N', '0PUK6V6EV0']"}
2026-08-21T07:40:46.622196520Z {"timestamp": 1787298046.6203356, "severity": "INFO", "name": "recommendationservice-server", "message": "[Recv ListRecommendations] product_ids=['66VCHSJNUP', '1YMWWN1N4O', '6E92ZMYYFZ', 'LS4PSXUNUM', 'L9ECAV7KIM']"}
2026-08-21T07:40:47.476816541Z {"timestamp": 1787298047.4757576, "severity": "INFO", "name": "recommendationservice-server", "message": "[Recv ListRecommendations] product_ids=['2ZYFJ3GM2N', '6E92ZMYYFZ', '9SIQT8TOJO', 'OLJCESPC7Z', 'LS4PSXUNUM']"}
2026-08-21T07:40:47.562304178Z {"timestamp": 1787298047.5617914, "severity": "INFO", "name": "recommendationservice-server", "message": "[Recv ListRecommendations] product_ids=['66VCHSJNUP', '2ZYFJ3GM2N', 'OLJCESPC7Z', '1YMWWN1N4O', '0PUK6V6EV0']"}
2026-08-21T07:40:47.684393181Z {"timestamp": 1787298047.6834, "severity": "INFO", "name": "recommendationservice-server", "message": "[Recv ListRecommendations] product_ids=['L9ECAV7KIM', 'OLJCESPC7Z', '2ZYFJ3GM2N', '6E92ZMYYFZ', '9SIQT8TOJO']"}
2026-08-21T07:40:47.823020980Z {"timestamp": 1787298047.8226326, "severity": "INFO", "name": "recommendationservice-server", "message": "[Recv ListRecommendations] product_ids=['66VCHSJNUP', '0PUK6V6EV0', 'L9ECAV7KIM', 'LS4PSXUNUM', '1YMWWN1N4O']"}
2026-08-21T07:40:48.058986947Z {"timestamp": 1787298048.0578341, "severity": "INFO", "name": "recommendationservice-server", "message": "[Recv ListRecommendations] product_ids=['9SIQT8TOJO', '1YMWWN1N4O', '6E92ZMYYFZ', 'LS4PSXUNUM', 'OLJCESPC7Z']"}
2026-08-21T07:40:48.439995760Z {"timestamp": 1787298048.4367163, "severity": "INFO", "name": "recommendationservice-server", "message": "[Recv ListRecommendations] product_ids=['0PUK6V6EV0', '2ZYFJ3GM2N', 'OLJCESPC7Z', '6E92ZMYYFZ', 'L9ECAV7KIM']"}
2026-08-21T07:40:48.680630588Z {"timestamp": 1787298048.6796215, "severity": "INFO", "name": "recommendationservice-server", "message": "[Recv ListRecommendations] product_ids=['L9ECAV7KIM', '0PUK6V6EV0', '2ZYFJ3GM2N', '1YMWWN1N4O', '6E92ZMYYFZ']"}
2026-08-21T07:40:49.457271197Z {"timestamp": 1787298049.456247, "severity": "INFO", "name": "recommendationservice-server", "message": "[Recv ListRecommendations] product_ids=['1YMWWN1N4O', '66VCHSJNUP', '9SIQT8TOJO', '6E92ZMYYFZ', 'OLJCESPC7Z']"}
2026-08-21T07:40:49.701555521Z {"timestamp": 1787298049.7005696, "severity": "INFO", "name": "recommendationservice-server", "message": "[Recv ListRecommendations] product_ids=['0PUK6V6EV0', '66VCHSJNUP', 'L9ECAV7KIM', 'LS4PSXUNUM', 'OLJCESPC7Z']"}
2026-08-21T07:40:50.370648197Z {"timestamp": 1787298050.369543, "severity": "INFO", "name": "recommendationservice-server", "message": "[Recv ListRecommendations] product_ids=['0PUK6V6EV0', 'L9ECAV7KIM', '66VCHSJNUP', '1YMWWN1N4O', 'OLJCESPC7Z']"}
2026-08-21T07:40:50.432895244Z {"timestamp": 1787298050.4321156, "severity": "INFO", "name": "recommendationservice-server", "message": "[Recv ListRecommendations] product_ids=['1YMWWN1N4O', '6E92ZMYYFZ', 'L9ECAV7KIM', '2ZYFJ3GM2N', 'OLJCESPC7Z']"}
2026-08-21T07:40:50.764650027Z {"timestamp": 1787298050.7636218, "severity": "INFO", "name": "recommendationservice-server", "message": "[Recv ListRecommendations] product_ids=['OLJCESPC7Z', '1YMWWN1N4O', '0PUK6V6EV0', '6E92ZMYYFZ', 'LS4PSXUNUM']"}
2026-08-21T07:40:51.433375344Z {"timestamp": 1787298051.4321067, "severity": "INFO", "name": "recommendationservice-server", "message": "[Recv ListRecommendations] product_ids=['0PUK6V6EV0', '66VCHSJNUP', '6E92ZMYYFZ', 'OLJCESPC7Z', 'LS4PSXUNUM']"}
2026-08-21T07:40:52.116898772Z {"timestamp": 1787298052.1155777, "severity": "INFO", "name": "recommendationservice-server", "message": "[Recv ListRecommendations] product_ids=['6E92ZMYYFZ', '2ZYFJ3GM2N', '9SIQT8TOJO', '66VCHSJNUP', '1YMWWN1N4O']"}
2026-08-21T07:40:52.219224153Z {"timestamp": 1787298052.2183785, "severity": "INFO", "name": "recommendationservice-server", "message": "[Recv ListRecommendations] product_ids=['OLJCESPC7Z', 'L9ECAV7KIM', '6E92ZMYYFZ', '9SIQT8TOJO', '66VCHSJNUP']"}
2026-08-21T07:40:52.231855013Z {"timestamp": 1787298052.2309983, "severity": "INFO", "name": "recommendationservice-server", "message": "[Recv ListRecommendations] product_ids=['2ZYFJ3GM2N', '9SIQT8TOJO', 'OLJCESPC7Z', 'L9ECAV7KIM', 'LS4PSXUNUM']"}
2026-08-21T07:40:52.429616652Z {"timestamp": 1787298052.428428, "severity": "INFO", "name": "recommendationservice-server", "message": "[Recv ListRecommendations] product_ids=['66VCHSJNUP', '6E92ZMYYFZ', '9SIQT8TOJO', '1YMWWN1N4O', 'OLJCESPC7Z']"}
2026-08-21T07:40:52.433122723Z {"timestamp": 1787298052.4322546, "severity": "INFO", "name": "recommendationservice-server", "message": "[Recv ListRecommendations] product_ids=['9SIQT8TOJO', 'LS4PSXUNUM', '66VCHSJNUP', '2ZYFJ3GM2N', '1YMWWN1N4O']"}
2026-08-21T07:40:52.439619483Z {"timestamp": 1787298052.4388173, "severity": "INFO", "name": "recommendationservice-server", "message": "[Recv ListRecommendations] product_ids=['0PUK6V6EV0', 'OLJCESPC7Z', '6E92ZMYYFZ', 'L9ECAV7KIM', 'LS4PSXUNUM']"}
2026-08-21T07:40:52.533698619Z {"timestamp": 1787298052.5333622, "severity": "INFO", "name": "recommendationservice-server", "message": "[Recv ListRecommendations] product_ids=['L9ECAV7KIM']"}
2026-08-21T07:40:52.664562853Z {"timestamp": 1787298052.6641746, "severity": "INFO", "name": "recommendationservice-server", "message": "[Recv ListRecommendations] product_ids=['OLJCESPC7Z', 'LS4PSXUNUM', 'L9ECAV7KIM', '2ZYFJ3GM2N', '1YMWWN1N4O']"}
2026-08-21T07:40:55.444025223Z {"timestamp": 1787298055.4428935, "severity": "INFO", "name": "recommendationservice-server", "message": "[Recv ListRecommendations] product_ids=['L9ECAV7KIM', '0PUK6V6EV0', '6E92ZMYYFZ', '9SIQT8TOJO', '2ZYFJ3GM2N']"}
2026-08-21T07:40:55.824543455Z {"timestamp": 1787298055.8224604, "severity": "INFO", "name": "recommendationservice-server", "message": "[Recv ListRecommendations] product_ids=['9SIQT8TOJO', '0PUK6V6EV0', 'OLJCESPC7Z', '66VCHSJNUP', '1YMWWN1N4O']"}
2026-08-21T07:40:55.926449972Z {"timestamp": 1787298055.9258087, "severity": "INFO", "name": "recommendationservice-server", "message": "[Recv ListRecommendations] product_ids=['1YMWWN1N4O', '9SIQT8TOJO', 'L9ECAV7KIM', 'OLJCESPC7Z', '0PUK6V6EV0']"}
2026-08-21T07:40:56.172375882Z {"timestamp": 1787298056.1712248, "severity": "INFO", "name": "recommendationservice-server", "message": "[Recv ListRecommendations] product_ids=['66VCHSJNUP', '9SIQT8TOJO', '1YMWWN1N4O', '0PUK6V6EV0', '2ZYFJ3GM2N']"}
2026-08-21T07:40:56.502562653Z {"timestamp": 1787298056.5015523, "severity": "INFO", "name": "recommendationservice-server", "message": "[Recv ListRecommendations] product_ids=['OLJCESPC7Z', 'LS4PSXUNUM', '66VCHSJNUP', '1YMWWN1N4O', '9SIQT8TOJO']"}
2026-08-21T07:40:56.983070603Z {"timestamp": 1787298056.9817913, "severity": "INFO", "name": "recommendationservice-server", "message": "[Recv ListRecommendations] product_ids=['6E92ZMYYFZ', '2ZYFJ3GM2N', '1YMWWN1N4O', '9SIQT8TOJO', 'L9ECAV7KIM']"}
2026-08-21T07:40:57.949077080Z {"timestamp": 1787298057.948603, "severity": "INFO", "name": "recommendationservice-server", "message": "[Recv ListRecommendations] product_ids=['0PUK6V6EV0', 'OLJCESPC7Z', '9SIQT8TOJO', '6E92ZMYYFZ', 'LS4PSXUNUM']"}
2026-08-21T07:40:58.676570406Z {"timestamp": 1787298058.6754873, "severity": "INFO", "name": "recommendationservice-server", "message": "[Recv ListRecommendations] product_ids=['66VCHSJNUP', '2ZYFJ3GM2N', '6E92ZMYYFZ', 'OLJCESPC7Z', '0PUK6V6EV0']"}
2026-08-21T07:40:58.803602146Z {"timestamp": 1787298058.8023434, "severity": "INFO", "name": "recommendationservice-server", "message": "[Recv ListRecommendations] product_ids=['LS4PSXUNUM', 'OLJCESPC7Z', '6E92ZMYYFZ', '9SIQT8TOJO', '1YMWWN1N4O']"}
2026-08-21T07:40:59.205924684Z {"timestamp": 1787298059.2045, "severity": "INFO", "name": "recommendationservice-server", "message": "[Recv ListRecommendations] product_ids=['0PUK6V6EV0', 'OLJCESPC7Z', '66VCHSJNUP', '2ZYFJ3GM2N', '1YMWWN1N4O']"}
2026-08-21T07:40:59.270239329Z {"timestamp": 1787298059.2697406, "severity": "INFO", "name": "recommendationservice-server", "message": "[Recv ListRecommendations] product_ids=['9SIQT8TOJO', '0PUK6V6EV0', '6E92ZMYYFZ', '66VCHSJNUP', 'OLJCESPC7Z']"}
2026-08-21T07:41:00.218456829Z {"timestamp": 1787298060.2179224, "severity": "INFO", "name": "recommendationservice-server", "message": "[Recv ListRecommendations] product_ids=['2ZYFJ3GM2N', 'OLJCESPC7Z', '1YMWWN1N4O', '9SIQT8TOJO', '66VCHSJNUP']"}
2026-08-21T07:41:00.268316516Z {"timestamp": 1787298060.26756, "severity": "INFO", "name": "recommendationservice-server", "message": "[Recv ListRecommendations] product_ids=['9SIQT8TOJO', 'OLJCESPC7Z', '2ZYFJ3GM2N', '1YMWWN1N4O', 'L9ECAV7KIM']"}
2026-08-21T07:41:00.766804374Z {"timestamp": 1787298060.7656348, "severity": "INFO", "name": "recommendationservice-server", "message": "[Recv ListRecommendations] product_ids=['1YMWWN1N4O', '2ZYFJ3GM2N', 'OLJCESPC7Z', 'L9ECAV7KIM', '66VCHSJNUP']"}
2026-08-21T07:41:00.931276962Z {"timestamp": 1787298060.9300423, "severity": "INFO", "name": "recommendationservice-server", "message": "[Recv ListRecommendations] product_ids=['2ZYFJ3GM2N', '1YMWWN1N4O', 'L9ECAV7KIM', '66VCHSJNUP', 'OLJCESPC7Z']"}
2026-08-21T07:41:01.051522643Z {"timestamp": 1787298061.0510128, "severity": "INFO", "name": "recommendationservice-server", "message": "[Recv ListRecommendations] product_ids=['1YMWWN1N4O', '2ZYFJ3GM2N', '66VCHSJNUP', 'OLJCESPC7Z', '6E92ZMYYFZ']"}
2026-08-21T07:41:01.651373127Z {"timestamp": 1787298061.6499438, "severity": "INFO", "name": "recommendationservice-server", "message": "[Recv ListRecommendations] product_ids=['0PUK6V6EV0', '6E92ZMYYFZ', 'LS4PSXUNUM', 'L9ECAV7KIM', '66VCHSJNUP']"}
2026-08-21T07:41:02.057461060Z {"timestamp": 1787298062.0558968, "severity": "INFO", "name": "recommendationservice-server", "message": "[Recv ListRecommendations] product_ids=['0PUK6V6EV0', '6E92ZMYYFZ', '9SIQT8TOJO', '2ZYFJ3GM2N', 'OLJCESPC7Z']"}
2026-08-21T07:41:02.498116956Z {"timestamp": 1787298062.4977593, "severity": "INFO", "name": "recommendationservice-server", "message": "[Recv ListRecommendations] product_ids=['2ZYFJ3GM2N', '6E92ZMYYFZ', '0PUK6V6EV0', '66VCHSJNUP', '9SIQT8TOJO']"}
2026-08-21T07:41:02.516445201Z {"timestamp": 1787298062.5160024, "severity": "INFO", "name": "recommendationservice-server", "message": "[Recv ListRecommendations] product_ids=['LS4PSXUNUM', '66VCHSJNUP', '6E92ZMYYFZ', 'L9ECAV7KIM', 'OLJCESPC7Z']"}
2026-08-21T07:41:02.864769077Z {"timestamp": 1787298062.8631175, "severity": "INFO", "name": "recommendationservice-server", "message": "[Recv ListRecommendations] product_ids=['OLJCESPC7Z', '6E92ZMYYFZ', '66VCHSJNUP', '2ZYFJ3GM2N', '1YMWWN1N4O']"}
2026-08-21T07:41:02.960027087Z {"timestamp": 1787298062.9595225, "severity": "INFO", "name": "recommendationservice-server", "message": "[Recv ListRecommendations] product_ids=['OLJCESPC7Z', 'L9ECAV7KIM', '0PUK6V6EV0', '2ZYFJ3GM2N', '1YMWWN1N4O']"}
2026-08-21T07:41:03.618650965Z {"timestamp": 1787298063.6172462, "severity": "INFO", "name": "recommendationservice-server", "message": "[Recv ListRecommendations] product_ids=['LS4PSXUNUM', '9SIQT8TOJO', '2ZYFJ3GM2N', '1YMWWN1N4O', '66VCHSJNUP']"}
2026-08-21T07:41:03.903249238Z {"timestamp": 1787298063.9012327, "severity": "INFO", "name": "recommendationservice-server", "message": "[Recv ListRecommendations] product_ids=['L9ECAV7KIM', '2ZYFJ3GM2N', '66VCHSJNUP', '9SIQT8TOJO', '6E92ZMYYFZ']"}
2026-08-21T07:41:04.669322953Z {"timestamp": 1787298064.6676917, "severity": "INFO", "name": "recommendationservice-server", "message": "[Recv ListRecommendations] product_ids=['6E92ZMYYFZ', '9SIQT8TOJO', 'L9ECAV7KIM', '66VCHSJNUP', 'LS4PSXUNUM']"}
2026-08-21T07:41:04.770942012Z {"timestamp": 1787298064.7697434, "severity": "INFO", "name": "recommendationservice-server", "message": "[Recv ListRecommendations] product_ids=['66VCHSJNUP', 'L9ECAV7KIM', 'OLJCESPC7Z', '9SIQT8TOJO', 'LS4PSXUNUM']"}
2026-08-21T07:41:06.261582703Z {"timestamp": 1787298066.2602367, "severity": "INFO", "name": "recommendationservice-server", "message": "[Recv ListRecommendations] product_ids=['2ZYFJ3GM2N', '1YMWWN1N4O', 'LS4PSXUNUM', '6E92ZMYYFZ', '66VCHSJNUP']"}
2026-08-21T07:41:06.466143297Z {"timestamp": 1787298066.4650905, "severity": "INFO", "name": "recommendationservice-server", "message": "[Recv ListRecommendations] product_ids=['OLJCESPC7Z', '2ZYFJ3GM2N', '6E92ZMYYFZ', '0PUK6V6EV0', 'LS4PSXUNUM']"}
2026-08-21T07:41:06.528837162Z {"timestamp": 1787298066.5275683, "severity": "INFO", "name": "recommendationservice-server", "message": "[Recv ListRecommendations] product_ids=['66VCHSJNUP', 'LS4PSXUNUM', '2ZYFJ3GM2N', 'OLJCESPC7Z', '0PUK6V6EV0']"}
2026-08-21T07:41:06.780823384Z {"timestamp": 1787298066.7792394, "severity": "INFO", "name": "recommendationservice-server", "message": "[Recv ListRecommendations] product_ids=['2ZYFJ3GM2N', 'OLJCESPC7Z', '0PUK6V6EV0', 'LS4PSXUNUM', '66VCHSJNUP']"}
2026-08-21T07:41:06.785568617Z {"timestamp": 1787298066.783884, "severity": "INFO", "name": "recommendationservice-server", "message": "[Recv ListRecommendations] product_ids=['9SIQT8TOJO', 'OLJCESPC7Z', '2ZYFJ3GM2N', '6E92ZMYYFZ', '1YMWWN1N4O']"}
2026-08-21T07:41:07.224281553Z {"timestamp": 1787298067.2230647, "severity": "INFO", "name": "recommendationservice-server", "message": "[Recv ListRecommendations] product_ids=['66VCHSJNUP', '9SIQT8TOJO', '1YMWWN1N4O', 'LS4PSXUNUM', '2ZYFJ3GM2N']"}
2026-08-21T07:41:08.091711692Z {"timestamp": 1787298068.0901809, "severity": "INFO", "name": "recommendationservice-server", "message": "[Recv ListRecommendations] product_ids=['2ZYFJ3GM2N', 'L9ECAV7KIM', '0PUK6V6EV0', '66VCHSJNUP', '6E92ZMYYFZ']"}
2026-08-21T07:41:08.424796734Z {"timestamp": 1787298068.423182, "severity": "INFO", "name": "recommendationservice-server", "message": "[Recv ListRecommendations] product_ids=['2ZYFJ3GM2N', 'L9ECAV7KIM', '0PUK6V6EV0', '66VCHSJNUP', 'OLJCESPC7Z']"}
2026-08-21T07:41:08.535095051Z {"timestamp": 1787298068.5337772, "severity": "INFO", "name": "recommendationservice-server", "message": "[Recv ListRecommendations] product_ids=['OLJCESPC7Z', '1YMWWN1N4O', '2ZYFJ3GM2N', '0PUK6V6EV0', '66VCHSJNUP']"}
2026-08-21T07:41:08.618258947Z {"timestamp": 1787298068.6177287, "severity": "INFO", "name": "recommendationservice-server", "message": "[Recv ListRecommendations] product_ids=['6E92ZMYYFZ', '66VCHSJNUP', '9SIQT8TOJO', '2ZYFJ3GM2N', '1YMWWN1N4O']"}
2026-08-21T07:41:08.621580990Z {"timestamp": 1787298068.620347, "severity": "INFO", "name": "recommendationservice-server", "message": "[Recv ListRecommendations] product_ids=['OLJCESPC7Z', '0PUK6V6EV0', '6E92ZMYYFZ', 'LS4PSXUNUM', '9SIQT8TOJO']"}
2026-08-21T07:41:09.658699370Z {"timestamp": 1787298069.6572244, "severity": "INFO", "name": "recommendationservice-server", "message": "[Recv ListRecommendations] product_ids=['L9ECAV7KIM', '6E92ZMYYFZ', '0PUK6V6EV0', '1YMWWN1N4O', 'OLJCESPC7Z']"}
2026-08-21T07:41:09.762027957Z {"timestamp": 1787298069.7614486, "severity": "INFO", "name": "recommendationservice-server", "message": "[Recv ListRecommendations] product_ids=['OLJCESPC7Z', '6E92ZMYYFZ', 'L9ECAV7KIM', '9SIQT8TOJO', 'LS4PSXUNUM']"}
2026-08-21T07:41:11.277460139Z {"timestamp": 1787298071.2770252, "severity": "INFO", "name": "recommendationservice-server", "message": "[Recv ListRecommendations] product_ids=['0PUK6V6EV0', '2ZYFJ3GM2N', 'OLJCESPC7Z', 'L9ECAV7KIM', '9SIQT8TOJO']"}
2026-08-21T07:41:11.476766933Z {"timestamp": 1787298071.4750223, "severity": "INFO", "name": "recommendationservice-server", "message": "[Recv ListRecommendations] product_ids=['LS4PSXUNUM', '1YMWWN1N4O', '66VCHSJNUP', '0PUK6V6EV0', '6E92ZMYYFZ']"}
2026-08-21T07:41:11.687957558Z {"timestamp": 1787298071.6866837, "severity": "INFO", "name": "recommendationservice-server", "message": "[Recv ListRecommendations] product_ids=['66VCHSJNUP', '0PUK6V6EV0', 'OLJCESPC7Z', '6E92ZMYYFZ', '2ZYFJ3GM2N']"}
2026-08-21T07:41:11.799870847Z {"timestamp": 1787298071.7988424, "severity": "INFO", "name": "recommendationservice-server", "message": "[Recv ListRecommendations] product_ids=['2ZYFJ3GM2N', '66VCHSJNUP', '1YMWWN1N4O', '9SIQT8TOJO']"}
2026-08-21T07:41:12.136269122Z {"timestamp": 1787298072.1352322, "severity": "INFO", "name": "recommendationservice-server", "message": "[Recv ListRecommendations] product_ids=['1YMWWN1N4O', '9SIQT8TOJO', 'L9ECAV7KIM', '66VCHSJNUP', '6E92ZMYYFZ']"}
2026-08-21T07:41:12.212681842Z {"timestamp": 1787298072.2122262, "severity": "INFO", "name": "recommendationservice-server", "message": "[Recv ListRecommendations] product_ids=['6E92ZMYYFZ', '66VCHSJNUP', 'LS4PSXUNUM', '9SIQT8TOJO', '1YMWWN1N4O']"}
2026-08-21T07:41:12.216963538Z {"timestamp": 1787298072.2160838, "severity": "INFO", "name": "recommendationservice-server", "message": "[Recv ListRecommendations] product_ids=['9SIQT8TOJO', 'OLJCESPC7Z', '0PUK6V6EV0', 'L9ECAV7KIM', '66VCHSJNUP']"}
2026-08-21T07:41:12.219810500Z {"timestamp": 1787298072.2176683, "severity": "INFO", "name": "recommendationservice-server", "message": "[Recv ListRecommendations] product_ids=['L9ECAV7KIM', 'OLJCESPC7Z', '1YMWWN1N4O', '6E92ZMYYFZ', '2ZYFJ3GM2N']"}
2026-08-21T07:41:12.962252670Z {"timestamp": 1787298072.9610713, "severity": "INFO", "name": "recommendationservice-server", "message": "[Recv ListRecommendations] product_ids=['6E92ZMYYFZ', 'OLJCESPC7Z', 'LS4PSXUNUM', '1YMWWN1N4O', 'L9ECAV7KIM']"}
2026-08-21T07:41:13.073842507Z {"timestamp": 1787298073.0731013, "severity": "INFO", "name": "recommendationservice-server", "message": "[Recv ListRecommendations] product_ids=['0PUK6V6EV0', 'LS4PSXUNUM', 'L9ECAV7KIM', '2ZYFJ3GM2N', '1YMWWN1N4O']"}
2026-08-21T07:41:13.580192905Z {"timestamp": 1787298073.5792391, "severity": "INFO", "name": "recommendationservice-server", "message": "[Recv ListRecommendations] product_ids=['1YMWWN1N4O', '9SIQT8TOJO', 'L9ECAV7KIM', '2ZYFJ3GM2N', 'LS4PSXUNUM']"}
2026-08-21T07:41:14.240759967Z {"timestamp": 1787298074.2392924, "severity": "INFO", "name": "recommendationservice-server", "message": "[Recv ListRecommendations] product_ids=['0PUK6V6EV0', 'LS4PSXUNUM', '1YMWWN1N4O', '6E92ZMYYFZ', 'OLJCESPC7Z']"}
2026-08-21T07:41:14.333781086Z {"timestamp": 1787298074.3327332, "severity": "INFO", "name": "recommendationservice-server", "message": "[Recv ListRecommendations] product_ids=['2ZYFJ3GM2N', '1YMWWN1N4O', 'L9ECAV7KIM', '0PUK6V6EV0', 'OLJCESPC7Z']"}
2026-08-21T07:41:14.428308450Z {"timestamp": 1787298074.4271665, "severity": "INFO", "name": "recommendationservice-server", "message": "[Recv ListRecommendations] product_ids=['OLJCESPC7Z', '1YMWWN1N4O', '0PUK6V6EV0', '9SIQT8TOJO', 'L9ECAV7KIM']"}
2026-08-21T07:41:14.739112665Z {"timestamp": 1787298074.737868, "severity": "INFO", "name": "recommendationservice-server", "message": "[Recv ListRecommendations] product_ids=['OLJCESPC7Z', 'LS4PSXUNUM', '1YMWWN1N4O', '66VCHSJNUP', '9SIQT8TOJO']"}
2026-08-21T07:41:15.082542683Z {"timestamp": 1787298075.081365, "severity": "INFO", "name": "recommendationservice-server", "message": "[Recv ListRecommendations] product_ids=['2ZYFJ3GM2N', 'OLJCESPC7Z', '6E92ZMYYFZ', '9SIQT8TOJO', 'LS4PSXUNUM']"}
2026-08-21T07:41:15.573879241Z {"timestamp": 1787298075.5722992, "severity": "INFO", "name": "recommendationservice-server", "message": "[Recv ListRecommendations] product_ids=['1YMWWN1N4O', 'LS4PSXUNUM', '9SIQT8TOJO', '2ZYFJ3GM2N', '66VCHSJNUP']"}
2026-08-21T07:41:15.822940121Z {"timestamp": 1787298075.8220127, "severity": "INFO", "name": "recommendationservice-server", "message": "[Recv ListRecommendations] product_ids=['LS4PSXUNUM', '6E92ZMYYFZ', '9SIQT8TOJO', '2ZYFJ3GM2N', 'L9ECAV7KIM']"}
2026-08-21T07:41:15.977594357Z {"timestamp": 1787298075.9763622, "severity": "INFO", "name": "recommendationservice-server", "message": "[Recv ListRecommendations] product_ids=['0PUK6V6EV0', 'OLJCESPC7Z', 'L9ECAV7KIM', 'LS4PSXUNUM', '66VCHSJNUP']"}
2026-08-21T07:41:17.776744774Z {"timestamp": 1787298077.7750378, "severity": "INFO", "name": "recommendationservice-server", "message": "[Recv ListRecommendations] product_ids=['66VCHSJNUP', '0PUK6V6EV0', '1YMWWN1N4O', '6E92ZMYYFZ', '9SIQT8TOJO']"}
2026-08-21T07:41:18.010620046Z {"timestamp": 1787298078.009469, "severity": "INFO", "name": "recommendationservice-server", "message": "[Recv ListRecommendations] product_ids=['LS4PSXUNUM', 'OLJCESPC7Z', '6E92ZMYYFZ', '66VCHSJNUP', '2ZYFJ3GM2N']"}
2026-08-21T07:41:18.584817346Z {"timestamp": 1787298078.5836005, "severity": "INFO", "name": "recommendationservice-server", "message": "[Recv ListRecommendations] product_ids=['1YMWWN1N4O', '9SIQT8TOJO', '0PUK6V6EV0', '66VCHSJNUP', 'L9ECAV7KIM']"}
2026-08-21T07:41:19.312937012Z {"timestamp": 1787298079.3119414, "severity": "INFO", "name": "recommendationservice-server", "message": "[Recv ListRecommendations] product_ids=['OLJCESPC7Z', '2ZYFJ3GM2N', 'LS4PSXUNUM', '66VCHSJNUP', 'L9ECAV7KIM']"}
2026-08-21T07:41:19.425078672Z {"timestamp": 1787298079.424107, "severity": "INFO", "name": "recommendationservice-server", "message": "[Recv ListRecommendations] product_ids=['0PUK6V6EV0', 'OLJCESPC7Z', '2ZYFJ3GM2N', 'L9ECAV7KIM', '1YMWWN1N4O']"}
2026-08-21T07:41:19.623397949Z {"timestamp": 1787298079.6228979, "severity": "INFO", "name": "recommendationservice-server", "message": "[Recv ListRecommendations] product_ids=['66VCHSJNUP', '6E92ZMYYFZ', '9SIQT8TOJO', 'L9ECAV7KIM', 'OLJCESPC7Z']"}
2026-08-21T07:41:20.065523887Z {"timestamp": 1787298080.0643823, "severity": "INFO", "name": "recommendationservice-server", "message": "[Recv ListRecommendations] product_ids=['L9ECAV7KIM', '2ZYFJ3GM2N', 'OLJCESPC7Z', '6E92ZMYYFZ', '66VCHSJNUP']"}
2026-08-21T07:41:20.167144609Z {"timestamp": 1787298080.1665716, "severity": "INFO", "name": "recommendationservice-server", "message": "[Recv ListRecommendations] product_ids=['9SIQT8TOJO', 'LS4PSXUNUM', '6E92ZMYYFZ', 'OLJCESPC7Z', '2ZYFJ3GM2N']"}
2026-08-21T07:41:20.174138798Z {"timestamp": 1787298080.1733122, "severity": "INFO", "name": "recommendationservice-server", "message": "[Recv ListRecommendations] product_ids=['L9ECAV7KIM', 'LS4PSXUNUM', '0PUK6V6EV0', '2ZYFJ3GM2N', '66VCHSJNUP']"}
2026-08-21T07:41:20.524642570Z {"timestamp": 1787298080.5233147, "severity": "INFO", "name": "recommendationservice-server", "message": "[Recv ListRecommendations] product_ids=['OLJCESPC7Z', '0PUK6V6EV0', 'LS4PSXUNUM', '2ZYFJ3GM2N', '66VCHSJNUP']"}
2026-08-21T07:41:21.669642142Z {"timestamp": 1787298081.6680489, "severity": "INFO", "name": "recommendationservice-server", "message": "[Recv ListRecommendations] product_ids=['1YMWWN1N4O', '9SIQT8TOJO', '2ZYFJ3GM2N', '66VCHSJNUP', 'L9ECAV7KIM']"}
2026-08-21T07:41:21.779522950Z {"timestamp": 1787298081.7784135, "severity": "INFO", "name": "recommendationservice-server", "message": "[Recv ListRecommendations] product_ids=['66VCHSJNUP', '1YMWWN1N4O', '9SIQT8TOJO', '2ZYFJ3GM2N']"}
2026-08-21T07:41:21.867986523Z {"timestamp": 1787298081.866705, "severity": "INFO", "name": "recommendationservice-server", "message": "[Recv ListRecommendations] product_ids=['66VCHSJNUP', '1YMWWN1N4O', 'OLJCESPC7Z', '6E92ZMYYFZ', '9SIQT8TOJO']"}
2026-08-21T07:41:22.073698052Z {"timestamp": 1787298082.0726783, "severity": "INFO", "name": "recommendationservice-server", "message": "[Recv ListRecommendations] product_ids=['2ZYFJ3GM2N', 'L9ECAV7KIM', '1YMWWN1N4O', '0PUK6V6EV0', '6E92ZMYYFZ']"}
2026-08-21T07:41:22.562015281Z {"timestamp": 1787298082.5616407, "severity": "INFO", "name": "recommendationservice-server", "message": "[Recv ListRecommendations] product_ids=['9SIQT8TOJO', 'L9ECAV7KIM', 'LS4PSXUNUM', '0PUK6V6EV0', '2ZYFJ3GM2N']"}
2026-08-21T07:41:23.149351327Z {"timestamp": 1787298083.1489036, "severity": "INFO", "name": "recommendationservice-server", "message": "[Recv ListRecommendations] product_ids=['LS4PSXUNUM', 'OLJCESPC7Z', 'L9ECAV7KIM', '9SIQT8TOJO', '66VCHSJNUP']"}
2026-08-21T07:41:23.661192119Z {"timestamp": 1787298083.660192, "severity": "INFO", "name": "recommendationservice-server", "message": "[Recv ListRecommendations] product_ids=['L9ECAV7KIM', 'OLJCESPC7Z', '2ZYFJ3GM2N', '9SIQT8TOJO', '0PUK6V6EV0']"}
2026-08-21T07:41:23.727117083Z {"timestamp": 1787298083.7266781, "severity": "INFO", "name": "recommendationservice-server", "message": "[Recv ListRecommendations] product_ids=['L9ECAV7KIM', '2ZYFJ3GM2N', '1YMWWN1N4O', '66VCHSJNUP', '0PUK6V6EV0']"}
2026-08-21T07:41:23.832338165Z {"timestamp": 1787298083.8313472, "severity": "INFO", "name": "recommendationservice-server", "message": "[Recv ListRecommendations] product_ids=['66VCHSJNUP', 'OLJCESPC7Z', '0PUK6V6EV0', 'L9ECAV7KIM', '9SIQT8TOJO']"}
2026-08-21T07:41:24.107386889Z {"timestamp": 1787298084.1054342, "severity": "INFO", "name": "recommendationservice-server", "message": "[Recv ListRecommendations] product_ids=['LS4PSXUNUM', '6E92ZMYYFZ', 'OLJCESPC7Z', '1YMWWN1N4O', '9SIQT8TOJO']"}
2026-08-21T07:41:24.229927369Z {"timestamp": 1787298084.2287734, "severity": "INFO", "name": "recommendationservice-server", "message": "[Recv ListRecommendations] product_ids=['L9ECAV7KIM', '9SIQT8TOJO', '0PUK6V6EV0', '2ZYFJ3GM2N', '1YMWWN1N4O']"}
2026-08-21T07:41:24.469455662Z {"timestamp": 1787298084.467992, "severity": "INFO", "name": "recommendationservice-server", "message": "[Recv ListRecommendations] product_ids=['66VCHSJNUP', '2ZYFJ3GM2N', '0PUK6V6EV0', 'OLJCESPC7Z', 'L9ECAV7KIM']"}
2026-08-21T07:41:25.391535027Z {"timestamp": 1787298085.3903368, "severity": "INFO", "name": "recommendationservice-server", "message": "[Recv ListRecommendations] product_ids=['2ZYFJ3GM2N', 'LS4PSXUNUM', '0PUK6V6EV0', '66VCHSJNUP', 'OLJCESPC7Z']"}
2026-08-21T07:41:25.956785334Z {"timestamp": 1787298085.9551547, "severity": "INFO", "name": "recommendationservice-server", "message": "[Recv ListRecommendations] product_ids=['6E92ZMYYFZ', '0PUK6V6EV0', 'L9ECAV7KIM', 'LS4PSXUNUM', '9SIQT8TOJO']"}
2026-08-21T07:41:26.932085736Z {"timestamp": 1787298086.9307811, "severity": "INFO", "name": "recommendationservice-server", "message": "[Recv ListRecommendations] product_ids=['1YMWWN1N4O', 'OLJCESPC7Z', '6E92ZMYYFZ', '0PUK6V6EV0', '2ZYFJ3GM2N']"}
2026-08-21T07:41:27.447381780Z {"timestamp": 1787298087.4461365, "severity": "INFO", "name": "recommendationservice-server", "message": "[Recv ListRecommendations] product_ids=['2ZYFJ3GM2N', '9SIQT8TOJO', '0PUK6V6EV0', 'OLJCESPC7Z', 'LS4PSXUNUM']"}
2026-08-21T07:41:27.760238596Z {"timestamp": 1787298087.7597792, "severity": "INFO", "name": "recommendationservice-server", "message": "[Recv ListRecommendations] product_ids=['LS4PSXUNUM', 'L9ECAV7KIM', '6E92ZMYYFZ', '1YMWWN1N4O', '9SIQT8TOJO']"}
2026-08-21T07:41:27.781864703Z {"timestamp": 1787298087.7813296, "severity": "INFO", "name": "recommendationservice-server", "message": "[Recv ListRecommendations] product_ids=['LS4PSXUNUM', '66VCHSJNUP', 'OLJCESPC7Z', '1YMWWN1N4O', 'L9ECAV7KIM']"}
2026-08-21T07:41:27.961004838Z {"timestamp": 1787298087.9602723, "severity": "INFO", "name": "recommendationservice-server", "message": "[Recv ListRecommendations] product_ids=['66VCHSJNUP', '2ZYFJ3GM2N', 'OLJCESPC7Z', '9SIQT8TOJO', '0PUK6V6EV0']"}
2026-08-21T07:41:28.551666269Z {"timestamp": 1787298088.5505621, "severity": "INFO", "name": "recommendationservice-server", "message": "[Recv ListRecommendations] product_ids=['66VCHSJNUP', '0PUK6V6EV0', 'LS4PSXUNUM', 'OLJCESPC7Z', 'L9ECAV7KIM']"}
2026-08-21T07:41:28.879108308Z {"timestamp": 1787298088.8782344, "severity": "INFO", "name": "recommendationservice-server", "message": "[Recv ListRecommendations] product_ids=['2ZYFJ3GM2N', '1YMWWN1N4O', 'OLJCESPC7Z', 'L9ECAV7KIM', '6E92ZMYYFZ']"}
2026-08-21T07:41:29.508166313Z {"timestamp": 1787298089.506921, "severity": "INFO", "name": "recommendationservice-server", "message": "[Recv ListRecommendations] product_ids=['2ZYFJ3GM2N', '0PUK6V6EV0', '9SIQT8TOJO', '6E92ZMYYFZ', 'L9ECAV7KIM']"}
2026-08-21T07:41:29.943458754Z {"timestamp": 1787298089.942492, "severity": "INFO", "name": "recommendationservice-server", "message": "[Recv ListRecommendations] product_ids=['1YMWWN1N4O', '0PUK6V6EV0', 'LS4PSXUNUM', '6E92ZMYYFZ', '2ZYFJ3GM2N']"}
2026-08-21T07:41:30.031811386Z {"timestamp": 1787298090.0311267, "severity": "INFO", "name": "recommendationservice-server", "message": "[Recv ListRecommendations] product_ids=['LS4PSXUNUM', 'L9ECAV7KIM', '0PUK6V6EV0', '66VCHSJNUP']"}
2026-08-21T07:41:30.221683616Z {"timestamp": 1787298090.2206845, "severity": "INFO", "name": "recommendationservice-server", "message": "[Recv ListRecommendations] product_ids=['LS4PSXUNUM', '1YMWWN1N4O', '9SIQT8TOJO', '6E92ZMYYFZ', 'OLJCESPC7Z']"}
2026-08-21T07:41:30.328875845Z {"timestamp": 1787298090.3279753, "severity": "INFO", "name": "recommendationservice-server", "message": "[Recv ListRecommendations] product_ids=['LS4PSXUNUM', '9SIQT8TOJO', '1YMWWN1N4O', 'OLJCESPC7Z', 'L9ECAV7KIM']"}
2026-08-21T07:41:30.526975890Z {"timestamp": 1787298090.526067, "severity": "INFO", "name": "recommendationservice-server", "message": "[Recv ListRecommendations] product_ids=['6E92ZMYYFZ', '2ZYFJ3GM2N', 'OLJCESPC7Z', '1YMWWN1N4O', 'L9ECAV7KIM']"}
2026-08-21T07:41:30.558746626Z {"timestamp": 1787298090.5582287, "severity": "INFO", "name": "recommendationservice-server", "message": "[Recv ListRecommendations] product_ids=['9SIQT8TOJO', '6E92ZMYYFZ', 'OLJCESPC7Z', '0PUK6V6EV0', 'LS4PSXUNUM']"}
2026-08-21T07:41:30.867672504Z {"timestamp": 1787298090.8668442, "severity": "INFO", "name": "recommendationservice-server", "message": "[Recv ListRecommendations] product_ids=['OLJCESPC7Z', '2ZYFJ3GM2N', '1YMWWN1N4O', 'LS4PSXUNUM', '9SIQT8TOJO']"}
2026-08-21T07:41:31.865823461Z {"timestamp": 1787298091.8645365, "severity": "INFO", "name": "recommendationservice-server", "message": "[Recv ListRecommendations] product_ids=['0PUK6V6EV0', '66VCHSJNUP', 'L9ECAV7KIM', 'LS4PSXUNUM']"}
2026-08-21T07:41:32.153767505Z {"timestamp": 1787298092.1533332, "severity": "INFO", "name": "recommendationservice-server", "message": "[Recv ListRecommendations] product_ids=['2ZYFJ3GM2N', '66VCHSJNUP', '1YMWWN1N4O', 'LS4PSXUNUM', '9SIQT8TOJO']"}
2026-08-21T07:41:32.241757796Z {"timestamp": 1787298092.2412198, "severity": "INFO", "name": "recommendationservice-server", "message": "[Recv ListRecommendations] product_ids=['9SIQT8TOJO', '66VCHSJNUP', 'OLJCESPC7Z', '0PUK6V6EV0', 'L9ECAV7KIM']"}
2026-08-21T07:41:32.439532906Z {"timestamp": 1787298092.4378932, "severity": "INFO", "name": "recommendationservice-server", "message": "[Recv ListRecommendations] product_ids=['LS4PSXUNUM', '66VCHSJNUP', 'OLJCESPC7Z', '9SIQT8TOJO', '6E92ZMYYFZ']"}
2026-08-21T07:41:32.537117165Z {"timestamp": 1787298092.5365467, "severity": "INFO", "name": "recommendationservice-server", "message": "[Recv ListRecommendations] product_ids=['LS4PSXUNUM', 'L9ECAV7KIM', '2ZYFJ3GM2N', '9SIQT8TOJO', '6E92ZMYYFZ']"}
2026-08-21T07:41:32.732568816Z {"timestamp": 1787298092.7313743, "severity": "INFO", "name": "recommendationservice-server", "message": "[Recv ListRecommendations] product_ids=['LS4PSXUNUM', 'OLJCESPC7Z', '66VCHSJNUP', '2ZYFJ3GM2N', '9SIQT8TOJO']"}
2026-08-21T07:41:33.606565478Z {"timestamp": 1787298093.6052034, "severity": "INFO", "name": "recommendationservice-server", "message": "[Recv ListRecommendations] product_ids=['9SIQT8TOJO', 'OLJCESPC7Z', '1YMWWN1N4O', '0PUK6V6EV0', 'LS4PSXUNUM']"}
2026-08-21T07:41:34.259760442Z {"timestamp": 1787298094.258702, "severity": "INFO", "name": "recommendationservice-server", "message": "[Recv ListRecommendations] product_ids=['2ZYFJ3GM2N', '0PUK6V6EV0', '66VCHSJNUP', 'OLJCESPC7Z', 'LS4PSXUNUM']"}
2026-08-21T07:41:34.275615813Z {"timestamp": 1787298094.274901, "severity": "INFO", "name": "recommendationservice-server", "message": "[Recv ListRecommendations] product_ids=['1YMWWN1N4O', '66VCHSJNUP', '6E92ZMYYFZ', 'L9ECAV7KIM', '2ZYFJ3GM2N']"}
2026-08-21T07:41:34.470548128Z {"timestamp": 1787298094.469383, "severity": "INFO", "name": "recommendationservice-server", "message": "[Recv ListRecommendations] product_ids=['OLJCESPC7Z', '2ZYFJ3GM2N', '66VCHSJNUP', 'L9ECAV7KIM', '6E92ZMYYFZ']"}
2026-08-21T07:41:34.855522963Z {"timestamp": 1787298094.8540826, "severity": "INFO", "name": "recommendationservice-server", "message": "[Recv ListRecommendations] product_ids=['0PUK6V6EV0', '66VCHSJNUP', '1YMWWN1N4O', 'LS4PSXUNUM', '6E92ZMYYFZ']"}
2026-08-21T07:41:35.385237973Z {"timestamp": 1787298095.3844893, "severity": "INFO", "name": "recommendationservice-server", "message": "[Recv ListRecommendations] product_ids=['OLJCESPC7Z', 'LS4PSXUNUM', '9SIQT8TOJO', '66VCHSJNUP', '2ZYFJ3GM2N']"}
2026-08-21T07:41:35.659915821Z {"timestamp": 1787298095.6592371, "severity": "INFO", "name": "recommendationservice-server", "message": "[Recv ListRecommendations] product_ids=['66VCHSJNUP', 'L9ECAV7KIM', 'OLJCESPC7Z', '1YMWWN1N4O', '0PUK6V6EV0']"}
2026-08-21T07:41:35.762363536Z {"timestamp": 1787298095.7614243, "severity": "INFO", "name": "recommendationservice-server", "message": "[Recv ListRecommendations] product_ids=['6E92ZMYYFZ', '0PUK6V6EV0', '2ZYFJ3GM2N', '66VCHSJNUP', '9SIQT8TOJO']"}
2026-08-21T07:41:36.004700938Z {"timestamp": 1787298096.0042677, "severity": "INFO", "name": "recommendationservice-server", "message": "[Recv ListRecommendations] product_ids=['66VCHSJNUP', '6E92ZMYYFZ', '2ZYFJ3GM2N', '9SIQT8TOJO', '1YMWWN1N4O']"}
2026-08-21T07:41:36.406699535Z {"timestamp": 1787298096.40634, "severity": "INFO", "name": "recommendationservice-server", "message": "[Recv ListRecommendations] product_ids=['L9ECAV7KIM', '2ZYFJ3GM2N', 'OLJCESPC7Z', '1YMWWN1N4O', '0PUK6V6EV0']"}
2026-08-21T07:41:36.847581738Z {"timestamp": 1787298096.8464181, "severity": "INFO", "name": "recommendationservice-server", "message": "[Recv ListRecommendations] product_ids=['1YMWWN1N4O', '66VCHSJNUP', '2ZYFJ3GM2N', '9SIQT8TOJO', '0PUK6V6EV0']"}
2026-08-21T07:41:37.868625432Z {"timestamp": 1787298097.867916, "severity": "INFO", "name": "recommendationservice-server", "message": "[Recv ListRecommendations] product_ids=['LS4PSXUNUM', '0PUK6V6EV0', 'L9ECAV7KIM', '2ZYFJ3GM2N', '6E92ZMYYFZ']"}
2026-08-21T07:41:38.341884086Z {"timestamp": 1787298098.341354, "severity": "INFO", "name": "recommendationservice-server", "message": "[Recv ListRecommendations] product_ids=['2ZYFJ3GM2N', 'LS4PSXUNUM', 'OLJCESPC7Z', '1YMWWN1N4O', '9SIQT8TOJO']"}
2026-08-21T07:41:38.628669997Z {"timestamp": 1787298098.627397, "severity": "INFO", "name": "recommendationservice-server", "message": "[Recv ListRecommendations] product_ids=['1YMWWN1N4O', 'LS4PSXUNUM', 'OLJCESPC7Z', '0PUK6V6EV0', '6E92ZMYYFZ']"}
2026-08-21T07:41:38.662438274Z {"timestamp": 1787298098.661009, "severity": "INFO", "name": "recommendationservice-server", "message": "[Recv ListRecommendations] product_ids=['9SIQT8TOJO', 'OLJCESPC7Z', '0PUK6V6EV0', '66VCHSJNUP', '1YMWWN1N4O']"}
2026-08-21T07:41:38.820621828Z {"timestamp": 1787298098.8190715, "severity": "INFO", "name": "recommendationservice-server", "message": "[Recv ListRecommendations] product_ids=['9SIQT8TOJO', '1YMWWN1N4O', '6E92ZMYYFZ', 'OLJCESPC7Z', 'LS4PSXUNUM']"}
2026-08-21T07:41:39.006166020Z {"timestamp": 1787298099.0057697, "severity": "INFO", "name": "recommendationservice-server", "message": "[Recv ListRecommendations] product_ids=['L9ECAV7KIM', 'LS4PSXUNUM', '0PUK6V6EV0', '66VCHSJNUP']"}
2026-08-21T07:41:39.584158959Z {"timestamp": 1787298099.58362, "severity": "INFO", "name": "recommendationservice-server", "message": "[Recv ListRecommendations] product_ids=['1YMWWN1N4O', '2ZYFJ3GM2N', 'LS4PSXUNUM', '6E92ZMYYFZ', 'OLJCESPC7Z']"}
2026-08-21T07:41:39.614018802Z {"timestamp": 1787298099.6135023, "severity": "INFO", "name": "recommendationservice-server", "message": "[Recv ListRecommendations] product_ids=['OLJCESPC7Z', '1YMWWN1N4O', '9SIQT8TOJO', '2ZYFJ3GM2N', '66VCHSJNUP']"}
2026-08-21T07:41:39.658379797Z {"timestamp": 1787298099.6580052, "severity": "INFO", "name": "recommendationservice-server", "message": "[Recv ListRecommendations] product_ids=['6E92ZMYYFZ', '66VCHSJNUP', '1YMWWN1N4O', '9SIQT8TOJO', 'OLJCESPC7Z']"}
2026-08-21T07:41:40.130903631Z {"timestamp": 1787298100.1304333, "severity": "INFO", "name": "recommendationservice-server", "message": "[Recv ListRecommendations] product_ids=['0PUK6V6EV0', '2ZYFJ3GM2N', '1YMWWN1N4O', 'OLJCESPC7Z', '66VCHSJNUP']"}
2026-08-21T07:41:40.253170961Z {"timestamp": 1787298100.25269, "severity": "INFO", "name": "recommendationservice-server", "message": "[Recv ListRecommendations] product_ids=['1YMWWN1N4O', '9SIQT8TOJO', '2ZYFJ3GM2N', 'OLJCESPC7Z', '0PUK6V6EV0']"}
2026-08-21T07:41:40.326054981Z {"timestamp": 1787298100.325659, "severity": "INFO", "name": "recommendationservice-server", "message": "[Recv ListRecommendations] product_ids=['2ZYFJ3GM2N', '66VCHSJNUP', '9SIQT8TOJO', 'OLJCESPC7Z', 'L9ECAV7KIM']"}
2026-08-21T07:41:41.921170879Z {"timestamp": 1787298101.9201746, "severity": "INFO", "name": "recommendationservice-server", "message": "[Recv ListRecommendations] product_ids=['L9ECAV7KIM', 'OLJCESPC7Z', '9SIQT8TOJO', '66VCHSJNUP', 'LS4PSXUNUM']"}
2026-08-21T07:41:42.015719318Z {"timestamp": 1787298102.0144238, "severity": "INFO", "name": "recommendationservice-server", "message": "[Recv ListRecommendations] product_ids=['2ZYFJ3GM2N', '66VCHSJNUP', 'LS4PSXUNUM', '6E92ZMYYFZ', 'OLJCESPC7Z']"}
2026-08-21T07:41:42.252711096Z {"timestamp": 1787298102.25216, "severity": "INFO", "name": "recommendationservice-server", "message": "[Recv ListRecommendations] product_ids=['LS4PSXUNUM', 'OLJCESPC7Z', '66VCHSJNUP', '2ZYFJ3GM2N', 'L9ECAV7KIM']"}
2026-08-21T07:41:42.508311202Z {"timestamp": 1787298102.507869, "severity": "INFO", "name": "recommendationservice-server", "message": "[Recv ListRecommendations] product_ids=['66VCHSJNUP', '1YMWWN1N4O', 'OLJCESPC7Z', '2ZYFJ3GM2N', '0PUK6V6EV0']"}
2026-08-21T07:41:43.317500221Z {"timestamp": 1787298103.3166983, "severity": "INFO", "name": "recommendationservice-server", "message": "[Recv ListRecommendations] product_ids=['0PUK6V6EV0', '9SIQT8TOJO', '1YMWWN1N4O', 'L9ECAV7KIM', '66VCHSJNUP']"}
2026-08-21T07:41:44.725681043Z {"timestamp": 1787298104.7239015, "severity": "INFO", "name": "recommendationservice-server", "message": "[Recv ListRecommendations] product_ids=['L9ECAV7KIM', 'LS4PSXUNUM', '9SIQT8TOJO', '2ZYFJ3GM2N', '66VCHSJNUP']"}
2026-08-21T07:41:45.385427436Z {"timestamp": 1787298105.3842542, "severity": "INFO", "name": "recommendationservice-server", "message": "[Recv ListRecommendations] product_ids=['2ZYFJ3GM2N', '1YMWWN1N4O', '66VCHSJNUP', 'L9ECAV7KIM', '6E92ZMYYFZ']"}
2026-08-21T07:41:45.516214825Z {"timestamp": 1787298105.5146945, "severity": "INFO", "name": "recommendationservice-server", "message": "[Recv ListRecommendations] product_ids=['1YMWWN1N4O', '2ZYFJ3GM2N', '66VCHSJNUP']"}
2026-08-21T07:41:45.777409742Z {"timestamp": 1787298105.7761784, "severity": "INFO", "name": "recommendationservice-server", "message": "[Recv ListRecommendations] product_ids=['L9ECAV7KIM', '66VCHSJNUP', 'LS4PSXUNUM', '2ZYFJ3GM2N', '9SIQT8TOJO']"}
2026-08-21T07:41:46.531659919Z {"timestamp": 1787298106.5305285, "severity": "INFO", "name": "recommendationservice-server", "message": "[Recv ListRecommendations] product_ids=['LS4PSXUNUM', '1YMWWN1N4O', 'OLJCESPC7Z', '0PUK6V6EV0', 'L9ECAV7KIM']"}
2026-08-21T07:41:47.109431868Z {"timestamp": 1787298107.1083584, "severity": "INFO", "name": "recommendationservice-server", "message": "[Recv ListRecommendations] product_ids=['0PUK6V6EV0', 'L9ECAV7KIM', '9SIQT8TOJO', '2ZYFJ3GM2N', '66VCHSJNUP']"}
2026-08-21T07:41:47.176413071Z {"timestamp": 1787298107.1756282, "severity": "INFO", "name": "recommendationservice-server", "message": "[Recv ListRecommendations] product_ids=['OLJCESPC7Z', 'LS4PSXUNUM', '6E92ZMYYFZ', '9SIQT8TOJO', '0PUK6V6EV0']"}
2026-08-21T07:41:47.258729770Z {"timestamp": 1787298107.2579792, "severity": "INFO", "name": "recommendationservice-server", "message": "[Recv ListRecommendations] product_ids=['L9ECAV7KIM', '6E92ZMYYFZ', '2ZYFJ3GM2N', 'OLJCESPC7Z', 'LS4PSXUNUM']"}
2026-08-21T07:41:47.334078635Z {"timestamp": 1787298107.333182, "severity": "INFO", "name": "recommendationservice-server", "message": "[Recv ListRecommendations] product_ids=['1YMWWN1N4O', 'LS4PSXUNUM', '6E92ZMYYFZ', '66VCHSJNUP', '9SIQT8TOJO']"}
2026-08-21T07:41:47.527050347Z {"timestamp": 1787298107.5260794, "severity": "INFO", "name": "recommendationservice-server", "message": "[Recv ListRecommendations] product_ids=['0PUK6V6EV0', 'LS4PSXUNUM', 'L9ECAV7KIM', '66VCHSJNUP']"}
2026-08-21T07:41:47.861286554Z {"timestamp": 1787298107.8604774, "severity": "INFO", "name": "recommendationservice-server", "message": "[Recv ListRecommendations] product_ids=['OLJCESPC7Z', '1YMWWN1N4O', '66VCHSJNUP', '6E92ZMYYFZ', 'L9ECAV7KIM']"}
2026-08-21T07:41:47.894203312Z {"timestamp": 1787298107.8931427, "severity": "INFO", "name": "recommendationservice-server", "message": "[Recv ListRecommendations] product_ids=['OLJCESPC7Z', '6E92ZMYYFZ', 'L9ECAV7KIM', '9SIQT8TOJO', '66VCHSJNUP']"}
2026-08-21T07:41:48.331171741Z {"timestamp": 1787298108.3303547, "severity": "INFO", "name": "recommendationservice-server", "message": "[Recv ListRecommendations] product_ids=['6E92ZMYYFZ', '0PUK6V6EV0', '2ZYFJ3GM2N', 'L9ECAV7KIM', 'OLJCESPC7Z']"}
2026-08-21T07:41:48.434764004Z {"timestamp": 1787298108.4337685, "severity": "INFO", "name": "recommendationservice-server", "message": "[Recv ListRecommendations] product_ids=['1YMWWN1N4O', '6E92ZMYYFZ', 'LS4PSXUNUM', '2ZYFJ3GM2N', '0PUK6V6EV0']"}
2026-08-21T07:41:48.439537681Z {"timestamp": 1787298108.438467, "severity": "INFO", "name": "recommendationservice-server", "message": "[Recv ListRecommendations] product_ids=['0PUK6V6EV0', '66VCHSJNUP', 'OLJCESPC7Z', 'LS4PSXUNUM', '9SIQT8TOJO']"}
2026-08-21T07:41:48.756788123Z {"timestamp": 1787298108.7554688, "severity": "INFO", "name": "recommendationservice-server", "message": "[Recv ListRecommendations] product_ids=['LS4PSXUNUM', 'OLJCESPC7Z', 'L9ECAV7KIM', '2ZYFJ3GM2N', '1YMWWN1N4O']"}
2026-08-21T07:41:49.420790808Z {"timestamp": 1787298109.4196556, "severity": "INFO", "name": "recommendationservice-server", "message": "[Recv ListRecommendations] product_ids=['6E92ZMYYFZ', 'L9ECAV7KIM', '66VCHSJNUP', 'OLJCESPC7Z', '1YMWWN1N4O']"}
2026-08-21T07:41:50.514571543Z {"timestamp": 1787298110.5139751, "severity": "INFO", "name": "recommendationservice-server", "message": "[Recv ListRecommendations] product_ids=['9SIQT8TOJO', '6E92ZMYYFZ', '1YMWWN1N4O', '2ZYFJ3GM2N', '0PUK6V6EV0']"}
2026-08-21T07:41:50.532516364Z {"timestamp": 1787298110.5313168, "severity": "INFO", "name": "recommendationservice-server", "message": "[Recv ListRecommendations] product_ids=['0PUK6V6EV0', 'L9ECAV7KIM', '9SIQT8TOJO', 'OLJCESPC7Z', '2ZYFJ3GM2N']"}
2026-08-21T07:41:50.614339781Z {"timestamp": 1787298110.6135223, "severity": "INFO", "name": "recommendationservice-server", "message": "[Recv ListRecommendations] product_ids=['1YMWWN1N4O', '2ZYFJ3GM2N', '0PUK6V6EV0', 'LS4PSXUNUM', 'OLJCESPC7Z']"}
2026-08-21T07:41:50.914544142Z {"timestamp": 1787298110.9137142, "severity": "INFO", "name": "recommendationservice-server", "message": "[Recv ListRecommendations] product_ids=['OLJCESPC7Z', '1YMWWN1N4O', '66VCHSJNUP', '2ZYFJ3GM2N', 'L9ECAV7KIM']"}
2026-08-21T07:41:50.924640585Z {"timestamp": 1787298110.919002, "severity": "INFO", "name": "recommendationservice-server", "message": "[Recv ListRecommendations] product_ids=['1YMWWN1N4O', '2ZYFJ3GM2N', '66VCHSJNUP', 'LS4PSXUNUM', '6E92ZMYYFZ']"}
2026-08-21T07:41:51.172515829Z {"timestamp": 1787298111.1713648, "severity": "INFO", "name": "recommendationservice-server", "message": "[Recv ListRecommendations] product_ids=['66VCHSJNUP', '0PUK6V6EV0', 'LS4PSXUNUM', 'L9ECAV7KIM']"}
2026-08-21T07:41:51.261015133Z {"timestamp": 1787298111.2604988, "severity": "INFO", "name": "recommendationservice-server", "message": "[Recv ListRecommendations] product_ids=['9SIQT8TOJO', 'L9ECAV7KIM', 'LS4PSXUNUM', '0PUK6V6EV0', '6E92ZMYYFZ']"}
2026-08-21T07:41:51.410716598Z {"timestamp": 1787298111.4101136, "severity": "INFO", "name": "recommendationservice-server", "message": "[Recv ListRecommendations] product_ids=['9SIQT8TOJO', 'OLJCESPC7Z', '66VCHSJNUP', 'LS4PSXUNUM', 'L9ECAV7KIM']"}
2026-08-21T07:41:51.910347417Z {"timestamp": 1787298111.9094183, "severity": "INFO", "name": "recommendationservice-server", "message": "[Recv ListRecommendations] product_ids=['OLJCESPC7Z', '0PUK6V6EV0', 'L9ECAV7KIM', '6E92ZMYYFZ', '1YMWWN1N4O']"}
2026-08-21T07:41:51.963099103Z {"timestamp": 1787298111.9620974, "severity": "INFO", "name": "recommendationservice-server", "message": "[Recv ListRecommendations] product_ids=['66VCHSJNUP', 'LS4PSXUNUM', 'L9ECAV7KIM', 'OLJCESPC7Z', '6E92ZMYYFZ']"}
2026-08-21T07:41:52.537337265Z {"timestamp": 1787298112.536382, "severity": "INFO", "name": "recommendationservice-server", "message": "[Recv ListRecommendations] product_ids=['9SIQT8TOJO', '66VCHSJNUP', 'OLJCESPC7Z', '1YMWWN1N4O', '6E92ZMYYFZ']"}
2026-08-21T07:41:54.764256015Z {"timestamp": 1787298114.7627327, "severity": "INFO", "name": "recommendationservice-server", "message": "[Recv ListRecommendations] product_ids=['9SIQT8TOJO', '66VCHSJNUP', '1YMWWN1N4O', 'LS4PSXUNUM', 'L9ECAV7KIM']"}
2026-08-21T07:41:55.923213945Z {"timestamp": 1787298115.9217057, "severity": "INFO", "name": "recommendationservice-server", "message": "[Recv ListRecommendations] product_ids=['2ZYFJ3GM2N', 'LS4PSXUNUM', '6E92ZMYYFZ', '66VCHSJNUP', 'L9ECAV7KIM']"}
2026-08-21T07:41:56.563272520Z {"timestamp": 1787298116.5619962, "severity": "INFO", "name": "recommendationservice-server", "message": "[Recv ListRecommendations] product_ids=['LS4PSXUNUM', 'OLJCESPC7Z', '2ZYFJ3GM2N', '9SIQT8TOJO', 'L9ECAV7KIM']"}
2026-08-21T07:41:56.869578474Z {"timestamp": 1787298116.8680465, "severity": "INFO", "name": "recommendationservice-server", "message": "[Recv ListRecommendations] product_ids=['6E92ZMYYFZ', 'LS4PSXUNUM', '9SIQT8TOJO', 'L9ECAV7KIM', '66VCHSJNUP']"}
2026-08-21T07:41:56.914000204Z {"timestamp": 1787298116.9130087, "severity": "INFO", "name": "recommendationservice-server", "message": "[Recv ListRecommendations] product_ids=['2ZYFJ3GM2N', '66VCHSJNUP', '1YMWWN1N4O', '0PUK6V6EV0', 'OLJCESPC7Z']"}
2026-08-21T07:41:57.064505400Z {"timestamp": 1787298117.0638025, "severity": "INFO", "name": "recommendationservice-server", "message": "[Recv ListRecommendations] product_ids=['OLJCESPC7Z', '9SIQT8TOJO', '6E92ZMYYFZ', '0PUK6V6EV0', 'LS4PSXUNUM']"}
2026-08-21T07:41:57.314914656Z {"timestamp": 1787298117.313748, "severity": "INFO", "name": "recommendationservice-server", "message": "[Recv ListRecommendations] product_ids=['LS4PSXUNUM', '0PUK6V6EV0', '2ZYFJ3GM2N', '6E92ZMYYFZ', 'OLJCESPC7Z']"}
2026-08-21T07:41:57.361571550Z {"timestamp": 1787298117.360364, "severity": "INFO", "name": "recommendationservice-server", "message": "[Recv ListRecommendations] product_ids=['LS4PSXUNUM', 'OLJCESPC7Z', '9SIQT8TOJO', '2ZYFJ3GM2N', '6E92ZMYYFZ']"}
2026-08-21T07:41:57.849472960Z {"timestamp": 1787298117.84865, "severity": "INFO", "name": "recommendationservice-server", "message": "[Recv ListRecommendations] product_ids=['2ZYFJ3GM2N', '0PUK6V6EV0', '66VCHSJNUP', 'LS4PSXUNUM', '6E92ZMYYFZ']"}
2026-08-21T07:41:57.964446973Z {"timestamp": 1787298117.9641554, "severity": "INFO", "name": "recommendationservice-server", "message": "[Recv ListRecommendations] product_ids=['LS4PSXUNUM', '0PUK6V6EV0', '66VCHSJNUP', '9SIQT8TOJO', '1YMWWN1N4O']"}
2026-08-21T07:41:57.981654574Z {"timestamp": 1787298117.9813426, "severity": "INFO", "name": "recommendationservice-server", "message": "[Recv ListRecommendations] product_ids=['LS4PSXUNUM', '2ZYFJ3GM2N', 'L9ECAV7KIM', 'OLJCESPC7Z', '0PUK6V6EV0']"}
2026-08-21T07:41:58.059425074Z {"timestamp": 1787298118.0588548, "severity": "INFO", "name": "recommendationservice-server", "message": "[Recv ListRecommendations] product_ids=['9SIQT8TOJO', '66VCHSJNUP', '0PUK6V6EV0', '1YMWWN1N4O', '6E92ZMYYFZ']"}
2026-08-21T07:41:58.113068854Z {"timestamp": 1787298118.1125214, "severity": "INFO", "name": "recommendationservice-server", "message": "[Recv ListRecommendations] product_ids=['9SIQT8TOJO', 'OLJCESPC7Z', '66VCHSJNUP', 'L9ECAV7KIM', '1YMWWN1N4O']"}
2026-08-21T07:41:58.520302786Z {"timestamp": 1787298118.518721, "severity": "INFO", "name": "recommendationservice-server", "message": "[Recv ListRecommendations] product_ids=['LS4PSXUNUM', '0PUK6V6EV0', 'OLJCESPC7Z', '1YMWWN1N4O', '6E92ZMYYFZ']"}
2026-08-21T07:41:58.932833965Z {"timestamp": 1787298118.9316401, "severity": "INFO", "name": "recommendationservice-server", "message": "[Recv ListRecommendations] product_ids=['LS4PSXUNUM', 'OLJCESPC7Z', '9SIQT8TOJO', '0PUK6V6EV0', 'L9ECAV7KIM']"}
2026-08-21T07:41:59.681355682Z {"timestamp": 1787298119.6808665, "severity": "INFO", "name": "recommendationservice-server", "message": "[Recv ListRecommendations] product_ids=['6E92ZMYYFZ', '9SIQT8TOJO', '66VCHSJNUP', 'OLJCESPC7Z', 'LS4PSXUNUM']"}
2026-08-21T07:42:00.759635739Z {"timestamp": 1787298120.7583854, "severity": "INFO", "name": "recommendationservice-server", "message": "[Recv ListRecommendations] product_ids=['1YMWWN1N4O', '66VCHSJNUP', 'OLJCESPC7Z', '2ZYFJ3GM2N', 'L9ECAV7KIM']"}
2026-08-21T07:42:02.124714417Z {"timestamp": 1787298122.1233354, "severity": "INFO", "name": "recommendationservice-server", "message": "[Recv ListRecommendations] product_ids=['LS4PSXUNUM', '0PUK6V6EV0', 'OLJCESPC7Z', '1YMWWN1N4O', '66VCHSJNUP']"}
2026-08-21T07:42:02.403128545Z {"timestamp": 1787298122.4016526, "severity": "INFO", "name": "recommendationservice-server", "message": "[Recv ListRecommendations] product_ids=['66VCHSJNUP', '6E92ZMYYFZ', 'OLJCESPC7Z', 'LS4PSXUNUM']"}
2026-08-21T07:42:02.414442755Z {"timestamp": 1787298122.4133484, "severity": "INFO", "name": "recommendationservice-server", "message": "[Recv ListRecommendations] product_ids=['6E92ZMYYFZ', '2ZYFJ3GM2N', '66VCHSJNUP', 'LS4PSXUNUM', '9SIQT8TOJO']"}
2026-08-21T07:42:02.627865589Z {"timestamp": 1787298122.627437, "severity": "INFO", "name": "recommendationservice-server", "message": "[Recv ListRecommendations] product_ids=['OLJCESPC7Z', '0PUK6V6EV0', '2ZYFJ3GM2N', 'L9ECAV7KIM', '1YMWWN1N4O']"}
2026-08-21T07:42:02.703288252Z {"timestamp": 1787298122.7015526, "severity": "INFO", "name": "recommendationservice-server", "message": "[Recv ListRecommendations] product_ids=['LS4PSXUNUM', '66VCHSJNUP', '9SIQT8TOJO', 'L9ECAV7KIM', '1YMWWN1N4O']"}
2026-08-21T07:42:02.801562970Z {"timestamp": 1787298122.8003335, "severity": "INFO", "name": "recommendationservice-server", "message": "[Recv ListRecommendations] product_ids=['1YMWWN1N4O', '9SIQT8TOJO', 'L9ECAV7KIM', 'OLJCESPC7Z', '66VCHSJNUP']"}
2026-08-21T07:42:03.842292422Z {"timestamp": 1787298123.8415709, "severity": "INFO", "name": "recommendationservice-server", "message": "[Recv ListRecommendations] product_ids=['6E92ZMYYFZ', '66VCHSJNUP', 'OLJCESPC7Z', '1YMWWN1N4O', '9SIQT8TOJO']"}
2026-08-21T07:42:03.860709967Z {"timestamp": 1787298123.8601344, "severity": "INFO", "name": "recommendationservice-server", "message": "[Recv ListRecommendations] product_ids=['1YMWWN1N4O', '9SIQT8TOJO', 'LS4PSXUNUM', '6E92ZMYYFZ', 'OLJCESPC7Z']"}
2026-08-21T07:42:04.064455354Z {"timestamp": 1787298124.0631719, "severity": "INFO", "name": "recommendationservice-server", "message": "[Recv ListRecommendations] product_ids=['LS4PSXUNUM', '66VCHSJNUP', '9SIQT8TOJO', '1YMWWN1N4O', 'OLJCESPC7Z']"}
2026-08-21T07:42:04.251607487Z {"timestamp": 1787298124.2507696, "severity": "INFO", "name": "recommendationservice-server", "message": "[Recv ListRecommendations] product_ids=['2ZYFJ3GM2N', 'OLJCESPC7Z', '9SIQT8TOJO', '0PUK6V6EV0', '66VCHSJNUP']"}
2026-08-21T07:42:04.351750603Z {"timestamp": 1787298124.3508124, "severity": "INFO", "name": "recommendationservice-server", "message": "[Recv ListRecommendations] product_ids=['1YMWWN1N4O', '66VCHSJNUP', 'L9ECAV7KIM', 'LS4PSXUNUM', '2ZYFJ3GM2N']"}
2026-08-21T07:42:04.460572608Z {"timestamp": 1787298124.459554, "severity": "INFO", "name": "recommendationservice-server", "message": "[Recv ListRecommendations] product_ids=['0PUK6V6EV0', '2ZYFJ3GM2N', 'OLJCESPC7Z', '1YMWWN1N4O', '66VCHSJNUP']"}
2026-08-21T07:42:04.598842923Z {"timestamp": 1787298124.5975559, "severity": "INFO", "name": "recommendationservice-server", "message": "[Recv ListRecommendations] product_ids=['LS4PSXUNUM', '66VCHSJNUP', '2ZYFJ3GM2N', '6E92ZMYYFZ', 'L9ECAV7KIM']"}
2026-08-21T07:42:04.747371578Z {"timestamp": 1787298124.746472, "severity": "INFO", "name": "recommendationservice-server", "message": "[Recv ListRecommendations] product_ids=['66VCHSJNUP', 'LS4PSXUNUM', '0PUK6V6EV0', '2ZYFJ3GM2N']"}
2026-08-21T07:42:05.634426751Z {"timestamp": 1787298125.6333487, "severity": "INFO", "name": "recommendationservice-server", "message": "[Recv ListRecommendations] product_ids=['9SIQT8TOJO', 'OLJCESPC7Z', '0PUK6V6EV0', 'L9ECAV7KIM', '2ZYFJ3GM2N']"}
2026-08-21T07:42:06.742737427Z {"timestamp": 1787298126.7410595, "severity": "INFO", "name": "recommendationservice-server", "message": "[Recv ListRecommendations] product_ids=['6E92ZMYYFZ', 'LS4PSXUNUM', 'L9ECAV7KIM', '0PUK6V6EV0', 'OLJCESPC7Z']"}
2026-08-21T07:42:07.428893009Z {"timestamp": 1787298127.4273539, "severity": "INFO", "name": "recommendationservice-server", "message": "[Recv ListRecommendations] product_ids=['0PUK6V6EV0', '6E92ZMYYFZ', '1YMWWN1N4O', 'OLJCESPC7Z', '9SIQT8TOJO']"}
2026-08-21T07:42:07.598354854Z {"timestamp": 1787298127.5969737, "severity": "INFO", "name": "recommendationservice-server", "message": "[Recv ListRecommendations] product_ids=['2ZYFJ3GM2N', '1YMWWN1N4O', '66VCHSJNUP']"}
2026-08-21T07:42:07.740858794Z {"timestamp": 1787298127.740142, "severity": "INFO", "name": "recommendationservice-server", "message": "[Recv ListRecommendations] product_ids=['66VCHSJNUP', 'LS4PSXUNUM', '1YMWWN1N4O', '9SIQT8TOJO', '6E92ZMYYFZ']"}
2026-08-21T07:42:07.807487544Z {"timestamp": 1787298127.807027, "severity": "INFO", "name": "recommendationservice-server", "message": "[Recv ListRecommendations] product_ids=['66VCHSJNUP', 'LS4PSXUNUM', '0PUK6V6EV0', 'L9ECAV7KIM']"}
2026-08-21T07:42:08.937495113Z {"timestamp": 1787298128.9370837, "severity": "INFO", "name": "recommendationservice-server", "message": "[Recv ListRecommendations] product_ids=['2ZYFJ3GM2N', '0PUK6V6EV0', '66VCHSJNUP', '1YMWWN1N4O', '6E92ZMYYFZ']"}
2026-08-21T07:42:09.240024931Z {"timestamp": 1787298129.2390985, "severity": "INFO", "name": "recommendationservice-server", "message": "[Recv ListRecommendations] product_ids=['66VCHSJNUP', 'OLJCESPC7Z', '0PUK6V6EV0', '2ZYFJ3GM2N', '1YMWWN1N4O']"}
2026-08-21T07:42:10.001293293Z {"timestamp": 1787298130.00086, "severity": "INFO", "name": "recommendationservice-server", "message": "[Recv ListRecommendations] product_ids=['9SIQT8TOJO', '1YMWWN1N4O', '0PUK6V6EV0', '66VCHSJNUP', 'L9ECAV7KIM']"}
2026-08-21T07:42:10.332155814Z {"timestamp": 1787298130.3317778, "severity": "INFO", "name": "recommendationservice-server", "message": "[Recv ListRecommendations] product_ids=['OLJCESPC7Z', 'LS4PSXUNUM', '66VCHSJNUP', '6E92ZMYYFZ', '9SIQT8TOJO']"}
2026-08-21T07:42:11.084105426Z {"timestamp": 1787298131.082981, "severity": "INFO", "name": "recommendationservice-server", "message": "[Recv ListRecommendations] product_ids=['66VCHSJNUP', '2ZYFJ3GM2N', '1YMWWN1N4O']"}
2026-08-21T07:42:11.299729757Z {"timestamp": 1787298131.2990727, "severity": "INFO", "name": "recommendationservice-server", "message": "[Recv ListRecommendations] product_ids=['1YMWWN1N4O', '2ZYFJ3GM2N', '66VCHSJNUP', '9SIQT8TOJO', 'OLJCESPC7Z']"}
2026-08-21T07:42:11.633616017Z {"timestamp": 1787298131.6326134, "severity": "INFO", "name": "recommendationservice-server", "message": "[Recv ListRecommendations] product_ids=['2ZYFJ3GM2N', '0PUK6V6EV0', '6E92ZMYYFZ', '66VCHSJNUP', '1YMWWN1N4O']"}
2026-08-21T07:42:11.727045449Z {"timestamp": 1787298131.7260196, "severity": "INFO", "name": "recommendationservice-server", "message": "[Recv ListRecommendations] product_ids=['L9ECAV7KIM', '1YMWWN1N4O', '9SIQT8TOJO', 'LS4PSXUNUM', 'OLJCESPC7Z']"}
2026-08-21T07:42:12.646371803Z {"timestamp": 1787298132.6458359, "severity": "INFO", "name": "recommendationservice-server", "message": "[Recv ListRecommendations] product_ids=['6E92ZMYYFZ', '2ZYFJ3GM2N', '9SIQT8TOJO', '1YMWWN1N4O', '66VCHSJNUP']"}
2026-08-21T07:42:13.357540508Z {"timestamp": 1787298133.3570333, "severity": "INFO", "name": "recommendationservice-server", "message": "[Recv ListRecommendations] product_ids=['OLJCESPC7Z', '0PUK6V6EV0', '2ZYFJ3GM2N', '6E92ZMYYFZ', 'L9ECAV7KIM']"}
2026-08-21T07:42:13.584635200Z {"timestamp": 1787298133.5842226, "severity": "INFO", "name": "recommendationservice-server", "message": "[Recv ListRecommendations] product_ids=['1YMWWN1N4O', '2ZYFJ3GM2N', 'L9ECAV7KIM', '0PUK6V6EV0', '9SIQT8TOJO']"}
2026-08-21T07:42:13.630815589Z {"timestamp": 1787298133.630378, "severity": "INFO", "name": "recommendationservice-server", "message": "[Recv ListRecommendations] product_ids=['LS4PSXUNUM', 'OLJCESPC7Z', '9SIQT8TOJO', '66VCHSJNUP', '0PUK6V6EV0']"}
2026-08-21T07:42:13.802275123Z {"timestamp": 1787298133.8016107, "severity": "INFO", "name": "recommendationservice-server", "message": "[Recv ListRecommendations] product_ids=['0PUK6V6EV0', 'LS4PSXUNUM', 'OLJCESPC7Z', '9SIQT8TOJO', '1YMWWN1N4O']"}
2026-08-21T07:42:13.946432102Z {"timestamp": 1787298133.945052, "severity": "INFO", "name": "recommendationservice-server", "message": "[Recv ListRecommendations] product_ids=['66VCHSJNUP', '1YMWWN1N4O', 'LS4PSXUNUM', '9SIQT8TOJO', 'OLJCESPC7Z']"}
2026-08-21T07:42:14.108726735Z {"timestamp": 1787298134.1074164, "severity": "INFO", "name": "recommendationservice-server", "message": "[Recv ListRecommendations] product_ids=['66VCHSJNUP', '1YMWWN1N4O', '6E92ZMYYFZ', '0PUK6V6EV0', '9SIQT8TOJO']"}
2026-08-21T07:42:14.114419767Z {"timestamp": 1787298134.1131687, "severity": "INFO", "name": "recommendationservice-server", "message": "[Recv ListRecommendations] product_ids=['1YMWWN1N4O', '66VCHSJNUP', '2ZYFJ3GM2N', 'L9ECAV7KIM', 'OLJCESPC7Z']"}
2026-08-21T07:42:14.314317784Z {"timestamp": 1787298134.313084, "severity": "INFO", "name": "recommendationservice-server", "message": "[Recv ListRecommendations] product_ids=['L9ECAV7KIM', 'OLJCESPC7Z', '0PUK6V6EV0', '6E92ZMYYFZ', '1YMWWN1N4O']"}
2026-08-21T07:42:14.514903014Z {"timestamp": 1787298134.5136192, "severity": "INFO", "name": "recommendationservice-server", "message": "[Recv ListRecommendations] product_ids=['L9ECAV7KIM', '66VCHSJNUP', '0PUK6V6EV0', '6E92ZMYYFZ', 'OLJCESPC7Z']"}
2026-08-21T07:42:14.616186692Z {"timestamp": 1787298134.615045, "severity": "INFO", "name": "recommendationservice-server", "message": "[Recv ListRecommendations] product_ids=['2ZYFJ3GM2N', '1YMWWN1N4O', 'L9ECAV7KIM', '9SIQT8TOJO', '0PUK6V6EV0']"}
2026-08-21T07:42:14.838363155Z {"timestamp": 1787298134.8372877, "severity": "INFO", "name": "recommendationservice-server", "message": "[Recv ListRecommendations] product_ids=['L9ECAV7KIM', 'LS4PSXUNUM', '9SIQT8TOJO', 'OLJCESPC7Z', '0PUK6V6EV0']"}
2026-08-21T07:42:15.050209029Z {"timestamp": 1787298135.0490491, "severity": "INFO", "name": "recommendationservice-server", "message": "[Recv ListRecommendations] product_ids=['2ZYFJ3GM2N', '66VCHSJNUP', '9SIQT8TOJO', 'L9ECAV7KIM', '6E92ZMYYFZ']"}
2026-08-21T07:42:15.452538678Z {"timestamp": 1787298135.4517522, "severity": "INFO", "name": "recommendationservice-server", "message": "[Recv ListRecommendations] product_ids=['0PUK6V6EV0', '1YMWWN1N4O', '66VCHSJNUP', 'LS4PSXUNUM', 'L9ECAV7KIM']"}
2026-08-21T07:42:16.819111347Z {"timestamp": 1787298136.8181126, "severity": "INFO", "name": "recommendationservice-server", "message": "[Recv ListRecommendations] product_ids=['OLJCESPC7Z', '1YMWWN1N4O', 'LS4PSXUNUM', '9SIQT8TOJO', '0PUK6V6EV0']"}
2026-08-21T07:42:17.212259294Z {"timestamp": 1787298137.2059994, "severity": "INFO", "name": "recommendationservice-server", "message": "[Recv ListRecommendations] product_ids=['0PUK6V6EV0', '9SIQT8TOJO', '6E92ZMYYFZ', 'OLJCESPC7Z', '66VCHSJNUP']"}
2026-08-21T07:42:17.427268985Z {"timestamp": 1787298137.425723, "severity": "INFO", "name": "recommendationservice-server", "message": "[Recv ListRecommendations] product_ids=['6E92ZMYYFZ', 'LS4PSXUNUM', 'L9ECAV7KIM', '66VCHSJNUP', '0PUK6V6EV0']"}
2026-08-21T07:42:18.368531843Z {"timestamp": 1787298138.3670592, "severity": "INFO", "name": "recommendationservice-server", "message": "[Recv ListRecommendations] product_ids=['OLJCESPC7Z', 'L9ECAV7KIM', '9SIQT8TOJO', 'LS4PSXUNUM', '1YMWWN1N4O']"}
2026-08-21T07:42:18.473566234Z {"timestamp": 1787298138.4716892, "severity": "INFO", "name": "recommendationservice-server", "message": "[Recv ListRecommendations] product_ids=['6E92ZMYYFZ', '2ZYFJ3GM2N', 'L9ECAV7KIM', '1YMWWN1N4O', '9SIQT8TOJO']"}
2026-08-21T07:42:18.554696112Z {"timestamp": 1787298138.5539844, "severity": "INFO", "name": "recommendationservice-server", "message": "[Recv ListRecommendations] product_ids=['L9ECAV7KIM', 'OLJCESPC7Z', '1YMWWN1N4O', '0PUK6V6EV0', '9SIQT8TOJO']"}
2026-08-21T07:42:19.039468356Z {"timestamp": 1787298139.0388706, "severity": "INFO", "name": "recommendationservice-server", "message": "[Recv ListRecommendations] product_ids=['9SIQT8TOJO', 'LS4PSXUNUM', '1YMWWN1N4O', '0PUK6V6EV0', 'L9ECAV7KIM']"}
2026-08-21T07:42:19.045664270Z {"timestamp": 1787298139.04489, "severity": "INFO", "name": "recommendationservice-server", "message": "[Recv ListRecommendations] product_ids=['6E92ZMYYFZ', '0PUK6V6EV0', '1YMWWN1N4O', '66VCHSJNUP', '9SIQT8TOJO']"}
2026-08-21T07:42:19.116855322Z {"timestamp": 1787298139.1159549, "severity": "INFO", "name": "recommendationservice-server", "message": "[Recv ListRecommendations] product_ids=['OLJCESPC7Z', '1YMWWN1N4O', 'L9ECAV7KIM', '6E92ZMYYFZ']"}
2026-08-21T07:42:19.347735010Z {"timestamp": 1787298139.3469753, "severity": "INFO", "name": "recommendationservice-server", "message": "[Recv ListRecommendations] product_ids=['1YMWWN1N4O', '0PUK6V6EV0', '9SIQT8TOJO', 'L9ECAV7KIM', 'OLJCESPC7Z']"}
2026-08-21T07:42:19.650889528Z {"timestamp": 1787298139.6499002, "severity": "INFO", "name": "recommendationservice-server", "message": "[Recv ListRecommendations] product_ids=['LS4PSXUNUM', '2ZYFJ3GM2N', 'OLJCESPC7Z', '9SIQT8TOJO', '66VCHSJNUP']"}
2026-08-21T07:42:20.042367401Z {"timestamp": 1787298140.041336, "severity": "INFO", "name": "recommendationservice-server", "message": "[Recv ListRecommendations] product_ids=['66VCHSJNUP', '2ZYFJ3GM2N', 'L9ECAV7KIM', '0PUK6V6EV0', '9SIQT8TOJO']"}
2026-08-21T07:42:20.381810459Z {"timestamp": 1787298140.3809404, "severity": "INFO", "name": "recommendationservice-server", "message": "[Recv ListRecommendations] product_ids=['1YMWWN1N4O', '66VCHSJNUP', '0PUK6V6EV0', '9SIQT8TOJO', 'OLJCESPC7Z']"}
2026-08-21T07:42:21.222209508Z {"timestamp": 1787298141.2211838, "severity": "INFO", "name": "recommendationservice-server", "message": "[Recv ListRecommendations] product_ids=['9SIQT8TOJO', 'L9ECAV7KIM', 'LS4PSXUNUM', '2ZYFJ3GM2N', '6E92ZMYYFZ']"}
2026-08-21T07:42:21.509243987Z {"timestamp": 1787298141.5054495, "severity": "INFO", "name": "recommendationservice-server", "message": "[Recv ListRecommendations] product_ids=['2ZYFJ3GM2N', '1YMWWN1N4O', '6E92ZMYYFZ', 'LS4PSXUNUM', '66VCHSJNUP']"}
2026-08-21T07:42:22.465163309Z {"timestamp": 1787298142.4637103, "severity": "INFO", "name": "recommendationservice-server", "message": "[Recv ListRecommendations] product_ids=['1YMWWN1N4O', 'L9ECAV7KIM', '66VCHSJNUP', '9SIQT8TOJO', '6E92ZMYYFZ']"}
2026-08-21T07:42:22.789355465Z {"timestamp": 1787298142.787312, "severity": "INFO", "name": "recommendationservice-server", "message": "[Recv ListRecommendations] product_ids=['L9ECAV7KIM', '0PUK6V6EV0', '66VCHSJNUP', 'OLJCESPC7Z', '2ZYFJ3GM2N']"}
2026-08-21T07:42:22.903840714Z {"timestamp": 1787298142.9033692, "severity": "INFO", "name": "recommendationservice-server", "message": "[Recv ListRecommendations] product_ids=['9SIQT8TOJO', '66VCHSJNUP', 'OLJCESPC7Z', 'LS4PSXUNUM', '2ZYFJ3GM2N']"}
2026-08-21T07:42:24.007837513Z {"timestamp": 1787298144.0065827, "severity": "INFO", "name": "recommendationservice-server", "message": "[Recv ListRecommendations] product_ids=['L9ECAV7KIM', '0PUK6V6EV0', '2ZYFJ3GM2N', '1YMWWN1N4O', '6E92ZMYYFZ']"}
2026-08-21T07:42:24.218283650Z {"timestamp": 1787298144.215699, "severity": "INFO", "name": "recommendationservice-server", "message": "[Recv ListRecommendations] product_ids=['66VCHSJNUP', '0PUK6V6EV0', '9SIQT8TOJO', '6E92ZMYYFZ', 'L9ECAV7KIM']"}
2026-08-21T07:42:24.406531081Z {"timestamp": 1787298144.4057086, "severity": "INFO", "name": "recommendationservice-server", "message": "[Recv ListRecommendations] product_ids=['1YMWWN1N4O', '6E92ZMYYFZ', '0PUK6V6EV0', '2ZYFJ3GM2N', '9SIQT8TOJO']"}
2026-08-21T07:42:24.705840558Z {"timestamp": 1787298144.7046418, "severity": "INFO", "name": "recommendationservice-server", "message": "[Recv ListRecommendations] product_ids=['2ZYFJ3GM2N', '9SIQT8TOJO', '1YMWWN1N4O', 'LS4PSXUNUM', '6E92ZMYYFZ']"}
2026-08-21T07:42:25.322272447Z {"timestamp": 1787298145.3208272, "severity": "INFO", "name": "recommendationservice-server", "message": "[Recv ListRecommendations] product_ids=['LS4PSXUNUM', 'L9ECAV7KIM', '66VCHSJNUP', '2ZYFJ3GM2N', '1YMWWN1N4O']"}
2026-08-21T07:42:25.614997065Z {"timestamp": 1787298145.6135874, "severity": "INFO", "name": "recommendationservice-server", "message": "[Recv ListRecommendations] product_ids=['66VCHSJNUP', 'LS4PSXUNUM', '0PUK6V6EV0', '2ZYFJ3GM2N']"}
2026-08-21T07:42:25.906298733Z {"timestamp": 1787298145.905098, "severity": "INFO", "name": "recommendationservice-server", "message": "[Recv ListRecommendations] product_ids=['6E92ZMYYFZ', '9SIQT8TOJO', '2ZYFJ3GM2N', 'L9ECAV7KIM', '0PUK6V6EV0']"}
2026-08-21T07:42:26.196358382Z {"timestamp": 1787298146.1952264, "severity": "INFO", "name": "recommendationservice-server", "message": "[Recv ListRecommendations] product_ids=['0PUK6V6EV0', 'OLJCESPC7Z', '9SIQT8TOJO', '2ZYFJ3GM2N', 'LS4PSXUNUM']"}
2026-08-21T07:42:26.241192173Z {"timestamp": 1787298146.2406225, "severity": "INFO", "name": "recommendationservice-server", "message": "[Recv ListRecommendations] product_ids=['6E92ZMYYFZ', 'OLJCESPC7Z', '66VCHSJNUP', 'L9ECAV7KIM', '9SIQT8TOJO']"}
2026-08-21T07:42:26.350388891Z {"timestamp": 1787298146.347721, "severity": "INFO", "name": "recommendationservice-server", "message": "[Recv ListRecommendations] product_ids=['0PUK6V6EV0', '66VCHSJNUP', '6E92ZMYYFZ', 'L9ECAV7KIM', '2ZYFJ3GM2N']"}
2026-08-21T07:42:26.365511653Z {"timestamp": 1787298146.364296, "severity": "INFO", "name": "recommendationservice-server", "message": "[Recv ListRecommendations] product_ids=['0PUK6V6EV0', '1YMWWN1N4O', 'OLJCESPC7Z', '2ZYFJ3GM2N']"}
2026-08-21T07:42:26.457468437Z {"timestamp": 1787298146.4562137, "severity": "INFO", "name": "recommendationservice-server", "message": "[Recv ListRecommendations] product_ids=['66VCHSJNUP', 'L9ECAV7KIM', '9SIQT8TOJO', '1YMWWN1N4O', '6E92ZMYYFZ']"}
2026-08-21T07:42:26.656622187Z {"timestamp": 1787298146.655626, "severity": "INFO", "name": "recommendationservice-server", "message": "[Recv ListRecommendations] product_ids=['1YMWWN1N4O', '6E92ZMYYFZ', 'L9ECAV7KIM', '2ZYFJ3GM2N', 'LS4PSXUNUM']"}
2026-08-21T07:42:26.869955632Z {"timestamp": 1787298146.8686025, "severity": "INFO", "name": "recommendationservice-server", "message": "[Recv ListRecommendations] product_ids=['LS4PSXUNUM', 'L9ECAV7KIM', '2ZYFJ3GM2N', 'OLJCESPC7Z', '9SIQT8TOJO']"}
2026-08-21T07:42:27.065688480Z {"timestamp": 1787298147.0566976, "severity": "INFO", "name": "recommendationservice-server", "message": "[Recv ListRecommendations] product_ids=['9SIQT8TOJO', 'L9ECAV7KIM', '66VCHSJNUP', '0PUK6V6EV0', 'OLJCESPC7Z']"}
2026-08-21T07:42:27.157234292Z {"timestamp": 1787298147.1565604, "severity": "INFO", "name": "recommendationservice-server", "message": "[Recv ListRecommendations] product_ids=['1YMWWN1N4O', 'OLJCESPC7Z', 'L9ECAV7KIM', '2ZYFJ3GM2N', '9SIQT8TOJO']"}
2026-08-21T07:42:27.168483272Z {"timestamp": 1787298147.1677613, "severity": "INFO", "name": "recommendationservice-server", "message": "[Recv ListRecommendations] product_ids=['1YMWWN1N4O', '6E92ZMYYFZ', 'OLJCESPC7Z', '66VCHSJNUP', '2ZYFJ3GM2N']"}
2026-08-21T07:42:27.241143760Z {"timestamp": 1787298147.2407196, "severity": "INFO", "name": "recommendationservice-server", "message": "[Recv ListRecommendations] product_ids=['6E92ZMYYFZ', 'L9ECAV7KIM', '1YMWWN1N4O', '0PUK6V6EV0', 'OLJCESPC7Z']"}
2026-08-21T07:42:27.253162975Z {"timestamp": 1787298147.2524643, "severity": "INFO", "name": "recommendationservice-server", "message": "[Recv ListRecommendations] product_ids=['2ZYFJ3GM2N', '1YMWWN1N4O', '9SIQT8TOJO', 'LS4PSXUNUM', '6E92ZMYYFZ']"}
2026-08-21T07:42:27.360320134Z {"timestamp": 1787298147.3597248, "severity": "INFO", "name": "recommendationservice-server", "message": "[Recv ListRecommendations] product_ids=['9SIQT8TOJO', '1YMWWN1N4O', '2ZYFJ3GM2N', 'OLJCESPC7Z', '6E92ZMYYFZ']"}
2026-08-21T07:42:27.441261080Z {"timestamp": 1787298147.4405553, "severity": "INFO", "name": "recommendationservice-server", "message": "[Recv ListRecommendations] product_ids=['0PUK6V6EV0', '66VCHSJNUP', '6E92ZMYYFZ', '2ZYFJ3GM2N', 'OLJCESPC7Z']"}
2026-08-21T07:42:28.538613008Z {"timestamp": 1787298148.537365, "severity": "INFO", "name": "recommendationservice-server", "message": "[Recv ListRecommendations] product_ids=['66VCHSJNUP', '1YMWWN1N4O', 'L9ECAV7KIM', '9SIQT8TOJO', '0PUK6V6EV0']"}
2026-08-21T07:42:28.822808226Z {"timestamp": 1787298148.8215272, "severity": "INFO", "name": "recommendationservice-server", "message": "[Recv ListRecommendations] product_ids=['LS4PSXUNUM', '9SIQT8TOJO', '66VCHSJNUP', '0PUK6V6EV0', 'L9ECAV7KIM']"}
2026-08-21T07:42:29.133486704Z {"timestamp": 1787298149.1322997, "severity": "INFO", "name": "recommendationservice-server", "message": "[Recv ListRecommendations] product_ids=['0PUK6V6EV0', '9SIQT8TOJO', '2ZYFJ3GM2N', '6E92ZMYYFZ', 'L9ECAV7KIM']"}
2026-08-21T07:42:29.386478329Z {"timestamp": 1787298149.3851357, "severity": "INFO", "name": "recommendationservice-server", "message": "[Recv ListRecommendations] product_ids=['6E92ZMYYFZ', '2ZYFJ3GM2N', 'OLJCESPC7Z', 'LS4PSXUNUM', '1YMWWN1N4O']"}
2026-08-21T07:42:29.597567680Z {"timestamp": 1787298149.596745, "severity": "INFO", "name": "recommendationservice-server", "message": "[Recv ListRecommendations] product_ids=['2ZYFJ3GM2N', '66VCHSJNUP', 'LS4PSXUNUM']"}
2026-08-21T07:42:29.812195353Z {"timestamp": 1787298149.8112726, "severity": "INFO", "name": "recommendationservice-server", "message": "[Recv ListRecommendations] product_ids=['2ZYFJ3GM2N', '66VCHSJNUP', '9SIQT8TOJO', '6E92ZMYYFZ', 'L9ECAV7KIM']"}
2026-08-21T07:42:30.070995301Z {"timestamp": 1787298150.0702672, "severity": "INFO", "name": "recommendationservice-server", "message": "[Recv ListRecommendations] product_ids=['2ZYFJ3GM2N', '0PUK6V6EV0', '1YMWWN1N4O', 'OLJCESPC7Z']"}
2026-08-21T07:42:30.171163644Z {"timestamp": 1787298150.1697063, "severity": "INFO", "name": "recommendationservice-server", "message": "[Recv ListRecommendations] product_ids=['9SIQT8TOJO', 'OLJCESPC7Z', 'L9ECAV7KIM', '2ZYFJ3GM2N', 'LS4PSXUNUM']"}
2026-08-21T07:42:30.345974507Z {"timestamp": 1787298150.3454933, "severity": "INFO", "name": "recommendationservice-server", "message": "[Recv ListRecommendations] product_ids=['OLJCESPC7Z', '66VCHSJNUP', 'LS4PSXUNUM', '9SIQT8TOJO', '0PUK6V6EV0']"}
2026-08-21T07:42:30.448410186Z {"timestamp": 1787298150.4472065, "severity": "INFO", "name": "recommendationservice-server", "message": "[Recv ListRecommendations] product_ids=['L9ECAV7KIM', 'LS4PSXUNUM', '2ZYFJ3GM2N', '0PUK6V6EV0', '6E92ZMYYFZ']"}
2026-08-21T07:42:30.924577216Z {"timestamp": 1787298150.9234629, "severity": "INFO", "name": "recommendationservice-server", "message": "[Recv ListRecommendations] product_ids=['6E92ZMYYFZ', 'OLJCESPC7Z', '1YMWWN1N4O', '0PUK6V6EV0', '66VCHSJNUP']"}
2026-08-21T07:42:31.783202766Z {"timestamp": 1787298151.782273, "severity": "INFO", "name": "recommendationservice-server", "message": "[Recv ListRecommendations] product_ids=['L9ECAV7KIM', '2ZYFJ3GM2N', '9SIQT8TOJO', '0PUK6V6EV0', 'LS4PSXUNUM']"}
2026-08-21T07:42:33.248699181Z {"timestamp": 1787298153.2482402, "severity": "INFO", "name": "recommendationservice-server", "message": "[Recv ListRecommendations] product_ids=['66VCHSJNUP', 'L9ECAV7KIM', 'OLJCESPC7Z', '9SIQT8TOJO', '1YMWWN1N4O']"}
2026-08-21T07:42:33.507968396Z {"timestamp": 1787298153.5068667, "severity": "INFO", "name": "recommendationservice-server", "message": "[Recv ListRecommendations] product_ids=['OLJCESPC7Z', '2ZYFJ3GM2N', 'L9ECAV7KIM', 'LS4PSXUNUM', '9SIQT8TOJO']"}
2026-08-21T07:42:33.604009934Z {"timestamp": 1787298153.6027224, "severity": "INFO", "name": "recommendationservice-server", "message": "[Recv ListRecommendations] product_ids=['66VCHSJNUP', '6E92ZMYYFZ', '9SIQT8TOJO', 'L9ECAV7KIM', 'OLJCESPC7Z']"}
2026-08-21T07:42:33.929373010Z {"timestamp": 1787298153.9283907, "severity": "INFO", "name": "recommendationservice-server", "message": "[Recv ListRecommendations] product_ids=['6E92ZMYYFZ', '1YMWWN1N4O', 'LS4PSXUNUM', '66VCHSJNUP', '0PUK6V6EV0']"}
2026-08-21T07:42:34.015250793Z {"timestamp": 1787298154.0146267, "severity": "INFO", "name": "recommendationservice-server", "message": "[Recv ListRecommendations] product_ids=['9SIQT8TOJO', '6E92ZMYYFZ', '1YMWWN1N4O', '0PUK6V6EV0', 'L9ECAV7KIM']"}
2026-08-21T07:42:34.309995384Z {"timestamp": 1787298154.307933, "severity": "INFO", "name": "recommendationservice-server", "message": "[Recv ListRecommendations] product_ids=['66VCHSJNUP', '9SIQT8TOJO', '0PUK6V6EV0', 'L9ECAV7KIM', '2ZYFJ3GM2N']"}
2026-08-21T07:42:34.798495422Z {"timestamp": 1787298154.7967196, "severity": "INFO", "name": "recommendationservice-server", "message": "[Recv ListRecommendations] product_ids=['OLJCESPC7Z', '6E92ZMYYFZ', '1YMWWN1N4O', '0PUK6V6EV0', '9SIQT8TOJO']"}
2026-08-21T07:42:34.925448993Z {"timestamp": 1787298154.924914, "severity": "INFO", "name": "recommendationservice-server", "message": "[Recv ListRecommendations] product_ids=['OLJCESPC7Z', '1YMWWN1N4O', 'LS4PSXUNUM', '9SIQT8TOJO', '66VCHSJNUP']"}
2026-08-21T07:42:35.137937291Z {"timestamp": 1787298155.1364577, "severity": "INFO", "name": "recommendationservice-server", "message": "[Recv ListRecommendations] product_ids=['9SIQT8TOJO', '1YMWWN1N4O', '66VCHSJNUP', '6E92ZMYYFZ', '2ZYFJ3GM2N']"}
2026-08-21T07:42:35.913664597Z {"timestamp": 1787298155.912395, "severity": "INFO", "name": "recommendationservice-server", "message": "[Recv ListRecommendations] product_ids=['1YMWWN1N4O', 'LS4PSXUNUM', '9SIQT8TOJO', '66VCHSJNUP', '2ZYFJ3GM2N']"}
2026-08-21T07:42:36.022242275Z {"timestamp": 1787298156.0210564, "severity": "INFO", "name": "recommendationservice-server", "message": "[Recv ListRecommendations] product_ids=['9SIQT8TOJO', '0PUK6V6EV0', 'LS4PSXUNUM', '66VCHSJNUP', '1YMWWN1N4O']"}
2026-08-21T07:42:36.957338530Z {"timestamp": 1787298156.9563437, "severity": "INFO", "name": "recommendationservice-server", "message": "[Recv ListRecommendations] product_ids=['LS4PSXUNUM', '6E92ZMYYFZ', 'OLJCESPC7Z', '66VCHSJNUP', 'L9ECAV7KIM']"}
2026-08-21T07:42:37.105023576Z {"timestamp": 1787298157.1037722, "severity": "INFO", "name": "recommendationservice-server", "message": "[Recv ListRecommendations] product_ids=['66VCHSJNUP', 'LS4PSXUNUM', 'L9ECAV7KIM', '0PUK6V6EV0']"}
2026-08-21T07:42:37.205927806Z {"timestamp": 1787298157.20471, "severity": "INFO", "name": "recommendationservice-server", "message": "[Recv ListRecommendations] product_ids=['OLJCESPC7Z', '66VCHSJNUP', '9SIQT8TOJO', '2ZYFJ3GM2N', '1YMWWN1N4O']"}
2026-08-21T07:42:37.357383366Z {"timestamp": 1787298157.3564143, "severity": "INFO", "name": "recommendationservice-server", "message": "[Recv ListRecommendations] product_ids=['OLJCESPC7Z', '66VCHSJNUP', 'LS4PSXUNUM', 'L9ECAV7KIM', '0PUK6V6EV0']"}
2026-08-21T07:42:37.521381968Z {"timestamp": 1787298157.5204394, "severity": "INFO", "name": "recommendationservice-server", "message": "[Recv ListRecommendations] product_ids=['6E92ZMYYFZ', '1YMWWN1N4O', 'OLJCESPC7Z', 'L9ECAV7KIM', '9SIQT8TOJO']"}
2026-08-21T07:42:37.856207185Z {"timestamp": 1787298157.855475, "severity": "INFO", "name": "recommendationservice-server", "message": "[Recv ListRecommendations] product_ids=['OLJCESPC7Z', 'LS4PSXUNUM', '9SIQT8TOJO', '2ZYFJ3GM2N', 'L9ECAV7KIM']"}
2026-08-21T07:42:38.058796471Z {"timestamp": 1787298158.0576944, "severity": "INFO", "name": "recommendationservice-server", "message": "[Recv ListRecommendations] product_ids=['66VCHSJNUP', 'OLJCESPC7Z', 'L9ECAV7KIM', '1YMWWN1N4O', '0PUK6V6EV0']"}
2026-08-21T07:42:38.152740670Z {"timestamp": 1787298158.15233, "severity": "INFO", "name": "recommendationservice-server", "message": "[Recv ListRecommendations] product_ids=['LS4PSXUNUM', '9SIQT8TOJO', 'L9ECAV7KIM', '1YMWWN1N4O', '66VCHSJNUP']"}
2026-08-21T07:42:38.213561479Z {"timestamp": 1787298158.2128482, "severity": "INFO", "name": "recommendationservice-server", "message": "[Recv ListRecommendations] product_ids=['LS4PSXUNUM', '1YMWWN1N4O', '9SIQT8TOJO', 'OLJCESPC7Z', 'L9ECAV7KIM']"}
2026-08-21T07:42:38.642512863Z {"timestamp": 1787298158.6410718, "severity": "INFO", "name": "recommendationservice-server", "message": "[Recv ListRecommendations] product_ids=['LS4PSXUNUM', 'OLJCESPC7Z', '0PUK6V6EV0', '66VCHSJNUP', '9SIQT8TOJO']"}
2026-08-21T07:42:39.702955728Z {"timestamp": 1787298159.702385, "severity": "INFO", "name": "recommendationservice-server", "message": "[Recv ListRecommendations] product_ids=['1YMWWN1N4O', '0PUK6V6EV0', 'LS4PSXUNUM', 'L9ECAV7KIM', '66VCHSJNUP']"}
2026-08-21T07:42:39.756562461Z {"timestamp": 1787298159.7561107, "severity": "INFO", "name": "recommendationservice-server", "message": "[Recv ListRecommendations] product_ids=['LS4PSXUNUM', '0PUK6V6EV0', '1YMWWN1N4O', '6E92ZMYYFZ', '9SIQT8TOJO']"}
2026-08-21T07:42:39.798587908Z {"timestamp": 1787298159.7979307, "severity": "INFO", "name": "recommendationservice-server", "message": "[Recv ListRecommendations] product_ids=['1YMWWN1N4O', '6E92ZMYYFZ', 'LS4PSXUNUM', 'L9ECAV7KIM', '2ZYFJ3GM2N']"}
2026-08-21T07:42:40.191312389Z {"timestamp": 1787298160.1909292, "severity": "INFO", "name": "recommendationservice-server", "message": "[Recv ListRecommendations] product_ids=['L9ECAV7KIM', '66VCHSJNUP', '2ZYFJ3GM2N', 'OLJCESPC7Z', '0PUK6V6EV0']"}
2026-08-21T07:42:40.321890863Z {"timestamp": 1787298160.3215275, "severity": "INFO", "name": "recommendationservice-server", "message": "[Recv ListRecommendations] product_ids=['9SIQT8TOJO', '0PUK6V6EV0', '66VCHSJNUP', 'OLJCESPC7Z', '1YMWWN1N4O']"}
2026-08-21T07:42:40.339283897Z {"timestamp": 1787298160.3389368, "severity": "INFO", "name": "recommendationservice-server", "message": "[Recv ListRecommendations] product_ids=['9SIQT8TOJO', '0PUK6V6EV0', 'L9ECAV7KIM', '1YMWWN1N4O', '6E92ZMYYFZ']"}
2026-08-21T07:42:40.547155062Z {"timestamp": 1787298160.5466497, "severity": "INFO", "name": "recommendationservice-server", "message": "[Recv ListRecommendations] product_ids=['6E92ZMYYFZ', '9SIQT8TOJO', '2ZYFJ3GM2N', 'OLJCESPC7Z', '66VCHSJNUP']"}
2026-08-21T07:42:41.122298363Z {"timestamp": 1787298161.1208255, "severity": "INFO", "name": "recommendationservice-server", "message": "[Recv ListRecommendations] product_ids=['6E92ZMYYFZ', '1YMWWN1N4O', '9SIQT8TOJO', '0PUK6V6EV0', '2ZYFJ3GM2N']"}
2026-08-21T07:42:41.246950671Z {"timestamp": 1787298161.245792, "severity": "INFO", "name": "recommendationservice-server", "message": "[Recv ListRecommendations] product_ids=['66VCHSJNUP', 'LS4PSXUNUM', 'OLJCESPC7Z', '2ZYFJ3GM2N', '9SIQT8TOJO']"}
2026-08-21T07:42:41.450634155Z {"timestamp": 1787298161.4490755, "severity": "INFO", "name": "recommendationservice-server", "message": "[Recv ListRecommendations] product_ids=['6E92ZMYYFZ', '9SIQT8TOJO', 'LS4PSXUNUM', 'L9ECAV7KIM', '0PUK6V6EV0']"}
2026-08-21T07:42:41.602412482Z {"timestamp": 1787298161.6010861, "severity": "INFO", "name": "recommendationservice-server", "message": "[Recv ListRecommendations] product_ids=['66VCHSJNUP', 'LS4PSXUNUM', '9SIQT8TOJO', '6E92ZMYYFZ', '0PUK6V6EV0']"}
2026-08-21T07:42:42.816469673Z {"timestamp": 1787298162.815185, "severity": "INFO", "name": "recommendationservice-server", "message": "[Recv ListRecommendations] product_ids=['OLJCESPC7Z', '1YMWWN1N4O', '0PUK6V6EV0', '2ZYFJ3GM2N']"}
2026-08-21T07:42:43.078898228Z {"timestamp": 1787298163.0783126, "severity": "INFO", "name": "recommendationservice-server", "message": "[Recv ListRecommendations] product_ids=['66VCHSJNUP', '6E92ZMYYFZ', 'LS4PSXUNUM', 'L9ECAV7KIM', '0PUK6V6EV0']"}
2026-08-21T07:42:43.238129869Z {"timestamp": 1787298163.237505, "severity": "INFO", "name": "recommendationservice-server", "message": "[Recv ListRecommendations] product_ids=['1YMWWN1N4O', '2ZYFJ3GM2N', '9SIQT8TOJO', 'L9ECAV7KIM', '6E92ZMYYFZ']"}
2026-08-21T07:42:43.261456770Z {"timestamp": 1787298163.260645, "severity": "INFO", "name": "recommendationservice-server", "message": "[Recv ListRecommendations] product_ids=['66VCHSJNUP', 'L9ECAV7KIM', '6E92ZMYYFZ', '0PUK6V6EV0', 'LS4PSXUNUM']"}
2026-08-21T07:42:43.396416057Z {"timestamp": 1787298163.3954525, "severity": "INFO", "name": "recommendationservice-server", "message": "[Recv ListRecommendations] product_ids=['66VCHSJNUP', 'LS4PSXUNUM', '6E92ZMYYFZ', '9SIQT8TOJO', 'OLJCESPC7Z']"}
2026-08-21T07:42:44.711734345Z {"timestamp": 1787298164.7113507, "severity": "INFO", "name": "recommendationservice-server", "message": "[Recv ListRecommendations] product_ids=['6E92ZMYYFZ', 'LS4PSXUNUM', 'L9ECAV7KIM', 'OLJCESPC7Z', '2ZYFJ3GM2N']"}
2026-08-21T07:42:44.766899633Z {"timestamp": 1787298164.765847, "severity": "INFO", "name": "recommendationservice-server", "message": "[Recv ListRecommendations] product_ids=['OLJCESPC7Z', '1YMWWN1N4O', 'L9ECAV7KIM', '6E92ZMYYFZ', '0PUK6V6EV0']"}
2026-08-21T07:42:44.805934592Z {"timestamp": 1787298164.8047414, "severity": "INFO", "name": "recommendationservice-server", "message": "[Recv ListRecommendations] product_ids=['OLJCESPC7Z', '0PUK6V6EV0', '6E92ZMYYFZ', 'L9ECAV7KIM', '1YMWWN1N4O']"}
2026-08-21T07:42:45.673401018Z {"timestamp": 1787298165.6720521, "severity": "INFO", "name": "recommendationservice-server", "message": "[Recv ListRecommendations] product_ids=['OLJCESPC7Z', '6E92ZMYYFZ', '0PUK6V6EV0', '9SIQT8TOJO', 'LS4PSXUNUM']"}
2026-08-21T07:42:45.759415931Z {"timestamp": 1787298165.7582915, "severity": "INFO", "name": "recommendationservice-server", "message": "[Recv ListRecommendations] product_ids=['OLJCESPC7Z', '1YMWWN1N4O', '9SIQT8TOJO', 'L9ECAV7KIM', '0PUK6V6EV0']"}
2026-08-21T07:42:46.273536190Z {"timestamp": 1787298166.272553, "severity": "INFO", "name": "recommendationservice-server", "message": "[Recv ListRecommendations] product_ids=['6E92ZMYYFZ', '1YMWWN1N4O', '0PUK6V6EV0', '9SIQT8TOJO', '2ZYFJ3GM2N']"}
2026-08-21T07:42:46.504567598Z {"timestamp": 1787298166.5033438, "severity": "INFO", "name": "recommendationservice-server", "message": "[Recv ListRecommendations] product_ids=['LS4PSXUNUM', '9SIQT8TOJO', 'L9ECAV7KIM', '0PUK6V6EV0', '2ZYFJ3GM2N']"}
2026-08-21T07:42:46.618123082Z {"timestamp": 1787298166.6167622, "severity": "INFO", "name": "recommendationservice-server", "message": "[Recv ListRecommendations] product_ids=['9SIQT8TOJO', 'OLJCESPC7Z', '66VCHSJNUP', 'LS4PSXUNUM', '1YMWWN1N4O']"}
2026-08-21T07:42:46.752885036Z {"timestamp": 1787298166.751669, "severity": "INFO", "name": "recommendationservice-server", "message": "[Recv ListRecommendations] product_ids=['OLJCESPC7Z', '6E92ZMYYFZ', '9SIQT8TOJO', '0PUK6V6EV0', '2ZYFJ3GM2N']"}
2026-08-21T07:42:47.064251291Z {"timestamp": 1787298167.0632162, "severity": "INFO", "name": "recommendationservice-server", "message": "[Recv ListRecommendations] product_ids=['OLJCESPC7Z', '0PUK6V6EV0', '2ZYFJ3GM2N', 'LS4PSXUNUM', '66VCHSJNUP']"}
2026-08-21T07:42:47.279387599Z {"timestamp": 1787298167.278743, "severity": "INFO", "name": "recommendationservice-server", "message": "[Recv ListRecommendations] product_ids=['9SIQT8TOJO', 'OLJCESPC7Z', '1YMWWN1N4O', '0PUK6V6EV0', 'LS4PSXUNUM']"}
2026-08-21T07:42:48.184320892Z {"timestamp": 1787298168.1834974, "severity": "INFO", "name": "recommendationservice-server", "message": "[Recv ListRecommendations] product_ids=['0PUK6V6EV0', '2ZYFJ3GM2N', 'L9ECAV7KIM', 'OLJCESPC7Z', '9SIQT8TOJO']"}
2026-08-21T07:42:48.566586651Z {"timestamp": 1787298168.5651739, "severity": "INFO", "name": "recommendationservice-server", "message": "[Recv ListRecommendations] product_ids=['1YMWWN1N4O', 'LS4PSXUNUM', '2ZYFJ3GM2N', 'OLJCESPC7Z', '0PUK6V6EV0']"}
2026-08-21T07:42:48.709460732Z {"timestamp": 1787298168.7082388, "severity": "INFO", "name": "recommendationservice-server", "message": "[Recv ListRecommendations] product_ids=['1YMWWN1N4O', '2ZYFJ3GM2N', '0PUK6V6EV0', '66VCHSJNUP', 'OLJCESPC7Z']"}
2026-08-21T07:42:48.862478374Z {"timestamp": 1787298168.8609996, "severity": "INFO", "name": "recommendationservice-server", "message": "[Recv ListRecommendations] product_ids=['2ZYFJ3GM2N', '9SIQT8TOJO', 'LS4PSXUNUM', '66VCHSJNUP', 'OLJCESPC7Z']"}
2026-08-21T07:42:49.237731184Z {"timestamp": 1787298169.2367446, "severity": "INFO", "name": "recommendationservice-server", "message": "[Recv ListRecommendations] product_ids=['66VCHSJNUP', 'OLJCESPC7Z', '2ZYFJ3GM2N', '6E92ZMYYFZ', '0PUK6V6EV0']"}
2026-08-21T07:42:49.962816846Z {"timestamp": 1787298169.9617233, "severity": "INFO", "name": "recommendationservice-server", "message": "[Recv ListRecommendations] product_ids=['9SIQT8TOJO', '66VCHSJNUP', 'L9ECAV7KIM', '0PUK6V6EV0', '1YMWWN1N4O']"}
2026-08-21T07:42:50.736909327Z {"timestamp": 1787298170.7359216, "severity": "INFO", "name": "recommendationservice-server", "message": "[Recv ListRecommendations] product_ids=['2ZYFJ3GM2N', '66VCHSJNUP', '9SIQT8TOJO', '6E92ZMYYFZ', 'L9ECAV7KIM']"}
2026-08-21T07:42:50.799327342Z {"timestamp": 1787298170.7984405, "severity": "INFO", "name": "recommendationservice-server", "message": "[Recv ListRecommendations] product_ids=['9SIQT8TOJO', 'OLJCESPC7Z', '66VCHSJNUP', 'L9ECAV7KIM', 'LS4PSXUNUM']"}
2026-08-21T07:42:51.055078296Z {"timestamp": 1787298171.0535326, "severity": "INFO", "name": "recommendationservice-server", "message": "[Recv ListRecommendations] product_ids=['OLJCESPC7Z', '0PUK6V6EV0', 'LS4PSXUNUM', '66VCHSJNUP', 'L9ECAV7KIM']"}
2026-08-21T07:42:51.208801453Z {"timestamp": 1787298171.2076101, "severity": "INFO", "name": "recommendationservice-server", "message": "[Recv ListRecommendations] product_ids=['6E92ZMYYFZ', 'LS4PSXUNUM', '1YMWWN1N4O', 'OLJCESPC7Z', '66VCHSJNUP']"}
2026-08-21T07:42:51.753187242Z {"timestamp": 1787298171.752211, "severity": "INFO", "name": "recommendationservice-server", "message": "[Recv ListRecommendations] product_ids=['6E92ZMYYFZ', '0PUK6V6EV0', 'OLJCESPC7Z', '66VCHSJNUP', '2ZYFJ3GM2N']"}
2026-08-21T07:42:51.929037320Z {"timestamp": 1787298171.9280138, "severity": "INFO", "name": "recommendationservice-server", "message": "[Recv ListRecommendations] product_ids=['OLJCESPC7Z', '66VCHSJNUP', '2ZYFJ3GM2N', '9SIQT8TOJO', '0PUK6V6EV0']"}
2026-08-21T07:42:52.053335762Z {"timestamp": 1787298172.052174, "severity": "INFO", "name": "recommendationservice-server", "message": "[Recv ListRecommendations] product_ids=['1YMWWN1N4O', 'L9ECAV7KIM', '66VCHSJNUP', '6E92ZMYYFZ', '9SIQT8TOJO']"}
2026-08-21T07:42:52.252446047Z {"timestamp": 1787298172.2509284, "severity": "INFO", "name": "recommendationservice-server", "message": "[Recv ListRecommendations] product_ids=['6E92ZMYYFZ', 'OLJCESPC7Z', '0PUK6V6EV0', '66VCHSJNUP', '9SIQT8TOJO']"}
2026-08-21T07:42:52.827774000Z {"timestamp": 1787298172.8266432, "severity": "INFO", "name": "recommendationservice-server", "message": "[Recv ListRecommendations] product_ids=['0PUK6V6EV0', '6E92ZMYYFZ', '2ZYFJ3GM2N', '66VCHSJNUP', 'L9ECAV7KIM']"}
2026-08-21T07:42:53.321657525Z {"timestamp": 1787298173.3210227, "severity": "INFO", "name": "recommendationservice-server", "message": "[Recv ListRecommendations] product_ids=['2ZYFJ3GM2N', '1YMWWN1N4O', 'L9ECAV7KIM', 'OLJCESPC7Z', '6E92ZMYYFZ']"}
2026-08-21T07:42:53.342774981Z {"timestamp": 1787298173.3421361, "severity": "INFO", "name": "recommendationservice-server", "message": "[Recv ListRecommendations] product_ids=['2ZYFJ3GM2N', '0PUK6V6EV0', 'LS4PSXUNUM', '1YMWWN1N4O', '9SIQT8TOJO']"}
2026-08-21T07:42:53.405527850Z {"timestamp": 1787298173.404956, "severity": "INFO", "name": "recommendationservice-server", "message": "[Recv ListRecommendations] product_ids=['1YMWWN1N4O', '2ZYFJ3GM2N', '6E92ZMYYFZ', 'LS4PSXUNUM', '9SIQT8TOJO']"}
2026-08-21T07:42:53.958933516Z {"timestamp": 1787298173.95857, "severity": "INFO", "name": "recommendationservice-server", "message": "[Recv ListRecommendations] product_ids=['9SIQT8TOJO', 'L9ECAV7KIM', '0PUK6V6EV0', '66VCHSJNUP', 'LS4PSXUNUM']"}
2026-08-21T07:42:55.404230792Z {"timestamp": 1787298175.403838, "severity": "INFO", "name": "recommendationservice-server", "message": "[Recv ListRecommendations] product_ids=['0PUK6V6EV0', 'L9ECAV7KIM', 'LS4PSXUNUM', '66VCHSJNUP', '2ZYFJ3GM2N']"}
2026-08-21T07:42:55.537488156Z {"timestamp": 1787298175.536009, "severity": "INFO", "name": "recommendationservice-server", "message": "[Recv ListRecommendations] product_ids=['1YMWWN1N4O', '66VCHSJNUP', 'OLJCESPC7Z', '6E92ZMYYFZ', '2ZYFJ3GM2N']"}
2026-08-21T07:42:55.695725181Z {"timestamp": 1787298175.6951563, "severity": "INFO", "name": "recommendationservice-server", "message": "[Recv ListRecommendations] product_ids=['9SIQT8TOJO', '6E92ZMYYFZ', '2ZYFJ3GM2N', 'OLJCESPC7Z', 'L9ECAV7KIM']"}
2026-08-21T07:42:55.755729836Z {"timestamp": 1787298175.7552032, "severity": "INFO", "name": "recommendationservice-server", "message": "[Recv ListRecommendations] product_ids=['1YMWWN1N4O', '2ZYFJ3GM2N', 'LS4PSXUNUM', '9SIQT8TOJO', 'L9ECAV7KIM']"}
2026-08-21T07:42:56.450758029Z {"timestamp": 1787298176.4494317, "severity": "INFO", "name": "recommendationservice-server", "message": "[Recv ListRecommendations] product_ids=['L9ECAV7KIM', '66VCHSJNUP', '2ZYFJ3GM2N', 'OLJCESPC7Z', '9SIQT8TOJO']"}
2026-08-21T07:42:57.955617679Z {"timestamp": 1787298177.9550211, "severity": "INFO", "name": "recommendationservice-server", "message": "[Recv ListRecommendations] product_ids=['6E92ZMYYFZ', 'OLJCESPC7Z', '1YMWWN1N4O', '0PUK6V6EV0', '66VCHSJNUP']"}
2026-08-21T07:42:58.301521414Z {"timestamp": 1787298178.3005502, "severity": "INFO", "name": "recommendationservice-server", "message": "[Recv ListRecommendations] product_ids=['LS4PSXUNUM', '0PUK6V6EV0', '66VCHSJNUP', '2ZYFJ3GM2N', '6E92ZMYYFZ']"}
2026-08-21T07:42:58.751566679Z {"timestamp": 1787298178.749867, "severity": "INFO", "name": "recommendationservice-server", "message": "[Recv ListRecommendations] product_ids=['2ZYFJ3GM2N', 'LS4PSXUNUM', '1YMWWN1N4O', '66VCHSJNUP', 'OLJCESPC7Z']"}
2026-08-21T07:42:58.943673911Z {"timestamp": 1787298178.9431145, "severity": "INFO", "name": "recommendationservice-server", "message": "[Recv ListRecommendations] product_ids=['LS4PSXUNUM', '9SIQT8TOJO', '6E92ZMYYFZ', '0PUK6V6EV0', '66VCHSJNUP']"}
2026-08-21T07:42:59.112491656Z {"timestamp": 1787298179.111402, "severity": "INFO", "name": "recommendationservice-server", "message": "[Recv ListRecommendations] product_ids=['6E92ZMYYFZ', '1YMWWN1N4O', '9SIQT8TOJO', 'L9ECAV7KIM', '2ZYFJ3GM2N']"}
2026-08-21T07:42:59.896382396Z {"timestamp": 1787298179.8950024, "severity": "INFO", "name": "recommendationservice-server", "message": "[Recv ListRecommendations] product_ids=['OLJCESPC7Z', '0PUK6V6EV0', '9SIQT8TOJO', 'L9ECAV7KIM', '6E92ZMYYFZ']"}
2026-08-21T07:43:00.174666237Z {"timestamp": 1787298180.1741555, "severity": "INFO", "name": "recommendationservice-server", "message": "[Recv ListRecommendations] product_ids=['66VCHSJNUP', 'L9ECAV7KIM', 'OLJCESPC7Z', 'LS4PSXUNUM', '0PUK6V6EV0']"}
2026-08-21T07:43:00.176052362Z {"timestamp": 1787298180.1753235, "severity": "INFO", "name": "recommendationservice-server", "message": "[Recv ListRecommendations] product_ids=['0PUK6V6EV0', '1YMWWN1N4O', 'OLJCESPC7Z', '66VCHSJNUP', '9SIQT8TOJO']"}
2026-08-21T07:43:00.398506728Z {"timestamp": 1787298180.3968327, "severity": "INFO", "name": "recommendationservice-server", "message": "[Recv ListRecommendations] product_ids=['L9ECAV7KIM', '9SIQT8TOJO', '66VCHSJNUP', '0PUK6V6EV0', '1YMWWN1N4O']"}
2026-08-21T07:43:00.512753601Z {"timestamp": 1787298180.512231, "severity": "INFO", "name": "recommendationservice-server", "message": "[Recv ListRecommendations] product_ids=['OLJCESPC7Z', '0PUK6V6EV0', '1YMWWN1N4O', '2ZYFJ3GM2N']"}
2026-08-21T07:43:00.597616898Z {"timestamp": 1787298180.595434, "severity": "INFO", "name": "recommendationservice-server", "message": "[Recv ListRecommendations] product_ids=['66VCHSJNUP', 'LS4PSXUNUM', '9SIQT8TOJO', '0PUK6V6EV0', '1YMWWN1N4O']"}
2026-08-21T07:43:01.020334320Z {"timestamp": 1787298181.0188777, "severity": "INFO", "name": "recommendationservice-server", "message": "[Recv ListRecommendations] product_ids=['2ZYFJ3GM2N', '1YMWWN1N4O', 'L9ECAV7KIM', '6E92ZMYYFZ', '66VCHSJNUP']"}
2026-08-21T07:43:01.202727944Z {"timestamp": 1787298181.201473, "severity": "INFO", "name": "recommendationservice-server", "message": "[Recv ListRecommendations] product_ids=['LS4PSXUNUM', '66VCHSJNUP', 'L9ECAV7KIM', '6E92ZMYYFZ', 'OLJCESPC7Z']"}
2026-08-21T07:43:02.224634425Z {"timestamp": 1787298182.2234874, "severity": "INFO", "name": "recommendationservice-server", "message": "[Recv ListRecommendations] product_ids=['6E92ZMYYFZ', 'L9ECAV7KIM', '66VCHSJNUP', 'LS4PSXUNUM', '9SIQT8TOJO']"}
2026-08-21T07:43:02.349194325Z {"timestamp": 1787298182.3479815, "severity": "INFO", "name": "recommendationservice-server", "message": "[Recv ListRecommendations] product_ids=['2ZYFJ3GM2N', '9SIQT8TOJO', 'L9ECAV7KIM', 'LS4PSXUNUM', '6E92ZMYYFZ']"}
2026-08-21T07:43:02.589096949Z {"timestamp": 1787298182.5888174, "severity": "INFO", "name": "recommendationservice-server", "message": "[Recv ListRecommendations] product_ids=['0PUK6V6EV0', 'L9ECAV7KIM', 'LS4PSXUNUM', '2ZYFJ3GM2N', '6E92ZMYYFZ']"}
2026-08-21T07:43:02.618444432Z {"timestamp": 1787298182.6181314, "severity": "INFO", "name": "recommendationservice-server", "message": "[Recv ListRecommendations] product_ids=['6E92ZMYYFZ', '66VCHSJNUP', 'OLJCESPC7Z', '9SIQT8TOJO', '1YMWWN1N4O']"}
2026-08-21T07:43:02.692888549Z {"timestamp": 1787298182.6924028, "severity": "INFO", "name": "recommendationservice-server", "message": "[Recv ListRecommendations] product_ids=['0PUK6V6EV0', 'LS4PSXUNUM', '66VCHSJNUP', '2ZYFJ3GM2N', '1YMWWN1N4O']"}
2026-08-21T07:43:02.711596342Z {"timestamp": 1787298182.7111454, "severity": "INFO", "name": "recommendationservice-server", "message": "[Recv ListRecommendations] product_ids=['LS4PSXUNUM', 'L9ECAV7KIM', '66VCHSJNUP', '0PUK6V6EV0', '1YMWWN1N4O']"}
2026-08-21T07:43:02.790783867Z {"timestamp": 1787298182.7903142, "severity": "INFO", "name": "recommendationservice-server", "message": "[Recv ListRecommendations] product_ids=['1YMWWN1N4O', '66VCHSJNUP', '2ZYFJ3GM2N', 'LS4PSXUNUM', 'L9ECAV7KIM']"}
2026-08-21T07:43:03.250640337Z {"timestamp": 1787298183.2501483, "severity": "INFO", "name": "recommendationservice-server", "message": "[Recv ListRecommendations] product_ids=['0PUK6V6EV0', '66VCHSJNUP', 'LS4PSXUNUM', 'L9ECAV7KIM', '1YMWWN1N4O']"}
2026-08-21T07:43:04.430534930Z {"timestamp": 1787298184.4293456, "severity": "INFO", "name": "recommendationservice-server", "message": "[Recv ListRecommendations] product_ids=['66VCHSJNUP', 'L9ECAV7KIM', '6E92ZMYYFZ', 'LS4PSXUNUM', '1YMWWN1N4O']"}
2026-08-21T07:43:04.558835188Z {"timestamp": 1787298184.5557058, "severity": "INFO", "name": "recommendationservice-server", "message": "[Recv ListRecommendations] product_ids=['OLJCESPC7Z', '0PUK6V6EV0', '6E92ZMYYFZ', '66VCHSJNUP', '1YMWWN1N4O']"}
2026-08-21T07:43:04.639402519Z {"timestamp": 1787298184.638919, "severity": "INFO", "name": "recommendationservice-server", "message": "[Recv ListRecommendations] product_ids=['6E92ZMYYFZ', '9SIQT8TOJO', 'OLJCESPC7Z', 'LS4PSXUNUM', '1YMWWN1N4O']"}
2026-08-21T07:43:05.348593722Z {"timestamp": 1787298185.3473244, "severity": "INFO", "name": "recommendationservice-server", "message": "[Recv ListRecommendations] product_ids=['L9ECAV7KIM', '6E92ZMYYFZ', '2ZYFJ3GM2N', 'OLJCESPC7Z', '1YMWWN1N4O']"}
2026-08-21T07:43:05.710990339Z {"timestamp": 1787298185.7093992, "severity": "INFO", "name": "recommendationservice-server", "message": "[Recv ListRecommendations] product_ids=['OLJCESPC7Z', '0PUK6V6EV0', '2ZYFJ3GM2N', '9SIQT8TOJO', '66VCHSJNUP']"}
2026-08-21T07:43:05.849089261Z {"timestamp": 1787298185.8474305, "severity": "INFO", "name": "recommendationservice-server", "message": "[Recv ListRecommendations] product_ids=['9SIQT8TOJO', 'OLJCESPC7Z', 'LS4PSXUNUM', '66VCHSJNUP', 'L9ECAV7KIM']"}
2026-08-21T07:43:05.941631680Z {"timestamp": 1787298185.9410222, "severity": "INFO", "name": "recommendationservice-server", "message": "[Recv ListRecommendations] product_ids=['LS4PSXUNUM', '0PUK6V6EV0', '6E92ZMYYFZ', '1YMWWN1N4O', '2ZYFJ3GM2N']"}
2026-08-21T07:43:06.045708122Z {"timestamp": 1787298186.0444698, "severity": "INFO", "name": "recommendationservice-server", "message": "[Recv ListRecommendations] product_ids=['2ZYFJ3GM2N', 'LS4PSXUNUM', '0PUK6V6EV0', '9SIQT8TOJO', '66VCHSJNUP']"}
2026-08-21T07:43:06.885358906Z {"timestamp": 1787298186.8845916, "severity": "INFO", "name": "recommendationservice-server", "message": "[Recv ListRecommendations] product_ids=['1YMWWN1N4O', '66VCHSJNUP', '2ZYFJ3GM2N', '0PUK6V6EV0', '9SIQT8TOJO']"}
2026-08-21T07:43:06.937876648Z {"timestamp": 1787298186.9374366, "severity": "INFO", "name": "recommendationservice-server", "message": "[Recv ListRecommendations] product_ids=['9SIQT8TOJO', 'OLJCESPC7Z', '6E92ZMYYFZ', '2ZYFJ3GM2N', 'LS4PSXUNUM']"}
2026-08-21T07:43:08.168790659Z {"timestamp": 1787298188.1682975, "severity": "INFO", "name": "recommendationservice-server", "message": "[Recv ListRecommendations] product_ids=['0PUK6V6EV0', 'LS4PSXUNUM', '2ZYFJ3GM2N', 'OLJCESPC7Z', '66VCHSJNUP']"}
2026-08-21T07:43:08.253054842Z {"timestamp": 1787298188.2525117, "severity": "INFO", "name": "recommendationservice-server", "message": "[Recv ListRecommendations] product_ids=['L9ECAV7KIM', '66VCHSJNUP', 'LS4PSXUNUM', '9SIQT8TOJO', '6E92ZMYYFZ']"}
2026-08-21T07:43:08.968673205Z {"timestamp": 1787298188.967413, "severity": "INFO", "name": "recommendationservice-server", "message": "[Recv ListRecommendations] product_ids=['9SIQT8TOJO', 'LS4PSXUNUM', '0PUK6V6EV0', '66VCHSJNUP', '6E92ZMYYFZ']"}
2026-08-21T07:43:09.162060783Z {"timestamp": 1787298189.1605468, "severity": "INFO", "name": "recommendationservice-server", "message": "[Recv ListRecommendations] product_ids=['9SIQT8TOJO', '66VCHSJNUP', '0PUK6V6EV0', '1YMWWN1N4O', 'OLJCESPC7Z']"}
2026-08-21T07:43:09.503404456Z {"timestamp": 1787298189.5030196, "severity": "INFO", "name": "recommendationservice-server", "message": "[Recv ListRecommendations] product_ids=['6E92ZMYYFZ', '2ZYFJ3GM2N', '0PUK6V6EV0', '9SIQT8TOJO', 'L9ECAV7KIM']"}
2026-08-21T07:43:09.704736321Z {"timestamp": 1787298189.704267, "severity": "INFO", "name": "recommendationservice-server", "message": "[Recv ListRecommendations] product_ids=['0PUK6V6EV0', '2ZYFJ3GM2N', '1YMWWN1N4O', '9SIQT8TOJO', 'L9ECAV7KIM']"}
2026-08-21T07:43:10.586840830Z {"timestamp": 1787298190.5865078, "severity": "INFO", "name": "recommendationservice-server", "message": "[Recv ListRecommendations] product_ids=['LS4PSXUNUM', '2ZYFJ3GM2N', '1YMWWN1N4O', '6E92ZMYYFZ', 'OLJCESPC7Z']"}
2026-08-21T07:43:10.845521609Z {"timestamp": 1787298190.8446121, "severity": "INFO", "name": "recommendationservice-server", "message": "[Recv ListRecommendations] product_ids=['1YMWWN1N4O', '6E92ZMYYFZ', '0PUK6V6EV0', 'L9ECAV7KIM', 'LS4PSXUNUM']"}
2026-08-21T07:43:11.196036256Z {"timestamp": 1787298191.194923, "severity": "INFO", "name": "recommendationservice-server", "message": "[Recv ListRecommendations] product_ids=['OLJCESPC7Z', '6E92ZMYYFZ', '0PUK6V6EV0', 'LS4PSXUNUM', '9SIQT8TOJO']"}
2026-08-21T07:43:12.355241327Z {"timestamp": 1787298192.3541615, "severity": "INFO", "name": "recommendationservice-server", "message": "[Recv ListRecommendations] product_ids=['2ZYFJ3GM2N', 'OLJCESPC7Z', '1YMWWN1N4O', '66VCHSJNUP', '0PUK6V6EV0']"}
2026-08-21T07:43:12.461748370Z {"timestamp": 1787298192.460443, "severity": "INFO", "name": "recommendationservice-server", "message": "[Recv ListRecommendations] product_ids=['LS4PSXUNUM', 'L9ECAV7KIM', 'OLJCESPC7Z', '66VCHSJNUP', '6E92ZMYYFZ']"}
2026-08-21T07:43:12.558220088Z {"timestamp": 1787298192.5576153, "severity": "INFO", "name": "recommendationservice-server", "message": "[Recv ListRecommendations] product_ids=['66VCHSJNUP', '1YMWWN1N4O', '2ZYFJ3GM2N']"}
2026-08-21T07:43:12.826665649Z {"timestamp": 1787298192.825483, "severity": "INFO", "name": "recommendationservice-server", "message": "[Recv ListRecommendations] product_ids=['66VCHSJNUP', '1YMWWN1N4O', 'LS4PSXUNUM', '0PUK6V6EV0', '9SIQT8TOJO']"}
2026-08-21T07:43:12.911773227Z {"timestamp": 1787298192.9073913, "severity": "INFO", "name": "recommendationservice-server", "message": "[Recv ListRecommendations] product_ids=['L9ECAV7KIM', '66VCHSJNUP', 'OLJCESPC7Z', '6E92ZMYYFZ', '1YMWWN1N4O']"}
2026-08-21T07:43:13.038535850Z {"timestamp": 1787298193.0376282, "severity": "INFO", "name": "recommendationservice-server", "message": "[Recv ListRecommendations] product_ids=['66VCHSJNUP', '6E92ZMYYFZ', '9SIQT8TOJO', 'LS4PSXUNUM', '1YMWWN1N4O']"}
2026-08-21T07:43:13.914082897Z {"timestamp": 1787298193.9132304, "severity": "INFO", "name": "recommendationservice-server", "message": "[Recv ListRecommendations] product_ids=['6E92ZMYYFZ', 'LS4PSXUNUM', '2ZYFJ3GM2N', '0PUK6V6EV0', '9SIQT8TOJO']"}
2026-08-21T07:43:14.480664625Z {"timestamp": 1787298194.479278, "severity": "INFO", "name": "recommendationservice-server", "message": "[Recv ListRecommendations] product_ids=['0PUK6V6EV0', 'OLJCESPC7Z', '2ZYFJ3GM2N', '6E92ZMYYFZ', 'L9ECAV7KIM']"}
2026-08-21T07:43:14.848507777Z {"timestamp": 1787298194.8473105, "severity": "INFO", "name": "recommendationservice-server", "message": "[Recv ListRecommendations] product_ids=['0PUK6V6EV0', '66VCHSJNUP', '9SIQT8TOJO', '2ZYFJ3GM2N', 'OLJCESPC7Z']"}
2026-08-21T07:43:14.987442070Z {"timestamp": 1787298194.9869273, "severity": "INFO", "name": "recommendationservice-server", "message": "[Recv ListRecommendations] product_ids=['66VCHSJNUP', '6E92ZMYYFZ', '2ZYFJ3GM2N', 'OLJCESPC7Z', '9SIQT8TOJO']"}
2026-08-21T07:43:15.086027931Z {"timestamp": 1787298195.0850468, "severity": "INFO", "name": "recommendationservice-server", "message": "[Recv ListRecommendations] product_ids=['9SIQT8TOJO', 'L9ECAV7KIM', '6E92ZMYYFZ', '1YMWWN1N4O', '66VCHSJNUP']"}
2026-08-21T07:43:16.074785807Z {"timestamp": 1787298196.072901, "severity": "INFO", "name": "recommendationservice-server", "message": "[Recv ListRecommendations] product_ids=['L9ECAV7KIM', '2ZYFJ3GM2N', '0PUK6V6EV0', 'LS4PSXUNUM', '6E92ZMYYFZ']"}
2026-08-21T07:43:16.081984472Z {"timestamp": 1787298196.0794444, "severity": "INFO", "name": "recommendationservice-server", "message": "[Recv ListRecommendations] product_ids=['6E92ZMYYFZ', '2ZYFJ3GM2N', 'L9ECAV7KIM', '0PUK6V6EV0', '9SIQT8TOJO']"}
2026-08-21T07:43:16.241448389Z {"timestamp": 1787298196.2408915, "severity": "INFO", "name": "recommendationservice-server", "message": "[Recv ListRecommendations] product_ids=['6E92ZMYYFZ', '66VCHSJNUP', 'LS4PSXUNUM', '9SIQT8TOJO', '1YMWWN1N4O']"}
2026-08-21T07:43:16.243204473Z {"timestamp": 1787298196.2425418, "severity": "INFO", "name": "recommendationservice-server", "message": "[Recv ListRecommendations] product_ids=['L9ECAV7KIM', '9SIQT8TOJO', '1YMWWN1N4O', '0PUK6V6EV0', '6E92ZMYYFZ']"}
2026-08-21T07:43:16.565242510Z {"timestamp": 1787298196.563813, "severity": "INFO", "name": "recommendationservice-server", "message": "[Recv ListRecommendations] product_ids=['OLJCESPC7Z', '2ZYFJ3GM2N', '6E92ZMYYFZ', 'LS4PSXUNUM', '9SIQT8TOJO']"}
2026-08-21T07:43:18.183925668Z {"timestamp": 1787298198.1836462, "severity": "INFO", "name": "recommendationservice-server", "message": "[Recv ListRecommendations] product_ids=['0PUK6V6EV0', '66VCHSJNUP', '1YMWWN1N4O', 'L9ECAV7KIM', '2ZYFJ3GM2N']"}
2026-08-21T07:43:18.247327799Z {"timestamp": 1787298198.242356, "severity": "INFO", "name": "recommendationservice-server", "message": "[Recv ListRecommendations] product_ids=['LS4PSXUNUM', '6E92ZMYYFZ', 'L9ECAV7KIM', '0PUK6V6EV0', '2ZYFJ3GM2N']"}
2026-08-21T07:43:18.280355218Z {"timestamp": 1787298198.280098, "severity": "INFO", "name": "recommendationservice-server", "message": "[Recv ListRecommendations] product_ids=['66VCHSJNUP', '2ZYFJ3GM2N', '9SIQT8TOJO', 'L9ECAV7KIM', '6E92ZMYYFZ']"}
2026-08-21T07:43:18.292878911Z {"timestamp": 1787298198.2926233, "severity": "INFO", "name": "recommendationservice-server", "message": "[Recv ListRecommendations] product_ids=['L9ECAV7KIM', '2ZYFJ3GM2N', '6E92ZMYYFZ', 'LS4PSXUNUM', '0PUK6V6EV0']"}
2026-08-21T07:43:18.970212996Z {"timestamp": 1787298198.969942, "severity": "INFO", "name": "recommendationservice-server", "message": "[Recv ListRecommendations] product_ids=['1YMWWN1N4O', '9SIQT8TOJO', 'OLJCESPC7Z', '6E92ZMYYFZ', 'L9ECAV7KIM']"}
2026-08-21T07:43:18.984797533Z {"timestamp": 1787298198.984533, "severity": "INFO", "name": "recommendationservice-server", "message": "[Recv ListRecommendations] product_ids=['1YMWWN1N4O', '0PUK6V6EV0', 'L9ECAV7KIM', 'OLJCESPC7Z', '6E92ZMYYFZ']"}
2026-08-21T07:43:19.563858297Z {"timestamp": 1787298199.5635948, "severity": "INFO", "name": "recommendationservice-server", "message": "[Recv ListRecommendations] product_ids=['LS4PSXUNUM', 'OLJCESPC7Z', '2ZYFJ3GM2N', '1YMWWN1N4O', '6E92ZMYYFZ']"}
2026-08-21T07:43:20.932840660Z {"timestamp": 1787298200.9324756, "severity": "INFO", "name": "recommendationservice-server", "message": "[Recv ListRecommendations] product_ids=['0PUK6V6EV0', 'OLJCESPC7Z', '66VCHSJNUP', '1YMWWN1N4O', '9SIQT8TOJO']"}
2026-08-21T07:43:21.483514280Z {"timestamp": 1787298201.4825275, "severity": "INFO", "name": "recommendationservice-server", "message": "[Recv ListRecommendations] product_ids=['LS4PSXUNUM', '2ZYFJ3GM2N', '9SIQT8TOJO', '0PUK6V6EV0', 'L9ECAV7KIM']"}
2026-08-21T07:43:22.431592007Z {"timestamp": 1787298202.430875, "severity": "INFO", "name": "recommendationservice-server", "message": "[Recv ListRecommendations] product_ids=['9SIQT8TOJO', 'L9ECAV7KIM', '0PUK6V6EV0', 'OLJCESPC7Z', '66VCHSJNUP']"}
2026-08-21T07:43:23.052106598Z {"timestamp": 1787298203.0513444, "severity": "INFO", "name": "recommendationservice-server", "message": "[Recv ListRecommendations] product_ids=['66VCHSJNUP', '2ZYFJ3GM2N', '0PUK6V6EV0', '6E92ZMYYFZ', 'L9ECAV7KIM']"}
2026-08-21T07:43:23.390568457Z {"timestamp": 1787298203.389865, "severity": "INFO", "name": "recommendationservice-server", "message": "[Recv ListRecommendations] product_ids=['1YMWWN1N4O', '9SIQT8TOJO', 'LS4PSXUNUM', 'OLJCESPC7Z', '0PUK6V6EV0']"}
2026-08-21T07:43:23.772144620Z {"timestamp": 1787298203.7715454, "severity": "INFO", "name": "recommendationservice-server", "message": "[Recv ListRecommendations] product_ids=['66VCHSJNUP', '2ZYFJ3GM2N', 'LS4PSXUNUM', '6E92ZMYYFZ', '9SIQT8TOJO']"}
2026-08-21T07:43:24.061319342Z {"timestamp": 1787298204.0598657, "severity": "INFO", "name": "recommendationservice-server", "message": "[Recv ListRecommendations] product_ids=['2ZYFJ3GM2N', '66VCHSJNUP', 'L9ECAV7KIM', 'OLJCESPC7Z', '6E92ZMYYFZ']"}
2026-08-21T07:43:24.344208014Z {"timestamp": 1787298204.3434355, "severity": "INFO", "name": "recommendationservice-server", "message": "[Recv ListRecommendations] product_ids=['1YMWWN1N4O', '0PUK6V6EV0', '2ZYFJ3GM2N', 'OLJCESPC7Z', '9SIQT8TOJO']"}
2026-08-21T07:43:24.851414570Z {"timestamp": 1787298204.85097, "severity": "INFO", "name": "recommendationservice-server", "message": "[Recv ListRecommendations] product_ids=['LS4PSXUNUM', '9SIQT8TOJO', '0PUK6V6EV0', '66VCHSJNUP', '2ZYFJ3GM2N']"}
2026-08-21T07:43:25.793992879Z {"timestamp": 1787298205.7931983, "severity": "INFO", "name": "recommendationservice-server", "message": "[Recv ListRecommendations] product_ids=['0PUK6V6EV0', 'L9ECAV7KIM', '1YMWWN1N4O', '2ZYFJ3GM2N', '9SIQT8TOJO']"}
2026-08-21T07:43:26.369561185Z {"timestamp": 1787298206.3687706, "severity": "INFO", "name": "recommendationservice-server", "message": "[Recv ListRecommendations] product_ids=['1YMWWN1N4O', '6E92ZMYYFZ', '2ZYFJ3GM2N', 'OLJCESPC7Z', '0PUK6V6EV0']"}
2026-08-21T07:43:26.451804595Z {"timestamp": 1787298206.4509854, "severity": "INFO", "name": "recommendationservice-server", "message": "[Recv ListRecommendations] product_ids=['0PUK6V6EV0', '66VCHSJNUP', '6E92ZMYYFZ', 'L9ECAV7KIM', 'OLJCESPC7Z']"}
2026-08-21T07:43:26.977669834Z {"timestamp": 1787298206.9769213, "severity": "INFO", "name": "recommendationservice-server", "message": "[Recv ListRecommendations] product_ids=['9SIQT8TOJO', '2ZYFJ3GM2N', '6E92ZMYYFZ', '1YMWWN1N4O', '0PUK6V6EV0']"}
2026-08-21T07:43:27.295508890Z {"timestamp": 1787298207.2944946, "severity": "INFO", "name": "recommendationservice-server", "message": "[Recv ListRecommendations] product_ids=['LS4PSXUNUM', '66VCHSJNUP', 'L9ECAV7KIM', '9SIQT8TOJO', '0PUK6V6EV0']"}
2026-08-21T07:43:27.945088352Z {"timestamp": 1787298207.9447567, "severity": "INFO", "name": "recommendationservice-server", "message": "[Recv ListRecommendations] product_ids=['L9ECAV7KIM', 'OLJCESPC7Z', '6E92ZMYYFZ', '2ZYFJ3GM2N', '1YMWWN1N4O']"}
2026-08-21T07:43:27.966592089Z {"timestamp": 1787298207.9662907, "severity": "INFO", "name": "recommendationservice-server", "message": "[Recv ListRecommendations] product_ids=['2ZYFJ3GM2N', '6E92ZMYYFZ', '9SIQT8TOJO', '0PUK6V6EV0', 'L9ECAV7KIM']"}
2026-08-21T07:43:28.513703321Z {"timestamp": 1787298208.5129647, "severity": "INFO", "name": "recommendationservice-server", "message": "[Recv ListRecommendations] product_ids=['6E92ZMYYFZ', '9SIQT8TOJO', '2ZYFJ3GM2N', '66VCHSJNUP', '0PUK6V6EV0']"}
2026-08-21T07:43:28.599222785Z {"timestamp": 1787298208.5986793, "severity": "INFO", "name": "recommendationservice-server", "message": "[Recv ListRecommendations] product_ids=['L9ECAV7KIM', '9SIQT8TOJO', '0PUK6V6EV0', '66VCHSJNUP', '2ZYFJ3GM2N']"}
2026-08-21T07:43:28.903711383Z {"timestamp": 1787298208.9027584, "severity": "INFO", "name": "recommendationservice-server", "message": "[Recv ListRecommendations] product_ids=['9SIQT8TOJO', '1YMWWN1N4O', 'OLJCESPC7Z', '6E92ZMYYFZ', '2ZYFJ3GM2N']"}
2026-08-21T07:43:29.560335737Z {"timestamp": 1787298209.5598264, "severity": "INFO", "name": "recommendationservice-server", "message": "[Recv ListRecommendations] product_ids=['0PUK6V6EV0', 'OLJCESPC7Z', '2ZYFJ3GM2N', '66VCHSJNUP', '1YMWWN1N4O']"}
2026-08-21T07:43:30.049272030Z {"timestamp": 1787298210.0484738, "severity": "INFO", "name": "recommendationservice-server", "message": "[Recv ListRecommendations] product_ids=['9SIQT8TOJO', 'OLJCESPC7Z', 'L9ECAV7KIM', '66VCHSJNUP', '2ZYFJ3GM2N']"}
2026-08-21T07:43:30.314410573Z {"timestamp": 1787298210.3137465, "severity": "INFO", "name": "recommendationservice-server", "message": "[Recv ListRecommendations] product_ids=['LS4PSXUNUM', 'L9ECAV7KIM', '2ZYFJ3GM2N', '6E92ZMYYFZ', '1YMWWN1N4O']"}
2026-08-21T07:43:30.410827280Z {"timestamp": 1787298210.4099941, "severity": "INFO", "name": "recommendationservice-server", "message": "[Recv ListRecommendations] product_ids=['LS4PSXUNUM', '6E92ZMYYFZ', '1YMWWN1N4O', 'L9ECAV7KIM', '9SIQT8TOJO']"}
2026-08-21T07:43:30.413931105Z {"timestamp": 1787298210.4131997, "severity": "INFO", "name": "recommendationservice-server", "message": "[Recv ListRecommendations] product_ids=['6E92ZMYYFZ', 'L9ECAV7KIM', '0PUK6V6EV0', 'OLJCESPC7Z', '2ZYFJ3GM2N']"}
2026-08-21T07:43:30.609422568Z {"timestamp": 1787298210.6086116, "severity": "INFO", "name": "recommendationservice-server", "message": "[Recv ListRecommendations] product_ids=['1YMWWN1N4O', '66VCHSJNUP', '9SIQT8TOJO', 'LS4PSXUNUM', 'OLJCESPC7Z']"}
2026-08-21T07:43:30.694120193Z {"timestamp": 1787298210.6933074, "severity": "INFO", "name": "recommendationservice-server", "message": "[Recv ListRecommendations] product_ids=['6E92ZMYYFZ', 'L9ECAV7KIM', '0PUK6V6EV0', '9SIQT8TOJO', '1YMWWN1N4O']"}
2026-08-21T07:43:31.339810189Z {"timestamp": 1787298211.3392339, "severity": "INFO", "name": "recommendationservice-server", "message": "[Recv ListRecommendations] product_ids=['9SIQT8TOJO', '6E92ZMYYFZ', 'OLJCESPC7Z', '2ZYFJ3GM2N', '66VCHSJNUP']"}
2026-08-21T07:43:33.726099479Z {"timestamp": 1787298213.725355, "severity": "INFO", "name": "recommendationservice-server", "message": "[Recv ListRecommendations] product_ids=['L9ECAV7KIM', '66VCHSJNUP', '1YMWWN1N4O', '0PUK6V6EV0', 'OLJCESPC7Z']"}
2026-08-21T07:43:34.473828825Z {"timestamp": 1787298214.4727626, "severity": "INFO", "name": "recommendationservice-server", "message": "[Recv ListRecommendations] product_ids=['1YMWWN1N4O', '66VCHSJNUP', '9SIQT8TOJO', '0PUK6V6EV0', 'L9ECAV7KIM']"}
2026-08-21T07:43:35.249778365Z {"timestamp": 1787298215.2486477, "severity": "INFO", "name": "recommendationservice-server", "message": "[Recv ListRecommendations] product_ids=['9SIQT8TOJO', '0PUK6V6EV0', '66VCHSJNUP', 'LS4PSXUNUM', '6E92ZMYYFZ']"}
2026-08-21T07:43:35.588996483Z {"timestamp": 1787298215.5879016, "severity": "INFO", "name": "recommendationservice-server", "message": "[Recv ListRecommendations] product_ids=['OLJCESPC7Z', '9SIQT8TOJO', '66VCHSJNUP', '2ZYFJ3GM2N', '0PUK6V6EV0']"}
2026-08-21T07:43:35.685391103Z {"timestamp": 1787298215.6847887, "severity": "INFO", "name": "recommendationservice-server", "message": "[Recv ListRecommendations] product_ids=['2ZYFJ3GM2N', 'L9ECAV7KIM', '0PUK6V6EV0', 'OLJCESPC7Z', '1YMWWN1N4O']"}
2026-08-21T07:43:36.131997834Z {"timestamp": 1787298216.1308951, "severity": "INFO", "name": "recommendationservice-server", "message": "[Recv ListRecommendations] product_ids=['1YMWWN1N4O', '66VCHSJNUP', 'OLJCESPC7Z', 'LS4PSXUNUM', '0PUK6V6EV0']"}
2026-08-21T07:43:36.211102535Z {"timestamp": 1787298216.2085884, "severity": "INFO", "name": "recommendationservice-server", "message": "[Recv ListRecommendations] product_ids=['LS4PSXUNUM', '66VCHSJNUP', 'OLJCESPC7Z', '6E92ZMYYFZ', '1YMWWN1N4O']"}
2026-08-21T07:43:36.436046818Z {"timestamp": 1787298216.435055, "severity": "INFO", "name": "recommendationservice-server", "message": "[Recv ListRecommendations] product_ids=['OLJCESPC7Z', '6E92ZMYYFZ', '2ZYFJ3GM2N', '66VCHSJNUP', '9SIQT8TOJO']"}
2026-08-21T07:43:36.753203439Z {"timestamp": 1787298216.7521658, "severity": "INFO", "name": "recommendationservice-server", "message": "[Recv ListRecommendations] product_ids=['L9ECAV7KIM', '1YMWWN1N4O', 'LS4PSXUNUM', '2ZYFJ3GM2N', '6E92ZMYYFZ']"}
2026-08-21T07:43:36.892702888Z {"timestamp": 1787298216.891762, "severity": "INFO", "name": "recommendationservice-server", "message": "[Recv ListRecommendations] product_ids=['0PUK6V6EV0', 'L9ECAV7KIM', '66VCHSJNUP', '1YMWWN1N4O', '2ZYFJ3GM2N']"}
2026-08-21T07:43:36.989883836Z {"timestamp": 1787298216.989003, "severity": "INFO", "name": "recommendationservice-server", "message": "[Recv ListRecommendations] product_ids=['0PUK6V6EV0', 'OLJCESPC7Z', '66VCHSJNUP', 'LS4PSXUNUM', '1YMWWN1N4O']"}
2026-08-21T07:43:38.220261582Z {"timestamp": 1787298218.219378, "severity": "INFO", "name": "recommendationservice-server", "message": "[Recv ListRecommendations] product_ids=['2ZYFJ3GM2N', '6E92ZMYYFZ', '66VCHSJNUP', '1YMWWN1N4O', '0PUK6V6EV0']"}
2026-08-21T07:43:38.345538012Z {"timestamp": 1787298218.344552, "severity": "INFO", "name": "recommendationservice-server", "message": "[Recv ListRecommendations] product_ids=['OLJCESPC7Z', '0PUK6V6EV0', '66VCHSJNUP', 'L9ECAV7KIM', '6E92ZMYYFZ']"}
2026-08-21T07:43:38.496975008Z {"timestamp": 1787298218.4962234, "severity": "INFO", "name": "recommendationservice-server", "message": "[Recv ListRecommendations] product_ids=['2ZYFJ3GM2N', '0PUK6V6EV0', 'L9ECAV7KIM', '9SIQT8TOJO', 'LS4PSXUNUM']"}
2026-08-21T07:43:38.535631412Z {"timestamp": 1787298218.5350537, "severity": "INFO", "name": "recommendationservice-server", "message": "[Recv ListRecommendations] product_ids=['66VCHSJNUP', 'LS4PSXUNUM', 'L9ECAV7KIM', '2ZYFJ3GM2N', '6E92ZMYYFZ']"}
2026-08-21T07:43:38.643831157Z {"timestamp": 1787298218.6431422, "severity": "INFO", "name": "recommendationservice-server", "message": "[Recv ListRecommendations] product_ids=['66VCHSJNUP', '9SIQT8TOJO', '0PUK6V6EV0', '2ZYFJ3GM2N', 'L9ECAV7KIM']"}
2026-08-21T07:43:38.693008777Z {"timestamp": 1787298218.6923432, "severity": "INFO", "name": "recommendationservice-server", "message": "[Recv ListRecommendations] product_ids=['6E92ZMYYFZ', '0PUK6V6EV0', '9SIQT8TOJO', 'L9ECAV7KIM', '2ZYFJ3GM2N']"}
2026-08-21T07:43:38.854999694Z {"timestamp": 1787298218.854141, "severity": "INFO", "name": "recommendationservice-server", "message": "[Recv ListRecommendations] product_ids=['L9ECAV7KIM', '1YMWWN1N4O', '2ZYFJ3GM2N', '9SIQT8TOJO', '0PUK6V6EV0']"}
2026-08-21T07:43:39.344279484Z {"timestamp": 1787298219.3438466, "severity": "INFO", "name": "recommendationservice-server", "message": "[Recv ListRecommendations] product_ids=['2ZYFJ3GM2N', '1YMWWN1N4O', 'L9ECAV7KIM', '0PUK6V6EV0', '66VCHSJNUP']"}
2026-08-21T07:43:39.885172591Z {"timestamp": 1787298219.88481, "severity": "INFO", "name": "recommendationservice-server", "message": "[Recv ListRecommendations] product_ids=['0PUK6V6EV0', '66VCHSJNUP', '9SIQT8TOJO', 'OLJCESPC7Z', 'LS4PSXUNUM']"}
2026-08-21T07:43:40.281490422Z {"timestamp": 1787298220.2810962, "severity": "INFO", "name": "recommendationservice-server", "message": "[Recv ListRecommendations] product_ids=['9SIQT8TOJO', 'L9ECAV7KIM', 'OLJCESPC7Z', '6E92ZMYYFZ', '0PUK6V6EV0']"}
2026-08-21T07:43:40.693989891Z {"timestamp": 1787298220.6936476, "severity": "INFO", "name": "recommendationservice-server", "message": "[Recv ListRecommendations] product_ids=['OLJCESPC7Z', '9SIQT8TOJO', '2ZYFJ3GM2N', '1YMWWN1N4O', 'L9ECAV7KIM']"}
2026-08-21T07:43:41.290583982Z {"timestamp": 1787298221.289986, "severity": "INFO", "name": "recommendationservice-server", "message": "[Recv ListRecommendations] product_ids=['OLJCESPC7Z', 'L9ECAV7KIM', '1YMWWN1N4O', '6E92ZMYYFZ', '66VCHSJNUP']"}
2026-08-21T07:43:42.270873377Z {"timestamp": 1787298222.2700903, "severity": "INFO", "name": "recommendationservice-server", "message": "[Recv ListRecommendations] product_ids=['1YMWWN1N4O', 'L9ECAV7KIM', 'OLJCESPC7Z', '6E92ZMYYFZ', '0PUK6V6EV0']"}
2026-08-21T07:43:43.902509077Z {"timestamp": 1787298223.9020073, "severity": "INFO", "name": "recommendationservice-server", "message": "[Recv ListRecommendations] product_ids=['6E92ZMYYFZ', 'OLJCESPC7Z', '9SIQT8TOJO', 'L9ECAV7KIM', 'LS4PSXUNUM']"}
2026-08-21T07:43:44.039139323Z {"timestamp": 1787298224.0376797, "severity": "INFO", "name": "recommendationservice-server", "message": "[Recv ListRecommendations] product_ids=['0PUK6V6EV0', '6E92ZMYYFZ', 'L9ECAV7KIM', 'LS4PSXUNUM', '9SIQT8TOJO']"}
2026-08-21T07:43:44.487781053Z {"timestamp": 1787298224.4870005, "severity": "INFO", "name": "recommendationservice-server", "message": "[Recv ListRecommendations] product_ids=['1YMWWN1N4O', '2ZYFJ3GM2N', 'OLJCESPC7Z', '9SIQT8TOJO', '6E92ZMYYFZ']"}
2026-08-21T07:43:45.401189556Z {"timestamp": 1787298225.4005268, "severity": "INFO", "name": "recommendationservice-server", "message": "[Recv ListRecommendations] product_ids=['2ZYFJ3GM2N', '66VCHSJNUP', '9SIQT8TOJO', 'LS4PSXUNUM', 'OLJCESPC7Z']"}
2026-08-21T07:43:45.484976611Z {"timestamp": 1787298225.484449, "severity": "INFO", "name": "recommendationservice-server", "message": "[Recv ListRecommendations] product_ids=['2ZYFJ3GM2N', 'OLJCESPC7Z', '6E92ZMYYFZ', '66VCHSJNUP', '9SIQT8TOJO']"}
2026-08-21T07:43:45.589571807Z {"timestamp": 1787298225.5889773, "severity": "INFO", "name": "recommendationservice-server", "message": "[Recv ListRecommendations] product_ids=['9SIQT8TOJO', '0PUK6V6EV0', 'L9ECAV7KIM', 'OLJCESPC7Z', '1YMWWN1N4O']"}
2026-08-21T07:43:45.601739177Z {"timestamp": 1787298225.6007183, "severity": "INFO", "name": "recommendationservice-server", "message": "[Recv ListRecommendations] product_ids=['LS4PSXUNUM', '0PUK6V6EV0', 'OLJCESPC7Z', '66VCHSJNUP', '9SIQT8TOJO']"}
2026-08-21T07:43:45.961925957Z {"timestamp": 1787298225.9610436, "severity": "INFO", "name": "recommendationservice-server", "message": "[Recv ListRecommendations] product_ids=['2ZYFJ3GM2N', '0PUK6V6EV0', 'OLJCESPC7Z', '9SIQT8TOJO', 'LS4PSXUNUM']"}
2026-08-21T07:43:46.050729666Z {"timestamp": 1787298226.049817, "severity": "INFO", "name": "recommendationservice-server", "message": "[Recv ListRecommendations] product_ids=['0PUK6V6EV0', '66VCHSJNUP', 'L9ECAV7KIM', 'OLJCESPC7Z', 'LS4PSXUNUM']"}
2026-08-21T07:43:46.060413113Z {"timestamp": 1787298226.059424, "severity": "INFO", "name": "recommendationservice-server", "message": "[Recv ListRecommendations] product_ids=['LS4PSXUNUM', '66VCHSJNUP', '9SIQT8TOJO', '1YMWWN1N4O']"}
2026-08-21T07:43:46.236660499Z {"timestamp": 1787298226.235869, "severity": "INFO", "name": "recommendationservice-server", "message": "[Recv ListRecommendations] product_ids=['6E92ZMYYFZ', 'L9ECAV7KIM', '1YMWWN1N4O', '0PUK6V6EV0', '9SIQT8TOJO']"}
2026-08-21T07:43:47.335922923Z {"timestamp": 1787298227.3346872, "severity": "INFO", "name": "recommendationservice-server", "message": "[Recv ListRecommendations] product_ids=['9SIQT8TOJO', '66VCHSJNUP', 'L9ECAV7KIM', 'LS4PSXUNUM', '2ZYFJ3GM2N']"}
2026-08-21T07:43:47.448847036Z {"timestamp": 1787298227.4478502, "severity": "INFO", "name": "recommendationservice-server", "message": "[Recv ListRecommendations] product_ids=['0PUK6V6EV0', '6E92ZMYYFZ', 'L9ECAV7KIM', '2ZYFJ3GM2N', 'LS4PSXUNUM']"}
2026-08-21T07:43:47.571699837Z {"timestamp": 1787298227.5709026, "severity": "INFO", "name": "recommendationservice-server", "message": "[Recv ListRecommendations] product_ids=['6E92ZMYYFZ', 'LS4PSXUNUM', '1YMWWN1N4O', '66VCHSJNUP', '2ZYFJ3GM2N']"}
2026-08-21T07:43:47.659759019Z {"timestamp": 1787298227.6590195, "severity": "INFO", "name": "recommendationservice-server", "message": "[Recv ListRecommendations] product_ids=['66VCHSJNUP', '0PUK6V6EV0', '9SIQT8TOJO', '1YMWWN1N4O', 'OLJCESPC7Z']"}
2026-08-21T07:43:47.814663974Z {"timestamp": 1787298227.8139997, "severity": "INFO", "name": "recommendationservice-server", "message": "[Recv ListRecommendations] product_ids=['6E92ZMYYFZ', 'L9ECAV7KIM', 'OLJCESPC7Z', 'LS4PSXUNUM', '0PUK6V6EV0']"}
2026-08-21T07:43:48.414386208Z {"timestamp": 1787298228.413465, "severity": "INFO", "name": "recommendationservice-server", "message": "[Recv ListRecommendations] product_ids=['66VCHSJNUP', 'OLJCESPC7Z', 'L9ECAV7KIM', 'LS4PSXUNUM', '6E92ZMYYFZ']"}
2026-08-21T07:43:48.513914442Z {"timestamp": 1787298228.5132773, "severity": "INFO", "name": "recommendationservice-server", "message": "[Recv ListRecommendations] product_ids=['2ZYFJ3GM2N', '6E92ZMYYFZ', 'L9ECAV7KIM', 'LS4PSXUNUM', '0PUK6V6EV0']"}
2026-08-21T07:43:48.690846644Z {"timestamp": 1787298228.6892874, "severity": "INFO", "name": "recommendationservice-server", "message": "[Recv ListRecommendations] product_ids=['OLJCESPC7Z', '66VCHSJNUP', '0PUK6V6EV0', 'L9ECAV7KIM', '1YMWWN1N4O']"}
2026-08-21T07:43:48.807150131Z {"timestamp": 1787298228.806022, "severity": "INFO", "name": "recommendationservice-server", "message": "[Recv ListRecommendations] product_ids=['0PUK6V6EV0', '1YMWWN1N4O', '9SIQT8TOJO', '66VCHSJNUP', 'L9ECAV7KIM']"}
2026-08-21T07:43:48.837945771Z {"timestamp": 1787298228.836893, "severity": "INFO", "name": "recommendationservice-server", "message": "[Recv ListRecommendations] product_ids=['2ZYFJ3GM2N', 'L9ECAV7KIM', '0PUK6V6EV0', 'OLJCESPC7Z', '6E92ZMYYFZ']"}
2026-08-21T07:43:49.023542748Z {"timestamp": 1787298229.0226517, "severity": "INFO", "name": "recommendationservice-server", "message": "[Recv ListRecommendations] product_ids=['LS4PSXUNUM', '66VCHSJNUP', 'OLJCESPC7Z', '6E92ZMYYFZ', 'L9ECAV7KIM']"}
2026-08-21T07:43:49.164565941Z {"timestamp": 1787298229.1639278, "severity": "INFO", "name": "recommendationservice-server", "message": "[Recv ListRecommendations] product_ids=['OLJCESPC7Z', '0PUK6V6EV0', '1YMWWN1N4O', 'LS4PSXUNUM', 'L9ECAV7KIM']"}
2026-08-21T07:43:49.201516227Z {"timestamp": 1787298229.200965, "severity": "INFO", "name": "recommendationservice-server", "message": "[Recv ListRecommendations] product_ids=['6E92ZMYYFZ', 'L9ECAV7KIM', 'OLJCESPC7Z', 'LS4PSXUNUM', '0PUK6V6EV0']"}
2026-08-21T07:43:50.155808386Z {"timestamp": 1787298230.1537662, "severity": "INFO", "name": "recommendationservice-server", "message": "[Recv ListRecommendations] product_ids=['6E92ZMYYFZ', '0PUK6V6EV0', '9SIQT8TOJO', 'L9ECAV7KIM', '1YMWWN1N4O']"}
2026-08-21T07:43:50.177867739Z {"timestamp": 1787298230.1768212, "severity": "INFO", "name": "recommendationservice-server", "message": "[Recv ListRecommendations] product_ids=['66VCHSJNUP', '6E92ZMYYFZ', '0PUK6V6EV0', '1YMWWN1N4O', '2ZYFJ3GM2N']"}
2026-08-21T07:43:50.246128153Z {"timestamp": 1787298230.245329, "severity": "INFO", "name": "recommendationservice-server", "message": "[Recv ListRecommendations] product_ids=['9SIQT8TOJO', '66VCHSJNUP', '6E92ZMYYFZ', '2ZYFJ3GM2N', '0PUK6V6EV0']"}
2026-08-21T07:43:50.524159956Z {"timestamp": 1787298230.5234067, "severity": "INFO", "name": "recommendationservice-server", "message": "[Recv ListRecommendations] product_ids=['6E92ZMYYFZ', '2ZYFJ3GM2N', 'OLJCESPC7Z', '0PUK6V6EV0', '66VCHSJNUP']"}
2026-08-21T07:43:50.850202887Z {"timestamp": 1787298230.8497608, "severity": "INFO", "name": "recommendationservice-server", "message": "[Recv ListRecommendations] product_ids=['OLJCESPC7Z', '66VCHSJNUP', '2ZYFJ3GM2N', '9SIQT8TOJO', '1YMWWN1N4O']"}
2026-08-21T07:43:50.901506483Z {"timestamp": 1787298230.9009633, "severity": "INFO", "name": "recommendationservice-server", "message": "[Recv ListRecommendations] product_ids=['6E92ZMYYFZ', '9SIQT8TOJO', '0PUK6V6EV0', 'OLJCESPC7Z', 'L9ECAV7KIM']"}
2026-08-21T07:43:51.730966165Z {"timestamp": 1787298231.7292528, "severity": "INFO", "name": "recommendationservice-server", "message": "[Recv ListRecommendations] product_ids=['0PUK6V6EV0', '9SIQT8TOJO', '1YMWWN1N4O', '6E92ZMYYFZ', 'LS4PSXUNUM']"}
2026-08-21T07:43:51.952111420Z {"timestamp": 1787298231.9515722, "severity": "INFO", "name": "recommendationservice-server", "message": "[Recv ListRecommendations] product_ids=['2ZYFJ3GM2N', '66VCHSJNUP', '1YMWWN1N4O']"}
2026-08-21T07:43:51.974130709Z {"timestamp": 1787298231.973553, "severity": "INFO", "name": "recommendationservice-server", "message": "[Recv ListRecommendations] product_ids=['6E92ZMYYFZ', 'LS4PSXUNUM', '0PUK6V6EV0', 'L9ECAV7KIM', '9SIQT8TOJO']"}
2026-08-21T07:43:52.223219146Z {"timestamp": 1787298232.2226458, "severity": "INFO", "name": "recommendationservice-server", "message": "[Recv ListRecommendations] product_ids=['66VCHSJNUP', 'OLJCESPC7Z', '9SIQT8TOJO', '0PUK6V6EV0', 'L9ECAV7KIM']"}
2026-08-21T07:43:52.253769865Z {"timestamp": 1787298232.2530942, "severity": "INFO", "name": "recommendationservice-server", "message": "[Recv ListRecommendations] product_ids=['1YMWWN1N4O', 'OLJCESPC7Z', 'L9ECAV7KIM', '66VCHSJNUP', '0PUK6V6EV0']"}
2026-08-21T07:43:52.374097026Z {"timestamp": 1787298232.3733504, "severity": "INFO", "name": "recommendationservice-server", "message": "[Recv ListRecommendations] product_ids=['6E92ZMYYFZ', '9SIQT8TOJO', '66VCHSJNUP', 'OLJCESPC7Z', '0PUK6V6EV0']"}
2026-08-21T07:43:52.435126352Z {"timestamp": 1787298232.434194, "severity": "INFO", "name": "recommendationservice-server", "message": "[Recv ListRecommendations] product_ids=['6E92ZMYYFZ', 'L9ECAV7KIM', '1YMWWN1N4O', '0PUK6V6EV0', '9SIQT8TOJO']"}
2026-08-21T07:43:53.600690851Z {"timestamp": 1787298233.6003642, "severity": "INFO", "name": "recommendationservice-server", "message": "[Recv ListRecommendations] product_ids=['2ZYFJ3GM2N', '9SIQT8TOJO', 'OLJCESPC7Z', '1YMWWN1N4O', 'LS4PSXUNUM']"}
2026-08-21T07:43:53.603987704Z {"timestamp": 1787298233.603676, "severity": "INFO", "name": "recommendationservice-server", "message": "[Recv ListRecommendations] product_ids=['2ZYFJ3GM2N', '1YMWWN1N4O', '0PUK6V6EV0', '66VCHSJNUP', 'OLJCESPC7Z']"}
2026-08-21T07:43:53.614545973Z {"timestamp": 1787298233.614298, "severity": "INFO", "name": "recommendationservice-server", "message": "[Recv ListRecommendations] product_ids=['LS4PSXUNUM', '0PUK6V6EV0', '9SIQT8TOJO', '1YMWWN1N4O', 'OLJCESPC7Z']"}
2026-08-21T07:43:53.767346076Z {"timestamp": 1787298233.7668445, "severity": "INFO", "name": "recommendationservice-server", "message": "[Recv ListRecommendations] product_ids=['0PUK6V6EV0', '9SIQT8TOJO', 'LS4PSXUNUM', 'L9ECAV7KIM', '66VCHSJNUP']"}
2026-08-21T07:43:54.080787895Z {"timestamp": 1787298234.0798032, "severity": "INFO", "name": "recommendationservice-server", "message": "[Recv ListRecommendations] product_ids=['LS4PSXUNUM', '0PUK6V6EV0', '2ZYFJ3GM2N', '6E92ZMYYFZ', '9SIQT8TOJO']"}
2026-08-21T07:43:55.253010010Z {"timestamp": 1787298235.2525556, "severity": "INFO", "name": "recommendationservice-server", "message": "[Recv ListRecommendations] product_ids=['1YMWWN1N4O', '6E92ZMYYFZ', '9SIQT8TOJO', 'OLJCESPC7Z', '0PUK6V6EV0']"}
2026-08-21T07:43:55.723295209Z {"timestamp": 1787298235.721641, "severity": "INFO", "name": "recommendationservice-server", "message": "[Recv ListRecommendations] product_ids=['6E92ZMYYFZ', '0PUK6V6EV0', '2ZYFJ3GM2N', 'LS4PSXUNUM', 'OLJCESPC7Z']"}
2026-08-21T07:43:55.811243346Z {"timestamp": 1787298235.8098102, "severity": "INFO", "name": "recommendationservice-server", "message": "[Recv ListRecommendations] product_ids=['LS4PSXUNUM', '66VCHSJNUP', '1YMWWN1N4O', 'L9ECAV7KIM', '0PUK6V6EV0']"}
2026-08-21T07:43:55.899880398Z {"timestamp": 1787298235.8995438, "severity": "INFO", "name": "recommendationservice-server", "message": "[Recv ListRecommendations] product_ids=['0PUK6V6EV0', '66VCHSJNUP', '6E92ZMYYFZ', 'L9ECAV7KIM', 'LS4PSXUNUM']"}
2026-08-21T07:43:56.117996845Z {"timestamp": 1787298236.1176755, "severity": "INFO", "name": "recommendationservice-server", "message": "[Recv ListRecommendations] product_ids=['1YMWWN1N4O', '66VCHSJNUP', 'OLJCESPC7Z', 'L9ECAV7KIM', '6E92ZMYYFZ']"}
2026-08-21T07:43:56.280248831Z {"timestamp": 1787298236.2799833, "severity": "INFO", "name": "recommendationservice-server", "message": "[Recv ListRecommendations] product_ids=['2ZYFJ3GM2N', 'LS4PSXUNUM', '1YMWWN1N4O', 'OLJCESPC7Z', '9SIQT8TOJO']"}
2026-08-21T07:43:56.729486404Z {"timestamp": 1787298236.7291968, "severity": "INFO", "name": "recommendationservice-server", "message": "[Recv ListRecommendations] product_ids=['0PUK6V6EV0', '6E92ZMYYFZ', 'LS4PSXUNUM', '1YMWWN1N4O', 'L9ECAV7KIM']"}
2026-08-21T07:43:56.771859504Z {"timestamp": 1787298236.7715447, "severity": "INFO", "name": "recommendationservice-server", "message": "[Recv ListRecommendations] product_ids=['L9ECAV7KIM', '1YMWWN1N4O', 'LS4PSXUNUM', '6E92ZMYYFZ', '66VCHSJNUP']"}
2026-08-21T07:43:56.784631444Z {"timestamp": 1787298236.7841957, "severity": "INFO", "name": "recommendationservice-server", "message": "[Recv ListRecommendations] product_ids=['2ZYFJ3GM2N', '1YMWWN1N4O', '66VCHSJNUP']"}
2026-08-21T07:43:57.146465672Z {"timestamp": 1787298237.1450505, "severity": "INFO", "name": "recommendationservice-server", "message": "[Recv ListRecommendations] product_ids=['6E92ZMYYFZ', 'L9ECAV7KIM', 'OLJCESPC7Z', '66VCHSJNUP', '9SIQT8TOJO']"}
2026-08-21T07:43:57.300894248Z {"timestamp": 1787298237.2995732, "severity": "INFO", "name": "recommendationservice-server", "message": "[Recv ListRecommendations] product_ids=['OLJCESPC7Z', '6E92ZMYYFZ', 'L9ECAV7KIM', '0PUK6V6EV0']"}
2026-08-21T07:43:58.850826957Z {"timestamp": 1787298238.8503776, "severity": "INFO", "name": "recommendationservice-server", "message": "[Recv ListRecommendations] product_ids=['9SIQT8TOJO', '1YMWWN1N4O', '0PUK6V6EV0', '2ZYFJ3GM2N', '6E92ZMYYFZ']"}
2026-08-21T07:43:59.049211574Z {"timestamp": 1787298239.0489619, "severity": "INFO", "name": "recommendationservice-server", "message": "[Recv ListRecommendations] product_ids=['66VCHSJNUP', '6E92ZMYYFZ', 'LS4PSXUNUM', '9SIQT8TOJO', '2ZYFJ3GM2N']"}
2026-08-21T07:44:00.199771197Z {"timestamp": 1787298240.199203, "severity": "INFO", "name": "recommendationservice-server", "message": "[Recv ListRecommendations] product_ids=['0PUK6V6EV0', 'LS4PSXUNUM', 'L9ECAV7KIM', 'OLJCESPC7Z', '2ZYFJ3GM2N']"}
2026-08-21T07:44:00.354756453Z {"timestamp": 1787298240.3533893, "severity": "INFO", "name": "recommendationservice-server", "message": "[Recv ListRecommendations] product_ids=['LS4PSXUNUM', '6E92ZMYYFZ', '66VCHSJNUP', '9SIQT8TOJO', '0PUK6V6EV0']"}
2026-08-21T07:44:00.557623688Z {"timestamp": 1787298240.5567818, "severity": "INFO", "name": "recommendationservice-server", "message": "[Recv ListRecommendations] product_ids=['0PUK6V6EV0', 'L9ECAV7KIM', '6E92ZMYYFZ', '66VCHSJNUP', 'LS4PSXUNUM']"}
2026-08-21T07:44:01.577093156Z {"timestamp": 1787298241.5761642, "severity": "INFO", "name": "recommendationservice-server", "message": "[Recv ListRecommendations] product_ids=['LS4PSXUNUM', '0PUK6V6EV0', '9SIQT8TOJO', '6E92ZMYYFZ', '1YMWWN1N4O']"}
2026-08-21T07:44:02.096402041Z {"timestamp": 1787298242.0960515, "severity": "INFO", "name": "recommendationservice-server", "message": "[Recv ListRecommendations] product_ids=['1YMWWN1N4O', '9SIQT8TOJO', '2ZYFJ3GM2N', '0PUK6V6EV0', '66VCHSJNUP']"}
2026-08-21T07:44:02.112152367Z {"timestamp": 1787298242.1118078, "severity": "INFO", "name": "recommendationservice-server", "message": "[Recv ListRecommendations] product_ids=['9SIQT8TOJO', 'LS4PSXUNUM', '66VCHSJNUP', '1YMWWN1N4O']"}
2026-08-21T07:44:02.202651981Z {"timestamp": 1787298242.2022376, "severity": "INFO", "name": "recommendationservice-server", "message": "[Recv ListRecommendations] product_ids=['L9ECAV7KIM', '2ZYFJ3GM2N', 'LS4PSXUNUM', 'OLJCESPC7Z', '66VCHSJNUP']"}
2026-08-21T07:44:02.386270429Z {"timestamp": 1787298242.3849916, "severity": "INFO", "name": "recommendationservice-server", "message": "[Recv ListRecommendations] product_ids=['LS4PSXUNUM', '66VCHSJNUP', '6E92ZMYYFZ', '2ZYFJ3GM2N', '9SIQT8TOJO']"}
2026-08-21T07:44:03.260994515Z {"timestamp": 1787298243.2606454, "severity": "INFO", "name": "recommendationservice-server", "message": "[Recv ListRecommendations] product_ids=['6E92ZMYYFZ', '9SIQT8TOJO', 'OLJCESPC7Z', 'L9ECAV7KIM', '66VCHSJNUP']"}
2026-08-21T07:44:03.363652479Z {"timestamp": 1787298243.363292, "severity": "INFO", "name": "recommendationservice-server", "message": "[Recv ListRecommendations] product_ids=['6E92ZMYYFZ', 'OLJCESPC7Z', '9SIQT8TOJO', 'LS4PSXUNUM', '1YMWWN1N4O']"}
2026-08-21T07:44:03.378491559Z {"timestamp": 1787298243.378103, "severity": "INFO", "name": "recommendationservice-server", "message": "[Recv ListRecommendations] product_ids=['0PUK6V6EV0', '6E92ZMYYFZ', 'OLJCESPC7Z', 'L9ECAV7KIM']"}
2026-08-21T07:44:04.596116238Z {"timestamp": 1787298244.5945783, "severity": "INFO", "name": "recommendationservice-server", "message": "[Recv ListRecommendations] product_ids=['OLJCESPC7Z', 'L9ECAV7KIM', '0PUK6V6EV0', '2ZYFJ3GM2N', '1YMWWN1N4O']"}
2026-08-21T07:44:04.791181222Z {"timestamp": 1787298244.7896833, "severity": "INFO", "name": "recommendationservice-server", "message": "[Recv ListRecommendations] product_ids=['OLJCESPC7Z', '1YMWWN1N4O', '0PUK6V6EV0', '2ZYFJ3GM2N', '66VCHSJNUP']"}
2026-08-21T07:44:05.782081039Z {"timestamp": 1787298245.781187, "severity": "INFO", "name": "recommendationservice-server", "message": "[Recv ListRecommendations] product_ids=['1YMWWN1N4O', 'L9ECAV7KIM', '6E92ZMYYFZ', 'OLJCESPC7Z', 'LS4PSXUNUM']"}
2026-08-21T07:44:06.049085361Z {"timestamp": 1787298246.0485353, "severity": "INFO", "name": "recommendationservice-server", "message": "[Recv ListRecommendations] product_ids=['66VCHSJNUP', '1YMWWN1N4O', 'LS4PSXUNUM', 'L9ECAV7KIM', '2ZYFJ3GM2N']"}
2026-08-21T07:44:06.819554565Z {"timestamp": 1787298246.8189507, "severity": "INFO", "name": "recommendationservice-server", "message": "[Recv ListRecommendations] product_ids=['1YMWWN1N4O', 'L9ECAV7KIM', '9SIQT8TOJO', '2ZYFJ3GM2N', '6E92ZMYYFZ']"}
2026-08-21T07:44:07.379113754Z {"timestamp": 1787298247.3785565, "severity": "INFO", "name": "recommendationservice-server", "message": "[Recv ListRecommendations] product_ids=['6E92ZMYYFZ', 'L9ECAV7KIM', '9SIQT8TOJO', 'OLJCESPC7Z', '0PUK6V6EV0']"}
2026-08-21T07:44:07.422380712Z {"timestamp": 1787298247.422, "severity": "INFO", "name": "recommendationservice-server", "message": "[Recv ListRecommendations] product_ids=['6E92ZMYYFZ', 'OLJCESPC7Z', '2ZYFJ3GM2N', 'LS4PSXUNUM', '66VCHSJNUP']"}
2026-08-21T07:44:07.443188959Z {"timestamp": 1787298247.4428177, "severity": "INFO", "name": "recommendationservice-server", "message": "[Recv ListRecommendations] product_ids=['L9ECAV7KIM', '66VCHSJNUP', '0PUK6V6EV0', '1YMWWN1N4O', 'LS4PSXUNUM']"}
2026-08-21T07:44:08.014264300Z {"timestamp": 1787298248.0137918, "severity": "INFO", "name": "recommendationservice-server", "message": "[Recv ListRecommendations] product_ids=['6E92ZMYYFZ', 'L9ECAV7KIM', '0PUK6V6EV0', '9SIQT8TOJO', '1YMWWN1N4O']"}
2026-08-21T07:44:08.028582903Z {"timestamp": 1787298248.028327, "severity": "INFO", "name": "recommendationservice-server", "message": "[Recv ListRecommendations] product_ids=['LS4PSXUNUM', 'L9ECAV7KIM', '6E92ZMYYFZ', '0PUK6V6EV0', '66VCHSJNUP']"}
2026-08-21T07:44:08.064316649Z {"timestamp": 1787298248.064062, "severity": "INFO", "name": "recommendationservice-server", "message": "[Recv ListRecommendations] product_ids=['0PUK6V6EV0', 'LS4PSXUNUM', '1YMWWN1N4O', '66VCHSJNUP', '2ZYFJ3GM2N']"}
2026-08-21T07:44:09.353627398Z {"timestamp": 1787298249.3532605, "severity": "INFO", "name": "recommendationservice-server", "message": "[Recv ListRecommendations] product_ids=['OLJCESPC7Z', '2ZYFJ3GM2N', '9SIQT8TOJO', '1YMWWN1N4O', '66VCHSJNUP']"}
2026-08-21T07:44:09.508340979Z {"timestamp": 1787298249.5079584, "severity": "INFO", "name": "recommendationservice-server", "message": "[Recv ListRecommendations] product_ids=['9SIQT8TOJO', 'OLJCESPC7Z', '2ZYFJ3GM2N', 'LS4PSXUNUM', '0PUK6V6EV0']"}
2026-08-21T07:44:10.088651805Z {"timestamp": 1787298250.0881662, "severity": "INFO", "name": "recommendationservice-server", "message": "[Recv ListRecommendations] product_ids=['1YMWWN1N4O', '0PUK6V6EV0', '2ZYFJ3GM2N', '9SIQT8TOJO', 'OLJCESPC7Z']"}
2026-08-21T07:44:10.551677170Z {"timestamp": 1787298250.5512857, "severity": "INFO", "name": "recommendationservice-server", "message": "[Recv ListRecommendations] product_ids=['1YMWWN1N4O', 'L9ECAV7KIM', 'LS4PSXUNUM', '0PUK6V6EV0', 'OLJCESPC7Z']"}
2026-08-21T07:44:10.567068245Z {"timestamp": 1787298250.5666683, "severity": "INFO", "name": "recommendationservice-server", "message": "[Recv ListRecommendations] product_ids=['0PUK6V6EV0', 'LS4PSXUNUM', '1YMWWN1N4O', 'L9ECAV7KIM', '9SIQT8TOJO']"}
2026-08-21T07:44:10.696605777Z {"timestamp": 1787298250.6962292, "severity": "INFO", "name": "recommendationservice-server", "message": "[Recv ListRecommendations] product_ids=['0PUK6V6EV0', 'OLJCESPC7Z', '2ZYFJ3GM2N', '6E92ZMYYFZ', '66VCHSJNUP']"}
2026-08-21T07:44:10.712805683Z {"timestamp": 1787298250.7122064, "severity": "INFO", "name": "recommendationservice-server", "message": "[Recv ListRecommendations] product_ids=['6E92ZMYYFZ', '66VCHSJNUP', 'L9ECAV7KIM', 'LS4PSXUNUM', '9SIQT8TOJO']"}
2026-08-21T07:44:10.811979632Z {"timestamp": 1787298250.8115525, "severity": "INFO", "name": "recommendationservice-server", "message": "[Recv ListRecommendations] product_ids=['OLJCESPC7Z', '1YMWWN1N4O', 'LS4PSXUNUM', '0PUK6V6EV0', '2ZYFJ3GM2N']"}
2026-08-21T07:44:11.294776276Z {"timestamp": 1787298251.2942932, "severity": "INFO", "name": "recommendationservice-server", "message": "[Recv ListRecommendations] product_ids=['9SIQT8TOJO', 'OLJCESPC7Z', '2ZYFJ3GM2N', 'LS4PSXUNUM', 'L9ECAV7KIM']"}
2026-08-21T07:44:11.856896577Z {"timestamp": 1787298251.8565128, "severity": "INFO", "name": "recommendationservice-server", "message": "[Recv ListRecommendations] product_ids=['66VCHSJNUP', 'OLJCESPC7Z', '2ZYFJ3GM2N', '0PUK6V6EV0', '1YMWWN1N4O']"}
2026-08-21T07:44:12.080047064Z {"timestamp": 1787298252.0795553, "severity": "INFO", "name": "recommendationservice-server", "message": "[Recv ListRecommendations] product_ids=['LS4PSXUNUM', 'OLJCESPC7Z', 'L9ECAV7KIM', '1YMWWN1N4O', '9SIQT8TOJO']"}
2026-08-21T07:44:12.304591276Z {"timestamp": 1787298252.3039799, "severity": "INFO", "name": "recommendationservice-server", "message": "[Recv ListRecommendations] product_ids=['LS4PSXUNUM', '66VCHSJNUP', '6E92ZMYYFZ', '1YMWWN1N4O', '2ZYFJ3GM2N']"}
2026-08-21T07:44:12.393801822Z {"timestamp": 1787298252.3932228, "severity": "INFO", "name": "recommendationservice-server", "message": "[Recv ListRecommendations] product_ids=['6E92ZMYYFZ', 'OLJCESPC7Z', 'L9ECAV7KIM', '0PUK6V6EV0']"}
2026-08-21T07:44:14.192426480Z {"timestamp": 1787298254.1912549, "severity": "INFO", "name": "recommendationservice-server", "message": "[Recv ListRecommendations] product_ids=['66VCHSJNUP', '1YMWWN1N4O', 'LS4PSXUNUM', '0PUK6V6EV0', '6E92ZMYYFZ']"}
2026-08-21T07:44:14.240594026Z {"timestamp": 1787298254.2402556, "severity": "INFO", "name": "recommendationservice-server", "message": "[Recv ListRecommendations] product_ids=['66VCHSJNUP', 'L9ECAV7KIM', 'LS4PSXUNUM', '6E92ZMYYFZ', '0PUK6V6EV0']"}
2026-08-21T07:44:14.402081201Z {"timestamp": 1787298254.401169, "severity": "INFO", "name": "recommendationservice-server", "message": "[Recv ListRecommendations] product_ids=['OLJCESPC7Z', '9SIQT8TOJO', '0PUK6V6EV0', '1YMWWN1N4O', 'L9ECAV7KIM']"}
2026-08-21T07:44:14.706345924Z {"timestamp": 1787298254.705665, "severity": "INFO", "name": "recommendationservice-server", "message": "[Recv ListRecommendations] product_ids=['OLJCESPC7Z', '9SIQT8TOJO', '2ZYFJ3GM2N', '0PUK6V6EV0', '66VCHSJNUP']"}
2026-08-21T07:44:15.010980507Z {"timestamp": 1787298255.0100503, "severity": "INFO", "name": "recommendationservice-server", "message": "[Recv ListRecommendations] product_ids=['LS4PSXUNUM', '1YMWWN1N4O', '0PUK6V6EV0', 'L9ECAV7KIM', '66VCHSJNUP']"}
2026-08-21T07:44:16.319299863Z {"timestamp": 1787298256.3184648, "severity": "INFO", "name": "recommendationservice-server", "message": "[Recv ListRecommendations] product_ids=['L9ECAV7KIM', 'OLJCESPC7Z', '66VCHSJNUP', '6E92ZMYYFZ', '2ZYFJ3GM2N']"}
2026-08-21T07:44:16.623858933Z {"timestamp": 1787298256.623146, "severity": "INFO", "name": "recommendationservice-server", "message": "[Recv ListRecommendations] product_ids=['6E92ZMYYFZ', 'LS4PSXUNUM', '66VCHSJNUP', '0PUK6V6EV0', '1YMWWN1N4O']"}
2026-08-21T07:44:17.524804186Z {"timestamp": 1787298257.5239022, "severity": "INFO", "name": "recommendationservice-server", "message": "[Recv ListRecommendations] product_ids=['1YMWWN1N4O', '6E92ZMYYFZ', '0PUK6V6EV0', '66VCHSJNUP', 'LS4PSXUNUM']"}
2026-08-21T07:44:18.541541170Z {"timestamp": 1787298258.5408945, "severity": "INFO", "name": "recommendationservice-server", "message": "[Recv ListRecommendations] product_ids=['L9ECAV7KIM', '0PUK6V6EV0', '9SIQT8TOJO', '1YMWWN1N4O', '6E92ZMYYFZ']"}
2026-08-21T07:44:18.914702539Z {"timestamp": 1787298258.914212, "severity": "INFO", "name": "recommendationservice-server", "message": "[Recv ListRecommendations] product_ids=['66VCHSJNUP', 'LS4PSXUNUM', '6E92ZMYYFZ', '9SIQT8TOJO', '1YMWWN1N4O']"}
2026-08-21T07:44:19.530043587Z {"timestamp": 1787298259.5293255, "severity": "INFO", "name": "recommendationservice-server", "message": "[Recv ListRecommendations] product_ids=['LS4PSXUNUM', '9SIQT8TOJO', 'OLJCESPC7Z', '66VCHSJNUP', 'L9ECAV7KIM']"}
2026-08-21T07:44:19.723175032Z {"timestamp": 1787298259.7224188, "severity": "INFO", "name": "recommendationservice-server", "message": "[Recv ListRecommendations] product_ids=['2ZYFJ3GM2N', '1YMWWN1N4O', '66VCHSJNUP']"}
2026-08-21T07:44:20.604829763Z {"timestamp": 1787298260.6042383, "severity": "INFO", "name": "recommendationservice-server", "message": "[Recv ListRecommendations] product_ids=['6E92ZMYYFZ', '0PUK6V6EV0', 'L9ECAV7KIM', '2ZYFJ3GM2N', '66VCHSJNUP']"}
2026-08-21T07:44:20.658719581Z {"timestamp": 1787298260.658105, "severity": "INFO", "name": "recommendationservice-server", "message": "[Recv ListRecommendations] product_ids=['LS4PSXUNUM', '6E92ZMYYFZ', '2ZYFJ3GM2N', 'L9ECAV7KIM', '66VCHSJNUP']"}
2026-08-21T07:44:21.062523608Z {"timestamp": 1787298261.0616765, "severity": "INFO", "name": "recommendationservice-server", "message": "[Recv ListRecommendations] product_ids=['L9ECAV7KIM', '66VCHSJNUP', '0PUK6V6EV0', '1YMWWN1N4O', '6E92ZMYYFZ']"}
2026-08-21T07:44:21.355573416Z {"timestamp": 1787298261.3552473, "severity": "INFO", "name": "recommendationservice-server", "message": "[Recv ListRecommendations] product_ids=['6E92ZMYYFZ', '9SIQT8TOJO', '66VCHSJNUP', '2ZYFJ3GM2N', '0PUK6V6EV0']"}
2026-08-21T07:44:21.398144803Z {"timestamp": 1787298261.39778, "severity": "INFO", "name": "recommendationservice-server", "message": "[Recv ListRecommendations] product_ids=['9SIQT8TOJO', '0PUK6V6EV0', 'L9ECAV7KIM', '1YMWWN1N4O', '6E92ZMYYFZ']"}
2026-08-21T07:44:21.534938634Z {"timestamp": 1787298261.534102, "severity": "INFO", "name": "recommendationservice-server", "message": "[Recv ListRecommendations] product_ids=['0PUK6V6EV0', '2ZYFJ3GM2N', 'OLJCESPC7Z', 'L9ECAV7KIM', 'LS4PSXUNUM']"}
2026-08-21T07:44:21.550181099Z {"timestamp": 1787298261.54944, "severity": "INFO", "name": "recommendationservice-server", "message": "[Recv ListRecommendations] product_ids=['L9ECAV7KIM', '0PUK6V6EV0', '1YMWWN1N4O', 'LS4PSXUNUM', '6E92ZMYYFZ']"}
2026-08-21T07:44:21.700382399Z {"timestamp": 1787298261.6990802, "severity": "INFO", "name": "recommendationservice-server", "message": "[Recv ListRecommendations] product_ids=['0PUK6V6EV0', 'OLJCESPC7Z', '2ZYFJ3GM2N', '6E92ZMYYFZ', '9SIQT8TOJO']"}
2026-08-21T07:44:21.982293305Z {"timestamp": 1787298261.9816484, "severity": "INFO", "name": "recommendationservice-server", "message": "[Recv ListRecommendations] product_ids=['OLJCESPC7Z', 'LS4PSXUNUM', '9SIQT8TOJO', 'L9ECAV7KIM', '1YMWWN1N4O']"}
2026-08-21T07:44:22.521988452Z {"timestamp": 1787298262.5209744, "severity": "INFO", "name": "recommendationservice-server", "message": "[Recv ListRecommendations] product_ids=['OLJCESPC7Z', '6E92ZMYYFZ', 'L9ECAV7KIM', '0PUK6V6EV0']"}
2026-08-21T07:44:23.867522106Z {"timestamp": 1787298263.867091, "severity": "INFO", "name": "recommendationservice-server", "message": "[Recv ListRecommendations] product_ids=['OLJCESPC7Z', 'L9ECAV7KIM', 'LS4PSXUNUM', '2ZYFJ3GM2N', '0PUK6V6EV0']"}
2026-08-21T07:44:25.788088050Z {"timestamp": 1787298265.7866776, "severity": "INFO", "name": "recommendationservice-server", "message": "[Recv ListRecommendations] product_ids=['6E92ZMYYFZ', 'OLJCESPC7Z', 'L9ECAV7KIM', '66VCHSJNUP', '9SIQT8TOJO']"}
2026-08-21T07:44:25.861567281Z {"timestamp": 1787298265.8608136, "severity": "INFO", "name": "recommendationservice-server", "message": "[Recv ListRecommendations] product_ids=['6E92ZMYYFZ', '9SIQT8TOJO', '2ZYFJ3GM2N', '66VCHSJNUP', 'OLJCESPC7Z']"}
2026-08-21T07:44:25.987742298Z {"timestamp": 1787298265.987038, "severity": "INFO", "name": "recommendationservice-server", "message": "[Recv ListRecommendations] product_ids=['66VCHSJNUP', 'L9ECAV7KIM', 'LS4PSXUNUM', 'OLJCESPC7Z', '0PUK6V6EV0']"}
2026-08-21T07:44:26.051753005Z {"timestamp": 1787298266.051111, "severity": "INFO", "name": "recommendationservice-server", "message": "[Recv ListRecommendations] product_ids=['OLJCESPC7Z', '66VCHSJNUP', '0PUK6V6EV0', '1YMWWN1N4O', '2ZYFJ3GM2N']"}
2026-08-21T07:44:26.193958602Z {"timestamp": 1787298266.1933658, "severity": "INFO", "name": "recommendationservice-server", "message": "[Recv ListRecommendations] product_ids=['6E92ZMYYFZ', '1YMWWN1N4O', '66VCHSJNUP', '0PUK6V6EV0', 'OLJCESPC7Z']"}
2026-08-21T07:44:26.689122132Z {"timestamp": 1787298266.6881912, "severity": "INFO", "name": "recommendationservice-server", "message": "[Recv ListRecommendations] product_ids=['9SIQT8TOJO', 'OLJCESPC7Z', '2ZYFJ3GM2N', '0PUK6V6EV0', '1YMWWN1N4O']"}
2026-08-21T07:44:27.029898003Z {"timestamp": 1787298267.0292337, "severity": "INFO", "name": "recommendationservice-server", "message": "[Recv ListRecommendations] product_ids=['OLJCESPC7Z', 'LS4PSXUNUM', '0PUK6V6EV0', '9SIQT8TOJO', '2ZYFJ3GM2N']"}
2026-08-21T07:44:27.817546028Z {"timestamp": 1787298267.8163707, "severity": "INFO", "name": "recommendationservice-server", "message": "[Recv ListRecommendations] product_ids=['0PUK6V6EV0', '66VCHSJNUP', 'L9ECAV7KIM', 'LS4PSXUNUM', '9SIQT8TOJO']"}
2026-08-21T07:44:27.936757323Z {"timestamp": 1787298267.9363716, "severity": "INFO", "name": "recommendationservice-server", "message": "[Recv ListRecommendations] product_ids=['LS4PSXUNUM', '0PUK6V6EV0', '66VCHSJNUP', '1YMWWN1N4O', 'OLJCESPC7Z']"}
2026-08-21T07:44:28.115765346Z {"timestamp": 1787298268.115492, "severity": "INFO", "name": "recommendationservice-server", "message": "[Recv ListRecommendations] product_ids=['0PUK6V6EV0', '9SIQT8TOJO', '66VCHSJNUP', '2ZYFJ3GM2N', 'LS4PSXUNUM']"}
2026-08-21T07:44:28.271755363Z {"timestamp": 1787298268.2707584, "severity": "INFO", "name": "recommendationservice-server", "message": "[Recv ListRecommendations] product_ids=['LS4PSXUNUM', 'L9ECAV7KIM', 'OLJCESPC7Z', '0PUK6V6EV0', '1YMWWN1N4O']"}
2026-08-21T07:44:29.227759696Z {"timestamp": 1787298269.2273836, "severity": "INFO", "name": "recommendationservice-server", "message": "[Recv ListRecommendations] product_ids=['2ZYFJ3GM2N', '1YMWWN1N4O', '66VCHSJNUP', '9SIQT8TOJO', 'OLJCESPC7Z']"}
2026-08-21T07:44:29.330065769Z {"timestamp": 1787298269.3296847, "severity": "INFO", "name": "recommendationservice-server", "message": "[Recv ListRecommendations] product_ids=['L9ECAV7KIM', 'LS4PSXUNUM', '0PUK6V6EV0', '66VCHSJNUP', '1YMWWN1N4O']"}
2026-08-21T07:44:29.437772612Z {"timestamp": 1787298269.4369586, "severity": "INFO", "name": "recommendationservice-server", "message": "[Recv ListRecommendations] product_ids=['OLJCESPC7Z', 'LS4PSXUNUM', '0PUK6V6EV0', '1YMWWN1N4O', '6E92ZMYYFZ']"}
2026-08-21T07:44:29.941847576Z {"timestamp": 1787298269.9411976, "severity": "INFO", "name": "recommendationservice-server", "message": "[Recv ListRecommendations] product_ids=['OLJCESPC7Z', 'L9ECAV7KIM', 'LS4PSXUNUM', '0PUK6V6EV0', '66VCHSJNUP']"}
2026-08-21T07:44:30.111103530Z {"timestamp": 1787298270.1103344, "severity": "INFO", "name": "recommendationservice-server", "message": "[Recv ListRecommendations] product_ids=['OLJCESPC7Z', '1YMWWN1N4O', '2ZYFJ3GM2N', 'L9ECAV7KIM', '6E92ZMYYFZ']"}
2026-08-21T07:44:30.860870841Z {"timestamp": 1787298270.8600295, "severity": "INFO", "name": "recommendationservice-server", "message": "[Recv ListRecommendations] product_ids=['9SIQT8TOJO', '0PUK6V6EV0', 'OLJCESPC7Z', '66VCHSJNUP', '6E92ZMYYFZ']"}
2026-08-21T07:44:31.120372224Z {"timestamp": 1787298271.1193893, "severity": "INFO", "name": "recommendationservice-server", "message": "[Recv ListRecommendations] product_ids=['9SIQT8TOJO', 'OLJCESPC7Z', '0PUK6V6EV0', '66VCHSJNUP', '1YMWWN1N4O']"}
2026-08-21T07:44:31.141822683Z {"timestamp": 1787298271.1410663, "severity": "INFO", "name": "recommendationservice-server", "message": "[Recv ListRecommendations] product_ids=['2ZYFJ3GM2N', '6E92ZMYYFZ', 'OLJCESPC7Z', '9SIQT8TOJO', '0PUK6V6EV0']"}
2026-08-21T07:44:31.205626493Z {"timestamp": 1787298271.2051058, "severity": "INFO", "name": "recommendationservice-server", "message": "[Recv ListRecommendations] product_ids=['L9ECAV7KIM', '2ZYFJ3GM2N', '9SIQT8TOJO', 'LS4PSXUNUM', '6E92ZMYYFZ']"}
2026-08-21T07:44:31.251169552Z {"timestamp": 1787298271.250619, "severity": "INFO", "name": "recommendationservice-server", "message": "[Recv ListRecommendations] product_ids=['0PUK6V6EV0', '1YMWWN1N4O', 'L9ECAV7KIM', '6E92ZMYYFZ', '9SIQT8TOJO']"}
2026-08-21T07:44:31.410612865Z {"timestamp": 1787298271.409777, "severity": "INFO", "name": "recommendationservice-server", "message": "[Recv ListRecommendations] product_ids=['OLJCESPC7Z', 'LS4PSXUNUM', '9SIQT8TOJO', '2ZYFJ3GM2N', '6E92ZMYYFZ']"}
2026-08-21T07:44:31.520056248Z {"timestamp": 1787298271.5196826, "severity": "INFO", "name": "recommendationservice-server", "message": "[Recv ListRecommendations] product_ids=['LS4PSXUNUM', '0PUK6V6EV0', 'OLJCESPC7Z', '9SIQT8TOJO', '6E92ZMYYFZ']"}
2026-08-21T07:44:31.833531759Z {"timestamp": 1787298271.832372, "severity": "INFO", "name": "recommendationservice-server", "message": "[Recv ListRecommendations] product_ids=['66VCHSJNUP', '0PUK6V6EV0', 'OLJCESPC7Z', '1YMWWN1N4O', '9SIQT8TOJO']"}
2026-08-21T07:44:32.342252776Z {"timestamp": 1787298272.3416533, "severity": "INFO", "name": "recommendationservice-server", "message": "[Recv ListRecommendations] product_ids=['2ZYFJ3GM2N', '66VCHSJNUP', 'LS4PSXUNUM', '6E92ZMYYFZ', '9SIQT8TOJO']"}
2026-08-21T07:44:33.666582828Z {"timestamp": 1787298273.6656232, "severity": "INFO", "name": "recommendationservice-server", "message": "[Recv ListRecommendations] product_ids=['1YMWWN1N4O', 'OLJCESPC7Z', '0PUK6V6EV0', 'LS4PSXUNUM', '2ZYFJ3GM2N']"}
2026-08-21T07:44:33.903630329Z {"timestamp": 1787298273.9032438, "severity": "INFO", "name": "recommendationservice-server", "message": "[Recv ListRecommendations] product_ids=['1YMWWN1N4O', 'L9ECAV7KIM', '66VCHSJNUP', 'LS4PSXUNUM', '9SIQT8TOJO']"}
2026-08-21T07:44:34.212755585Z {"timestamp": 1787298274.2118847, "severity": "INFO", "name": "recommendationservice-server", "message": "[Recv ListRecommendations] product_ids=['OLJCESPC7Z', '2ZYFJ3GM2N', '66VCHSJNUP', '9SIQT8TOJO', 'L9ECAV7KIM']"}
2026-08-21T07:44:34.302783044Z {"timestamp": 1787298274.301559, "severity": "INFO", "name": "recommendationservice-server", "message": "[Recv ListRecommendations] product_ids=['OLJCESPC7Z', 'LS4PSXUNUM', '0PUK6V6EV0', 'L9ECAV7KIM', '6E92ZMYYFZ']"}
2026-08-21T07:44:34.329571178Z {"timestamp": 1787298274.3282306, "severity": "INFO", "name": "recommendationservice-server", "message": "[Recv ListRecommendations] product_ids=['66VCHSJNUP', '0PUK6V6EV0', '6E92ZMYYFZ', 'LS4PSXUNUM', 'OLJCESPC7Z']"}
2026-08-21T07:44:34.681951849Z {"timestamp": 1787298274.681179, "severity": "INFO", "name": "recommendationservice-server", "message": "[Recv ListRecommendations] product_ids=['LS4PSXUNUM', '66VCHSJNUP', 'OLJCESPC7Z', '1YMWWN1N4O', '0PUK6V6EV0']"}
2026-08-21T07:44:35.012755470Z {"timestamp": 1787298275.011814, "severity": "INFO", "name": "recommendationservice-server", "message": "[Recv ListRecommendations] product_ids=['LS4PSXUNUM', '0PUK6V6EV0', '2ZYFJ3GM2N', '9SIQT8TOJO', 'OLJCESPC7Z']"}
2026-08-21T07:44:35.338318802Z {"timestamp": 1787298275.3375144, "severity": "INFO", "name": "recommendationservice-server", "message": "[Recv ListRecommendations] product_ids=['2ZYFJ3GM2N', '66VCHSJNUP', '1YMWWN1N4O']"}
2026-08-21T07:44:35.665800723Z {"timestamp": 1787298275.6650233, "severity": "INFO", "name": "recommendationservice-server", "message": "[Recv ListRecommendations] product_ids=['LS4PSXUNUM', 'L9ECAV7KIM', '6E92ZMYYFZ', '1YMWWN1N4O', '2ZYFJ3GM2N']"}
2026-08-21T07:44:36.813277340Z {"timestamp": 1787298276.8123038, "severity": "INFO", "name": "recommendationservice-server", "message": "[Recv ListRecommendations] product_ids=['9SIQT8TOJO', '1YMWWN1N4O', '6E92ZMYYFZ', 'OLJCESPC7Z', 'L9ECAV7KIM']"}
2026-08-21T07:44:37.313304647Z {"timestamp": 1787298277.3124912, "severity": "INFO", "name": "recommendationservice-server", "message": "[Recv ListRecommendations] product_ids=['LS4PSXUNUM', '6E92ZMYYFZ', '1YMWWN1N4O', 'OLJCESPC7Z', '0PUK6V6EV0']"}
2026-08-21T07:44:37.632298490Z {"timestamp": 1787298277.6318376, "severity": "INFO", "name": "recommendationservice-server", "message": "[Recv ListRecommendations] product_ids=['2ZYFJ3GM2N', 'L9ECAV7KIM', '0PUK6V6EV0', '66VCHSJNUP', 'OLJCESPC7Z']"}
2026-08-21T07:44:37.641587489Z {"timestamp": 1787298277.6411653, "severity": "INFO", "name": "recommendationservice-server", "message": "[Recv ListRecommendations] product_ids=['9SIQT8TOJO', '0PUK6V6EV0', '1YMWWN1N4O', 'L9ECAV7KIM', '6E92ZMYYFZ']"}
2026-08-21T07:44:38.099363333Z {"timestamp": 1787298278.0990915, "severity": "INFO", "name": "recommendationservice-server", "message": "[Recv ListRecommendations] product_ids=['1YMWWN1N4O', '66VCHSJNUP', 'LS4PSXUNUM', '6E92ZMYYFZ', 'L9ECAV7KIM']"}
2026-08-21T07:44:38.804445061Z {"timestamp": 1787298278.8035426, "severity": "INFO", "name": "recommendationservice-server", "message": "[Recv ListRecommendations] product_ids=['LS4PSXUNUM', '1YMWWN1N4O', '0PUK6V6EV0', '9SIQT8TOJO', 'L9ECAV7KIM']"}
2026-08-21T07:44:39.068531455Z {"timestamp": 1787298279.0678818, "severity": "INFO", "name": "recommendationservice-server", "message": "[Recv ListRecommendations] product_ids=['2ZYFJ3GM2N', 'L9ECAV7KIM', 'LS4PSXUNUM', '0PUK6V6EV0', 'OLJCESPC7Z']"}
2026-08-21T07:44:40.165664724Z {"timestamp": 1787298280.1653242, "severity": "INFO", "name": "recommendationservice-server", "message": "[Recv ListRecommendations] product_ids=['2ZYFJ3GM2N', 'OLJCESPC7Z', 'L9ECAV7KIM', '66VCHSJNUP', 'LS4PSXUNUM']"}
2026-08-21T07:44:40.772869488Z {"timestamp": 1787298280.7718647, "severity": "INFO", "name": "recommendationservice-server", "message": "[Recv ListRecommendations] product_ids=['LS4PSXUNUM', '2ZYFJ3GM2N', '1YMWWN1N4O', '0PUK6V6EV0', '9SIQT8TOJO']"}
2026-08-21T07:44:41.174631640Z {"timestamp": 1787298281.1740088, "severity": "INFO", "name": "recommendationservice-server", "message": "[Recv ListRecommendations] product_ids=['LS4PSXUNUM', '2ZYFJ3GM2N', '9SIQT8TOJO', '0PUK6V6EV0', '6E92ZMYYFZ']"}
2026-08-21T07:44:41.778563875Z {"timestamp": 1787298281.7773128, "severity": "INFO", "name": "recommendationservice-server", "message": "[Recv ListRecommendations] product_ids=['0PUK6V6EV0', '6E92ZMYYFZ', '2ZYFJ3GM2N', 'L9ECAV7KIM', '9SIQT8TOJO']"}
2026-08-21T07:44:41.928232571Z {"timestamp": 1787298281.9275854, "severity": "INFO", "name": "recommendationservice-server", "message": "[Recv ListRecommendations] product_ids=['L9ECAV7KIM', '9SIQT8TOJO', '6E92ZMYYFZ', 'LS4PSXUNUM', '0PUK6V6EV0']"}
2026-08-21T07:44:42.121994396Z {"timestamp": 1787298282.1211634, "severity": "INFO", "name": "recommendationservice-server", "message": "[Recv ListRecommendations] product_ids=['66VCHSJNUP', '1YMWWN1N4O', '2ZYFJ3GM2N']"}
2026-08-21T07:44:42.243526144Z {"timestamp": 1787298282.2431114, "severity": "INFO", "name": "recommendationservice-server", "message": "[Recv ListRecommendations] product_ids=['L9ECAV7KIM', '6E92ZMYYFZ', '0PUK6V6EV0']"}
2026-08-21T07:44:42.276832128Z {"timestamp": 1787298282.2765045, "severity": "INFO", "name": "recommendationservice-server", "message": "[Recv ListRecommendations] product_ids=['2ZYFJ3GM2N', '9SIQT8TOJO', '66VCHSJNUP', '0PUK6V6EV0', 'OLJCESPC7Z']"}
2026-08-21T07:44:42.517125475Z {"timestamp": 1787298282.5159192, "severity": "INFO", "name": "recommendationservice-server", "message": "[Recv ListRecommendations] product_ids=['1YMWWN1N4O', '0PUK6V6EV0', 'LS4PSXUNUM', '2ZYFJ3GM2N', 'OLJCESPC7Z']"}
2026-08-21T07:44:42.522840199Z {"timestamp": 1787298282.5216732, "severity": "INFO", "name": "recommendationservice-server", "message": "[Recv ListRecommendations] product_ids=['1YMWWN1N4O', '66VCHSJNUP', '2ZYFJ3GM2N', '6E92ZMYYFZ', '0PUK6V6EV0']"}
2026-08-21T07:44:42.622369990Z {"timestamp": 1787298282.6206338, "severity": "INFO", "name": "recommendationservice-server", "message": "[Recv ListRecommendations] product_ids=['66VCHSJNUP', '2ZYFJ3GM2N', 'OLJCESPC7Z', 'LS4PSXUNUM', '0PUK6V6EV0']"}
2026-08-21T07:44:43.494692915Z {"timestamp": 1787298283.493824, "severity": "INFO", "name": "recommendationservice-server", "message": "[Recv ListRecommendations] product_ids=['L9ECAV7KIM', '2ZYFJ3GM2N', '6E92ZMYYFZ', 'LS4PSXUNUM', 'OLJCESPC7Z']"}
2026-08-21T07:44:43.774303118Z {"timestamp": 1787298283.7725708, "severity": "INFO", "name": "recommendationservice-server", "message": "[Recv ListRecommendations] product_ids=['L9ECAV7KIM', '1YMWWN1N4O', '66VCHSJNUP', '6E92ZMYYFZ', 'OLJCESPC7Z']"}
2026-08-21T07:44:44.383725941Z {"timestamp": 1787298284.38296, "severity": "INFO", "name": "recommendationservice-server", "message": "[Recv ListRecommendations] product_ids=['9SIQT8TOJO', '2ZYFJ3GM2N', 'OLJCESPC7Z', '66VCHSJNUP', '1YMWWN1N4O']"}
2026-08-21T07:44:44.918088429Z {"timestamp": 1787298284.9168222, "severity": "INFO", "name": "recommendationservice-server", "message": "[Recv ListRecommendations] product_ids=['9SIQT8TOJO', '1YMWWN1N4O', '66VCHSJNUP', '0PUK6V6EV0', '2ZYFJ3GM2N']"}
2026-08-21T07:44:45.288748052Z {"timestamp": 1787298285.2881868, "severity": "INFO", "name": "recommendationservice-server", "message": "[Recv ListRecommendations] product_ids=['1YMWWN1N4O', '6E92ZMYYFZ', 'LS4PSXUNUM', '2ZYFJ3GM2N', '9SIQT8TOJO']"}
2026-08-21T07:44:45.893826773Z {"timestamp": 1787298285.8925424, "severity": "INFO", "name": "recommendationservice-server", "message": "[Recv ListRecommendations] product_ids=['0PUK6V6EV0', 'LS4PSXUNUM', 'OLJCESPC7Z', 'L9ECAV7KIM', '9SIQT8TOJO']"}
2026-08-21T07:44:46.377086005Z {"timestamp": 1787298286.3762987, "severity": "INFO", "name": "recommendationservice-server", "message": "[Recv ListRecommendations] product_ids=['6E92ZMYYFZ', '0PUK6V6EV0', 'L9ECAV7KIM', '66VCHSJNUP', 'LS4PSXUNUM']"}
2026-08-21T07:44:46.580742475Z {"timestamp": 1787298286.5800054, "severity": "INFO", "name": "recommendationservice-server", "message": "[Recv ListRecommendations] product_ids=['L9ECAV7KIM', '6E92ZMYYFZ', '9SIQT8TOJO', '1YMWWN1N4O', '0PUK6V6EV0']"}
2026-08-21T07:44:47.027443692Z {"timestamp": 1787298287.0264626, "severity": "INFO", "name": "recommendationservice-server", "message": "[Recv ListRecommendations] product_ids=['OLJCESPC7Z', '0PUK6V6EV0', '66VCHSJNUP', '1YMWWN1N4O', 'L9ECAV7KIM']"}
2026-08-21T07:44:47.314237721Z {"timestamp": 1787298287.3137767, "severity": "INFO", "name": "recommendationservice-server", "message": "[Recv ListRecommendations] product_ids=['0PUK6V6EV0', 'OLJCESPC7Z', '9SIQT8TOJO', '1YMWWN1N4O', 'LS4PSXUNUM']"}
2026-08-21T07:44:47.418409986Z {"timestamp": 1787298287.41777, "severity": "INFO", "name": "recommendationservice-server", "message": "[Recv ListRecommendations] product_ids=['9SIQT8TOJO', '1YMWWN1N4O', '0PUK6V6EV0', 'OLJCESPC7Z', 'LS4PSXUNUM']"}
2026-08-21T07:44:47.508431759Z {"timestamp": 1787298287.5076954, "severity": "INFO", "name": "recommendationservice-server", "message": "[Recv ListRecommendations] product_ids=['6E92ZMYYFZ', 'OLJCESPC7Z', '2ZYFJ3GM2N', 'L9ECAV7KIM', '66VCHSJNUP']"}
2026-08-21T07:44:47.890348288Z {"timestamp": 1787298287.8893685, "severity": "INFO", "name": "recommendationservice-server", "message": "[Recv ListRecommendations] product_ids=['1YMWWN1N4O', '6E92ZMYYFZ', 'OLJCESPC7Z', '66VCHSJNUP', '0PUK6V6EV0']"}
2026-08-21T07:44:48.046222822Z {"timestamp": 1787298288.0459313, "severity": "INFO", "name": "recommendationservice-server", "message": "[Recv ListRecommendations] product_ids=['0PUK6V6EV0', '1YMWWN1N4O', '66VCHSJNUP', '9SIQT8TOJO', '2ZYFJ3GM2N']"}
2026-08-21T07:44:48.996134904Z {"timestamp": 1787298288.9952128, "severity": "INFO", "name": "recommendationservice-server", "message": "[Recv ListRecommendations] product_ids=['2ZYFJ3GM2N', 'L9ECAV7KIM', '66VCHSJNUP', '6E92ZMYYFZ', 'OLJCESPC7Z']"}
2026-08-21T07:44:49.962339423Z {"timestamp": 1787298289.9614334, "severity": "INFO", "name": "recommendationservice-server", "message": "[Recv ListRecommendations] product_ids=['9SIQT8TOJO', '66VCHSJNUP', 'LS4PSXUNUM', '1YMWWN1N4O', '6E92ZMYYFZ']"}
2026-08-21T07:44:51.379032572Z {"timestamp": 1787298291.3782055, "severity": "INFO", "name": "recommendationservice-server", "message": "[Recv ListRecommendations] product_ids=['OLJCESPC7Z', '9SIQT8TOJO', '2ZYFJ3GM2N', 'L9ECAV7KIM', '1YMWWN1N4O']"}
2026-08-21T07:44:51.721399298Z {"timestamp": 1787298291.7209015, "severity": "INFO", "name": "recommendationservice-server", "message": "[Recv ListRecommendations] product_ids=['6E92ZMYYFZ', '9SIQT8TOJO', '1YMWWN1N4O', 'L9ECAV7KIM', '2ZYFJ3GM2N']"}
2026-08-21T07:44:51.996549442Z {"timestamp": 1787298291.995864, "severity": "INFO", "name": "recommendationservice-server", "message": "[Recv ListRecommendations] product_ids=['OLJCESPC7Z', '9SIQT8TOJO', '0PUK6V6EV0', 'L9ECAV7KIM', '2ZYFJ3GM2N']"}
2026-08-21T07:44:52.022943915Z {"timestamp": 1787298292.0225267, "severity": "INFO", "name": "recommendationservice-server", "message": "[Recv ListRecommendations] product_ids=['2ZYFJ3GM2N', 'LS4PSXUNUM', '6E92ZMYYFZ', '0PUK6V6EV0', '1YMWWN1N4O']"}
2026-08-21T07:44:52.404584999Z {"timestamp": 1787298292.4039829, "severity": "INFO", "name": "recommendationservice-server", "message": "[Recv ListRecommendations] product_ids=['LS4PSXUNUM', 'L9ECAV7KIM', 'OLJCESPC7Z', '66VCHSJNUP', '1YMWWN1N4O']"}
2026-08-21T07:44:52.476270205Z {"timestamp": 1787298292.475692, "severity": "INFO", "name": "recommendationservice-server", "message": "[Recv ListRecommendations] product_ids=['1YMWWN1N4O', 'LS4PSXUNUM', '2ZYFJ3GM2N', '66VCHSJNUP', '0PUK6V6EV0']"}
2026-08-21T07:44:52.971844933Z {"timestamp": 1787298292.9705405, "severity": "INFO", "name": "recommendationservice-server", "message": "[Recv ListRecommendations] product_ids=['LS4PSXUNUM', '1YMWWN1N4O', '6E92ZMYYFZ', '0PUK6V6EV0', '2ZYFJ3GM2N']"}
2026-08-21T07:44:53.121017183Z {"timestamp": 1787298293.1207201, "severity": "INFO", "name": "recommendationservice-server", "message": "[Recv ListRecommendations] product_ids=['L9ECAV7KIM', '0PUK6V6EV0', '2ZYFJ3GM2N', '9SIQT8TOJO', 'OLJCESPC7Z']"}
2026-08-21T07:44:53.216871701Z {"timestamp": 1787298293.2161753, "severity": "INFO", "name": "recommendationservice-server", "message": "[Recv ListRecommendations] product_ids=['L9ECAV7KIM', '66VCHSJNUP', '2ZYFJ3GM2N', 'OLJCESPC7Z', '1YMWWN1N4O']"}
2026-08-21T07:44:53.450067953Z {"timestamp": 1787298293.449373, "severity": "INFO", "name": "recommendationservice-server", "message": "[Recv ListRecommendations] product_ids=['6E92ZMYYFZ', '1YMWWN1N4O', '9SIQT8TOJO', '0PUK6V6EV0', 'LS4PSXUNUM']"}
2026-08-21T07:44:53.536673874Z {"timestamp": 1787298293.5358863, "severity": "INFO", "name": "recommendationservice-server", "message": "[Recv ListRecommendations] product_ids=['66VCHSJNUP', '9SIQT8TOJO', '1YMWWN1N4O', 'L9ECAV7KIM', '2ZYFJ3GM2N']"}
2026-08-21T07:44:54.359781327Z {"timestamp": 1787298294.3592198, "severity": "INFO", "name": "recommendationservice-server", "message": "[Recv ListRecommendations] product_ids=['9SIQT8TOJO', 'OLJCESPC7Z', 'LS4PSXUNUM', '1YMWWN1N4O', '6E92ZMYYFZ']"}
2026-08-21T07:44:54.641388855Z {"timestamp": 1787298294.6406987, "severity": "INFO", "name": "recommendationservice-server", "message": "[Recv ListRecommendations] product_ids=['0PUK6V6EV0', '9SIQT8TOJO', '1YMWWN1N4O', '6E92ZMYYFZ', 'L9ECAV7KIM']"}
2026-08-21T07:44:54.704351649Z {"timestamp": 1787298294.703563, "severity": "INFO", "name": "recommendationservice-server", "message": "[Recv ListRecommendations] product_ids=['0PUK6V6EV0', '2ZYFJ3GM2N', 'LS4PSXUNUM', 'OLJCESPC7Z', '9SIQT8TOJO']"}
2026-08-21T07:44:55.086525295Z {"timestamp": 1787298295.0855527, "severity": "INFO", "name": "recommendationservice-server", "message": "[Recv ListRecommendations] product_ids=['2ZYFJ3GM2N', '66VCHSJNUP', 'LS4PSXUNUM', '0PUK6V6EV0', 'OLJCESPC7Z']"}
2026-08-21T07:44:55.441450245Z {"timestamp": 1787298295.4402604, "severity": "INFO", "name": "recommendationservice-server", "message": "[Recv ListRecommendations] product_ids=['L9ECAV7KIM', '2ZYFJ3GM2N', '0PUK6V6EV0', '1YMWWN1N4O', 'OLJCESPC7Z']"}
2026-08-21T07:44:55.529497902Z {"timestamp": 1787298295.5282195, "severity": "INFO", "name": "recommendationservice-server", "message": "[Recv ListRecommendations] product_ids=['LS4PSXUNUM', 'OLJCESPC7Z', '6E92ZMYYFZ', '66VCHSJNUP', '0PUK6V6EV0']"}
2026-08-21T07:44:55.564847945Z {"timestamp": 1787298295.5632594, "severity": "INFO", "name": "recommendationservice-server", "message": "[Recv ListRecommendations] product_ids=['LS4PSXUNUM', '6E92ZMYYFZ', 'L9ECAV7KIM', 'OLJCESPC7Z', '0PUK6V6EV0']"}
2026-08-21T07:44:55.810436760Z {"timestamp": 1787298295.809382, "severity": "INFO", "name": "recommendationservice-server", "message": "[Recv ListRecommendations] product_ids=['L9ECAV7KIM', '9SIQT8TOJO', '66VCHSJNUP', 'LS4PSXUNUM', 'OLJCESPC7Z']"}
2026-08-21T07:44:56.102376011Z {"timestamp": 1787298296.1013877, "severity": "INFO", "name": "recommendationservice-server", "message": "[Recv ListRecommendations] product_ids=['2ZYFJ3GM2N', '1YMWWN1N4O', '66VCHSJNUP', '9SIQT8TOJO', 'L9ECAV7KIM']"}
2026-08-21T07:44:56.213938989Z {"timestamp": 1787298296.2133307, "severity": "INFO", "name": "recommendationservice-server", "message": "[Recv ListRecommendations] product_ids=['1YMWWN1N4O', '0PUK6V6EV0', 'LS4PSXUNUM', '2ZYFJ3GM2N', 'OLJCESPC7Z']"}
2026-08-21T07:44:56.417091970Z {"timestamp": 1787298296.4162784, "severity": "INFO", "name": "recommendationservice-server", "message": "[Recv ListRecommendations] product_ids=['2ZYFJ3GM2N', '6E92ZMYYFZ', 'LS4PSXUNUM', '0PUK6V6EV0', '1YMWWN1N4O']"}
2026-08-21T07:44:56.788835409Z {"timestamp": 1787298296.7881017, "severity": "INFO", "name": "recommendationservice-server", "message": "[Recv ListRecommendations] product_ids=['66VCHSJNUP', '6E92ZMYYFZ', '0PUK6V6EV0', 'L9ECAV7KIM', 'LS4PSXUNUM']"}
2026-08-21T07:44:57.089295873Z {"timestamp": 1787298297.0885518, "severity": "INFO", "name": "recommendationservice-server", "message": "[Recv ListRecommendations] product_ids=['6E92ZMYYFZ', '66VCHSJNUP', 'LS4PSXUNUM', '2ZYFJ3GM2N', '1YMWWN1N4O']"}
2026-08-21T07:44:58.190643254Z {"timestamp": 1787298298.189303, "severity": "INFO", "name": "recommendationservice-server", "message": "[Recv ListRecommendations] product_ids=['L9ECAV7KIM', '6E92ZMYYFZ', '2ZYFJ3GM2N', '1YMWWN1N4O', '0PUK6V6EV0']"}
2026-08-21T07:44:58.239800523Z {"timestamp": 1787298298.2391708, "severity": "INFO", "name": "recommendationservice-server", "message": "[Recv ListRecommendations] product_ids=['OLJCESPC7Z', 'LS4PSXUNUM', '6E92ZMYYFZ', 'L9ECAV7KIM', '2ZYFJ3GM2N']"}
2026-08-21T07:44:59.780292621Z {"timestamp": 1787298299.7791982, "severity": "INFO", "name": "recommendationservice-server", "message": "[Recv ListRecommendations] product_ids=['0PUK6V6EV0', '9SIQT8TOJO', '66VCHSJNUP', 'L9ECAV7KIM', '6E92ZMYYFZ']"}
2026-08-21T07:45:00.480350613Z {"timestamp": 1787298300.4796727, "severity": "INFO", "name": "recommendationservice-server", "message": "[Recv ListRecommendations] product_ids=['LS4PSXUNUM', 'L9ECAV7KIM', '0PUK6V6EV0', '9SIQT8TOJO', '2ZYFJ3GM2N']"}
2026-08-21T07:45:00.670997068Z {"timestamp": 1787298300.6703005, "severity": "INFO", "name": "recommendationservice-server", "message": "[Recv ListRecommendations] product_ids=['66VCHSJNUP', 'LS4PSXUNUM', '9SIQT8TOJO', 'L9ECAV7KIM', '6E92ZMYYFZ']"}
2026-08-21T07:45:01.908089181Z {"timestamp": 1787298301.9073696, "severity": "INFO", "name": "recommendationservice-server", "message": "[Recv ListRecommendations] product_ids=['0PUK6V6EV0', '66VCHSJNUP', '9SIQT8TOJO', 'LS4PSXUNUM', 'OLJCESPC7Z']"}
2026-08-21T07:45:02.470783675Z {"timestamp": 1787298302.4701335, "severity": "INFO", "name": "recommendationservice-server", "message": "[Recv ListRecommendations] product_ids=['9SIQT8TOJO', '2ZYFJ3GM2N', 'L9ECAV7KIM', '1YMWWN1N4O', '6E92ZMYYFZ']"}
2026-08-21T07:45:02.543435211Z {"timestamp": 1787298302.5426457, "severity": "INFO", "name": "recommendationservice-server", "message": "[Recv ListRecommendations] product_ids=['L9ECAV7KIM', '66VCHSJNUP', 'LS4PSXUNUM', 'OLJCESPC7Z', '0PUK6V6EV0']"}
2026-08-21T07:45:02.598966389Z {"timestamp": 1787298302.598493, "severity": "INFO", "name": "recommendationservice-server", "message": "[Recv ListRecommendations] product_ids=['2ZYFJ3GM2N', '1YMWWN1N4O', 'L9ECAV7KIM', '9SIQT8TOJO', 'OLJCESPC7Z']"}
2026-08-21T07:45:02.770848735Z {"timestamp": 1787298302.7656095, "severity": "INFO", "name": "recommendationservice-server", "message": "[Recv ListRecommendations] product_ids=['9SIQT8TOJO', '2ZYFJ3GM2N', '1YMWWN1N4O', 'L9ECAV7KIM', '66VCHSJNUP']"}
2026-08-21T07:45:02.816845289Z {"timestamp": 1787298302.8161688, "severity": "INFO", "name": "recommendationservice-server", "message": "[Recv ListRecommendations] product_ids=['1YMWWN1N4O', '2ZYFJ3GM2N', '9SIQT8TOJO', 'OLJCESPC7Z', '0PUK6V6EV0']"}
2026-08-21T07:45:03.314118147Z {"timestamp": 1787298303.3129485, "severity": "INFO", "name": "recommendationservice-server", "message": "[Recv ListRecommendations] product_ids=['0PUK6V6EV0', 'L9ECAV7KIM', 'OLJCESPC7Z', '2ZYFJ3GM2N', 'LS4PSXUNUM']"}
2026-08-21T07:45:03.389426940Z {"timestamp": 1787298303.3887098, "severity": "INFO", "name": "recommendationservice-server", "message": "[Recv ListRecommendations] product_ids=['6E92ZMYYFZ', 'LS4PSXUNUM', 'L9ECAV7KIM', '66VCHSJNUP', '2ZYFJ3GM2N']"}
2026-08-21T07:45:03.857982717Z {"timestamp": 1787298303.8576753, "severity": "INFO", "name": "recommendationservice-server", "message": "[Recv ListRecommendations] product_ids=['OLJCESPC7Z', '6E92ZMYYFZ', 'LS4PSXUNUM', '2ZYFJ3GM2N', 'L9ECAV7KIM']"}
2026-08-21T07:45:04.036213978Z {"timestamp": 1787298304.0357702, "severity": "INFO", "name": "recommendationservice-server", "message": "[Recv ListRecommendations] product_ids=['L9ECAV7KIM', '0PUK6V6EV0', '2ZYFJ3GM2N', 'OLJCESPC7Z', '66VCHSJNUP']"}
2026-08-21T07:45:04.190802349Z {"timestamp": 1787298304.1905048, "severity": "INFO", "name": "recommendationservice-server", "message": "[Recv ListRecommendations] product_ids=['OLJCESPC7Z', '66VCHSJNUP', '6E92ZMYYFZ', 'L9ECAV7KIM', 'LS4PSXUNUM']"}
2026-08-21T07:45:04.276940991Z {"timestamp": 1787298304.276483, "severity": "INFO", "name": "recommendationservice-server", "message": "[Recv ListRecommendations] product_ids=['6E92ZMYYFZ', '1YMWWN1N4O', 'L9ECAV7KIM', '0PUK6V6EV0', '9SIQT8TOJO']"}
2026-08-21T07:45:04.418458496Z {"timestamp": 1787298304.417489, "severity": "INFO", "name": "recommendationservice-server", "message": "[Recv ListRecommendations] product_ids=['66VCHSJNUP', '1YMWWN1N4O', 'OLJCESPC7Z', 'L9ECAV7KIM', '6E92ZMYYFZ']"}
2026-08-21T07:45:04.718813083Z {"timestamp": 1787298304.718265, "severity": "INFO", "name": "recommendationservice-server", "message": "[Recv ListRecommendations] product_ids=['2ZYFJ3GM2N', '6E92ZMYYFZ', '0PUK6V6EV0', 'L9ECAV7KIM', '1YMWWN1N4O']"}
2026-08-21T07:45:05.033277337Z {"timestamp": 1787298305.0328891, "severity": "INFO", "name": "recommendationservice-server", "message": "[Recv ListRecommendations] product_ids=['0PUK6V6EV0', 'L9ECAV7KIM', '1YMWWN1N4O', 'OLJCESPC7Z', 'LS4PSXUNUM']"}
2026-08-21T07:45:06.615593375Z {"timestamp": 1787298306.614355, "severity": "INFO", "name": "recommendationservice-server", "message": "[Recv ListRecommendations] product_ids=['L9ECAV7KIM', '1YMWWN1N4O', '6E92ZMYYFZ', '0PUK6V6EV0', '9SIQT8TOJO']"}
2026-08-21T07:45:07.039717149Z {"timestamp": 1787298307.039429, "severity": "INFO", "name": "recommendationservice-server", "message": "[Recv ListRecommendations] product_ids=['6E92ZMYYFZ', '9SIQT8TOJO', '66VCHSJNUP', '2ZYFJ3GM2N', 'LS4PSXUNUM']"}
2026-08-21T07:45:08.875374421Z {"timestamp": 1787298308.8749104, "severity": "INFO", "name": "recommendationservice-server", "message": "[Recv ListRecommendations] product_ids=['66VCHSJNUP', 'OLJCESPC7Z', 'L9ECAV7KIM', '6E92ZMYYFZ', '9SIQT8TOJO']"}
2026-08-21T07:45:08.894148139Z {"timestamp": 1787298308.893592, "severity": "INFO", "name": "recommendationservice-server", "message": "[Recv ListRecommendations] product_ids=['1YMWWN1N4O', 'L9ECAV7KIM', 'LS4PSXUNUM', '2ZYFJ3GM2N', '9SIQT8TOJO']"}
2026-08-21T07:45:09.172242671Z {"timestamp": 1787298309.1718974, "severity": "INFO", "name": "recommendationservice-server", "message": "[Recv ListRecommendations] product_ids=['2ZYFJ3GM2N', '0PUK6V6EV0', '6E92ZMYYFZ', 'L9ECAV7KIM', 'LS4PSXUNUM']"}
2026-08-21T07:45:09.563894300Z {"timestamp": 1787298309.5635335, "severity": "INFO", "name": "recommendationservice-server", "message": "[Recv ListRecommendations] product_ids=['9SIQT8TOJO', 'LS4PSXUNUM', '1YMWWN1N4O', 'OLJCESPC7Z', '0PUK6V6EV0']"}
2026-08-21T07:45:09.666309318Z {"timestamp": 1787298309.6659594, "severity": "INFO", "name": "recommendationservice-server", "message": "[Recv ListRecommendations] product_ids=['6E92ZMYYFZ', '9SIQT8TOJO', '2ZYFJ3GM2N', '0PUK6V6EV0', '66VCHSJNUP']"}
2026-08-21T07:45:09.684643194Z {"timestamp": 1787298309.6841323, "severity": "INFO", "name": "recommendationservice-server", "message": "[Recv ListRecommendations] product_ids=['1YMWWN1N4O', '6E92ZMYYFZ', '2ZYFJ3GM2N', 'LS4PSXUNUM', 'L9ECAV7KIM']"}
2026-08-21T07:45:09.977030510Z {"timestamp": 1787298309.9767234, "severity": "INFO", "name": "recommendationservice-server", "message": "[Recv ListRecommendations] product_ids=['2ZYFJ3GM2N', '0PUK6V6EV0', '66VCHSJNUP', '1YMWWN1N4O', '6E92ZMYYFZ']"}
2026-08-21T07:45:10.280707519Z {"timestamp": 1787298310.2803426, "severity": "INFO", "name": "recommendationservice-server", "message": "[Recv ListRecommendations] product_ids=['9SIQT8TOJO', 'OLJCESPC7Z', '1YMWWN1N4O', '0PUK6V6EV0', 'LS4PSXUNUM']"}
2026-08-21T07:45:10.384676188Z {"timestamp": 1787298310.38421, "severity": "INFO", "name": "recommendationservice-server", "message": "[Recv ListRecommendations] product_ids=['OLJCESPC7Z', '6E92ZMYYFZ', 'L9ECAV7KIM', '9SIQT8TOJO', '0PUK6V6EV0']"}
2026-08-21T07:45:12.239741875Z {"timestamp": 1787298312.2394, "severity": "INFO", "name": "recommendationservice-server", "message": "[Recv ListRecommendations] product_ids=['OLJCESPC7Z', '9SIQT8TOJO', '0PUK6V6EV0', 'L9ECAV7KIM', 'LS4PSXUNUM']"}
2026-08-21T07:45:12.267275408Z {"timestamp": 1787298312.266955, "severity": "INFO", "name": "recommendationservice-server", "message": "[Recv ListRecommendations] product_ids=['OLJCESPC7Z', '1YMWWN1N4O', 'LS4PSXUNUM', '9SIQT8TOJO', '6E92ZMYYFZ']"}
2026-08-21T07:45:12.352465590Z {"timestamp": 1787298312.3517087, "severity": "INFO", "name": "recommendationservice-server", "message": "[Recv ListRecommendations] product_ids=['0PUK6V6EV0', '1YMWWN1N4O', '9SIQT8TOJO', 'LS4PSXUNUM', '6E92ZMYYFZ']"}
2026-08-21T07:45:12.493468677Z {"timestamp": 1787298312.4923272, "severity": "INFO", "name": "recommendationservice-server", "message": "[Recv ListRecommendations] product_ids=['66VCHSJNUP', '2ZYFJ3GM2N', '1YMWWN1N4O', '6E92ZMYYFZ', '0PUK6V6EV0']"}
2026-08-21T07:45:12.535379391Z {"timestamp": 1787298312.533312, "severity": "INFO", "name": "recommendationservice-server", "message": "[Recv ListRecommendations] product_ids=['L9ECAV7KIM', 'OLJCESPC7Z', '6E92ZMYYFZ', '9SIQT8TOJO', '0PUK6V6EV0']"}
2026-08-21T07:45:12.979128318Z {"timestamp": 1787298312.9784284, "severity": "INFO", "name": "recommendationservice-server", "message": "[Recv ListRecommendations] product_ids=['6E92ZMYYFZ', '9SIQT8TOJO', 'LS4PSXUNUM', '66VCHSJNUP', 'L9ECAV7KIM']"}
2026-08-21T07:45:13.110685544Z {"timestamp": 1787298313.110365, "severity": "INFO", "name": "recommendationservice-server", "message": "[Recv ListRecommendations] product_ids=['0PUK6V6EV0', '2ZYFJ3GM2N', 'L9ECAV7KIM', '1YMWWN1N4O', '9SIQT8TOJO']"}
2026-08-21T07:45:13.241027744Z {"timestamp": 1787298313.2404485, "severity": "INFO", "name": "recommendationservice-server", "message": "[Recv ListRecommendations] product_ids=['6E92ZMYYFZ', '66VCHSJNUP', 'L9ECAV7KIM', 'OLJCESPC7Z', 'LS4PSXUNUM']"}
2026-08-21T07:45:13.453537962Z {"timestamp": 1787298313.4524112, "severity": "INFO", "name": "recommendationservice-server", "message": "[Recv ListRecommendations] product_ids=['1YMWWN1N4O', '0PUK6V6EV0', 'L9ECAV7KIM', 'OLJCESPC7Z', 'LS4PSXUNUM']"}
2026-08-21T07:45:14.017336671Z {"timestamp": 1787298314.0168235, "severity": "INFO", "name": "recommendationservice-server", "message": "[Recv ListRecommendations] product_ids=['9SIQT8TOJO', 'LS4PSXUNUM', '0PUK6V6EV0', 'OLJCESPC7Z', '1YMWWN1N4O']"}
2026-08-21T07:45:14.058272702Z {"timestamp": 1787298314.0579865, "severity": "INFO", "name": "recommendationservice-server", "message": "[Recv ListRecommendations] product_ids=['2ZYFJ3GM2N', '6E92ZMYYFZ', '0PUK6V6EV0', '1YMWWN1N4O', 'LS4PSXUNUM']"}
2026-08-21T07:45:14.791309061Z {"timestamp": 1787298314.7909057, "severity": "INFO", "name": "recommendationservice-server", "message": "[Recv ListRecommendations] product_ids=['1YMWWN1N4O', '9SIQT8TOJO', '6E92ZMYYFZ', 'OLJCESPC7Z', 'L9ECAV7KIM']"}
2026-08-21T07:45:15.048372886Z {"timestamp": 1787298315.0479896, "severity": "INFO", "name": "recommendationservice-server", "message": "[Recv ListRecommendations] product_ids=['2ZYFJ3GM2N', '66VCHSJNUP', 'LS4PSXUNUM', '9SIQT8TOJO', '0PUK6V6EV0']"}
2026-08-21T07:45:15.440105016Z {"timestamp": 1787298315.4397726, "severity": "INFO", "name": "recommendationservice-server", "message": "[Recv ListRecommendations] product_ids=['0PUK6V6EV0', '2ZYFJ3GM2N', '9SIQT8TOJO', '66VCHSJNUP', '6E92ZMYYFZ']"}
2026-08-21T07:45:15.800514107Z {"timestamp": 1787298315.8001387, "severity": "INFO", "name": "recommendationservice-server", "message": "[Recv ListRecommendations] product_ids=['L9ECAV7KIM', 'LS4PSXUNUM', '9SIQT8TOJO', '6E92ZMYYFZ', '2ZYFJ3GM2N']"}
2026-08-21T07:45:15.832427256Z {"timestamp": 1787298315.832081, "severity": "INFO", "name": "recommendationservice-server", "message": "[Recv ListRecommendations] product_ids=['LS4PSXUNUM', 'OLJCESPC7Z', '6E92ZMYYFZ', '1YMWWN1N4O', '0PUK6V6EV0']"}
2026-08-21T07:45:16.809540318Z {"timestamp": 1787298316.8088632, "severity": "INFO", "name": "recommendationservice-server", "message": "[Recv ListRecommendations] product_ids=['66VCHSJNUP', '1YMWWN1N4O', 'LS4PSXUNUM', 'OLJCESPC7Z', '6E92ZMYYFZ']"}
2026-08-21T07:45:17.513486154Z {"timestamp": 1787298317.51315, "severity": "INFO", "name": "recommendationservice-server", "message": "[Recv ListRecommendations] product_ids=['1YMWWN1N4O', 'OLJCESPC7Z', '66VCHSJNUP', '6E92ZMYYFZ', '0PUK6V6EV0']"}
2026-08-21T07:45:18.053189371Z {"timestamp": 1787298318.0528896, "severity": "INFO", "name": "recommendationservice-server", "message": "[Recv ListRecommendations] product_ids=['66VCHSJNUP', 'OLJCESPC7Z', '9SIQT8TOJO', '0PUK6V6EV0', 'L9ECAV7KIM']"}
2026-08-21T07:45:18.847675437Z {"timestamp": 1787298318.8467162, "severity": "INFO", "name": "recommendationservice-server", "message": "[Recv ListRecommendations] product_ids=['L9ECAV7KIM', 'OLJCESPC7Z', '0PUK6V6EV0', '2ZYFJ3GM2N', '1YMWWN1N4O']"}
2026-08-21T07:45:18.891848983Z {"timestamp": 1787298318.891088, "severity": "INFO", "name": "recommendationservice-server", "message": "[Recv ListRecommendations] product_ids=['2ZYFJ3GM2N', '1YMWWN1N4O', '6E92ZMYYFZ', 'LS4PSXUNUM', 'L9ECAV7KIM']"}
2026-08-21T07:45:19.666487103Z {"timestamp": 1787298319.6662161, "severity": "INFO", "name": "recommendationservice-server", "message": "[Recv ListRecommendations] product_ids=['L9ECAV7KIM', '0PUK6V6EV0', 'LS4PSXUNUM', '9SIQT8TOJO', '66VCHSJNUP']"}
2026-08-21T07:45:20.502795979Z {"timestamp": 1787298320.502333, "severity": "INFO", "name": "recommendationservice-server", "message": "[Recv ListRecommendations] product_ids=['66VCHSJNUP', 'OLJCESPC7Z', '6E92ZMYYFZ', '2ZYFJ3GM2N', '1YMWWN1N4O']"}
2026-08-21T07:45:21.590263822Z {"timestamp": 1787298321.5898712, "severity": "INFO", "name": "recommendationservice-server", "message": "[Recv ListRecommendations] product_ids=['0PUK6V6EV0', '2ZYFJ3GM2N', '66VCHSJNUP', 'L9ECAV7KIM', '1YMWWN1N4O']"}
2026-08-21T07:45:21.788934260Z {"timestamp": 1787298321.7881186, "severity": "INFO", "name": "recommendationservice-server", "message": "[Recv ListRecommendations] product_ids=['9SIQT8TOJO', 'OLJCESPC7Z', 'LS4PSXUNUM', '2ZYFJ3GM2N', '0PUK6V6EV0']"}
2026-08-21T07:45:22.139466853Z {"timestamp": 1787298322.1341267, "severity": "INFO", "name": "recommendationservice-server", "message": "[Recv ListRecommendations] product_ids=['0PUK6V6EV0', 'L9ECAV7KIM', '1YMWWN1N4O', 'OLJCESPC7Z', '66VCHSJNUP']"}
2026-08-21T07:45:22.172861806Z {"timestamp": 1787298322.1717818, "severity": "INFO", "name": "recommendationservice-server", "message": "[Recv ListRecommendations] product_ids=['LS4PSXUNUM', '9SIQT8TOJO', '2ZYFJ3GM2N', '66VCHSJNUP', '1YMWWN1N4O']"}
2026-08-21T07:45:22.679028280Z {"timestamp": 1787298322.6786914, "severity": "INFO", "name": "recommendationservice-server", "message": "[Recv ListRecommendations] product_ids=['0PUK6V6EV0', 'OLJCESPC7Z', 'LS4PSXUNUM', '66VCHSJNUP', '2ZYFJ3GM2N']"}
2026-08-21T07:45:22.727064969Z {"timestamp": 1787298322.726614, "severity": "INFO", "name": "recommendationservice-server", "message": "[Recv ListRecommendations] product_ids=['LS4PSXUNUM', '2ZYFJ3GM2N', '0PUK6V6EV0', 'L9ECAV7KIM', '1YMWWN1N4O']"}
2026-08-21T07:45:22.839422854Z {"timestamp": 1787298322.8389769, "severity": "INFO", "name": "recommendationservice-server", "message": "[Recv ListRecommendations] product_ids=['LS4PSXUNUM', '6E92ZMYYFZ', 'L9ECAV7KIM', '0PUK6V6EV0', '9SIQT8TOJO']"}
2026-08-21T07:45:23.294728170Z {"timestamp": 1787298323.2942815, "severity": "INFO", "name": "recommendationservice-server", "message": "[Recv ListRecommendations] product_ids=['0PUK6V6EV0', '9SIQT8TOJO', '1YMWWN1N4O', 'LS4PSXUNUM']"}
2026-08-21T07:45:24.355634796Z {"timestamp": 1787298324.3553355, "severity": "INFO", "name": "recommendationservice-server", "message": "[Recv ListRecommendations] product_ids=['OLJCESPC7Z', '1YMWWN1N4O', '9SIQT8TOJO', '66VCHSJNUP', 'L9ECAV7KIM']"}
2026-08-21T07:45:24.525108379Z {"timestamp": 1787298324.5246031, "severity": "INFO", "name": "recommendationservice-server", "message": "[Recv ListRecommendations] product_ids=['1YMWWN1N4O', '9SIQT8TOJO', '6E92ZMYYFZ', 'OLJCESPC7Z', 'LS4PSXUNUM']"}
2026-08-21T07:45:24.612243169Z {"timestamp": 1787298324.611832, "severity": "INFO", "name": "recommendationservice-server", "message": "[Recv ListRecommendations] product_ids=['OLJCESPC7Z', '1YMWWN1N4O', 'L9ECAV7KIM', '66VCHSJNUP', '0PUK6V6EV0']"}
2026-08-21T07:45:24.740858357Z {"timestamp": 1787298324.7405808, "severity": "INFO", "name": "recommendationservice-server", "message": "[Recv ListRecommendations] product_ids=['L9ECAV7KIM', '9SIQT8TOJO', '2ZYFJ3GM2N', 'OLJCESPC7Z', '0PUK6V6EV0']"}
2026-08-21T07:45:24.979949717Z {"timestamp": 1787298324.9795806, "severity": "INFO", "name": "recommendationservice-server", "message": "[Recv ListRecommendations] product_ids=['6E92ZMYYFZ', '9SIQT8TOJO', '1YMWWN1N4O', 'OLJCESPC7Z', 'L9ECAV7KIM']"}
2026-08-21T07:45:25.197193845Z {"timestamp": 1787298325.1968458, "severity": "INFO", "name": "recommendationservice-server", "message": "[Recv ListRecommendations] product_ids=['1YMWWN1N4O', '9SIQT8TOJO', 'OLJCESPC7Z', 'LS4PSXUNUM', '0PUK6V6EV0']"}
2026-08-21T07:45:25.677433107Z {"timestamp": 1787298325.6761324, "severity": "INFO", "name": "recommendationservice-server", "message": "[Recv ListRecommendations] product_ids=['2ZYFJ3GM2N', 'L9ECAV7KIM', 'LS4PSXUNUM', '66VCHSJNUP', '0PUK6V6EV0']"}
2026-08-21T07:45:26.358026488Z {"timestamp": 1787298326.3576264, "severity": "INFO", "name": "recommendationservice-server", "message": "[Recv ListRecommendations] product_ids=['L9ECAV7KIM', '9SIQT8TOJO', 'LS4PSXUNUM', '1YMWWN1N4O', '6E92ZMYYFZ']"}
2026-08-21T07:45:26.494336140Z {"timestamp": 1787298326.4928064, "severity": "INFO", "name": "recommendationservice-server", "message": "[Recv ListRecommendations] product_ids=['6E92ZMYYFZ', '9SIQT8TOJO', '66VCHSJNUP', 'LS4PSXUNUM', 'OLJCESPC7Z']"}
2026-08-21T07:45:26.566104861Z {"timestamp": 1787298326.5647502, "severity": "INFO", "name": "recommendationservice-server", "message": "[Recv ListRecommendations] product_ids=['0PUK6V6EV0', 'LS4PSXUNUM', '1YMWWN1N4O', 'L9ECAV7KIM', '6E92ZMYYFZ']"}
2026-08-21T07:45:27.174829856Z {"timestamp": 1787298327.1731296, "severity": "INFO", "name": "recommendationservice-server", "message": "[Recv ListRecommendations] product_ids=['LS4PSXUNUM', '0PUK6V6EV0', '2ZYFJ3GM2N', 'OLJCESPC7Z', '66VCHSJNUP']"}
2026-08-21T07:45:27.232096172Z {"timestamp": 1787298327.2289236, "severity": "INFO", "name": "recommendationservice-server", "message": "[Recv ListRecommendations] product_ids=['2ZYFJ3GM2N', '1YMWWN1N4O', 'LS4PSXUNUM', '0PUK6V6EV0', 'OLJCESPC7Z']"}
2026-08-21T07:45:27.524499732Z {"timestamp": 1787298327.524094, "severity": "INFO", "name": "recommendationservice-server", "message": "[Recv ListRecommendations] product_ids=['9SIQT8TOJO', 'L9ECAV7KIM', '6E92ZMYYFZ', '1YMWWN1N4O', 'OLJCESPC7Z']"}
2026-08-21T07:45:27.954535979Z {"timestamp": 1787298327.9540672, "severity": "INFO", "name": "recommendationservice-server", "message": "[Recv ListRecommendations] product_ids=['66VCHSJNUP', 'OLJCESPC7Z', '6E92ZMYYFZ', '0PUK6V6EV0', '2ZYFJ3GM2N']"}
2026-08-21T07:45:28.043514700Z {"timestamp": 1787298328.0431702, "severity": "INFO", "name": "recommendationservice-server", "message": "[Recv ListRecommendations] product_ids=['6E92ZMYYFZ', '9SIQT8TOJO', 'L9ECAV7KIM', '66VCHSJNUP', '2ZYFJ3GM2N']"}
2026-08-21T07:45:28.435154671Z {"timestamp": 1787298328.4341888, "severity": "INFO", "name": "recommendationservice-server", "message": "[Recv ListRecommendations] product_ids=['6E92ZMYYFZ', 'OLJCESPC7Z', '2ZYFJ3GM2N', '1YMWWN1N4O', 'LS4PSXUNUM']"}
2026-08-21T07:45:28.479026442Z {"timestamp": 1787298328.4783142, "severity": "INFO", "name": "recommendationservice-server", "message": "[Recv ListRecommendations] product_ids=['OLJCESPC7Z', '66VCHSJNUP', '0PUK6V6EV0', 'LS4PSXUNUM', 'L9ECAV7KIM']"}
2026-08-21T07:45:28.870321863Z {"timestamp": 1787298328.8697226, "severity": "INFO", "name": "recommendationservice-server", "message": "[Recv ListRecommendations] product_ids=['2ZYFJ3GM2N', '9SIQT8TOJO', '0PUK6V6EV0', '66VCHSJNUP', 'L9ECAV7KIM']"}
2026-08-21T07:45:29.040805319Z {"timestamp": 1787298329.040158, "severity": "INFO", "name": "recommendationservice-server", "message": "[Recv ListRecommendations] product_ids=['L9ECAV7KIM', 'LS4PSXUNUM', '9SIQT8TOJO', '2ZYFJ3GM2N', '66VCHSJNUP']"}
2026-08-21T07:45:29.507615006Z {"timestamp": 1787298329.5065897, "severity": "INFO", "name": "recommendationservice-server", "message": "[Recv ListRecommendations] product_ids=['0PUK6V6EV0', 'OLJCESPC7Z', 'L9ECAV7KIM', '66VCHSJNUP', 'LS4PSXUNUM']"}
2026-08-21T07:45:29.511479567Z {"timestamp": 1787298329.5106816, "severity": "INFO", "name": "recommendationservice-server", "message": "[Recv ListRecommendations] product_ids=['OLJCESPC7Z', '9SIQT8TOJO', '66VCHSJNUP', 'L9ECAV7KIM', 'LS4PSXUNUM']"}
2026-08-21T07:45:30.731863082Z {"timestamp": 1787298330.731465, "severity": "INFO", "name": "recommendationservice-server", "message": "[Recv ListRecommendations] product_ids=['6E92ZMYYFZ', '0PUK6V6EV0', 'L9ECAV7KIM', '66VCHSJNUP', 'OLJCESPC7Z']"}
2026-08-21T07:45:30.866963500Z {"timestamp": 1787298330.8661406, "severity": "INFO", "name": "recommendationservice-server", "message": "[Recv ListRecommendations] product_ids=['0PUK6V6EV0', '9SIQT8TOJO', 'L9ECAV7KIM', 'OLJCESPC7Z', '6E92ZMYYFZ']"}
2026-08-21T07:45:31.038023040Z {"timestamp": 1787298331.0368683, "severity": "INFO", "name": "recommendationservice-server", "message": "[Recv ListRecommendations] product_ids=['L9ECAV7KIM', '2ZYFJ3GM2N', '0PUK6V6EV0', '66VCHSJNUP', 'LS4PSXUNUM']"}
2026-08-21T07:45:31.407726138Z {"timestamp": 1787298331.4067996, "severity": "INFO", "name": "recommendationservice-server", "message": "[Recv ListRecommendations] product_ids=['1YMWWN1N4O', '9SIQT8TOJO', 'L9ECAV7KIM', 'OLJCESPC7Z', '0PUK6V6EV0']"}
2026-08-21T07:45:32.307227957Z {"timestamp": 1787298332.3062587, "severity": "INFO", "name": "recommendationservice-server", "message": "[Recv ListRecommendations] product_ids=['66VCHSJNUP', '0PUK6V6EV0', '9SIQT8TOJO', 'LS4PSXUNUM', '6E92ZMYYFZ']"}
2026-08-21T07:45:32.441242118Z {"timestamp": 1787298332.4404905, "severity": "INFO", "name": "recommendationservice-server", "message": "[Recv ListRecommendations] product_ids=['OLJCESPC7Z', '0PUK6V6EV0', '9SIQT8TOJO', '2ZYFJ3GM2N', '6E92ZMYYFZ']"}
2026-08-21T07:45:33.149204523Z {"timestamp": 1787298333.1488085, "severity": "INFO", "name": "recommendationservice-server", "message": "[Recv ListRecommendations] product_ids=['L9ECAV7KIM', 'LS4PSXUNUM', '6E92ZMYYFZ', '2ZYFJ3GM2N', '0PUK6V6EV0']"}
2026-08-21T07:45:33.238073128Z {"timestamp": 1787298333.23684, "severity": "INFO", "name": "recommendationservice-server", "message": "[Recv ListRecommendations] product_ids=['LS4PSXUNUM', '1YMWWN1N4O', '9SIQT8TOJO', '0PUK6V6EV0', 'OLJCESPC7Z']"}
2026-08-21T07:45:33.615641855Z {"timestamp": 1787298333.6149104, "severity": "INFO", "name": "recommendationservice-server", "message": "[Recv ListRecommendations] product_ids=['9SIQT8TOJO', '6E92ZMYYFZ', '2ZYFJ3GM2N', 'OLJCESPC7Z', '1YMWWN1N4O']"}
2026-08-21T07:45:33.622079890Z {"timestamp": 1787298333.621523, "severity": "INFO", "name": "recommendationservice-server", "message": "[Recv ListRecommendations] product_ids=['1YMWWN1N4O', '0PUK6V6EV0', '9SIQT8TOJO', 'LS4PSXUNUM']"}
2026-08-21T07:45:33.847240786Z {"timestamp": 1787298333.8467588, "severity": "INFO", "name": "recommendationservice-server", "message": "[Recv ListRecommendations] product_ids=['9SIQT8TOJO', 'LS4PSXUNUM', '0PUK6V6EV0', '66VCHSJNUP', 'L9ECAV7KIM']"}
2026-08-21T07:45:33.967153499Z {"timestamp": 1787298333.9656851, "severity": "INFO", "name": "recommendationservice-server", "message": "[Recv ListRecommendations] product_ids=['LS4PSXUNUM', 'OLJCESPC7Z', '0PUK6V6EV0', '6E92ZMYYFZ', '9SIQT8TOJO']"}
2026-08-21T07:45:34.376247705Z {"timestamp": 1787298334.3756948, "severity": "INFO", "name": "recommendationservice-server", "message": "[Recv ListRecommendations] product_ids=['6E92ZMYYFZ', 'LS4PSXUNUM', '2ZYFJ3GM2N', 'OLJCESPC7Z', '1YMWWN1N4O']"}
2026-08-21T07:45:34.773614021Z {"timestamp": 1787298334.7728539, "severity": "INFO", "name": "recommendationservice-server", "message": "[Recv ListRecommendations] product_ids=['6E92ZMYYFZ', 'LS4PSXUNUM', 'OLJCESPC7Z', '66VCHSJNUP', 'L9ECAV7KIM']"}
2026-08-21T07:45:35.396162239Z {"timestamp": 1787298335.3954222, "severity": "INFO", "name": "recommendationservice-server", "message": "[Recv ListRecommendations] product_ids=['0PUK6V6EV0', 'LS4PSXUNUM', '66VCHSJNUP', '2ZYFJ3GM2N', '9SIQT8TOJO']"}
2026-08-21T07:45:35.489378656Z {"timestamp": 1787298335.4884453, "severity": "INFO", "name": "recommendationservice-server", "message": "[Recv ListRecommendations] product_ids=['1YMWWN1N4O', '66VCHSJNUP', 'LS4PSXUNUM', '2ZYFJ3GM2N', 'L9ECAV7KIM']"}
2026-08-21T07:45:35.679813817Z {"timestamp": 1787298335.6789005, "severity": "INFO", "name": "recommendationservice-server", "message": "[Recv ListRecommendations] product_ids=['6E92ZMYYFZ', '9SIQT8TOJO', '2ZYFJ3GM2N', '0PUK6V6EV0', 'LS4PSXUNUM']"}
2026-08-21T07:45:36.755834242Z {"timestamp": 1787298336.7551045, "severity": "INFO", "name": "recommendationservice-server", "message": "[Recv ListRecommendations] product_ids=['6E92ZMYYFZ', '9SIQT8TOJO', '1YMWWN1N4O', 'L9ECAV7KIM', 'LS4PSXUNUM']"}
2026-08-21T07:45:37.231430718Z {"timestamp": 1787298337.2307436, "severity": "INFO", "name": "recommendationservice-server", "message": "[Recv ListRecommendations] product_ids=['9SIQT8TOJO', 'L9ECAV7KIM', '6E92ZMYYFZ', '0PUK6V6EV0', '66VCHSJNUP']"}
2026-08-21T07:45:37.405520016Z {"timestamp": 1787298337.4049726, "severity": "INFO", "name": "recommendationservice-server", "message": "[Recv ListRecommendations] product_ids=['1YMWWN1N4O', '66VCHSJNUP', '0PUK6V6EV0', 'OLJCESPC7Z', '6E92ZMYYFZ']"}
2026-08-21T07:45:37.482407473Z {"timestamp": 1787298337.481563, "severity": "INFO", "name": "recommendationservice-server", "message": "[Recv ListRecommendations] product_ids=['OLJCESPC7Z', '66VCHSJNUP', '0PUK6V6EV0', '2ZYFJ3GM2N', 'LS4PSXUNUM']"}
2026-08-21T07:45:37.533769427Z {"timestamp": 1787298337.5329397, "severity": "INFO", "name": "recommendationservice-server", "message": "[Recv ListRecommendations] product_ids=['LS4PSXUNUM', '9SIQT8TOJO', '0PUK6V6EV0', '1YMWWN1N4O']"}
2026-08-21T07:45:38.190002427Z {"timestamp": 1787298338.1882455, "severity": "INFO", "name": "recommendationservice-server", "message": "[Recv ListRecommendations] product_ids=['6E92ZMYYFZ', 'L9ECAV7KIM', 'LS4PSXUNUM', 'OLJCESPC7Z', '66VCHSJNUP']"}
2026-08-21T07:45:39.960956821Z {"timestamp": 1787298339.9605298, "severity": "INFO", "name": "recommendationservice-server", "message": "[Recv ListRecommendations] product_ids=['1YMWWN1N4O', 'LS4PSXUNUM', '2ZYFJ3GM2N', '66VCHSJNUP', 'L9ECAV7KIM']"}
2026-08-21T07:45:40.422213449Z {"timestamp": 1787298340.4218466, "severity": "INFO", "name": "recommendationservice-server", "message": "[Recv ListRecommendations] product_ids=['2ZYFJ3GM2N', '66VCHSJNUP', 'L9ECAV7KIM', '6E92ZMYYFZ', 'OLJCESPC7Z']"}
2026-08-21T07:45:40.579012936Z {"timestamp": 1787298340.578769, "severity": "INFO", "name": "recommendationservice-server", "message": "[Recv ListRecommendations] product_ids=['6E92ZMYYFZ', '9SIQT8TOJO', 'OLJCESPC7Z', 'L9ECAV7KIM', '2ZYFJ3GM2N']"}
2026-08-21T07:45:42.500473631Z {"timestamp": 1787298342.499305, "severity": "INFO", "name": "recommendationservice-server", "message": "[Recv ListRecommendations] product_ids=['0PUK6V6EV0', '2ZYFJ3GM2N', 'LS4PSXUNUM', 'OLJCESPC7Z', '9SIQT8TOJO']"}
2026-08-21T07:45:43.738282340Z {"timestamp": 1787298343.73755, "severity": "INFO", "name": "recommendationservice-server", "message": "[Recv ListRecommendations] product_ids=['1YMWWN1N4O', '2ZYFJ3GM2N', '6E92ZMYYFZ', '9SIQT8TOJO', 'L9ECAV7KIM']"}
2026-08-21T07:45:43.762941958Z {"timestamp": 1787298343.7621624, "severity": "INFO", "name": "recommendationservice-server", "message": "[Recv ListRecommendations] product_ids=['6E92ZMYYFZ', '66VCHSJNUP', '0PUK6V6EV0', 'LS4PSXUNUM', '2ZYFJ3GM2N']"}
2026-08-21T07:45:44.413072575Z {"timestamp": 1787298344.4120522, "severity": "INFO", "name": "recommendationservice-server", "message": "[Recv ListRecommendations] product_ids=['66VCHSJNUP', '0PUK6V6EV0', '6E92ZMYYFZ', 'LS4PSXUNUM', '9SIQT8TOJO']"}
2026-08-21T07:45:45.100484116Z {"timestamp": 1787298345.0997791, "severity": "INFO", "name": "recommendationservice-server", "message": "[Recv ListRecommendations] product_ids=['6E92ZMYYFZ', '66VCHSJNUP', 'LS4PSXUNUM', 'OLJCESPC7Z', '9SIQT8TOJO']"}
2026-08-21T07:45:45.110377088Z {"timestamp": 1787298345.1096573, "severity": "INFO", "name": "recommendationservice-server", "message": "[Recv ListRecommendations] product_ids=['2ZYFJ3GM2N', '1YMWWN1N4O', '66VCHSJNUP', '0PUK6V6EV0', 'LS4PSXUNUM']"}
2026-08-21T07:45:45.788392936Z {"timestamp": 1787298345.7850826, "severity": "INFO", "name": "recommendationservice-server", "message": "[Recv ListRecommendations] product_ids=['6E92ZMYYFZ', '9SIQT8TOJO', '66VCHSJNUP', 'OLJCESPC7Z', '2ZYFJ3GM2N']"}
2026-08-21T07:45:46.225038526Z {"timestamp": 1787298346.2248032, "severity": "INFO", "name": "recommendationservice-server", "message": "[Recv ListRecommendations] product_ids=['0PUK6V6EV0', '66VCHSJNUP', '9SIQT8TOJO', 'OLJCESPC7Z', '6E92ZMYYFZ']"}
2026-08-21T07:45:46.301101014Z {"timestamp": 1787298346.3007998, "severity": "INFO", "name": "recommendationservice-server", "message": "[Recv ListRecommendations] product_ids=['LS4PSXUNUM', '1YMWWN1N4O', '9SIQT8TOJO', '0PUK6V6EV0']"}
2026-08-21T07:45:46.409895703Z {"timestamp": 1787298346.4095592, "severity": "INFO", "name": "recommendationservice-server", "message": "[Recv ListRecommendations] product_ids=['66VCHSJNUP', '2ZYFJ3GM2N', 'LS4PSXUNUM', '9SIQT8TOJO', '0PUK6V6EV0']"}
2026-08-21T07:45:46.802499594Z {"timestamp": 1787298346.8021495, "severity": "INFO", "name": "recommendationservice-server", "message": "[Recv ListRecommendations] product_ids=['66VCHSJNUP', '0PUK6V6EV0', '1YMWWN1N4O', 'OLJCESPC7Z', '2ZYFJ3GM2N']"}
2026-08-21T07:45:46.828155372Z {"timestamp": 1787298346.8277664, "severity": "INFO", "name": "recommendationservice-server", "message": "[Recv ListRecommendations] product_ids=['0PUK6V6EV0', 'L9ECAV7KIM', '6E92ZMYYFZ', '9SIQT8TOJO', '66VCHSJNUP']"}
2026-08-21T07:45:47.531033171Z {"timestamp": 1787298347.5305984, "severity": "INFO", "name": "recommendationservice-server", "message": "[Recv ListRecommendations] product_ids=['9SIQT8TOJO', 'L9ECAV7KIM', '2ZYFJ3GM2N', '0PUK6V6EV0', '6E92ZMYYFZ']"}
2026-08-21T07:45:48.336426461Z {"timestamp": 1787298348.3360872, "severity": "INFO", "name": "recommendationservice-server", "message": "[Recv ListRecommendations] product_ids=['1YMWWN1N4O', 'L9ECAV7KIM', '0PUK6V6EV0', '9SIQT8TOJO', '66VCHSJNUP']"}
2026-08-21T07:45:48.730702218Z {"timestamp": 1787298348.7295642, "severity": "INFO", "name": "recommendationservice-server", "message": "[Recv ListRecommendations] product_ids=['9SIQT8TOJO', '0PUK6V6EV0', '66VCHSJNUP', 'LS4PSXUNUM', '1YMWWN1N4O']"}
2026-08-21T07:45:48.822095842Z {"timestamp": 1787298348.820114, "severity": "INFO", "name": "recommendationservice-server", "message": "[Recv ListRecommendations] product_ids=['9SIQT8TOJO', '0PUK6V6EV0', '2ZYFJ3GM2N', '66VCHSJNUP', 'LS4PSXUNUM']"}
2026-08-21T07:45:48.978100133Z {"timestamp": 1787298348.9776955, "severity": "INFO", "name": "recommendationservice-server", "message": "[Recv ListRecommendations] product_ids=['9SIQT8TOJO', '6E92ZMYYFZ', 'L9ECAV7KIM', '1YMWWN1N4O', '0PUK6V6EV0']"}
2026-08-21T07:45:49.882288524Z {"timestamp": 1787298349.881865, "severity": "INFO", "name": "recommendationservice-server", "message": "[Recv ListRecommendations] product_ids=['6E92ZMYYFZ', 'OLJCESPC7Z', 'LS4PSXUNUM', '1YMWWN1N4O', '66VCHSJNUP']"}
2026-08-21T07:45:50.316958100Z {"timestamp": 1787298350.3165154, "severity": "INFO", "name": "recommendationservice-server", "message": "[Recv ListRecommendations] product_ids=['6E92ZMYYFZ', 'LS4PSXUNUM', 'OLJCESPC7Z', 'L9ECAV7KIM', '9SIQT8TOJO']"}
2026-08-21T07:45:50.523850647Z {"timestamp": 1787298350.523076, "severity": "INFO", "name": "recommendationservice-server", "message": "[Recv ListRecommendations] product_ids=['2ZYFJ3GM2N', '9SIQT8TOJO', '6E92ZMYYFZ', 'LS4PSXUNUM', 'OLJCESPC7Z']"}
2026-08-21T07:45:50.642190688Z {"timestamp": 1787298350.6417525, "severity": "INFO", "name": "recommendationservice-server", "message": "[Recv ListRecommendations] product_ids=['9SIQT8TOJO', '6E92ZMYYFZ', 'L9ECAV7KIM', '2ZYFJ3GM2N', 'OLJCESPC7Z']"}
2026-08-21T07:45:50.919027528Z {"timestamp": 1787298350.9185424, "severity": "INFO", "name": "recommendationservice-server", "message": "[Recv ListRecommendations] product_ids=['6E92ZMYYFZ', '0PUK6V6EV0', '66VCHSJNUP', '2ZYFJ3GM2N', '1YMWWN1N4O']"}
2026-08-21T07:45:51.214461214Z {"timestamp": 1787298351.2137303, "severity": "INFO", "name": "recommendationservice-server", "message": "[Recv ListRecommendations] product_ids=['1YMWWN1N4O', '66VCHSJNUP', '2ZYFJ3GM2N', 'L9ECAV7KIM', '6E92ZMYYFZ']"}
2026-08-21T07:45:52.441477127Z {"timestamp": 1787298352.440514, "severity": "INFO", "name": "recommendationservice-server", "message": "[Recv ListRecommendations] product_ids=['L9ECAV7KIM', '2ZYFJ3GM2N', '1YMWWN1N4O', '66VCHSJNUP', 'LS4PSXUNUM']"}
2026-08-21T07:45:52.627650710Z {"timestamp": 1787298352.626505, "severity": "INFO", "name": "recommendationservice-server", "message": "[Recv ListRecommendations] product_ids=['L9ECAV7KIM', '66VCHSJNUP', '9SIQT8TOJO', '0PUK6V6EV0', '2ZYFJ3GM2N']"}
2026-08-21T07:45:52.753951512Z {"timestamp": 1787298352.752807, "severity": "INFO", "name": "recommendationservice-server", "message": "[Recv ListRecommendations] product_ids=['2ZYFJ3GM2N', '9SIQT8TOJO', '1YMWWN1N4O', '0PUK6V6EV0', 'OLJCESPC7Z']"}
2026-08-21T07:45:53.185006975Z {"timestamp": 1787298353.1846855, "severity": "INFO", "name": "recommendationservice-server", "message": "[Recv ListRecommendations] product_ids=['9SIQT8TOJO', '1YMWWN1N4O', 'L9ECAV7KIM', '6E92ZMYYFZ', '2ZYFJ3GM2N']"}
2026-08-21T07:45:53.263439695Z {"timestamp": 1787298353.2629569, "severity": "INFO", "name": "recommendationservice-server", "message": "[Recv ListRecommendations] product_ids=['6E92ZMYYFZ', 'LS4PSXUNUM', 'OLJCESPC7Z', '1YMWWN1N4O', '66VCHSJNUP']"}
2026-08-21T07:45:53.279867497Z {"timestamp": 1787298353.2793958, "severity": "INFO", "name": "recommendationservice-server", "message": "[Recv ListRecommendations] product_ids=['2ZYFJ3GM2N', '66VCHSJNUP', '1YMWWN1N4O']"}
2026-08-21T07:45:53.505762370Z {"timestamp": 1787298353.5048985, "severity": "INFO", "name": "recommendationservice-server", "message": "[Recv ListRecommendations] product_ids=['OLJCESPC7Z', 'L9ECAV7KIM', 'LS4PSXUNUM', '66VCHSJNUP']"}
2026-08-21T07:45:53.837765647Z {"timestamp": 1787298353.8366673, "severity": "INFO", "name": "recommendationservice-server", "message": "[Recv ListRecommendations] product_ids=['2ZYFJ3GM2N', 'L9ECAV7KIM', '6E92ZMYYFZ', '66VCHSJNUP', '1YMWWN1N4O']"}
2026-08-21T07:45:53.911024949Z {"timestamp": 1787298353.9104097, "severity": "INFO", "name": "recommendationservice-server", "message": "[Recv ListRecommendations] product_ids=['9SIQT8TOJO', 'LS4PSXUNUM', '0PUK6V6EV0', '1YMWWN1N4O']"}
2026-08-21T07:45:54.585323132Z {"timestamp": 1787298354.5842457, "severity": "INFO", "name": "recommendationservice-server", "message": "[Recv ListRecommendations] product_ids=['0PUK6V6EV0', 'OLJCESPC7Z', '1YMWWN1N4O', '6E92ZMYYFZ', '2ZYFJ3GM2N']"}
2026-08-21T07:45:54.601252055Z {"timestamp": 1787298354.6000159, "severity": "INFO", "name": "recommendationservice-server", "message": "[Recv ListRecommendations] product_ids=['OLJCESPC7Z', '66VCHSJNUP', '9SIQT8TOJO', '2ZYFJ3GM2N', '6E92ZMYYFZ']"}
2026-08-21T07:45:54.702246449Z {"timestamp": 1787298354.7014198, "severity": "INFO", "name": "recommendationservice-server", "message": "[Recv ListRecommendations] product_ids=['OLJCESPC7Z', 'LS4PSXUNUM', 'L9ECAV7KIM', '1YMWWN1N4O', '0PUK6V6EV0']"}
2026-08-21T07:45:55.019015513Z {"timestamp": 1787298355.0182405, "severity": "INFO", "name": "recommendationservice-server", "message": "[Recv ListRecommendations] product_ids=['2ZYFJ3GM2N', 'L9ECAV7KIM', 'LS4PSXUNUM', '66VCHSJNUP', '9SIQT8TOJO']"}
2026-08-21T07:45:55.051635679Z {"timestamp": 1787298355.0506997, "severity": "INFO", "name": "recommendationservice-server", "message": "[Recv ListRecommendations] product_ids=['2ZYFJ3GM2N', '0PUK6V6EV0', '6E92ZMYYFZ', 'OLJCESPC7Z', 'L9ECAV7KIM']"}
2026-08-21T07:45:55.312401974Z {"timestamp": 1787298355.3114495, "severity": "INFO", "name": "recommendationservice-server", "message": "[Recv ListRecommendations] product_ids=['1YMWWN1N4O', 'OLJCESPC7Z', '0PUK6V6EV0', '6E92ZMYYFZ', '9SIQT8TOJO']"}
2026-08-21T07:45:56.098768405Z {"timestamp": 1787298356.0976975, "severity": "INFO", "name": "recommendationservice-server", "message": "[Recv ListRecommendations] product_ids=['66VCHSJNUP', '9SIQT8TOJO', '1YMWWN1N4O', 'OLJCESPC7Z', 'LS4PSXUNUM']"}
2026-08-21T07:45:56.115373135Z {"timestamp": 1787298356.1142793, "severity": "INFO", "name": "recommendationservice-server", "message": "[Recv ListRecommendations] product_ids=['6E92ZMYYFZ', '2ZYFJ3GM2N', 'L9ECAV7KIM', '66VCHSJNUP', '1YMWWN1N4O']"}
2026-08-21T07:45:56.297222633Z {"timestamp": 1787298356.2967913, "severity": "INFO", "name": "recommendationservice-server", "message": "[Recv ListRecommendations] product_ids=['6E92ZMYYFZ', 'LS4PSXUNUM', 'L9ECAV7KIM', '9SIQT8TOJO', '66VCHSJNUP']"}
2026-08-21T07:45:56.472912156Z {"timestamp": 1787298356.471324, "severity": "INFO", "name": "recommendationservice-server", "message": "[Recv ListRecommendations] product_ids=['1YMWWN1N4O', '9SIQT8TOJO', 'OLJCESPC7Z', '0PUK6V6EV0', 'L9ECAV7KIM']"}
2026-08-21T07:45:56.842333958Z {"timestamp": 1787298356.8417475, "severity": "INFO", "name": "recommendationservice-server", "message": "[Recv ListRecommendations] product_ids=['2ZYFJ3GM2N', 'LS4PSXUNUM', 'L9ECAV7KIM', '1YMWWN1N4O', 'OLJCESPC7Z']"}
2026-08-21T07:45:56.844891063Z {"timestamp": 1787298356.844309, "severity": "INFO", "name": "recommendationservice-server", "message": "[Recv ListRecommendations] product_ids=['66VCHSJNUP', 'OLJCESPC7Z', 'LS4PSXUNUM', '0PUK6V6EV0', '1YMWWN1N4O']"}
2026-08-21T07:45:56.940571415Z {"timestamp": 1787298356.939996, "severity": "INFO", "name": "recommendationservice-server", "message": "[Recv ListRecommendations] product_ids=['6E92ZMYYFZ', 'OLJCESPC7Z', '0PUK6V6EV0', 'LS4PSXUNUM', '9SIQT8TOJO']"}
2026-08-21T07:45:57.224167026Z {"timestamp": 1787298357.2229834, "severity": "INFO", "name": "recommendationservice-server", "message": "[Recv ListRecommendations] product_ids=['66VCHSJNUP', '2ZYFJ3GM2N', 'L9ECAV7KIM', '9SIQT8TOJO', '0PUK6V6EV0']"}
2026-08-21T07:45:57.524379469Z {"timestamp": 1787298357.5240457, "severity": "INFO", "name": "recommendationservice-server", "message": "[Recv ListRecommendations] product_ids=['L9ECAV7KIM', 'OLJCESPC7Z', 'LS4PSXUNUM', '66VCHSJNUP']"}
2026-08-21T07:45:57.962214405Z {"timestamp": 1787298357.9617193, "severity": "INFO", "name": "recommendationservice-server", "message": "[Recv ListRecommendations] product_ids=['L9ECAV7KIM', '0PUK6V6EV0', '9SIQT8TOJO', 'OLJCESPC7Z', '6E92ZMYYFZ']"}
2026-08-21T07:45:58.668483686Z {"timestamp": 1787298358.6669269, "severity": "INFO", "name": "recommendationservice-server", "message": "[Recv ListRecommendations] product_ids=['9SIQT8TOJO', '0PUK6V6EV0', '2ZYFJ3GM2N', '6E92ZMYYFZ', '1YMWWN1N4O']"}
2026-08-21T07:45:58.683726494Z {"timestamp": 1787298358.6834123, "severity": "INFO", "name": "recommendationservice-server", "message": "[Recv ListRecommendations] product_ids=['1YMWWN1N4O', '2ZYFJ3GM2N', 'L9ECAV7KIM', 'LS4PSXUNUM', '9SIQT8TOJO']"}
2026-08-21T07:45:59.379538339Z {"timestamp": 1787298359.3788085, "severity": "INFO", "name": "recommendationservice-server", "message": "[Recv ListRecommendations] product_ids=['9SIQT8TOJO', '1YMWWN1N4O', '0PUK6V6EV0', 'L9ECAV7KIM', '2ZYFJ3GM2N']"}
2026-08-21T07:45:59.753430918Z {"timestamp": 1787298359.7530417, "severity": "INFO", "name": "recommendationservice-server", "message": "[Recv ListRecommendations] product_ids=['66VCHSJNUP', 'OLJCESPC7Z', '9SIQT8TOJO', 'L9ECAV7KIM', '0PUK6V6EV0']"}
2026-08-21T07:45:59.931418642Z {"timestamp": 1787298359.9301665, "severity": "INFO", "name": "recommendationservice-server", "message": "[Recv ListRecommendations] product_ids=['9SIQT8TOJO', '2ZYFJ3GM2N', '1YMWWN1N4O', '6E92ZMYYFZ', '0PUK6V6EV0']"}
2026-08-21T07:46:00.248277509Z {"timestamp": 1787298360.2478938, "severity": "INFO", "name": "recommendationservice-server", "message": "[Recv ListRecommendations] product_ids=['6E92ZMYYFZ', 'L9ECAV7KIM', 'OLJCESPC7Z', '1YMWWN1N4O', 'LS4PSXUNUM']"}
2026-08-21T07:46:00.461325372Z {"timestamp": 1787298360.4601312, "severity": "INFO", "name": "recommendationservice-server", "message": "[Recv ListRecommendations] product_ids=['0PUK6V6EV0', '6E92ZMYYFZ', '2ZYFJ3GM2N', 'OLJCESPC7Z', 'L9ECAV7KIM']"}
2026-08-21T07:46:00.767971725Z {"timestamp": 1787298360.7675424, "severity": "INFO", "name": "recommendationservice-server", "message": "[Recv ListRecommendations] product_ids=['66VCHSJNUP', '1YMWWN1N4O', 'LS4PSXUNUM', 'L9ECAV7KIM', '6E92ZMYYFZ']"}
2026-08-21T07:46:01.794092666Z {"timestamp": 1787298361.7933476, "severity": "INFO", "name": "recommendationservice-server", "message": "[Recv ListRecommendations] product_ids=['1YMWWN1N4O', 'LS4PSXUNUM', '6E92ZMYYFZ', '2ZYFJ3GM2N', '66VCHSJNUP']"}
2026-08-21T07:46:02.209031330Z {"timestamp": 1787298362.208326, "severity": "INFO", "name": "recommendationservice-server", "message": "[Recv ListRecommendations] product_ids=['6E92ZMYYFZ', '9SIQT8TOJO', '1YMWWN1N4O', 'L9ECAV7KIM', 'LS4PSXUNUM']"}
2026-08-21T07:46:02.431101819Z {"timestamp": 1787298362.4305089, "severity": "INFO", "name": "recommendationservice-server", "message": "[Recv ListRecommendations] product_ids=['6E92ZMYYFZ', 'LS4PSXUNUM', '1YMWWN1N4O', '0PUK6V6EV0', 'OLJCESPC7Z']"}
2026-08-21T07:46:02.651947215Z {"timestamp": 1787298362.6503716, "severity": "INFO", "name": "recommendationservice-server", "message": "[Recv ListRecommendations] product_ids=['OLJCESPC7Z', 'LS4PSXUNUM', '6E92ZMYYFZ', '66VCHSJNUP', 'L9ECAV7KIM']"}
2026-08-21T07:46:03.090120051Z {"timestamp": 1787298363.0897093, "severity": "INFO", "name": "recommendationservice-server", "message": "[Recv ListRecommendations] product_ids=['LS4PSXUNUM', 'L9ECAV7KIM', '0PUK6V6EV0', 'OLJCESPC7Z', '9SIQT8TOJO']"}
2026-08-21T07:46:03.406916508Z {"timestamp": 1787298363.405754, "severity": "INFO", "name": "recommendationservice-server", "message": "[Recv ListRecommendations] product_ids=['L9ECAV7KIM', '1YMWWN1N4O', '0PUK6V6EV0', '6E92ZMYYFZ', 'OLJCESPC7Z']"}
2026-08-21T07:46:03.467319652Z {"timestamp": 1787298363.4659715, "severity": "INFO", "name": "recommendationservice-server", "message": "[Recv ListRecommendations] product_ids=['1YMWWN1N4O', 'L9ECAV7KIM', 'LS4PSXUNUM', '9SIQT8TOJO', 'OLJCESPC7Z']"}
2026-08-21T07:46:03.805073721Z {"timestamp": 1787298363.8039768, "severity": "INFO", "name": "recommendationservice-server", "message": "[Recv ListRecommendations] product_ids=['0PUK6V6EV0', '1YMWWN1N4O', '9SIQT8TOJO', 'L9ECAV7KIM']"}
2026-08-21T07:46:04.079873742Z {"timestamp": 1787298364.0786521, "severity": "INFO", "name": "recommendationservice-server", "message": "[Recv ListRecommendations] product_ids=['OLJCESPC7Z', '66VCHSJNUP', '6E92ZMYYFZ', 'L9ECAV7KIM', '2ZYFJ3GM2N']"}
2026-08-21T07:46:04.872865542Z {"timestamp": 1787298364.872048, "severity": "INFO", "name": "recommendationservice-server", "message": "[Recv ListRecommendations] product_ids=['LS4PSXUNUM', '66VCHSJNUP', '6E92ZMYYFZ', '1YMWWN1N4O', '0PUK6V6EV0']"}
2026-08-21T07:46:05.092633768Z {"timestamp": 1787298365.0916052, "severity": "INFO", "name": "recommendationservice-server", "message": "[Recv ListRecommendations] product_ids=['LS4PSXUNUM', '9SIQT8TOJO', '2ZYFJ3GM2N', '66VCHSJNUP', 'OLJCESPC7Z']"}
2026-08-21T07:46:05.728373221Z {"timestamp": 1787298365.7273648, "severity": "INFO", "name": "recommendationservice-server", "message": "[Recv ListRecommendations] product_ids=['LS4PSXUNUM', 'L9ECAV7KIM', '6E92ZMYYFZ', '1YMWWN1N4O', '9SIQT8TOJO']"}
2026-08-21T07:46:07.077365738Z {"timestamp": 1787298367.0760367, "severity": "INFO", "name": "recommendationservice-server", "message": "[Recv ListRecommendations] product_ids=['2ZYFJ3GM2N', '6E92ZMYYFZ', '66VCHSJNUP', 'LS4PSXUNUM', '9SIQT8TOJO']"}
2026-08-21T07:46:07.119352827Z {"timestamp": 1787298367.1184583, "severity": "INFO", "name": "recommendationservice-server", "message": "[Recv ListRecommendations] product_ids=['2ZYFJ3GM2N', '6E92ZMYYFZ', '0PUK6V6EV0', '66VCHSJNUP', '1YMWWN1N4O']"}
2026-08-21T07:46:07.210561558Z {"timestamp": 1787298367.2097611, "severity": "INFO", "name": "recommendationservice-server", "message": "[Recv ListRecommendations] product_ids=['2ZYFJ3GM2N', 'LS4PSXUNUM', '1YMWWN1N4O', 'L9ECAV7KIM', '6E92ZMYYFZ']"}
2026-08-21T07:46:07.454680550Z {"timestamp": 1787298367.4533257, "severity": "INFO", "name": "recommendationservice-server", "message": "[Recv ListRecommendations] product_ids=['6E92ZMYYFZ', '9SIQT8TOJO', '1YMWWN1N4O', '66VCHSJNUP', 'OLJCESPC7Z']"}
2026-08-21T07:46:07.848736529Z {"timestamp": 1787298367.848366, "severity": "INFO", "name": "recommendationservice-server", "message": "[Recv ListRecommendations] product_ids=['L9ECAV7KIM', '1YMWWN1N4O', '0PUK6V6EV0', '9SIQT8TOJO']"}
2026-08-21T07:46:08.013219634Z {"timestamp": 1787298368.012944, "severity": "INFO", "name": "recommendationservice-server", "message": "[Recv ListRecommendations] product_ids=['9SIQT8TOJO', 'OLJCESPC7Z', '2ZYFJ3GM2N', '0PUK6V6EV0', 'LS4PSXUNUM']"}
2026-08-21T07:46:08.320680817Z {"timestamp": 1787298368.3203561, "severity": "INFO", "name": "recommendationservice-server", "message": "[Recv ListRecommendations] product_ids=['0PUK6V6EV0', '6E92ZMYYFZ', '9SIQT8TOJO', '2ZYFJ3GM2N', 'L9ECAV7KIM']"}
2026-08-21T07:46:09.113955198Z {"timestamp": 1787298369.1135824, "severity": "INFO", "name": "recommendationservice-server", "message": "[Recv ListRecommendations] product_ids=['LS4PSXUNUM', '66VCHSJNUP', 'L9ECAV7KIM', '1YMWWN1N4O', '0PUK6V6EV0']"}
2026-08-21T07:46:10.121121755Z {"timestamp": 1787298370.1207342, "severity": "INFO", "name": "recommendationservice-server", "message": "[Recv ListRecommendations] product_ids=['L9ECAV7KIM', '0PUK6V6EV0', '2ZYFJ3GM2N', '9SIQT8TOJO', 'LS4PSXUNUM']"}
2026-08-21T07:46:10.890295996Z {"timestamp": 1787298370.8899815, "severity": "INFO", "name": "recommendationservice-server", "message": "[Recv ListRecommendations] product_ids=['OLJCESPC7Z', 'LS4PSXUNUM', '0PUK6V6EV0', '1YMWWN1N4O', 'L9ECAV7KIM']"}
2026-08-21T07:46:11.205692944Z {"timestamp": 1787298371.2043493, "severity": "INFO", "name": "recommendationservice-server", "message": "[Recv ListRecommendations] product_ids=['OLJCESPC7Z', '6E92ZMYYFZ', '66VCHSJNUP', '1YMWWN1N4O', 'LS4PSXUNUM']"}
2026-08-21T07:46:11.243504968Z {"timestamp": 1787298371.2429056, "severity": "INFO", "name": "recommendationservice-server", "message": "[Recv ListRecommendations] product_ids=['9SIQT8TOJO', 'LS4PSXUNUM', '1YMWWN1N4O', 'L9ECAV7KIM', '2ZYFJ3GM2N']"}
2026-08-21T07:46:11.588559540Z {"timestamp": 1787298371.5873144, "severity": "INFO", "name": "recommendationservice-server", "message": "[Recv ListRecommendations] product_ids=['LS4PSXUNUM', 'L9ECAV7KIM', '6E92ZMYYFZ', 'OLJCESPC7Z', '66VCHSJNUP']"}
2026-08-21T07:46:12.275153025Z {"timestamp": 1787298372.2745104, "severity": "INFO", "name": "recommendationservice-server", "message": "[Recv ListRecommendations] product_ids=['2ZYFJ3GM2N', '9SIQT8TOJO', '66VCHSJNUP', '0PUK6V6EV0', 'OLJCESPC7Z']"}
2026-08-21T07:46:12.809951727Z {"timestamp": 1787298372.8095715, "severity": "INFO", "name": "recommendationservice-server", "message": "[Recv ListRecommendations] product_ids=['0PUK6V6EV0', '1YMWWN1N4O', '66VCHSJNUP', 'L9ECAV7KIM', 'LS4PSXUNUM']"}
2026-08-21T07:46:13.061532608Z {"timestamp": 1787298373.0603037, "severity": "INFO", "name": "recommendationservice-server", "message": "[Recv ListRecommendations] product_ids=['1YMWWN1N4O', '0PUK6V6EV0', '9SIQT8TOJO', 'L9ECAV7KIM']"}
2026-08-21T07:46:13.669591281Z {"timestamp": 1787298373.6680725, "severity": "INFO", "name": "recommendationservice-server", "message": "[Recv ListRecommendations] product_ids=['6E92ZMYYFZ', '2ZYFJ3GM2N', '1YMWWN1N4O', '0PUK6V6EV0', 'L9ECAV7KIM']"}
2026-08-21T07:46:14.541610921Z {"timestamp": 1787298374.5399828, "severity": "INFO", "name": "recommendationservice-server", "message": "[Recv ListRecommendations] product_ids=['L9ECAV7KIM', '66VCHSJNUP', '1YMWWN1N4O', 'OLJCESPC7Z', '9SIQT8TOJO']"}
2026-08-21T07:46:14.964606684Z {"timestamp": 1787298374.9636712, "severity": "INFO", "name": "recommendationservice-server", "message": "[Recv ListRecommendations] product_ids=['OLJCESPC7Z', 'LS4PSXUNUM', '2ZYFJ3GM2N', 'L9ECAV7KIM', '0PUK6V6EV0']"}
2026-08-21T07:46:15.049417730Z {"timestamp": 1787298375.0484078, "severity": "INFO", "name": "recommendationservice-server", "message": "[Recv ListRecommendations] product_ids=['OLJCESPC7Z', 'LS4PSXUNUM', 'L9ECAV7KIM', '0PUK6V6EV0', '2ZYFJ3GM2N']"}
2026-08-21T07:46:15.826060279Z {"timestamp": 1787298375.8249898, "severity": "INFO", "name": "recommendationservice-server", "message": "[Recv ListRecommendations] product_ids=['LS4PSXUNUM', 'L9ECAV7KIM', '2ZYFJ3GM2N', '9SIQT8TOJO', '66VCHSJNUP']"}
2026-08-21T07:46:16.666959992Z {"timestamp": 1787298376.6654992, "severity": "INFO", "name": "recommendationservice-server", "message": "[Recv ListRecommendations] product_ids=['66VCHSJNUP', '6E92ZMYYFZ', 'L9ECAV7KIM', 'LS4PSXUNUM', '9SIQT8TOJO']"}
2026-08-21T07:46:16.760405317Z {"timestamp": 1787298376.7599087, "severity": "INFO", "name": "recommendationservice-server", "message": "[Recv ListRecommendations] product_ids=['1YMWWN1N4O', '2ZYFJ3GM2N', 'LS4PSXUNUM', '6E92ZMYYFZ', '0PUK6V6EV0']"}
2026-08-21T07:46:16.930505987Z {"timestamp": 1787298376.9295156, "severity": "INFO", "name": "recommendationservice-server", "message": "[Recv ListRecommendations] product_ids=['1YMWWN1N4O', 'OLJCESPC7Z', '0PUK6V6EV0', '2ZYFJ3GM2N', '6E92ZMYYFZ']"}
2026-08-21T07:46:17.300212838Z {"timestamp": 1787298377.2994468, "severity": "INFO", "name": "recommendationservice-server", "message": "[Recv ListRecommendations] product_ids=['6E92ZMYYFZ', '2ZYFJ3GM2N', '66VCHSJNUP', '0PUK6V6EV0', '9SIQT8TOJO']"}
2026-08-21T07:46:18.913957193Z {"timestamp": 1787298378.9135048, "severity": "INFO", "name": "recommendationservice-server", "message": "[Recv ListRecommendations] product_ids=['9SIQT8TOJO', '0PUK6V6EV0', '6E92ZMYYFZ', '2ZYFJ3GM2N', 'LS4PSXUNUM']"}
2026-08-21T07:46:19.498969034Z {"timestamp": 1787298379.4986467, "severity": "INFO", "name": "recommendationservice-server", "message": "[Recv ListRecommendations] product_ids=['6E92ZMYYFZ', '2ZYFJ3GM2N', 'LS4PSXUNUM', '0PUK6V6EV0', '9SIQT8TOJO']"}
2026-08-21T07:46:19.858158905Z {"timestamp": 1787298379.857648, "severity": "INFO", "name": "recommendationservice-server", "message": "[Recv ListRecommendations] product_ids=['OLJCESPC7Z', '9SIQT8TOJO', '66VCHSJNUP', '6E92ZMYYFZ', '0PUK6V6EV0']"}
2026-08-21T07:46:20.535976870Z {"timestamp": 1787298380.5356834, "severity": "INFO", "name": "recommendationservice-server", "message": "[Recv ListRecommendations] product_ids=['9SIQT8TOJO', '1YMWWN1N4O', 'LS4PSXUNUM', '2ZYFJ3GM2N', '0PUK6V6EV0']"}
2026-08-21T07:46:21.167896003Z {"timestamp": 1787298381.1674976, "severity": "INFO", "name": "recommendationservice-server", "message": "[Recv ListRecommendations] product_ids=['LS4PSXUNUM', 'OLJCESPC7Z', 'L9ECAV7KIM', '6E92ZMYYFZ', '9SIQT8TOJO']"}
2026-08-21T07:46:21.300485080Z {"timestamp": 1787298381.299932, "severity": "INFO", "name": "recommendationservice-server", "message": "[Recv ListRecommendations] product_ids=['OLJCESPC7Z', '1YMWWN1N4O', '2ZYFJ3GM2N', '0PUK6V6EV0', '6E92ZMYYFZ']"}
2026-08-21T07:46:21.707939261Z {"timestamp": 1787298381.7070057, "severity": "INFO", "name": "recommendationservice-server", "message": "[Recv ListRecommendations] product_ids=['1YMWWN1N4O', '6E92ZMYYFZ', '0PUK6V6EV0', 'LS4PSXUNUM', '9SIQT8TOJO']"}
2026-08-21T07:46:24.038991017Z {"timestamp": 1787298384.0374312, "severity": "INFO", "name": "recommendationservice-server", "message": "[Recv ListRecommendations] product_ids=['2ZYFJ3GM2N', 'OLJCESPC7Z', '0PUK6V6EV0', 'LS4PSXUNUM', 'L9ECAV7KIM']"}
2026-08-21T07:46:24.814445476Z {"timestamp": 1787298384.813244, "severity": "INFO", "name": "recommendationservice-server", "message": "[Recv ListRecommendations] product_ids=['6E92ZMYYFZ', '2ZYFJ3GM2N', '66VCHSJNUP', 'LS4PSXUNUM', 'L9ECAV7KIM']"}
2026-08-21T07:46:24.983427414Z {"timestamp": 1787298384.9828753, "severity": "INFO", "name": "recommendationservice-server", "message": "[Recv ListRecommendations] product_ids=['0PUK6V6EV0', 'LS4PSXUNUM', 'OLJCESPC7Z', 'L9ECAV7KIM', '6E92ZMYYFZ']"}
2026-08-21T07:46:25.098234448Z {"timestamp": 1787298385.097764, "severity": "INFO", "name": "recommendationservice-server", "message": "[Recv ListRecommendations] product_ids=['1YMWWN1N4O', '2ZYFJ3GM2N', '9SIQT8TOJO', '0PUK6V6EV0', 'L9ECAV7KIM']"}
2026-08-21T07:46:25.762072780Z {"timestamp": 1787298385.7616184, "severity": "INFO", "name": "recommendationservice-server", "message": "[Recv ListRecommendations] product_ids=['OLJCESPC7Z', '1YMWWN1N4O', '66VCHSJNUP', '2ZYFJ3GM2N', '6E92ZMYYFZ']"}
2026-08-21T07:46:26.112001357Z {"timestamp": 1787298386.1115422, "severity": "INFO", "name": "recommendationservice-server", "message": "[Recv ListRecommendations] product_ids=['2ZYFJ3GM2N', '9SIQT8TOJO', 'OLJCESPC7Z', 'L9ECAV7KIM', '6E92ZMYYFZ']"}
2026-08-21T07:46:26.535049246Z {"timestamp": 1787298386.5342555, "severity": "INFO", "name": "recommendationservice-server", "message": "[Recv ListRecommendations] product_ids=['66VCHSJNUP', '0PUK6V6EV0', 'L9ECAV7KIM', 'OLJCESPC7Z', '6E92ZMYYFZ']"}
2026-08-21T07:46:27.498674091Z {"timestamp": 1787298387.4981284, "severity": "INFO", "name": "recommendationservice-server", "message": "[Recv ListRecommendations] product_ids=['OLJCESPC7Z', '6E92ZMYYFZ', '2ZYFJ3GM2N', 'L9ECAV7KIM', '1YMWWN1N4O']"}
2026-08-21T07:46:27.780318822Z {"timestamp": 1787298387.7800107, "severity": "INFO", "name": "recommendationservice-server", "message": "[Recv ListRecommendations] product_ids=['L9ECAV7KIM', '0PUK6V6EV0', '66VCHSJNUP', '6E92ZMYYFZ', 'OLJCESPC7Z']"}
2026-08-21T07:46:28.624988174Z {"timestamp": 1787298388.623651, "severity": "INFO", "name": "recommendationservice-server", "message": "[Recv ListRecommendations] product_ids=['LS4PSXUNUM', '66VCHSJNUP', '1YMWWN1N4O', '2ZYFJ3GM2N', 'L9ECAV7KIM']"}
2026-08-21T07:46:28.706355397Z {"timestamp": 1787298388.7053688, "severity": "INFO", "name": "recommendationservice-server", "message": "[Recv ListRecommendations] product_ids=['9SIQT8TOJO', '2ZYFJ3GM2N', '66VCHSJNUP', 'OLJCESPC7Z', '1YMWWN1N4O']"}
2026-08-21T07:46:29.007610143Z {"timestamp": 1787298389.0062964, "severity": "INFO", "name": "recommendationservice-server", "message": "[Recv ListRecommendations] product_ids=['1YMWWN1N4O', '9SIQT8TOJO', 'L9ECAV7KIM', '0PUK6V6EV0']"}
2026-08-21T07:46:29.051909378Z {"timestamp": 1787298389.0514488, "severity": "INFO", "name": "recommendationservice-server", "message": "[Recv ListRecommendations] product_ids=['0PUK6V6EV0', '9SIQT8TOJO', 'LS4PSXUNUM', '6E92ZMYYFZ', '2ZYFJ3GM2N']"}
2026-08-21T07:46:29.341158317Z {"timestamp": 1787298389.339723, "severity": "INFO", "name": "recommendationservice-server", "message": "[Recv ListRecommendations] product_ids=['9SIQT8TOJO', '0PUK6V6EV0', '6E92ZMYYFZ', '1YMWWN1N4O', 'L9ECAV7KIM']"}
2026-08-21T07:46:29.787046234Z {"timestamp": 1787298389.786561, "severity": "INFO", "name": "recommendationservice-server", "message": "[Recv ListRecommendations] product_ids=['9SIQT8TOJO', 'OLJCESPC7Z', 'LS4PSXUNUM', '0PUK6V6EV0', '1YMWWN1N4O']"}
2026-08-21T07:46:29.941347840Z {"timestamp": 1787298389.9408834, "severity": "INFO", "name": "recommendationservice-server", "message": "[Recv ListRecommendations] product_ids=['0PUK6V6EV0', '6E92ZMYYFZ', '66VCHSJNUP', '2ZYFJ3GM2N', 'L9ECAV7KIM']"}
2026-08-21T07:46:30.218737296Z {"timestamp": 1787298390.2179823, "severity": "INFO", "name": "recommendationservice-server", "message": "[Recv ListRecommendations] product_ids=['66VCHSJNUP', 'LS4PSXUNUM', '1YMWWN1N4O', '0PUK6V6EV0', '9SIQT8TOJO']"}
2026-08-21T07:46:31.399581629Z {"timestamp": 1787298391.3986292, "severity": "INFO", "name": "recommendationservice-server", "message": "[Recv ListRecommendations] product_ids=['0PUK6V6EV0', '66VCHSJNUP', '2ZYFJ3GM2N', 'LS4PSXUNUM', '9SIQT8TOJO']"}
2026-08-21T07:46:31.722390723Z {"timestamp": 1787298391.7213633, "severity": "INFO", "name": "recommendationservice-server", "message": "[Recv ListRecommendations] product_ids=['0PUK6V6EV0', 'L9ECAV7KIM', 'OLJCESPC7Z', '66VCHSJNUP', 'LS4PSXUNUM']"}
2026-08-21T07:46:31.757907424Z {"timestamp": 1787298391.7570426, "severity": "INFO", "name": "recommendationservice-server", "message": "[Recv ListRecommendations] product_ids=['0PUK6V6EV0', '6E92ZMYYFZ', '2ZYFJ3GM2N', 'OLJCESPC7Z', 'LS4PSXUNUM']"}
2026-08-21T07:46:31.864853987Z {"timestamp": 1787298391.8632627, "severity": "INFO", "name": "recommendationservice-server", "message": "[Recv ListRecommendations] product_ids=['0PUK6V6EV0', 'L9ECAV7KIM', 'OLJCESPC7Z', 'LS4PSXUNUM', '9SIQT8TOJO']"}
2026-08-21T07:46:32.019430526Z {"timestamp": 1787298392.018474, "severity": "INFO", "name": "recommendationservice-server", "message": "[Recv ListRecommendations] product_ids=['66VCHSJNUP', '9SIQT8TOJO', '6E92ZMYYFZ', '1YMWWN1N4O', '0PUK6V6EV0']"}
2026-08-21T07:46:32.140248537Z {"timestamp": 1787298392.1389973, "severity": "INFO", "name": "recommendationservice-server", "message": "[Recv ListRecommendations] product_ids=['2ZYFJ3GM2N', '1YMWWN1N4O', '9SIQT8TOJO', '66VCHSJNUP', 'L9ECAV7KIM']"}
2026-08-21T07:46:32.455222018Z {"timestamp": 1787298392.4546096, "severity": "INFO", "name": "recommendationservice-server", "message": "[Recv ListRecommendations] product_ids=['1YMWWN1N4O', 'OLJCESPC7Z', '66VCHSJNUP', 'L9ECAV7KIM', '0PUK6V6EV0']"}
2026-08-21T07:46:32.517138507Z {"timestamp": 1787298392.5169182, "severity": "INFO", "name": "recommendationservice-server", "message": "[Recv ListRecommendations] product_ids=['L9ECAV7KIM', '6E92ZMYYFZ', '9SIQT8TOJO', '1YMWWN1N4O', '2ZYFJ3GM2N']"}
2026-08-21T07:46:34.158581919Z {"timestamp": 1787298394.1575222, "severity": "INFO", "name": "recommendationservice-server", "message": "[Recv ListRecommendations] product_ids=['L9ECAV7KIM', '66VCHSJNUP', 'OLJCESPC7Z', 'LS4PSXUNUM']"}
2026-08-21T07:46:34.783835953Z {"timestamp": 1787298394.7822816, "severity": "INFO", "name": "recommendationservice-server", "message": "[Recv ListRecommendations] product_ids=['66VCHSJNUP', 'OLJCESPC7Z', '0PUK6V6EV0', 'L9ECAV7KIM', '9SIQT8TOJO']"}
2026-08-21T07:46:35.044221179Z {"timestamp": 1787298395.0435722, "severity": "INFO", "name": "recommendationservice-server", "message": "[Recv ListRecommendations] product_ids=['6E92ZMYYFZ', '2ZYFJ3GM2N', 'OLJCESPC7Z', 'L9ECAV7KIM', '9SIQT8TOJO']"}
2026-08-21T07:46:35.615188506Z {"timestamp": 1787298395.614644, "severity": "INFO", "name": "recommendationservice-server", "message": "[Recv ListRecommendations] product_ids=['LS4PSXUNUM', '9SIQT8TOJO', '2ZYFJ3GM2N', '6E92ZMYYFZ', '0PUK6V6EV0']"}
2026-08-21T07:46:35.782029245Z {"timestamp": 1787298395.7817967, "severity": "INFO", "name": "recommendationservice-server", "message": "[Recv ListRecommendations] product_ids=['LS4PSXUNUM', '2ZYFJ3GM2N', '9SIQT8TOJO', '0PUK6V6EV0', '1YMWWN1N4O']"}
2026-08-21T07:46:35.888897895Z {"timestamp": 1787298395.888518, "severity": "INFO", "name": "recommendationservice-server", "message": "[Recv ListRecommendations] product_ids=['0PUK6V6EV0', '2ZYFJ3GM2N', '66VCHSJNUP', '9SIQT8TOJO', '1YMWWN1N4O']"}
2026-08-21T07:46:36.214345298Z {"timestamp": 1787298396.2138145, "severity": "INFO", "name": "recommendationservice-server", "message": "[Recv ListRecommendations] product_ids=['6E92ZMYYFZ', 'OLJCESPC7Z', '9SIQT8TOJO', '66VCHSJNUP', '0PUK6V6EV0']"}
2026-08-21T07:46:36.389735761Z {"timestamp": 1787298396.38908, "severity": "INFO", "name": "recommendationservice-server", "message": "[Recv ListRecommendations] product_ids=['OLJCESPC7Z', 'L9ECAV7KIM', '1YMWWN1N4O', '0PUK6V6EV0', 'LS4PSXUNUM']"}
2026-08-21T07:46:36.644105155Z {"timestamp": 1787298396.6435907, "severity": "INFO", "name": "recommendationservice-server", "message": "[Recv ListRecommendations] product_ids=['9SIQT8TOJO', '66VCHSJNUP', '6E92ZMYYFZ', 'OLJCESPC7Z', 'L9ECAV7KIM']"}
2026-08-21T07:46:36.990132445Z {"timestamp": 1787298396.9887278, "severity": "INFO", "name": "recommendationservice-server", "message": "[Recv ListRecommendations] product_ids=['0PUK6V6EV0', 'OLJCESPC7Z', '6E92ZMYYFZ', 'LS4PSXUNUM', '1YMWWN1N4O']"}
2026-08-21T07:46:37.162465434Z {"timestamp": 1787298397.1616495, "severity": "INFO", "name": "recommendationservice-server", "message": "[Recv ListRecommendations] product_ids=['6E92ZMYYFZ', 'OLJCESPC7Z', 'L9ECAV7KIM', '0PUK6V6EV0', '66VCHSJNUP']"}
2026-08-21T07:46:37.850593006Z {"timestamp": 1787298397.846692, "severity": "INFO", "name": "recommendationservice-server", "message": "[Recv ListRecommendations] product_ids=['0PUK6V6EV0', '6E92ZMYYFZ', '9SIQT8TOJO', '66VCHSJNUP', '1YMWWN1N4O']"}
2026-08-21T07:46:37.955499253Z {"timestamp": 1787298397.955217, "severity": "INFO", "name": "recommendationservice-server", "message": "[Recv ListRecommendations] product_ids=['0PUK6V6EV0', 'L9ECAV7KIM', '6E92ZMYYFZ', '2ZYFJ3GM2N', '9SIQT8TOJO']"}
2026-08-21T07:46:38.497430182Z {"timestamp": 1787298398.4966733, "severity": "INFO", "name": "recommendationservice-server", "message": "[Recv ListRecommendations] product_ids=['LS4PSXUNUM', 'OLJCESPC7Z', 'L9ECAV7KIM', '0PUK6V6EV0', '1YMWWN1N4O']"}
2026-08-21T07:46:39.984799313Z {"timestamp": 1787298399.9843054, "severity": "INFO", "name": "recommendationservice-server", "message": "[Recv ListRecommendations] product_ids=['OLJCESPC7Z', '1YMWWN1N4O', '9SIQT8TOJO', 'LS4PSXUNUM', '0PUK6V6EV0']"}
2026-08-21T07:46:40.752029464Z {"timestamp": 1787298400.751397, "severity": "INFO", "name": "recommendationservice-server", "message": "[Recv ListRecommendations] product_ids=['OLJCESPC7Z', '9SIQT8TOJO', '2ZYFJ3GM2N', 'L9ECAV7KIM', '66VCHSJNUP']"}
2026-08-21T07:46:41.336177251Z {"timestamp": 1787298401.3356628, "severity": "INFO", "name": "recommendationservice-server", "message": "[Recv ListRecommendations] product_ids=['6E92ZMYYFZ', '9SIQT8TOJO', 'L9ECAV7KIM', 'OLJCESPC7Z', '2ZYFJ3GM2N']"}
2026-08-21T07:46:41.534826011Z {"timestamp": 1787298401.5344126, "severity": "INFO", "name": "recommendationservice-server", "message": "[Recv ListRecommendations] product_ids=['2ZYFJ3GM2N', '1YMWWN1N4O', '6E92ZMYYFZ', '0PUK6V6EV0', '9SIQT8TOJO']"}
2026-08-21T07:46:41.717297577Z {"timestamp": 1787298401.7168944, "severity": "INFO", "name": "recommendationservice-server", "message": "[Recv ListRecommendations] product_ids=['0PUK6V6EV0', '9SIQT8TOJO', 'LS4PSXUNUM', 'OLJCESPC7Z', '1YMWWN1N4O']"}
2026-08-21T07:46:41.787289402Z {"timestamp": 1787298401.786959, "severity": "INFO", "name": "recommendationservice-server", "message": "[Recv ListRecommendations] product_ids=['1YMWWN1N4O', 'L9ECAV7KIM', '2ZYFJ3GM2N', '6E92ZMYYFZ', '0PUK6V6EV0']"}
2026-08-21T07:46:42.144768036Z {"timestamp": 1787298402.1444678, "severity": "INFO", "name": "recommendationservice-server", "message": "[Recv ListRecommendations] product_ids=['66VCHSJNUP', 'OLJCESPC7Z', 'L9ECAV7KIM', '1YMWWN1N4O', '0PUK6V6EV0']"}
2026-08-21T07:46:42.849458156Z {"timestamp": 1787298402.846446, "severity": "INFO", "name": "recommendationservice-server", "message": "[Recv ListRecommendations] product_ids=['66VCHSJNUP', '2ZYFJ3GM2N', 'LS4PSXUNUM', '1YMWWN1N4O', 'L9ECAV7KIM']"}
2026-08-21T07:46:42.907849921Z {"timestamp": 1787298402.9074578, "severity": "INFO", "name": "recommendationservice-server", "message": "[Recv ListRecommendations] product_ids=['1YMWWN1N4O', '0PUK6V6EV0', 'L9ECAV7KIM']"}
2026-08-21T07:46:43.285640313Z {"timestamp": 1787298403.284342, "severity": "INFO", "name": "recommendationservice-server", "message": "[Recv ListRecommendations] product_ids=['1YMWWN1N4O', '6E92ZMYYFZ', '66VCHSJNUP', 'OLJCESPC7Z', '9SIQT8TOJO']"}
2026-08-21T07:46:43.331099604Z {"timestamp": 1787298403.3305948, "severity": "INFO", "name": "recommendationservice-server", "message": "[Recv ListRecommendations] product_ids=['LS4PSXUNUM', 'OLJCESPC7Z', '66VCHSJNUP', '9SIQT8TOJO', 'L9ECAV7KIM']"}
2026-08-21T07:46:44.770772503Z {"timestamp": 1787298404.7703383, "severity": "INFO", "name": "recommendationservice-server", "message": "[Recv ListRecommendations] product_ids=['66VCHSJNUP', 'OLJCESPC7Z', '0PUK6V6EV0', '6E92ZMYYFZ', '2ZYFJ3GM2N']"}
2026-08-21T07:46:45.104098363Z {"timestamp": 1787298405.103731, "severity": "INFO", "name": "recommendationservice-server", "message": "[Recv ListRecommendations] product_ids=['0PUK6V6EV0', 'OLJCESPC7Z', '1YMWWN1N4O', 'LS4PSXUNUM', 'L9ECAV7KIM']"}
2026-08-21T07:46:45.180431906Z {"timestamp": 1787298405.1795633, "severity": "INFO", "name": "recommendationservice-server", "message": "[Recv ListRecommendations] product_ids=['6E92ZMYYFZ', '1YMWWN1N4O', '9SIQT8TOJO', 'L9ECAV7KIM', 'LS4PSXUNUM']"}
2026-08-21T07:46:46.131650765Z {"timestamp": 1787298406.1312196, "severity": "INFO", "name": "recommendationservice-server", "message": "[Recv ListRecommendations] product_ids=['9SIQT8TOJO', 'L9ECAV7KIM', 'LS4PSXUNUM', '2ZYFJ3GM2N', '6E92ZMYYFZ']"}
2026-08-21T07:46:46.254386950Z {"timestamp": 1787298406.253893, "severity": "INFO", "name": "recommendationservice-server", "message": "[Recv ListRecommendations] product_ids=['1YMWWN1N4O', 'LS4PSXUNUM', '2ZYFJ3GM2N', '0PUK6V6EV0', '66VCHSJNUP']"}
2026-08-21T07:46:46.897861179Z {"timestamp": 1787298406.8972847, "severity": "INFO", "name": "recommendationservice-server", "message": "[Recv ListRecommendations] product_ids=['9SIQT8TOJO', 'LS4PSXUNUM', '0PUK6V6EV0', '66VCHSJNUP', 'OLJCESPC7Z']"}
2026-08-21T07:46:48.420205323Z {"timestamp": 1787298408.4197612, "severity": "INFO", "name": "recommendationservice-server", "message": "[Recv ListRecommendations] product_ids=['9SIQT8TOJO', '6E92ZMYYFZ', '1YMWWN1N4O', '2ZYFJ3GM2N', 'LS4PSXUNUM']"}
2026-08-21T07:46:49.204105749Z {"timestamp": 1787298409.203338, "severity": "INFO", "name": "recommendationservice-server", "message": "[Recv ListRecommendations] product_ids=['OLJCESPC7Z', '6E92ZMYYFZ', '2ZYFJ3GM2N', '66VCHSJNUP', 'LS4PSXUNUM']"}
2026-08-21T07:46:49.518309763Z {"timestamp": 1787298409.5173378, "severity": "INFO", "name": "recommendationservice-server", "message": "[Recv ListRecommendations] product_ids=['1YMWWN1N4O', 'OLJCESPC7Z', 'L9ECAV7KIM', '66VCHSJNUP', 'LS4PSXUNUM']"}
2026-08-21T07:46:49.536936157Z {"timestamp": 1787298409.5360074, "severity": "INFO", "name": "recommendationservice-server", "message": "[Recv ListRecommendations] product_ids=['1YMWWN1N4O', 'L9ECAV7KIM', 'LS4PSXUNUM', 'OLJCESPC7Z', '66VCHSJNUP']"}
2026-08-21T07:46:49.735674608Z {"timestamp": 1787298409.7349386, "severity": "INFO", "name": "recommendationservice-server", "message": "[Recv ListRecommendations] product_ids=['1YMWWN1N4O', '9SIQT8TOJO', 'OLJCESPC7Z', '0PUK6V6EV0', '6E92ZMYYFZ']"}
2026-08-21T07:46:50.364576615Z {"timestamp": 1787298410.364062, "severity": "INFO", "name": "recommendationservice-server", "message": "[Recv ListRecommendations] product_ids=['L9ECAV7KIM', 'LS4PSXUNUM', '66VCHSJNUP', '1YMWWN1N4O', '0PUK6V6EV0']"}
2026-08-21T07:46:50.379314085Z {"timestamp": 1787298410.3789072, "severity": "INFO", "name": "recommendationservice-server", "message": "[Recv ListRecommendations] product_ids=['OLJCESPC7Z', '6E92ZMYYFZ', '66VCHSJNUP', '2ZYFJ3GM2N', 'LS4PSXUNUM']"}
2026-08-21T07:46:50.465314711Z {"timestamp": 1787298410.4649234, "severity": "INFO", "name": "recommendationservice-server", "message": "[Recv ListRecommendations] product_ids=['LS4PSXUNUM', '9SIQT8TOJO', '66VCHSJNUP', 'OLJCESPC7Z', '2ZYFJ3GM2N']"}
2026-08-21T07:46:51.081261735Z {"timestamp": 1787298411.0801215, "severity": "INFO", "name": "recommendationservice-server", "message": "[Recv ListRecommendations] product_ids=['0PUK6V6EV0', 'LS4PSXUNUM', '2ZYFJ3GM2N', '66VCHSJNUP', 'OLJCESPC7Z']"}
2026-08-21T07:46:51.238937785Z {"timestamp": 1787298411.2384636, "severity": "INFO", "name": "recommendationservice-server", "message": "[Recv ListRecommendations] product_ids=['LS4PSXUNUM', 'L9ECAV7KIM', '66VCHSJNUP', '0PUK6V6EV0', '6E92ZMYYFZ']"}
2026-08-21T07:46:52.129083292Z {"timestamp": 1787298412.1286778, "severity": "INFO", "name": "recommendationservice-server", "message": "[Recv ListRecommendations] product_ids=['OLJCESPC7Z', '66VCHSJNUP', '0PUK6V6EV0', '2ZYFJ3GM2N', 'L9ECAV7KIM']"}
2026-08-21T07:46:54.011996704Z {"timestamp": 1787298414.0116267, "severity": "INFO", "name": "recommendationservice-server", "message": "[Recv ListRecommendations] product_ids=['L9ECAV7KIM', 'OLJCESPC7Z', '2ZYFJ3GM2N', '0PUK6V6EV0', '1YMWWN1N4O']"}
2026-08-21T07:46:54.131085349Z {"timestamp": 1787298414.1304789, "severity": "INFO", "name": "recommendationservice-server", "message": "[Recv ListRecommendations] product_ids=['1YMWWN1N4O', 'L9ECAV7KIM', '0PUK6V6EV0', '6E92ZMYYFZ', 'OLJCESPC7Z']"}
2026-08-21T07:46:54.449867399Z {"timestamp": 1787298414.4494112, "severity": "INFO", "name": "recommendationservice-server", "message": "[Recv ListRecommendations] product_ids=['9SIQT8TOJO', '66VCHSJNUP', '6E92ZMYYFZ', 'L9ECAV7KIM', '2ZYFJ3GM2N']"}
2026-08-21T07:46:54.916338974Z {"timestamp": 1787298414.9159086, "severity": "INFO", "name": "recommendationservice-server", "message": "[Recv ListRecommendations] product_ids=['9SIQT8TOJO', '6E92ZMYYFZ', '0PUK6V6EV0', '2ZYFJ3GM2N', '1YMWWN1N4O']"}
2026-08-21T07:46:55.059418696Z {"timestamp": 1787298415.0589113, "severity": "INFO", "name": "recommendationservice-server", "message": "[Recv ListRecommendations] product_ids=['OLJCESPC7Z', '6E92ZMYYFZ', '1YMWWN1N4O', '0PUK6V6EV0', '2ZYFJ3GM2N']"}
2026-08-21T07:46:55.133231169Z {"timestamp": 1787298415.1328895, "severity": "INFO", "name": "recommendationservice-server", "message": "[Recv ListRecommendations] product_ids=['L9ECAV7KIM', '9SIQT8TOJO', '6E92ZMYYFZ', '66VCHSJNUP', '0PUK6V6EV0']"}
2026-08-21T07:46:55.220198841Z {"timestamp": 1787298415.21986, "severity": "INFO", "name": "recommendationservice-server", "message": "[Recv ListRecommendations] product_ids=['66VCHSJNUP', '9SIQT8TOJO', '0PUK6V6EV0', '2ZYFJ3GM2N', '6E92ZMYYFZ']"}
2026-08-21T07:46:56.126582913Z {"timestamp": 1787298416.1260862, "severity": "INFO", "name": "recommendationservice-server", "message": "[Recv ListRecommendations] product_ids=['1YMWWN1N4O', 'L9ECAV7KIM', '6E92ZMYYFZ', '0PUK6V6EV0', 'OLJCESPC7Z']"}
2026-08-21T07:46:57.009899606Z {"timestamp": 1787298417.0091398, "severity": "INFO", "name": "recommendationservice-server", "message": "[Recv ListRecommendations] product_ids=['0PUK6V6EV0', 'LS4PSXUNUM', 'L9ECAV7KIM', '66VCHSJNUP', '2ZYFJ3GM2N']"}
2026-08-21T07:46:57.658203713Z {"timestamp": 1787298417.6576862, "severity": "INFO", "name": "recommendationservice-server", "message": "[Recv ListRecommendations] product_ids=['6E92ZMYYFZ', 'LS4PSXUNUM', '0PUK6V6EV0', '9SIQT8TOJO', 'OLJCESPC7Z']"}
2026-08-21T07:46:57.801002791Z {"timestamp": 1787298417.8004162, "severity": "INFO", "name": "recommendationservice-server", "message": "[Recv ListRecommendations] product_ids=['LS4PSXUNUM', 'L9ECAV7KIM', '6E92ZMYYFZ', '9SIQT8TOJO', '1YMWWN1N4O']"}
2026-08-21T07:46:57.986325050Z {"timestamp": 1787298417.9852645, "severity": "INFO", "name": "recommendationservice-server", "message": "[Recv ListRecommendations] product_ids=['L9ECAV7KIM', '0PUK6V6EV0', '1YMWWN1N4O', 'OLJCESPC7Z', 'LS4PSXUNUM']"}
2026-08-21T07:46:58.060040508Z {"timestamp": 1787298418.059142, "severity": "INFO", "name": "recommendationservice-server", "message": "[Recv ListRecommendations] product_ids=['6E92ZMYYFZ', '2ZYFJ3GM2N', 'LS4PSXUNUM', '1YMWWN1N4O', 'OLJCESPC7Z']"}
2026-08-21T07:46:58.981183034Z {"timestamp": 1787298418.9807243, "severity": "INFO", "name": "recommendationservice-server", "message": "[Recv ListRecommendations] product_ids=['L9ECAV7KIM', '2ZYFJ3GM2N', '0PUK6V6EV0', '66VCHSJNUP', '9SIQT8TOJO']"}
2026-08-21T07:46:59.678202312Z {"timestamp": 1787298419.6770895, "severity": "INFO", "name": "recommendationservice-server", "message": "[Recv ListRecommendations] product_ids=['66VCHSJNUP', '2ZYFJ3GM2N', 'LS4PSXUNUM', '9SIQT8TOJO', '6E92ZMYYFZ']"}
2026-08-21T07:46:59.751734641Z {"timestamp": 1787298419.751139, "severity": "INFO", "name": "recommendationservice-server", "message": "[Recv ListRecommendations] product_ids=['L9ECAV7KIM', '6E92ZMYYFZ', '0PUK6V6EV0', '1YMWWN1N4O', 'OLJCESPC7Z']"}
2026-08-21T07:47:00.353729162Z {"timestamp": 1787298420.3526452, "severity": "INFO", "name": "recommendationservice-server", "message": "[Recv ListRecommendations] product_ids=['0PUK6V6EV0', 'L9ECAV7KIM', 'LS4PSXUNUM', '6E92ZMYYFZ', '66VCHSJNUP']"}
2026-08-21T07:47:00.553862284Z {"timestamp": 1787298420.5522244, "severity": "INFO", "name": "recommendationservice-server", "message": "[Recv ListRecommendations] product_ids=['0PUK6V6EV0', 'L9ECAV7KIM', '9SIQT8TOJO', '1YMWWN1N4O', '6E92ZMYYFZ']"}
2026-08-21T07:47:00.864023556Z {"timestamp": 1787298420.863731, "severity": "INFO", "name": "recommendationservice-server", "message": "[Recv ListRecommendations] product_ids=['9SIQT8TOJO', '0PUK6V6EV0', '66VCHSJNUP', 'LS4PSXUNUM', '6E92ZMYYFZ']"}
2026-08-21T07:47:00.864863790Z {"timestamp": 1787298420.8646424, "severity": "INFO", "name": "recommendationservice-server", "message": "[Recv ListRecommendations] product_ids=['L9ECAV7KIM', '9SIQT8TOJO', '0PUK6V6EV0', '1YMWWN1N4O', 'LS4PSXUNUM']"}
2026-08-21T07:47:01.941187897Z {"timestamp": 1787298421.9409015, "severity": "INFO", "name": "recommendationservice-server", "message": "[Recv ListRecommendations] product_ids=['LS4PSXUNUM', '6E92ZMYYFZ', '2ZYFJ3GM2N', '9SIQT8TOJO', 'L9ECAV7KIM']"}
2026-08-21T07:47:02.546679875Z {"timestamp": 1787298422.5461943, "severity": "INFO", "name": "recommendationservice-server", "message": "[Recv ListRecommendations] product_ids=['6E92ZMYYFZ', 'OLJCESPC7Z', '1YMWWN1N4O', 'L9ECAV7KIM', '9SIQT8TOJO']"}
2026-08-21T07:47:02.677369883Z {"timestamp": 1787298422.6769252, "severity": "INFO", "name": "recommendationservice-server", "message": "[Recv ListRecommendations] product_ids=['66VCHSJNUP', 'LS4PSXUNUM', '9SIQT8TOJO', '6E92ZMYYFZ', 'L9ECAV7KIM']"}
2026-08-21T07:47:02.901674350Z {"timestamp": 1787298422.901313, "severity": "INFO", "name": "recommendationservice-server", "message": "[Recv ListRecommendations] product_ids=['LS4PSXUNUM', 'L9ECAV7KIM', '1YMWWN1N4O', '9SIQT8TOJO', '66VCHSJNUP']"}
2026-08-21T07:47:03.108513159Z {"timestamp": 1787298423.1082501, "severity": "INFO", "name": "recommendationservice-server", "message": "[Recv ListRecommendations] product_ids=['2ZYFJ3GM2N', 'LS4PSXUNUM', 'OLJCESPC7Z', '1YMWWN1N4O', '0PUK6V6EV0']"}
2026-08-21T07:47:03.670278575Z {"timestamp": 1787298423.6699636, "severity": "INFO", "name": "recommendationservice-server", "message": "[Recv ListRecommendations] product_ids=['LS4PSXUNUM', '1YMWWN1N4O', 'L9ECAV7KIM', '0PUK6V6EV0']"}
2026-08-21T07:47:04.781842154Z {"timestamp": 1787298424.7806408, "severity": "INFO", "name": "recommendationservice-server", "message": "[Recv ListRecommendations] product_ids=['6E92ZMYYFZ', '66VCHSJNUP', 'L9ECAV7KIM', '1YMWWN1N4O', 'OLJCESPC7Z']"}
2026-08-21T07:47:05.390435732Z {"timestamp": 1787298425.3893754, "severity": "INFO", "name": "recommendationservice-server", "message": "[Recv ListRecommendations] product_ids=['1YMWWN1N4O', '0PUK6V6EV0', 'OLJCESPC7Z', 'LS4PSXUNUM', '2ZYFJ3GM2N']"}
2026-08-21T07:47:06.855940574Z {"timestamp": 1787298426.8548875, "severity": "INFO", "name": "recommendationservice-server", "message": "[Recv ListRecommendations] product_ids=['LS4PSXUNUM', 'OLJCESPC7Z', '9SIQT8TOJO', 'L9ECAV7KIM', '6E92ZMYYFZ']"}
2026-08-21T07:47:07.157992634Z {"timestamp": 1787298427.1569211, "severity": "INFO", "name": "recommendationservice-server", "message": "[Recv ListRecommendations] product_ids=['6E92ZMYYFZ', 'L9ECAV7KIM', '0PUK6V6EV0', '66VCHSJNUP', '1YMWWN1N4O']"}
2026-08-21T07:47:07.432437649Z {"timestamp": 1787298427.4318764, "severity": "INFO", "name": "recommendationservice-server", "message": "[Recv ListRecommendations] product_ids=['2ZYFJ3GM2N', '1YMWWN1N4O', '0PUK6V6EV0', '6E92ZMYYFZ', 'LS4PSXUNUM']"}
2026-08-21T07:47:07.739597957Z {"timestamp": 1787298427.738146, "severity": "INFO", "name": "recommendationservice-server", "message": "[Recv ListRecommendations] product_ids=['66VCHSJNUP', '9SIQT8TOJO', '1YMWWN1N4O', 'LS4PSXUNUM', '0PUK6V6EV0']"}
2026-08-21T07:47:08.352537872Z {"timestamp": 1787298428.3514738, "severity": "INFO", "name": "recommendationservice-server", "message": "[Recv ListRecommendations] product_ids=['0PUK6V6EV0', '66VCHSJNUP', '2ZYFJ3GM2N', 'LS4PSXUNUM', '9SIQT8TOJO']"}
2026-08-21T07:47:08.411851364Z {"timestamp": 1787298428.4108179, "severity": "INFO", "name": "recommendationservice-server", "message": "[Recv ListRecommendations] product_ids=['LS4PSXUNUM', '2ZYFJ3GM2N', '6E92ZMYYFZ', 'OLJCESPC7Z', '0PUK6V6EV0']"}
2026-08-21T07:47:08.976834351Z {"timestamp": 1787298428.9761746, "severity": "INFO", "name": "recommendationservice-server", "message": "[Recv ListRecommendations] product_ids=['9SIQT8TOJO', 'LS4PSXUNUM', 'OLJCESPC7Z', '1YMWWN1N4O', 'L9ECAV7KIM']"}
2026-08-21T07:47:09.307860757Z {"timestamp": 1787298429.307123, "severity": "INFO", "name": "recommendationservice-server", "message": "[Recv ListRecommendations] product_ids=['L9ECAV7KIM', 'OLJCESPC7Z', '9SIQT8TOJO', '6E92ZMYYFZ', '0PUK6V6EV0']"}
2026-08-21T07:47:10.305082981Z {"timestamp": 1787298430.3047736, "severity": "INFO", "name": "recommendationservice-server", "message": "[Recv ListRecommendations] product_ids=['LS4PSXUNUM', 'L9ECAV7KIM', '1YMWWN1N4O', '9SIQT8TOJO', '66VCHSJNUP']"}
2026-08-21T07:47:10.676870961Z {"timestamp": 1787298430.676554, "severity": "INFO", "name": "recommendationservice-server", "message": "[Recv ListRecommendations] product_ids=['L9ECAV7KIM', '1YMWWN1N4O', '0PUK6V6EV0', 'LS4PSXUNUM']"}
2026-08-21T07:47:10.742176146Z {"timestamp": 1787298430.741923, "severity": "INFO", "name": "recommendationservice-server", "message": "[Recv ListRecommendations] product_ids=['OLJCESPC7Z', '9SIQT8TOJO', 'L9ECAV7KIM', '0PUK6V6EV0', '66VCHSJNUP']"}
2026-08-21T07:47:10.818309087Z {"timestamp": 1787298430.8179414, "severity": "INFO", "name": "recommendationservice-server", "message": "[Recv ListRecommendations] product_ids=['0PUK6V6EV0', '66VCHSJNUP', '6E92ZMYYFZ', '2ZYFJ3GM2N', 'OLJCESPC7Z']"}
2026-08-21T07:47:11.509923388Z {"timestamp": 1787298431.5092657, "severity": "INFO", "name": "recommendationservice-server", "message": "[Recv ListRecommendations] product_ids=['2ZYFJ3GM2N', 'L9ECAV7KIM', '1YMWWN1N4O', '9SIQT8TOJO', '66VCHSJNUP']"}
2026-08-21T07:47:12.739235042Z {"timestamp": 1787298432.738629, "severity": "INFO", "name": "recommendationservice-server", "message": "[Recv ListRecommendations] product_ids=['1YMWWN1N4O', '9SIQT8TOJO', 'OLJCESPC7Z', '2ZYFJ3GM2N', '6E92ZMYYFZ']"}
2026-08-21T07:47:13.114036692Z {"timestamp": 1787298433.1134667, "severity": "INFO", "name": "recommendationservice-server", "message": "[Recv ListRecommendations] product_ids=['1YMWWN1N4O', '6E92ZMYYFZ', '9SIQT8TOJO', 'OLJCESPC7Z', 'L9ECAV7KIM']"}
2026-08-21T07:47:13.828974274Z {"timestamp": 1787298433.8277717, "severity": "INFO", "name": "recommendationservice-server", "message": "[Recv ListRecommendations] product_ids=['OLJCESPC7Z', '0PUK6V6EV0', '1YMWWN1N4O', 'L9ECAV7KIM', '9SIQT8TOJO']"}
2026-08-21T07:47:14.342029633Z {"timestamp": 1787298434.340923, "severity": "INFO", "name": "recommendationservice-server", "message": "[Recv ListRecommendations] product_ids=['1YMWWN1N4O', '2ZYFJ3GM2N', '0PUK6V6EV0', 'L9ECAV7KIM', 'LS4PSXUNUM']"}
2026-08-21T07:47:14.880710646Z {"timestamp": 1787298434.8796608, "severity": "INFO", "name": "recommendationservice-server", "message": "[Recv ListRecommendations] product_ids=['L9ECAV7KIM', 'OLJCESPC7Z', '9SIQT8TOJO', '6E92ZMYYFZ', '1YMWWN1N4O']"}
2026-08-21T07:47:15.562856413Z {"timestamp": 1787298435.561628, "severity": "INFO", "name": "recommendationservice-server", "message": "[Recv ListRecommendations] product_ids=['L9ECAV7KIM', '1YMWWN1N4O', '2ZYFJ3GM2N', '6E92ZMYYFZ', '0PUK6V6EV0']"}
2026-08-21T07:47:16.763275284Z {"timestamp": 1787298436.7619934, "severity": "INFO", "name": "recommendationservice-server", "message": "[Recv ListRecommendations] product_ids=['OLJCESPC7Z', 'L9ECAV7KIM', 'LS4PSXUNUM', '66VCHSJNUP', '6E92ZMYYFZ']"}
2026-08-21T07:47:16.814070917Z {"timestamp": 1787298436.8129764, "severity": "INFO", "name": "recommendationservice-server", "message": "[Recv ListRecommendations] product_ids=['66VCHSJNUP', '6E92ZMYYFZ', '9SIQT8TOJO', '0PUK6V6EV0', '2ZYFJ3GM2N']"}
2026-08-21T07:47:16.818433724Z {"timestamp": 1787298436.8170643, "severity": "INFO", "name": "recommendationservice-server", "message": "[Recv ListRecommendations] product_ids=['66VCHSJNUP', 'OLJCESPC7Z', '6E92ZMYYFZ', '9SIQT8TOJO', '0PUK6V6EV0']"}
2026-08-21T07:47:18.205838904Z {"timestamp": 1787298438.204677, "severity": "INFO", "name": "recommendationservice-server", "message": "[Recv ListRecommendations] product_ids=['LS4PSXUNUM', '1YMWWN1N4O', '66VCHSJNUP', '2ZYFJ3GM2N', '0PUK6V6EV0']"}
2026-08-21T07:47:18.295377317Z {"timestamp": 1787298438.2949069, "severity": "INFO", "name": "recommendationservice-server", "message": "[Recv ListRecommendations] product_ids=['L9ECAV7KIM', '1YMWWN1N4O', '9SIQT8TOJO', '6E92ZMYYFZ', '0PUK6V6EV0']"}
2026-08-21T07:47:18.947715292Z {"timestamp": 1787298438.9473767, "severity": "INFO", "name": "recommendationservice-server", "message": "[Recv ListRecommendations] product_ids=['OLJCESPC7Z', '2ZYFJ3GM2N', '66VCHSJNUP', 'LS4PSXUNUM', 'L9ECAV7KIM']"}
2026-08-21T07:47:19.239244166Z {"timestamp": 1787298439.2386904, "severity": "INFO", "name": "recommendationservice-server", "message": "[Recv ListRecommendations] product_ids=['0PUK6V6EV0', 'LS4PSXUNUM', '1YMWWN1N4O', '6E92ZMYYFZ', 'OLJCESPC7Z']"}
2026-08-21T07:47:19.240507972Z {"timestamp": 1787298439.2401466, "severity": "INFO", "name": "recommendationservice-server", "message": "[Recv ListRecommendations] product_ids=['9SIQT8TOJO', '66VCHSJNUP', '1YMWWN1N4O', '6E92ZMYYFZ', '2ZYFJ3GM2N']"}
2026-08-21T07:47:19.756820950Z {"timestamp": 1787298439.7563517, "severity": "INFO", "name": "recommendationservice-server", "message": "[Recv ListRecommendations] product_ids=['6E92ZMYYFZ', '9SIQT8TOJO', '66VCHSJNUP', '0PUK6V6EV0', 'LS4PSXUNUM']"}
2026-08-21T07:47:20.017818352Z {"timestamp": 1787298440.0166578, "severity": "INFO", "name": "recommendationservice-server", "message": "[Recv ListRecommendations] product_ids=['2ZYFJ3GM2N', '9SIQT8TOJO', 'L9ECAV7KIM', 'LS4PSXUNUM', 'OLJCESPC7Z']"}
2026-08-21T07:47:20.026739205Z {"timestamp": 1787298440.0251334, "severity": "INFO", "name": "recommendationservice-server", "message": "[Recv ListRecommendations] product_ids=['L9ECAV7KIM', 'LS4PSXUNUM', '1YMWWN1N4O', '0PUK6V6EV0', 'OLJCESPC7Z']"}
2026-08-21T07:47:20.040702079Z {"timestamp": 1787298440.0394475, "severity": "INFO", "name": "recommendationservice-server", "message": "[Recv ListRecommendations] product_ids=['1YMWWN1N4O', 'LS4PSXUNUM', '6E92ZMYYFZ', 'OLJCESPC7Z', '2ZYFJ3GM2N']"}
2026-08-21T07:47:20.388120454Z {"timestamp": 1787298440.387615, "severity": "INFO", "name": "recommendationservice-server", "message": "[Recv ListRecommendations] product_ids=['66VCHSJNUP', '6E92ZMYYFZ', '9SIQT8TOJO', '1YMWWN1N4O', '0PUK6V6EV0']"}
2026-08-21T07:47:20.643359118Z {"timestamp": 1787298440.6421933, "severity": "INFO", "name": "recommendationservice-server", "message": "[Recv ListRecommendations] product_ids=['L9ECAV7KIM', '6E92ZMYYFZ', '66VCHSJNUP', '1YMWWN1N4O', 'OLJCESPC7Z']"}
2026-08-21T07:47:21.162817509Z {"timestamp": 1787298441.1620913, "severity": "INFO", "name": "recommendationservice-server", "message": "[Recv ListRecommendations] product_ids=['9SIQT8TOJO', 'OLJCESPC7Z', '6E92ZMYYFZ', 'LS4PSXUNUM', '0PUK6V6EV0']"}
2026-08-21T07:47:22.036855141Z {"timestamp": 1787298442.036086, "severity": "INFO", "name": "recommendationservice-server", "message": "[Recv ListRecommendations] product_ids=['L9ECAV7KIM', '0PUK6V6EV0', '66VCHSJNUP', 'LS4PSXUNUM', 'OLJCESPC7Z']"}
2026-08-21T07:47:22.361374187Z {"timestamp": 1787298442.3606348, "severity": "INFO", "name": "recommendationservice-server", "message": "[Recv ListRecommendations] product_ids=['2ZYFJ3GM2N', 'L9ECAV7KIM', '1YMWWN1N4O', '0PUK6V6EV0', '6E92ZMYYFZ']"}
2026-08-21T07:47:23.002020812Z {"timestamp": 1787298443.0016844, "severity": "INFO", "name": "recommendationservice-server", "message": "[Recv ListRecommendations] product_ids=['LS4PSXUNUM', '9SIQT8TOJO', '2ZYFJ3GM2N', 'L9ECAV7KIM', '1YMWWN1N4O']"}
2026-08-21T07:47:24.454109077Z {"timestamp": 1787298444.4533281, "severity": "INFO", "name": "recommendationservice-server", "message": "[Recv ListRecommendations] product_ids=['0PUK6V6EV0', '9SIQT8TOJO', 'LS4PSXUNUM', 'L9ECAV7KIM', '1YMWWN1N4O']"}
2026-08-21T07:47:24.762126235Z {"timestamp": 1787298444.7613306, "severity": "INFO", "name": "recommendationservice-server", "message": "[Recv ListRecommendations] product_ids=['2ZYFJ3GM2N', 'LS4PSXUNUM', '9SIQT8TOJO', 'OLJCESPC7Z', 'L9ECAV7KIM']"}
2026-08-21T07:47:24.854657304Z {"timestamp": 1787298444.8536842, "severity": "INFO", "name": "recommendationservice-server", "message": "[Recv ListRecommendations] product_ids=['0PUK6V6EV0', '9SIQT8TOJO', 'L9ECAV7KIM', '1YMWWN1N4O', '6E92ZMYYFZ']"}
2026-08-21T07:47:24.982039247Z {"timestamp": 1787298444.9812372, "severity": "INFO", "name": "recommendationservice-server", "message": "[Recv ListRecommendations] product_ids=['6E92ZMYYFZ', '66VCHSJNUP', 'LS4PSXUNUM', '0PUK6V6EV0', 'L9ECAV7KIM']"}
2026-08-21T07:47:25.308787156Z {"timestamp": 1787298445.3079088, "severity": "INFO", "name": "recommendationservice-server", "message": "[Recv ListRecommendations] product_ids=['LS4PSXUNUM', '0PUK6V6EV0', '2ZYFJ3GM2N', 'OLJCESPC7Z', '9SIQT8TOJO']"}
2026-08-21T07:47:25.622672971Z {"timestamp": 1787298445.6219215, "severity": "INFO", "name": "recommendationservice-server", "message": "[Recv ListRecommendations] product_ids=['2ZYFJ3GM2N', '6E92ZMYYFZ', 'LS4PSXUNUM', '66VCHSJNUP', 'L9ECAV7KIM']"}
2026-08-21T07:47:25.979516780Z {"timestamp": 1787298445.9790878, "severity": "INFO", "name": "recommendationservice-server", "message": "[Recv ListRecommendations] product_ids=['OLJCESPC7Z', '1YMWWN1N4O', 'L9ECAV7KIM', '0PUK6V6EV0', '9SIQT8TOJO']"}
2026-08-21T07:47:25.988480040Z {"timestamp": 1787298445.9882126, "severity": "INFO", "name": "recommendationservice-server", "message": "[Recv ListRecommendations] product_ids=['9SIQT8TOJO', 'LS4PSXUNUM', 'L9ECAV7KIM', '2ZYFJ3GM2N', '0PUK6V6EV0']"}
2026-08-21T07:47:26.140178443Z {"timestamp": 1787298446.1390011, "severity": "INFO", "name": "recommendationservice-server", "message": "[Recv ListRecommendations] product_ids=['66VCHSJNUP', '1YMWWN1N4O', '9SIQT8TOJO', 'L9ECAV7KIM', '2ZYFJ3GM2N']"}
2026-08-21T07:47:26.997387522Z {"timestamp": 1787298446.9970253, "severity": "INFO", "name": "recommendationservice-server", "message": "[Recv ListRecommendations] product_ids=['9SIQT8TOJO', '66VCHSJNUP', 'LS4PSXUNUM', '6E92ZMYYFZ', 'L9ECAV7KIM']"}
2026-08-21T07:47:27.528172922Z {"timestamp": 1787298447.5277889, "severity": "INFO", "name": "recommendationservice-server", "message": "[Recv ListRecommendations] product_ids=['9SIQT8TOJO', 'LS4PSXUNUM', 'L9ECAV7KIM', '6E92ZMYYFZ', 'OLJCESPC7Z']"}
2026-08-21T07:47:27.873073529Z {"timestamp": 1787298447.8721879, "severity": "INFO", "name": "recommendationservice-server", "message": "[Recv ListRecommendations] product_ids=['2ZYFJ3GM2N', '66VCHSJNUP', '0PUK6V6EV0', '1YMWWN1N4O', '6E92ZMYYFZ']"}
2026-08-21T07:47:28.302940243Z {"timestamp": 1787298448.3019218, "severity": "INFO", "name": "recommendationservice-server", "message": "[Recv ListRecommendations] product_ids=['L9ECAV7KIM', 'OLJCESPC7Z', 'LS4PSXUNUM']"}
2026-08-21T07:47:29.184287530Z {"timestamp": 1787298449.183718, "severity": "INFO", "name": "recommendationservice-server", "message": "[Recv ListRecommendations] product_ids=['LS4PSXUNUM', '66VCHSJNUP', 'OLJCESPC7Z', '9SIQT8TOJO', '6E92ZMYYFZ']"}
2026-08-21T07:47:29.764590826Z {"timestamp": 1787298449.764175, "severity": "INFO", "name": "recommendationservice-server", "message": "[Recv ListRecommendations] product_ids=['6E92ZMYYFZ', 'L9ECAV7KIM', '66VCHSJNUP', 'OLJCESPC7Z', '9SIQT8TOJO']"}
2026-08-21T07:47:29.792291932Z {"timestamp": 1787298449.791805, "severity": "INFO", "name": "recommendationservice-server", "message": "[Recv ListRecommendations] product_ids=['1YMWWN1N4O', '0PUK6V6EV0', '6E92ZMYYFZ', 'L9ECAV7KIM', '2ZYFJ3GM2N']"}
2026-08-21T07:47:30.072624904Z {"timestamp": 1787298450.072344, "severity": "INFO", "name": "recommendationservice-server", "message": "[Recv ListRecommendations] product_ids=['9SIQT8TOJO', 'OLJCESPC7Z', '6E92ZMYYFZ', 'LS4PSXUNUM', '0PUK6V6EV0']"}
2026-08-21T07:47:30.560055565Z {"timestamp": 1787298450.558336, "severity": "INFO", "name": "recommendationservice-server", "message": "[Recv ListRecommendations] product_ids=['OLJCESPC7Z', 'L9ECAV7KIM', '6E92ZMYYFZ', '9SIQT8TOJO', '1YMWWN1N4O']"}
2026-08-21T07:47:31.169782003Z {"timestamp": 1787298451.1693394, "severity": "INFO", "name": "recommendationservice-server", "message": "[Recv ListRecommendations] product_ids=['6E92ZMYYFZ', 'L9ECAV7KIM', '1YMWWN1N4O', '0PUK6V6EV0', '9SIQT8TOJO']"}
2026-08-21T07:47:31.374454515Z {"timestamp": 1787298451.3730354, "severity": "INFO", "name": "recommendationservice-server", "message": "[Recv ListRecommendations] product_ids=['66VCHSJNUP', '9SIQT8TOJO', '2ZYFJ3GM2N', 'OLJCESPC7Z', 'LS4PSXUNUM']"}
2026-08-21T07:47:32.584127333Z {"timestamp": 1787298452.5832753, "severity": "INFO", "name": "recommendationservice-server", "message": "[Recv ListRecommendations] product_ids=['LS4PSXUNUM', '9SIQT8TOJO', '66VCHSJNUP', '0PUK6V6EV0', 'OLJCESPC7Z']"}
2026-08-21T07:47:34.062405401Z {"timestamp": 1787298454.061838, "severity": "INFO", "name": "recommendationservice-server", "message": "[Recv ListRecommendations] product_ids=['0PUK6V6EV0', '6E92ZMYYFZ', 'LS4PSXUNUM', 'L9ECAV7KIM', '66VCHSJNUP']"}
2026-08-21T07:47:34.451988853Z {"timestamp": 1787298454.4507945, "severity": "INFO", "name": "recommendationservice-server", "message": "[Recv ListRecommendations] product_ids=['0PUK6V6EV0', '9SIQT8TOJO', 'LS4PSXUNUM', '6E92ZMYYFZ', '66VCHSJNUP']"}
2026-08-21T07:47:34.618132977Z {"timestamp": 1787298454.6177433, "severity": "INFO", "name": "recommendationservice-server", "message": "[Recv ListRecommendations] product_ids=['6E92ZMYYFZ', '66VCHSJNUP', 'OLJCESPC7Z', '1YMWWN1N4O', 'L9ECAV7KIM']"}
2026-08-21T07:47:34.655155131Z {"timestamp": 1787298454.6540387, "severity": "INFO", "name": "recommendationservice-server", "message": "[Recv ListRecommendations] product_ids=['L9ECAV7KIM', '6E92ZMYYFZ', 'LS4PSXUNUM', '9SIQT8TOJO', '0PUK6V6EV0']"}
2026-08-21T07:47:34.731776492Z {"timestamp": 1787298454.7305403, "severity": "INFO", "name": "recommendationservice-server", "message": "[Recv ListRecommendations] product_ids=['2ZYFJ3GM2N', '0PUK6V6EV0', '9SIQT8TOJO', '1YMWWN1N4O', 'L9ECAV7KIM']"}
2026-08-21T07:47:34.838581129Z {"timestamp": 1787298454.8381305, "severity": "INFO", "name": "recommendationservice-server", "message": "[Recv ListRecommendations] product_ids=['L9ECAV7KIM', 'LS4PSXUNUM', '0PUK6V6EV0']"}
2026-08-21T07:47:35.315276575Z {"timestamp": 1787298455.3147604, "severity": "INFO", "name": "recommendationservice-server", "message": "[Recv ListRecommendations] product_ids=['6E92ZMYYFZ', '9SIQT8TOJO', '2ZYFJ3GM2N', '1YMWWN1N4O', '0PUK6V6EV0']"}
2026-08-21T07:47:35.533064608Z {"timestamp": 1787298455.531141, "severity": "INFO", "name": "recommendationservice-server", "message": "[Recv ListRecommendations] product_ids=['2ZYFJ3GM2N', '66VCHSJNUP']"}
2026-08-21T07:47:35.600334412Z {"timestamp": 1787298455.599897, "severity": "INFO", "name": "recommendationservice-server", "message": "[Recv ListRecommendations] product_ids=['2ZYFJ3GM2N', '1YMWWN1N4O', 'OLJCESPC7Z', 'LS4PSXUNUM', '0PUK6V6EV0']"}
2026-08-21T07:47:35.904564172Z {"timestamp": 1787298455.9032185, "severity": "INFO", "name": "recommendationservice-server", "message": "[Recv ListRecommendations] product_ids=['LS4PSXUNUM', 'L9ECAV7KIM', '2ZYFJ3GM2N', '0PUK6V6EV0', '1YMWWN1N4O']"}
2026-08-21T07:47:36.406988674Z {"timestamp": 1787298456.4063258, "severity": "INFO", "name": "recommendationservice-server", "message": "[Recv ListRecommendations] product_ids=['1YMWWN1N4O', '9SIQT8TOJO', '66VCHSJNUP', '6E92ZMYYFZ', 'L9ECAV7KIM']"}
2026-08-21T07:47:36.442549580Z {"timestamp": 1787298456.4416394, "severity": "INFO", "name": "recommendationservice-server", "message": "[Recv ListRecommendations] product_ids=['9SIQT8TOJO', '1YMWWN1N4O', '66VCHSJNUP', 'LS4PSXUNUM', 'L9ECAV7KIM']"}
2026-08-21T07:47:36.647316760Z {"timestamp": 1787298456.646476, "severity": "INFO", "name": "recommendationservice-server", "message": "[Recv ListRecommendations] product_ids=['9SIQT8TOJO', '66VCHSJNUP', 'LS4PSXUNUM', '0PUK6V6EV0', '2ZYFJ3GM2N']"}
2026-08-21T07:47:36.764561343Z {"timestamp": 1787298456.7636573, "severity": "INFO", "name": "recommendationservice-server", "message": "[Recv ListRecommendations] product_ids=['LS4PSXUNUM', '2ZYFJ3GM2N', '1YMWWN1N4O', '6E92ZMYYFZ', '66VCHSJNUP']"}
2026-08-21T07:47:37.290470948Z {"timestamp": 1787298457.289688, "severity": "INFO", "name": "recommendationservice-server", "message": "[Recv ListRecommendations] product_ids=['L9ECAV7KIM', '66VCHSJNUP', '9SIQT8TOJO', '0PUK6V6EV0', '6E92ZMYYFZ']"}
2026-08-21T07:47:38.952909717Z {"timestamp": 1787298458.952223, "severity": "INFO", "name": "recommendationservice-server", "message": "[Recv ListRecommendations] product_ids=['66VCHSJNUP', '6E92ZMYYFZ', '1YMWWN1N4O', '2ZYFJ3GM2N', '0PUK6V6EV0']"}
2026-08-21T07:47:39.093748519Z {"timestamp": 1787298459.093077, "severity": "INFO", "name": "recommendationservice-server", "message": "[Recv ListRecommendations] product_ids=['6E92ZMYYFZ', 'L9ECAV7KIM', '0PUK6V6EV0', 'LS4PSXUNUM', 'OLJCESPC7Z']"}
2026-08-21T07:47:39.989024251Z {"timestamp": 1787298459.9887269, "severity": "INFO", "name": "recommendationservice-server", "message": "[Recv ListRecommendations] product_ids=['0PUK6V6EV0', '2ZYFJ3GM2N', '6E92ZMYYFZ', 'L9ECAV7KIM', '66VCHSJNUP']"}
2026-08-21T07:47:40.196396541Z {"timestamp": 1787298460.1960914, "severity": "INFO", "name": "recommendationservice-server", "message": "[Recv ListRecommendations] product_ids=['66VCHSJNUP', 'LS4PSXUNUM', '1YMWWN1N4O', '6E92ZMYYFZ', '2ZYFJ3GM2N']"}
2026-08-21T07:47:40.482283509Z {"timestamp": 1787298460.4819744, "severity": "INFO", "name": "recommendationservice-server", "message": "[Recv ListRecommendations] product_ids=['LS4PSXUNUM', '6E92ZMYYFZ', '66VCHSJNUP', '9SIQT8TOJO', 'L9ECAV7KIM']"}
2026-08-21T07:47:40.925315649Z {"timestamp": 1787298460.9240212, "severity": "INFO", "name": "recommendationservice-server", "message": "[Recv ListRecommendations] product_ids=['OLJCESPC7Z', '2ZYFJ3GM2N', '9SIQT8TOJO', 'L9ECAV7KIM', '0PUK6V6EV0']"}
2026-08-21T07:47:43.005024357Z {"timestamp": 1787298463.0031776, "severity": "INFO", "name": "recommendationservice-server", "message": "[Recv ListRecommendations] product_ids=['9SIQT8TOJO', 'LS4PSXUNUM', '2ZYFJ3GM2N', '66VCHSJNUP', 'OLJCESPC7Z']"}
2026-08-21T07:47:43.110285398Z {"timestamp": 1787298463.1098154, "severity": "INFO", "name": "recommendationservice-server", "message": "[Recv ListRecommendations] product_ids=['6E92ZMYYFZ', 'LS4PSXUNUM', '2ZYFJ3GM2N', '1YMWWN1N4O', 'L9ECAV7KIM']"}
2026-08-21T07:47:44.463202770Z {"timestamp": 1787298464.4624033, "severity": "INFO", "name": "recommendationservice-server", "message": "[Recv ListRecommendations] product_ids=['2ZYFJ3GM2N', '6E92ZMYYFZ', '1YMWWN1N4O', 'LS4PSXUNUM', '9SIQT8TOJO']"}
2026-08-21T07:47:44.928203726Z {"timestamp": 1787298464.9273455, "severity": "INFO", "name": "recommendationservice-server", "message": "[Recv ListRecommendations] product_ids=['OLJCESPC7Z', '9SIQT8TOJO', '6E92ZMYYFZ', '66VCHSJNUP', 'LS4PSXUNUM']"}
2026-08-21T07:47:45.192626080Z {"timestamp": 1787298465.1922963, "severity": "INFO", "name": "recommendationservice-server", "message": "[Recv ListRecommendations] product_ids=['9SIQT8TOJO', 'OLJCESPC7Z', '66VCHSJNUP', 'LS4PSXUNUM', '6E92ZMYYFZ']"}
2026-08-21T07:47:45.332411012Z {"timestamp": 1787298465.33206, "severity": "INFO", "name": "recommendationservice-server", "message": "[Recv ListRecommendations] product_ids=['0PUK6V6EV0', 'L9ECAV7KIM', 'LS4PSXUNUM', 'OLJCESPC7Z', '9SIQT8TOJO']"}
2026-08-21T07:47:45.723730549Z {"timestamp": 1787298465.722934, "severity": "INFO", "name": "recommendationservice-server", "message": "[Recv ListRecommendations] product_ids=['1YMWWN1N4O', 'L9ECAV7KIM', '6E92ZMYYFZ', 'OLJCESPC7Z', 'LS4PSXUNUM']"}
2026-08-21T07:47:46.100243931Z {"timestamp": 1787298466.0994601, "severity": "INFO", "name": "recommendationservice-server", "message": "[Recv ListRecommendations] product_ids=['9SIQT8TOJO', '0PUK6V6EV0', '6E92ZMYYFZ', 'LS4PSXUNUM', '1YMWWN1N4O']"}
2026-08-21T07:47:46.638411522Z {"timestamp": 1787298466.6377778, "severity": "INFO", "name": "recommendationservice-server", "message": "[Recv ListRecommendations] product_ids=['LS4PSXUNUM', '1YMWWN1N4O', '9SIQT8TOJO', 'OLJCESPC7Z', '2ZYFJ3GM2N']"}
2026-08-21T07:47:46.778417789Z {"timestamp": 1787298466.7777271, "severity": "INFO", "name": "recommendationservice-server", "message": "[Recv ListRecommendations] product_ids=['9SIQT8TOJO', '0PUK6V6EV0', 'L9ECAV7KIM', '6E92ZMYYFZ', '2ZYFJ3GM2N']"}
2026-08-21T07:47:46.963629746Z {"timestamp": 1787298466.9625375, "severity": "INFO", "name": "recommendationservice-server", "message": "[Recv ListRecommendations] product_ids=['2ZYFJ3GM2N', 'OLJCESPC7Z', 'L9ECAV7KIM', '1YMWWN1N4O', 'LS4PSXUNUM']"}
2026-08-21T07:47:47.151812675Z {"timestamp": 1787298467.1509964, "severity": "INFO", "name": "recommendationservice-server", "message": "[Recv ListRecommendations] product_ids=['1YMWWN1N4O', '66VCHSJNUP', '0PUK6V6EV0', '9SIQT8TOJO', '6E92ZMYYFZ']"}
2026-08-21T07:47:47.412797783Z {"timestamp": 1787298467.4123287, "severity": "INFO", "name": "recommendationservice-server", "message": "[Recv ListRecommendations] product_ids=['OLJCESPC7Z', '9SIQT8TOJO', 'LS4PSXUNUM', '0PUK6V6EV0', '2ZYFJ3GM2N']"}
2026-08-21T07:47:48.204697629Z {"timestamp": 1787298468.204245, "severity": "INFO", "name": "recommendationservice-server", "message": "[Recv ListRecommendations] product_ids=['9SIQT8TOJO', '0PUK6V6EV0', '66VCHSJNUP', 'LS4PSXUNUM', '6E92ZMYYFZ']"}
2026-08-21T07:47:48.207863833Z {"timestamp": 1787298468.2073786, "severity": "INFO", "name": "recommendationservice-server", "message": "[Recv ListRecommendations] product_ids=['0PUK6V6EV0', '6E92ZMYYFZ', 'OLJCESPC7Z', '9SIQT8TOJO', '2ZYFJ3GM2N']"}
2026-08-21T07:47:48.452002762Z {"timestamp": 1787298468.4508271, "severity": "INFO", "name": "recommendationservice-server", "message": "[Recv ListRecommendations] product_ids=['OLJCESPC7Z', '1YMWWN1N4O', '9SIQT8TOJO', '0PUK6V6EV0', 'LS4PSXUNUM']"}
2026-08-21T07:47:49.358467029Z {"timestamp": 1787298469.3581052, "severity": "INFO", "name": "recommendationservice-server", "message": "[Recv ListRecommendations] product_ids=['OLJCESPC7Z', '66VCHSJNUP', '0PUK6V6EV0', '9SIQT8TOJO', '6E92ZMYYFZ']"}
2026-08-21T07:47:50.642325818Z {"timestamp": 1787298470.6414006, "severity": "INFO", "name": "recommendationservice-server", "message": "[Recv ListRecommendations] product_ids=['66VCHSJNUP', '0PUK6V6EV0', '2ZYFJ3GM2N', 'OLJCESPC7Z', '6E92ZMYYFZ']"}
2026-08-21T07:47:51.451927695Z {"timestamp": 1787298471.450991, "severity": "INFO", "name": "recommendationservice-server", "message": "[Recv ListRecommendations] product_ids=['L9ECAV7KIM', '9SIQT8TOJO', 'LS4PSXUNUM', '66VCHSJNUP', '0PUK6V6EV0']"}
2026-08-21T07:47:53.023624251Z {"timestamp": 1787298473.0177577, "severity": "INFO", "name": "recommendationservice-server", "message": "[Recv ListRecommendations] product_ids=['1YMWWN1N4O', 'OLJCESPC7Z', '0PUK6V6EV0', '2ZYFJ3GM2N', '9SIQT8TOJO']"}
2026-08-21T07:47:53.064099752Z {"timestamp": 1787298473.0635734, "severity": "INFO", "name": "recommendationservice-server", "message": "[Recv ListRecommendations] product_ids=['6E92ZMYYFZ', '66VCHSJNUP', '1YMWWN1N4O', 'OLJCESPC7Z', '9SIQT8TOJO']"}
2026-08-21T07:47:53.860363077Z {"timestamp": 1787298473.8591828, "severity": "INFO", "name": "recommendationservice-server", "message": "[Recv ListRecommendations] product_ids=['L9ECAV7KIM', '1YMWWN1N4O']"}
2026-08-21T07:47:55.206160107Z {"timestamp": 1787298475.2049694, "severity": "INFO", "name": "recommendationservice-server", "message": "[Recv ListRecommendations] product_ids=['OLJCESPC7Z', '9SIQT8TOJO', '0PUK6V6EV0', 'L9ECAV7KIM', '6E92ZMYYFZ']"}
2026-08-21T07:47:55.550901226Z {"timestamp": 1787298475.5499985, "severity": "INFO", "name": "recommendationservice-server", "message": "[Recv ListRecommendations] product_ids=['2ZYFJ3GM2N', 'L9ECAV7KIM', '9SIQT8TOJO', '66VCHSJNUP', '1YMWWN1N4O']"}
2026-08-21T07:47:55.911632574Z {"timestamp": 1787298475.9111764, "severity": "INFO", "name": "recommendationservice-server", "message": "[Recv ListRecommendations] product_ids=['LS4PSXUNUM', '6E92ZMYYFZ', '66VCHSJNUP', 'OLJCESPC7Z', '9SIQT8TOJO']"}
2026-08-21T07:47:56.056523288Z {"timestamp": 1787298476.0551548, "severity": "INFO", "name": "recommendationservice-server", "message": "[Recv ListRecommendations] product_ids=['1YMWWN1N4O', '9SIQT8TOJO', '2ZYFJ3GM2N', 'OLJCESPC7Z', 'L9ECAV7KIM']"}
2026-08-21T07:47:56.598144442Z {"timestamp": 1787298476.59679, "severity": "INFO", "name": "recommendationservice-server", "message": "[Recv ListRecommendations] product_ids=['L9ECAV7KIM', '66VCHSJNUP', '9SIQT8TOJO', '6E92ZMYYFZ', '0PUK6V6EV0']"}
2026-08-21T07:47:56.682028808Z {"timestamp": 1787298476.6801925, "severity": "INFO", "name": "recommendationservice-server", "message": "[Recv ListRecommendations] product_ids=['OLJCESPC7Z', '6E92ZMYYFZ', '9SIQT8TOJO', '1YMWWN1N4O', 'L9ECAV7KIM']"}
2026-08-21T07:47:56.914370152Z {"timestamp": 1787298476.9091742, "severity": "INFO", "name": "recommendationservice-server", "message": "[Recv ListRecommendations] product_ids=['2ZYFJ3GM2N', '66VCHSJNUP', 'LS4PSXUNUM', 'OLJCESPC7Z', 'L9ECAV7KIM']"}
2026-08-21T07:47:57.047565716Z {"timestamp": 1787298477.0469902, "severity": "INFO", "name": "recommendationservice-server", "message": "[Recv ListRecommendations] product_ids=['LS4PSXUNUM', '1YMWWN1N4O', '9SIQT8TOJO', 'L9ECAV7KIM', '2ZYFJ3GM2N']"}
2026-08-21T07:47:57.455347104Z {"timestamp": 1787298477.4548168, "severity": "INFO", "name": "recommendationservice-server", "message": "[Recv ListRecommendations] product_ids=['1YMWWN1N4O', '0PUK6V6EV0', '6E92ZMYYFZ', '2ZYFJ3GM2N', '9SIQT8TOJO']"}
2026-08-21T07:47:57.522049653Z {"timestamp": 1787298477.521318, "severity": "INFO", "name": "recommendationservice-server", "message": "[Recv ListRecommendations] product_ids=['9SIQT8TOJO', '66VCHSJNUP', '6E92ZMYYFZ', 'OLJCESPC7Z', 'LS4PSXUNUM']"}
2026-08-21T07:47:57.793307051Z {"timestamp": 1787298477.792122, "severity": "INFO", "name": "recommendationservice-server", "message": "[Recv ListRecommendations] product_ids=['0PUK6V6EV0', 'OLJCESPC7Z', 'LS4PSXUNUM', '1YMWWN1N4O', '2ZYFJ3GM2N']"}
2026-08-21T07:47:57.862423181Z {"timestamp": 1787298477.8609784, "severity": "INFO", "name": "recommendationservice-server", "message": "[Recv ListRecommendations] product_ids=['6E92ZMYYFZ', '2ZYFJ3GM2N', '66VCHSJNUP', 'OLJCESPC7Z', 'LS4PSXUNUM']"}
2026-08-21T07:47:57.902491918Z {"timestamp": 1787298477.901713, "severity": "INFO", "name": "recommendationservice-server", "message": "[Recv ListRecommendations] product_ids=['0PUK6V6EV0', 'OLJCESPC7Z', 'LS4PSXUNUM', '66VCHSJNUP', 'L9ECAV7KIM']"}
2026-08-21T07:47:58.763495846Z {"timestamp": 1787298478.7626314, "severity": "INFO", "name": "recommendationservice-server", "message": "[Recv ListRecommendations] product_ids=['9SIQT8TOJO', '1YMWWN1N4O', '0PUK6V6EV0', 'OLJCESPC7Z', 'LS4PSXUNUM']"}
2026-08-21T07:47:58.769099709Z {"timestamp": 1787298478.7681947, "severity": "INFO", "name": "recommendationservice-server", "message": "[Recv ListRecommendations] product_ids=['L9ECAV7KIM', '6E92ZMYYFZ', '0PUK6V6EV0', 'LS4PSXUNUM', '66VCHSJNUP']"}
2026-08-21T07:47:58.849320067Z {"timestamp": 1787298478.8488677, "severity": "INFO", "name": "recommendationservice-server", "message": "[Recv ListRecommendations] product_ids=['L9ECAV7KIM', '6E92ZMYYFZ', '1YMWWN1N4O', '2ZYFJ3GM2N', 'LS4PSXUNUM']"}
2026-08-21T07:47:58.897256051Z {"timestamp": 1787298478.8968298, "severity": "INFO", "name": "recommendationservice-server", "message": "[Recv ListRecommendations] product_ids=['9SIQT8TOJO', 'L9ECAV7KIM', 'OLJCESPC7Z', '0PUK6V6EV0', '66VCHSJNUP']"}
2026-08-21T07:48:00.297108393Z {"timestamp": 1787298480.2962425, "severity": "INFO", "name": "recommendationservice-server", "message": "[Recv ListRecommendations] product_ids=['9SIQT8TOJO', '2ZYFJ3GM2N', 'L9ECAV7KIM', '1YMWWN1N4O', 'OLJCESPC7Z']"}
2026-08-21T07:48:00.761184682Z {"timestamp": 1787298480.760528, "severity": "INFO", "name": "recommendationservice-server", "message": "[Recv ListRecommendations] product_ids=['OLJCESPC7Z', '2ZYFJ3GM2N', '66VCHSJNUP', 'LS4PSXUNUM', 'L9ECAV7KIM']"}
2026-08-21T07:48:01.157241492Z {"timestamp": 1787298481.156513, "severity": "INFO", "name": "recommendationservice-server", "message": "[Recv ListRecommendations] product_ids=['6E92ZMYYFZ', '2ZYFJ3GM2N', '66VCHSJNUP', 'L9ECAV7KIM', 'LS4PSXUNUM']"}
2026-08-21T07:48:02.792786089Z {"timestamp": 1787298482.792382, "severity": "INFO", "name": "recommendationservice-server", "message": "[Recv ListRecommendations] product_ids=['L9ECAV7KIM', '0PUK6V6EV0', '66VCHSJNUP', 'LS4PSXUNUM', '9SIQT8TOJO']"}
2026-08-21T07:48:03.558119785Z {"timestamp": 1787298483.5577343, "severity": "INFO", "name": "recommendationservice-server", "message": "[Recv ListRecommendations] product_ids=['9SIQT8TOJO', '66VCHSJNUP', 'L9ECAV7KIM', '1YMWWN1N4O', '2ZYFJ3GM2N']"}
2026-08-21T07:48:04.347499085Z {"timestamp": 1787298484.3459847, "severity": "INFO", "name": "recommendationservice-server", "message": "[Recv ListRecommendations] product_ids=['2ZYFJ3GM2N', '0PUK6V6EV0', '1YMWWN1N4O', '66VCHSJNUP', 'LS4PSXUNUM']"}
2026-08-21T07:48:04.760274772Z {"timestamp": 1787298484.7586644, "severity": "INFO", "name": "recommendationservice-server", "message": "[Recv ListRecommendations] product_ids=['1YMWWN1N4O', '66VCHSJNUP', 'OLJCESPC7Z', '0PUK6V6EV0', 'LS4PSXUNUM']"}
2026-08-21T07:48:04.815774521Z {"timestamp": 1787298484.8123755, "severity": "INFO", "name": "recommendationservice-server", "message": "[Recv ListRecommendations] product_ids=['LS4PSXUNUM', 'L9ECAV7KIM', '1YMWWN1N4O', '6E92ZMYYFZ', '9SIQT8TOJO']"}
2026-08-21T07:48:05.178961969Z {"timestamp": 1787298485.1774378, "severity": "INFO", "name": "recommendationservice-server", "message": "[Recv ListRecommendations] product_ids=['LS4PSXUNUM', '0PUK6V6EV0', '6E92ZMYYFZ', 'OLJCESPC7Z', '9SIQT8TOJO']"}
2026-08-21T07:48:05.644429372Z {"timestamp": 1787298485.6437292, "severity": "INFO", "name": "recommendationservice-server", "message": "[Recv ListRecommendations] product_ids=['6E92ZMYYFZ', 'LS4PSXUNUM', '0PUK6V6EV0', '1YMWWN1N4O', 'L9ECAV7KIM']"}
2026-08-21T07:48:05.737497009Z {"timestamp": 1787298485.736785, "severity": "INFO", "name": "recommendationservice-server", "message": "[Recv ListRecommendations] product_ids=['2ZYFJ3GM2N', 'LS4PSXUNUM', '66VCHSJNUP', 'L9ECAV7KIM', '1YMWWN1N4O']"}
2026-08-21T07:48:06.292275770Z {"timestamp": 1787298486.29161, "severity": "INFO", "name": "recommendationservice-server", "message": "[Recv ListRecommendations] product_ids=['LS4PSXUNUM', '0PUK6V6EV0', '6E92ZMYYFZ', '2ZYFJ3GM2N', '1YMWWN1N4O']"}
2026-08-21T07:48:06.879070187Z {"timestamp": 1787298486.87791, "severity": "INFO", "name": "recommendationservice-server", "message": "[Recv ListRecommendations] product_ids=['0PUK6V6EV0', 'LS4PSXUNUM', 'L9ECAV7KIM']"}
2026-08-21T07:48:07.302893589Z {"timestamp": 1787298487.3019261, "severity": "INFO", "name": "recommendationservice-server", "message": "[Recv ListRecommendations] product_ids=['L9ECAV7KIM', '0PUK6V6EV0', 'LS4PSXUNUM', 'OLJCESPC7Z', '1YMWWN1N4O']"}
2026-08-21T07:48:07.860414832Z {"timestamp": 1787298487.859342, "severity": "INFO", "name": "recommendationservice-server", "message": "[Recv ListRecommendations] product_ids=['1YMWWN1N4O', 'LS4PSXUNUM', '2ZYFJ3GM2N', '0PUK6V6EV0', '6E92ZMYYFZ']"}
2026-08-21T07:48:07.866693320Z {"timestamp": 1787298487.8653889, "severity": "INFO", "name": "recommendationservice-server", "message": "[Recv ListRecommendations] product_ids=['L9ECAV7KIM', '6E92ZMYYFZ', 'LS4PSXUNUM', '66VCHSJNUP', '9SIQT8TOJO']"}
2026-08-21T07:48:07.956867112Z {"timestamp": 1787298487.9562545, "severity": "INFO", "name": "recommendationservice-server", "message": "[Recv ListRecommendations] product_ids=['6E92ZMYYFZ', 'LS4PSXUNUM', '2ZYFJ3GM2N', 'OLJCESPC7Z', '66VCHSJNUP']"}
2026-08-21T07:48:08.097460038Z {"timestamp": 1787298488.097181, "severity": "INFO", "name": "recommendationservice-server", "message": "[Recv ListRecommendations] product_ids=['L9ECAV7KIM', '1YMWWN1N4O']"}
2026-08-21T07:48:08.148916737Z {"timestamp": 1787298488.1486256, "severity": "INFO", "name": "recommendationservice-server", "message": "[Recv ListRecommendations] product_ids=['OLJCESPC7Z', '0PUK6V6EV0', '66VCHSJNUP', '9SIQT8TOJO', '2ZYFJ3GM2N']"}
2026-08-21T07:48:08.287054177Z {"timestamp": 1787298488.2865548, "severity": "INFO", "name": "recommendationservice-server", "message": "[Recv ListRecommendations] product_ids=['0PUK6V6EV0', '9SIQT8TOJO', 'LS4PSXUNUM', '2ZYFJ3GM2N', '66VCHSJNUP']"}
2026-08-21T07:48:08.650631897Z {"timestamp": 1787298488.649214, "severity": "INFO", "name": "recommendationservice-server", "message": "[Recv ListRecommendations] product_ids=['2ZYFJ3GM2N', '1YMWWN1N4O', '9SIQT8TOJO', 'OLJCESPC7Z', '6E92ZMYYFZ']"}
2026-08-21T07:48:08.746662110Z {"timestamp": 1787298488.745752, "severity": "INFO", "name": "recommendationservice-server", "message": "[Recv ListRecommendations] product_ids=['L9ECAV7KIM', '9SIQT8TOJO', '66VCHSJNUP', 'LS4PSXUNUM', '6E92ZMYYFZ']"}
2026-08-21T07:48:09.308070965Z {"timestamp": 1787298489.3071349, "severity": "INFO", "name": "recommendationservice-server", "message": "[Recv ListRecommendations] product_ids=['OLJCESPC7Z', '66VCHSJNUP', 'LS4PSXUNUM', '0PUK6V6EV0', '2ZYFJ3GM2N']"}
2026-08-21T07:48:09.498998713Z {"timestamp": 1787298489.4981601, "severity": "INFO", "name": "recommendationservice-server", "message": "[Recv ListRecommendations] product_ids=['2ZYFJ3GM2N', '9SIQT8TOJO', 'LS4PSXUNUM', '1YMWWN1N4O', '66VCHSJNUP']"}
2026-08-21T07:48:10.614121012Z {"timestamp": 1787298490.6137838, "severity": "INFO", "name": "recommendationservice-server", "message": "[Recv ListRecommendations] product_ids=['LS4PSXUNUM', '9SIQT8TOJO', 'L9ECAV7KIM', '2ZYFJ3GM2N', '0PUK6V6EV0']"}
2026-08-21T07:48:10.857025541Z {"timestamp": 1787298490.856321, "severity": "INFO", "name": "recommendationservice-server", "message": "[Recv ListRecommendations] product_ids=['9SIQT8TOJO', '6E92ZMYYFZ', '0PUK6V6EV0', 'L9ECAV7KIM', '2ZYFJ3GM2N']"}
2026-08-21T07:48:10.861957217Z {"timestamp": 1787298490.861295, "severity": "INFO", "name": "recommendationservice-server", "message": "[Recv ListRecommendations] product_ids=['OLJCESPC7Z', 'L9ECAV7KIM', '0PUK6V6EV0', 'LS4PSXUNUM', '1YMWWN1N4O']"}
2026-08-21T07:48:11.385695143Z {"timestamp": 1787298491.3844335, "severity": "INFO", "name": "recommendationservice-server", "message": "[Recv ListRecommendations] product_ids=['LS4PSXUNUM', '2ZYFJ3GM2N', '0PUK6V6EV0', '9SIQT8TOJO', '6E92ZMYYFZ']"}
2026-08-21T07:48:11.469415219Z {"timestamp": 1787298491.4684927, "severity": "INFO", "name": "recommendationservice-server", "message": "[Recv ListRecommendations] product_ids=['LS4PSXUNUM', 'OLJCESPC7Z', '2ZYFJ3GM2N', '1YMWWN1N4O', '0PUK6V6EV0']"}
2026-08-21T07:48:12.436340194Z {"timestamp": 1787298492.4355443, "severity": "INFO", "name": "recommendationservice-server", "message": "[Recv ListRecommendations] product_ids=['1YMWWN1N4O']"}
2026-08-21T07:48:12.535328573Z {"timestamp": 1787298492.534393, "severity": "INFO", "name": "recommendationservice-server", "message": "[Recv ListRecommendations] product_ids=['9SIQT8TOJO', '6E92ZMYYFZ', '0PUK6V6EV0', '2ZYFJ3GM2N', 'LS4PSXUNUM']"}
2026-08-21T07:48:13.437402942Z {"timestamp": 1787298493.4367678, "severity": "INFO", "name": "recommendationservice-server", "message": "[Recv ListRecommendations] product_ids=['LS4PSXUNUM', '1YMWWN1N4O', '6E92ZMYYFZ', '9SIQT8TOJO', '0PUK6V6EV0']"}
2026-08-21T07:48:13.529063268Z {"timestamp": 1787298493.528641, "severity": "INFO", "name": "recommendationservice-server", "message": "[Recv ListRecommendations] product_ids=['OLJCESPC7Z', '6E92ZMYYFZ', 'LS4PSXUNUM', '9SIQT8TOJO', '66VCHSJNUP']"}
2026-08-21T07:48:14.625164473Z {"timestamp": 1787298494.624045, "severity": "INFO", "name": "recommendationservice-server", "message": "[Recv ListRecommendations] product_ids=['9SIQT8TOJO', '1YMWWN1N4O', 'LS4PSXUNUM', '0PUK6V6EV0', '6E92ZMYYFZ']"}
2026-08-21T07:48:16.185858749Z {"timestamp": 1787298496.1845853, "severity": "INFO", "name": "recommendationservice-server", "message": "[Recv ListRecommendations] product_ids=['0PUK6V6EV0', 'L9ECAV7KIM', '6E92ZMYYFZ', '66VCHSJNUP', '2ZYFJ3GM2N']"}
2026-08-21T07:48:17.045191301Z {"timestamp": 1787298497.044179, "severity": "INFO", "name": "recommendationservice-server", "message": "[Recv ListRecommendations] product_ids=['L9ECAV7KIM', '0PUK6V6EV0', '2ZYFJ3GM2N', '9SIQT8TOJO', '66VCHSJNUP']"}
2026-08-21T07:48:17.486974960Z {"timestamp": 1787298497.4861479, "severity": "INFO", "name": "recommendationservice-server", "message": "[Recv ListRecommendations] product_ids=['66VCHSJNUP', '0PUK6V6EV0', '2ZYFJ3GM2N', '9SIQT8TOJO', 'LS4PSXUNUM']"}
2026-08-21T07:48:17.896663499Z {"timestamp": 1787298497.896379, "severity": "INFO", "name": "recommendationservice-server", "message": "[Recv ListRecommendations] product_ids=['0PUK6V6EV0', '6E92ZMYYFZ', 'LS4PSXUNUM', '9SIQT8TOJO', 'OLJCESPC7Z']"}
2026-08-21T07:48:17.905042536Z {"timestamp": 1787298497.9047704, "severity": "INFO", "name": "recommendationservice-server", "message": "[Recv ListRecommendations] product_ids=['L9ECAV7KIM', '6E92ZMYYFZ', 'LS4PSXUNUM', '1YMWWN1N4O', '9SIQT8TOJO']"}
2026-08-21T07:48:17.994421590Z {"timestamp": 1787298497.9941378, "severity": "INFO", "name": "recommendationservice-server", "message": "[Recv ListRecommendations] product_ids=['0PUK6V6EV0', 'LS4PSXUNUM', '9SIQT8TOJO', '1YMWWN1N4O', '6E92ZMYYFZ']"}
2026-08-21T07:48:18.126545262Z {"timestamp": 1787298498.1262052, "severity": "INFO", "name": "recommendationservice-server", "message": "[Recv ListRecommendations] product_ids=['L9ECAV7KIM', '1YMWWN1N4O', '2ZYFJ3GM2N', '6E92ZMYYFZ', '0PUK6V6EV0']"}
2026-08-21T07:48:18.275990997Z {"timestamp": 1787298498.2756057, "severity": "INFO", "name": "recommendationservice-server", "message": "[Recv ListRecommendations] product_ids=['LS4PSXUNUM', '2ZYFJ3GM2N', '0PUK6V6EV0', '9SIQT8TOJO']"}
2026-08-21T07:48:18.504569252Z {"timestamp": 1787298498.5031726, "severity": "INFO", "name": "recommendationservice-server", "message": "[Recv ListRecommendations] product_ids=['66VCHSJNUP', '1YMWWN1N4O', '9SIQT8TOJO', '6E92ZMYYFZ', 'LS4PSXUNUM']"}
2026-08-21T07:48:18.664991937Z {"timestamp": 1787298498.6636617, "severity": "INFO", "name": "recommendationservice-server", "message": "[Recv ListRecommendations] product_ids=[]"}
2026-08-21T07:48:18.872158678Z {"timestamp": 1787298498.8711848, "severity": "INFO", "name": "recommendationservice-server", "message": "[Recv ListRecommendations] product_ids=['LS4PSXUNUM', '9SIQT8TOJO', '0PUK6V6EV0', 'OLJCESPC7Z', 'L9ECAV7KIM']"}
2026-08-21T07:48:20.034353032Z {"timestamp": 1787298500.0334876, "severity": "INFO", "name": "recommendationservice-server", "message": "[Recv ListRecommendations] product_ids=['OLJCESPC7Z', '0PUK6V6EV0', 'LS4PSXUNUM', '1YMWWN1N4O', '6E92ZMYYFZ']"}
2026-08-21T07:48:20.830421294Z {"timestamp": 1787298500.8296509, "severity": "INFO", "name": "recommendationservice-server", "message": "[Recv ListRecommendations] product_ids=['L9ECAV7KIM', 'LS4PSXUNUM', '6E92ZMYYFZ', 'OLJCESPC7Z', '0PUK6V6EV0']"}
2026-08-21T07:48:20.939140833Z {"timestamp": 1787298500.9384086, "severity": "INFO", "name": "recommendationservice-server", "message": "[Recv ListRecommendations] product_ids=['0PUK6V6EV0', 'OLJCESPC7Z', '2ZYFJ3GM2N', 'L9ECAV7KIM', '9SIQT8TOJO']"}
2026-08-21T07:48:21.858221514Z {"timestamp": 1787298501.85746, "severity": "INFO", "name": "recommendationservice-server", "message": "[Recv ListRecommendations] product_ids=['66VCHSJNUP', 'LS4PSXUNUM', 'L9ECAV7KIM', '0PUK6V6EV0', 'OLJCESPC7Z']"}
2026-08-21T07:48:21.941025020Z {"timestamp": 1787298501.940181, "severity": "INFO", "name": "recommendationservice-server", "message": "[Recv ListRecommendations] product_ids=['OLJCESPC7Z', '66VCHSJNUP', '1YMWWN1N4O', '0PUK6V6EV0', '9SIQT8TOJO']"}
2026-08-21T07:48:22.281430010Z {"timestamp": 1787298502.2806826, "severity": "INFO", "name": "recommendationservice-server", "message": "[Recv ListRecommendations] product_ids=['66VCHSJNUP', 'L9ECAV7KIM', '6E92ZMYYFZ', '1YMWWN1N4O', '0PUK6V6EV0']"}
2026-08-21T07:48:23.064116585Z {"timestamp": 1787298503.0636497, "severity": "INFO", "name": "recommendationservice-server", "message": "[Recv ListRecommendations] product_ids=['0PUK6V6EV0', 'OLJCESPC7Z', 'LS4PSXUNUM', '6E92ZMYYFZ', 'L9ECAV7KIM']"}
2026-08-21T07:48:23.150923743Z {"timestamp": 1787298503.150298, "severity": "INFO", "name": "recommendationservice-server", "message": "[Recv ListRecommendations] product_ids=['OLJCESPC7Z', '66VCHSJNUP', '1YMWWN1N4O', 'LS4PSXUNUM', '0PUK6V6EV0']"}
2026-08-21T07:48:24.527481794Z {"timestamp": 1787298504.5262375, "severity": "INFO", "name": "recommendationservice-server", "message": "[Recv ListRecommendations] product_ids=['LS4PSXUNUM', '0PUK6V6EV0', 'L9ECAV7KIM']"}
2026-08-21T07:48:25.201032919Z {"timestamp": 1787298505.2001119, "severity": "INFO", "name": "recommendationservice-server", "message": "[Recv ListRecommendations] product_ids=['66VCHSJNUP', '9SIQT8TOJO', '0PUK6V6EV0', 'OLJCESPC7Z', '1YMWWN1N4O']"}
2026-08-21T07:48:25.398412128Z {"timestamp": 1787298505.3978, "severity": "INFO", "name": "recommendationservice-server", "message": "[Recv ListRecommendations] product_ids=['1YMWWN1N4O', '6E92ZMYYFZ', '9SIQT8TOJO', 'L9ECAV7KIM', '0PUK6V6EV0']"}
2026-08-21T07:48:25.474101611Z {"timestamp": 1787298505.4733899, "severity": "INFO", "name": "recommendationservice-server", "message": "[Recv ListRecommendations] product_ids=['L9ECAV7KIM', '6E92ZMYYFZ', '0PUK6V6EV0', '1YMWWN1N4O', '9SIQT8TOJO']"}
2026-08-21T07:48:26.055312694Z {"timestamp": 1787298506.0547438, "severity": "INFO", "name": "recommendationservice-server", "message": "[Recv ListRecommendations] product_ids=['6E92ZMYYFZ', '9SIQT8TOJO', '66VCHSJNUP', '0PUK6V6EV0', '1YMWWN1N4O']"}
2026-08-21T07:48:26.718676292Z {"timestamp": 1787298506.7183435, "severity": "INFO", "name": "recommendationservice-server", "message": "[Recv ListRecommendations] product_ids=['LS4PSXUNUM', '66VCHSJNUP', '0PUK6V6EV0', '2ZYFJ3GM2N', '1YMWWN1N4O']"}
2026-08-21T07:48:26.746599450Z {"timestamp": 1787298506.746079, "severity": "INFO", "name": "recommendationservice-server", "message": "[Recv ListRecommendations] product_ids=['OLJCESPC7Z', 'L9ECAV7KIM', '9SIQT8TOJO', '6E92ZMYYFZ', '2ZYFJ3GM2N']"}
2026-08-21T07:48:26.812980647Z {"timestamp": 1787298506.812527, "severity": "INFO", "name": "recommendationservice-server", "message": "[Recv ListRecommendations] product_ids=['L9ECAV7KIM', '9SIQT8TOJO', '1YMWWN1N4O', 'LS4PSXUNUM', '0PUK6V6EV0']"}
2026-08-21T07:48:26.890338496Z {"timestamp": 1787298506.889815, "severity": "INFO", "name": "recommendationservice-server", "message": "[Recv ListRecommendations] product_ids=['6E92ZMYYFZ', 'L9ECAV7KIM', 'OLJCESPC7Z', '0PUK6V6EV0', '2ZYFJ3GM2N']"}
2026-08-21T07:48:26.938643307Z {"timestamp": 1787298506.938095, "severity": "INFO", "name": "recommendationservice-server", "message": "[Recv ListRecommendations] product_ids=['1YMWWN1N4O', 'L9ECAV7KIM', '0PUK6V6EV0', '6E92ZMYYFZ', 'OLJCESPC7Z']"}
2026-08-21T07:48:27.683499015Z {"timestamp": 1787298507.681779, "severity": "INFO", "name": "recommendationservice-server", "message": "[Recv ListRecommendations] product_ids=['LS4PSXUNUM', '9SIQT8TOJO', '0PUK6V6EV0', '66VCHSJNUP', '1YMWWN1N4O']"}
2026-08-21T07:48:27.754067180Z {"timestamp": 1787298507.7526438, "severity": "INFO", "name": "recommendationservice-server", "message": "[Recv ListRecommendations] product_ids=['0PUK6V6EV0', 'LS4PSXUNUM', '9SIQT8TOJO']"}
2026-08-21T07:48:27.967717287Z {"timestamp": 1787298507.9662316, "severity": "INFO", "name": "recommendationservice-server", "message": "[Recv ListRecommendations] product_ids=['6E92ZMYYFZ', '66VCHSJNUP', 'L9ECAV7KIM', '2ZYFJ3GM2N', '9SIQT8TOJO']"}
2026-08-21T07:48:28.671643060Z {"timestamp": 1787298508.6703422, "severity": "INFO", "name": "recommendationservice-server", "message": "[Recv ListRecommendations] product_ids=['6E92ZMYYFZ', '9SIQT8TOJO', '1YMWWN1N4O', '0PUK6V6EV0', 'L9ECAV7KIM']"}
2026-08-21T07:48:29.505883637Z {"timestamp": 1787298509.5049403, "severity": "INFO", "name": "recommendationservice-server", "message": "[Recv ListRecommendations] product_ids=['L9ECAV7KIM', '6E92ZMYYFZ', 'LS4PSXUNUM', '9SIQT8TOJO', '66VCHSJNUP']"}
2026-08-21T07:48:29.558098172Z {"timestamp": 1787298509.5574086, "severity": "INFO", "name": "recommendationservice-server", "message": "[Recv ListRecommendations] product_ids=['0PUK6V6EV0', '9SIQT8TOJO', '6E92ZMYYFZ', '2ZYFJ3GM2N', '1YMWWN1N4O']"}
2026-08-21T07:48:30.128434419Z {"timestamp": 1787298510.1269436, "severity": "INFO", "name": "recommendationservice-server", "message": "[Recv ListRecommendations] product_ids=['L9ECAV7KIM', '2ZYFJ3GM2N', 'LS4PSXUNUM', '9SIQT8TOJO', '66VCHSJNUP']"}
2026-08-21T07:48:31.030167497Z {"timestamp": 1787298511.0292733, "severity": "INFO", "name": "recommendationservice-server", "message": "[Recv ListRecommendations] product_ids=['LS4PSXUNUM', '1YMWWN1N4O', 'OLJCESPC7Z', '66VCHSJNUP', 'L9ECAV7KIM']"}
2026-08-21T07:48:31.476469563Z {"timestamp": 1787298511.4759982, "severity": "INFO", "name": "recommendationservice-server", "message": "[Recv ListRecommendations] product_ids=['1YMWWN1N4O', '0PUK6V6EV0', '9SIQT8TOJO', '66VCHSJNUP', 'L9ECAV7KIM']"}
2026-08-21T07:48:32.256395279Z {"timestamp": 1787298512.2550955, "severity": "INFO", "name": "recommendationservice-server", "message": "[Recv ListRecommendations] product_ids=['9SIQT8TOJO', 'L9ECAV7KIM', 'OLJCESPC7Z', '66VCHSJNUP', 'LS4PSXUNUM']"}
2026-08-21T07:48:33.518708344Z {"timestamp": 1787298513.5183182, "severity": "INFO", "name": "recommendationservice-server", "message": "[Recv ListRecommendations] product_ids=['OLJCESPC7Z', '1YMWWN1N4O', 'L9ECAV7KIM', '6E92ZMYYFZ', '2ZYFJ3GM2N']"}
2026-08-21T07:48:33.743334202Z {"timestamp": 1787298513.7426631, "severity": "INFO", "name": "recommendationservice-server", "message": "[Recv ListRecommendations] product_ids=['6E92ZMYYFZ', '2ZYFJ3GM2N', '66VCHSJNUP', 'LS4PSXUNUM', '9SIQT8TOJO']"}
2026-08-21T07:48:33.806398958Z {"timestamp": 1787298513.8057468, "severity": "INFO", "name": "recommendationservice-server", "message": "[Recv ListRecommendations] product_ids=['66VCHSJNUP', 'OLJCESPC7Z', '0PUK6V6EV0', '1YMWWN1N4O', 'LS4PSXUNUM']"}
2026-08-21T07:48:34.170986510Z {"timestamp": 1787298514.1702356, "severity": "INFO", "name": "recommendationservice-server", "message": "[Recv ListRecommendations] product_ids=['2ZYFJ3GM2N', '66VCHSJNUP', 'OLJCESPC7Z', '9SIQT8TOJO', '0PUK6V6EV0']"}
2026-08-21T07:48:34.292855748Z {"timestamp": 1787298514.2919333, "severity": "INFO", "name": "recommendationservice-server", "message": "[Recv ListRecommendations] product_ids=['OLJCESPC7Z', '2ZYFJ3GM2N', '66VCHSJNUP', '1YMWWN1N4O', '9SIQT8TOJO']"}
2026-08-21T07:48:34.619524715Z {"timestamp": 1787298514.618909, "severity": "INFO", "name": "recommendationservice-server", "message": "[Recv ListRecommendations] product_ids=['LS4PSXUNUM', '1YMWWN1N4O', '6E92ZMYYFZ', '66VCHSJNUP', '9SIQT8TOJO']"}
2026-08-21T07:48:34.722236829Z {"timestamp": 1787298514.721581, "severity": "INFO", "name": "recommendationservice-server", "message": "[Recv ListRecommendations] product_ids=['9SIQT8TOJO', 'OLJCESPC7Z', 'L9ECAV7KIM', '0PUK6V6EV0', '2ZYFJ3GM2N']"}
2026-08-21T07:48:34.759240370Z {"timestamp": 1787298514.7585144, "severity": "INFO", "name": "recommendationservice-server", "message": "[Recv ListRecommendations] product_ids=['L9ECAV7KIM', 'LS4PSXUNUM', '0PUK6V6EV0']"}
2026-08-21T07:48:36.036111532Z {"timestamp": 1787298516.0351217, "severity": "INFO", "name": "recommendationservice-server", "message": "[Recv ListRecommendations] product_ids=['66VCHSJNUP', '9SIQT8TOJO', 'LS4PSXUNUM', '6E92ZMYYFZ', 'L9ECAV7KIM']"}
2026-08-21T07:48:36.426841712Z {"timestamp": 1787298516.4258158, "severity": "INFO", "name": "recommendationservice-server", "message": "[Recv ListRecommendations] product_ids=['6E92ZMYYFZ', '0PUK6V6EV0', '1YMWWN1N4O', 'OLJCESPC7Z', 'LS4PSXUNUM']"}
2026-08-21T07:48:36.579974685Z {"timestamp": 1787298516.5789866, "severity": "INFO", "name": "recommendationservice-server", "message": "[Recv ListRecommendations] product_ids=['66VCHSJNUP', '6E92ZMYYFZ', 'LS4PSXUNUM', '0PUK6V6EV0', 'L9ECAV7KIM']"}
2026-08-21T07:48:36.662250272Z {"timestamp": 1787298516.6612175, "severity": "INFO", "name": "recommendationservice-server", "message": "[Recv ListRecommendations] product_ids=['66VCHSJNUP', 'L9ECAV7KIM', '6E92ZMYYFZ', '0PUK6V6EV0', '9SIQT8TOJO']"}
2026-08-21T07:48:37.592682247Z {"timestamp": 1787298517.591464, "severity": "INFO", "name": "recommendationservice-server", "message": "[Recv ListRecommendations] product_ids=['LS4PSXUNUM', '66VCHSJNUP', '1YMWWN1N4O', '9SIQT8TOJO', 'OLJCESPC7Z']"}
2026-08-21T07:48:38.364050913Z {"timestamp": 1787298518.3634682, "severity": "INFO", "name": "recommendationservice-server", "message": "[Recv ListRecommendations] product_ids=['L9ECAV7KIM', 'OLJCESPC7Z', '66VCHSJNUP', 'LS4PSXUNUM', '1YMWWN1N4O']"}
2026-08-21T07:48:39.583849389Z {"timestamp": 1787298519.5833697, "severity": "INFO", "name": "recommendationservice-server", "message": "[Recv ListRecommendations] product_ids=['LS4PSXUNUM', '66VCHSJNUP', '6E92ZMYYFZ', 'OLJCESPC7Z', '1YMWWN1N4O']"}
2026-08-21T07:48:40.587832226Z {"timestamp": 1787298520.5874202, "severity": "INFO", "name": "recommendationservice-server", "message": "[Recv ListRecommendations] product_ids=['66VCHSJNUP', '6E92ZMYYFZ', '2ZYFJ3GM2N', 'OLJCESPC7Z', '9SIQT8TOJO']"}
2026-08-21T07:48:41.140365080Z {"timestamp": 1787298521.1395516, "severity": "INFO", "name": "recommendationservice-server", "message": "[Recv ListRecommendations] product_ids=['9SIQT8TOJO', 'LS4PSXUNUM', '0PUK6V6EV0']"}
2026-08-21T07:48:43.133055824Z {"timestamp": 1787298523.1325703, "severity": "INFO", "name": "recommendationservice-server", "message": "[Recv ListRecommendations] product_ids=['2ZYFJ3GM2N', '0PUK6V6EV0', '1YMWWN1N4O', 'LS4PSXUNUM', '9SIQT8TOJO']"}
2026-08-21T07:48:43.648663207Z {"timestamp": 1787298523.648357, "severity": "INFO", "name": "recommendationservice-server", "message": "[Recv ListRecommendations] product_ids=['L9ECAV7KIM', '66VCHSJNUP', 'LS4PSXUNUM', 'OLJCESPC7Z', '2ZYFJ3GM2N']"}
2026-08-21T07:48:43.909664307Z {"timestamp": 1787298523.9091594, "severity": "INFO", "name": "recommendationservice-server", "message": "[Recv ListRecommendations] product_ids=['66VCHSJNUP', 'L9ECAV7KIM', 'LS4PSXUNUM', 'OLJCESPC7Z', '9SIQT8TOJO']"}
2026-08-21T07:48:44.051799707Z {"timestamp": 1787298524.0514557, "severity": "INFO", "name": "recommendationservice-server", "message": "[Recv ListRecommendations] product_ids=['LS4PSXUNUM', '0PUK6V6EV0', 'L9ECAV7KIM']"}
2026-08-21T07:48:44.349184892Z {"timestamp": 1787298524.3483858, "severity": "INFO", "name": "recommendationservice-server", "message": "[Recv ListRecommendations] product_ids=['6E92ZMYYFZ', '0PUK6V6EV0', 'LS4PSXUNUM', 'L9ECAV7KIM', 'OLJCESPC7Z']"}
2026-08-21T07:48:44.867697737Z {"timestamp": 1787298524.866859, "severity": "INFO", "name": "recommendationservice-server", "message": "[Recv ListRecommendations] product_ids=['OLJCESPC7Z', '2ZYFJ3GM2N', 'L9ECAV7KIM', '0PUK6V6EV0', 'LS4PSXUNUM']"}
2026-08-21T07:48:44.898689965Z {"timestamp": 1787298524.8980062, "severity": "INFO", "name": "recommendationservice-server", "message": "[Recv ListRecommendations] product_ids=['2ZYFJ3GM2N', '0PUK6V6EV0', 'LS4PSXUNUM', 'OLJCESPC7Z', 'L9ECAV7KIM']"}
2026-08-21T07:48:45.779257878Z {"timestamp": 1787298525.7785404, "severity": "INFO", "name": "recommendationservice-server", "message": "[Recv ListRecommendations] product_ids=['OLJCESPC7Z', '9SIQT8TOJO', 'LS4PSXUNUM', '6E92ZMYYFZ', 'L9ECAV7KIM']"}
2026-08-21T07:48:46.267204163Z {"timestamp": 1787298526.2664938, "severity": "INFO", "name": "recommendationservice-server", "message": "[Recv ListRecommendations] product_ids=['9SIQT8TOJO', '66VCHSJNUP', 'OLJCESPC7Z', '6E92ZMYYFZ', '0PUK6V6EV0']"}
2026-08-21T07:48:47.091281603Z {"timestamp": 1787298527.0907824, "severity": "INFO", "name": "recommendationservice-server", "message": "[Recv ListRecommendations] product_ids=['0PUK6V6EV0', '6E92ZMYYFZ', '1YMWWN1N4O', '2ZYFJ3GM2N', '9SIQT8TOJO']"}
2026-08-21T07:48:47.094563425Z {"timestamp": 1787298527.0940683, "severity": "INFO", "name": "recommendationservice-server", "message": "[Recv ListRecommendations] product_ids=['6E92ZMYYFZ', 'OLJCESPC7Z', 'L9ECAV7KIM', '66VCHSJNUP', '0PUK6V6EV0']"}
2026-08-21T07:48:47.268603004Z {"timestamp": 1787298527.2681003, "severity": "INFO", "name": "recommendationservice-server", "message": "[Recv ListRecommendations] product_ids=['LS4PSXUNUM', 'OLJCESPC7Z', '9SIQT8TOJO', '6E92ZMYYFZ', '66VCHSJNUP']"}
2026-08-21T07:48:47.539426475Z {"timestamp": 1787298527.5390248, "severity": "INFO", "name": "recommendationservice-server", "message": "[Recv ListRecommendations] product_ids=['OLJCESPC7Z', '0PUK6V6EV0', '66VCHSJNUP', 'LS4PSXUNUM', 'L9ECAV7KIM']"}
2026-08-21T07:48:47.805864748Z {"timestamp": 1787298527.8054144, "severity": "INFO", "name": "recommendationservice-server", "message": "[Recv ListRecommendations] product_ids=['L9ECAV7KIM', 'LS4PSXUNUM', '0PUK6V6EV0']"}
2026-08-21T07:48:48.038142389Z {"timestamp": 1787298528.0378635, "severity": "INFO", "name": "recommendationservice-server", "message": "[Recv ListRecommendations] product_ids=['2ZYFJ3GM2N', 'LS4PSXUNUM', '66VCHSJNUP', '6E92ZMYYFZ', 'OLJCESPC7Z']"}
2026-08-21T07:48:48.316333432Z {"timestamp": 1787298528.3149369, "severity": "INFO", "name": "recommendationservice-server", "message": "[Recv ListRecommendations] product_ids=['66VCHSJNUP', '2ZYFJ3GM2N', '6E92ZMYYFZ', '0PUK6V6EV0', 'L9ECAV7KIM']"}
2026-08-21T07:48:48.478920489Z {"timestamp": 1787298528.4777486, "severity": "INFO", "name": "recommendationservice-server", "message": "[Recv ListRecommendations] product_ids=['66VCHSJNUP', '0PUK6V6EV0', '1YMWWN1N4O', 'OLJCESPC7Z', '9SIQT8TOJO']"}
2026-08-21T07:48:49.517844316Z {"timestamp": 1787298529.5169275, "severity": "INFO", "name": "recommendationservice-server", "message": "[Recv ListRecommendations] product_ids=['6E92ZMYYFZ', '66VCHSJNUP', '1YMWWN1N4O', '0PUK6V6EV0', '9SIQT8TOJO']"}
2026-08-21T07:48:49.662410007Z {"timestamp": 1787298529.661628, "severity": "INFO", "name": "recommendationservice-server", "message": "[Recv ListRecommendations] product_ids=['L9ECAV7KIM', '6E92ZMYYFZ', 'OLJCESPC7Z', '9SIQT8TOJO', '2ZYFJ3GM2N']"}
2026-08-21T07:48:49.709899960Z {"timestamp": 1787298529.709116, "severity": "INFO", "name": "recommendationservice-server", "message": "[Recv ListRecommendations] product_ids=['OLJCESPC7Z', 'LS4PSXUNUM', '9SIQT8TOJO', '0PUK6V6EV0', '6E92ZMYYFZ']"}
2026-08-21T07:48:50.447946837Z {"timestamp": 1787298530.4476876, "severity": "INFO", "name": "recommendationservice-server", "message": "[Recv ListRecommendations] product_ids=[]"}
2026-08-21T07:48:51.351083369Z {"timestamp": 1787298531.350524, "severity": "INFO", "name": "recommendationservice-server", "message": "[Recv ListRecommendations] product_ids=['0PUK6V6EV0', '9SIQT8TOJO', 'LS4PSXUNUM']"}
2026-08-21T07:48:51.926516984Z {"timestamp": 1787298531.9259245, "severity": "INFO", "name": "recommendationservice-server", "message": "[Recv ListRecommendations] product_ids=['2ZYFJ3GM2N', '6E92ZMYYFZ', '9SIQT8TOJO', '66VCHSJNUP', '0PUK6V6EV0']"}
2026-08-21T07:48:52.366830010Z {"timestamp": 1787298532.3658228, "severity": "INFO", "name": "recommendationservice-server", "message": "[Recv ListRecommendations] product_ids=['9SIQT8TOJO', '6E92ZMYYFZ', 'OLJCESPC7Z', '1YMWWN1N4O', '2ZYFJ3GM2N']"}
2026-08-21T07:48:52.416176658Z {"timestamp": 1787298532.4152575, "severity": "INFO", "name": "recommendationservice-server", "message": "[Recv ListRecommendations] product_ids=['2ZYFJ3GM2N', '0PUK6V6EV0', '1YMWWN1N4O', '6E92ZMYYFZ', 'LS4PSXUNUM']"}
2026-08-21T07:48:52.889091368Z {"timestamp": 1787298532.8886425, "severity": "INFO", "name": "recommendationservice-server", "message": "[Recv ListRecommendations] product_ids=['66VCHSJNUP', '1YMWWN1N4O', 'LS4PSXUNUM', '6E92ZMYYFZ', 'OLJCESPC7Z']"}
2026-08-21T07:48:53.243846488Z {"timestamp": 1787298533.2435005, "severity": "INFO", "name": "recommendationservice-server", "message": "[Recv ListRecommendations] product_ids=['2ZYFJ3GM2N', '66VCHSJNUP', '6E92ZMYYFZ', 'LS4PSXUNUM', '9SIQT8TOJO']"}
2026-08-21T07:48:53.927027038Z {"timestamp": 1787298533.9262946, "severity": "INFO", "name": "recommendationservice-server", "message": "[Recv ListRecommendations] product_ids=['LS4PSXUNUM', '0PUK6V6EV0', '9SIQT8TOJO', 'OLJCESPC7Z', '66VCHSJNUP']"}
2026-08-21T07:48:54.022792569Z {"timestamp": 1787298534.0221772, "severity": "INFO", "name": "recommendationservice-server", "message": "[Recv ListRecommendations] product_ids=['1YMWWN1N4O', '2ZYFJ3GM2N', 'LS4PSXUNUM', '6E92ZMYYFZ', '66VCHSJNUP']"}
2026-08-21T07:48:54.120414494Z {"timestamp": 1787298534.1198418, "severity": "INFO", "name": "recommendationservice-server", "message": "[Recv ListRecommendations] product_ids=['2ZYFJ3GM2N', '0PUK6V6EV0', 'OLJCESPC7Z', 'LS4PSXUNUM', '66VCHSJNUP']"}
2026-08-21T07:48:54.284848145Z {"timestamp": 1787298534.2841403, "severity": "INFO", "name": "recommendationservice-server", "message": "[Recv ListRecommendations] product_ids=['OLJCESPC7Z', '2ZYFJ3GM2N', 'LS4PSXUNUM', '1YMWWN1N4O', '9SIQT8TOJO']"}
2026-08-21T07:48:54.698574643Z {"timestamp": 1787298534.6975877, "severity": "INFO", "name": "recommendationservice-server", "message": "[Recv ListRecommendations] product_ids=['6E92ZMYYFZ', 'L9ECAV7KIM', '9SIQT8TOJO', '1YMWWN1N4O', '66VCHSJNUP']"}
2026-08-21T07:48:55.541385037Z {"timestamp": 1787298535.5404537, "severity": "INFO", "name": "recommendationservice-server", "message": "[Recv ListRecommendations] product_ids=['9SIQT8TOJO', '2ZYFJ3GM2N', '6E92ZMYYFZ', 'LS4PSXUNUM', 'OLJCESPC7Z']"}
2026-08-21T07:48:55.547573916Z {"timestamp": 1787298535.546706, "severity": "INFO", "name": "recommendationservice-server", "message": "[Recv ListRecommendations] product_ids=['66VCHSJNUP', '6E92ZMYYFZ', '2ZYFJ3GM2N', '1YMWWN1N4O', '0PUK6V6EV0']"}
2026-08-21T07:48:56.452491240Z {"timestamp": 1787298536.4516294, "severity": "INFO", "name": "recommendationservice-server", "message": "[Recv ListRecommendations] product_ids=['L9ECAV7KIM', '0PUK6V6EV0', '66VCHSJNUP', '2ZYFJ3GM2N', '1YMWWN1N4O']"}
2026-08-21T07:48:56.460548315Z {"timestamp": 1787298536.4597666, "severity": "INFO", "name": "recommendationservice-server", "message": "[Recv ListRecommendations] product_ids=['66VCHSJNUP', '2ZYFJ3GM2N', '9SIQT8TOJO', '1YMWWN1N4O', 'LS4PSXUNUM']"}
2026-08-21T07:48:56.865350340Z {"timestamp": 1787298536.8644183, "severity": "INFO", "name": "recommendationservice-server", "message": "[Recv ListRecommendations] product_ids=['1YMWWN1N4O', '2ZYFJ3GM2N', '66VCHSJNUP', '0PUK6V6EV0', '9SIQT8TOJO']"}
2026-08-21T07:48:58.086532786Z {"timestamp": 1787298538.0860143, "severity": "INFO", "name": "recommendationservice-server", "message": "[Recv ListRecommendations] product_ids=['L9ECAV7KIM', '2ZYFJ3GM2N', '66VCHSJNUP', '1YMWWN1N4O', '6E92ZMYYFZ']"}
2026-08-21T07:48:58.773275203Z {"timestamp": 1787298538.77159, "severity": "INFO", "name": "recommendationservice-server", "message": "[Recv ListRecommendations] product_ids=['6E92ZMYYFZ', '66VCHSJNUP', 'LS4PSXUNUM', '9SIQT8TOJO', '0PUK6V6EV0']"}
2026-08-21T07:48:59.151787070Z {"timestamp": 1787298539.150456, "severity": "INFO", "name": "recommendationservice-server", "message": "[Recv ListRecommendations] product_ids=['LS4PSXUNUM', '0PUK6V6EV0', '6E92ZMYYFZ', '1YMWWN1N4O', '2ZYFJ3GM2N']"}
2026-08-21T07:48:59.201515035Z {"timestamp": 1787298539.1999195, "severity": "INFO", "name": "recommendationservice-server", "message": "[Recv ListRecommendations] product_ids=['9SIQT8TOJO', 'LS4PSXUNUM', '2ZYFJ3GM2N', '66VCHSJNUP', 'L9ECAV7KIM']"}
2026-08-21T07:48:59.661421775Z {"timestamp": 1787298539.660552, "severity": "INFO", "name": "recommendationservice-server", "message": "[Recv ListRecommendations] product_ids=['LS4PSXUNUM', '0PUK6V6EV0', '9SIQT8TOJO', '66VCHSJNUP', '6E92ZMYYFZ']"}
2026-08-21T07:49:00.094185722Z {"timestamp": 1787298540.093655, "severity": "INFO", "name": "recommendationservice-server", "message": "[Recv ListRecommendations] product_ids=['2ZYFJ3GM2N', '6E92ZMYYFZ', '9SIQT8TOJO', 'L9ECAV7KIM', '66VCHSJNUP']"}
2026-08-21T07:49:00.884936190Z {"timestamp": 1787298540.8840115, "severity": "INFO", "name": "recommendationservice-server", "message": "[Recv ListRecommendations] product_ids=['66VCHSJNUP', 'OLJCESPC7Z', '6E92ZMYYFZ', '9SIQT8TOJO', '2ZYFJ3GM2N']"}
2026-08-21T07:49:01.915114793Z {"timestamp": 1787298541.914495, "severity": "INFO", "name": "recommendationservice-server", "message": "[Recv ListRecommendations] product_ids=['2ZYFJ3GM2N', 'L9ECAV7KIM', '0PUK6V6EV0', 'OLJCESPC7Z', '9SIQT8TOJO']"}
2026-08-21T07:49:02.265110649Z {"timestamp": 1787298542.2646928, "severity": "INFO", "name": "recommendationservice-server", "message": "[Recv ListRecommendations] product_ids=['6E92ZMYYFZ', '9SIQT8TOJO', '1YMWWN1N4O', '0PUK6V6EV0', 'L9ECAV7KIM']"}
2026-08-21T07:49:02.661854600Z {"timestamp": 1787298542.660775, "severity": "INFO", "name": "recommendationservice-server", "message": "[Recv ListRecommendations] product_ids=['0PUK6V6EV0', '2ZYFJ3GM2N', 'LS4PSXUNUM', 'L9ECAV7KIM', '9SIQT8TOJO']"}
2026-08-21T07:49:02.739141924Z {"timestamp": 1787298542.7385836, "severity": "INFO", "name": "recommendationservice-server", "message": "[Recv ListRecommendations] product_ids=['0PUK6V6EV0', 'LS4PSXUNUM', 'OLJCESPC7Z', 'L9ECAV7KIM', '66VCHSJNUP']"}
2026-08-21T07:49:02.802409230Z {"timestamp": 1787298542.8018441, "severity": "INFO", "name": "recommendationservice-server", "message": "[Recv ListRecommendations] product_ids=['LS4PSXUNUM', '66VCHSJNUP', '0PUK6V6EV0', 'L9ECAV7KIM', '2ZYFJ3GM2N']"}
2026-08-21T07:49:02.816493658Z {"timestamp": 1787298542.8161595, "severity": "INFO", "name": "recommendationservice-server", "message": "[Recv ListRecommendations] product_ids=['2ZYFJ3GM2N', '66VCHSJNUP', '0PUK6V6EV0', 'L9ECAV7KIM', 'LS4PSXUNUM']"}
2026-08-21T07:49:03.038750866Z {"timestamp": 1787298543.0375254, "severity": "INFO", "name": "recommendationservice-server", "message": "[Recv ListRecommendations] product_ids=['LS4PSXUNUM', '0PUK6V6EV0', 'L9ECAV7KIM', '9SIQT8TOJO', '66VCHSJNUP']"}
2026-08-21T07:49:03.533905829Z {"timestamp": 1787298543.5328226, "severity": "INFO", "name": "recommendationservice-server", "message": "[Recv ListRecommendations] product_ids=['OLJCESPC7Z', '0PUK6V6EV0', '2ZYFJ3GM2N', '6E92ZMYYFZ', 'L9ECAV7KIM']"}
2026-08-21T07:49:03.598318062Z {"timestamp": 1787298543.5972846, "severity": "INFO", "name": "recommendationservice-server", "message": "[Recv ListRecommendations] product_ids=['L9ECAV7KIM', '1YMWWN1N4O', '0PUK6V6EV0', 'OLJCESPC7Z', '2ZYFJ3GM2N']"}
2026-08-21T07:49:03.903313915Z {"timestamp": 1787298543.902986, "severity": "INFO", "name": "recommendationservice-server", "message": "[Recv ListRecommendations] product_ids=['66VCHSJNUP', '0PUK6V6EV0', '9SIQT8TOJO', '2ZYFJ3GM2N', '6E92ZMYYFZ']"}
2026-08-21T07:49:04.071787380Z {"timestamp": 1787298544.0704415, "severity": "INFO", "name": "recommendationservice-server", "message": "[Recv ListRecommendations] product_ids=['1YMWWN1N4O', '0PUK6V6EV0', 'LS4PSXUNUM', 'L9ECAV7KIM', '2ZYFJ3GM2N']"}
2026-08-21T07:49:04.391282037Z {"timestamp": 1787298544.3899362, "severity": "INFO", "name": "recommendationservice-server", "message": "[Recv ListRecommendations] product_ids=['1YMWWN1N4O', 'OLJCESPC7Z', 'LS4PSXUNUM', '2ZYFJ3GM2N', 'L9ECAV7KIM']"}
2026-08-21T07:49:04.501937716Z {"timestamp": 1787298544.5008059, "severity": "INFO", "name": "recommendationservice-server", "message": "[Recv ListRecommendations] product_ids=['L9ECAV7KIM', '2ZYFJ3GM2N', '66VCHSJNUP', '1YMWWN1N4O', '6E92ZMYYFZ']"}
2026-08-21T07:49:04.897419945Z {"timestamp": 1787298544.8967333, "severity": "INFO", "name": "recommendationservice-server", "message": "[Recv ListRecommendations] product_ids=['9SIQT8TOJO', '2ZYFJ3GM2N', '0PUK6V6EV0', 'L9ECAV7KIM', '66VCHSJNUP']"}
2026-08-21T07:49:05.735704320Z {"timestamp": 1787298545.7349312, "severity": "INFO", "name": "recommendationservice-server", "message": "[Recv ListRecommendations] product_ids=['1YMWWN1N4O', '2ZYFJ3GM2N', '0PUK6V6EV0', 'LS4PSXUNUM', '66VCHSJNUP']"}
2026-08-21T07:49:05.773805073Z {"timestamp": 1787298545.7731164, "severity": "INFO", "name": "recommendationservice-server", "message": "[Recv ListRecommendations] product_ids=['L9ECAV7KIM', 'OLJCESPC7Z', 'LS4PSXUNUM', '9SIQT8TOJO', '2ZYFJ3GM2N']"}
2026-08-21T07:49:05.806384148Z {"timestamp": 1787298545.8054962, "severity": "INFO", "name": "recommendationservice-server", "message": "[Recv ListRecommendations] product_ids=['1YMWWN1N4O', 'L9ECAV7KIM', '66VCHSJNUP', '2ZYFJ3GM2N', 'OLJCESPC7Z']"}
2026-08-21T07:49:06.435462988Z {"timestamp": 1787298546.434416, "severity": "INFO", "name": "recommendationservice-server", "message": "[Recv ListRecommendations] product_ids=['LS4PSXUNUM', '6E92ZMYYFZ', 'L9ECAV7KIM', 'OLJCESPC7Z', '0PUK6V6EV0']"}
2026-08-21T07:49:06.621116482Z {"timestamp": 1787298546.6203372, "severity": "INFO", "name": "recommendationservice-server", "message": "[Recv ListRecommendations] product_ids=['0PUK6V6EV0', 'OLJCESPC7Z', '2ZYFJ3GM2N', '1YMWWN1N4O', 'LS4PSXUNUM']"}
2026-08-21T07:49:07.830974087Z {"timestamp": 1787298547.830198, "severity": "INFO", "name": "recommendationservice-server", "message": "[Recv ListRecommendations] product_ids=[]"}
2026-08-21T07:49:08.530217573Z {"timestamp": 1787298548.529814, "severity": "INFO", "name": "recommendationservice-server", "message": "[Recv ListRecommendations] product_ids=['66VCHSJNUP', '9SIQT8TOJO', '6E92ZMYYFZ', 'L9ECAV7KIM', '1YMWWN1N4O']"}
2026-08-21T07:49:09.289738335Z {"timestamp": 1787298549.2893372, "severity": "INFO", "name": "recommendationservice-server", "message": "[Recv ListRecommendations] product_ids=['0PUK6V6EV0', '6E92ZMYYFZ', 'L9ECAV7KIM', 'OLJCESPC7Z', '9SIQT8TOJO']"}
2026-08-21T07:49:09.303195773Z {"timestamp": 1787298549.3028228, "severity": "INFO", "name": "recommendationservice-server", "message": "[Recv ListRecommendations] product_ids=['2ZYFJ3GM2N', 'L9ECAV7KIM', 'OLJCESPC7Z', '66VCHSJNUP', '1YMWWN1N4O']"}
2026-08-21T07:49:09.641256679Z {"timestamp": 1787298549.6404212, "severity": "INFO", "name": "recommendationservice-server", "message": "[Recv ListRecommendations] product_ids=['66VCHSJNUP', 'LS4PSXUNUM', '0PUK6V6EV0', '1YMWWN1N4O', '9SIQT8TOJO']"}
2026-08-21T07:49:10.583848525Z {"timestamp": 1787298550.5834918, "severity": "INFO", "name": "recommendationservice-server", "message": "[Recv ListRecommendations] product_ids=['9SIQT8TOJO', '1YMWWN1N4O', '0PUK6V6EV0', '2ZYFJ3GM2N', '66VCHSJNUP']"}
2026-08-21T07:49:12.598242660Z {"timestamp": 1787298552.59729, "severity": "INFO", "name": "recommendationservice-server", "message": "[Recv ListRecommendations] product_ids=['0PUK6V6EV0', '66VCHSJNUP', 'OLJCESPC7Z', '1YMWWN1N4O', '9SIQT8TOJO']"}
2026-08-21T07:49:12.611721709Z {"timestamp": 1787298552.6106813, "severity": "INFO", "name": "recommendationservice-server", "message": "[Recv ListRecommendations] product_ids=['0PUK6V6EV0', 'LS4PSXUNUM', '9SIQT8TOJO']"}
2026-08-21T07:49:12.979184119Z {"timestamp": 1787298552.9780817, "severity": "INFO", "name": "recommendationservice-server", "message": "[Recv ListRecommendations] product_ids=['0PUK6V6EV0', '1YMWWN1N4O', '6E92ZMYYFZ', '2ZYFJ3GM2N', '9SIQT8TOJO']"}
2026-08-21T07:49:13.071248003Z {"timestamp": 1787298553.0709465, "severity": "INFO", "name": "recommendationservice-server", "message": "[Recv ListRecommendations] product_ids=['LS4PSXUNUM', '9SIQT8TOJO', '0PUK6V6EV0', '2ZYFJ3GM2N', '1YMWWN1N4O']"}
2026-08-21T07:49:13.440217453Z {"timestamp": 1787298553.4385567, "severity": "INFO", "name": "recommendationservice-server", "message": "[Recv ListRecommendations] product_ids=['L9ECAV7KIM', '1YMWWN1N4O', '9SIQT8TOJO', '2ZYFJ3GM2N', 'LS4PSXUNUM']"}
2026-08-21T07:49:13.445569406Z {"timestamp": 1787298553.4442854, "severity": "INFO", "name": "recommendationservice-server", "message": "[Recv ListRecommendations] product_ids=['66VCHSJNUP', 'L9ECAV7KIM', 'LS4PSXUNUM', '0PUK6V6EV0', '9SIQT8TOJO']"}
2026-08-21T07:49:14.332701102Z {"timestamp": 1787298554.3321369, "severity": "INFO", "name": "recommendationservice-server", "message": "[Recv ListRecommendations] product_ids=['1YMWWN1N4O', '6E92ZMYYFZ', 'LS4PSXUNUM', '0PUK6V6EV0', 'OLJCESPC7Z']"}
2026-08-21T07:49:14.384274627Z {"timestamp": 1787298554.383683, "severity": "INFO", "name": "recommendationservice-server", "message": "[Recv ListRecommendations] product_ids=['2ZYFJ3GM2N', 'LS4PSXUNUM', '1YMWWN1N4O', '0PUK6V6EV0', '6E92ZMYYFZ']"}
2026-08-21T07:49:14.560588049Z {"timestamp": 1787298554.5591855, "severity": "INFO", "name": "recommendationservice-server", "message": "[Recv ListRecommendations] product_ids=['L9ECAV7KIM', 'LS4PSXUNUM', '0PUK6V6EV0']"}
2026-08-21T07:49:15.596701407Z {"timestamp": 1787298555.595565, "severity": "INFO", "name": "recommendationservice-server", "message": "[Recv ListRecommendations] product_ids=['0PUK6V6EV0', 'L9ECAV7KIM', '6E92ZMYYFZ', 'OLJCESPC7Z', 'LS4PSXUNUM']"}
2026-08-21T07:49:15.814762887Z {"timestamp": 1787298555.8144717, "severity": "INFO", "name": "recommendationservice-server", "message": "[Recv ListRecommendations] product_ids=['2ZYFJ3GM2N', '9SIQT8TOJO', '66VCHSJNUP', '6E92ZMYYFZ', 'OLJCESPC7Z']"}
2026-08-21T07:49:16.486894390Z {"timestamp": 1787298556.4864671, "severity": "INFO", "name": "recommendationservice-server", "message": "[Recv ListRecommendations] product_ids=['LS4PSXUNUM', 'OLJCESPC7Z', '2ZYFJ3GM2N', '9SIQT8TOJO', '66VCHSJNUP']"}
2026-08-21T07:49:16.583686728Z {"timestamp": 1787298556.583138, "severity": "INFO", "name": "recommendationservice-server", "message": "[Recv ListRecommendations] product_ids=[]"}
2026-08-21T07:49:16.935122882Z {"timestamp": 1787298556.934131, "severity": "INFO", "name": "recommendationservice-server", "message": "[Recv ListRecommendations] product_ids=['6E92ZMYYFZ', 'LS4PSXUNUM', '2ZYFJ3GM2N', '1YMWWN1N4O', 'OLJCESPC7Z']"}
2026-08-21T07:49:17.135049470Z {"timestamp": 1787298557.1336482, "severity": "INFO", "name": "recommendationservice-server", "message": "[Recv ListRecommendations] product_ids=['L9ECAV7KIM', '0PUK6V6EV0', '9SIQT8TOJO', 'OLJCESPC7Z', '6E92ZMYYFZ']"}
2026-08-21T07:49:17.223916044Z {"timestamp": 1787298557.2228165, "severity": "INFO", "name": "recommendationservice-server", "message": "[Recv ListRecommendations] product_ids=['OLJCESPC7Z', '1YMWWN1N4O', '2ZYFJ3GM2N', '0PUK6V6EV0', '66VCHSJNUP']"}
2026-08-21T07:49:17.724928454Z {"timestamp": 1787298557.7214162, "severity": "INFO", "name": "recommendationservice-server", "message": "[Recv ListRecommendations] product_ids=['6E92ZMYYFZ', '2ZYFJ3GM2N', 'L9ECAV7KIM', 'LS4PSXUNUM', '66VCHSJNUP']"}
2026-08-21T07:49:19.829564315Z {"timestamp": 1787298559.8285434, "severity": "INFO", "name": "recommendationservice-server", "message": "[Recv ListRecommendations] product_ids=['LS4PSXUNUM', 'OLJCESPC7Z', '0PUK6V6EV0', '9SIQT8TOJO', '66VCHSJNUP']"}
2026-08-21T07:49:19.940899181Z {"timestamp": 1787298559.9400225, "severity": "INFO", "name": "recommendationservice-server", "message": "[Recv ListRecommendations] product_ids=['1YMWWN1N4O', 'L9ECAV7KIM', '66VCHSJNUP', '9SIQT8TOJO', '2ZYFJ3GM2N']"}
2026-08-21T07:49:20.321300383Z {"timestamp": 1787298560.3208554, "severity": "INFO", "name": "recommendationservice-server", "message": "[Recv ListRecommendations] product_ids=['0PUK6V6EV0', '2ZYFJ3GM2N', '1YMWWN1N4O', 'L9ECAV7KIM', '9SIQT8TOJO']"}
2026-08-21T07:49:20.696360334Z {"timestamp": 1787298560.6958406, "severity": "INFO", "name": "recommendationservice-server", "message": "[Recv ListRecommendations] product_ids=['2ZYFJ3GM2N', 'L9ECAV7KIM', '6E92ZMYYFZ', '0PUK6V6EV0', '1YMWWN1N4O']"}
2026-08-21T07:49:20.729705955Z {"timestamp": 1787298560.729034, "severity": "INFO", "name": "recommendationservice-server", "message": "[Recv ListRecommendations] product_ids=['6E92ZMYYFZ', '1YMWWN1N4O', '66VCHSJNUP', 'L9ECAV7KIM', '0PUK6V6EV0']"}
2026-08-21T07:49:21.336468879Z {"timestamp": 1787298561.335058, "severity": "INFO", "name": "recommendationservice-server", "message": "[Recv ListRecommendations] product_ids=['2ZYFJ3GM2N', '9SIQT8TOJO', 'OLJCESPC7Z', 'L9ECAV7KIM', '66VCHSJNUP']"}
2026-08-21T07:49:21.375196059Z {"timestamp": 1787298561.3745182, "severity": "INFO", "name": "recommendationservice-server", "message": "[Recv ListRecommendations] product_ids=['66VCHSJNUP', '9SIQT8TOJO', '0PUK6V6EV0', '6E92ZMYYFZ', '2ZYFJ3GM2N']"}
2026-08-21T07:49:21.482461976Z {"timestamp": 1787298561.481759, "severity": "INFO", "name": "recommendationservice-server", "message": "[Recv ListRecommendations] product_ids=['2ZYFJ3GM2N', '9SIQT8TOJO', '0PUK6V6EV0', '1YMWWN1N4O', 'LS4PSXUNUM']"}
2026-08-21T07:49:21.804826717Z {"timestamp": 1787298561.8040187, "severity": "INFO", "name": "recommendationservice-server", "message": "[Recv ListRecommendations] product_ids=['1YMWWN1N4O', '2ZYFJ3GM2N', '66VCHSJNUP', '6E92ZMYYFZ', 'L9ECAV7KIM']"}
2026-08-21T07:49:22.292223394Z {"timestamp": 1787298562.291422, "severity": "INFO", "name": "recommendationservice-server", "message": "[Recv ListRecommendations] product_ids=['LS4PSXUNUM', '0PUK6V6EV0', 'L9ECAV7KIM', '1YMWWN1N4O', 'OLJCESPC7Z']"}
2026-08-21T07:49:22.986329155Z {"timestamp": 1787298562.985084, "severity": "INFO", "name": "recommendationservice-server", "message": "[Recv ListRecommendations] product_ids=['6E92ZMYYFZ', '9SIQT8TOJO', '66VCHSJNUP', '2ZYFJ3GM2N', '0PUK6V6EV0']"}
2026-08-21T07:49:23.240410901Z {"timestamp": 1787298563.2394917, "severity": "INFO", "name": "recommendationservice-server", "message": "[Recv ListRecommendations] product_ids=['6E92ZMYYFZ', 'OLJCESPC7Z', 'LS4PSXUNUM', '9SIQT8TOJO', '2ZYFJ3GM2N']"}
2026-08-21T07:49:23.523766217Z {"timestamp": 1787298563.5214648, "severity": "INFO", "name": "recommendationservice-server", "message": "[Recv ListRecommendations] product_ids=['1YMWWN1N4O', '0PUK6V6EV0', '66VCHSJNUP', 'OLJCESPC7Z', '9SIQT8TOJO']"}
2026-08-21T07:49:25.145535711Z {"timestamp": 1787298565.1446881, "severity": "INFO", "name": "recommendationservice-server", "message": "[Recv ListRecommendations] product_ids=['66VCHSJNUP', '6E92ZMYYFZ', '1YMWWN1N4O', 'LS4PSXUNUM', '0PUK6V6EV0']"}
2026-08-21T07:49:25.582715174Z {"timestamp": 1787298565.5821905, "severity": "INFO", "name": "recommendationservice-server", "message": "[Recv ListRecommendations] product_ids=['LS4PSXUNUM', 'OLJCESPC7Z', '6E92ZMYYFZ', '1YMWWN1N4O', 'L9ECAV7KIM']"}
2026-08-21T07:49:25.742499071Z {"timestamp": 1787298565.7415924, "severity": "INFO", "name": "recommendationservice-server", "message": "[Recv ListRecommendations] product_ids=['OLJCESPC7Z', 'L9ECAV7KIM', '0PUK6V6EV0', '2ZYFJ3GM2N', '66VCHSJNUP']"}
2026-08-21T07:49:26.358528674Z {"timestamp": 1787298566.3580868, "severity": "INFO", "name": "recommendationservice-server", "message": "[Recv ListRecommendations] product_ids=[]"}
2026-08-21T07:49:26.935023683Z {"timestamp": 1787298566.9345033, "severity": "INFO", "name": "recommendationservice-server", "message": "[Recv ListRecommendations] product_ids=['LS4PSXUNUM', '1YMWWN1N4O', 'OLJCESPC7Z', 'L9ECAV7KIM', '9SIQT8TOJO']"}
2026-08-21T07:49:27.131704795Z {"timestamp": 1787298567.1302614, "severity": "INFO", "name": "recommendationservice-server", "message": "[Recv ListRecommendations] product_ids=['LS4PSXUNUM', '9SIQT8TOJO', '1YMWWN1N4O', '2ZYFJ3GM2N', '0PUK6V6EV0']"}
2026-08-21T07:49:27.210523211Z {"timestamp": 1787298567.2064557, "severity": "INFO", "name": "recommendationservice-server", "message": "[Recv ListRecommendations] product_ids=['OLJCESPC7Z', '1YMWWN1N4O', '0PUK6V6EV0', 'LS4PSXUNUM', '66VCHSJNUP']"}
2026-08-21T07:49:28.553159979Z {"timestamp": 1787298568.5526688, "severity": "INFO", "name": "recommendationservice-server", "message": "[Recv ListRecommendations] product_ids=['1YMWWN1N4O', '6E92ZMYYFZ', '66VCHSJNUP', '2ZYFJ3GM2N', '0PUK6V6EV0']"}
2026-08-21T07:49:29.031115245Z {"timestamp": 1787298569.0301192, "severity": "INFO", "name": "recommendationservice-server", "message": "[Recv ListRecommendations] product_ids=['2ZYFJ3GM2N', '6E92ZMYYFZ', '66VCHSJNUP', 'LS4PSXUNUM', '0PUK6V6EV0']"}
2026-08-21T07:49:30.328764493Z {"timestamp": 1787298570.328524, "severity": "INFO", "name": "recommendationservice-server", "message": "[Recv ListRecommendations] product_ids=['1YMWWN1N4O', '66VCHSJNUP', 'L9ECAV7KIM', '0PUK6V6EV0', '6E92ZMYYFZ']"}
2026-08-21T07:49:30.362567987Z {"timestamp": 1787298570.3620806, "severity": "INFO", "name": "recommendationservice-server", "message": "[Recv ListRecommendations] product_ids=['6E92ZMYYFZ', 'OLJCESPC7Z', 'LS4PSXUNUM', 'L9ECAV7KIM', '9SIQT8TOJO']"}
2026-08-21T07:49:30.510033168Z {"timestamp": 1787298570.5088341, "severity": "INFO", "name": "recommendationservice-server", "message": "[Recv ListRecommendations] product_ids=['66VCHSJNUP', '1YMWWN1N4O', '2ZYFJ3GM2N', '6E92ZMYYFZ', 'OLJCESPC7Z']"}
2026-08-21T07:49:31.003089348Z {"timestamp": 1787298571.00253, "severity": "INFO", "name": "recommendationservice-server", "message": "[Recv ListRecommendations] product_ids=['LS4PSXUNUM', '0PUK6V6EV0', '66VCHSJNUP', '2ZYFJ3GM2N', '1YMWWN1N4O']"}
2026-08-21T07:49:31.348425153Z {"timestamp": 1787298571.347225, "severity": "INFO", "name": "recommendationservice-server", "message": "[Recv ListRecommendations] product_ids=['1YMWWN1N4O', '0PUK6V6EV0', '66VCHSJNUP', '6E92ZMYYFZ', '2ZYFJ3GM2N']"}
2026-08-21T07:49:31.588399659Z {"timestamp": 1787298571.5876927, "severity": "INFO", "name": "recommendationservice-server", "message": "[Recv ListRecommendations] product_ids=['OLJCESPC7Z', '9SIQT8TOJO', '2ZYFJ3GM2N', 'LS4PSXUNUM', '66VCHSJNUP']"}
2026-08-21T07:49:31.974545951Z {"timestamp": 1787298571.9737716, "severity": "INFO", "name": "recommendationservice-server", "message": "[Recv ListRecommendations] product_ids=['LS4PSXUNUM', '66VCHSJNUP', '9SIQT8TOJO', '2ZYFJ3GM2N', '1YMWWN1N4O']"}
2026-08-21T07:49:32.005350024Z {"timestamp": 1787298572.0049644, "severity": "INFO", "name": "recommendationservice-server", "message": "[Recv ListRecommendations] product_ids=['OLJCESPC7Z', '66VCHSJNUP', 'LS4PSXUNUM', '0PUK6V6EV0', 'L9ECAV7KIM']"}
2026-08-21T07:49:32.751554284Z {"timestamp": 1787298572.7510166, "severity": "INFO", "name": "recommendationservice-server", "message": "[Recv ListRecommendations] product_ids=['L9ECAV7KIM', '9SIQT8TOJO', '2ZYFJ3GM2N', '1YMWWN1N4O', '0PUK6V6EV0']"}
2026-08-21T07:49:32.826996750Z {"timestamp": 1787298572.8266282, "severity": "INFO", "name": "recommendationservice-server", "message": "[Recv ListRecommendations] product_ids=['2ZYFJ3GM2N', 'L9ECAV7KIM', '9SIQT8TOJO', '66VCHSJNUP', '0PUK6V6EV0']"}
2026-08-21T07:49:33.097138883Z {"timestamp": 1787298573.096804, "severity": "INFO", "name": "recommendationservice-server", "message": "[Recv ListRecommendations] product_ids=['9SIQT8TOJO', '66VCHSJNUP', '6E92ZMYYFZ', 'OLJCESPC7Z', 'L9ECAV7KIM']"}
2026-08-21T07:49:34.907920408Z {"timestamp": 1787298574.9070652, "severity": "INFO", "name": "recommendationservice-server", "message": "[Recv ListRecommendations] product_ids=['OLJCESPC7Z', '0PUK6V6EV0', '1YMWWN1N4O', 'L9ECAV7KIM', '9SIQT8TOJO']"}
2026-08-21T07:49:35.698832687Z {"timestamp": 1787298575.697536, "severity": "INFO", "name": "recommendationservice-server", "message": "[Recv ListRecommendations] product_ids=['9SIQT8TOJO', '2ZYFJ3GM2N', 'LS4PSXUNUM', 'L9ECAV7KIM', '6E92ZMYYFZ']"}
2026-08-21T07:49:36.078864014Z {"timestamp": 1787298576.0779812, "severity": "INFO", "name": "recommendationservice-server", "message": "[Recv ListRecommendations] product_ids=[]"}
2026-08-21T07:49:36.631729668Z {"timestamp": 1787298576.631079, "severity": "INFO", "name": "recommendationservice-server", "message": "[Recv ListRecommendations] product_ids=['L9ECAV7KIM', '6E92ZMYYFZ', '1YMWWN1N4O', '2ZYFJ3GM2N', '0PUK6V6EV0']"}
2026-08-21T07:49:36.643798555Z {"timestamp": 1787298576.6432054, "severity": "INFO", "name": "recommendationservice-server", "message": "[Recv ListRecommendations] product_ids=['6E92ZMYYFZ', '66VCHSJNUP', '9SIQT8TOJO', 'LS4PSXUNUM', '1YMWWN1N4O']"}
2026-08-21T07:49:37.181403923Z {"timestamp": 1787298577.180468, "severity": "INFO", "name": "recommendationservice-server", "message": "[Recv ListRecommendations] product_ids=['L9ECAV7KIM', '66VCHSJNUP', '0PUK6V6EV0', '6E92ZMYYFZ', '9SIQT8TOJO']"}
2026-08-21T07:49:37.292594911Z {"timestamp": 1787298577.2916493, "severity": "INFO", "name": "recommendationservice-server", "message": "[Recv ListRecommendations] product_ids=['66VCHSJNUP', 'LS4PSXUNUM', '6E92ZMYYFZ', '2ZYFJ3GM2N', 'OLJCESPC7Z']"}
2026-08-21T07:49:38.682129098Z {"timestamp": 1787298578.6809502, "severity": "INFO", "name": "recommendationservice-server", "message": "[Recv ListRecommendations] product_ids=['LS4PSXUNUM', '66VCHSJNUP', 'OLJCESPC7Z', '0PUK6V6EV0', 'L9ECAV7KIM']"}
2026-08-21T07:49:39.453217577Z {"timestamp": 1787298579.4519346, "severity": "INFO", "name": "recommendationservice-server", "message": "[Recv ListRecommendations] product_ids=['1YMWWN1N4O', 'LS4PSXUNUM', '0PUK6V6EV0', '9SIQT8TOJO', 'OLJCESPC7Z']"}
2026-08-21T07:49:39.543950865Z {"timestamp": 1787298579.5427952, "severity": "INFO", "name": "recommendationservice-server", "message": "[Recv ListRecommendations] product_ids=['OLJCESPC7Z', '9SIQT8TOJO', 'L9ECAV7KIM', '2ZYFJ3GM2N', '1YMWWN1N4O']"}
2026-08-21T07:49:40.385584376Z {"timestamp": 1787298580.3852208, "severity": "INFO", "name": "recommendationservice-server", "message": "[Recv ListRecommendations] product_ids=['6E92ZMYYFZ', '2ZYFJ3GM2N', '1YMWWN1N4O', 'L9ECAV7KIM', 'LS4PSXUNUM']"}
2026-08-21T07:49:40.391262563Z {"timestamp": 1787298580.3909447, "severity": "INFO", "name": "recommendationservice-server", "message": "[Recv ListRecommendations] product_ids=['0PUK6V6EV0', '2ZYFJ3GM2N', '1YMWWN1N4O', 'L9ECAV7KIM', 'LS4PSXUNUM']"}
2026-08-21T07:49:40.734782181Z {"timestamp": 1787298580.7344344, "severity": "INFO", "name": "recommendationservice-server", "message": "[Recv ListRecommendations] product_ids=['1YMWWN1N4O', '6E92ZMYYFZ', '0PUK6V6EV0', '66VCHSJNUP', 'L9ECAV7KIM']"}
2026-08-21T07:49:41.032335811Z {"timestamp": 1787298581.030615, "severity": "INFO", "name": "recommendationservice-server", "message": "[Recv ListRecommendations] product_ids=['66VCHSJNUP', '9SIQT8TOJO', 'L9ECAV7KIM', '0PUK6V6EV0', 'OLJCESPC7Z']"}
2026-08-21T07:49:41.173739323Z {"timestamp": 1787298581.1729655, "severity": "INFO", "name": "recommendationservice-server", "message": "[Recv ListRecommendations] product_ids=['OLJCESPC7Z', '66VCHSJNUP', '1YMWWN1N4O', '0PUK6V6EV0', '9SIQT8TOJO']"}
2026-08-21T07:49:41.558114029Z {"timestamp": 1787298581.557396, "severity": "INFO", "name": "recommendationservice-server", "message": "[Recv ListRecommendations] product_ids=['1YMWWN1N4O', '6E92ZMYYFZ', '9SIQT8TOJO', '2ZYFJ3GM2N', 'OLJCESPC7Z']"}
2026-08-21T07:49:41.884217324Z {"timestamp": 1787298581.8832288, "severity": "INFO", "name": "recommendationservice-server", "message": "[Recv ListRecommendations] product_ids=['LS4PSXUNUM', '66VCHSJNUP', '6E92ZMYYFZ', 'OLJCESPC7Z', '1YMWWN1N4O']"}
2026-08-21T07:49:41.937072689Z {"timestamp": 1787298581.9362168, "severity": "INFO", "name": "recommendationservice-server", "message": "[Recv ListRecommendations] product_ids=['0PUK6V6EV0', '1YMWWN1N4O', 'OLJCESPC7Z', '9SIQT8TOJO', '66VCHSJNUP']"}
2026-08-21T07:49:42.466417165Z {"timestamp": 1787298582.4654348, "severity": "INFO", "name": "recommendationservice-server", "message": "[Recv ListRecommendations] product_ids=['9SIQT8TOJO', '1YMWWN1N4O', '0PUK6V6EV0', '2ZYFJ3GM2N', 'LS4PSXUNUM']"}
2026-08-21T07:49:43.523627718Z {"timestamp": 1787298583.5228858, "severity": "INFO", "name": "recommendationservice-server", "message": "[Recv ListRecommendations] product_ids=['9SIQT8TOJO', 'LS4PSXUNUM', '6E92ZMYYFZ', '66VCHSJNUP', '2ZYFJ3GM2N']"}
2026-08-21T07:49:44.129496086Z {"timestamp": 1787298584.1291907, "severity": "INFO", "name": "recommendationservice-server", "message": "[Recv ListRecommendations] product_ids=['OLJCESPC7Z', '66VCHSJNUP', '1YMWWN1N4O', 'LS4PSXUNUM', '2ZYFJ3GM2N']"}
2026-08-21T07:49:44.509195440Z {"timestamp": 1787298584.5087705, "severity": "INFO", "name": "recommendationservice-server", "message": "[Recv ListRecommendations] product_ids=['6E92ZMYYFZ', '1YMWWN1N4O', 'L9ECAV7KIM', '2ZYFJ3GM2N', 'OLJCESPC7Z']"}
2026-08-21T07:49:44.817672542Z {"timestamp": 1787298584.81559, "severity": "INFO", "name": "recommendationservice-server", "message": "[Recv ListRecommendations] product_ids=['9SIQT8TOJO', '6E92ZMYYFZ', 'OLJCESPC7Z', 'LS4PSXUNUM', 'L9ECAV7KIM']"}
2026-08-21T07:49:45.570935590Z {"timestamp": 1787298585.5702841, "severity": "INFO", "name": "recommendationservice-server", "message": "[Recv ListRecommendations] product_ids=['OLJCESPC7Z', 'LS4PSXUNUM', '6E92ZMYYFZ', '1YMWWN1N4O', '0PUK6V6EV0']"}
2026-08-21T07:49:46.234728128Z {"timestamp": 1787298586.2337637, "severity": "INFO", "name": "recommendationservice-server", "message": "[Recv ListRecommendations] product_ids=['OLJCESPC7Z', '9SIQT8TOJO', 'LS4PSXUNUM', '6E92ZMYYFZ', 'L9ECAV7KIM']"}
2026-08-21T07:49:46.313693292Z {"timestamp": 1787298586.312807, "severity": "INFO", "name": "recommendationservice-server", "message": "[Recv ListRecommendations] product_ids=['LS4PSXUNUM', '1YMWWN1N4O', 'L9ECAV7KIM', '66VCHSJNUP', '2ZYFJ3GM2N']"}
2026-08-21T07:49:46.409282460Z {"timestamp": 1787298586.408554, "severity": "INFO", "name": "recommendationservice-server", "message": "[Recv ListRecommendations] product_ids=['1YMWWN1N4O', '0PUK6V6EV0', 'LS4PSXUNUM', '66VCHSJNUP', 'L9ECAV7KIM']"}
2026-08-21T07:49:46.467263839Z {"timestamp": 1787298586.4665933, "severity": "INFO", "name": "recommendationservice-server", "message": "[Recv ListRecommendations] product_ids=['9SIQT8TOJO', 'L9ECAV7KIM', 'LS4PSXUNUM', '1YMWWN1N4O', '6E92ZMYYFZ']"}
2026-08-21T07:49:46.519453311Z {"timestamp": 1787298586.5188217, "severity": "INFO", "name": "recommendationservice-server", "message": "[Recv ListRecommendations] product_ids=['6E92ZMYYFZ', '66VCHSJNUP', '1YMWWN1N4O', '2ZYFJ3GM2N', 'LS4PSXUNUM']"}
2026-08-21T07:49:47.093900559Z {"timestamp": 1787298587.0931668, "severity": "INFO", "name": "recommendationservice-server", "message": "[Recv ListRecommendations] product_ids=['0PUK6V6EV0', 'L9ECAV7KIM', '6E92ZMYYFZ', '66VCHSJNUP', '1YMWWN1N4O']"}
2026-08-21T07:49:47.195428257Z {"timestamp": 1787298587.194746, "severity": "INFO", "name": "recommendationservice-server", "message": "[Recv ListRecommendations] product_ids=['9SIQT8TOJO', 'OLJCESPC7Z', '66VCHSJNUP', 'LS4PSXUNUM', '2ZYFJ3GM2N']"}
2026-08-21T07:49:47.197752420Z {"timestamp": 1787298587.1972709, "severity": "INFO", "name": "recommendationservice-server", "message": "[Recv ListRecommendations] product_ids=['2ZYFJ3GM2N', 'L9ECAV7KIM', '6E92ZMYYFZ', '1YMWWN1N4O', 'LS4PSXUNUM']"}
2026-08-21T07:49:48.122588933Z {"timestamp": 1787298588.1222658, "severity": "INFO", "name": "recommendationservice-server", "message": "[Recv ListRecommendations] product_ids=['L9ECAV7KIM', '0PUK6V6EV0', 'OLJCESPC7Z', '1YMWWN1N4O', 'LS4PSXUNUM']"}
2026-08-21T07:49:48.432402245Z {"timestamp": 1787298588.4311821, "severity": "INFO", "name": "recommendationservice-server", "message": "[Recv ListRecommendations] product_ids=['L9ECAV7KIM', '0PUK6V6EV0', 'OLJCESPC7Z', '2ZYFJ3GM2N', '6E92ZMYYFZ']"}
2026-08-21T07:49:48.442772869Z {"timestamp": 1787298588.4400766, "severity": "INFO", "name": "recommendationservice-server", "message": "[Recv ListRecommendations] product_ids=['0PUK6V6EV0', '2ZYFJ3GM2N', '9SIQT8TOJO', 'OLJCESPC7Z', 'L9ECAV7KIM']"}
2026-08-21T07:49:49.212032621Z {"timestamp": 1787298589.2111802, "severity": "INFO", "name": "recommendationservice-server", "message": "[Recv ListRecommendations] product_ids=['6E92ZMYYFZ', 'OLJCESPC7Z', 'L9ECAV7KIM', '1YMWWN1N4O', 'LS4PSXUNUM']"}
2026-08-21T07:49:49.490277089Z {"timestamp": 1787298589.4893339, "severity": "INFO", "name": "recommendationservice-server", "message": "[Recv ListRecommendations] product_ids=['6E92ZMYYFZ', 'LS4PSXUNUM', '9SIQT8TOJO', '2ZYFJ3GM2N', '66VCHSJNUP']"}
2026-08-21T07:49:49.846682796Z {"timestamp": 1787298589.845628, "severity": "INFO", "name": "recommendationservice-server", "message": "[Recv ListRecommendations] product_ids=['0PUK6V6EV0', 'OLJCESPC7Z', '9SIQT8TOJO', '2ZYFJ3GM2N', 'L9ECAV7KIM']"}
2026-08-21T07:49:50.639091073Z {"timestamp": 1787298590.6383226, "severity": "INFO", "name": "recommendationservice-server", "message": "[Recv ListRecommendations] product_ids=['66VCHSJNUP', '0PUK6V6EV0', 'OLJCESPC7Z', '9SIQT8TOJO', 'L9ECAV7KIM']"}
2026-08-21T07:49:52.111421979Z {"timestamp": 1787298592.1110935, "severity": "INFO", "name": "recommendationservice-server", "message": "[Recv ListRecommendations] product_ids=['1YMWWN1N4O', '6E92ZMYYFZ', '2ZYFJ3GM2N', 'L9ECAV7KIM', '66VCHSJNUP']"}
2026-08-21T07:49:52.116920631Z {"timestamp": 1787298592.1165812, "severity": "INFO", "name": "recommendationservice-server", "message": "[Recv ListRecommendations] product_ids=['LS4PSXUNUM', '6E92ZMYYFZ', '2ZYFJ3GM2N', 'OLJCESPC7Z', '1YMWWN1N4O']"}
2026-08-21T07:49:52.183618368Z {"timestamp": 1787298592.1831691, "severity": "INFO", "name": "recommendationservice-server", "message": "[Recv ListRecommendations] product_ids=['LS4PSXUNUM', '1YMWWN1N4O', '9SIQT8TOJO', '66VCHSJNUP', '2ZYFJ3GM2N']"}
2026-08-21T07:49:52.253153944Z {"timestamp": 1787298592.252669, "severity": "INFO", "name": "recommendationservice-server", "message": "[Recv ListRecommendations] product_ids=['1YMWWN1N4O', '9SIQT8TOJO', '0PUK6V6EV0', '66VCHSJNUP', 'L9ECAV7KIM']"}
2026-08-21T07:49:52.903147781Z {"timestamp": 1787298592.9026694, "severity": "INFO", "name": "recommendationservice-server", "message": "[Recv ListRecommendations] product_ids=['66VCHSJNUP', 'LS4PSXUNUM', 'OLJCESPC7Z', '2ZYFJ3GM2N', 'L9ECAV7KIM']"}
2026-08-21T07:49:53.196096182Z {"timestamp": 1787298593.1956046, "severity": "INFO", "name": "recommendationservice-server", "message": "[Recv ListRecommendations] product_ids=['9SIQT8TOJO', '0PUK6V6EV0', 'OLJCESPC7Z', '6E92ZMYYFZ', '66VCHSJNUP']"}
2026-08-21T07:49:53.320114003Z {"timestamp": 1787298593.3178964, "severity": "INFO", "name": "recommendationservice-server", "message": "[Recv ListRecommendations] product_ids=['2ZYFJ3GM2N', 'LS4PSXUNUM', 'OLJCESPC7Z', '6E92ZMYYFZ', '1YMWWN1N4O']"}
2026-08-21T07:49:54.182984231Z {"timestamp": 1787298594.182379, "severity": "INFO", "name": "recommendationservice-server", "message": "[Recv ListRecommendations] product_ids=['OLJCESPC7Z', 'L9ECAV7KIM', '1YMWWN1N4O', '0PUK6V6EV0', '2ZYFJ3GM2N']"}
2026-08-21T07:49:54.229990216Z {"timestamp": 1787298594.2296376, "severity": "INFO", "name": "recommendationservice-server", "message": "[Recv ListRecommendations] product_ids=['OLJCESPC7Z', 'LS4PSXUNUM', '0PUK6V6EV0', 'L9ECAV7KIM', '2ZYFJ3GM2N']"}
2026-08-21T07:49:54.724219012Z {"timestamp": 1787298594.7236998, "severity": "INFO", "name": "recommendationservice-server", "message": "[Recv ListRecommendations] product_ids=['9SIQT8TOJO', '0PUK6V6EV0', 'OLJCESPC7Z', '1YMWWN1N4O', 'LS4PSXUNUM']"}
2026-08-21T07:49:55.882552732Z {"timestamp": 1787298595.8807313, "severity": "INFO", "name": "recommendationservice-server", "message": "[Recv ListRecommendations] product_ids=['OLJCESPC7Z', 'L9ECAV7KIM', '2ZYFJ3GM2N', '66VCHSJNUP', 'LS4PSXUNUM']"}
2026-08-21T07:49:59.154553517Z {"timestamp": 1787298599.1538384, "severity": "INFO", "name": "recommendationservice-server", "message": "[Recv ListRecommendations] product_ids=['LS4PSXUNUM', '1YMWWN1N4O', '66VCHSJNUP', 'OLJCESPC7Z', 'L9ECAV7KIM']"}
2026-08-21T07:49:59.878514776Z {"timestamp": 1787298599.8775055, "severity": "INFO", "name": "recommendationservice-server", "message": "[Recv ListRecommendations] product_ids=['L9ECAV7KIM', '2ZYFJ3GM2N', 'LS4PSXUNUM', '1YMWWN1N4O', '9SIQT8TOJO']"}
2026-08-21T07:50:00.097046143Z {"timestamp": 1787298600.0965998, "severity": "INFO", "name": "recommendationservice-server", "message": "[Recv ListRecommendations] product_ids=['6E92ZMYYFZ', 'LS4PSXUNUM', '1YMWWN1N4O', 'L9ECAV7KIM', '66VCHSJNUP']"}
2026-08-21T07:50:00.265614987Z {"timestamp": 1787298600.2650144, "severity": "INFO", "name": "recommendationservice-server", "message": "[Recv ListRecommendations] product_ids=['L9ECAV7KIM', '0PUK6V6EV0', 'LS4PSXUNUM', 'OLJCESPC7Z', '66VCHSJNUP']"}
2026-08-21T07:50:01.662016736Z {"timestamp": 1787298601.66122, "severity": "INFO", "name": "recommendationservice-server", "message": "[Recv ListRecommendations] product_ids=['2ZYFJ3GM2N', '1YMWWN1N4O', 'OLJCESPC7Z', '6E92ZMYYFZ', '66VCHSJNUP']"}
2026-08-21T07:50:01.669170699Z {"timestamp": 1787298601.6683607, "severity": "INFO", "name": "recommendationservice-server", "message": "[Recv ListRecommendations] product_ids=['OLJCESPC7Z', 'LS4PSXUNUM', '9SIQT8TOJO', '2ZYFJ3GM2N', '66VCHSJNUP']"}
2026-08-21T07:50:01.886171339Z {"timestamp": 1787298601.8856826, "severity": "INFO", "name": "recommendationservice-server", "message": "[Recv ListRecommendations] product_ids=['6E92ZMYYFZ', '0PUK6V6EV0', 'OLJCESPC7Z', 'L9ECAV7KIM', 'LS4PSXUNUM']"}
2026-08-21T07:50:02.198570852Z {"timestamp": 1787298602.1972444, "severity": "INFO", "name": "recommendationservice-server", "message": "[Recv ListRecommendations] product_ids=['1YMWWN1N4O', 'LS4PSXUNUM', 'OLJCESPC7Z', '66VCHSJNUP', '9SIQT8TOJO']"}
2026-08-21T07:50:02.219842012Z {"timestamp": 1787298602.2172709, "severity": "INFO", "name": "recommendationservice-server", "message": "[Recv ListRecommendations] product_ids=['2ZYFJ3GM2N', '0PUK6V6EV0', '66VCHSJNUP', '6E92ZMYYFZ', '1YMWWN1N4O']"}
2026-08-21T07:50:02.532858417Z {"timestamp": 1787298602.5320969, "severity": "INFO", "name": "recommendationservice-server", "message": "[Recv ListRecommendations] product_ids=['9SIQT8TOJO', '66VCHSJNUP', 'LS4PSXUNUM', '2ZYFJ3GM2N', 'OLJCESPC7Z']"}
2026-08-21T07:50:02.537154455Z {"timestamp": 1787298602.5363708, "severity": "INFO", "name": "recommendationservice-server", "message": "[Recv ListRecommendations] product_ids=['2ZYFJ3GM2N', '1YMWWN1N4O', 'L9ECAV7KIM', 'OLJCESPC7Z', '66VCHSJNUP']"}
2026-08-21T07:50:03.088449561Z {"timestamp": 1787298603.0877655, "severity": "INFO", "name": "recommendationservice-server", "message": "[Recv ListRecommendations] product_ids=['6E92ZMYYFZ', 'LS4PSXUNUM', '66VCHSJNUP', '0PUK6V6EV0', '2ZYFJ3GM2N']"}
2026-08-21T07:50:03.422816238Z {"timestamp": 1787298603.4223385, "severity": "INFO", "name": "recommendationservice-server", "message": "[Recv ListRecommendations] product_ids=['2ZYFJ3GM2N', 'OLJCESPC7Z', '9SIQT8TOJO', 'LS4PSXUNUM', '0PUK6V6EV0']"}
2026-08-21T07:50:03.595595208Z {"timestamp": 1787298603.594605, "severity": "INFO", "name": "recommendationservice-server", "message": "[Recv ListRecommendations] product_ids=['OLJCESPC7Z', '0PUK6V6EV0', '9SIQT8TOJO', '66VCHSJNUP', 'L9ECAV7KIM']"}
2026-08-21T07:50:03.602143781Z {"timestamp": 1787298603.6013312, "severity": "INFO", "name": "recommendationservice-server", "message": "[Recv ListRecommendations] product_ids=['OLJCESPC7Z', '0PUK6V6EV0', '6E92ZMYYFZ', '2ZYFJ3GM2N', '66VCHSJNUP']"}
2026-08-21T07:50:03.870235811Z {"timestamp": 1787298603.8695757, "severity": "INFO", "name": "recommendationservice-server", "message": "[Recv ListRecommendations] product_ids=['L9ECAV7KIM', '0PUK6V6EV0', 'LS4PSXUNUM', 'OLJCESPC7Z', '1YMWWN1N4O']"}
2026-08-21T07:50:04.760544385Z {"timestamp": 1787298604.7595139, "severity": "INFO", "name": "recommendationservice-server", "message": "[Recv ListRecommendations] product_ids=['L9ECAV7KIM', '1YMWWN1N4O', '0PUK6V6EV0', 'LS4PSXUNUM', '6E92ZMYYFZ']"}
2026-08-21T07:50:05.599370809Z {"timestamp": 1787298605.5985186, "severity": "INFO", "name": "recommendationservice-server", "message": "[Recv ListRecommendations] product_ids=['6E92ZMYYFZ', 'L9ECAV7KIM', 'LS4PSXUNUM', '9SIQT8TOJO', '2ZYFJ3GM2N']"}
2026-08-21T07:50:06.230544583Z {"timestamp": 1787298606.2297142, "severity": "INFO", "name": "recommendationservice-server", "message": "[Recv ListRecommendations] product_ids=['66VCHSJNUP', 'LS4PSXUNUM', '2ZYFJ3GM2N', 'L9ECAV7KIM', '0PUK6V6EV0']"}
2026-08-21T07:50:07.113379264Z {"timestamp": 1787298607.1125069, "severity": "INFO", "name": "recommendationservice-server", "message": "[Recv ListRecommendations] product_ids=['2ZYFJ3GM2N', '1YMWWN1N4O', '0PUK6V6EV0', '6E92ZMYYFZ', '66VCHSJNUP']"}
2026-08-21T07:50:07.312251797Z {"timestamp": 1787298607.3111663, "severity": "INFO", "name": "recommendationservice-server", "message": "[Recv ListRecommendations] product_ids=['LS4PSXUNUM', '9SIQT8TOJO', '0PUK6V6EV0']"}
2026-08-21T07:50:07.356352223Z {"timestamp": 1787298607.3554244, "severity": "INFO", "name": "recommendationservice-server", "message": "[Recv ListRecommendations] product_ids=['66VCHSJNUP', '0PUK6V6EV0', 'OLJCESPC7Z', 'L9ECAV7KIM', 'LS4PSXUNUM']"}
2026-08-21T07:50:07.709076521Z {"timestamp": 1787298607.7081733, "severity": "INFO", "name": "recommendationservice-server", "message": "[Recv ListRecommendations] product_ids=['1YMWWN1N4O', '2ZYFJ3GM2N', 'OLJCESPC7Z', '66VCHSJNUP', 'LS4PSXUNUM']"}
2026-08-21T07:50:09.017676911Z {"timestamp": 1787298609.0164723, "severity": "INFO", "name": "recommendationservice-server", "message": "[Recv ListRecommendations] product_ids=['LS4PSXUNUM', '9SIQT8TOJO', 'L9ECAV7KIM', 'OLJCESPC7Z', '6E92ZMYYFZ']"}
2026-08-21T07:50:09.878223763Z {"timestamp": 1787298609.8777876, "severity": "INFO", "name": "recommendationservice-server", "message": "[Recv ListRecommendations] product_ids=['OLJCESPC7Z', '2ZYFJ3GM2N', '66VCHSJNUP', '6E92ZMYYFZ', 'L9ECAV7KIM']"}
2026-08-21T07:50:09.896317522Z {"timestamp": 1787298609.895885, "severity": "INFO", "name": "recommendationservice-server", "message": "[Recv ListRecommendations] product_ids=[]"}
2026-08-21T07:50:10.725025918Z {"timestamp": 1787298610.7246974, "severity": "INFO", "name": "recommendationservice-server", "message": "[Recv ListRecommendations] product_ids=['1YMWWN1N4O', '2ZYFJ3GM2N', 'L9ECAV7KIM', '66VCHSJNUP', 'LS4PSXUNUM']"}
2026-08-21T07:50:10.742381965Z {"timestamp": 1787298610.7418876, "severity": "INFO", "name": "recommendationservice-server", "message": "[Recv ListRecommendations] product_ids=['2ZYFJ3GM2N', '0PUK6V6EV0', 'OLJCESPC7Z', 'LS4PSXUNUM', 'L9ECAV7KIM']"}
2026-08-21T07:50:10.817422711Z {"timestamp": 1787298610.8170204, "severity": "INFO", "name": "recommendationservice-server", "message": "[Recv ListRecommendations] product_ids=['LS4PSXUNUM', 'L9ECAV7KIM', '0PUK6V6EV0']"}
2026-08-21T07:50:11.265577464Z {"timestamp": 1787298611.264917, "severity": "INFO", "name": "recommendationservice-server", "message": "[Recv ListRecommendations] product_ids=['0PUK6V6EV0', '6E92ZMYYFZ', '9SIQT8TOJO', 'L9ECAV7KIM', '1YMWWN1N4O']"}
2026-08-21T07:50:11.381490643Z {"timestamp": 1787298611.3809764, "severity": "INFO", "name": "recommendationservice-server", "message": "[Recv ListRecommendations] product_ids=['0PUK6V6EV0', '1YMWWN1N4O', 'L9ECAV7KIM', '2ZYFJ3GM2N', 'LS4PSXUNUM']"}
2026-08-21T07:50:11.587088801Z {"timestamp": 1787298611.5859528, "severity": "INFO", "name": "recommendationservice-server", "message": "[Recv ListRecommendations] product_ids=['2ZYFJ3GM2N', '66VCHSJNUP', 'L9ECAV7KIM', '1YMWWN1N4O', '9SIQT8TOJO']"}
2026-08-21T07:50:11.994412127Z {"timestamp": 1787298611.9931169, "severity": "INFO", "name": "recommendationservice-server", "message": "[Recv ListRecommendations] product_ids=['L9ECAV7KIM', 'OLJCESPC7Z', '2ZYFJ3GM2N', '0PUK6V6EV0', '1YMWWN1N4O']"}
2026-08-21T07:50:12.086945040Z {"timestamp": 1787298612.0862498, "severity": "INFO", "name": "recommendationservice-server", "message": "[Recv ListRecommendations] product_ids=['66VCHSJNUP', 'OLJCESPC7Z', 'LS4PSXUNUM', '9SIQT8TOJO']"}
2026-08-21T07:50:12.693465948Z {"timestamp": 1787298612.6927109, "severity": "INFO", "name": "recommendationservice-server", "message": "[Recv ListRecommendations] product_ids=['66VCHSJNUP', '0PUK6V6EV0', '1YMWWN1N4O', '6E92ZMYYFZ', '9SIQT8TOJO']"}
2026-08-21T07:50:12.955954683Z {"timestamp": 1787298612.9552333, "severity": "INFO", "name": "recommendationservice-server", "message": "[Recv ListRecommendations] product_ids=['6E92ZMYYFZ', 'LS4PSXUNUM', 'L9ECAV7KIM', 'OLJCESPC7Z', '9SIQT8TOJO']"}
2026-08-21T07:50:13.275108261Z {"timestamp": 1787298613.274463, "severity": "INFO", "name": "recommendationservice-server", "message": "[Recv ListRecommendations] product_ids=['2ZYFJ3GM2N', 'OLJCESPC7Z', '6E92ZMYYFZ', 'L9ECAV7KIM', '66VCHSJNUP']"}
2026-08-21T07:50:13.437640050Z {"timestamp": 1787298613.4364371, "severity": "INFO", "name": "recommendationservice-server", "message": "[Recv ListRecommendations] product_ids=['6E92ZMYYFZ', '1YMWWN1N4O', 'L9ECAV7KIM', '66VCHSJNUP', 'LS4PSXUNUM']"}
2026-08-21T07:50:14.055904049Z {"timestamp": 1787298614.0553463, "severity": "INFO", "name": "recommendationservice-server", "message": "[Recv ListRecommendations] product_ids=['0PUK6V6EV0', 'LS4PSXUNUM', '9SIQT8TOJO']"}
2026-08-21T07:50:14.298071985Z {"timestamp": 1787298614.2957976, "severity": "INFO", "name": "recommendationservice-server", "message": "[Recv ListRecommendations] product_ids=['2ZYFJ3GM2N', 'L9ECAV7KIM', '1YMWWN1N4O', '66VCHSJNUP', 'OLJCESPC7Z']"}
2026-08-21T07:50:14.382087299Z {"timestamp": 1787298614.381678, "severity": "INFO", "name": "recommendationservice-server", "message": "[Recv ListRecommendations] product_ids=['6E92ZMYYFZ', '9SIQT8TOJO', '66VCHSJNUP', '0PUK6V6EV0', '2ZYFJ3GM2N']"}
2026-08-21T07:50:14.502954133Z {"timestamp": 1787298614.5024514, "severity": "INFO", "name": "recommendationservice-server", "message": "[Recv ListRecommendations] product_ids=['0PUK6V6EV0', '66VCHSJNUP', 'LS4PSXUNUM', '6E92ZMYYFZ', 'L9ECAV7KIM']"}
2026-08-21T07:50:14.725099515Z {"timestamp": 1787298614.7240899, "severity": "INFO", "name": "recommendationservice-server", "message": "[Recv ListRecommendations] product_ids=['1YMWWN1N4O', '2ZYFJ3GM2N', '9SIQT8TOJO', 'OLJCESPC7Z', 'LS4PSXUNUM']"}
2026-08-21T07:50:16.184970565Z {"timestamp": 1787298616.1840904, "severity": "INFO", "name": "recommendationservice-server", "message": "[Recv ListRecommendations] product_ids=['66VCHSJNUP', '6E92ZMYYFZ', 'LS4PSXUNUM', '9SIQT8TOJO', 'OLJCESPC7Z']"}
2026-08-21T07:50:16.976507180Z {"timestamp": 1787298616.9755368, "severity": "INFO", "name": "recommendationservice-server", "message": "[Recv ListRecommendations] product_ids=['9SIQT8TOJO', 'LS4PSXUNUM', '6E92ZMYYFZ', '1YMWWN1N4O', 'OLJCESPC7Z']"}
2026-08-21T07:50:17.557615777Z {"timestamp": 1787298617.5568445, "severity": "INFO", "name": "recommendationservice-server", "message": "[Recv ListRecommendations] product_ids=['6E92ZMYYFZ', '0PUK6V6EV0', '9SIQT8TOJO', 'LS4PSXUNUM', 'L9ECAV7KIM']"}
2026-08-21T07:50:18.223581387Z {"timestamp": 1787298618.223325, "severity": "INFO", "name": "recommendationservice-server", "message": "[Recv ListRecommendations] product_ids=['2ZYFJ3GM2N', 'LS4PSXUNUM', '66VCHSJNUP', '9SIQT8TOJO', '1YMWWN1N4O']"}
2026-08-21T07:50:18.272175096Z {"timestamp": 1787298618.2718573, "severity": "INFO", "name": "recommendationservice-server", "message": "[Recv ListRecommendations] product_ids=['66VCHSJNUP', '2ZYFJ3GM2N', 'L9ECAV7KIM', 'OLJCESPC7Z', 'LS4PSXUNUM']"}
2026-08-21T07:50:18.913332672Z {"timestamp": 1787298618.9123883, "severity": "INFO", "name": "recommendationservice-server", "message": "[Recv ListRecommendations] product_ids=['9SIQT8TOJO', '0PUK6V6EV0', 'L9ECAV7KIM', '6E92ZMYYFZ', 'OLJCESPC7Z']"}
2026-08-21T07:50:18.958047982Z {"timestamp": 1787298618.9573927, "severity": "INFO", "name": "recommendationservice-server", "message": "[Recv ListRecommendations] product_ids=['OLJCESPC7Z', '66VCHSJNUP', 'L9ECAV7KIM', '2ZYFJ3GM2N', '0PUK6V6EV0']"}
2026-08-21T07:50:19.337215374Z {"timestamp": 1787298619.3364432, "severity": "INFO", "name": "recommendationservice-server", "message": "[Recv ListRecommendations] product_ids=['0PUK6V6EV0', 'L9ECAV7KIM', 'LS4PSXUNUM']"}
2026-08-21T07:50:19.644160306Z {"timestamp": 1787298619.6434271, "severity": "INFO", "name": "recommendationservice-server", "message": "[Recv ListRecommendations] product_ids=['6E92ZMYYFZ', '0PUK6V6EV0', 'OLJCESPC7Z', '66VCHSJNUP', 'LS4PSXUNUM']"}
2026-08-21T07:50:19.656762453Z {"timestamp": 1787298619.6558442, "severity": "INFO", "name": "recommendationservice-server", "message": "[Recv ListRecommendations] product_ids=['LS4PSXUNUM', '6E92ZMYYFZ', 'OLJCESPC7Z', 'L9ECAV7KIM', '1YMWWN1N4O']"}
2026-08-21T07:50:19.732047086Z {"timestamp": 1787298619.7312982, "severity": "INFO", "name": "recommendationservice-server", "message": "[Recv ListRecommendations] product_ids=['1YMWWN1N4O', '66VCHSJNUP', 'OLJCESPC7Z', '0PUK6V6EV0', '6E92ZMYYFZ']"}
2026-08-21T07:50:19.743942225Z {"timestamp": 1787298619.7432973, "severity": "INFO", "name": "recommendationservice-server", "message": "[Recv ListRecommendations] product_ids=['LS4PSXUNUM', 'OLJCESPC7Z', '66VCHSJNUP', 'L9ECAV7KIM', '0PUK6V6EV0']"}
2026-08-21T07:50:20.482305322Z {"timestamp": 1787298620.4816575, "severity": "INFO", "name": "recommendationservice-server", "message": "[Recv ListRecommendations] product_ids=[]"}
2026-08-21T07:50:20.986364613Z {"timestamp": 1787298620.9854007, "severity": "INFO", "name": "recommendationservice-server", "message": "[Recv ListRecommendations] product_ids=['LS4PSXUNUM', 'OLJCESPC7Z', '6E92ZMYYFZ', 'L9ECAV7KIM', '1YMWWN1N4O']"}
2026-08-21T07:50:21.421749392Z {"timestamp": 1787298621.421055, "severity": "INFO", "name": "recommendationservice-server", "message": "[Recv ListRecommendations] product_ids=['9SIQT8TOJO', 'L9ECAV7KIM', '66VCHSJNUP', '0PUK6V6EV0', '6E92ZMYYFZ']"}
2026-08-21T07:50:21.825128525Z {"timestamp": 1787298621.8245258, "severity": "INFO", "name": "recommendationservice-server", "message": "[Recv ListRecommendations] product_ids=['1YMWWN1N4O', 'LS4PSXUNUM', '6E92ZMYYFZ', 'OLJCESPC7Z', '0PUK6V6EV0']"}
2026-08-21T07:50:22.533521692Z {"timestamp": 1787298622.5321367, "severity": "INFO", "name": "recommendationservice-server", "message": "[Recv ListRecommendations] product_ids=['1YMWWN1N4O', '2ZYFJ3GM2N', '66VCHSJNUP', '6E92ZMYYFZ', '0PUK6V6EV0']"}
2026-08-21T07:50:22.905035101Z {"timestamp": 1787298622.9046812, "severity": "INFO", "name": "recommendationservice-server", "message": "[Recv ListRecommendations] product_ids=['1YMWWN1N4O', '6E92ZMYYFZ', 'OLJCESPC7Z', '9SIQT8TOJO', 'LS4PSXUNUM']"}
2026-08-21T07:50:22.919389719Z {"timestamp": 1787298622.919018, "severity": "INFO", "name": "recommendationservice-server", "message": "[Recv ListRecommendations] product_ids=['L9ECAV7KIM', '2ZYFJ3GM2N', '66VCHSJNUP', 'OLJCESPC7Z', '0PUK6V6EV0']"}
2026-08-21T07:50:24.307090529Z {"timestamp": 1787298624.306228, "severity": "INFO", "name": "recommendationservice-server", "message": "[Recv ListRecommendations] product_ids=['0PUK6V6EV0', '2ZYFJ3GM2N', 'LS4PSXUNUM', '1YMWWN1N4O', '6E92ZMYYFZ']"}
2026-08-21T07:50:24.804851104Z {"timestamp": 1787298624.8037925, "severity": "INFO", "name": "recommendationservice-server", "message": "[Recv ListRecommendations] product_ids=['L9ECAV7KIM', '2ZYFJ3GM2N', 'LS4PSXUNUM', 'OLJCESPC7Z', '1YMWWN1N4O']"}
2026-08-21T07:50:26.102685962Z {"timestamp": 1787298626.1015995, "severity": "INFO", "name": "recommendationservice-server", "message": "[Recv ListRecommendations] product_ids=['LS4PSXUNUM', '1YMWWN1N4O', '6E92ZMYYFZ', '9SIQT8TOJO', '0PUK6V6EV0']"}
2026-08-21T07:50:26.197385430Z {"timestamp": 1787298626.1963637, "severity": "INFO", "name": "recommendationservice-server", "message": "[Recv ListRecommendations] product_ids=['2ZYFJ3GM2N', '6E92ZMYYFZ', 'OLJCESPC7Z', '1YMWWN1N4O', '0PUK6V6EV0']"}
2026-08-21T07:50:26.328397285Z {"timestamp": 1787298626.328067, "severity": "INFO", "name": "recommendationservice-server", "message": "[Recv ListRecommendations] product_ids=['1YMWWN1N4O', '0PUK6V6EV0', 'OLJCESPC7Z', '9SIQT8TOJO', '2ZYFJ3GM2N']"}
2026-08-21T07:50:26.929996135Z {"timestamp": 1787298626.9288478, "severity": "INFO", "name": "recommendationservice-server", "message": "[Recv ListRecommendations] product_ids=['1YMWWN1N4O', 'OLJCESPC7Z', 'LS4PSXUNUM', 'L9ECAV7KIM', '0PUK6V6EV0']"}
2026-08-21T07:50:27.334708595Z {"timestamp": 1787298627.3338652, "severity": "INFO", "name": "recommendationservice-server", "message": "[Recv ListRecommendations] product_ids=['0PUK6V6EV0', '66VCHSJNUP', 'L9ECAV7KIM', '1YMWWN1N4O', 'LS4PSXUNUM']"}
2026-08-21T07:50:27.620993737Z {"timestamp": 1787298627.6200032, "severity": "INFO", "name": "recommendationservice-server", "message": "[Recv ListRecommendations] product_ids=['6E92ZMYYFZ', 'L9ECAV7KIM', 'OLJCESPC7Z', '9SIQT8TOJO', '0PUK6V6EV0']"}
2026-08-21T07:50:27.623821472Z {"timestamp": 1787298627.6232007, "severity": "INFO", "name": "recommendationservice-server", "message": "[Recv ListRecommendations] product_ids=['L9ECAV7KIM', '66VCHSJNUP', '0PUK6V6EV0', 'OLJCESPC7Z', '2ZYFJ3GM2N']"}
2026-08-21T07:50:27.915876402Z {"timestamp": 1787298627.9146953, "severity": "INFO", "name": "recommendationservice-server", "message": "[Recv ListRecommendations] product_ids=['66VCHSJNUP', '1YMWWN1N4O', 'L9ECAV7KIM', 'OLJCESPC7Z', '0PUK6V6EV0']"}
2026-08-21T07:50:28.227006766Z {"timestamp": 1787298628.2267246, "severity": "INFO", "name": "recommendationservice-server", "message": "[Recv ListRecommendations] product_ids=['66VCHSJNUP', '6E92ZMYYFZ', 'L9ECAV7KIM', '0PUK6V6EV0', '2ZYFJ3GM2N']"}
2026-08-21T07:50:28.280641517Z {"timestamp": 1787298628.2803059, "severity": "INFO", "name": "recommendationservice-server", "message": "[Recv ListRecommendations] product_ids=['9SIQT8TOJO', 'LS4PSXUNUM', '66VCHSJNUP', '6E92ZMYYFZ', 'L9ECAV7KIM']"}
2026-08-21T07:50:28.676103554Z {"timestamp": 1787298628.6754105, "severity": "INFO", "name": "recommendationservice-server", "message": "[Recv ListRecommendations] product_ids=['LS4PSXUNUM', '0PUK6V6EV0', 'OLJCESPC7Z', '2ZYFJ3GM2N', '6E92ZMYYFZ']"}
2026-08-21T07:50:28.961596574Z {"timestamp": 1787298628.9608798, "severity": "INFO", "name": "recommendationservice-server", "message": "[Recv ListRecommendations] product_ids=['OLJCESPC7Z', '66VCHSJNUP', '6E92ZMYYFZ', 'L9ECAV7KIM', '0PUK6V6EV0']"}
2026-08-21T07:50:28.991079310Z {"timestamp": 1787298628.9903564, "severity": "INFO", "name": "recommendationservice-server", "message": "[Recv ListRecommendations] product_ids=['1YMWWN1N4O', '9SIQT8TOJO', '0PUK6V6EV0', '66VCHSJNUP', 'LS4PSXUNUM']"}
2026-08-21T07:50:29.596144293Z {"timestamp": 1787298629.595612, "severity": "INFO", "name": "recommendationservice-server", "message": "[Recv ListRecommendations] product_ids=['66VCHSJNUP', 'LS4PSXUNUM', '2ZYFJ3GM2N', 'OLJCESPC7Z', '9SIQT8TOJO']"}
2026-08-21T07:50:29.814923550Z {"timestamp": 1787298629.8140688, "severity": "INFO", "name": "recommendationservice-server", "message": "[Recv ListRecommendations] product_ids=['OLJCESPC7Z', '66VCHSJNUP', 'LS4PSXUNUM', '1YMWWN1N4O', '6E92ZMYYFZ']"}
2026-08-21T07:50:30.005135412Z {"timestamp": 1787298630.0046709, "severity": "INFO", "name": "recommendationservice-server", "message": "[Recv ListRecommendations] product_ids=['L9ECAV7KIM', 'LS4PSXUNUM', '2ZYFJ3GM2N', '9SIQT8TOJO', '6E92ZMYYFZ']"}
2026-08-21T07:50:30.996854835Z {"timestamp": 1787298630.9959779, "severity": "INFO", "name": "recommendationservice-server", "message": "[Recv ListRecommendations] product_ids=['1YMWWN1N4O', '0PUK6V6EV0', '9SIQT8TOJO', '66VCHSJNUP', 'L9ECAV7KIM']"}
2026-08-21T07:50:31.308825852Z {"timestamp": 1787298631.308191, "severity": "INFO", "name": "recommendationservice-server", "message": "[Recv ListRecommendations] product_ids=['LS4PSXUNUM', '0PUK6V6EV0', '9SIQT8TOJO', '1YMWWN1N4O', 'L9ECAV7KIM']"}
2026-08-21T07:50:32.859256944Z {"timestamp": 1787298632.8588753, "severity": "INFO", "name": "recommendationservice-server", "message": "[Recv ListRecommendations] product_ids=['L9ECAV7KIM', '2ZYFJ3GM2N', 'LS4PSXUNUM', '1YMWWN1N4O', '0PUK6V6EV0']"}
2026-08-21T07:50:33.949895728Z {"timestamp": 1787298633.949109, "severity": "INFO", "name": "recommendationservice-server", "message": "[Recv ListRecommendations] product_ids=['L9ECAV7KIM', '6E92ZMYYFZ', 'LS4PSXUNUM', 'OLJCESPC7Z', '2ZYFJ3GM2N']"}
2026-08-21T07:50:34.109701691Z {"timestamp": 1787298634.109244, "severity": "INFO", "name": "recommendationservice-server", "message": "[Recv ListRecommendations] product_ids=['2ZYFJ3GM2N', 'L9ECAV7KIM', 'OLJCESPC7Z', '66VCHSJNUP', '6E92ZMYYFZ']"}
2026-08-21T07:50:35.042515014Z {"timestamp": 1787298635.0414484, "severity": "INFO", "name": "recommendationservice-server", "message": "[Recv ListRecommendations] product_ids=['LS4PSXUNUM', '0PUK6V6EV0', 'OLJCESPC7Z', '2ZYFJ3GM2N', '1YMWWN1N4O']"}
2026-08-21T07:50:35.901528732Z {"timestamp": 1787298635.9004667, "severity": "INFO", "name": "recommendationservice-server", "message": "[Recv ListRecommendations] product_ids=['0PUK6V6EV0', '1YMWWN1N4O', 'LS4PSXUNUM', 'OLJCESPC7Z', 'L9ECAV7KIM']"}
2026-08-21T07:50:36.229882284Z {"timestamp": 1787298636.2292445, "severity": "INFO", "name": "recommendationservice-server", "message": "[Recv ListRecommendations] product_ids=['6E92ZMYYFZ', 'OLJCESPC7Z', 'LS4PSXUNUM', '9SIQT8TOJO', 'L9ECAV7KIM']"}
2026-08-21T07:50:36.774297539Z {"timestamp": 1787298636.773476, "severity": "INFO", "name": "recommendationservice-server", "message": "[Recv ListRecommendations] product_ids=['66VCHSJNUP', '9SIQT8TOJO', '1YMWWN1N4O', '0PUK6V6EV0', '6E92ZMYYFZ']"}
2026-08-21T07:50:36.824374742Z {"timestamp": 1787298636.8234665, "severity": "INFO", "name": "recommendationservice-server", "message": "[Recv ListRecommendations] product_ids=['OLJCESPC7Z', 'L9ECAV7KIM', '2ZYFJ3GM2N', '1YMWWN1N4O', '6E92ZMYYFZ']"}
2026-08-21T07:50:37.945021882Z {"timestamp": 1787298637.9436727, "severity": "INFO", "name": "recommendationservice-server", "message": "[Recv ListRecommendations] product_ids=['0PUK6V6EV0', 'LS4PSXUNUM', '2ZYFJ3GM2N', '1YMWWN1N4O', 'L9ECAV7KIM']"}
2026-08-21T07:50:38.795008530Z {"timestamp": 1787298638.7938483, "severity": "INFO", "name": "recommendationservice-server", "message": "[Recv ListRecommendations] product_ids=['LS4PSXUNUM', 'L9ECAV7KIM', '0PUK6V6EV0']"}
2026-08-21T07:50:38.869790884Z {"timestamp": 1787298638.869087, "severity": "INFO", "name": "recommendationservice-server", "message": "[Recv ListRecommendations] product_ids=['LS4PSXUNUM', '9SIQT8TOJO', '0PUK6V6EV0', '1YMWWN1N4O', '66VCHSJNUP']"}
2026-08-21T07:50:39.209259140Z {"timestamp": 1787298639.2072942, "severity": "INFO", "name": "recommendationservice-server", "message": "[Recv ListRecommendations] product_ids=['L9ECAV7KIM', '66VCHSJNUP', 'OLJCESPC7Z', '0PUK6V6EV0', 'LS4PSXUNUM']"}
2026-08-21T07:50:39.222161660Z {"timestamp": 1787298639.2150948, "severity": "INFO", "name": "recommendationservice-server", "message": "[Recv ListRecommendations] product_ids=['6E92ZMYYFZ', '9SIQT8TOJO', 'L9ECAV7KIM', '66VCHSJNUP', 'OLJCESPC7Z']"}
2026-08-21T07:50:40.049896318Z {"timestamp": 1787298640.0495875, "severity": "INFO", "name": "recommendationservice-server", "message": "[Recv ListRecommendations] product_ids=['9SIQT8TOJO', '0PUK6V6EV0', '6E92ZMYYFZ', '66VCHSJNUP', 'OLJCESPC7Z']"}
2026-08-21T07:50:40.062651314Z {"timestamp": 1787298640.062314, "severity": "INFO", "name": "recommendationservice-server", "message": "[Recv ListRecommendations] product_ids=['L9ECAV7KIM', '0PUK6V6EV0', '66VCHSJNUP', 'LS4PSXUNUM', '6E92ZMYYFZ']"}
2026-08-21T07:50:40.829064974Z {"timestamp": 1787298640.8287292, "severity": "INFO", "name": "recommendationservice-server", "message": "[Recv ListRecommendations] product_ids=['OLJCESPC7Z', '66VCHSJNUP', '9SIQT8TOJO', '2ZYFJ3GM2N', '0PUK6V6EV0']"}
2026-08-21T07:50:40.924930079Z {"timestamp": 1787298640.9245076, "severity": "INFO", "name": "recommendationservice-server", "message": "[Recv ListRecommendations] product_ids=['0PUK6V6EV0', '6E92ZMYYFZ', '66VCHSJNUP', 'LS4PSXUNUM', '9SIQT8TOJO']"}
2026-08-21T07:50:42.208955056Z {"timestamp": 1787298642.2078288, "severity": "INFO", "name": "recommendationservice-server", "message": "[Recv ListRecommendations] product_ids=['L9ECAV7KIM', '6E92ZMYYFZ', '9SIQT8TOJO', 'OLJCESPC7Z', '1YMWWN1N4O']"}
2026-08-21T07:50:42.855921220Z {"timestamp": 1787298642.855507, "severity": "INFO", "name": "recommendationservice-server", "message": "[Recv ListRecommendations] product_ids=['L9ECAV7KIM', '9SIQT8TOJO', '0PUK6V6EV0', '1YMWWN1N4O', 'OLJCESPC7Z']"}
2026-08-21T07:50:42.882270045Z {"timestamp": 1787298642.8815477, "severity": "INFO", "name": "recommendationservice-server", "message": "[Recv ListRecommendations] product_ids=['2ZYFJ3GM2N', '9SIQT8TOJO', 'OLJCESPC7Z', '1YMWWN1N4O', 'LS4PSXUNUM']"}
2026-08-21T07:50:43.100759843Z {"timestamp": 1787298643.1002789, "severity": "INFO", "name": "recommendationservice-server", "message": "[Recv ListRecommendations] product_ids=['9SIQT8TOJO', '66VCHSJNUP', '1YMWWN1N4O', '6E92ZMYYFZ', 'LS4PSXUNUM']"}
2026-08-21T07:50:43.728701529Z {"timestamp": 1787298643.7278087, "severity": "INFO", "name": "recommendationservice-server", "message": "[Recv ListRecommendations] product_ids=['0PUK6V6EV0', '2ZYFJ3GM2N', 'OLJCESPC7Z', '66VCHSJNUP', '9SIQT8TOJO']"}
2026-08-21T07:50:43.875758447Z {"timestamp": 1787298643.8747716, "severity": "INFO", "name": "recommendationservice-server", "message": "[Recv ListRecommendations] product_ids=['66VCHSJNUP', 'LS4PSXUNUM', 'OLJCESPC7Z', '2ZYFJ3GM2N', 'L9ECAV7KIM']"}
2026-08-21T07:50:44.737433317Z {"timestamp": 1787298644.7371244, "severity": "INFO", "name": "recommendationservice-server", "message": "[Recv ListRecommendations] product_ids=['LS4PSXUNUM', '0PUK6V6EV0', 'L9ECAV7KIM', '2ZYFJ3GM2N', '1YMWWN1N4O']"}
2026-08-21T07:50:44.755929912Z {"timestamp": 1787298644.7555523, "severity": "INFO", "name": "recommendationservice-server", "message": "[Recv ListRecommendations] product_ids=['9SIQT8TOJO', '6E92ZMYYFZ', '66VCHSJNUP', '1YMWWN1N4O', '2ZYFJ3GM2N']"}
2026-08-21T07:50:44.758827466Z {"timestamp": 1787298644.7585492, "severity": "INFO", "name": "recommendationservice-server", "message": "[Recv ListRecommendations] product_ids=['6E92ZMYYFZ', 'LS4PSXUNUM', '9SIQT8TOJO', '1YMWWN1N4O', 'L9ECAV7KIM']"}
2026-08-21T07:50:45.004122560Z {"timestamp": 1787298645.0027158, "severity": "INFO", "name": "recommendationservice-server", "message": "[Recv ListRecommendations] product_ids=['6E92ZMYYFZ', '2ZYFJ3GM2N', '1YMWWN1N4O', 'OLJCESPC7Z', '66VCHSJNUP']"}
2026-08-21T07:50:45.017689883Z {"timestamp": 1787298645.0165954, "severity": "INFO", "name": "recommendationservice-server", "message": "[Recv ListRecommendations] product_ids=['6E92ZMYYFZ', '0PUK6V6EV0', 'LS4PSXUNUM', '1YMWWN1N4O', 'L9ECAV7KIM']"}
2026-08-21T07:50:45.610156917Z {"timestamp": 1787298645.6091955, "severity": "INFO", "name": "recommendationservice-server", "message": "[Recv ListRecommendations] product_ids=['0PUK6V6EV0', 'LS4PSXUNUM', '1YMWWN1N4O', 'OLJCESPC7Z', '2ZYFJ3GM2N']"}
2026-08-21T07:50:45.874590606Z {"timestamp": 1787298645.8737102, "severity": "INFO", "name": "recommendationservice-server", "message": "[Recv ListRecommendations] product_ids=['9SIQT8TOJO', '0PUK6V6EV0', 'LS4PSXUNUM']"}
2026-08-21T07:50:45.993442809Z {"timestamp": 1787298645.9925642, "severity": "INFO", "name": "recommendationservice-server", "message": "[Recv ListRecommendations] product_ids=['9SIQT8TOJO', '6E92ZMYYFZ', 'LS4PSXUNUM', 'OLJCESPC7Z', 'L9ECAV7KIM']"}
2026-08-21T07:50:46.303284906Z {"timestamp": 1787298646.3025563, "severity": "INFO", "name": "recommendationservice-server", "message": "[Recv ListRecommendations] product_ids=['L9ECAV7KIM', '6E92ZMYYFZ', '66VCHSJNUP', '0PUK6V6EV0', '2ZYFJ3GM2N']"}
2026-08-21T07:50:47.082065456Z {"timestamp": 1787298647.0816185, "severity": "INFO", "name": "recommendationservice-server", "message": "[Recv ListRecommendations] product_ids=['2ZYFJ3GM2N', '66VCHSJNUP', '6E92ZMYYFZ', '0PUK6V6EV0', '1YMWWN1N4O']"}
2026-08-21T07:50:47.148487690Z {"timestamp": 1787298647.1477454, "severity": "INFO", "name": "recommendationservice-server", "message": "[Recv ListRecommendations] product_ids=['1YMWWN1N4O', '6E92ZMYYFZ', 'OLJCESPC7Z', 'L9ECAV7KIM', '2ZYFJ3GM2N']"}
2026-08-21T07:50:47.183286509Z {"timestamp": 1787298647.182865, "severity": "INFO", "name": "recommendationservice-server", "message": "[Recv ListRecommendations] product_ids=['1YMWWN1N4O', '0PUK6V6EV0', '9SIQT8TOJO', 'LS4PSXUNUM', '66VCHSJNUP']"}
2026-08-21T07:50:47.278873368Z {"timestamp": 1787298647.2782085, "severity": "INFO", "name": "recommendationservice-server", "message": "[Recv ListRecommendations] product_ids=['0PUK6V6EV0', '9SIQT8TOJO', 'LS4PSXUNUM', '6E92ZMYYFZ', '1YMWWN1N4O']"}
2026-08-21T07:50:47.641041707Z {"timestamp": 1787298647.6403897, "severity": "INFO", "name": "recommendationservice-server", "message": "[Recv ListRecommendations] product_ids=['9SIQT8TOJO', 'OLJCESPC7Z', '0PUK6V6EV0', '66VCHSJNUP', '6E92ZMYYFZ']"}
2026-08-21T07:50:48.029272279Z {"timestamp": 1787298648.0288234, "severity": "INFO", "name": "recommendationservice-server", "message": "[Recv ListRecommendations] product_ids=['66VCHSJNUP', '1YMWWN1N4O', '6E92ZMYYFZ', 'OLJCESPC7Z', '2ZYFJ3GM2N']"}
2026-08-21T07:50:48.628284679Z {"timestamp": 1787298648.6275463, "severity": "INFO", "name": "recommendationservice-server", "message": "[Recv ListRecommendations] product_ids=['OLJCESPC7Z', '66VCHSJNUP', '1YMWWN1N4O', '0PUK6V6EV0', '9SIQT8TOJO']"}
2026-08-21T07:50:48.962376665Z {"timestamp": 1787298648.961655, "severity": "INFO", "name": "recommendationservice-server", "message": "[Recv ListRecommendations] product_ids=['LS4PSXUNUM', '66VCHSJNUP', 'L9ECAV7KIM', '0PUK6V6EV0', '2ZYFJ3GM2N']"}
2026-08-21T07:50:49.078199434Z {"timestamp": 1787298649.0774918, "severity": "INFO", "name": "recommendationservice-server", "message": "[Recv ListRecommendations] product_ids=['L9ECAV7KIM', '6E92ZMYYFZ', '0PUK6V6EV0', '1YMWWN1N4O', '66VCHSJNUP']"}
2026-08-21T07:50:49.566155922Z {"timestamp": 1787298649.5652022, "severity": "INFO", "name": "recommendationservice-server", "message": "[Recv ListRecommendations] product_ids=['L9ECAV7KIM', '66VCHSJNUP', '1YMWWN1N4O', '2ZYFJ3GM2N', 'LS4PSXUNUM']"}
2026-08-21T07:50:49.652553724Z {"timestamp": 1787298649.6516788, "severity": "INFO", "name": "recommendationservice-server", "message": "[Recv ListRecommendations] product_ids=['6E92ZMYYFZ', '2ZYFJ3GM2N', 'OLJCESPC7Z', '66VCHSJNUP', '1YMWWN1N4O']"}
2026-08-21T07:50:50.227526212Z {"timestamp": 1787298650.2266665, "severity": "INFO", "name": "recommendationservice-server", "message": "[Recv ListRecommendations] product_ids=['6E92ZMYYFZ', '66VCHSJNUP', '0PUK6V6EV0', 'L9ECAV7KIM', '9SIQT8TOJO']"}
2026-08-21T07:50:50.332501161Z {"timestamp": 1787298650.3317432, "severity": "INFO", "name": "recommendationservice-server", "message": "[Recv ListRecommendations] product_ids=['0PUK6V6EV0', '66VCHSJNUP', '9SIQT8TOJO', 'L9ECAV7KIM', '1YMWWN1N4O']"}
2026-08-21T07:50:50.587279268Z {"timestamp": 1787298650.5866563, "severity": "INFO", "name": "recommendationservice-server", "message": "[Recv ListRecommendations] product_ids=['6E92ZMYYFZ', 'L9ECAV7KIM', '9SIQT8TOJO', 'OLJCESPC7Z', '1YMWWN1N4O']"}
2026-08-21T07:50:51.378778996Z {"timestamp": 1787298651.3776593, "severity": "INFO", "name": "recommendationservice-server", "message": "[Recv ListRecommendations] product_ids=['66VCHSJNUP', 'OLJCESPC7Z', 'LS4PSXUNUM', 'L9ECAV7KIM']"}
2026-08-21T07:50:51.518024680Z {"timestamp": 1787298651.5175157, "severity": "INFO", "name": "recommendationservice-server", "message": "[Recv ListRecommendations] product_ids=['OLJCESPC7Z', '1YMWWN1N4O', '6E92ZMYYFZ', '2ZYFJ3GM2N', 'L9ECAV7KIM']"}
2026-08-21T07:50:51.528808590Z {"timestamp": 1787298651.528283, "severity": "INFO", "name": "recommendationservice-server", "message": "[Recv ListRecommendations] product_ids=['L9ECAV7KIM', '1YMWWN1N4O', 'LS4PSXUNUM', '66VCHSJNUP', '6E92ZMYYFZ']"}
2026-08-21T07:50:52.320782394Z {"timestamp": 1787298652.3196936, "severity": "INFO", "name": "recommendationservice-server", "message": "[Recv ListRecommendations] product_ids=['6E92ZMYYFZ', '9SIQT8TOJO', 'LS4PSXUNUM', 'L9ECAV7KIM', '0PUK6V6EV0']"}
2026-08-21T07:50:52.353832235Z {"timestamp": 1787298652.3529358, "severity": "INFO", "name": "recommendationservice-server", "message": "[Recv ListRecommendations] product_ids=['9SIQT8TOJO', '2ZYFJ3GM2N', 'LS4PSXUNUM', '6E92ZMYYFZ', '0PUK6V6EV0']"}
2026-08-21T07:50:52.361804900Z {"timestamp": 1787298652.3611438, "severity": "INFO", "name": "recommendationservice-server", "message": "[Recv ListRecommendations] product_ids=['2ZYFJ3GM2N', '66VCHSJNUP', '6E92ZMYYFZ', 'OLJCESPC7Z', 'L9ECAV7KIM']"}
2026-08-21T07:50:52.753525525Z {"timestamp": 1787298652.7527447, "severity": "INFO", "name": "recommendationservice-server", "message": "[Recv ListRecommendations] product_ids=['LS4PSXUNUM', '1YMWWN1N4O', 'OLJCESPC7Z', '2ZYFJ3GM2N', '9SIQT8TOJO']"}
2026-08-21T07:50:53.187431241Z {"timestamp": 1787298653.1870468, "severity": "INFO", "name": "recommendationservice-server", "message": "[Recv ListRecommendations] product_ids=['LS4PSXUNUM', '0PUK6V6EV0', '2ZYFJ3GM2N', '1YMWWN1N4O', 'L9ECAV7KIM']"}
2026-08-21T07:50:53.285646017Z {"timestamp": 1787298653.2842693, "severity": "INFO", "name": "recommendationservice-server", "message": "[Recv ListRecommendations] product_ids=['OLJCESPC7Z', 'L9ECAV7KIM', '9SIQT8TOJO', '66VCHSJNUP', '2ZYFJ3GM2N']"}
2026-08-21T07:50:53.421059093Z {"timestamp": 1787298653.4203205, "severity": "INFO", "name": "recommendationservice-server", "message": "[Recv ListRecommendations] product_ids=['2ZYFJ3GM2N', '9SIQT8TOJO', '0PUK6V6EV0', 'LS4PSXUNUM', 'OLJCESPC7Z']"}
2026-08-21T07:50:53.578588877Z {"timestamp": 1787298653.5779471, "severity": "INFO", "name": "recommendationservice-server", "message": "[Recv ListRecommendations] product_ids=['LS4PSXUNUM', '0PUK6V6EV0', 'OLJCESPC7Z', '2ZYFJ3GM2N', '6E92ZMYYFZ']"}
2026-08-21T07:50:54.143661495Z {"timestamp": 1787298654.1428263, "severity": "INFO", "name": "recommendationservice-server", "message": "[Recv ListRecommendations] product_ids=['L9ECAV7KIM', '0PUK6V6EV0', '2ZYFJ3GM2N', '9SIQT8TOJO', '1YMWWN1N4O']"}
2026-08-21T07:50:54.465279302Z {"timestamp": 1787298654.4639955, "severity": "INFO", "name": "recommendationservice-server", "message": "[Recv ListRecommendations] product_ids=['6E92ZMYYFZ', 'LS4PSXUNUM', '1YMWWN1N4O', '0PUK6V6EV0', '2ZYFJ3GM2N']"}
2026-08-21T07:50:54.632510024Z {"timestamp": 1787298654.632014, "severity": "INFO", "name": "recommendationservice-server", "message": "[Recv ListRecommendations] product_ids=['66VCHSJNUP', '2ZYFJ3GM2N', 'OLJCESPC7Z', '0PUK6V6EV0', '6E92ZMYYFZ']"}
2026-08-21T07:50:54.925154336Z {"timestamp": 1787298654.9238584, "severity": "INFO", "name": "recommendationservice-server", "message": "[Recv ListRecommendations] product_ids=['2ZYFJ3GM2N', '6E92ZMYYFZ', '9SIQT8TOJO', 'L9ECAV7KIM', 'OLJCESPC7Z']"}
2026-08-21T07:50:55.397365465Z {"timestamp": 1787298655.3963501, "severity": "INFO", "name": "recommendationservice-server", "message": "[Recv ListRecommendations] product_ids=['LS4PSXUNUM', '0PUK6V6EV0', '6E92ZMYYFZ', '66VCHSJNUP', 'OLJCESPC7Z']"}
2026-08-21T07:50:55.784844613Z {"timestamp": 1787298655.783376, "severity": "INFO", "name": "recommendationservice-server", "message": "[Recv ListRecommendations] product_ids=['9SIQT8TOJO', '6E92ZMYYFZ', '2ZYFJ3GM2N', '1YMWWN1N4O', '66VCHSJNUP']"}
2026-08-21T07:50:55.878390283Z {"timestamp": 1787298655.8774538, "severity": "INFO", "name": "recommendationservice-server", "message": "[Recv ListRecommendations] product_ids=['9SIQT8TOJO', '1YMWWN1N4O', '2ZYFJ3GM2N', '0PUK6V6EV0', '6E92ZMYYFZ']"}
2026-08-21T07:50:56.647371750Z {"timestamp": 1787298656.646431, "severity": "INFO", "name": "recommendationservice-server", "message": "[Recv ListRecommendations] product_ids=['LS4PSXUNUM', 'OLJCESPC7Z', '1YMWWN1N4O', '66VCHSJNUP', '2ZYFJ3GM2N']"}
2026-08-21T07:50:57.070084386Z {"timestamp": 1787298657.0693448, "severity": "INFO", "name": "recommendationservice-server", "message": "[Recv ListRecommendations] product_ids=['2ZYFJ3GM2N', 'L9ECAV7KIM', '0PUK6V6EV0', '9SIQT8TOJO', '1YMWWN1N4O']"}
2026-08-21T07:50:57.524518163Z {"timestamp": 1787298657.5238917, "severity": "INFO", "name": "recommendationservice-server", "message": "[Recv ListRecommendations] product_ids=['1YMWWN1N4O', '66VCHSJNUP', '0PUK6V6EV0', 'LS4PSXUNUM', 'L9ECAV7KIM']"}
2026-08-21T07:50:58.843225049Z {"timestamp": 1787298658.8427234, "severity": "INFO", "name": "recommendationservice-server", "message": "[Recv ListRecommendations] product_ids=['L9ECAV7KIM', '66VCHSJNUP', 'LS4PSXUNUM', '9SIQT8TOJO', '1YMWWN1N4O']"}
2026-08-21T07:50:58.913180644Z {"timestamp": 1787298658.9123037, "severity": "INFO", "name": "recommendationservice-server", "message": "[Recv ListRecommendations] product_ids=['2ZYFJ3GM2N', '6E92ZMYYFZ', '9SIQT8TOJO', 'OLJCESPC7Z', 'L9ECAV7KIM']"}
2026-08-21T07:50:59.125041641Z {"timestamp": 1787298659.1240046, "severity": "INFO", "name": "recommendationservice-server", "message": "[Recv ListRecommendations] product_ids=['1YMWWN1N4O', 'OLJCESPC7Z', '66VCHSJNUP', '9SIQT8TOJO', '6E92ZMYYFZ']"}
2026-08-21T07:50:59.272074541Z {"timestamp": 1787298659.2715588, "severity": "INFO", "name": "recommendationservice-server", "message": "[Recv ListRecommendations] product_ids=['0PUK6V6EV0', '6E92ZMYYFZ', '1YMWWN1N4O', 'LS4PSXUNUM', '2ZYFJ3GM2N']"}
2026-08-21T07:50:59.463582968Z {"timestamp": 1787298659.4622722, "severity": "INFO", "name": "recommendationservice-server", "message": "[Recv ListRecommendations] product_ids=['0PUK6V6EV0', '9SIQT8TOJO', 'L9ECAV7KIM', '2ZYFJ3GM2N', 'LS4PSXUNUM']"}
2026-08-21T07:50:59.706206556Z {"timestamp": 1787298659.705654, "severity": "INFO", "name": "recommendationservice-server", "message": "[Recv ListRecommendations] product_ids=['LS4PSXUNUM', '2ZYFJ3GM2N', '6E92ZMYYFZ', '9SIQT8TOJO', 'OLJCESPC7Z']"}
2026-08-21T07:50:59.850513232Z {"timestamp": 1787298659.849905, "severity": "INFO", "name": "recommendationservice-server", "message": "[Recv ListRecommendations] product_ids=['OLJCESPC7Z', '6E92ZMYYFZ', 'LS4PSXUNUM', '66VCHSJNUP', '2ZYFJ3GM2N']"}
2026-08-21T07:51:00.053960218Z {"timestamp": 1787298660.05271, "severity": "INFO", "name": "recommendationservice-server", "message": "[Recv ListRecommendations] product_ids=['66VCHSJNUP', '1YMWWN1N4O', 'L9ECAV7KIM', '0PUK6V6EV0', '6E92ZMYYFZ']"}
2026-08-21T07:51:00.435468137Z {"timestamp": 1787298660.4338393, "severity": "INFO", "name": "recommendationservice-server", "message": "[Recv ListRecommendations] product_ids=['OLJCESPC7Z', '1YMWWN1N4O', '6E92ZMYYFZ', '0PUK6V6EV0', 'LS4PSXUNUM']"}
2026-08-21T07:51:00.472507806Z {"timestamp": 1787298660.4713194, "severity": "INFO", "name": "recommendationservice-server", "message": "[Recv ListRecommendations] product_ids=['OLJCESPC7Z', '6E92ZMYYFZ', 'L9ECAV7KIM', 'LS4PSXUNUM', '2ZYFJ3GM2N']"}
2026-08-21T07:51:00.525438950Z {"timestamp": 1787298660.5241754, "severity": "INFO", "name": "recommendationservice-server", "message": "[Recv ListRecommendations] product_ids=['OLJCESPC7Z', '6E92ZMYYFZ', '1YMWWN1N4O', '66VCHSJNUP', '2ZYFJ3GM2N']"}
2026-08-21T07:51:00.593628370Z {"timestamp": 1787298660.592836, "severity": "INFO", "name": "recommendationservice-server", "message": "[Recv ListRecommendations] product_ids=['9SIQT8TOJO', '1YMWWN1N4O', 'L9ECAV7KIM', '66VCHSJNUP', '2ZYFJ3GM2N']"}
2026-08-21T07:51:00.900898227Z {"timestamp": 1787298660.9001634, "severity": "INFO", "name": "recommendationservice-server", "message": "[Recv ListRecommendations] product_ids=['0PUK6V6EV0', '9SIQT8TOJO', '2ZYFJ3GM2N', 'L9ECAV7KIM', '1YMWWN1N4O']"}
2026-08-21T07:51:01.572447846Z {"timestamp": 1787298661.5712745, "severity": "INFO", "name": "recommendationservice-server", "message": "[Recv ListRecommendations] product_ids=['LS4PSXUNUM', '0PUK6V6EV0', '66VCHSJNUP', '9SIQT8TOJO', '1YMWWN1N4O']"}
2026-08-21T07:51:01.585116619Z {"timestamp": 1787298661.5809038, "severity": "INFO", "name": "recommendationservice-server", "message": "[Recv ListRecommendations] product_ids=['6E92ZMYYFZ', 'LS4PSXUNUM', '1YMWWN1N4O', 'L9ECAV7KIM', 'OLJCESPC7Z']"}
2026-08-21T07:51:02.515901786Z {"timestamp": 1787298662.5154366, "severity": "INFO", "name": "recommendationservice-server", "message": "[Recv ListRecommendations] product_ids=['LS4PSXUNUM', '66VCHSJNUP', 'L9ECAV7KIM', '1YMWWN1N4O', 'OLJCESPC7Z']"}
2026-08-21T07:51:03.278594670Z {"timestamp": 1787298663.277954, "severity": "INFO", "name": "recommendationservice-server", "message": "[Recv ListRecommendations] product_ids=['2ZYFJ3GM2N', 'LS4PSXUNUM', '66VCHSJNUP', 'OLJCESPC7Z', 'L9ECAV7KIM']"}
2026-08-21T07:51:03.321563143Z {"timestamp": 1787298663.3208692, "severity": "INFO", "name": "recommendationservice-server", "message": "[Recv ListRecommendations] product_ids=['2ZYFJ3GM2N', 'OLJCESPC7Z', '1YMWWN1N4O', '0PUK6V6EV0', 'L9ECAV7KIM']"}
2026-08-21T07:51:03.848002905Z {"timestamp": 1787298663.8435676, "severity": "INFO", "name": "recommendationservice-server", "message": "[Recv ListRecommendations] product_ids=['LS4PSXUNUM', 'OLJCESPC7Z', '0PUK6V6EV0', '6E92ZMYYFZ', '9SIQT8TOJO']"}
2026-08-21T07:51:03.994444749Z {"timestamp": 1787298663.9936814, "severity": "INFO", "name": "recommendationservice-server", "message": "[Recv ListRecommendations] product_ids=['0PUK6V6EV0', 'LS4PSXUNUM', 'OLJCESPC7Z', '66VCHSJNUP', '6E92ZMYYFZ']"}
2026-08-21T07:51:04.409577324Z {"timestamp": 1787298664.4082417, "severity": "INFO", "name": "recommendationservice-server", "message": "[Recv ListRecommendations] product_ids=['L9ECAV7KIM', '1YMWWN1N4O', '9SIQT8TOJO', '6E92ZMYYFZ', 'LS4PSXUNUM']"}
2026-08-21T07:51:04.968358509Z {"timestamp": 1787298664.9680479, "severity": "INFO", "name": "recommendationservice-server", "message": "[Recv ListRecommendations] product_ids=['0PUK6V6EV0', 'L9ECAV7KIM', 'OLJCESPC7Z', '2ZYFJ3GM2N', '1YMWWN1N4O']"}
2026-08-21T07:51:05.739486973Z {"timestamp": 1787298665.7383018, "severity": "INFO", "name": "recommendationservice-server", "message": "[Recv ListRecommendations] product_ids=['LS4PSXUNUM', 'L9ECAV7KIM', '0PUK6V6EV0']"}
2026-08-21T07:51:05.821557520Z {"timestamp": 1787298665.81875, "severity": "INFO", "name": "recommendationservice-server", "message": "[Recv ListRecommendations] product_ids=['6E92ZMYYFZ', 'LS4PSXUNUM', '66VCHSJNUP', '9SIQT8TOJO', '0PUK6V6EV0']"}
2026-08-21T07:51:06.023558793Z {"timestamp": 1787298666.0232148, "severity": "INFO", "name": "recommendationservice-server", "message": "[Recv ListRecommendations] product_ids=['6E92ZMYYFZ', '1YMWWN1N4O', 'LS4PSXUNUM', '0PUK6V6EV0', 'OLJCESPC7Z']"}
2026-08-21T07:51:06.676608018Z {"timestamp": 1787298666.6759667, "severity": "INFO", "name": "recommendationservice-server", "message": "[Recv ListRecommendations] product_ids=['0PUK6V6EV0', 'LS4PSXUNUM', '9SIQT8TOJO']"}
2026-08-21T07:51:06.701183235Z {"timestamp": 1787298666.700342, "severity": "INFO", "name": "recommendationservice-server", "message": "[Recv ListRecommendations] product_ids=['6E92ZMYYFZ', '0PUK6V6EV0', '1YMWWN1N4O', '2ZYFJ3GM2N', 'L9ECAV7KIM']"}
2026-08-21T07:51:06.757407367Z {"timestamp": 1787298666.7567434, "severity": "INFO", "name": "recommendationservice-server", "message": "[Recv ListRecommendations] product_ids=['9SIQT8TOJO', '1YMWWN1N4O', '6E92ZMYYFZ', 'L9ECAV7KIM', 'LS4PSXUNUM']"}
2026-08-21T07:51:06.789710284Z {"timestamp": 1787298666.7892509, "severity": "INFO", "name": "recommendationservice-server", "message": "[Recv ListRecommendations] product_ids=['LS4PSXUNUM', '6E92ZMYYFZ', '2ZYFJ3GM2N', '9SIQT8TOJO', '66VCHSJNUP']"}
2026-08-21T07:51:07.281430854Z {"timestamp": 1787298667.2805219, "severity": "INFO", "name": "recommendationservice-server", "message": "[Recv ListRecommendations] product_ids=['9SIQT8TOJO', 'L9ECAV7KIM', 'LS4PSXUNUM', '2ZYFJ3GM2N', '1YMWWN1N4O']"}
2026-08-21T07:51:07.634696920Z {"timestamp": 1787298667.6339166, "severity": "INFO", "name": "recommendationservice-server", "message": "[Recv ListRecommendations] product_ids=['2ZYFJ3GM2N', '1YMWWN1N4O', '9SIQT8TOJO', '66VCHSJNUP', 'OLJCESPC7Z']"}
2026-08-21T07:51:07.715323242Z {"timestamp": 1787298667.7148921, "severity": "INFO", "name": "recommendationservice-server", "message": "[Recv ListRecommendations] product_ids=['1YMWWN1N4O', '9SIQT8TOJO', '6E92ZMYYFZ', 'L9ECAV7KIM', '66VCHSJNUP']"}
2026-08-21T07:51:07.721501502Z {"timestamp": 1787298667.7211666, "severity": "INFO", "name": "recommendationservice-server", "message": "[Recv ListRecommendations] product_ids=['OLJCESPC7Z', '9SIQT8TOJO', '66VCHSJNUP', '2ZYFJ3GM2N', '0PUK6V6EV0']"}
2026-08-21T07:51:07.924236688Z {"timestamp": 1787298667.9238796, "severity": "INFO", "name": "recommendationservice-server", "message": "[Recv ListRecommendations] product_ids=['LS4PSXUNUM', 'L9ECAV7KIM', 'OLJCESPC7Z', '66VCHSJNUP', '2ZYFJ3GM2N']"}
2026-08-21T07:51:08.119882374Z {"timestamp": 1787298668.1194835, "severity": "INFO", "name": "recommendationservice-server", "message": "[Recv ListRecommendations] product_ids=['9SIQT8TOJO', '6E92ZMYYFZ', 'LS4PSXUNUM', '1YMWWN1N4O', '2ZYFJ3GM2N']"}
2026-08-21T07:51:08.141904495Z {"timestamp": 1787298668.1410885, "severity": "INFO", "name": "recommendationservice-server", "message": "[Recv ListRecommendations] product_ids=['OLJCESPC7Z', '66VCHSJNUP', '6E92ZMYYFZ', '2ZYFJ3GM2N', '9SIQT8TOJO']"}
2026-08-21T07:51:08.144430687Z {"timestamp": 1787298668.1438005, "severity": "INFO", "name": "recommendationservice-server", "message": "[Recv ListRecommendations] product_ids=['LS4PSXUNUM', '1YMWWN1N4O', '66VCHSJNUP', 'OLJCESPC7Z', '2ZYFJ3GM2N']"}
2026-08-21T07:51:08.145579965Z {"timestamp": 1787298668.1453094, "severity": "INFO", "name": "recommendationservice-server", "message": "[Recv ListRecommendations] product_ids=['L9ECAV7KIM', '1YMWWN1N4O', '2ZYFJ3GM2N', '0PUK6V6EV0', '9SIQT8TOJO']"}
2026-08-21T07:51:08.222753451Z {"timestamp": 1787298668.2224107, "severity": "INFO", "name": "recommendationservice-server", "message": "[Recv ListRecommendations] product_ids=['2ZYFJ3GM2N', '0PUK6V6EV0', '1YMWWN1N4O', '9SIQT8TOJO', 'LS4PSXUNUM']"}
2026-08-21T07:51:09.229150156Z {"timestamp": 1787298669.2282903, "severity": "INFO", "name": "recommendationservice-server", "message": "[Recv ListRecommendations] product_ids=['9SIQT8TOJO', '2ZYFJ3GM2N', '66VCHSJNUP', '0PUK6V6EV0', 'L9ECAV7KIM']"}
2026-08-21T07:51:10.597755815Z {"timestamp": 1787298670.597338, "severity": "INFO", "name": "recommendationservice-server", "message": "[Recv ListRecommendations] product_ids=['0PUK6V6EV0', 'L9ECAV7KIM', '9SIQT8TOJO', '66VCHSJNUP', '2ZYFJ3GM2N']"}
2026-08-21T07:51:11.887805075Z {"timestamp": 1787298671.8866916, "severity": "INFO", "name": "recommendationservice-server", "message": "[Recv ListRecommendations] product_ids=['LS4PSXUNUM', 'OLJCESPC7Z', '66VCHSJNUP', 'L9ECAV7KIM', '0PUK6V6EV0']"}
2026-08-21T07:51:12.167185836Z {"timestamp": 1787298672.1664994, "severity": "INFO", "name": "recommendationservice-server", "message": "[Recv ListRecommendations] product_ids=['66VCHSJNUP', 'OLJCESPC7Z', 'LS4PSXUNUM', '0PUK6V6EV0', '6E92ZMYYFZ']"}
2026-08-21T07:51:12.280528349Z {"timestamp": 1787298672.2799885, "severity": "INFO", "name": "recommendationservice-server", "message": "[Recv ListRecommendations] product_ids=['66VCHSJNUP', 'L9ECAV7KIM', '0PUK6V6EV0', '6E92ZMYYFZ', '9SIQT8TOJO']"}
2026-08-21T07:51:13.379679122Z {"timestamp": 1787298673.3789682, "severity": "INFO", "name": "recommendationservice-server", "message": "[Recv ListRecommendations] product_ids=['9SIQT8TOJO', 'L9ECAV7KIM', '0PUK6V6EV0', '2ZYFJ3GM2N', '1YMWWN1N4O']"}
2026-08-21T07:51:13.475192349Z {"timestamp": 1787298673.4743962, "severity": "INFO", "name": "recommendationservice-server", "message": "[Recv ListRecommendations] product_ids=['0PUK6V6EV0', '9SIQT8TOJO', '1YMWWN1N4O', '6E92ZMYYFZ', '66VCHSJNUP']"}
2026-08-21T07:51:14.565880500Z {"timestamp": 1787298674.565122, "severity": "INFO", "name": "recommendationservice-server", "message": "[Recv ListRecommendations] product_ids=['9SIQT8TOJO', 'OLJCESPC7Z', 'L9ECAV7KIM', '66VCHSJNUP', 'LS4PSXUNUM']"}
2026-08-21T07:51:14.667723315Z {"timestamp": 1787298674.6667686, "severity": "INFO", "name": "recommendationservice-server", "message": "[Recv ListRecommendations] product_ids=['66VCHSJNUP', '2ZYFJ3GM2N', '0PUK6V6EV0', 'L9ECAV7KIM', '1YMWWN1N4O']"}
2026-08-21T07:51:14.680972586Z {"timestamp": 1787298674.6793966, "severity": "INFO", "name": "recommendationservice-server", "message": "[Recv ListRecommendations] product_ids=['9SIQT8TOJO', '66VCHSJNUP', '0PUK6V6EV0', 'OLJCESPC7Z', '2ZYFJ3GM2N']"}
2026-08-21T07:51:15.085139548Z {"timestamp": 1787298675.084773, "severity": "INFO", "name": "recommendationservice-server", "message": "[Recv ListRecommendations] product_ids=['0PUK6V6EV0', '9SIQT8TOJO', 'LS4PSXUNUM', '2ZYFJ3GM2N', 'L9ECAV7KIM']"}
2026-08-21T07:51:15.198564274Z {"timestamp": 1787298675.197967, "severity": "INFO", "name": "recommendationservice-server", "message": "[Recv ListRecommendations] product_ids=['0PUK6V6EV0', '6E92ZMYYFZ', '2ZYFJ3GM2N', '1YMWWN1N4O', 'LS4PSXUNUM']"}
2026-08-21T07:51:15.559715914Z {"timestamp": 1787298675.5588977, "severity": "INFO", "name": "recommendationservice-server", "message": "[Recv ListRecommendations] product_ids=['L9ECAV7KIM', '2ZYFJ3GM2N', '1YMWWN1N4O', '9SIQT8TOJO', '0PUK6V6EV0']"}
2026-08-21T07:51:16.055438285Z {"timestamp": 1787298676.05498, "severity": "INFO", "name": "recommendationservice-server", "message": "[Recv ListRecommendations] product_ids=['OLJCESPC7Z', 'LS4PSXUNUM', '66VCHSJNUP', '6E92ZMYYFZ', '9SIQT8TOJO']"}
2026-08-21T07:51:16.338106860Z {"timestamp": 1787298676.3365657, "severity": "INFO", "name": "recommendationservice-server", "message": "[Recv ListRecommendations] product_ids=['1YMWWN1N4O', '66VCHSJNUP', '2ZYFJ3GM2N', 'L9ECAV7KIM', '6E92ZMYYFZ']"}
2026-08-21T07:51:16.365150786Z {"timestamp": 1787298676.3645382, "severity": "INFO", "name": "recommendationservice-server", "message": "[Recv ListRecommendations] product_ids=['LS4PSXUNUM', '2ZYFJ3GM2N', 'OLJCESPC7Z', '0PUK6V6EV0', '9SIQT8TOJO']"}
2026-08-21T07:51:17.480242150Z {"timestamp": 1787298677.4796083, "severity": "INFO", "name": "recommendationservice-server", "message": "[Recv ListRecommendations] product_ids=['2ZYFJ3GM2N', 'OLJCESPC7Z', '66VCHSJNUP', '6E92ZMYYFZ', '1YMWWN1N4O']"}
2026-08-21T07:51:17.506051684Z {"timestamp": 1787298677.505308, "severity": "INFO", "name": "recommendationservice-server", "message": "[Recv ListRecommendations] product_ids=['66VCHSJNUP', '1YMWWN1N4O', 'LS4PSXUNUM', 'OLJCESPC7Z', 'L9ECAV7KIM']"}
2026-08-21T07:51:17.568787488Z {"timestamp": 1787298677.568417, "severity": "INFO", "name": "recommendationservice-server", "message": "[Recv ListRecommendations] product_ids=['9SIQT8TOJO', 'L9ECAV7KIM', '1YMWWN1N4O', '2ZYFJ3GM2N', 'OLJCESPC7Z']"}
2026-08-21T07:51:17.664989022Z {"timestamp": 1787298677.66431, "severity": "INFO", "name": "recommendationservice-server", "message": "[Recv ListRecommendations] product_ids=['9SIQT8TOJO', '6E92ZMYYFZ', 'L9ECAV7KIM', '66VCHSJNUP', '2ZYFJ3GM2N']"}
2026-08-21T07:51:17.927502847Z {"timestamp": 1787298677.9268785, "severity": "INFO", "name": "recommendationservice-server", "message": "[Recv ListRecommendations] product_ids=['0PUK6V6EV0', '9SIQT8TOJO', '2ZYFJ3GM2N', '6E92ZMYYFZ', 'OLJCESPC7Z']"}
2026-08-21T07:51:18.600151468Z {"timestamp": 1787298678.5998538, "severity": "INFO", "name": "recommendationservice-server", "message": "[Recv ListRecommendations] product_ids=['6E92ZMYYFZ', 'LS4PSXUNUM', '9SIQT8TOJO', '0PUK6V6EV0', '1YMWWN1N4O']"}
2026-08-21T07:51:19.143452622Z {"timestamp": 1787298679.1418655, "severity": "INFO", "name": "recommendationservice-server", "message": "[Recv ListRecommendations] product_ids=['1YMWWN1N4O', '6E92ZMYYFZ', '2ZYFJ3GM2N', '66VCHSJNUP', '0PUK6V6EV0']"}
2026-08-21T07:51:19.741204695Z {"timestamp": 1787298679.7405367, "severity": "INFO", "name": "recommendationservice-server", "message": "[Recv ListRecommendations] product_ids=['9SIQT8TOJO', '1YMWWN1N4O', '0PUK6V6EV0', '66VCHSJNUP', '6E92ZMYYFZ']"}
2026-08-21T07:51:21.139462979Z {"timestamp": 1787298681.1389065, "severity": "INFO", "name": "recommendationservice-server", "message": "[Recv ListRecommendations] product_ids=['2ZYFJ3GM2N', 'LS4PSXUNUM', '66VCHSJNUP', 'L9ECAV7KIM', '1YMWWN1N4O']"}
2026-08-21T07:51:21.157473280Z {"timestamp": 1787298681.1570883, "severity": "INFO", "name": "recommendationservice-server", "message": "[Recv ListRecommendations] product_ids=['OLJCESPC7Z', '2ZYFJ3GM2N', '66VCHSJNUP', 'LS4PSXUNUM', '9SIQT8TOJO']"}
2026-08-21T07:51:21.215732242Z {"timestamp": 1787298681.215341, "severity": "INFO", "name": "recommendationservice-server", "message": "[Recv ListRecommendations] product_ids=['LS4PSXUNUM', '66VCHSJNUP', 'OLJCESPC7Z', '6E92ZMYYFZ', 'L9ECAV7KIM']"}
2026-08-21T07:51:21.301664008Z {"timestamp": 1787298681.30135, "severity": "INFO", "name": "recommendationservice-server", "message": "[Recv ListRecommendations] product_ids=['6E92ZMYYFZ', '1YMWWN1N4O', '9SIQT8TOJO', 'L9ECAV7KIM', '66VCHSJNUP']"}
2026-08-21T07:51:21.502308616Z {"timestamp": 1787298681.5017796, "severity": "INFO", "name": "recommendationservice-server", "message": "[Recv ListRecommendations] product_ids=['9SIQT8TOJO', '2ZYFJ3GM2N', '0PUK6V6EV0', '6E92ZMYYFZ', 'LS4PSXUNUM']"}
2026-08-21T07:51:21.629212354Z {"timestamp": 1787298681.628874, "severity": "INFO", "name": "recommendationservice-server", "message": "[Recv ListRecommendations] product_ids=['OLJCESPC7Z', '1YMWWN1N4O', 'LS4PSXUNUM', '6E92ZMYYFZ', '0PUK6V6EV0']"}
2026-08-21T07:51:22.551610323Z {"timestamp": 1787298682.5502765, "severity": "INFO", "name": "recommendationservice-server", "message": "[Recv ListRecommendations] product_ids=['1YMWWN1N4O', '2ZYFJ3GM2N', '9SIQT8TOJO', 'L9ECAV7KIM', '0PUK6V6EV0']"}
2026-08-21T07:51:22.632644827Z {"timestamp": 1787298682.6320276, "severity": "INFO", "name": "recommendationservice-server", "message": "[Recv ListRecommendations] product_ids=['9SIQT8TOJO', '2ZYFJ3GM2N', '1YMWWN1N4O', 'L9ECAV7KIM', '0PUK6V6EV0']"}
2026-08-21T07:51:22.715146159Z {"timestamp": 1787298682.7147303, "severity": "INFO", "name": "recommendationservice-server", "message": "[Recv ListRecommendations] product_ids=['9SIQT8TOJO', '0PUK6V6EV0', '66VCHSJNUP', '2ZYFJ3GM2N', '1YMWWN1N4O']"}
2026-08-21T07:51:22.720259554Z {"timestamp": 1787298682.7199218, "severity": "INFO", "name": "recommendationservice-server", "message": "[Recv ListRecommendations] product_ids=['LS4PSXUNUM', '9SIQT8TOJO', '1YMWWN1N4O', 'OLJCESPC7Z', '0PUK6V6EV0']"}
2026-08-21T07:51:22.762035152Z {"timestamp": 1787298682.761603, "severity": "INFO", "name": "recommendationservice-server", "message": "[Recv ListRecommendations] product_ids=['L9ECAV7KIM', 'OLJCESPC7Z', '1YMWWN1N4O', 'LS4PSXUNUM', '0PUK6V6EV0']"}
2026-08-21T07:51:22.837231748Z {"timestamp": 1787298682.8368952, "severity": "INFO", "name": "recommendationservice-server", "message": "[Recv ListRecommendations] product_ids=['6E92ZMYYFZ', '9SIQT8TOJO', '66VCHSJNUP', '1YMWWN1N4O', 'LS4PSXUNUM']"}
2026-08-21T07:51:23.180022565Z {"timestamp": 1787298683.1792133, "severity": "INFO", "name": "recommendationservice-server", "message": "[Recv ListRecommendations] product_ids=['9SIQT8TOJO', '0PUK6V6EV0', '66VCHSJNUP', 'LS4PSXUNUM', '6E92ZMYYFZ']"}
2026-08-21T07:51:23.580101593Z {"timestamp": 1787298683.5767524, "severity": "INFO", "name": "recommendationservice-server", "message": "[Recv ListRecommendations] product_ids=['6E92ZMYYFZ', '1YMWWN1N4O', '2ZYFJ3GM2N', '66VCHSJNUP', '9SIQT8TOJO']"}
2026-08-21T07:51:23.718533025Z {"timestamp": 1787298683.7181697, "severity": "INFO", "name": "recommendationservice-server", "message": "[Recv ListRecommendations] product_ids=['2ZYFJ3GM2N', '1YMWWN1N4O', '6E92ZMYYFZ', '9SIQT8TOJO', 'OLJCESPC7Z']"}
2026-08-21T07:51:24.794456073Z {"timestamp": 1787298684.793473, "severity": "INFO", "name": "recommendationservice-server", "message": "[Recv ListRecommendations] product_ids=['OLJCESPC7Z', 'L9ECAV7KIM', '1YMWWN1N4O', '66VCHSJNUP', '0PUK6V6EV0']"}
2026-08-21T07:51:25.032790843Z {"timestamp": 1787298685.0323079, "severity": "INFO", "name": "recommendationservice-server", "message": "[Recv ListRecommendations] product_ids=['9SIQT8TOJO', '1YMWWN1N4O', 'LS4PSXUNUM', '2ZYFJ3GM2N', '6E92ZMYYFZ']"}
2026-08-21T07:51:26.178997923Z {"timestamp": 1787298686.178151, "severity": "INFO", "name": "recommendationservice-server", "message": "[Recv ListRecommendations] product_ids=['0PUK6V6EV0', 'OLJCESPC7Z', '2ZYFJ3GM2N', '9SIQT8TOJO', '6E92ZMYYFZ']"}
2026-08-21T07:51:26.343229867Z {"timestamp": 1787298686.342402, "severity": "INFO", "name": "recommendationservice-server", "message": "[Recv ListRecommendations] product_ids=['L9ECAV7KIM', '66VCHSJNUP', '0PUK6V6EV0', '2ZYFJ3GM2N', '6E92ZMYYFZ']"}
2026-08-21T07:51:26.962190240Z {"timestamp": 1787298686.961319, "severity": "INFO", "name": "recommendationservice-server", "message": "[Recv ListRecommendations] product_ids=['2ZYFJ3GM2N', '0PUK6V6EV0', '1YMWWN1N4O', 'L9ECAV7KIM', '6E92ZMYYFZ']"}
2026-08-21T07:51:27.145129471Z {"timestamp": 1787298687.1446671, "severity": "INFO", "name": "recommendationservice-server", "message": "[Recv ListRecommendations] product_ids=['LS4PSXUNUM', '66VCHSJNUP', '2ZYFJ3GM2N', '1YMWWN1N4O', 'L9ECAV7KIM']"}
2026-08-21T07:51:27.316527292Z {"timestamp": 1787298687.3159177, "severity": "INFO", "name": "recommendationservice-server", "message": "[Recv ListRecommendations] product_ids=['9SIQT8TOJO', '2ZYFJ3GM2N', 'LS4PSXUNUM', 'OLJCESPC7Z', '66VCHSJNUP']"}
2026-08-21T07:51:27.829043010Z {"timestamp": 1787298687.8280249, "severity": "INFO", "name": "recommendationservice-server", "message": "[Recv ListRecommendations] product_ids=['OLJCESPC7Z', 'L9ECAV7KIM', '0PUK6V6EV0', '9SIQT8TOJO', '2ZYFJ3GM2N']"}
2026-08-21T07:51:27.932150323Z {"timestamp": 1787298687.9310367, "severity": "INFO", "name": "recommendationservice-server", "message": "[Recv ListRecommendations] product_ids=['L9ECAV7KIM', 'OLJCESPC7Z', '6E92ZMYYFZ', 'LS4PSXUNUM', '66VCHSJNUP']"}
2026-08-21T07:51:28.098997277Z {"timestamp": 1787298688.0985456, "severity": "INFO", "name": "recommendationservice-server", "message": "[Recv ListRecommendations] product_ids=['2ZYFJ3GM2N', '0PUK6V6EV0', 'OLJCESPC7Z', '6E92ZMYYFZ', 'L9ECAV7KIM']"}
2026-08-21T07:51:28.120528633Z {"timestamp": 1787298688.120122, "severity": "INFO", "name": "recommendationservice-server", "message": "[Recv ListRecommendations] product_ids=['9SIQT8TOJO', '1YMWWN1N4O', 'L9ECAV7KIM', '0PUK6V6EV0', 'LS4PSXUNUM']"}
2026-08-21T07:51:28.333878103Z {"timestamp": 1787298688.3333685, "severity": "INFO", "name": "recommendationservice-server", "message": "[Recv ListRecommendations] product_ids=['9SIQT8TOJO', '2ZYFJ3GM2N', '1YMWWN1N4O', '6E92ZMYYFZ', 'LS4PSXUNUM']"}
2026-08-21T07:51:28.531845619Z {"timestamp": 1787298688.530729, "severity": "INFO", "name": "recommendationservice-server", "message": "[Recv ListRecommendations] product_ids=['1YMWWN1N4O', '9SIQT8TOJO', 'OLJCESPC7Z', 'L9ECAV7KIM', '66VCHSJNUP']"}
2026-08-21T07:51:28.672950200Z {"timestamp": 1787298688.672259, "severity": "INFO", "name": "recommendationservice-server", "message": "[Recv ListRecommendations] product_ids=['66VCHSJNUP', 'LS4PSXUNUM', 'L9ECAV7KIM', '2ZYFJ3GM2N', '1YMWWN1N4O']"}
2026-08-21T07:51:29.135572906Z {"timestamp": 1787298689.134069, "severity": "INFO", "name": "recommendationservice-server", "message": "[Recv ListRecommendations] product_ids=['2ZYFJ3GM2N', 'LS4PSXUNUM', '1YMWWN1N4O', '0PUK6V6EV0', 'OLJCESPC7Z']"}
2026-08-21T07:51:29.342258799Z {"timestamp": 1787298689.341477, "severity": "INFO", "name": "recommendationservice-server", "message": "[Recv ListRecommendations] product_ids=['LS4PSXUNUM', '9SIQT8TOJO', '0PUK6V6EV0', '2ZYFJ3GM2N', '6E92ZMYYFZ']"}
2026-08-21T07:51:30.176425461Z {"timestamp": 1787298690.1754563, "severity": "INFO", "name": "recommendationservice-server", "message": "[Recv ListRecommendations] product_ids=['2ZYFJ3GM2N', 'L9ECAV7KIM', '1YMWWN1N4O', 'OLJCESPC7Z', '66VCHSJNUP']"}
2026-08-21T07:51:30.281062198Z {"timestamp": 1787298690.2804809, "severity": "INFO", "name": "recommendationservice-server", "message": "[Recv ListRecommendations] product_ids=['OLJCESPC7Z', '1YMWWN1N4O', '9SIQT8TOJO', '0PUK6V6EV0', '2ZYFJ3GM2N']"}
2026-08-21T07:51:30.778100747Z {"timestamp": 1787298690.7776172, "severity": "INFO", "name": "recommendationservice-server", "message": "[Recv ListRecommendations] product_ids=['1YMWWN1N4O', '2ZYFJ3GM2N', '0PUK6V6EV0', 'L9ECAV7KIM', '66VCHSJNUP']"}
2026-08-21T07:51:31.487270758Z {"timestamp": 1787298691.48696, "severity": "INFO", "name": "recommendationservice-server", "message": "[Recv ListRecommendations] product_ids=['9SIQT8TOJO', 'OLJCESPC7Z', 'LS4PSXUNUM', '1YMWWN1N4O', '6E92ZMYYFZ']"}
2026-08-21T07:51:32.849542223Z {"timestamp": 1787298692.848578, "severity": "INFO", "name": "recommendationservice-server", "message": "[Recv ListRecommendations] product_ids=['6E92ZMYYFZ', '2ZYFJ3GM2N', 'OLJCESPC7Z', '66VCHSJNUP', '0PUK6V6EV0']"}
2026-08-21T07:51:32.906096112Z {"timestamp": 1787298692.9058187, "severity": "INFO", "name": "recommendationservice-server", "message": "[Recv ListRecommendations] product_ids=['0PUK6V6EV0', '66VCHSJNUP', '2ZYFJ3GM2N', '9SIQT8TOJO', 'L9ECAV7KIM']"}
2026-08-21T07:51:33.500856885Z {"timestamp": 1787298693.499628, "severity": "INFO", "name": "recommendationservice-server", "message": "[Recv ListRecommendations] product_ids=['6E92ZMYYFZ', 'OLJCESPC7Z', '1YMWWN1N4O', '9SIQT8TOJO', '2ZYFJ3GM2N']"}
2026-08-21T07:51:34.042801417Z {"timestamp": 1787298694.0423672, "severity": "INFO", "name": "recommendationservice-server", "message": "[Recv ListRecommendations] product_ids=['1YMWWN1N4O', '9SIQT8TOJO', '6E92ZMYYFZ', 'LS4PSXUNUM', '0PUK6V6EV0']"}
2026-08-21T07:51:34.044888022Z {"timestamp": 1787298694.0444026, "severity": "INFO", "name": "recommendationservice-server", "message": "[Recv ListRecommendations] product_ids=['1YMWWN1N4O', 'L9ECAV7KIM', '66VCHSJNUP', '6E92ZMYYFZ', '0PUK6V6EV0']"}
2026-08-21T07:51:34.053023415Z {"timestamp": 1787298694.0515652, "severity": "INFO", "name": "recommendationservice-server", "message": "[Recv ListRecommendations] product_ids=['0PUK6V6EV0', '6E92ZMYYFZ', 'L9ECAV7KIM', '9SIQT8TOJO', 'LS4PSXUNUM']"}
2026-08-21T07:51:34.114268391Z {"timestamp": 1787298694.114047, "severity": "INFO", "name": "recommendationservice-server", "message": "[Recv ListRecommendations] product_ids=['0PUK6V6EV0', '9SIQT8TOJO', '66VCHSJNUP', 'OLJCESPC7Z', 'L9ECAV7KIM']"}
2026-08-21T07:51:34.121939216Z {"timestamp": 1787298694.1215198, "severity": "INFO", "name": "recommendationservice-server", "message": "[Recv ListRecommendations] product_ids=['9SIQT8TOJO', '0PUK6V6EV0', 'OLJCESPC7Z', 'LS4PSXUNUM', '1YMWWN1N4O']"}
2026-08-21T07:51:35.774293923Z {"timestamp": 1787298695.773303, "severity": "INFO", "name": "recommendationservice-server", "message": "[Recv ListRecommendations] product_ids=['L9ECAV7KIM', '6E92ZMYYFZ', '0PUK6V6EV0', 'OLJCESPC7Z', '66VCHSJNUP']"}
2026-08-21T07:51:35.869284043Z {"timestamp": 1787298695.8683307, "severity": "INFO", "name": "recommendationservice-server", "message": "[Recv ListRecommendations] product_ids=['OLJCESPC7Z', '9SIQT8TOJO', '66VCHSJNUP', 'LS4PSXUNUM', '1YMWWN1N4O']"}
2026-08-21T07:51:36.583593031Z {"timestamp": 1787298696.582769, "severity": "INFO", "name": "recommendationservice-server", "message": "[Recv ListRecommendations] product_ids=['OLJCESPC7Z', '9SIQT8TOJO', '1YMWWN1N4O', 'L9ECAV7KIM', '6E92ZMYYFZ']"}
2026-08-21T07:51:36.892892561Z {"timestamp": 1787298696.8922389, "severity": "INFO", "name": "recommendationservice-server", "message": "[Recv ListRecommendations] product_ids=['9SIQT8TOJO', '1YMWWN1N4O', 'LS4PSXUNUM', 'OLJCESPC7Z', '0PUK6V6EV0']"}
2026-08-21T07:51:37.004191940Z {"timestamp": 1787298697.0035431, "severity": "INFO", "name": "recommendationservice-server", "message": "[Recv ListRecommendations] product_ids=['0PUK6V6EV0', '6E92ZMYYFZ', 'LS4PSXUNUM', '9SIQT8TOJO', '1YMWWN1N4O']"}
2026-08-21T07:51:37.448368403Z {"timestamp": 1787298697.4477105, "severity": "INFO", "name": "recommendationservice-server", "message": "[Recv ListRecommendations] product_ids=['9SIQT8TOJO', '0PUK6V6EV0', '6E92ZMYYFZ', '66VCHSJNUP', 'OLJCESPC7Z']"}
2026-08-21T07:51:37.516007300Z {"timestamp": 1787298697.5151687, "severity": "INFO", "name": "recommendationservice-server", "message": "[Recv ListRecommendations] product_ids=['LS4PSXUNUM', '1YMWWN1N4O', '66VCHSJNUP', 'OLJCESPC7Z', '6E92ZMYYFZ']"}
2026-08-21T07:51:37.615671025Z {"timestamp": 1787298697.614911, "severity": "INFO", "name": "recommendationservice-server", "message": "[Recv ListRecommendations] product_ids=['9SIQT8TOJO', '6E92ZMYYFZ', '1YMWWN1N4O', 'OLJCESPC7Z', '2ZYFJ3GM2N']"}
2026-08-21T07:51:37.720641951Z {"timestamp": 1787298697.7197444, "severity": "INFO", "name": "recommendationservice-server", "message": "[Recv ListRecommendations] product_ids=['66VCHSJNUP', '9SIQT8TOJO', 'OLJCESPC7Z', 'LS4PSXUNUM', '2ZYFJ3GM2N']"}
2026-08-21T07:51:38.308499675Z {"timestamp": 1787298698.3080537, "severity": "INFO", "name": "recommendationservice-server", "message": "[Recv ListRecommendations] product_ids=['9SIQT8TOJO', '0PUK6V6EV0', '6E92ZMYYFZ', 'OLJCESPC7Z', 'L9ECAV7KIM']"}
2026-08-21T07:51:38.885151510Z {"timestamp": 1787298698.883998, "severity": "INFO", "name": "recommendationservice-server", "message": "[Recv ListRecommendations] product_ids=['9SIQT8TOJO', 'LS4PSXUNUM', '6E92ZMYYFZ', '66VCHSJNUP', 'L9ECAV7KIM']"}
2026-08-21T07:51:38.973323403Z {"timestamp": 1787298698.9718304, "severity": "INFO", "name": "recommendationservice-server", "message": "[Recv ListRecommendations] product_ids=['1YMWWN1N4O', '0PUK6V6EV0', '9SIQT8TOJO', 'L9ECAV7KIM', '6E92ZMYYFZ']"}
2026-08-21T07:51:39.079608126Z {"timestamp": 1787298699.0787487, "severity": "INFO", "name": "recommendationservice-server", "message": "[Recv ListRecommendations] product_ids=['2ZYFJ3GM2N', '9SIQT8TOJO', '66VCHSJNUP', '0PUK6V6EV0', '6E92ZMYYFZ']"}
2026-08-21T07:51:39.088902427Z {"timestamp": 1787298699.087803, "severity": "INFO", "name": "recommendationservice-server", "message": "[Recv ListRecommendations] product_ids=['0PUK6V6EV0', '6E92ZMYYFZ', 'LS4PSXUNUM', 'OLJCESPC7Z', '2ZYFJ3GM2N']"}
2026-08-21T07:51:39.201102942Z {"timestamp": 1787298699.2007132, "severity": "INFO", "name": "recommendationservice-server", "message": "[Recv ListRecommendations] product_ids=['1YMWWN1N4O', 'L9ECAV7KIM', '6E92ZMYYFZ', 'OLJCESPC7Z', '0PUK6V6EV0']"}
2026-08-21T07:51:39.965960951Z {"timestamp": 1787298699.9655502, "severity": "INFO", "name": "recommendationservice-server", "message": "[Recv ListRecommendations] product_ids=['9SIQT8TOJO', '1YMWWN1N4O', '6E92ZMYYFZ', '0PUK6V6EV0', 'OLJCESPC7Z']"}
2026-08-21T07:51:40.343007994Z {"timestamp": 1787298700.3427057, "severity": "INFO", "name": "recommendationservice-server", "message": "[Recv ListRecommendations] product_ids=['OLJCESPC7Z', '66VCHSJNUP', 'L9ECAV7KIM', '6E92ZMYYFZ', '1YMWWN1N4O']"}
2026-08-21T07:51:41.188553967Z {"timestamp": 1787298701.188043, "severity": "INFO", "name": "recommendationservice-server", "message": "[Recv ListRecommendations] product_ids=['9SIQT8TOJO', '6E92ZMYYFZ', '1YMWWN1N4O', '0PUK6V6EV0', '66VCHSJNUP']"}
2026-08-21T07:51:41.525295333Z {"timestamp": 1787298701.524262, "severity": "INFO", "name": "recommendationservice-server", "message": "[Recv ListRecommendations] product_ids=['6E92ZMYYFZ', '66VCHSJNUP', '0PUK6V6EV0', 'LS4PSXUNUM', '2ZYFJ3GM2N']"}
2026-08-21T07:51:42.067822924Z {"timestamp": 1787298702.0672388, "severity": "INFO", "name": "recommendationservice-server", "message": "[Recv ListRecommendations] product_ids=['1YMWWN1N4O', 'OLJCESPC7Z', 'LS4PSXUNUM', '2ZYFJ3GM2N', '9SIQT8TOJO']"}
2026-08-21T07:51:42.254420655Z {"timestamp": 1787298702.2539783, "severity": "INFO", "name": "recommendationservice-server", "message": "[Recv ListRecommendations] product_ids=['66VCHSJNUP', '1YMWWN1N4O', '2ZYFJ3GM2N', '6E92ZMYYFZ', 'OLJCESPC7Z']"}
2026-08-21T07:51:42.492920211Z {"timestamp": 1787298702.4923317, "severity": "INFO", "name": "recommendationservice-server", "message": "[Recv ListRecommendations] product_ids=['OLJCESPC7Z', 'LS4PSXUNUM', 'L9ECAV7KIM', '2ZYFJ3GM2N', '9SIQT8TOJO']"}
2026-08-21T07:51:43.544244518Z {"timestamp": 1787298703.5437474, "severity": "INFO", "name": "recommendationservice-server", "message": "[Recv ListRecommendations] product_ids=['1YMWWN1N4O', '66VCHSJNUP', 'OLJCESPC7Z', '9SIQT8TOJO', 'L9ECAV7KIM']"}
2026-08-21T07:51:43.952998794Z {"timestamp": 1787298703.9525323, "severity": "INFO", "name": "recommendationservice-server", "message": "[Recv ListRecommendations] product_ids=['LS4PSXUNUM', '1YMWWN1N4O', '2ZYFJ3GM2N', '9SIQT8TOJO', '6E92ZMYYFZ']"}
2026-08-21T07:51:44.108740675Z {"timestamp": 1787298704.108249, "severity": "INFO", "name": "recommendationservice-server", "message": "[Recv ListRecommendations] product_ids=['LS4PSXUNUM', 'OLJCESPC7Z', '66VCHSJNUP', '9SIQT8TOJO', '2ZYFJ3GM2N']"}
2026-08-21T07:51:44.763003997Z {"timestamp": 1787298704.76166, "severity": "INFO", "name": "recommendationservice-server", "message": "[Recv ListRecommendations] product_ids=['1YMWWN1N4O', 'OLJCESPC7Z', '66VCHSJNUP', '0PUK6V6EV0', 'L9ECAV7KIM']"}
2026-08-21T07:51:44.860890906Z {"timestamp": 1787298704.859759, "severity": "INFO", "name": "recommendationservice-server", "message": "[Recv ListRecommendations] product_ids=['LS4PSXUNUM', '6E92ZMYYFZ', '66VCHSJNUP', 'OLJCESPC7Z', 'L9ECAV7KIM']"}
2026-08-21T07:51:45.983879600Z {"timestamp": 1787298705.9834037, "severity": "INFO", "name": "recommendationservice-server", "message": "[Recv ListRecommendations] product_ids=['2ZYFJ3GM2N', '1YMWWN1N4O', '9SIQT8TOJO', 'L9ECAV7KIM', 'OLJCESPC7Z']"}
2026-08-21T07:51:46.271638324Z {"timestamp": 1787298706.2710176, "severity": "INFO", "name": "recommendationservice-server", "message": "[Recv ListRecommendations] product_ids=['L9ECAV7KIM', '9SIQT8TOJO', '66VCHSJNUP', '2ZYFJ3GM2N', '0PUK6V6EV0']"}
2026-08-21T07:51:46.755513119Z {"timestamp": 1787298706.7545857, "severity": "INFO", "name": "recommendationservice-server", "message": "[Recv ListRecommendations] product_ids=['6E92ZMYYFZ', '1YMWWN1N4O', 'OLJCESPC7Z', '66VCHSJNUP', '0PUK6V6EV0']"}
2026-08-21T07:51:47.192508726Z {"timestamp": 1787298707.1915574, "severity": "INFO", "name": "recommendationservice-server", "message": "[Recv ListRecommendations] product_ids=['1YMWWN1N4O', '9SIQT8TOJO', '6E92ZMYYFZ', '0PUK6V6EV0', '66VCHSJNUP']"}
2026-08-21T07:51:47.737873750Z {"timestamp": 1787298707.7372313, "severity": "INFO", "name": "recommendationservice-server", "message": "[Recv ListRecommendations] product_ids=['2ZYFJ3GM2N', '9SIQT8TOJO', '0PUK6V6EV0', 'LS4PSXUNUM', '6E92ZMYYFZ']"}
2026-08-21T07:51:47.761829923Z {"timestamp": 1787298707.7613008, "severity": "INFO", "name": "recommendationservice-server", "message": "[Recv ListRecommendations] product_ids=['6E92ZMYYFZ', 'L9ECAV7KIM', '2ZYFJ3GM2N', '66VCHSJNUP', 'LS4PSXUNUM']"}
2026-08-21T07:51:47.815538059Z {"timestamp": 1787298707.8150024, "severity": "INFO", "name": "recommendationservice-server", "message": "[Recv ListRecommendations] product_ids=['0PUK6V6EV0', 'OLJCESPC7Z', '9SIQT8TOJO', 'L9ECAV7KIM', 'LS4PSXUNUM']"}
2026-08-21T07:51:47.910201474Z {"timestamp": 1787298707.9098697, "severity": "INFO", "name": "recommendationservice-server", "message": "[Recv ListRecommendations] product_ids=['1YMWWN1N4O', '2ZYFJ3GM2N', '6E92ZMYYFZ', '9SIQT8TOJO', 'OLJCESPC7Z']"}
2026-08-21T07:51:48.197290195Z {"timestamp": 1787298708.196759, "severity": "INFO", "name": "recommendationservice-server", "message": "[Recv ListRecommendations] product_ids=['OLJCESPC7Z', '9SIQT8TOJO', 'L9ECAV7KIM', '6E92ZMYYFZ', 'LS4PSXUNUM']"}
2026-08-21T07:51:49.136161457Z {"timestamp": 1787298709.1351843, "severity": "INFO", "name": "recommendationservice-server", "message": "[Recv ListRecommendations] product_ids=['L9ECAV7KIM', '0PUK6V6EV0', '66VCHSJNUP', '1YMWWN1N4O', 'OLJCESPC7Z']"}
2026-08-21T07:51:49.554173853Z {"timestamp": 1787298709.5529575, "severity": "INFO", "name": "recommendationservice-server", "message": "[Recv ListRecommendations] product_ids=['9SIQT8TOJO', 'OLJCESPC7Z', '1YMWWN1N4O', '66VCHSJNUP', 'LS4PSXUNUM']"}
2026-08-21T07:51:49.668214540Z {"timestamp": 1787298709.6676989, "severity": "INFO", "name": "recommendationservice-server", "message": "[Recv ListRecommendations] product_ids=['9SIQT8TOJO', '6E92ZMYYFZ', 'L9ECAV7KIM', 'OLJCESPC7Z', 'LS4PSXUNUM']"}
2026-08-21T07:51:49.912984072Z {"timestamp": 1787298709.9117713, "severity": "INFO", "name": "recommendationservice-server", "message": "[Recv ListRecommendations] product_ids=['OLJCESPC7Z', '1YMWWN1N4O', '66VCHSJNUP', 'L9ECAV7KIM', 'LS4PSXUNUM']"}
2026-08-21T07:51:51.474165509Z {"timestamp": 1787298711.473637, "severity": "INFO", "name": "recommendationservice-server", "message": "[Recv ListRecommendations] product_ids=['L9ECAV7KIM', '9SIQT8TOJO', '2ZYFJ3GM2N', 'LS4PSXUNUM', '66VCHSJNUP']"}
2026-08-21T07:51:51.503160009Z {"timestamp": 1787298711.5027037, "severity": "INFO", "name": "recommendationservice-server", "message": "[Recv ListRecommendations] product_ids=['9SIQT8TOJO', '66VCHSJNUP', 'LS4PSXUNUM', '6E92ZMYYFZ', '1YMWWN1N4O']"}
2026-08-21T07:51:51.829615320Z {"timestamp": 1787298711.8288069, "severity": "INFO", "name": "recommendationservice-server", "message": "[Recv ListRecommendations] product_ids=['2ZYFJ3GM2N', 'OLJCESPC7Z', 'LS4PSXUNUM', '0PUK6V6EV0', '66VCHSJNUP']"}
2026-08-21T07:51:52.069332868Z {"timestamp": 1787298712.0688212, "severity": "INFO", "name": "recommendationservice-server", "message": "[Recv ListRecommendations] product_ids=['9SIQT8TOJO', '0PUK6V6EV0', 'OLJCESPC7Z', '66VCHSJNUP', 'L9ECAV7KIM']"}
2026-08-21T07:51:52.909610375Z {"timestamp": 1787298712.9091246, "severity": "INFO", "name": "recommendationservice-server", "message": "[Recv ListRecommendations] product_ids=['L9ECAV7KIM', '2ZYFJ3GM2N', 'OLJCESPC7Z', '66VCHSJNUP', '1YMWWN1N4O']"}
2026-08-21T07:51:53.430122063Z {"timestamp": 1787298713.429144, "severity": "INFO", "name": "recommendationservice-server", "message": "[Recv ListRecommendations] product_ids=['9SIQT8TOJO', 'LS4PSXUNUM', '1YMWWN1N4O', 'OLJCESPC7Z', '2ZYFJ3GM2N']"}
2026-08-21T07:51:53.462735900Z {"timestamp": 1787298713.4622066, "severity": "INFO", "name": "recommendationservice-server", "message": "[Recv ListRecommendations] product_ids=['9SIQT8TOJO', 'L9ECAV7KIM', '1YMWWN1N4O', '0PUK6V6EV0', 'LS4PSXUNUM']"}
2026-08-21T07:51:53.472415335Z {"timestamp": 1787298713.4716291, "severity": "INFO", "name": "recommendationservice-server", "message": "[Recv ListRecommendations] product_ids=['2ZYFJ3GM2N', '1YMWWN1N4O', 'LS4PSXUNUM', '9SIQT8TOJO', '66VCHSJNUP']"}
2026-08-21T07:51:54.508107921Z {"timestamp": 1787298714.5072618, "severity": "INFO", "name": "recommendationservice-server", "message": "[Recv ListRecommendations] product_ids=['0PUK6V6EV0', '2ZYFJ3GM2N', 'LS4PSXUNUM', '66VCHSJNUP', '1YMWWN1N4O']"}
2026-08-21T07:51:55.018837958Z {"timestamp": 1787298715.0174363, "severity": "INFO", "name": "recommendationservice-server", "message": "[Recv ListRecommendations] product_ids=['0PUK6V6EV0', '2ZYFJ3GM2N', '1YMWWN1N4O', 'LS4PSXUNUM', 'L9ECAV7KIM']"}
2026-08-21T07:51:55.227932465Z {"timestamp": 1787298715.227208, "severity": "INFO", "name": "recommendationservice-server", "message": "[Recv ListRecommendations] product_ids=['0PUK6V6EV0', 'OLJCESPC7Z', '66VCHSJNUP', '1YMWWN1N4O', 'LS4PSXUNUM']"}
2026-08-21T07:51:55.764507536Z {"timestamp": 1787298715.762868, "severity": "INFO", "name": "recommendationservice-server", "message": "[Recv ListRecommendations] product_ids=['1YMWWN1N4O', '9SIQT8TOJO', 'OLJCESPC7Z', '0PUK6V6EV0', 'L9ECAV7KIM']"}
2026-08-21T07:51:55.831373751Z {"timestamp": 1787298715.8307726, "severity": "INFO", "name": "recommendationservice-server", "message": "[Recv ListRecommendations] product_ids=['66VCHSJNUP', '2ZYFJ3GM2N', '9SIQT8TOJO', '6E92ZMYYFZ', 'OLJCESPC7Z']"}
2026-08-21T07:51:55.922290434Z {"timestamp": 1787298715.9218755, "severity": "INFO", "name": "recommendationservice-server", "message": "[Recv ListRecommendations] product_ids=['OLJCESPC7Z', '0PUK6V6EV0', '2ZYFJ3GM2N', '9SIQT8TOJO', '66VCHSJNUP']"}
2026-08-21T07:51:56.016509706Z {"timestamp": 1787298716.015841, "severity": "INFO", "name": "recommendationservice-server", "message": "[Recv ListRecommendations] product_ids=['OLJCESPC7Z', 'L9ECAV7KIM', '2ZYFJ3GM2N', '1YMWWN1N4O', '6E92ZMYYFZ']"}
2026-08-21T07:51:56.202112429Z {"timestamp": 1787298716.2014782, "severity": "INFO", "name": "recommendationservice-server", "message": "[Recv ListRecommendations] product_ids=['9SIQT8TOJO', '6E92ZMYYFZ', '2ZYFJ3GM2N', 'L9ECAV7KIM', '1YMWWN1N4O']"}
2026-08-21T07:51:58.064617625Z {"timestamp": 1787298718.064201, "severity": "INFO", "name": "recommendationservice-server", "message": "[Recv ListRecommendations] product_ids=['0PUK6V6EV0', '1YMWWN1N4O', 'LS4PSXUNUM', '66VCHSJNUP', 'OLJCESPC7Z']"}
2026-08-21T07:51:58.629982665Z {"timestamp": 1787298718.628833, "severity": "INFO", "name": "recommendationservice-server", "message": "[Recv ListRecommendations] product_ids=['6E92ZMYYFZ', 'L9ECAV7KIM', 'OLJCESPC7Z', '9SIQT8TOJO', 'LS4PSXUNUM']"}
2026-08-21T07:51:58.717769683Z {"timestamp": 1787298718.717386, "severity": "INFO", "name": "recommendationservice-server", "message": "[Recv ListRecommendations] product_ids=['1YMWWN1N4O', '0PUK6V6EV0', '9SIQT8TOJO', 'LS4PSXUNUM', '2ZYFJ3GM2N']"}
2026-08-21T07:51:58.719045272Z {"timestamp": 1787298718.7186995, "severity": "INFO", "name": "recommendationservice-server", "message": "[Recv ListRecommendations] product_ids=['6E92ZMYYFZ', '0PUK6V6EV0', '2ZYFJ3GM2N', 'OLJCESPC7Z', '1YMWWN1N4O']"}
2026-08-21T07:51:58.875835523Z {"timestamp": 1787298718.8748918, "severity": "INFO", "name": "recommendationservice-server", "message": "[Recv ListRecommendations] product_ids=['OLJCESPC7Z', '9SIQT8TOJO', '66VCHSJNUP', '6E92ZMYYFZ', '0PUK6V6EV0']"}
2026-08-21T07:51:58.969673138Z {"timestamp": 1787298718.9688547, "severity": "INFO", "name": "recommendationservice-server", "message": "[Recv ListRecommendations] product_ids=['9SIQT8TOJO', '1YMWWN1N4O', '66VCHSJNUP', 'L9ECAV7KIM', '0PUK6V6EV0']"}
2026-08-21T07:51:59.105828029Z {"timestamp": 1787298719.104846, "severity": "INFO", "name": "recommendationservice-server", "message": "[Recv ListRecommendations] product_ids=['0PUK6V6EV0', '66VCHSJNUP', 'OLJCESPC7Z', '2ZYFJ3GM2N', 'LS4PSXUNUM']"}
2026-08-21T07:51:59.923076219Z {"timestamp": 1787298719.9222913, "severity": "INFO", "name": "recommendationservice-server", "message": "[Recv ListRecommendations] product_ids=['0PUK6V6EV0', '2ZYFJ3GM2N', '9SIQT8TOJO', '66VCHSJNUP', 'LS4PSXUNUM']"}
2026-08-21T07:52:00.048683368Z {"timestamp": 1787298720.0482788, "severity": "INFO", "name": "recommendationservice-server", "message": "[Recv ListRecommendations] product_ids=['L9ECAV7KIM', '66VCHSJNUP', '1YMWWN1N4O', '9SIQT8TOJO', 'OLJCESPC7Z']"}
2026-08-21T07:52:01.180069615Z {"timestamp": 1787298721.1793914, "severity": "INFO", "name": "recommendationservice-server", "message": "[Recv ListRecommendations] product_ids=['1YMWWN1N4O', '0PUK6V6EV0', '6E92ZMYYFZ', '66VCHSJNUP', 'LS4PSXUNUM']"}
2026-08-21T07:52:01.421001098Z {"timestamp": 1787298721.420237, "severity": "INFO", "name": "recommendationservice-server", "message": "[Recv ListRecommendations] product_ids=['0PUK6V6EV0', '1YMWWN1N4O', '6E92ZMYYFZ', '2ZYFJ3GM2N', 'LS4PSXUNUM']"}
2026-08-21T07:52:01.521814687Z {"timestamp": 1787298721.5211225, "severity": "INFO", "name": "recommendationservice-server", "message": "[Recv ListRecommendations] product_ids=['L9ECAV7KIM', '0PUK6V6EV0', '6E92ZMYYFZ', '9SIQT8TOJO', 'LS4PSXUNUM']"}
2026-08-21T07:52:01.644037132Z {"timestamp": 1787298721.6430917, "severity": "INFO", "name": "recommendationservice-server", "message": "[Recv ListRecommendations] product_ids=['9SIQT8TOJO', 'L9ECAV7KIM', 'OLJCESPC7Z', '66VCHSJNUP', '6E92ZMYYFZ']"}
2026-08-21T07:52:01.945110158Z {"timestamp": 1787298721.9439821, "severity": "INFO", "name": "recommendationservice-server", "message": "[Recv ListRecommendations] product_ids=['66VCHSJNUP', '9SIQT8TOJO', '0PUK6V6EV0', '1YMWWN1N4O', 'OLJCESPC7Z']"}
2026-08-21T07:52:02.164411579Z {"timestamp": 1787298722.1638334, "severity": "INFO", "name": "recommendationservice-server", "message": "[Recv ListRecommendations] product_ids=['LS4PSXUNUM', '9SIQT8TOJO', '1YMWWN1N4O', '0PUK6V6EV0', '6E92ZMYYFZ']"}
2026-08-21T07:52:02.573252107Z {"timestamp": 1787298722.5720165, "severity": "INFO", "name": "recommendationservice-server", "message": "[Recv ListRecommendations] product_ids=['OLJCESPC7Z', '66VCHSJNUP', '2ZYFJ3GM2N', 'L9ECAV7KIM', '1YMWWN1N4O']"}
2026-08-21T07:52:02.687106696Z {"timestamp": 1787298722.6865835, "severity": "INFO", "name": "recommendationservice-server", "message": "[Recv ListRecommendations] product_ids=['66VCHSJNUP', '6E92ZMYYFZ', 'OLJCESPC7Z', 'LS4PSXUNUM', '9SIQT8TOJO']"}
2026-08-21T07:52:02.745272878Z {"timestamp": 1787298722.7447476, "severity": "INFO", "name": "recommendationservice-server", "message": "[Recv ListRecommendations] product_ids=['66VCHSJNUP', 'OLJCESPC7Z', '0PUK6V6EV0', 'LS4PSXUNUM', '1YMWWN1N4O']"}
2026-08-21T07:52:02.771474781Z {"timestamp": 1787298722.7709923, "severity": "INFO", "name": "recommendationservice-server", "message": "[Recv ListRecommendations] product_ids=['9SIQT8TOJO', '66VCHSJNUP', '2ZYFJ3GM2N', 'LS4PSXUNUM', '1YMWWN1N4O']"}
2026-08-21T07:52:03.489500484Z {"timestamp": 1787298723.487663, "severity": "INFO", "name": "recommendationservice-server", "message": "[Recv ListRecommendations] product_ids=['OLJCESPC7Z', '6E92ZMYYFZ', 'LS4PSXUNUM', '9SIQT8TOJO', '0PUK6V6EV0']"}
2026-08-21T07:52:03.605637643Z {"timestamp": 1787298723.6051958, "severity": "INFO", "name": "recommendationservice-server", "message": "[Recv ListRecommendations] product_ids=['L9ECAV7KIM', 'LS4PSXUNUM', '2ZYFJ3GM2N', '9SIQT8TOJO', 'OLJCESPC7Z']"}
2026-08-21T07:52:03.675066871Z {"timestamp": 1787298723.673818, "severity": "INFO", "name": "recommendationservice-server", "message": "[Recv ListRecommendations] product_ids=['OLJCESPC7Z', '9SIQT8TOJO', '2ZYFJ3GM2N', 'L9ECAV7KIM', '0PUK6V6EV0']"}
2026-08-21T07:52:03.855671205Z {"timestamp": 1787298723.8551362, "severity": "INFO", "name": "recommendationservice-server", "message": "[Recv ListRecommendations] product_ids=['6E92ZMYYFZ', '2ZYFJ3GM2N', 'LS4PSXUNUM', '9SIQT8TOJO', '66VCHSJNUP']"}
2026-08-21T07:52:04.165276993Z {"timestamp": 1787298724.164468, "severity": "INFO", "name": "recommendationservice-server", "message": "[Recv ListRecommendations] product_ids=['LS4PSXUNUM', '1YMWWN1N4O', 'OLJCESPC7Z', '6E92ZMYYFZ', '66VCHSJNUP']"}
2026-08-21T07:52:06.301853542Z {"timestamp": 1787298726.3004937, "severity": "INFO", "name": "recommendationservice-server", "message": "[Recv ListRecommendations] product_ids=['66VCHSJNUP', '1YMWWN1N4O', '9SIQT8TOJO', 'OLJCESPC7Z', '2ZYFJ3GM2N']"}
2026-08-21T07:52:07.412511440Z {"timestamp": 1787298727.4116893, "severity": "INFO", "name": "recommendationservice-server", "message": "[Recv ListRecommendations] product_ids=['LS4PSXUNUM', '9SIQT8TOJO', '66VCHSJNUP', '0PUK6V6EV0', 'L9ECAV7KIM']"}
2026-08-21T07:52:08.576046856Z {"timestamp": 1787298728.575288, "severity": "INFO", "name": "recommendationservice-server", "message": "[Recv ListRecommendations] product_ids=['L9ECAV7KIM', '6E92ZMYYFZ', '66VCHSJNUP', '1YMWWN1N4O', '0PUK6V6EV0']"}
2026-08-21T07:52:08.924164207Z {"timestamp": 1787298728.9231265, "severity": "INFO", "name": "recommendationservice-server", "message": "[Recv ListRecommendations] product_ids=['66VCHSJNUP', 'LS4PSXUNUM', '0PUK6V6EV0', 'L9ECAV7KIM', '6E92ZMYYFZ']"}
2026-08-21T07:52:08.976706014Z {"timestamp": 1787298728.9762397, "severity": "INFO", "name": "recommendationservice-server", "message": "[Recv ListRecommendations] product_ids=['OLJCESPC7Z', '9SIQT8TOJO', '66VCHSJNUP', 'L9ECAV7KIM', 'LS4PSXUNUM']"}
2026-08-21T07:52:09.035961344Z {"timestamp": 1787298729.0344915, "severity": "INFO", "name": "recommendationservice-server", "message": "[Recv ListRecommendations] product_ids=['0PUK6V6EV0', '66VCHSJNUP', '1YMWWN1N4O', 'L9ECAV7KIM', '9SIQT8TOJO']"}
2026-08-21T07:52:09.067508352Z {"timestamp": 1787298729.0670788, "severity": "INFO", "name": "recommendationservice-server", "message": "[Recv ListRecommendations] product_ids=['L9ECAV7KIM', '0PUK6V6EV0', '1YMWWN1N4O', 'LS4PSXUNUM', '66VCHSJNUP']"}
2026-08-21T07:52:09.110970775Z {"timestamp": 1787298729.1105669, "severity": "INFO", "name": "recommendationservice-server", "message": "[Recv ListRecommendations] product_ids=['2ZYFJ3GM2N', '0PUK6V6EV0', 'L9ECAV7KIM', '9SIQT8TOJO', '66VCHSJNUP']"}
2026-08-21T07:52:09.157218123Z {"timestamp": 1787298729.1567576, "severity": "INFO", "name": "recommendationservice-server", "message": "[Recv ListRecommendations] product_ids=['1YMWWN1N4O', '2ZYFJ3GM2N', '6E92ZMYYFZ', '9SIQT8TOJO', 'OLJCESPC7Z']"}
2026-08-21T07:52:09.211375977Z {"timestamp": 1787298729.210824, "severity": "INFO", "name": "recommendationservice-server", "message": "[Recv ListRecommendations] product_ids=['LS4PSXUNUM', '1YMWWN1N4O', '66VCHSJNUP', '0PUK6V6EV0', '6E92ZMYYFZ']"}
2026-08-21T07:52:09.560694611Z {"timestamp": 1787298729.5600379, "severity": "INFO", "name": "recommendationservice-server", "message": "[Recv ListRecommendations] product_ids=['9SIQT8TOJO', '1YMWWN1N4O', 'LS4PSXUNUM', '66VCHSJNUP', '0PUK6V6EV0']"}
2026-08-21T07:52:10.867002784Z {"timestamp": 1787298730.8653905, "severity": "INFO", "name": "recommendationservice-server", "message": "[Recv ListRecommendations] product_ids=['6E92ZMYYFZ', 'OLJCESPC7Z', '9SIQT8TOJO', 'L9ECAV7KIM', 'LS4PSXUNUM']"}
2026-08-21T07:52:11.438975149Z {"timestamp": 1787298731.4319186, "severity": "INFO", "name": "recommendationservice-server", "message": "[Recv ListRecommendations] product_ids=['1YMWWN1N4O', '6E92ZMYYFZ', '66VCHSJNUP', 'OLJCESPC7Z', 'L9ECAV7KIM']"}
2026-08-21T07:52:11.454711148Z {"timestamp": 1787298731.453835, "severity": "INFO", "name": "recommendationservice-server", "message": "[Recv ListRecommendations] product_ids=['OLJCESPC7Z', 'L9ECAV7KIM', 'LS4PSXUNUM', '9SIQT8TOJO', '0PUK6V6EV0']"}
2026-08-21T07:52:11.524273748Z {"timestamp": 1787298731.5233042, "severity": "INFO", "name": "recommendationservice-server", "message": "[Recv ListRecommendations] product_ids=['1YMWWN1N4O', '6E92ZMYYFZ', 'LS4PSXUNUM', 'L9ECAV7KIM', '9SIQT8TOJO']"}
2026-08-21T07:52:11.732868237Z {"timestamp": 1787298731.731893, "severity": "INFO", "name": "recommendationservice-server", "message": "[Recv ListRecommendations] product_ids=['9SIQT8TOJO', '0PUK6V6EV0', 'L9ECAV7KIM', 'LS4PSXUNUM', 'OLJCESPC7Z']"}
2026-08-21T07:52:12.028119332Z {"timestamp": 1787298732.027072, "severity": "INFO", "name": "recommendationservice-server", "message": "[Recv ListRecommendations] product_ids=['1YMWWN1N4O', '0PUK6V6EV0', '6E92ZMYYFZ', '9SIQT8TOJO', 'OLJCESPC7Z']"}
2026-08-21T07:52:12.133668617Z {"timestamp": 1787298732.1295786, "severity": "INFO", "name": "recommendationservice-server", "message": "[Recv ListRecommendations] product_ids=['L9ECAV7KIM', '1YMWWN1N4O', 'LS4PSXUNUM', '0PUK6V6EV0', '2ZYFJ3GM2N']"}
2026-08-21T07:52:12.326996179Z {"timestamp": 1787298732.3266702, "severity": "INFO", "name": "recommendationservice-server", "message": "[Recv ListRecommendations] product_ids=['66VCHSJNUP', 'OLJCESPC7Z', 'LS4PSXUNUM', '6E92ZMYYFZ', '0PUK6V6EV0']"}
2026-08-21T07:52:12.567322903Z {"timestamp": 1787298732.5661335, "severity": "INFO", "name": "recommendationservice-server", "message": "[Recv ListRecommendations] product_ids=['1YMWWN1N4O', '9SIQT8TOJO', '6E92ZMYYFZ', '66VCHSJNUP', 'L9ECAV7KIM']"}
2026-08-21T07:52:12.804380029Z {"timestamp": 1787298732.8026147, "severity": "INFO", "name": "recommendationservice-server", "message": "[Recv ListRecommendations] product_ids=['LS4PSXUNUM', '66VCHSJNUP', '0PUK6V6EV0', 'L9ECAV7KIM', '1YMWWN1N4O']"}
2026-08-21T07:52:12.861247395Z {"timestamp": 1787298732.8602197, "severity": "INFO", "name": "recommendationservice-server", "message": "[Recv ListRecommendations] product_ids=['2ZYFJ3GM2N', 'OLJCESPC7Z', '6E92ZMYYFZ', 'L9ECAV7KIM', '66VCHSJNUP']"}
2026-08-21T07:52:13.164666735Z {"timestamp": 1787298733.1634705, "severity": "INFO", "name": "recommendationservice-server", "message": "[Recv ListRecommendations] product_ids=['2ZYFJ3GM2N', '66VCHSJNUP', 'LS4PSXUNUM', 'L9ECAV7KIM', '6E92ZMYYFZ']"}
2026-08-21T07:52:13.170650046Z {"timestamp": 1787298733.1692123, "severity": "INFO", "name": "recommendationservice-server", "message": "[Recv ListRecommendations] product_ids=['2ZYFJ3GM2N', '0PUK6V6EV0', '1YMWWN1N4O', '66VCHSJNUP', 'OLJCESPC7Z']"}
2026-08-21T07:52:13.425387867Z {"timestamp": 1787298733.4239352, "severity": "INFO", "name": "recommendationservice-server", "message": "[Recv ListRecommendations] product_ids=['66VCHSJNUP', 'OLJCESPC7Z', '2ZYFJ3GM2N', 'L9ECAV7KIM', '0PUK6V6EV0']"}
2026-08-21T07:52:14.323206689Z {"timestamp": 1787298734.3227556, "severity": "INFO", "name": "recommendationservice-server", "message": "[Recv ListRecommendations] product_ids=['1YMWWN1N4O', '6E92ZMYYFZ', 'L9ECAV7KIM', '2ZYFJ3GM2N', 'LS4PSXUNUM']"}
2026-08-21T07:52:14.503347642Z {"timestamp": 1787298734.502034, "severity": "INFO", "name": "recommendationservice-server", "message": "[Recv ListRecommendations] product_ids=['2ZYFJ3GM2N', '0PUK6V6EV0', '1YMWWN1N4O', 'LS4PSXUNUM', 'OLJCESPC7Z']"}
2026-08-21T07:52:14.563303879Z {"timestamp": 1787298734.5627944, "severity": "INFO", "name": "recommendationservice-server", "message": "[Recv ListRecommendations] product_ids=['0PUK6V6EV0', 'L9ECAV7KIM', '6E92ZMYYFZ', '66VCHSJNUP', '2ZYFJ3GM2N']"}
2026-08-21T07:52:15.483505824Z {"timestamp": 1787298735.482252, "severity": "INFO", "name": "recommendationservice-server", "message": "[Recv ListRecommendations] product_ids=['66VCHSJNUP', '9SIQT8TOJO', 'LS4PSXUNUM', 'OLJCESPC7Z', '1YMWWN1N4O']"}
2026-08-21T07:52:15.565167199Z {"timestamp": 1787298735.564842, "severity": "INFO", "name": "recommendationservice-server", "message": "[Recv ListRecommendations] product_ids=['LS4PSXUNUM', '2ZYFJ3GM2N', 'OLJCESPC7Z', '9SIQT8TOJO', '1YMWWN1N4O']"}
2026-08-21T07:52:15.972511624Z {"timestamp": 1787298735.9717376, "severity": "INFO", "name": "recommendationservice-server", "message": "[Recv ListRecommendations] product_ids=['9SIQT8TOJO', '2ZYFJ3GM2N', '0PUK6V6EV0', 'OLJCESPC7Z', 'L9ECAV7KIM']"}
2026-08-21T07:52:16.141858293Z {"timestamp": 1787298736.1412086, "severity": "INFO", "name": "recommendationservice-server", "message": "[Recv ListRecommendations] product_ids=['6E92ZMYYFZ', 'LS4PSXUNUM', '2ZYFJ3GM2N', '1YMWWN1N4O', 'OLJCESPC7Z']"}
2026-08-21T07:52:16.312059093Z {"timestamp": 1787298736.3113072, "severity": "INFO", "name": "recommendationservice-server", "message": "[Recv ListRecommendations] product_ids=['6E92ZMYYFZ', '1YMWWN1N4O', '9SIQT8TOJO', '66VCHSJNUP', 'OLJCESPC7Z']"}
2026-08-21T07:52:16.444924489Z {"timestamp": 1787298736.4442558, "severity": "INFO", "name": "recommendationservice-server", "message": "[Recv ListRecommendations] product_ids=['LS4PSXUNUM', '6E92ZMYYFZ', 'OLJCESPC7Z', '1YMWWN1N4O', '0PUK6V6EV0']"}
2026-08-21T07:52:16.922660867Z {"timestamp": 1787298736.921876, "severity": "INFO", "name": "recommendationservice-server", "message": "[Recv ListRecommendations] product_ids=['0PUK6V6EV0', 'L9ECAV7KIM', '66VCHSJNUP', 'LS4PSXUNUM', '6E92ZMYYFZ']"}
2026-08-21T07:52:16.949505268Z {"timestamp": 1787298736.948927, "severity": "INFO", "name": "recommendationservice-server", "message": "[Recv ListRecommendations] product_ids=['2ZYFJ3GM2N', '66VCHSJNUP', '6E92ZMYYFZ', '0PUK6V6EV0', 'LS4PSXUNUM']"}
2026-08-21T07:52:17.324889411Z {"timestamp": 1787298737.3242075, "severity": "INFO", "name": "recommendationservice-server", "message": "[Recv ListRecommendations] product_ids=['9SIQT8TOJO', '1YMWWN1N4O', '66VCHSJNUP', '0PUK6V6EV0', '2ZYFJ3GM2N']"}
2026-08-21T07:52:19.665384341Z {"timestamp": 1787298739.664789, "severity": "INFO", "name": "recommendationservice-server", "message": "[Recv ListRecommendations] product_ids=['2ZYFJ3GM2N', '1YMWWN1N4O', '9SIQT8TOJO', '66VCHSJNUP', 'LS4PSXUNUM']"}
2026-08-21T07:52:19.815311344Z {"timestamp": 1787298739.81436, "severity": "INFO", "name": "recommendationservice-server", "message": "[Recv ListRecommendations] product_ids=['OLJCESPC7Z', 'L9ECAV7KIM', 'LS4PSXUNUM', '0PUK6V6EV0', '66VCHSJNUP']"}
2026-08-21T07:52:20.064962180Z {"timestamp": 1787298740.0640497, "severity": "INFO", "name": "recommendationservice-server", "message": "[Recv ListRecommendations] product_ids=['0PUK6V6EV0', '66VCHSJNUP', 'LS4PSXUNUM', '2ZYFJ3GM2N', '6E92ZMYYFZ']"}
2026-08-21T07:52:20.161089665Z {"timestamp": 1787298740.160204, "severity": "INFO", "name": "recommendationservice-server", "message": "[Recv ListRecommendations] product_ids=['66VCHSJNUP', '9SIQT8TOJO', '0PUK6V6EV0', '1YMWWN1N4O', '2ZYFJ3GM2N']"}
2026-08-21T07:52:20.170318574Z {"timestamp": 1787298740.1695476, "severity": "INFO", "name": "recommendationservice-server", "message": "[Recv ListRecommendations] product_ids=['66VCHSJNUP', '0PUK6V6EV0', '1YMWWN1N4O', '9SIQT8TOJO', '6E92ZMYYFZ']"}
2026-08-21T07:52:20.713191603Z {"timestamp": 1787298740.7127106, "severity": "INFO", "name": "recommendationservice-server", "message": "[Recv ListRecommendations] product_ids=['OLJCESPC7Z', '1YMWWN1N4O', 'L9ECAV7KIM', 'LS4PSXUNUM', '0PUK6V6EV0']"}
2026-08-21T07:52:20.994476772Z {"timestamp": 1787298740.9932692, "severity": "INFO", "name": "recommendationservice-server", "message": "[Recv ListRecommendations] product_ids=['6E92ZMYYFZ', '9SIQT8TOJO', '1YMWWN1N4O', 'L9ECAV7KIM', '2ZYFJ3GM2N']"}
2026-08-21T07:52:21.254697522Z {"timestamp": 1787298741.2539415, "severity": "INFO", "name": "recommendationservice-server", "message": "[Recv ListRecommendations] product_ids=['2ZYFJ3GM2N', '1YMWWN1N4O', '0PUK6V6EV0', 'L9ECAV7KIM', '9SIQT8TOJO']"}
2026-08-21T07:52:21.746029978Z {"timestamp": 1787298741.7449095, "severity": "INFO", "name": "recommendationservice-server", "message": "[Recv ListRecommendations] product_ids=['9SIQT8TOJO', '0PUK6V6EV0', '66VCHSJNUP', 'L9ECAV7KIM', '1YMWWN1N4O']"}
2026-08-21T07:52:21.810058559Z {"timestamp": 1787298741.8095303, "severity": "INFO", "name": "recommendationservice-server", "message": "[Recv ListRecommendations] product_ids=['OLJCESPC7Z', 'L9ECAV7KIM', '1YMWWN1N4O', '0PUK6V6EV0', '2ZYFJ3GM2N']"}
2026-08-21T07:52:21.971362999Z {"timestamp": 1787298741.9704812, "severity": "INFO", "name": "recommendationservice-server", "message": "[Recv ListRecommendations] product_ids=['LS4PSXUNUM', '9SIQT8TOJO', 'L9ECAV7KIM', 'OLJCESPC7Z', '1YMWWN1N4O']"}
2026-08-21T07:52:22.125216202Z {"timestamp": 1787298742.1240344, "severity": "INFO", "name": "recommendationservice-server", "message": "[Recv ListRecommendations] product_ids=['OLJCESPC7Z', '9SIQT8TOJO', '0PUK6V6EV0', '2ZYFJ3GM2N', 'LS4PSXUNUM']"}
2026-08-21T07:52:22.129725990Z {"timestamp": 1787298742.1292446, "severity": "INFO", "name": "recommendationservice-server", "message": "[Recv ListRecommendations] product_ids=['1YMWWN1N4O', 'L9ECAV7KIM', '9SIQT8TOJO', '6E92ZMYYFZ', '0PUK6V6EV0']"}
2026-08-21T07:52:22.166664133Z {"timestamp": 1787298742.16615, "severity": "INFO", "name": "recommendationservice-server", "message": "[Recv ListRecommendations] product_ids=['OLJCESPC7Z', '6E92ZMYYFZ', '2ZYFJ3GM2N', '9SIQT8TOJO', 'L9ECAV7KIM']"}
2026-08-21T07:52:22.464374211Z {"timestamp": 1787298742.4635248, "severity": "INFO", "name": "recommendationservice-server", "message": "[Recv ListRecommendations] product_ids=['1YMWWN1N4O', '9SIQT8TOJO', 'LS4PSXUNUM', '66VCHSJNUP', 'OLJCESPC7Z']"}
2026-08-21T07:52:22.736329954Z {"timestamp": 1787298742.7356722, "severity": "INFO", "name": "recommendationservice-server", "message": "[Recv ListRecommendations] product_ids=['LS4PSXUNUM', '1YMWWN1N4O', '6E92ZMYYFZ', '2ZYFJ3GM2N', '66VCHSJNUP']"}
2026-08-21T07:52:22.811663362Z {"timestamp": 1787298742.8112488, "severity": "INFO", "name": "recommendationservice-server", "message": "[Recv ListRecommendations] product_ids=['LS4PSXUNUM', '0PUK6V6EV0', '2ZYFJ3GM2N', '1YMWWN1N4O', 'L9ECAV7KIM']"}
2026-08-21T07:52:24.173867336Z {"timestamp": 1787298744.1732347, "severity": "INFO", "name": "recommendationservice-server", "message": "[Recv ListRecommendations] product_ids=['9SIQT8TOJO', '1YMWWN1N4O', '6E92ZMYYFZ', 'LS4PSXUNUM', 'OLJCESPC7Z']"}
2026-08-21T07:52:24.302776199Z {"timestamp": 1787298744.3021402, "severity": "INFO", "name": "recommendationservice-server", "message": "[Recv ListRecommendations] product_ids=['6E92ZMYYFZ', '66VCHSJNUP', 'LS4PSXUNUM', 'OLJCESPC7Z', '9SIQT8TOJO']"}
2026-08-21T07:52:26.063640901Z {"timestamp": 1787298746.0627618, "severity": "INFO", "name": "recommendationservice-server", "message": "[Recv ListRecommendations] product_ids=['66VCHSJNUP', 'L9ECAV7KIM', '9SIQT8TOJO', '0PUK6V6EV0', '6E92ZMYYFZ']"}
2026-08-21T07:52:26.381173737Z {"timestamp": 1787298746.3802764, "severity": "INFO", "name": "recommendationservice-server", "message": "[Recv ListRecommendations] product_ids=['L9ECAV7KIM', '66VCHSJNUP', '2ZYFJ3GM2N', 'LS4PSXUNUM', '0PUK6V6EV0']"}
2026-08-21T07:52:26.476976151Z {"timestamp": 1787298746.4752066, "severity": "INFO", "name": "recommendationservice-server", "message": "[Recv ListRecommendations] product_ids=['0PUK6V6EV0', 'LS4PSXUNUM', '1YMWWN1N4O', '9SIQT8TOJO', 'OLJCESPC7Z']"}
2026-08-21T07:52:26.875998017Z {"timestamp": 1787298746.8752067, "severity": "INFO", "name": "recommendationservice-server", "message": "[Recv ListRecommendations] product_ids=['9SIQT8TOJO', 'L9ECAV7KIM', 'OLJCESPC7Z', '0PUK6V6EV0', '2ZYFJ3GM2N']"}
2026-08-21T07:52:26.967848228Z {"timestamp": 1787298746.9674096, "severity": "INFO", "name": "recommendationservice-server", "message": "[Recv ListRecommendations] product_ids=['OLJCESPC7Z', '6E92ZMYYFZ', '1YMWWN1N4O', '2ZYFJ3GM2N', '9SIQT8TOJO']"}
2026-08-21T07:52:27.400346901Z {"timestamp": 1787298747.3997972, "severity": "INFO", "name": "recommendationservice-server", "message": "[Recv ListRecommendations] product_ids=['L9ECAV7KIM', 'LS4PSXUNUM', '1YMWWN1N4O', '6E92ZMYYFZ', 'OLJCESPC7Z']"}
2026-08-21T07:52:27.616351451Z {"timestamp": 1787298747.6157463, "severity": "INFO", "name": "recommendationservice-server", "message": "[Recv ListRecommendations] product_ids=['0PUK6V6EV0', '1YMWWN1N4O', 'OLJCESPC7Z', 'LS4PSXUNUM', '66VCHSJNUP']"}
2026-08-21T07:52:27.855633551Z {"timestamp": 1787298747.8548174, "severity": "INFO", "name": "recommendationservice-server", "message": "[Recv ListRecommendations] product_ids=['0PUK6V6EV0', '1YMWWN1N4O', '66VCHSJNUP', 'OLJCESPC7Z', 'L9ECAV7KIM']"}
2026-08-21T07:52:28.440287033Z {"timestamp": 1787298748.4391253, "severity": "INFO", "name": "recommendationservice-server", "message": "[Recv ListRecommendations] product_ids=['1YMWWN1N4O', 'OLJCESPC7Z', 'L9ECAV7KIM', '9SIQT8TOJO', '66VCHSJNUP']"}
2026-08-21T07:52:28.623065714Z {"timestamp": 1787298748.6222932, "severity": "INFO", "name": "recommendationservice-server", "message": "[Recv ListRecommendations] product_ids=['9SIQT8TOJO', '6E92ZMYYFZ', '1YMWWN1N4O', '0PUK6V6EV0', '66VCHSJNUP']"}
2026-08-21T07:52:30.046284011Z {"timestamp": 1787298750.0455205, "severity": "INFO", "name": "recommendationservice-server", "message": "[Recv ListRecommendations] product_ids=['2ZYFJ3GM2N', '9SIQT8TOJO', 'LS4PSXUNUM', '6E92ZMYYFZ', '1YMWWN1N4O']"}
2026-08-21T07:52:30.721112549Z {"timestamp": 1787298750.7199798, "severity": "INFO", "name": "recommendationservice-server", "message": "[Recv ListRecommendations] product_ids=['L9ECAV7KIM', 'OLJCESPC7Z', '0PUK6V6EV0', '66VCHSJNUP', 'LS4PSXUNUM']"}
2026-08-21T07:52:30.897335830Z {"timestamp": 1787298750.8968263, "severity": "INFO", "name": "recommendationservice-server", "message": "[Recv ListRecommendations] product_ids=['66VCHSJNUP', '6E92ZMYYFZ', '1YMWWN1N4O', '0PUK6V6EV0', 'OLJCESPC7Z']"}
2026-08-21T07:52:31.003150471Z {"timestamp": 1787298751.0024114, "severity": "INFO", "name": "recommendationservice-server", "message": "[Recv ListRecommendations] product_ids=['9SIQT8TOJO', '6E92ZMYYFZ', '0PUK6V6EV0', 'L9ECAV7KIM', 'OLJCESPC7Z']"}
2026-08-21T07:52:31.201748497Z {"timestamp": 1787298751.2011073, "severity": "INFO", "name": "recommendationservice-server", "message": "[Recv ListRecommendations] product_ids=['2ZYFJ3GM2N', 'LS4PSXUNUM', '1YMWWN1N4O', '6E92ZMYYFZ', 'L9ECAV7KIM']"}
2026-08-21T07:52:31.400619462Z {"timestamp": 1787298751.3995047, "severity": "INFO", "name": "recommendationservice-server", "message": "[Recv ListRecommendations] product_ids=['1YMWWN1N4O', '6E92ZMYYFZ', '66VCHSJNUP', 'OLJCESPC7Z', '9SIQT8TOJO']"}
2026-08-21T07:52:31.508660691Z {"timestamp": 1787298751.5078764, "severity": "INFO", "name": "recommendationservice-server", "message": "[Recv ListRecommendations] product_ids=['LS4PSXUNUM', '66VCHSJNUP', '1YMWWN1N4O', '6E92ZMYYFZ', 'L9ECAV7KIM']"}
2026-08-21T07:52:31.555876327Z {"timestamp": 1787298751.555435, "severity": "INFO", "name": "recommendationservice-server", "message": "[Recv ListRecommendations] product_ids=['2ZYFJ3GM2N', '6E92ZMYYFZ', '1YMWWN1N4O', 'L9ECAV7KIM', '9SIQT8TOJO']"}
2026-08-21T07:52:32.213770257Z {"timestamp": 1787298752.2131393, "severity": "INFO", "name": "recommendationservice-server", "message": "[Recv ListRecommendations] product_ids=['LS4PSXUNUM', 'OLJCESPC7Z', '6E92ZMYYFZ', '0PUK6V6EV0', '9SIQT8TOJO']"}
2026-08-21T07:52:32.278799285Z {"timestamp": 1787298752.2782164, "severity": "INFO", "name": "recommendationservice-server", "message": "[Recv ListRecommendations] product_ids=['2ZYFJ3GM2N', 'OLJCESPC7Z', 'LS4PSXUNUM', '1YMWWN1N4O', '0PUK6V6EV0']"}
2026-08-21T07:52:32.915299683Z {"timestamp": 1787298752.914703, "severity": "INFO", "name": "recommendationservice-server", "message": "[Recv ListRecommendations] product_ids=['2ZYFJ3GM2N', '66VCHSJNUP', 'LS4PSXUNUM', '6E92ZMYYFZ', 'L9ECAV7KIM']"}
2026-08-21T07:52:34.625206309Z {"timestamp": 1787298754.6246212, "severity": "INFO", "name": "recommendationservice-server", "message": "[Recv ListRecommendations] product_ids=['1YMWWN1N4O', 'OLJCESPC7Z', '0PUK6V6EV0', '66VCHSJNUP', 'LS4PSXUNUM']"}
2026-08-21T07:52:34.890065238Z {"timestamp": 1787298754.889355, "severity": "INFO", "name": "recommendationservice-server", "message": "[Recv ListRecommendations] product_ids=['LS4PSXUNUM', '1YMWWN1N4O', 'L9ECAV7KIM', '0PUK6V6EV0', '9SIQT8TOJO']"}
2026-08-21T07:52:35.045775972Z {"timestamp": 1787298755.0445063, "severity": "INFO", "name": "recommendationservice-server", "message": "[Recv ListRecommendations] product_ids=['LS4PSXUNUM', 'OLJCESPC7Z', '2ZYFJ3GM2N', '9SIQT8TOJO', '1YMWWN1N4O']"}
2026-08-21T07:52:35.155216412Z {"timestamp": 1787298755.154644, "severity": "INFO", "name": "recommendationservice-server", "message": "[Recv ListRecommendations] product_ids=['9SIQT8TOJO', 'OLJCESPC7Z', 'LS4PSXUNUM', '1YMWWN1N4O', '0PUK6V6EV0']"}
2026-08-21T07:52:35.659205182Z {"timestamp": 1787298755.658634, "severity": "INFO", "name": "recommendationservice-server", "message": "[Recv ListRecommendations] product_ids=['1YMWWN1N4O', 'OLJCESPC7Z', '2ZYFJ3GM2N', 'L9ECAV7KIM', '0PUK6V6EV0']"}
2026-08-21T07:52:37.517893795Z {"timestamp": 1787298757.517013, "severity": "INFO", "name": "recommendationservice-server", "message": "[Recv ListRecommendations] product_ids=['1YMWWN1N4O', '9SIQT8TOJO', 'LS4PSXUNUM', '6E92ZMYYFZ', 'OLJCESPC7Z']"}
2026-08-21T07:52:37.649727319Z {"timestamp": 1787298757.648758, "severity": "INFO", "name": "recommendationservice-server", "message": "[Recv ListRecommendations] product_ids=['1YMWWN1N4O', 'OLJCESPC7Z', '6E92ZMYYFZ', '66VCHSJNUP', 'L9ECAV7KIM']"}
2026-08-21T07:52:37.996075965Z {"timestamp": 1787298757.995255, "severity": "INFO", "name": "recommendationservice-server", "message": "[Recv ListRecommendations] product_ids=['1YMWWN1N4O', '2ZYFJ3GM2N', '66VCHSJNUP', '9SIQT8TOJO', '6E92ZMYYFZ']"}
2026-08-21T07:52:38.660466177Z {"timestamp": 1787298758.6592343, "severity": "INFO", "name": "recommendationservice-server", "message": "[Recv ListRecommendations] product_ids=['0PUK6V6EV0', 'LS4PSXUNUM', '6E92ZMYYFZ', '2ZYFJ3GM2N', '9SIQT8TOJO']"}
2026-08-21T07:52:38.853082088Z {"timestamp": 1787298758.852858, "severity": "INFO", "name": "recommendationservice-server", "message": "[Recv ListRecommendations] product_ids=['2ZYFJ3GM2N', 'L9ECAV7KIM', '1YMWWN1N4O', '6E92ZMYYFZ', 'OLJCESPC7Z']"}
2026-08-21T07:52:38.894778390Z {"timestamp": 1787298758.8944476, "severity": "INFO", "name": "recommendationservice-server", "message": "[Recv ListRecommendations] product_ids=['2ZYFJ3GM2N', '0PUK6V6EV0', 'OLJCESPC7Z', 'L9ECAV7KIM', '9SIQT8TOJO']"}
2026-08-21T07:52:38.950006137Z {"timestamp": 1787298758.949638, "severity": "INFO", "name": "recommendationservice-server", "message": "[Recv ListRecommendations] product_ids=['1YMWWN1N4O', '2ZYFJ3GM2N', '9SIQT8TOJO', 'OLJCESPC7Z', 'L9ECAV7KIM']"}
2026-08-21T07:52:38.960724356Z {"timestamp": 1787298758.9604514, "severity": "INFO", "name": "recommendationservice-server", "message": "[Recv ListRecommendations] product_ids=['6E92ZMYYFZ', '1YMWWN1N4O', '0PUK6V6EV0', '9SIQT8TOJO', '2ZYFJ3GM2N']"}
2026-08-21T07:52:39.976661006Z {"timestamp": 1787298759.9764009, "severity": "INFO", "name": "recommendationservice-server", "message": "[Recv ListRecommendations] product_ids=['L9ECAV7KIM', '66VCHSJNUP', '0PUK6V6EV0', 'OLJCESPC7Z', 'LS4PSXUNUM']"}
2026-08-21T07:52:39.991341438Z {"timestamp": 1787298759.9909532, "severity": "INFO", "name": "recommendationservice-server", "message": "[Recv ListRecommendations] product_ids=['0PUK6V6EV0', 'L9ECAV7KIM', 'OLJCESPC7Z', '6E92ZMYYFZ', 'LS4PSXUNUM']"}
2026-08-21T07:52:40.180084740Z {"timestamp": 1787298760.1796584, "severity": "INFO", "name": "recommendationservice-server", "message": "[Recv ListRecommendations] product_ids=['66VCHSJNUP', '9SIQT8TOJO', 'LS4PSXUNUM', 'L9ECAV7KIM', '0PUK6V6EV0']"}
2026-08-21T07:52:41.123257370Z {"timestamp": 1787298761.1212802, "severity": "INFO", "name": "recommendationservice-server", "message": "[Recv ListRecommendations] product_ids=['LS4PSXUNUM', '2ZYFJ3GM2N', 'L9ECAV7KIM', '9SIQT8TOJO', '6E92ZMYYFZ']"}
2026-08-21T07:52:41.584359791Z {"timestamp": 1787298761.5805142, "severity": "INFO", "name": "recommendationservice-server", "message": "[Recv ListRecommendations] product_ids=['66VCHSJNUP', '9SIQT8TOJO', 'OLJCESPC7Z', 'L9ECAV7KIM', '6E92ZMYYFZ']"}
2026-08-21T07:52:43.013260086Z {"timestamp": 1787298763.0127387, "severity": "INFO", "name": "recommendationservice-server", "message": "[Recv ListRecommendations] product_ids=['2ZYFJ3GM2N', '9SIQT8TOJO', '0PUK6V6EV0', '1YMWWN1N4O', 'L9ECAV7KIM']"}
2026-08-21T07:52:43.755348636Z {"timestamp": 1787298763.7545297, "severity": "INFO", "name": "recommendationservice-server", "message": "[Recv ListRecommendations] product_ids=['6E92ZMYYFZ', '9SIQT8TOJO', '0PUK6V6EV0', 'LS4PSXUNUM', 'L9ECAV7KIM']"}
2026-08-21T07:52:43.782280232Z {"timestamp": 1787298763.7817485, "severity": "INFO", "name": "recommendationservice-server", "message": "[Recv ListRecommendations] product_ids=['9SIQT8TOJO', '0PUK6V6EV0', '66VCHSJNUP', 'OLJCESPC7Z', '6E92ZMYYFZ']"}
2026-08-21T07:52:44.088286866Z {"timestamp": 1787298764.0871432, "severity": "INFO", "name": "recommendationservice-server", "message": "[Recv ListRecommendations] product_ids=['2ZYFJ3GM2N', 'OLJCESPC7Z', '0PUK6V6EV0', 'L9ECAV7KIM', '66VCHSJNUP']"}
2026-08-21T07:52:44.157946160Z {"timestamp": 1787298764.1576695, "severity": "INFO", "name": "recommendationservice-server", "message": "[Recv ListRecommendations] product_ids=['9SIQT8TOJO', '0PUK6V6EV0', 'OLJCESPC7Z', 'L9ECAV7KIM', '66VCHSJNUP']"}
2026-08-21T07:52:44.681614395Z {"timestamp": 1787298764.6813354, "severity": "INFO", "name": "recommendationservice-server", "message": "[Recv ListRecommendations] product_ids=['66VCHSJNUP', '6E92ZMYYFZ', 'OLJCESPC7Z', 'L9ECAV7KIM', '2ZYFJ3GM2N']"}
2026-08-21T07:52:45.030889109Z {"timestamp": 1787298765.02949, "severity": "INFO", "name": "recommendationservice-server", "message": "[Recv ListRecommendations] product_ids=['66VCHSJNUP', '9SIQT8TOJO', '1YMWWN1N4O', 'OLJCESPC7Z', '2ZYFJ3GM2N']"}
2026-08-21T07:52:45.644167771Z {"timestamp": 1787298765.6438434, "severity": "INFO", "name": "recommendationservice-server", "message": "[Recv ListRecommendations] product_ids=['1YMWWN1N4O', '66VCHSJNUP', 'LS4PSXUNUM', 'L9ECAV7KIM', '6E92ZMYYFZ']"}
2026-08-21T07:52:45.890585545Z {"timestamp": 1787298765.8902638, "severity": "INFO", "name": "recommendationservice-server", "message": "[Recv ListRecommendations] product_ids=['L9ECAV7KIM', '9SIQT8TOJO', '2ZYFJ3GM2N', 'LS4PSXUNUM', 'OLJCESPC7Z']"}
2026-08-21T07:52:45.905110353Z {"timestamp": 1787298765.9047368, "severity": "INFO", "name": "recommendationservice-server", "message": "[Recv ListRecommendations] product_ids=['6E92ZMYYFZ', 'OLJCESPC7Z', 'L9ECAV7KIM', 'LS4PSXUNUM', '66VCHSJNUP']"}
2026-08-21T07:52:46.037349263Z {"timestamp": 1787298766.0370595, "severity": "INFO", "name": "recommendationservice-server", "message": "[Recv ListRecommendations] product_ids=['2ZYFJ3GM2N', 'L9ECAV7KIM', 'OLJCESPC7Z', '0PUK6V6EV0', '9SIQT8TOJO']"}
2026-08-21T07:52:47.124079824Z {"timestamp": 1787298767.122623, "severity": "INFO", "name": "recommendationservice-server", "message": "[Recv ListRecommendations] product_ids=['L9ECAV7KIM', '1YMWWN1N4O', 'LS4PSXUNUM', '0PUK6V6EV0', '2ZYFJ3GM2N']"}
2026-08-21T07:52:47.451101964Z {"timestamp": 1787298767.4499886, "severity": "INFO", "name": "recommendationservice-server", "message": "[Recv ListRecommendations] product_ids=['66VCHSJNUP', 'L9ECAV7KIM', '1YMWWN1N4O', 'LS4PSXUNUM', '6E92ZMYYFZ']"}
2026-08-21T07:52:47.982776894Z {"timestamp": 1787298767.9817202, "severity": "INFO", "name": "recommendationservice-server", "message": "[Recv ListRecommendations] product_ids=['1YMWWN1N4O', 'LS4PSXUNUM', '2ZYFJ3GM2N', '6E92ZMYYFZ', 'OLJCESPC7Z']"}
2026-08-21T07:52:48.054811283Z {"timestamp": 1787298768.0544238, "severity": "INFO", "name": "recommendationservice-server", "message": "[Recv ListRecommendations] product_ids=['OLJCESPC7Z', '2ZYFJ3GM2N', '0PUK6V6EV0', 'LS4PSXUNUM', '1YMWWN1N4O']"}
2026-08-21T07:52:48.479588403Z {"timestamp": 1787298768.4781086, "severity": "INFO", "name": "recommendationservice-server", "message": "[Recv ListRecommendations] product_ids=['2ZYFJ3GM2N', '0PUK6V6EV0', '66VCHSJNUP', 'OLJCESPC7Z', '6E92ZMYYFZ']"}
2026-08-21T07:52:48.567656793Z {"timestamp": 1787298768.5672312, "severity": "INFO", "name": "recommendationservice-server", "message": "[Recv ListRecommendations] product_ids=['66VCHSJNUP', '0PUK6V6EV0', '1YMWWN1N4O', 'OLJCESPC7Z', 'L9ECAV7KIM']"}
2026-08-21T07:52:48.901130338Z {"timestamp": 1787298768.8996012, "severity": "INFO", "name": "recommendationservice-server", "message": "[Recv ListRecommendations] product_ids=['OLJCESPC7Z', '0PUK6V6EV0', 'L9ECAV7KIM', '9SIQT8TOJO', '66VCHSJNUP']"}
2026-08-21T07:52:48.907813439Z {"timestamp": 1787298768.9074907, "severity": "INFO", "name": "recommendationservice-server", "message": "[Recv ListRecommendations] product_ids=['OLJCESPC7Z', '0PUK6V6EV0', '9SIQT8TOJO', 'LS4PSXUNUM', '2ZYFJ3GM2N']"}
2026-08-21T07:52:48.974206282Z {"timestamp": 1787298768.9736583, "severity": "INFO", "name": "recommendationservice-server", "message": "[Recv ListRecommendations] product_ids=['LS4PSXUNUM', '1YMWWN1N4O', '66VCHSJNUP', '6E92ZMYYFZ', 'OLJCESPC7Z']"}
2026-08-21T07:52:48.988750661Z {"timestamp": 1787298768.9883366, "severity": "INFO", "name": "recommendationservice-server", "message": "[Recv ListRecommendations] product_ids=['OLJCESPC7Z', '0PUK6V6EV0', '6E92ZMYYFZ', '66VCHSJNUP', '9SIQT8TOJO']"}
2026-08-21T07:52:49.093739885Z {"timestamp": 1787298769.0928924, "severity": "INFO", "name": "recommendationservice-server", "message": "[Recv ListRecommendations] product_ids=['L9ECAV7KIM', '2ZYFJ3GM2N', '0PUK6V6EV0', '9SIQT8TOJO', '1YMWWN1N4O']"}
2026-08-21T07:52:49.160219342Z {"timestamp": 1787298769.1594994, "severity": "INFO", "name": "recommendationservice-server", "message": "[Recv ListRecommendations] product_ids=['6E92ZMYYFZ', 'LS4PSXUNUM', '2ZYFJ3GM2N', '1YMWWN1N4O', '9SIQT8TOJO']"}
2026-08-21T07:52:49.305192555Z {"timestamp": 1787298769.3044078, "severity": "INFO", "name": "recommendationservice-server", "message": "[Recv ListRecommendations] product_ids=['6E92ZMYYFZ', '9SIQT8TOJO', '0PUK6V6EV0', '1YMWWN1N4O', '2ZYFJ3GM2N']"}
2026-08-21T07:52:49.407965147Z {"timestamp": 1787298769.4072835, "severity": "INFO", "name": "recommendationservice-server", "message": "[Recv ListRecommendations] product_ids=['OLJCESPC7Z', '0PUK6V6EV0', '2ZYFJ3GM2N', 'L9ECAV7KIM', '9SIQT8TOJO']"}
2026-08-21T07:52:51.054020280Z {"timestamp": 1787298771.053095, "severity": "INFO", "name": "recommendationservice-server", "message": "[Recv ListRecommendations] product_ids=['0PUK6V6EV0', '9SIQT8TOJO', '2ZYFJ3GM2N', 'LS4PSXUNUM', '66VCHSJNUP']"}
2026-08-21T07:52:51.613152722Z {"timestamp": 1787298771.6119838, "severity": "INFO", "name": "recommendationservice-server", "message": "[Recv ListRecommendations] product_ids=['OLJCESPC7Z', 'L9ECAV7KIM', '1YMWWN1N4O', '66VCHSJNUP', 'LS4PSXUNUM']"}
2026-08-21T07:52:52.213938203Z {"timestamp": 1787298772.2079744, "severity": "INFO", "name": "recommendationservice-server", "message": "[Recv ListRecommendations] product_ids=['OLJCESPC7Z', '66VCHSJNUP', '6E92ZMYYFZ', 'L9ECAV7KIM', 'LS4PSXUNUM']"}
2026-08-21T07:52:52.308280833Z {"timestamp": 1787298772.3079011, "severity": "INFO", "name": "recommendationservice-server", "message": "[Recv ListRecommendations] product_ids=['LS4PSXUNUM', '9SIQT8TOJO', '66VCHSJNUP', 'OLJCESPC7Z', '2ZYFJ3GM2N']"}
2026-08-21T07:52:52.958862171Z {"timestamp": 1787298772.9584672, "severity": "INFO", "name": "recommendationservice-server", "message": "[Recv ListRecommendations] product_ids=['2ZYFJ3GM2N', 'L9ECAV7KIM', 'OLJCESPC7Z', '9SIQT8TOJO', '1YMWWN1N4O']"}
2026-08-21T07:52:52.976560522Z {"timestamp": 1787298772.9762964, "severity": "INFO", "name": "recommendationservice-server", "message": "[Recv ListRecommendations] product_ids=['LS4PSXUNUM', 'OLJCESPC7Z', '0PUK6V6EV0', '9SIQT8TOJO', '6E92ZMYYFZ']"}
2026-08-21T07:52:52.996997083Z {"timestamp": 1787298772.9966927, "severity": "INFO", "name": "recommendationservice-server", "message": "[Recv ListRecommendations] product_ids=['9SIQT8TOJO', '66VCHSJNUP', '2ZYFJ3GM2N', '0PUK6V6EV0', 'L9ECAV7KIM']"}
2026-08-21T07:52:53.389138215Z {"timestamp": 1787298773.387867, "severity": "INFO", "name": "recommendationservice-server", "message": "[Recv ListRecommendations] product_ids=['9SIQT8TOJO', '2ZYFJ3GM2N', 'LS4PSXUNUM', 'L9ECAV7KIM', '6E92ZMYYFZ']"}
2026-08-21T07:52:53.555786474Z {"timestamp": 1787298773.5550292, "severity": "INFO", "name": "recommendationservice-server", "message": "[Recv ListRecommendations] product_ids=['LS4PSXUNUM', '9SIQT8TOJO', '66VCHSJNUP', '2ZYFJ3GM2N']"}
2026-08-21T07:52:53.789747215Z {"timestamp": 1787298773.7885613, "severity": "INFO", "name": "recommendationservice-server", "message": "[Recv ListRecommendations] product_ids=['1YMWWN1N4O', '0PUK6V6EV0', '9SIQT8TOJO', '66VCHSJNUP', '2ZYFJ3GM2N']"}
2026-08-21T07:52:54.369836396Z {"timestamp": 1787298774.3682373, "severity": "INFO", "name": "recommendationservice-server", "message": "[Recv ListRecommendations] product_ids=['L9ECAV7KIM', '6E92ZMYYFZ', '2ZYFJ3GM2N', '0PUK6V6EV0', 'OLJCESPC7Z']"}
2026-08-21T07:52:54.469646544Z {"timestamp": 1787298774.4690795, "severity": "INFO", "name": "recommendationservice-server", "message": "[Recv ListRecommendations] product_ids=['0PUK6V6EV0', 'LS4PSXUNUM', 'L9ECAV7KIM', 'OLJCESPC7Z', '9SIQT8TOJO']"}
2026-08-21T07:52:54.766308476Z {"timestamp": 1787298774.7654183, "severity": "INFO", "name": "recommendationservice-server", "message": "[Recv ListRecommendations] product_ids=['OLJCESPC7Z', 'L9ECAV7KIM', 'LS4PSXUNUM', '66VCHSJNUP', '2ZYFJ3GM2N']"}
2026-08-21T07:52:54.879136374Z {"timestamp": 1787298774.8785741, "severity": "INFO", "name": "recommendationservice-server", "message": "[Recv ListRecommendations] product_ids=['LS4PSXUNUM', '0PUK6V6EV0', '1YMWWN1N4O', '9SIQT8TOJO', 'L9ECAV7KIM']"}
2026-08-21T07:52:54.909761661Z {"timestamp": 1787298774.909291, "severity": "INFO", "name": "recommendationservice-server", "message": "[Recv ListRecommendations] product_ids=['1YMWWN1N4O', '0PUK6V6EV0', 'L9ECAV7KIM', '9SIQT8TOJO', '6E92ZMYYFZ']"}
2026-08-21T07:52:54.960586073Z {"timestamp": 1787298774.9600942, "severity": "INFO", "name": "recommendationservice-server", "message": "[Recv ListRecommendations] product_ids=['6E92ZMYYFZ', 'LS4PSXUNUM', '66VCHSJNUP', '0PUK6V6EV0', '1YMWWN1N4O']"}
2026-08-21T07:52:55.443951825Z {"timestamp": 1787298775.442836, "severity": "INFO", "name": "recommendationservice-server", "message": "[Recv ListRecommendations] product_ids=['L9ECAV7KIM', '66VCHSJNUP', 'LS4PSXUNUM', '2ZYFJ3GM2N', '9SIQT8TOJO']"}
2026-08-21T07:52:56.881804234Z {"timestamp": 1787298776.8809247, "severity": "INFO", "name": "recommendationservice-server", "message": "[Recv ListRecommendations] product_ids=['OLJCESPC7Z', '0PUK6V6EV0', '6E92ZMYYFZ', '9SIQT8TOJO', '2ZYFJ3GM2N']"}
2026-08-21T07:52:57.207606196Z {"timestamp": 1787298777.206788, "severity": "INFO", "name": "recommendationservice-server", "message": "[Recv ListRecommendations] product_ids=['6E92ZMYYFZ', 'L9ECAV7KIM', 'LS4PSXUNUM', 'OLJCESPC7Z', '1YMWWN1N4O']"}
2026-08-21T07:52:57.706399335Z {"timestamp": 1787298777.705371, "severity": "INFO", "name": "recommendationservice-server", "message": "[Recv ListRecommendations] product_ids=['LS4PSXUNUM', '0PUK6V6EV0', '1YMWWN1N4O', '6E92ZMYYFZ', '2ZYFJ3GM2N']"}
2026-08-21T07:52:57.714409303Z {"timestamp": 1787298777.7137973, "severity": "INFO", "name": "recommendationservice-server", "message": "[Recv ListRecommendations] product_ids=['9SIQT8TOJO', 'L9ECAV7KIM', '66VCHSJNUP', 'LS4PSXUNUM', '1YMWWN1N4O']"}
2026-08-21T07:52:58.266241218Z {"timestamp": 1787298778.265891, "severity": "INFO", "name": "recommendationservice-server", "message": "[Recv ListRecommendations] product_ids=['LS4PSXUNUM', 'OLJCESPC7Z', '66VCHSJNUP', 'L9ECAV7KIM', '6E92ZMYYFZ']"}
2026-08-21T07:52:58.281179711Z {"timestamp": 1787298778.2808523, "severity": "INFO", "name": "recommendationservice-server", "message": "[Recv ListRecommendations] product_ids=['9SIQT8TOJO', 'L9ECAV7KIM', '6E92ZMYYFZ', 'OLJCESPC7Z', '0PUK6V6EV0']"}
2026-08-21T07:52:58.308175812Z {"timestamp": 1787298778.307794, "severity": "INFO", "name": "recommendationservice-server", "message": "[Recv ListRecommendations] product_ids=['LS4PSXUNUM', 'L9ECAV7KIM', '6E92ZMYYFZ', '66VCHSJNUP', '9SIQT8TOJO']"}
2026-08-21T07:52:59.085830251Z {"timestamp": 1787298779.0845957, "severity": "INFO", "name": "recommendationservice-server", "message": "[Recv ListRecommendations] product_ids=['LS4PSXUNUM', 'L9ECAV7KIM', '6E92ZMYYFZ', '1YMWWN1N4O', '66VCHSJNUP']"}
2026-08-21T07:53:00.137810585Z {"timestamp": 1787298780.1370335, "severity": "INFO", "name": "recommendationservice-server", "message": "[Recv ListRecommendations] product_ids=['6E92ZMYYFZ', 'LS4PSXUNUM', '0PUK6V6EV0', '9SIQT8TOJO', 'L9ECAV7KIM']"}
2026-08-21T07:53:00.516296975Z {"timestamp": 1787298780.512782, "severity": "INFO", "name": "recommendationservice-server", "message": "[Recv ListRecommendations] product_ids=['9SIQT8TOJO', 'OLJCESPC7Z', '66VCHSJNUP', '6E92ZMYYFZ', '1YMWWN1N4O']"}
2026-08-21T07:53:00.755261253Z {"timestamp": 1787298780.754336, "severity": "INFO", "name": "recommendationservice-server", "message": "[Recv ListRecommendations] product_ids=['66VCHSJNUP', '0PUK6V6EV0', 'OLJCESPC7Z', '1YMWWN1N4O', '6E92ZMYYFZ']"}
2026-08-21T07:53:00.758488883Z {"timestamp": 1787298780.7573903, "severity": "INFO", "name": "recommendationservice-server", "message": "[Recv ListRecommendations] product_ids=['6E92ZMYYFZ', 'OLJCESPC7Z', '9SIQT8TOJO', '66VCHSJNUP', 'L9ECAV7KIM']"}
2026-08-21T07:53:00.872841438Z {"timestamp": 1787298780.8719287, "severity": "INFO", "name": "recommendationservice-server", "message": "[Recv ListRecommendations] product_ids=['6E92ZMYYFZ', '9SIQT8TOJO', '1YMWWN1N4O', 'LS4PSXUNUM', '66VCHSJNUP']"}
2026-08-21T07:53:00.954961793Z {"timestamp": 1787298780.9540186, "severity": "INFO", "name": "recommendationservice-server", "message": "[Recv ListRecommendations] product_ids=['66VCHSJNUP', 'LS4PSXUNUM', '1YMWWN1N4O', 'OLJCESPC7Z', '9SIQT8TOJO']"}
2026-08-21T07:53:01.758625253Z {"timestamp": 1787298781.7575936, "severity": "INFO", "name": "recommendationservice-server", "message": "[Recv ListRecommendations] product_ids=['L9ECAV7KIM', '0PUK6V6EV0', '6E92ZMYYFZ', '66VCHSJNUP', '1YMWWN1N4O']"}
2026-08-21T07:53:02.082248224Z {"timestamp": 1787298782.080408, "severity": "INFO", "name": "recommendationservice-server", "message": "[Recv ListRecommendations] product_ids=['OLJCESPC7Z', '66VCHSJNUP', '6E92ZMYYFZ', 'L9ECAV7KIM', 'LS4PSXUNUM']"}
2026-08-21T07:53:02.412864428Z {"timestamp": 1787298782.4117022, "severity": "INFO", "name": "recommendationservice-server", "message": "[Recv ListRecommendations] product_ids=['6E92ZMYYFZ', '2ZYFJ3GM2N', 'OLJCESPC7Z', 'L9ECAV7KIM', '66VCHSJNUP']"}
2026-08-21T07:53:02.837521377Z {"timestamp": 1787298782.8371127, "severity": "INFO", "name": "recommendationservice-server", "message": "[Recv ListRecommendations] product_ids=['0PUK6V6EV0', 'OLJCESPC7Z', '2ZYFJ3GM2N', '1YMWWN1N4O', 'LS4PSXUNUM']"}
2026-08-21T07:53:03.786307313Z {"timestamp": 1787298783.7851157, "severity": "INFO", "name": "recommendationservice-server", "message": "[Recv ListRecommendations] product_ids=['1YMWWN1N4O', 'OLJCESPC7Z', '0PUK6V6EV0', 'LS4PSXUNUM', '9SIQT8TOJO']"}
2026-08-21T07:53:04.889583362Z {"timestamp": 1787298784.8884432, "severity": "INFO", "name": "recommendationservice-server", "message": "[Recv ListRecommendations] product_ids=['OLJCESPC7Z', '66VCHSJNUP', '9SIQT8TOJO', 'L9ECAV7KIM', '1YMWWN1N4O']"}
2026-08-21T07:53:04.963571136Z {"timestamp": 1787298784.9628568, "severity": "INFO", "name": "recommendationservice-server", "message": "[Recv ListRecommendations] product_ids=['L9ECAV7KIM', '9SIQT8TOJO', '66VCHSJNUP', '0PUK6V6EV0', '1YMWWN1N4O']"}
2026-08-21T07:53:05.487742774Z {"timestamp": 1787298785.4867623, "severity": "INFO", "name": "recommendationservice-server", "message": "[Recv ListRecommendations] product_ids=['LS4PSXUNUM', '0PUK6V6EV0', 'L9ECAV7KIM', '9SIQT8TOJO', '2ZYFJ3GM2N']"}
2026-08-21T07:53:05.551388928Z {"timestamp": 1787298785.5510256, "severity": "INFO", "name": "recommendationservice-server", "message": "[Recv ListRecommendations] product_ids=['9SIQT8TOJO', '6E92ZMYYFZ', 'OLJCESPC7Z', '2ZYFJ3GM2N', 'LS4PSXUNUM']"}
2026-08-21T07:53:05.555804877Z {"timestamp": 1787298785.5550926, "severity": "INFO", "name": "recommendationservice-server", "message": "[Recv ListRecommendations] product_ids=['L9ECAV7KIM', '2ZYFJ3GM2N', '1YMWWN1N4O', '0PUK6V6EV0', 'LS4PSXUNUM']"}
2026-08-21T07:53:05.645462054Z {"timestamp": 1787298785.6450932, "severity": "INFO", "name": "recommendationservice-server", "message": "[Recv ListRecommendations] product_ids=['LS4PSXUNUM', '0PUK6V6EV0', '2ZYFJ3GM2N', '9SIQT8TOJO', '1YMWWN1N4O']"}
2026-08-21T07:53:05.652695117Z {"timestamp": 1787298785.6520236, "severity": "INFO", "name": "recommendationservice-server", "message": "[Recv ListRecommendations] product_ids=['6E92ZMYYFZ', '2ZYFJ3GM2N', 'L9ECAV7KIM', '66VCHSJNUP', 'LS4PSXUNUM']"}
2026-08-21T07:53:05.829111245Z {"timestamp": 1787298785.8274908, "severity": "INFO", "name": "recommendationservice-server", "message": "[Recv ListRecommendations] product_ids=['66VCHSJNUP', '1YMWWN1N4O', '9SIQT8TOJO', 'L9ECAV7KIM', 'LS4PSXUNUM']"}
2026-08-21T07:53:06.010583416Z {"timestamp": 1787298786.0103042, "severity": "INFO", "name": "recommendationservice-server", "message": "[Recv ListRecommendations] product_ids=['OLJCESPC7Z', '6E92ZMYYFZ', '66VCHSJNUP', '9SIQT8TOJO', 'LS4PSXUNUM']"}
2026-08-21T07:53:06.458039579Z {"timestamp": 1787298786.4571192, "severity": "INFO", "name": "recommendationservice-server", "message": "[Recv ListRecommendations] product_ids=['66VCHSJNUP', 'OLJCESPC7Z', '6E92ZMYYFZ', '2ZYFJ3GM2N', 'L9ECAV7KIM']"}
2026-08-21T07:53:07.348466046Z {"timestamp": 1787298787.347596, "severity": "INFO", "name": "recommendationservice-server", "message": "[Recv ListRecommendations] product_ids=['OLJCESPC7Z', '1YMWWN1N4O', '6E92ZMYYFZ', '66VCHSJNUP', '9SIQT8TOJO']"}
2026-08-21T07:53:07.459914326Z {"timestamp": 1787298787.4586508, "severity": "INFO", "name": "recommendationservice-server", "message": "[Recv ListRecommendations] product_ids=['2ZYFJ3GM2N', '1YMWWN1N4O', '66VCHSJNUP', 'L9ECAV7KIM', 'LS4PSXUNUM']"}
2026-08-21T07:53:07.464459994Z {"timestamp": 1787298787.463481, "severity": "INFO", "name": "recommendationservice-server", "message": "[Recv ListRecommendations] product_ids=['66VCHSJNUP', '9SIQT8TOJO', 'OLJCESPC7Z', '2ZYFJ3GM2N', '6E92ZMYYFZ']"}
2026-08-21T07:53:07.546756689Z {"timestamp": 1787298787.5461063, "severity": "INFO", "name": "recommendationservice-server", "message": "[Recv ListRecommendations] product_ids=['1YMWWN1N4O', 'OLJCESPC7Z', '2ZYFJ3GM2N', 'L9ECAV7KIM', '66VCHSJNUP']"}
2026-08-21T07:53:07.617354865Z {"timestamp": 1787298787.616619, "severity": "INFO", "name": "recommendationservice-server", "message": "[Recv ListRecommendations] product_ids=['66VCHSJNUP', 'L9ECAV7KIM', '6E92ZMYYFZ', '1YMWWN1N4O', 'LS4PSXUNUM']"}
2026-08-21T07:53:07.648272809Z {"timestamp": 1787298787.6476972, "severity": "INFO", "name": "recommendationservice-server", "message": "[Recv ListRecommendations] product_ids=['66VCHSJNUP', '2ZYFJ3GM2N', 'L9ECAV7KIM', 'LS4PSXUNUM', '0PUK6V6EV0']"}
2026-08-21T07:53:07.997021165Z {"timestamp": 1787298787.9966993, "severity": "INFO", "name": "recommendationservice-server", "message": "[Recv ListRecommendations] product_ids=['6E92ZMYYFZ', '9SIQT8TOJO', '66VCHSJNUP', '0PUK6V6EV0', 'LS4PSXUNUM']"}
2026-08-21T07:53:08.431185074Z {"timestamp": 1787298788.4303696, "severity": "INFO", "name": "recommendationservice-server", "message": "[Recv ListRecommendations] product_ids=['66VCHSJNUP', 'L9ECAV7KIM', '6E92ZMYYFZ', 'OLJCESPC7Z', '0PUK6V6EV0']"}
2026-08-21T07:53:08.650307679Z {"timestamp": 1787298788.6492329, "severity": "INFO", "name": "recommendationservice-server", "message": "[Recv ListRecommendations] product_ids=['LS4PSXUNUM', '6E92ZMYYFZ', '1YMWWN1N4O', '66VCHSJNUP', 'L9ECAV7KIM']"}
2026-08-21T07:53:09.136979805Z {"timestamp": 1787298789.1355324, "severity": "INFO", "name": "recommendationservice-server", "message": "[Recv ListRecommendations] product_ids=['0PUK6V6EV0', 'LS4PSXUNUM', '66VCHSJNUP', 'OLJCESPC7Z', '1YMWWN1N4O']"}
2026-08-21T07:53:09.558396941Z {"timestamp": 1787298789.5570338, "severity": "INFO", "name": "recommendationservice-server", "message": "[Recv ListRecommendations] product_ids=['LS4PSXUNUM', '1YMWWN1N4O', '6E92ZMYYFZ', '66VCHSJNUP', 'OLJCESPC7Z']"}
2026-08-21T07:53:11.498787499Z {"timestamp": 1787298791.4974551, "severity": "INFO", "name": "recommendationservice-server", "message": "[Recv ListRecommendations] product_ids=['6E92ZMYYFZ', '1YMWWN1N4O', 'LS4PSXUNUM', '0PUK6V6EV0', '9SIQT8TOJO']"}
2026-08-21T07:53:11.558424602Z {"timestamp": 1787298791.5579038, "severity": "INFO", "name": "recommendationservice-server", "message": "[Recv ListRecommendations] product_ids=['OLJCESPC7Z', '2ZYFJ3GM2N', '66VCHSJNUP', '9SIQT8TOJO', '1YMWWN1N4O']"}
2026-08-21T07:53:11.612752603Z {"timestamp": 1787298791.6123445, "severity": "INFO", "name": "recommendationservice-server", "message": "[Recv ListRecommendations] product_ids=['L9ECAV7KIM', '0PUK6V6EV0', '9SIQT8TOJO', 'LS4PSXUNUM', 'OLJCESPC7Z']"}
2026-08-21T07:53:11.739536542Z {"timestamp": 1787298791.7391593, "severity": "INFO", "name": "recommendationservice-server", "message": "[Recv ListRecommendations] product_ids=['2ZYFJ3GM2N', 'LS4PSXUNUM', '1YMWWN1N4O', '6E92ZMYYFZ', 'OLJCESPC7Z']"}
2026-08-21T07:53:12.355486624Z {"timestamp": 1787298792.354367, "severity": "INFO", "name": "recommendationservice-server", "message": "[Recv ListRecommendations] product_ids=['6E92ZMYYFZ', '0PUK6V6EV0', '9SIQT8TOJO', '2ZYFJ3GM2N', 'L9ECAV7KIM']"}
2026-08-21T07:53:12.916377494Z {"timestamp": 1787298792.9158978, "severity": "INFO", "name": "recommendationservice-server", "message": "[Recv ListRecommendations] product_ids=['9SIQT8TOJO', '6E92ZMYYFZ', 'L9ECAV7KIM', '1YMWWN1N4O', 'LS4PSXUNUM']"}
2026-08-21T07:53:12.932175678Z {"timestamp": 1787298792.9318225, "severity": "INFO", "name": "recommendationservice-server", "message": "[Recv ListRecommendations] product_ids=['2ZYFJ3GM2N', '9SIQT8TOJO', 'OLJCESPC7Z', '66VCHSJNUP', '1YMWWN1N4O']"}
2026-08-21T07:53:12.970533669Z {"timestamp": 1787298792.9702232, "severity": "INFO", "name": "recommendationservice-server", "message": "[Recv ListRecommendations] product_ids=['0PUK6V6EV0', '1YMWWN1N4O', 'OLJCESPC7Z', '66VCHSJNUP', 'L9ECAV7KIM']"}
2026-08-21T07:53:13.178834513Z {"timestamp": 1787298793.1777208, "severity": "INFO", "name": "recommendationservice-server", "message": "[Recv ListRecommendations] product_ids=['OLJCESPC7Z', 'L9ECAV7KIM', 'LS4PSXUNUM', '1YMWWN1N4O', '0PUK6V6EV0']"}
2026-08-21T07:53:13.360579549Z {"timestamp": 1787298793.3598847, "severity": "INFO", "name": "recommendationservice-server", "message": "[Recv ListRecommendations] product_ids=['66VCHSJNUP', 'L9ECAV7KIM', 'LS4PSXUNUM', 'OLJCESPC7Z']"}
2026-08-21T07:53:13.363707621Z {"timestamp": 1787298793.3626022, "severity": "INFO", "name": "recommendationservice-server", "message": "[Recv ListRecommendations] product_ids=['L9ECAV7KIM', '9SIQT8TOJO', '1YMWWN1N4O', '0PUK6V6EV0', 'OLJCESPC7Z']"}
2026-08-21T07:53:13.462793878Z {"timestamp": 1787298793.461689, "severity": "INFO", "name": "recommendationservice-server", "message": "[Recv ListRecommendations] product_ids=['2ZYFJ3GM2N', '66VCHSJNUP', '9SIQT8TOJO', '1YMWWN1N4O', 'OLJCESPC7Z']"}
2026-08-21T07:53:13.747947424Z {"timestamp": 1787298793.7474005, "severity": "INFO", "name": "recommendationservice-server", "message": "[Recv ListRecommendations] product_ids=['L9ECAV7KIM', '9SIQT8TOJO', '2ZYFJ3GM2N', 'OLJCESPC7Z', '1YMWWN1N4O']"}
2026-08-21T07:53:14.146278855Z {"timestamp": 1787298794.145749, "severity": "INFO", "name": "recommendationservice-server", "message": "[Recv ListRecommendations] product_ids=['6E92ZMYYFZ', '66VCHSJNUP', 'OLJCESPC7Z', '9SIQT8TOJO', '1YMWWN1N4O']"}
2026-08-21T07:53:14.521745034Z {"timestamp": 1787298794.5204797, "severity": "INFO", "name": "recommendationservice-server", "message": "[Recv ListRecommendations] product_ids=['9SIQT8TOJO', '66VCHSJNUP', '2ZYFJ3GM2N', 'OLJCESPC7Z', '6E92ZMYYFZ']"}
2026-08-21T07:53:14.602123967Z {"timestamp": 1787298794.6016662, "severity": "INFO", "name": "recommendationservice-server", "message": "[Recv ListRecommendations] product_ids=['6E92ZMYYFZ', '0PUK6V6EV0', 'LS4PSXUNUM', 'L9ECAV7KIM', '1YMWWN1N4O']"}
2026-08-21T07:53:14.748253027Z {"timestamp": 1787298794.747612, "severity": "INFO", "name": "recommendationservice-server", "message": "[Recv ListRecommendations] product_ids=['LS4PSXUNUM', '2ZYFJ3GM2N', '0PUK6V6EV0', '6E92ZMYYFZ', '66VCHSJNUP']"}
2026-08-21T07:53:14.941611115Z {"timestamp": 1787298794.9411938, "severity": "INFO", "name": "recommendationservice-server", "message": "[Recv ListRecommendations] product_ids=['6E92ZMYYFZ', '66VCHSJNUP', 'L9ECAV7KIM', 'LS4PSXUNUM', '2ZYFJ3GM2N']"}
2026-08-21T07:53:15.010564224Z {"timestamp": 1787298795.0091608, "severity": "INFO", "name": "recommendationservice-server", "message": "[Recv ListRecommendations] product_ids=['66VCHSJNUP', '2ZYFJ3GM2N', '0PUK6V6EV0', 'L9ECAV7KIM', 'OLJCESPC7Z']"}
2026-08-21T07:53:15.122906783Z {"timestamp": 1787298795.121669, "severity": "INFO", "name": "recommendationservice-server", "message": "[Recv ListRecommendations] product_ids=['1YMWWN1N4O', '0PUK6V6EV0', '9SIQT8TOJO', '2ZYFJ3GM2N', 'L9ECAV7KIM']"}
2026-08-21T07:53:15.272096904Z {"timestamp": 1787298795.2708735, "severity": "INFO", "name": "recommendationservice-server", "message": "[Recv ListRecommendations] product_ids=['6E92ZMYYFZ', '1YMWWN1N4O', 'L9ECAV7KIM', '0PUK6V6EV0', '2ZYFJ3GM2N']"}
2026-08-21T07:53:15.358423736Z {"timestamp": 1787298795.3573499, "severity": "INFO", "name": "recommendationservice-server", "message": "[Recv ListRecommendations] product_ids=['L9ECAV7KIM', '0PUK6V6EV0', 'OLJCESPC7Z', '9SIQT8TOJO', '66VCHSJNUP']"}
2026-08-21T07:53:15.552454526Z {"timestamp": 1787298795.551823, "severity": "INFO", "name": "recommendationservice-server", "message": "[Recv ListRecommendations] product_ids=['L9ECAV7KIM', 'LS4PSXUNUM', '0PUK6V6EV0', '2ZYFJ3GM2N']"}
2026-08-21T07:53:16.468645931Z {"timestamp": 1787298796.4675226, "severity": "INFO", "name": "recommendationservice-server", "message": "[Recv ListRecommendations] product_ids=['66VCHSJNUP', '2ZYFJ3GM2N', '1YMWWN1N4O', '9SIQT8TOJO', 'OLJCESPC7Z']"}
2026-08-21T07:53:16.582655341Z {"timestamp": 1787298796.5816624, "severity": "INFO", "name": "recommendationservice-server", "message": "[Recv ListRecommendations] product_ids=['1YMWWN1N4O', 'OLJCESPC7Z', 'L9ECAV7KIM', '66VCHSJNUP', '6E92ZMYYFZ']"}
2026-08-21T07:53:16.666307769Z {"timestamp": 1787298796.665456, "severity": "INFO", "name": "recommendationservice-server", "message": "[Recv ListRecommendations] product_ids=['9SIQT8TOJO', '2ZYFJ3GM2N', '66VCHSJNUP']"}
2026-08-21T07:53:16.775541058Z {"timestamp": 1787298796.774637, "severity": "INFO", "name": "recommendationservice-server", "message": "[Recv ListRecommendations] product_ids=['L9ECAV7KIM', 'OLJCESPC7Z', '2ZYFJ3GM2N', '0PUK6V6EV0', '6E92ZMYYFZ']"}
2026-08-21T07:53:16.956179827Z {"timestamp": 1787298796.9553268, "severity": "INFO", "name": "recommendationservice-server", "message": "[Recv ListRecommendations] product_ids=['6E92ZMYYFZ', 'OLJCESPC7Z', '66VCHSJNUP', 'L9ECAV7KIM', '0PUK6V6EV0']"}
2026-08-21T07:53:17.067759471Z {"timestamp": 1787298797.066857, "severity": "INFO", "name": "recommendationservice-server", "message": "[Recv ListRecommendations] product_ids=['2ZYFJ3GM2N', 'OLJCESPC7Z', '66VCHSJNUP', '0PUK6V6EV0', 'L9ECAV7KIM']"}
2026-08-21T07:53:17.149991584Z {"timestamp": 1787298797.1493669, "severity": "INFO", "name": "recommendationservice-server", "message": "[Recv ListRecommendations] product_ids=['0PUK6V6EV0', 'OLJCESPC7Z', 'LS4PSXUNUM', '1YMWWN1N4O', '66VCHSJNUP']"}
2026-08-21T07:53:17.169343505Z {"timestamp": 1787298797.1683424, "severity": "INFO", "name": "recommendationservice-server", "message": "[Recv ListRecommendations] product_ids=['0PUK6V6EV0', 'L9ECAV7KIM', '2ZYFJ3GM2N', 'LS4PSXUNUM']"}
2026-08-21T07:53:17.251977980Z {"timestamp": 1787298797.2516463, "severity": "INFO", "name": "recommendationservice-server", "message": "[Recv ListRecommendations] product_ids=['LS4PSXUNUM', '2ZYFJ3GM2N', '9SIQT8TOJO', 'L9ECAV7KIM', '6E92ZMYYFZ']"}
2026-08-21T07:53:17.421954038Z {"timestamp": 1787298797.4210906, "severity": "INFO", "name": "recommendationservice-server", "message": "[Recv ListRecommendations] product_ids=['66VCHSJNUP', '2ZYFJ3GM2N', 'L9ECAV7KIM', 'OLJCESPC7Z', '1YMWWN1N4O']"}
2026-08-21T07:53:17.488426873Z {"timestamp": 1787298797.4875784, "severity": "INFO", "name": "recommendationservice-server", "message": "[Recv ListRecommendations] product_ids=['1YMWWN1N4O', '66VCHSJNUP', '2ZYFJ3GM2N', '6E92ZMYYFZ', '0PUK6V6EV0']"}
2026-08-21T07:53:17.763732132Z {"timestamp": 1787298797.7629209, "severity": "INFO", "name": "recommendationservice-server", "message": "[Recv ListRecommendations] product_ids=['0PUK6V6EV0', '2ZYFJ3GM2N', 'L9ECAV7KIM', 'LS4PSXUNUM', '66VCHSJNUP']"}
2026-08-21T07:53:19.250461063Z {"timestamp": 1787298799.2497447, "severity": "INFO", "name": "recommendationservice-server", "message": "[Recv ListRecommendations] product_ids=['LS4PSXUNUM', 'L9ECAV7KIM', '1YMWWN1N4O', '0PUK6V6EV0', '66VCHSJNUP']"}
2026-08-21T07:53:19.487304943Z {"timestamp": 1787298799.4861524, "severity": "INFO", "name": "recommendationservice-server", "message": "[Recv ListRecommendations] product_ids=['LS4PSXUNUM', '2ZYFJ3GM2N', 'OLJCESPC7Z', '9SIQT8TOJO', '0PUK6V6EV0']"}
2026-08-21T07:53:19.662813172Z {"timestamp": 1787298799.6620185, "severity": "INFO", "name": "recommendationservice-server", "message": "[Recv ListRecommendations] product_ids=['0PUK6V6EV0', 'LS4PSXUNUM', '2ZYFJ3GM2N', '66VCHSJNUP', '9SIQT8TOJO']"}
2026-08-21T07:53:20.359034410Z {"timestamp": 1787298800.3585718, "severity": "INFO", "name": "recommendationservice-server", "message": "[Recv ListRecommendations] product_ids=['9SIQT8TOJO', 'L9ECAV7KIM', '1YMWWN1N4O', '0PUK6V6EV0', '66VCHSJNUP']"}
2026-08-21T07:53:20.731253960Z {"timestamp": 1787298800.730798, "severity": "INFO", "name": "recommendationservice-server", "message": "[Recv ListRecommendations] product_ids=['9SIQT8TOJO', '66VCHSJNUP', '2ZYFJ3GM2N', 'L9ECAV7KIM', 'LS4PSXUNUM']"}
2026-08-21T07:53:21.452757506Z {"timestamp": 1787298801.451872, "severity": "INFO", "name": "recommendationservice-server", "message": "[Recv ListRecommendations] product_ids=['L9ECAV7KIM', '0PUK6V6EV0', '2ZYFJ3GM2N', '1YMWWN1N4O', '6E92ZMYYFZ']"}
2026-08-21T07:53:21.480883441Z {"timestamp": 1787298801.479934, "severity": "INFO", "name": "recommendationservice-server", "message": "[Recv ListRecommendations] product_ids=['66VCHSJNUP', '9SIQT8TOJO', 'LS4PSXUNUM', 'L9ECAV7KIM', 'OLJCESPC7Z']"}
2026-08-21T07:53:21.913354663Z {"timestamp": 1787298801.912471, "severity": "INFO", "name": "recommendationservice-server", "message": "[Recv ListRecommendations] product_ids=['L9ECAV7KIM', 'OLJCESPC7Z', '0PUK6V6EV0', 'LS4PSXUNUM', '2ZYFJ3GM2N']"}
2026-08-21T07:53:22.006074325Z {"timestamp": 1787298802.0056334, "severity": "INFO", "name": "recommendationservice-server", "message": "[Recv ListRecommendations] product_ids=['2ZYFJ3GM2N', 'OLJCESPC7Z', '0PUK6V6EV0', 'LS4PSXUNUM', '1YMWWN1N4O']"}
2026-08-21T07:53:22.097530897Z {"timestamp": 1787298802.097024, "severity": "INFO", "name": "recommendationservice-server", "message": "[Recv ListRecommendations] product_ids=['0PUK6V6EV0', 'LS4PSXUNUM', 'L9ECAV7KIM', '2ZYFJ3GM2N', '9SIQT8TOJO']"}
2026-08-21T07:53:22.445503095Z {"timestamp": 1787298802.444108, "severity": "INFO", "name": "recommendationservice-server", "message": "[Recv ListRecommendations] product_ids=['1YMWWN1N4O', 'OLJCESPC7Z', '9SIQT8TOJO', '66VCHSJNUP', '6E92ZMYYFZ']"}
2026-08-21T07:53:22.774551444Z {"timestamp": 1787298802.773828, "severity": "INFO", "name": "recommendationservice-server", "message": "[Recv ListRecommendations] product_ids=['66VCHSJNUP', 'L9ECAV7KIM', '1YMWWN1N4O', 'LS4PSXUNUM', '0PUK6V6EV0']"}
2026-08-21T07:53:22.853786376Z {"timestamp": 1787298802.8532228, "severity": "INFO", "name": "recommendationservice-server", "message": "[Recv ListRecommendations] product_ids=['1YMWWN1N4O', '6E92ZMYYFZ', 'L9ECAV7KIM', 'OLJCESPC7Z', '2ZYFJ3GM2N']"}
2026-08-21T07:53:24.076583607Z {"timestamp": 1787298804.0760362, "severity": "INFO", "name": "recommendationservice-server", "message": "[Recv ListRecommendations] product_ids=['2ZYFJ3GM2N', 'OLJCESPC7Z', 'LS4PSXUNUM', '0PUK6V6EV0', '66VCHSJNUP']"}
2026-08-21T07:53:25.362020571Z {"timestamp": 1787298805.3613603, "severity": "INFO", "name": "recommendationservice-server", "message": "[Recv ListRecommendations] product_ids=['0PUK6V6EV0', 'LS4PSXUNUM', '2ZYFJ3GM2N', '66VCHSJNUP', 'L9ECAV7KIM']"}
2026-08-21T07:53:25.458920963Z {"timestamp": 1787298805.4579914, "severity": "INFO", "name": "recommendationservice-server", "message": "[Recv ListRecommendations] product_ids=['1YMWWN1N4O', '2ZYFJ3GM2N', '66VCHSJNUP', '0PUK6V6EV0', 'L9ECAV7KIM']"}
2026-08-21T07:53:25.589927290Z {"timestamp": 1787298805.5891464, "severity": "INFO", "name": "recommendationservice-server", "message": "[Recv ListRecommendations] product_ids=['0PUK6V6EV0', '1YMWWN1N4O', '9SIQT8TOJO', '2ZYFJ3GM2N', '6E92ZMYYFZ']"}
2026-08-21T07:53:26.061210257Z {"timestamp": 1787298806.0602279, "severity": "INFO", "name": "recommendationservice-server", "message": "[Recv ListRecommendations] product_ids=['OLJCESPC7Z', '0PUK6V6EV0', 'LS4PSXUNUM', '9SIQT8TOJO', 'L9ECAV7KIM']"}
2026-08-21T07:53:26.521771009Z {"timestamp": 1787298806.5204616, "severity": "INFO", "name": "recommendationservice-server", "message": "[Recv ListRecommendations] product_ids=['66VCHSJNUP', '6E92ZMYYFZ', '0PUK6V6EV0', 'L9ECAV7KIM', '2ZYFJ3GM2N']"}
2026-08-21T07:53:26.654181248Z {"timestamp": 1787298806.6536365, "severity": "INFO", "name": "recommendationservice-server", "message": "[Recv ListRecommendations] product_ids=['66VCHSJNUP', '2ZYFJ3GM2N', 'OLJCESPC7Z', '6E92ZMYYFZ', '9SIQT8TOJO']"}
2026-08-21T07:53:28.076566071Z {"timestamp": 1787298808.0759602, "severity": "INFO", "name": "recommendationservice-server", "message": "[Recv ListRecommendations] product_ids=['0PUK6V6EV0', '6E92ZMYYFZ', '9SIQT8TOJO', 'LS4PSXUNUM', '1YMWWN1N4O']"}
2026-08-21T07:53:28.103352525Z {"timestamp": 1787298808.1029844, "severity": "INFO", "name": "recommendationservice-server", "message": "[Recv ListRecommendations] product_ids=['0PUK6V6EV0', '2ZYFJ3GM2N', '66VCHSJNUP', '1YMWWN1N4O', 'L9ECAV7KIM']"}
2026-08-21T07:53:28.576903155Z {"timestamp": 1787298808.5761547, "severity": "INFO", "name": "recommendationservice-server", "message": "[Recv ListRecommendations] product_ids=['0PUK6V6EV0', '6E92ZMYYFZ', '1YMWWN1N4O', '2ZYFJ3GM2N', 'OLJCESPC7Z']"}
2026-08-21T07:53:28.764634764Z {"timestamp": 1787298808.7635508, "severity": "INFO", "name": "recommendationservice-server", "message": "[Recv ListRecommendations] product_ids=['OLJCESPC7Z', 'L9ECAV7KIM', '66VCHSJNUP', '9SIQT8TOJO', '2ZYFJ3GM2N']"}
2026-08-21T07:53:28.833318546Z {"timestamp": 1787298808.8328419, "severity": "INFO", "name": "recommendationservice-server", "message": "[Recv ListRecommendations] product_ids=['LS4PSXUNUM', '66VCHSJNUP', '2ZYFJ3GM2N', '1YMWWN1N4O', '0PUK6V6EV0']"}
2026-08-21T07:53:29.073061538Z {"timestamp": 1787298809.0720887, "severity": "INFO", "name": "recommendationservice-server", "message": "[Recv ListRecommendations] product_ids=['LS4PSXUNUM', 'L9ECAV7KIM', 'OLJCESPC7Z', '9SIQT8TOJO', '2ZYFJ3GM2N']"}
2026-08-21T07:53:29.146954570Z {"timestamp": 1787298809.1464562, "severity": "INFO", "name": "recommendationservice-server", "message": "[Recv ListRecommendations] product_ids=['2ZYFJ3GM2N', '1YMWWN1N4O', 'L9ECAV7KIM', '9SIQT8TOJO', '0PUK6V6EV0']"}
2026-08-21T07:53:30.509861553Z {"timestamp": 1787298810.509202, "severity": "INFO", "name": "recommendationservice-server", "message": "[Recv ListRecommendations] product_ids=['L9ECAV7KIM', '6E92ZMYYFZ', '1YMWWN1N4O', '0PUK6V6EV0', 'OLJCESPC7Z']"}
2026-08-21T07:53:31.058180841Z {"timestamp": 1787298811.0577397, "severity": "INFO", "name": "recommendationservice-server", "message": "[Recv ListRecommendations] product_ids=['66VCHSJNUP', '6E92ZMYYFZ', '2ZYFJ3GM2N', 'LS4PSXUNUM', '1YMWWN1N4O']"}
2026-08-21T07:53:31.578061665Z {"timestamp": 1787298811.577828, "severity": "INFO", "name": "recommendationservice-server", "message": "[Recv ListRecommendations] product_ids=['LS4PSXUNUM', 'OLJCESPC7Z', '6E92ZMYYFZ', '1YMWWN1N4O', '9SIQT8TOJO']"}
2026-08-21T07:53:31.666517892Z {"timestamp": 1787298811.6662047, "severity": "INFO", "name": "recommendationservice-server", "message": "[Recv ListRecommendations] product_ids=['OLJCESPC7Z', '9SIQT8TOJO', '1YMWWN1N4O', '6E92ZMYYFZ', '2ZYFJ3GM2N']"}
2026-08-21T07:53:31.681461142Z {"timestamp": 1787298811.6811805, "severity": "INFO", "name": "recommendationservice-server", "message": "[Recv ListRecommendations] product_ids=['L9ECAV7KIM', '6E92ZMYYFZ', '9SIQT8TOJO', '0PUK6V6EV0', '2ZYFJ3GM2N']"}
2026-08-21T07:53:32.010756118Z {"timestamp": 1787298812.0104415, "severity": "INFO", "name": "recommendationservice-server", "message": "[Recv ListRecommendations] product_ids=['1YMWWN1N4O', '66VCHSJNUP', '6E92ZMYYFZ', '0PUK6V6EV0', 'LS4PSXUNUM']"}
2026-08-21T07:53:33.309694599Z {"timestamp": 1787298813.3094244, "severity": "INFO", "name": "recommendationservice-server", "message": "[Recv ListRecommendations] product_ids=['L9ECAV7KIM', 'LS4PSXUNUM', '1YMWWN1N4O', '9SIQT8TOJO', '6E92ZMYYFZ']"}
2026-08-21T07:53:33.322288711Z {"timestamp": 1787298813.3220122, "severity": "INFO", "name": "recommendationservice-server", "message": "[Recv ListRecommendations] product_ids=['6E92ZMYYFZ', 'OLJCESPC7Z', '9SIQT8TOJO', '1YMWWN1N4O', 'L9ECAV7KIM']"}
2026-08-21T07:53:33.344060143Z {"timestamp": 1787298813.3437958, "severity": "INFO", "name": "recommendationservice-server", "message": "[Recv ListRecommendations] product_ids=['0PUK6V6EV0', 'L9ECAV7KIM', '6E92ZMYYFZ', '1YMWWN1N4O', '66VCHSJNUP']"}
2026-08-21T07:53:34.006495749Z {"timestamp": 1787298814.006199, "severity": "INFO", "name": "recommendationservice-server", "message": "[Recv ListRecommendations] product_ids=['OLJCESPC7Z', '6E92ZMYYFZ', '0PUK6V6EV0', '66VCHSJNUP', 'L9ECAV7KIM']"}
2026-08-21T07:53:34.239831019Z {"timestamp": 1787298814.2395942, "severity": "INFO", "name": "recommendationservice-server", "message": "[Recv ListRecommendations] product_ids=['OLJCESPC7Z', '1YMWWN1N4O', '9SIQT8TOJO', 'LS4PSXUNUM', '6E92ZMYYFZ']"}
2026-08-21T07:53:35.551375241Z {"timestamp": 1787298815.5507448, "severity": "INFO", "name": "recommendationservice-server", "message": "[Recv ListRecommendations] product_ids=['OLJCESPC7Z', '66VCHSJNUP', '1YMWWN1N4O', 'L9ECAV7KIM', '0PUK6V6EV0']"}
2026-08-21T07:53:35.652350542Z {"timestamp": 1787298815.6515508, "severity": "INFO", "name": "recommendationservice-server", "message": "[Recv ListRecommendations] product_ids=['2ZYFJ3GM2N', 'L9ECAV7KIM', '1YMWWN1N4O', '9SIQT8TOJO', 'OLJCESPC7Z']"}
2026-08-21T07:53:35.757879310Z {"timestamp": 1787298815.757257, "severity": "INFO", "name": "recommendationservice-server", "message": "[Recv ListRecommendations] product_ids=['6E92ZMYYFZ', 'LS4PSXUNUM', '1YMWWN1N4O', '2ZYFJ3GM2N', '9SIQT8TOJO']"}
2026-08-21T07:53:36.941576613Z {"timestamp": 1787298816.9403167, "severity": "INFO", "name": "recommendationservice-server", "message": "[Recv ListRecommendations] product_ids=['9SIQT8TOJO', 'L9ECAV7KIM', '6E92ZMYYFZ', '0PUK6V6EV0', '2ZYFJ3GM2N']"}
2026-08-21T07:53:37.046181346Z {"timestamp": 1787298817.0453827, "severity": "INFO", "name": "recommendationservice-server", "message": "[Recv ListRecommendations] product_ids=['OLJCESPC7Z', 'L9ECAV7KIM', '66VCHSJNUP', 'LS4PSXUNUM', '9SIQT8TOJO']"}
2026-08-21T07:53:37.053421007Z {"timestamp": 1787298817.0525784, "severity": "INFO", "name": "recommendationservice-server", "message": "[Recv ListRecommendations] product_ids=['1YMWWN1N4O', 'OLJCESPC7Z', '2ZYFJ3GM2N', 'L9ECAV7KIM', '9SIQT8TOJO']"}
2026-08-21T07:53:37.168716307Z {"timestamp": 1787298817.1681054, "severity": "INFO", "name": "recommendationservice-server", "message": "[Recv ListRecommendations] product_ids=['6E92ZMYYFZ', '1YMWWN1N4O', '9SIQT8TOJO', '2ZYFJ3GM2N', '0PUK6V6EV0']"}
2026-08-21T07:53:37.247115399Z {"timestamp": 1787298817.2463503, "severity": "INFO", "name": "recommendationservice-server", "message": "[Recv ListRecommendations] product_ids=['LS4PSXUNUM', 'L9ECAV7KIM', '2ZYFJ3GM2N', '66VCHSJNUP', '1YMWWN1N4O']"}
2026-08-21T07:53:37.358982496Z {"timestamp": 1787298817.358269, "severity": "INFO", "name": "recommendationservice-server", "message": "[Recv ListRecommendations] product_ids=['1YMWWN1N4O', '66VCHSJNUP', 'LS4PSXUNUM', '0PUK6V6EV0', '9SIQT8TOJO']"}
2026-08-21T07:53:37.519116568Z {"timestamp": 1787298817.5184746, "severity": "INFO", "name": "recommendationservice-server", "message": "[Recv ListRecommendations] product_ids=['1YMWWN1N4O', '0PUK6V6EV0', 'L9ECAV7KIM', '66VCHSJNUP', '2ZYFJ3GM2N']"}
2026-08-21T07:53:39.035831384Z {"timestamp": 1787298819.0348277, "severity": "INFO", "name": "recommendationservice-server", "message": "[Recv ListRecommendations] product_ids=['1YMWWN1N4O', 'OLJCESPC7Z', 'LS4PSXUNUM', '9SIQT8TOJO', '6E92ZMYYFZ']"}
2026-08-21T07:53:39.432600141Z {"timestamp": 1787298819.4321802, "severity": "INFO", "name": "recommendationservice-server", "message": "[Recv ListRecommendations] product_ids=['6E92ZMYYFZ', 'L9ECAV7KIM', '1YMWWN1N4O', 'OLJCESPC7Z', 'LS4PSXUNUM']"}
2026-08-21T07:53:40.018692349Z {"timestamp": 1787298820.018362, "severity": "INFO", "name": "recommendationservice-server", "message": "[Recv ListRecommendations] product_ids=['1YMWWN1N4O', 'L9ECAV7KIM', 'LS4PSXUNUM', '9SIQT8TOJO', '66VCHSJNUP']"}
2026-08-21T07:53:40.362610460Z {"timestamp": 1787298820.3622992, "severity": "INFO", "name": "recommendationservice-server", "message": "[Recv ListRecommendations] product_ids=['66VCHSJNUP', 'L9ECAV7KIM', 'OLJCESPC7Z', '2ZYFJ3GM2N', 'LS4PSXUNUM']"}
2026-08-21T07:53:41.696611995Z {"timestamp": 1787298821.6957734, "severity": "INFO", "name": "recommendationservice-server", "message": "[Recv ListRecommendations] product_ids=['9SIQT8TOJO', '2ZYFJ3GM2N', '1YMWWN1N4O', '6E92ZMYYFZ', 'OLJCESPC7Z']"}
2026-08-21T07:53:42.585264151Z {"timestamp": 1787298822.584282, "severity": "INFO", "name": "recommendationservice-server", "message": "[Recv ListRecommendations] product_ids=['OLJCESPC7Z', '1YMWWN1N4O', '66VCHSJNUP', '2ZYFJ3GM2N', '0PUK6V6EV0']"}
2026-08-21T07:53:42.588745161Z {"timestamp": 1787298822.5879798, "severity": "INFO", "name": "recommendationservice-server", "message": "[Recv ListRecommendations] product_ids=['6E92ZMYYFZ', '66VCHSJNUP', 'OLJCESPC7Z', '9SIQT8TOJO', 'L9ECAV7KIM']"}
2026-08-21T07:53:42.801827494Z {"timestamp": 1787298822.8008597, "severity": "INFO", "name": "recommendationservice-server", "message": "[Recv ListRecommendations] product_ids=['2ZYFJ3GM2N', 'OLJCESPC7Z', '66VCHSJNUP', 'L9ECAV7KIM', '0PUK6V6EV0']"}
2026-08-21T07:53:42.958744595Z {"timestamp": 1787298822.9584045, "severity": "INFO", "name": "recommendationservice-server", "message": "[Recv ListRecommendations] product_ids=['1YMWWN1N4O', '66VCHSJNUP', '9SIQT8TOJO', 'L9ECAV7KIM', '0PUK6V6EV0']"}
2026-08-21T07:53:43.088430104Z {"timestamp": 1787298823.0869741, "severity": "INFO", "name": "recommendationservice-server", "message": "[Recv ListRecommendations] product_ids=['66VCHSJNUP', 'L9ECAV7KIM', '0PUK6V6EV0', '6E92ZMYYFZ', 'OLJCESPC7Z']"}
2026-08-21T07:53:43.156941646Z {"timestamp": 1787298823.156504, "severity": "INFO", "name": "recommendationservice-server", "message": "[Recv ListRecommendations] product_ids=['OLJCESPC7Z', '0PUK6V6EV0', '1YMWWN1N4O', 'L9ECAV7KIM', '66VCHSJNUP']"}
2026-08-21T07:53:43.212140037Z {"timestamp": 1787298823.2088857, "severity": "INFO", "name": "recommendationservice-server", "message": "[Recv ListRecommendations] product_ids=['9SIQT8TOJO', '1YMWWN1N4O', '6E92ZMYYFZ', '2ZYFJ3GM2N', '66VCHSJNUP']"}
2026-08-21T07:53:43.343974968Z {"timestamp": 1787298823.34348, "severity": "INFO", "name": "recommendationservice-server", "message": "[Recv ListRecommendations] product_ids=['1YMWWN1N4O', 'LS4PSXUNUM', '66VCHSJNUP', '2ZYFJ3GM2N', 'L9ECAV7KIM']"}
2026-08-21T07:53:43.378468755Z {"timestamp": 1787298823.378131, "severity": "INFO", "name": "recommendationservice-server", "message": "[Recv ListRecommendations] product_ids=['OLJCESPC7Z', '6E92ZMYYFZ', '0PUK6V6EV0', '9SIQT8TOJO', '2ZYFJ3GM2N']"}
2026-08-21T07:53:43.827657598Z {"timestamp": 1787298823.8264987, "severity": "INFO", "name": "recommendationservice-server", "message": "[Recv ListRecommendations] product_ids=['2ZYFJ3GM2N', '6E92ZMYYFZ', '9SIQT8TOJO', '0PUK6V6EV0', 'LS4PSXUNUM']"}
2026-08-21T07:53:44.758607287Z {"timestamp": 1787298824.7576404, "severity": "INFO", "name": "recommendationservice-server", "message": "[Recv ListRecommendations] product_ids=['1YMWWN1N4O', '0PUK6V6EV0', '6E92ZMYYFZ', '2ZYFJ3GM2N', '9SIQT8TOJO']"}
2026-08-21T07:53:44.854406515Z {"timestamp": 1787298824.8533864, "severity": "INFO", "name": "recommendationservice-server", "message": "[Recv ListRecommendations] product_ids=['1YMWWN1N4O', 'L9ECAV7KIM', '0PUK6V6EV0', 'LS4PSXUNUM', '9SIQT8TOJO']"}
2026-08-21T07:53:45.137152712Z {"timestamp": 1787298825.1362135, "severity": "INFO", "name": "recommendationservice-server", "message": "[Recv ListRecommendations] product_ids=['2ZYFJ3GM2N', '9SIQT8TOJO', '1YMWWN1N4O', '0PUK6V6EV0', '66VCHSJNUP']"}
2026-08-21T07:53:45.986939332Z {"timestamp": 1787298825.9860585, "severity": "INFO", "name": "recommendationservice-server", "message": "[Recv ListRecommendations] product_ids=['L9ECAV7KIM', '66VCHSJNUP', '9SIQT8TOJO', '0PUK6V6EV0', '6E92ZMYYFZ']"}
2026-08-21T07:53:46.056210948Z {"timestamp": 1787298826.055182, "severity": "INFO", "name": "recommendationservice-server", "message": "[Recv ListRecommendations] product_ids=['0PUK6V6EV0', '9SIQT8TOJO', 'L9ECAV7KIM', '66VCHSJNUP', 'OLJCESPC7Z']"}
2026-08-21T07:53:46.172861450Z {"timestamp": 1787298826.1722314, "severity": "INFO", "name": "recommendationservice-server", "message": "[Recv ListRecommendations] product_ids=['66VCHSJNUP', 'L9ECAV7KIM', 'LS4PSXUNUM', '1YMWWN1N4O', '6E92ZMYYFZ']"}
2026-08-21T07:53:46.406994478Z {"timestamp": 1787298826.4064088, "severity": "INFO", "name": "recommendationservice-server", "message": "[Recv ListRecommendations] product_ids=['2ZYFJ3GM2N', '6E92ZMYYFZ', 'LS4PSXUNUM', '9SIQT8TOJO', '1YMWWN1N4O']"}
2026-08-21T07:53:46.504667382Z {"timestamp": 1787298826.5041106, "severity": "INFO", "name": "recommendationservice-server", "message": "[Recv ListRecommendations] product_ids=['2ZYFJ3GM2N', '1YMWWN1N4O', 'L9ECAV7KIM', '0PUK6V6EV0', 'OLJCESPC7Z']"}
2026-08-21T07:53:46.728596006Z {"timestamp": 1787298826.7276464, "severity": "INFO", "name": "recommendationservice-server", "message": "[Recv ListRecommendations] product_ids=['LS4PSXUNUM', '6E92ZMYYFZ', '66VCHSJNUP', '9SIQT8TOJO', '2ZYFJ3GM2N']"}
2026-08-21T07:53:46.809998710Z {"timestamp": 1787298826.8095415, "severity": "INFO", "name": "recommendationservice-server", "message": "[Recv ListRecommendations] product_ids=['1YMWWN1N4O', 'LS4PSXUNUM', '2ZYFJ3GM2N', '9SIQT8TOJO', '6E92ZMYYFZ']"}
2026-08-21T07:53:46.923170500Z {"timestamp": 1787298826.9219472, "severity": "INFO", "name": "recommendationservice-server", "message": "[Recv ListRecommendations] product_ids=['9SIQT8TOJO', 'OLJCESPC7Z', '6E92ZMYYFZ', '1YMWWN1N4O', '66VCHSJNUP']"}
2026-08-21T07:53:47.031284344Z {"timestamp": 1787298827.0305665, "severity": "INFO", "name": "recommendationservice-server", "message": "[Recv ListRecommendations] product_ids=['9SIQT8TOJO', 'OLJCESPC7Z', '66VCHSJNUP', '6E92ZMYYFZ', '2ZYFJ3GM2N']"}
2026-08-21T07:53:47.134076203Z {"timestamp": 1787298827.1334414, "severity": "INFO", "name": "recommendationservice-server", "message": "[Recv ListRecommendations] product_ids=['2ZYFJ3GM2N', '9SIQT8TOJO', '0PUK6V6EV0', 'L9ECAV7KIM', 'OLJCESPC7Z']"}
2026-08-21T07:53:47.389635891Z {"timestamp": 1787298827.388866, "severity": "INFO", "name": "recommendationservice-server", "message": "[Recv ListRecommendations] product_ids=['6E92ZMYYFZ', '0PUK6V6EV0', 'L9ECAV7KIM', '2ZYFJ3GM2N', '1YMWWN1N4O']"}
2026-08-21T07:53:47.523769071Z {"timestamp": 1787298827.5229256, "severity": "INFO", "name": "recommendationservice-server", "message": "[Recv ListRecommendations] product_ids=['1YMWWN1N4O', '0PUK6V6EV0', 'OLJCESPC7Z', 'LS4PSXUNUM', 'L9ECAV7KIM']"}
2026-08-21T07:53:47.771241167Z {"timestamp": 1787298827.7703779, "severity": "INFO", "name": "recommendationservice-server", "message": "[Recv ListRecommendations] product_ids=['9SIQT8TOJO', '6E92ZMYYFZ', '0PUK6V6EV0', '2ZYFJ3GM2N', '66VCHSJNUP']"}
2026-08-21T07:53:48.269805491Z {"timestamp": 1787298828.2695096, "severity": "INFO", "name": "recommendationservice-server", "message": "[Recv ListRecommendations] product_ids=['2ZYFJ3GM2N', '0PUK6V6EV0', 'OLJCESPC7Z', '1YMWWN1N4O', '6E92ZMYYFZ']"}
2026-08-21T07:53:48.665513547Z {"timestamp": 1787298828.6647263, "severity": "INFO", "name": "recommendationservice-server", "message": "[Recv ListRecommendations] product_ids=['2ZYFJ3GM2N', '66VCHSJNUP', 'LS4PSXUNUM', '9SIQT8TOJO', '1YMWWN1N4O']"}
2026-08-21T07:53:48.746022920Z {"timestamp": 1787298828.7452993, "severity": "INFO", "name": "recommendationservice-server", "message": "[Recv ListRecommendations] product_ids=['66VCHSJNUP', '2ZYFJ3GM2N', 'OLJCESPC7Z', 'LS4PSXUNUM', '1YMWWN1N4O']"}
2026-08-21T07:53:49.421945800Z {"timestamp": 1787298829.4195328, "severity": "INFO", "name": "recommendationservice-server", "message": "[Recv ListRecommendations] product_ids=['6E92ZMYYFZ', '0PUK6V6EV0', '66VCHSJNUP', 'OLJCESPC7Z', '9SIQT8TOJO']"}
2026-08-21T07:53:50.241958829Z {"timestamp": 1787298830.241416, "severity": "INFO", "name": "recommendationservice-server", "message": "[Recv ListRecommendations] product_ids=['2ZYFJ3GM2N', '0PUK6V6EV0', '1YMWWN1N4O', '6E92ZMYYFZ', 'LS4PSXUNUM']"}
2026-08-21T07:53:50.270474734Z {"timestamp": 1787298830.2699385, "severity": "INFO", "name": "recommendationservice-server", "message": "[Recv ListRecommendations] product_ids=['6E92ZMYYFZ', '2ZYFJ3GM2N', '9SIQT8TOJO', '1YMWWN1N4O', 'L9ECAV7KIM']"}
2026-08-21T07:53:50.530730714Z {"timestamp": 1787298830.5301096, "severity": "INFO", "name": "recommendationservice-server", "message": "[Recv ListRecommendations] product_ids=['L9ECAV7KIM', '9SIQT8TOJO', '2ZYFJ3GM2N', '66VCHSJNUP', 'OLJCESPC7Z']"}
2026-08-21T07:53:50.858062587Z {"timestamp": 1787298830.8573987, "severity": "INFO", "name": "recommendationservice-server", "message": "[Recv ListRecommendations] product_ids=['LS4PSXUNUM', 'L9ECAV7KIM', '2ZYFJ3GM2N', '9SIQT8TOJO', '6E92ZMYYFZ']"}
2026-08-21T07:53:51.781397896Z {"timestamp": 1787298831.7805927, "severity": "INFO", "name": "recommendationservice-server", "message": "[Recv ListRecommendations] product_ids=['L9ECAV7KIM', '9SIQT8TOJO', '2ZYFJ3GM2N', '0PUK6V6EV0', 'LS4PSXUNUM']"}
2026-08-21T07:53:54.024865196Z {"timestamp": 1787298834.0235317, "severity": "INFO", "name": "recommendationservice-server", "message": "[Recv ListRecommendations] product_ids=['66VCHSJNUP', '9SIQT8TOJO', 'LS4PSXUNUM', '0PUK6V6EV0', 'OLJCESPC7Z']"}
2026-08-21T07:53:54.516364715Z {"timestamp": 1787298834.5154047, "severity": "INFO", "name": "recommendationservice-server", "message": "[Recv ListRecommendations] product_ids=['2ZYFJ3GM2N', '9SIQT8TOJO', 'L9ECAV7KIM', '1YMWWN1N4O', '0PUK6V6EV0']"}
2026-08-21T07:53:56.206676436Z {"timestamp": 1787298836.2061808, "severity": "INFO", "name": "recommendationservice-server", "message": "[Recv ListRecommendations] product_ids=['OLJCESPC7Z', '1YMWWN1N4O', '6E92ZMYYFZ', 'L9ECAV7KIM', '66VCHSJNUP']"}
2026-08-21T07:53:56.228913413Z {"timestamp": 1787298836.228578, "severity": "INFO", "name": "recommendationservice-server", "message": "[Recv ListRecommendations] product_ids=['OLJCESPC7Z', '1YMWWN1N4O', '9SIQT8TOJO', 'L9ECAV7KIM', '0PUK6V6EV0']"}
2026-08-21T07:53:56.971232166Z {"timestamp": 1787298836.9698162, "severity": "INFO", "name": "recommendationservice-server", "message": "[Recv ListRecommendations] product_ids=['0PUK6V6EV0', '9SIQT8TOJO', 'L9ECAV7KIM', '1YMWWN1N4O', 'OLJCESPC7Z']"}
2026-08-21T07:53:57.072153294Z {"timestamp": 1787298837.0712147, "severity": "INFO", "name": "recommendationservice-server", "message": "[Recv ListRecommendations] product_ids=['LS4PSXUNUM', '9SIQT8TOJO', 'OLJCESPC7Z', 'L9ECAV7KIM', '1YMWWN1N4O']"}
2026-08-21T07:53:57.519815618Z {"timestamp": 1787298837.5179884, "severity": "INFO", "name": "recommendationservice-server", "message": "[Recv ListRecommendations] product_ids=['2ZYFJ3GM2N', '0PUK6V6EV0', 'LS4PSXUNUM', '9SIQT8TOJO', '66VCHSJNUP']"}
2026-08-21T07:53:57.608762428Z {"timestamp": 1787298837.6082618, "severity": "INFO", "name": "recommendationservice-server", "message": "[Recv ListRecommendations] product_ids=['OLJCESPC7Z', '9SIQT8TOJO', '66VCHSJNUP', '1YMWWN1N4O', '2ZYFJ3GM2N']"}
2026-08-21T07:53:58.059394329Z {"timestamp": 1787298838.0589905, "severity": "INFO", "name": "recommendationservice-server", "message": "[Recv ListRecommendations] product_ids=['9SIQT8TOJO', 'OLJCESPC7Z', '66VCHSJNUP', '0PUK6V6EV0', '2ZYFJ3GM2N']"}
2026-08-21T07:53:58.106851263Z {"timestamp": 1787298838.1064873, "severity": "INFO", "name": "recommendationservice-server", "message": "[Recv ListRecommendations] product_ids=['OLJCESPC7Z', '6E92ZMYYFZ', '1YMWWN1N4O', '66VCHSJNUP', '0PUK6V6EV0']"}
2026-08-21T07:53:58.238548167Z {"timestamp": 1787298838.2381094, "severity": "INFO", "name": "recommendationservice-server", "message": "[Recv ListRecommendations] product_ids=['LS4PSXUNUM', '6E92ZMYYFZ', '1YMWWN1N4O', '9SIQT8TOJO', '2ZYFJ3GM2N']"}
2026-08-21T07:53:58.777084081Z {"timestamp": 1787298838.776446, "severity": "INFO", "name": "recommendationservice-server", "message": "[Recv ListRecommendations] product_ids=['LS4PSXUNUM', '0PUK6V6EV0', '2ZYFJ3GM2N', '1YMWWN1N4O', 'OLJCESPC7Z']"}
2026-08-21T07:53:59.101472287Z {"timestamp": 1787298839.1005075, "severity": "INFO", "name": "recommendationservice-server", "message": "[Recv ListRecommendations] product_ids=['OLJCESPC7Z', '2ZYFJ3GM2N', '1YMWWN1N4O', '66VCHSJNUP', '9SIQT8TOJO']"}
2026-08-21T07:53:59.380327228Z {"timestamp": 1787298839.3793652, "severity": "INFO", "name": "recommendationservice-server", "message": "[Recv ListRecommendations] product_ids=['2ZYFJ3GM2N', '9SIQT8TOJO', '0PUK6V6EV0', 'LS4PSXUNUM', '6E92ZMYYFZ']"}
2026-08-21T07:53:59.458211158Z {"timestamp": 1787298839.4572926, "severity": "INFO", "name": "recommendationservice-server", "message": "[Recv ListRecommendations] product_ids=['9SIQT8TOJO', 'LS4PSXUNUM', 'OLJCESPC7Z', '0PUK6V6EV0', '1YMWWN1N4O']"}
2026-08-21T07:53:59.581229321Z {"timestamp": 1787298839.5808825, "severity": "INFO", "name": "recommendationservice-server", "message": "[Recv ListRecommendations] product_ids=['L9ECAV7KIM', '2ZYFJ3GM2N', '66VCHSJNUP', '0PUK6V6EV0', 'OLJCESPC7Z']"}
2026-08-21T07:53:59.763950468Z {"timestamp": 1787298839.7635102, "severity": "INFO", "name": "recommendationservice-server", "message": "[Recv ListRecommendations] product_ids=['2ZYFJ3GM2N', 'LS4PSXUNUM', '1YMWWN1N4O', '66VCHSJNUP', '6E92ZMYYFZ']"}
2026-08-21T07:53:59.815337307Z {"timestamp": 1787298839.8141756, "severity": "INFO", "name": "recommendationservice-server", "message": "[Recv ListRecommendations] product_ids=['0PUK6V6EV0', '66VCHSJNUP', 'LS4PSXUNUM', '9SIQT8TOJO', '6E92ZMYYFZ']"}
2026-08-21T07:54:00.415186722Z {"timestamp": 1787298840.4144776, "severity": "INFO", "name": "recommendationservice-server", "message": "[Recv ListRecommendations] product_ids=['LS4PSXUNUM', '2ZYFJ3GM2N', '6E92ZMYYFZ', '1YMWWN1N4O', '66VCHSJNUP']"}
2026-08-21T07:54:00.523117351Z {"timestamp": 1787298840.522034, "severity": "INFO", "name": "recommendationservice-server", "message": "[Recv ListRecommendations] product_ids=['LS4PSXUNUM', '6E92ZMYYFZ', 'OLJCESPC7Z', '66VCHSJNUP', '1YMWWN1N4O']"}
2026-08-21T07:54:00.533466342Z {"timestamp": 1787298840.5326097, "severity": "INFO", "name": "recommendationservice-server", "message": "[Recv ListRecommendations] product_ids=['2ZYFJ3GM2N', '0PUK6V6EV0', '66VCHSJNUP', 'L9ECAV7KIM', '6E92ZMYYFZ']"}
2026-08-21T07:54:00.773827734Z {"timestamp": 1787298840.772894, "severity": "INFO", "name": "recommendationservice-server", "message": "[Recv ListRecommendations] product_ids=['66VCHSJNUP', 'L9ECAV7KIM', 'OLJCESPC7Z', 'LS4PSXUNUM', '9SIQT8TOJO']"}
2026-08-21T07:54:00.999166677Z {"timestamp": 1787298840.9980235, "severity": "INFO", "name": "recommendationservice-server", "message": "[Recv ListRecommendations] product_ids=['66VCHSJNUP', '2ZYFJ3GM2N', 'OLJCESPC7Z', '0PUK6V6EV0', '9SIQT8TOJO']"}
2026-08-21T07:54:01.176842450Z {"timestamp": 1787298841.1755605, "severity": "INFO", "name": "recommendationservice-server", "message": "[Recv ListRecommendations] product_ids=['LS4PSXUNUM', '6E92ZMYYFZ', '66VCHSJNUP', 'L9ECAV7KIM', '1YMWWN1N4O']"}
2026-08-21T07:54:01.346654692Z {"timestamp": 1787298841.3459384, "severity": "INFO", "name": "recommendationservice-server", "message": "[Recv ListRecommendations] product_ids=['2ZYFJ3GM2N', 'LS4PSXUNUM', 'L9ECAV7KIM', '6E92ZMYYFZ', '0PUK6V6EV0']"}
2026-08-21T07:54:02.189342946Z {"timestamp": 1787298842.1883094, "severity": "INFO", "name": "recommendationservice-server", "message": "[Recv ListRecommendations] product_ids=['2ZYFJ3GM2N', '6E92ZMYYFZ', 'OLJCESPC7Z', '66VCHSJNUP', '1YMWWN1N4O']"}
2026-08-21T07:54:02.638831196Z {"timestamp": 1787298842.6376455, "severity": "INFO", "name": "recommendationservice-server", "message": "[Recv ListRecommendations] product_ids=['LS4PSXUNUM', 'OLJCESPC7Z', '6E92ZMYYFZ', '0PUK6V6EV0', 'L9ECAV7KIM']"}
2026-08-21T07:54:03.234469911Z {"timestamp": 1787298843.2325327, "severity": "INFO", "name": "recommendationservice-server", "message": "[Recv ListRecommendations] product_ids=['0PUK6V6EV0', 'L9ECAV7KIM', '9SIQT8TOJO', '2ZYFJ3GM2N', 'OLJCESPC7Z']"}
2026-08-21T07:54:03.240155331Z {"timestamp": 1787298843.238514, "severity": "INFO", "name": "recommendationservice-server", "message": "[Recv ListRecommendations] product_ids=['LS4PSXUNUM', '0PUK6V6EV0', '2ZYFJ3GM2N', '66VCHSJNUP', 'OLJCESPC7Z']"}
2026-08-21T07:54:03.677076507Z {"timestamp": 1787298843.6765194, "severity": "INFO", "name": "recommendationservice-server", "message": "[Recv ListRecommendations] product_ids=['OLJCESPC7Z', 'L9ECAV7KIM', '6E92ZMYYFZ', '66VCHSJNUP', '0PUK6V6EV0']"}
2026-08-21T07:54:05.202543931Z {"timestamp": 1787298845.200637, "severity": "INFO", "name": "recommendationservice-server", "message": "[Recv ListRecommendations] product_ids=['6E92ZMYYFZ', 'OLJCESPC7Z', '1YMWWN1N4O', 'L9ECAV7KIM', '66VCHSJNUP']"}
2026-08-21T07:54:05.714024071Z {"timestamp": 1787298845.713432, "severity": "INFO", "name": "recommendationservice-server", "message": "[Recv ListRecommendations] product_ids=['0PUK6V6EV0', 'L9ECAV7KIM', '6E92ZMYYFZ', 'OLJCESPC7Z', '1YMWWN1N4O']"}
2026-08-21T07:54:06.238872240Z {"timestamp": 1787298846.2384706, "severity": "INFO", "name": "recommendationservice-server", "message": "[Recv ListRecommendations] product_ids=['LS4PSXUNUM', '2ZYFJ3GM2N', '6E92ZMYYFZ', '0PUK6V6EV0', '9SIQT8TOJO']"}
2026-08-21T07:54:06.541460024Z {"timestamp": 1787298846.5409393, "severity": "INFO", "name": "recommendationservice-server", "message": "[Recv ListRecommendations] product_ids=['66VCHSJNUP', '1YMWWN1N4O', 'LS4PSXUNUM', '2ZYFJ3GM2N', '0PUK6V6EV0']"}
2026-08-21T07:54:07.461622776Z {"timestamp": 1787298847.4606478, "severity": "INFO", "name": "recommendationservice-server", "message": "[Recv ListRecommendations] product_ids=['9SIQT8TOJO', '2ZYFJ3GM2N', '66VCHSJNUP', 'LS4PSXUNUM', '0PUK6V6EV0']"}
2026-08-21T07:54:07.503341059Z {"timestamp": 1787298847.502261, "severity": "INFO", "name": "recommendationservice-server", "message": "[Recv ListRecommendations] product_ids=['L9ECAV7KIM', '9SIQT8TOJO', '6E92ZMYYFZ', '0PUK6V6EV0', '66VCHSJNUP']"}
2026-08-21T07:54:07.849956500Z {"timestamp": 1787298847.8493912, "severity": "INFO", "name": "recommendationservice-server", "message": "[Recv ListRecommendations] product_ids=['OLJCESPC7Z', '1YMWWN1N4O', 'L9ECAV7KIM', '66VCHSJNUP', '0PUK6V6EV0']"}
2026-08-21T07:54:08.022180671Z {"timestamp": 1787298848.0218887, "severity": "INFO", "name": "recommendationservice-server", "message": "[Recv ListRecommendations] product_ids=['1YMWWN1N4O', '0PUK6V6EV0', '2ZYFJ3GM2N', 'OLJCESPC7Z', '9SIQT8TOJO']"}
2026-08-21T07:54:08.248334616Z {"timestamp": 1787298848.24712, "severity": "INFO", "name": "recommendationservice-server", "message": "[Recv ListRecommendations] product_ids=['L9ECAV7KIM', 'LS4PSXUNUM', '2ZYFJ3GM2N', '6E92ZMYYFZ', '1YMWWN1N4O']"}
2026-08-21T07:54:08.780822220Z {"timestamp": 1787298848.7802644, "severity": "INFO", "name": "recommendationservice-server", "message": "[Recv ListRecommendations] product_ids=['0PUK6V6EV0', '1YMWWN1N4O', '2ZYFJ3GM2N', '9SIQT8TOJO', 'OLJCESPC7Z']"}
2026-08-21T07:54:09.334301133Z {"timestamp": 1787298849.3330603, "severity": "INFO", "name": "recommendationservice-server", "message": "[Recv ListRecommendations] product_ids=['LS4PSXUNUM', '9SIQT8TOJO', '2ZYFJ3GM2N', '6E92ZMYYFZ', '1YMWWN1N4O']"}
2026-08-21T07:54:09.653294246Z {"timestamp": 1787298849.652933, "severity": "INFO", "name": "recommendationservice-server", "message": "[Recv ListRecommendations] product_ids=['LS4PSXUNUM', '0PUK6V6EV0', '1YMWWN1N4O', '6E92ZMYYFZ', 'OLJCESPC7Z']"}
2026-08-21T07:54:09.745802668Z {"timestamp": 1787298849.7454007, "severity": "INFO", "name": "recommendationservice-server", "message": "[Recv ListRecommendations] product_ids=['6E92ZMYYFZ', '0PUK6V6EV0', 'L9ECAV7KIM', 'LS4PSXUNUM', '9SIQT8TOJO']"}
2026-08-21T07:54:10.444483906Z {"timestamp": 1787298850.444168, "severity": "INFO", "name": "recommendationservice-server", "message": "[Recv ListRecommendations] product_ids=['66VCHSJNUP', '0PUK6V6EV0', '6E92ZMYYFZ', '2ZYFJ3GM2N', 'OLJCESPC7Z']"}
2026-08-21T07:54:10.460670950Z {"timestamp": 1787298850.4603097, "severity": "INFO", "name": "recommendationservice-server", "message": "[Recv ListRecommendations] product_ids=['1YMWWN1N4O', 'LS4PSXUNUM', '9SIQT8TOJO', '66VCHSJNUP', '0PUK6V6EV0']"}
2026-08-21T07:54:11.021432372Z {"timestamp": 1787298851.020837, "severity": "INFO", "name": "recommendationservice-server", "message": "[Recv ListRecommendations] product_ids=['OLJCESPC7Z', '0PUK6V6EV0', '2ZYFJ3GM2N', 'L9ECAV7KIM', '9SIQT8TOJO']"}
2026-08-21T07:54:11.349359024Z {"timestamp": 1787298851.3482862, "severity": "INFO", "name": "recommendationservice-server", "message": "[Recv ListRecommendations] product_ids=['2ZYFJ3GM2N', '1YMWWN1N4O', '9SIQT8TOJO', '66VCHSJNUP', '0PUK6V6EV0']"}
2026-08-21T07:54:11.474416757Z {"timestamp": 1787298851.473466, "severity": "INFO", "name": "recommendationservice-server", "message": "[Recv ListRecommendations] product_ids=['66VCHSJNUP', '0PUK6V6EV0', 'OLJCESPC7Z', '9SIQT8TOJO', '6E92ZMYYFZ']"}
2026-08-21T07:54:12.190749742Z {"timestamp": 1787298852.189745, "severity": "INFO", "name": "recommendationservice-server", "message": "[Recv ListRecommendations] product_ids=['OLJCESPC7Z', '0PUK6V6EV0', 'L9ECAV7KIM', '1YMWWN1N4O', '6E92ZMYYFZ']"}
2026-08-21T07:54:12.630465987Z {"timestamp": 1787298852.629427, "severity": "INFO", "name": "recommendationservice-server", "message": "[Recv ListRecommendations] product_ids=['0PUK6V6EV0', '66VCHSJNUP', 'OLJCESPC7Z', '1YMWWN1N4O', '2ZYFJ3GM2N']"}
2026-08-21T07:54:13.836014179Z {"timestamp": 1787298853.8355877, "severity": "INFO", "name": "recommendationservice-server", "message": "[Recv ListRecommendations] product_ids=['9SIQT8TOJO', '66VCHSJNUP', '2ZYFJ3GM2N', '6E92ZMYYFZ', 'OLJCESPC7Z']"}
2026-08-21T07:54:14.068822746Z {"timestamp": 1787298854.068157, "severity": "INFO", "name": "recommendationservice-server", "message": "[Recv ListRecommendations] product_ids=['0PUK6V6EV0', '6E92ZMYYFZ', '9SIQT8TOJO', 'OLJCESPC7Z', '66VCHSJNUP']"}
2026-08-21T07:54:14.304714441Z {"timestamp": 1787298854.304155, "severity": "INFO", "name": "recommendationservice-server", "message": "[Recv ListRecommendations] product_ids=['2ZYFJ3GM2N', '66VCHSJNUP', 'OLJCESPC7Z', '0PUK6V6EV0', '9SIQT8TOJO']"}
2026-08-21T07:54:14.703526918Z {"timestamp": 1787298854.7029104, "severity": "INFO", "name": "recommendationservice-server", "message": "[Recv ListRecommendations] product_ids=['0PUK6V6EV0', '9SIQT8TOJO', '1YMWWN1N4O', 'LS4PSXUNUM', '6E92ZMYYFZ']"}
2026-08-21T07:54:15.101365659Z {"timestamp": 1787298855.0998645, "severity": "INFO", "name": "recommendationservice-server", "message": "[Recv ListRecommendations] product_ids=['2ZYFJ3GM2N', 'OLJCESPC7Z', '0PUK6V6EV0', '1YMWWN1N4O', 'LS4PSXUNUM']"}
2026-08-21T07:54:15.790702973Z {"timestamp": 1787298855.7903283, "severity": "INFO", "name": "recommendationservice-server", "message": "[Recv ListRecommendations] product_ids=['2ZYFJ3GM2N', '6E92ZMYYFZ', 'LS4PSXUNUM', '66VCHSJNUP', '9SIQT8TOJO']"}
2026-08-21T07:54:16.247655773Z {"timestamp": 1787298856.2470999, "severity": "INFO", "name": "recommendationservice-server", "message": "[Recv ListRecommendations] product_ids=['9SIQT8TOJO', '0PUK6V6EV0', 'L9ECAV7KIM', '2ZYFJ3GM2N', '1YMWWN1N4O']"}
2026-08-21T07:54:16.730539156Z {"timestamp": 1787298856.7300434, "severity": "INFO", "name": "recommendationservice-server", "message": "[Recv ListRecommendations] product_ids=['LS4PSXUNUM', '1YMWWN1N4O', '9SIQT8TOJO', '0PUK6V6EV0', 'OLJCESPC7Z']"}
2026-08-21T07:54:17.310976595Z {"timestamp": 1787298857.3104696, "severity": "INFO", "name": "recommendationservice-server", "message": "[Recv ListRecommendations] product_ids=['66VCHSJNUP', 'OLJCESPC7Z', '9SIQT8TOJO', '6E92ZMYYFZ', '0PUK6V6EV0']"}
2026-08-21T07:54:18.061025623Z {"timestamp": 1787298858.0606356, "severity": "INFO", "name": "recommendationservice-server", "message": "[Recv ListRecommendations] product_ids=['OLJCESPC7Z', '9SIQT8TOJO', 'LS4PSXUNUM', '0PUK6V6EV0', '66VCHSJNUP']"}
2026-08-21T07:54:18.289209731Z {"timestamp": 1787298858.2886233, "severity": "INFO", "name": "recommendationservice-server", "message": "[Recv ListRecommendations] product_ids=['6E92ZMYYFZ', 'LS4PSXUNUM', '1YMWWN1N4O', '9SIQT8TOJO', 'OLJCESPC7Z']"}
2026-08-21T07:54:18.595567343Z {"timestamp": 1787298858.5944078, "severity": "INFO", "name": "recommendationservice-server", "message": "[Recv ListRecommendations] product_ids=['9SIQT8TOJO', '66VCHSJNUP', '2ZYFJ3GM2N', '6E92ZMYYFZ', '0PUK6V6EV0']"}
2026-08-21T07:54:20.427806572Z {"timestamp": 1787298860.4271078, "severity": "INFO", "name": "recommendationservice-server", "message": "[Recv ListRecommendations] product_ids=['1YMWWN1N4O', '66VCHSJNUP', '9SIQT8TOJO', '6E92ZMYYFZ', '2ZYFJ3GM2N']"}
2026-08-21T07:54:21.155584837Z {"timestamp": 1787298861.154838, "severity": "INFO", "name": "recommendationservice-server", "message": "[Recv ListRecommendations] product_ids=['9SIQT8TOJO', '0PUK6V6EV0', 'OLJCESPC7Z', '1YMWWN1N4O', '2ZYFJ3GM2N']"}
2026-08-21T07:54:21.158294822Z {"timestamp": 1787298861.1565068, "severity": "INFO", "name": "recommendationservice-server", "message": "[Recv ListRecommendations] product_ids=['L9ECAV7KIM', '2ZYFJ3GM2N', 'LS4PSXUNUM', '9SIQT8TOJO', '0PUK6V6EV0']"}
2026-08-21T07:54:21.246714480Z {"timestamp": 1787298861.2457237, "severity": "INFO", "name": "recommendationservice-server", "message": "[Recv ListRecommendations] product_ids=['LS4PSXUNUM', '1YMWWN1N4O', '66VCHSJNUP', '0PUK6V6EV0', '9SIQT8TOJO']"}
2026-08-21T07:54:21.259842745Z {"timestamp": 1787298861.2589788, "severity": "INFO", "name": "recommendationservice-server", "message": "[Recv ListRecommendations] product_ids=['6E92ZMYYFZ', '66VCHSJNUP', '1YMWWN1N4O', '0PUK6V6EV0', '9SIQT8TOJO']"}
2026-08-21T07:54:21.267790574Z {"timestamp": 1787298861.2669477, "severity": "INFO", "name": "recommendationservice-server", "message": "[Recv ListRecommendations] product_ids=['0PUK6V6EV0', '66VCHSJNUP', 'L9ECAV7KIM', '6E92ZMYYFZ', '1YMWWN1N4O']"}
2026-08-21T07:54:21.353029480Z {"timestamp": 1787298861.3522537, "severity": "INFO", "name": "recommendationservice-server", "message": "[Recv ListRecommendations] product_ids=['OLJCESPC7Z', '0PUK6V6EV0', '66VCHSJNUP', '6E92ZMYYFZ', 'LS4PSXUNUM']"}
2026-08-21T07:54:21.461327061Z {"timestamp": 1787298861.4607034, "severity": "INFO", "name": "recommendationservice-server", "message": "[Recv ListRecommendations] product_ids=['0PUK6V6EV0', '66VCHSJNUP', '9SIQT8TOJO', 'L9ECAV7KIM', '6E92ZMYYFZ']"}
2026-08-21T07:54:21.643781475Z {"timestamp": 1787298861.64309, "severity": "INFO", "name": "recommendationservice-server", "message": "[Recv ListRecommendations] product_ids=['LS4PSXUNUM', 'OLJCESPC7Z', '0PUK6V6EV0', '66VCHSJNUP', '2ZYFJ3GM2N']"}
2026-08-21T07:54:21.759611626Z {"timestamp": 1787298861.7589521, "severity": "INFO", "name": "recommendationservice-server", "message": "[Recv ListRecommendations] product_ids=['6E92ZMYYFZ', '0PUK6V6EV0', '9SIQT8TOJO', '66VCHSJNUP', 'LS4PSXUNUM']"}
2026-08-21T07:54:22.003823611Z {"timestamp": 1787298862.0027795, "severity": "INFO", "name": "recommendationservice-server", "message": "[Recv ListRecommendations] product_ids=['OLJCESPC7Z', '6E92ZMYYFZ', 'L9ECAV7KIM', '1YMWWN1N4O', '66VCHSJNUP']"}
2026-08-21T07:54:22.093157899Z {"timestamp": 1787298862.0923283, "severity": "INFO", "name": "recommendationservice-server", "message": "[Recv ListRecommendations] product_ids=['66VCHSJNUP', '6E92ZMYYFZ', '0PUK6V6EV0', '2ZYFJ3GM2N', 'LS4PSXUNUM']"}
2026-08-21T07:54:22.141296836Z {"timestamp": 1787298862.140397, "severity": "INFO", "name": "recommendationservice-server", "message": "[Recv ListRecommendations] product_ids=['66VCHSJNUP', '2ZYFJ3GM2N']"}
2026-08-21T07:54:22.246037012Z {"timestamp": 1787298862.2452457, "severity": "INFO", "name": "recommendationservice-server", "message": "[Recv ListRecommendations] product_ids=['LS4PSXUNUM', '66VCHSJNUP', '0PUK6V6EV0', '2ZYFJ3GM2N', 'OLJCESPC7Z']"}
2026-08-21T07:54:22.511806659Z {"timestamp": 1787298862.5107422, "severity": "INFO", "name": "recommendationservice-server", "message": "[Recv ListRecommendations] product_ids=['2ZYFJ3GM2N', 'L9ECAV7KIM', '66VCHSJNUP', '9SIQT8TOJO', '1YMWWN1N4O']"}
2026-08-21T07:54:22.835453626Z {"timestamp": 1787298862.8348434, "severity": "INFO", "name": "recommendationservice-server", "message": "[Recv ListRecommendations] product_ids=['2ZYFJ3GM2N', '1YMWWN1N4O', 'LS4PSXUNUM', '0PUK6V6EV0', '6E92ZMYYFZ']"}
2026-08-21T07:54:23.260669919Z {"timestamp": 1787298863.259641, "severity": "INFO", "name": "recommendationservice-server", "message": "[Recv ListRecommendations] product_ids=['6E92ZMYYFZ', '66VCHSJNUP', '1YMWWN1N4O', '9SIQT8TOJO', 'OLJCESPC7Z']"}
2026-08-21T07:54:23.276004297Z {"timestamp": 1787298863.2751791, "severity": "INFO", "name": "recommendationservice-server", "message": "[Recv ListRecommendations] product_ids=['9SIQT8TOJO', '6E92ZMYYFZ', '0PUK6V6EV0', 'LS4PSXUNUM', '66VCHSJNUP']"}
2026-08-21T07:54:23.408429340Z {"timestamp": 1787298863.406701, "severity": "INFO", "name": "recommendationservice-server", "message": "[Recv ListRecommendations] product_ids=['0PUK6V6EV0', '9SIQT8TOJO', 'L9ECAV7KIM', '66VCHSJNUP', '6E92ZMYYFZ']"}
2026-08-21T07:54:23.832513870Z {"timestamp": 1787298863.8319547, "severity": "INFO", "name": "recommendationservice-server", "message": "[Recv ListRecommendations] product_ids=['2ZYFJ3GM2N', '9SIQT8TOJO', 'LS4PSXUNUM', '6E92ZMYYFZ', 'OLJCESPC7Z']"}
2026-08-21T07:54:24.074913525Z {"timestamp": 1787298864.0743818, "severity": "INFO", "name": "recommendationservice-server", "message": "[Recv ListRecommendations] product_ids=['66VCHSJNUP', '9SIQT8TOJO', 'L9ECAV7KIM', '2ZYFJ3GM2N', '1YMWWN1N4O']"}
2026-08-21T07:54:24.347319068Z {"timestamp": 1787298864.3464565, "severity": "INFO", "name": "recommendationservice-server", "message": "[Recv ListRecommendations] product_ids=['2ZYFJ3GM2N', '1YMWWN1N4O', 'OLJCESPC7Z', '9SIQT8TOJO', 'L9ECAV7KIM']"}
2026-08-21T07:54:25.066302906Z {"timestamp": 1787298865.0653167, "severity": "INFO", "name": "recommendationservice-server", "message": "[Recv ListRecommendations] product_ids=['OLJCESPC7Z', '6E92ZMYYFZ', '1YMWWN1N4O', 'L9ECAV7KIM', 'LS4PSXUNUM']"}
2026-08-21T07:54:25.136579417Z {"timestamp": 1787298865.136176, "severity": "INFO", "name": "recommendationservice-server", "message": "[Recv ListRecommendations] product_ids=['6E92ZMYYFZ', '0PUK6V6EV0', 'OLJCESPC7Z', '66VCHSJNUP', '2ZYFJ3GM2N']"}
2026-08-21T07:54:25.513083130Z {"timestamp": 1787298865.5115676, "severity": "INFO", "name": "recommendationservice-server", "message": "[Recv ListRecommendations] product_ids=['6E92ZMYYFZ', '2ZYFJ3GM2N', '1YMWWN1N4O', 'LS4PSXUNUM', '9SIQT8TOJO']"}
2026-08-21T07:54:25.522936103Z {"timestamp": 1787298865.5223544, "severity": "INFO", "name": "recommendationservice-server", "message": "[Recv ListRecommendations] product_ids=['1YMWWN1N4O', 'L9ECAV7KIM', 'OLJCESPC7Z', '66VCHSJNUP', '6E92ZMYYFZ']"}
2026-08-21T07:54:25.598964175Z {"timestamp": 1787298865.5983913, "severity": "INFO", "name": "recommendationservice-server", "message": "[Recv ListRecommendations] product_ids=['6E92ZMYYFZ', '2ZYFJ3GM2N', 'OLJCESPC7Z', 'L9ECAV7KIM', '66VCHSJNUP']"}
2026-08-21T07:54:25.704227019Z {"timestamp": 1787298865.7033417, "severity": "INFO", "name": "recommendationservice-server", "message": "[Recv ListRecommendations] product_ids=['9SIQT8TOJO', 'LS4PSXUNUM', '0PUK6V6EV0', 'L9ECAV7KIM', '66VCHSJNUP']"}
2026-08-21T07:54:25.712836806Z {"timestamp": 1787298865.7122853, "severity": "INFO", "name": "recommendationservice-server", "message": "[Recv ListRecommendations] product_ids=['LS4PSXUNUM', 'OLJCESPC7Z', '6E92ZMYYFZ', '1YMWWN1N4O', '2ZYFJ3GM2N']"}
2026-08-21T07:54:25.920561275Z {"timestamp": 1787298865.919898, "severity": "INFO", "name": "recommendationservice-server", "message": "[Recv ListRecommendations] product_ids=['9SIQT8TOJO', 'OLJCESPC7Z', '66VCHSJNUP', 'L9ECAV7KIM', 'LS4PSXUNUM']"}
2026-08-21T07:54:26.093595856Z {"timestamp": 1787298866.0927582, "severity": "INFO", "name": "recommendationservice-server", "message": "[Recv ListRecommendations] product_ids=['OLJCESPC7Z', '0PUK6V6EV0', 'L9ECAV7KIM', 'LS4PSXUNUM', '66VCHSJNUP']"}
2026-08-21T07:54:26.197652820Z {"timestamp": 1787298866.197077, "severity": "INFO", "name": "recommendationservice-server", "message": "[Recv ListRecommendations] product_ids=['6E92ZMYYFZ', 'OLJCESPC7Z', '66VCHSJNUP', '2ZYFJ3GM2N', 'LS4PSXUNUM']"}
2026-08-21T07:54:26.220955305Z {"timestamp": 1787298866.2205226, "severity": "INFO", "name": "recommendationservice-server", "message": "[Recv ListRecommendations] product_ids=['2ZYFJ3GM2N', '6E92ZMYYFZ', 'L9ECAV7KIM', 'OLJCESPC7Z', '1YMWWN1N4O']"}
2026-08-21T07:54:26.250671950Z {"timestamp": 1787298866.2500615, "severity": "INFO", "name": "recommendationservice-server", "message": "[Recv ListRecommendations] product_ids=['6E92ZMYYFZ', 'LS4PSXUNUM', '1YMWWN1N4O', '9SIQT8TOJO', 'OLJCESPC7Z']"}
2026-08-21T07:54:26.407694535Z {"timestamp": 1787298866.4066725, "severity": "INFO", "name": "recommendationservice-server", "message": "[Recv ListRecommendations] product_ids=['0PUK6V6EV0', 'L9ECAV7KIM', '9SIQT8TOJO', 'OLJCESPC7Z', '1YMWWN1N4O']"}
2026-08-21T07:54:26.696616349Z {"timestamp": 1787298866.6956818, "severity": "INFO", "name": "recommendationservice-server", "message": "[Recv ListRecommendations] product_ids=['OLJCESPC7Z', '1YMWWN1N4O', '6E92ZMYYFZ', '9SIQT8TOJO', '2ZYFJ3GM2N']"}
2026-08-21T07:54:28.349625686Z {"timestamp": 1787298868.349326, "severity": "INFO", "name": "recommendationservice-server", "message": "[Recv ListRecommendations] product_ids=['1YMWWN1N4O', '2ZYFJ3GM2N', 'L9ECAV7KIM', '6E92ZMYYFZ', '66VCHSJNUP']"}
2026-08-21T07:54:28.597956429Z {"timestamp": 1787298868.5967402, "severity": "INFO", "name": "recommendationservice-server", "message": "[Recv ListRecommendations] product_ids=['L9ECAV7KIM', '2ZYFJ3GM2N', '9SIQT8TOJO', 'OLJCESPC7Z', '1YMWWN1N4O']"}
2026-08-21T07:54:28.704217022Z {"timestamp": 1787298868.7032323, "severity": "INFO", "name": "recommendationservice-server", "message": "[Recv ListRecommendations] product_ids=['L9ECAV7KIM', '1YMWWN1N4O', '6E92ZMYYFZ', '0PUK6V6EV0', 'OLJCESPC7Z']"}
2026-08-21T07:54:29.074442896Z {"timestamp": 1787298869.0729165, "severity": "INFO", "name": "recommendationservice-server", "message": "[Recv ListRecommendations] product_ids=['OLJCESPC7Z', '6E92ZMYYFZ', '66VCHSJNUP', 'LS4PSXUNUM', '2ZYFJ3GM2N']"}
2026-08-21T07:54:29.152686299Z {"timestamp": 1787298869.1520164, "severity": "INFO", "name": "recommendationservice-server", "message": "[Recv ListRecommendations] product_ids=['LS4PSXUNUM', '1YMWWN1N4O', '2ZYFJ3GM2N', '6E92ZMYYFZ', '9SIQT8TOJO']"}
2026-08-21T07:54:30.295867382Z {"timestamp": 1787298870.295508, "severity": "INFO", "name": "recommendationservice-server", "message": "[Recv ListRecommendations] product_ids=['66VCHSJNUP', 'L9ECAV7KIM', '9SIQT8TOJO', 'OLJCESPC7Z', 'LS4PSXUNUM']"}
2026-08-21T07:54:31.327489520Z {"timestamp": 1787298871.3270297, "severity": "INFO", "name": "recommendationservice-server", "message": "[Recv ListRecommendations] product_ids=['2ZYFJ3GM2N', '66VCHSJNUP', '0PUK6V6EV0', '6E92ZMYYFZ', '9SIQT8TOJO']"}
2026-08-21T07:54:31.807953128Z {"timestamp": 1787298871.8059747, "severity": "INFO", "name": "recommendationservice-server", "message": "[Recv ListRecommendations] product_ids=['0PUK6V6EV0', '2ZYFJ3GM2N', '6E92ZMYYFZ', 'L9ECAV7KIM', '9SIQT8TOJO']"}
2026-08-21T07:54:32.326548055Z {"timestamp": 1787298872.3261337, "severity": "INFO", "name": "recommendationservice-server", "message": "[Recv ListRecommendations] product_ids=['9SIQT8TOJO', '66VCHSJNUP', 'L9ECAV7KIM', '2ZYFJ3GM2N', 'LS4PSXUNUM']"}
2026-08-21T07:54:32.947996164Z {"timestamp": 1787298872.9459472, "severity": "INFO", "name": "recommendationservice-server", "message": "[Recv ListRecommendations] product_ids=['L9ECAV7KIM', 'LS4PSXUNUM', '2ZYFJ3GM2N', '6E92ZMYYFZ', '66VCHSJNUP']"}
2026-08-21T07:54:33.317204467Z {"timestamp": 1787298873.3130777, "severity": "INFO", "name": "recommendationservice-server", "message": "[Recv ListRecommendations] product_ids=['66VCHSJNUP', 'LS4PSXUNUM', '2ZYFJ3GM2N', '9SIQT8TOJO', '6E92ZMYYFZ']"}
2026-08-21T07:54:33.324498008Z {"timestamp": 1787298873.3179924, "severity": "INFO", "name": "recommendationservice-server", "message": "[Recv ListRecommendations] product_ids=['2ZYFJ3GM2N', 'LS4PSXUNUM', 'L9ECAV7KIM', '0PUK6V6EV0', '66VCHSJNUP']"}
2026-08-21T07:54:33.492035523Z {"timestamp": 1787298873.4914448, "severity": "INFO", "name": "recommendationservice-server", "message": "[Recv ListRecommendations] product_ids=['2ZYFJ3GM2N', 'LS4PSXUNUM', '1YMWWN1N4O', '9SIQT8TOJO', 'OLJCESPC7Z']"}
2026-08-21T07:54:33.500354911Z {"timestamp": 1787298873.4997299, "severity": "INFO", "name": "recommendationservice-server", "message": "[Recv ListRecommendations] product_ids=['66VCHSJNUP', '2ZYFJ3GM2N', '0PUK6V6EV0', 'LS4PSXUNUM', 'L9ECAV7KIM']"}
2026-08-21T07:54:33.634771098Z {"timestamp": 1787298873.6345289, "severity": "INFO", "name": "recommendationservice-server", "message": "[Recv ListRecommendations] product_ids=['2ZYFJ3GM2N', '1YMWWN1N4O', '0PUK6V6EV0', '9SIQT8TOJO', 'LS4PSXUNUM']"}
2026-08-21T07:54:34.168178340Z {"timestamp": 1787298874.167778, "severity": "INFO", "name": "recommendationservice-server", "message": "[Recv ListRecommendations] product_ids=['66VCHSJNUP', 'L9ECAV7KIM', '6E92ZMYYFZ', '9SIQT8TOJO', 'OLJCESPC7Z']"}
2026-08-21T07:54:34.183227288Z {"timestamp": 1787298874.1828606, "severity": "INFO", "name": "recommendationservice-server", "message": "[Recv ListRecommendations] product_ids=['L9ECAV7KIM', '66VCHSJNUP', 'OLJCESPC7Z', '9SIQT8TOJO', '6E92ZMYYFZ']"}
2026-08-21T07:54:34.214935814Z {"timestamp": 1787298874.2146962, "severity": "INFO", "name": "recommendationservice-server", "message": "[Recv ListRecommendations] product_ids=['OLJCESPC7Z', '66VCHSJNUP', '0PUK6V6EV0', '2ZYFJ3GM2N', '9SIQT8TOJO']"}
2026-08-21T07:54:34.406847809Z {"timestamp": 1787298874.4059343, "severity": "INFO", "name": "recommendationservice-server", "message": "[Recv ListRecommendations] product_ids=['L9ECAV7KIM', 'OLJCESPC7Z', '6E92ZMYYFZ', '0PUK6V6EV0', '9SIQT8TOJO']"}
2026-08-21T07:54:35.046938379Z {"timestamp": 1787298875.0459528, "severity": "INFO", "name": "recommendationservice-server", "message": "[Recv ListRecommendations] product_ids=['OLJCESPC7Z', 'L9ECAV7KIM', '66VCHSJNUP', 'LS4PSXUNUM', '6E92ZMYYFZ']"}
2026-08-21T07:54:35.151543911Z {"timestamp": 1787298875.1506963, "severity": "INFO", "name": "recommendationservice-server", "message": "[Recv ListRecommendations] product_ids=['66VCHSJNUP', '1YMWWN1N4O', 'L9ECAV7KIM', '6E92ZMYYFZ', 'LS4PSXUNUM']"}
2026-08-21T07:54:35.360305310Z {"timestamp": 1787298875.359484, "severity": "INFO", "name": "recommendationservice-server", "message": "[Recv ListRecommendations] product_ids=['LS4PSXUNUM', '2ZYFJ3GM2N', 'L9ECAV7KIM', 'OLJCESPC7Z', '0PUK6V6EV0']"}
2026-08-21T07:54:35.779859000Z {"timestamp": 1787298875.777503, "severity": "INFO", "name": "recommendationservice-server", "message": "[Recv ListRecommendations] product_ids=['6E92ZMYYFZ', 'L9ECAV7KIM', 'OLJCESPC7Z', '1YMWWN1N4O', '9SIQT8TOJO']"}
2026-08-21T07:54:35.866264734Z {"timestamp": 1787298875.8656452, "severity": "INFO", "name": "recommendationservice-server", "message": "[Recv ListRecommendations] product_ids=['1YMWWN1N4O', '6E92ZMYYFZ', 'OLJCESPC7Z', '0PUK6V6EV0', '66VCHSJNUP']"}
2026-08-21T07:54:37.638984882Z {"timestamp": 1787298877.6375604, "severity": "INFO", "name": "recommendationservice-server", "message": "[Recv ListRecommendations] product_ids=['6E92ZMYYFZ', '0PUK6V6EV0', 'LS4PSXUNUM', 'L9ECAV7KIM', '9SIQT8TOJO']"}
2026-08-21T07:54:37.642802227Z {"timestamp": 1787298877.6418157, "severity": "INFO", "name": "recommendationservice-server", "message": "[Recv ListRecommendations] product_ids=['9SIQT8TOJO', 'L9ECAV7KIM', '6E92ZMYYFZ', '1YMWWN1N4O', '2ZYFJ3GM2N']"}
2026-08-21T07:54:37.691716609Z {"timestamp": 1787298877.691274, "severity": "INFO", "name": "recommendationservice-server", "message": "[Recv ListRecommendations] product_ids=['OLJCESPC7Z', '9SIQT8TOJO', '2ZYFJ3GM2N', '0PUK6V6EV0', '66VCHSJNUP']"}
2026-08-21T07:54:38.401215887Z {"timestamp": 1787298878.4009936, "severity": "INFO", "name": "recommendationservice-server", "message": "[Recv ListRecommendations] product_ids=['0PUK6V6EV0', '1YMWWN1N4O', '6E92ZMYYFZ', '9SIQT8TOJO', 'OLJCESPC7Z']"}
2026-08-21T07:54:38.422102068Z {"timestamp": 1787298878.4217813, "severity": "INFO", "name": "recommendationservice-server", "message": "[Recv ListRecommendations] product_ids=['66VCHSJNUP', '0PUK6V6EV0', '6E92ZMYYFZ', 'LS4PSXUNUM', '1YMWWN1N4O']"}
2026-08-21T07:54:38.849786718Z {"timestamp": 1787298878.8490198, "severity": "INFO", "name": "recommendationservice-server", "message": "[Recv ListRecommendations] product_ids=['9SIQT8TOJO', 'OLJCESPC7Z', '66VCHSJNUP', '0PUK6V6EV0', '6E92ZMYYFZ']"}
2026-08-21T07:54:38.887472998Z {"timestamp": 1787298878.8868456, "severity": "INFO", "name": "recommendationservice-server", "message": "[Recv ListRecommendations] product_ids=['0PUK6V6EV0', '9SIQT8TOJO', 'OLJCESPC7Z', '6E92ZMYYFZ', '2ZYFJ3GM2N']"}
2026-08-21T07:54:38.938990452Z {"timestamp": 1787298878.9384973, "severity": "INFO", "name": "recommendationservice-server", "message": "[Recv ListRecommendations] product_ids=['6E92ZMYYFZ', 'L9ECAV7KIM', '66VCHSJNUP', '9SIQT8TOJO', 'LS4PSXUNUM']"}
2026-08-21T07:54:39.033202000Z {"timestamp": 1787298879.0329468, "severity": "INFO", "name": "recommendationservice-server", "message": "[Recv ListRecommendations] product_ids=['LS4PSXUNUM', '66VCHSJNUP', 'OLJCESPC7Z', '1YMWWN1N4O', '6E92ZMYYFZ']"}
2026-08-21T07:54:39.047039075Z {"timestamp": 1787298879.0467956, "severity": "INFO", "name": "recommendationservice-server", "message": "[Recv ListRecommendations] product_ids=['1YMWWN1N4O', 'OLJCESPC7Z', '6E92ZMYYFZ', 'LS4PSXUNUM', '9SIQT8TOJO']"}
2026-08-21T07:54:39.550563180Z {"timestamp": 1787298879.5491934, "severity": "INFO", "name": "recommendationservice-server", "message": "[Recv ListRecommendations] product_ids=['6E92ZMYYFZ', '2ZYFJ3GM2N', 'OLJCESPC7Z', '66VCHSJNUP', '9SIQT8TOJO']"}
2026-08-21T07:54:40.103802381Z {"timestamp": 1787298880.1035168, "severity": "INFO", "name": "recommendationservice-server", "message": "[Recv ListRecommendations] product_ids=['L9ECAV7KIM', '6E92ZMYYFZ', '9SIQT8TOJO', 'LS4PSXUNUM', '2ZYFJ3GM2N']"}
2026-08-21T07:54:40.521357520Z {"timestamp": 1787298880.5210662, "severity": "INFO", "name": "recommendationservice-server", "message": "[Recv ListRecommendations] product_ids=['LS4PSXUNUM', 'L9ECAV7KIM', '2ZYFJ3GM2N', '66VCHSJNUP', 'OLJCESPC7Z']"}
2026-08-21T07:54:41.062012743Z {"timestamp": 1787298881.061073, "severity": "INFO", "name": "recommendationservice-server", "message": "[Recv ListRecommendations] product_ids=['L9ECAV7KIM', 'LS4PSXUNUM', 'OLJCESPC7Z', '0PUK6V6EV0', '6E92ZMYYFZ']"}
2026-08-21T07:54:42.750451299Z {"timestamp": 1787298882.7492826, "severity": "INFO", "name": "recommendationservice-server", "message": "[Recv ListRecommendations] product_ids=['2ZYFJ3GM2N', '9SIQT8TOJO', 'OLJCESPC7Z', '66VCHSJNUP', '1YMWWN1N4O']"}
2026-08-21T07:54:42.855710279Z {"timestamp": 1787298882.855201, "severity": "INFO", "name": "recommendationservice-server", "message": "[Recv ListRecommendations] product_ids=['9SIQT8TOJO', 'L9ECAV7KIM', '2ZYFJ3GM2N', '66VCHSJNUP', 'LS4PSXUNUM']"}
2026-08-21T07:54:43.006472648Z {"timestamp": 1787298883.006176, "severity": "INFO", "name": "recommendationservice-server", "message": "[Recv ListRecommendations] product_ids=['9SIQT8TOJO', '6E92ZMYYFZ', 'LS4PSXUNUM', '66VCHSJNUP', '0PUK6V6EV0']"}
2026-08-21T07:54:43.022860486Z {"timestamp": 1787298883.022465, "severity": "INFO", "name": "recommendationservice-server", "message": "[Recv ListRecommendations] product_ids=['LS4PSXUNUM', '6E92ZMYYFZ', '0PUK6V6EV0', 'OLJCESPC7Z', '66VCHSJNUP']"}
2026-08-21T07:54:43.488182887Z {"timestamp": 1787298883.4866645, "severity": "INFO", "name": "recommendationservice-server", "message": "[Recv ListRecommendations] product_ids=['6E92ZMYYFZ', 'LS4PSXUNUM', '0PUK6V6EV0', '2ZYFJ3GM2N', '9SIQT8TOJO']"}
2026-08-21T07:54:44.403228350Z {"timestamp": 1787298884.402488, "severity": "INFO", "name": "recommendationservice-server", "message": "[Recv ListRecommendations] product_ids=['L9ECAV7KIM', '66VCHSJNUP', 'OLJCESPC7Z', '1YMWWN1N4O', '6E92ZMYYFZ']"}
2026-08-21T07:54:44.671397867Z {"timestamp": 1787298884.670643, "severity": "INFO", "name": "recommendationservice-server", "message": "[Recv ListRecommendations] product_ids=['L9ECAV7KIM', 'OLJCESPC7Z', 'LS4PSXUNUM', '0PUK6V6EV0', '6E92ZMYYFZ']"}
2026-08-21T07:54:45.107187910Z {"timestamp": 1787298885.1062398, "severity": "INFO", "name": "recommendationservice-server", "message": "[Recv ListRecommendations] product_ids=['OLJCESPC7Z', '2ZYFJ3GM2N', '9SIQT8TOJO', '66VCHSJNUP', 'L9ECAV7KIM']"}
2026-08-21T07:54:45.214530016Z {"timestamp": 1787298885.2136767, "severity": "INFO", "name": "recommendationservice-server", "message": "[Recv ListRecommendations] product_ids=['1YMWWN1N4O', '66VCHSJNUP', '0PUK6V6EV0', '9SIQT8TOJO', 'OLJCESPC7Z']"}
2026-08-21T07:54:45.683830121Z {"timestamp": 1787298885.6829007, "severity": "INFO", "name": "recommendationservice-server", "message": "[Recv ListRecommendations] product_ids=['L9ECAV7KIM', '6E92ZMYYFZ', '2ZYFJ3GM2N', '1YMWWN1N4O', '0PUK6V6EV0']"}
2026-08-21T07:54:45.736877816Z {"timestamp": 1787298885.736129, "severity": "INFO", "name": "recommendationservice-server", "message": "[Recv ListRecommendations] product_ids=['OLJCESPC7Z', '9SIQT8TOJO', '66VCHSJNUP', 'LS4PSXUNUM', '0PUK6V6EV0']"}
2026-08-21T07:54:45.788609679Z {"timestamp": 1787298885.7877789, "severity": "INFO", "name": "recommendationservice-server", "message": "[Recv ListRecommendations] product_ids=['2ZYFJ3GM2N', '6E92ZMYYFZ', 'LS4PSXUNUM', '9SIQT8TOJO', '1YMWWN1N4O']"}
2026-08-21T07:54:45.934210646Z {"timestamp": 1787298885.9335399, "severity": "INFO", "name": "recommendationservice-server", "message": "[Recv ListRecommendations] product_ids=['L9ECAV7KIM', '1YMWWN1N4O', '0PUK6V6EV0', 'LS4PSXUNUM', '9SIQT8TOJO']"}
2026-08-21T07:54:46.795002766Z {"timestamp": 1787298886.7939222, "severity": "INFO", "name": "recommendationservice-server", "message": "[Recv ListRecommendations] product_ids=['OLJCESPC7Z', '2ZYFJ3GM2N', 'L9ECAV7KIM', '1YMWWN1N4O', '0PUK6V6EV0']"}
2026-08-21T07:54:48.320553036Z {"timestamp": 1787298888.3196561, "severity": "INFO", "name": "recommendationservice-server", "message": "[Recv ListRecommendations] product_ids=['OLJCESPC7Z', '1YMWWN1N4O', '0PUK6V6EV0', '2ZYFJ3GM2N', '6E92ZMYYFZ']"}
2026-08-21T07:54:48.429452082Z {"timestamp": 1787298888.4291472, "severity": "INFO", "name": "recommendationservice-server", "message": "[Recv ListRecommendations] product_ids=['2ZYFJ3GM2N', '66VCHSJNUP', '6E92ZMYYFZ', 'L9ECAV7KIM', 'LS4PSXUNUM']"}
2026-08-21T07:54:49.139723282Z {"timestamp": 1787298889.135322, "severity": "INFO", "name": "recommendationservice-server", "message": "[Recv ListRecommendations] product_ids=['66VCHSJNUP', '1YMWWN1N4O', '2ZYFJ3GM2N', 'LS4PSXUNUM', '6E92ZMYYFZ']"}
2026-08-21T07:54:49.190308933Z {"timestamp": 1787298889.1885478, "severity": "INFO", "name": "recommendationservice-server", "message": "[Recv ListRecommendations] product_ids=['9SIQT8TOJO', '6E92ZMYYFZ', '0PUK6V6EV0', '66VCHSJNUP', 'LS4PSXUNUM']"}
2026-08-21T07:54:49.290929932Z {"timestamp": 1787298889.2900186, "severity": "INFO", "name": "recommendationservice-server", "message": "[Recv ListRecommendations] product_ids=['9SIQT8TOJO', '2ZYFJ3GM2N', 'LS4PSXUNUM', '66VCHSJNUP', '1YMWWN1N4O']"}
2026-08-21T07:54:49.420139172Z {"timestamp": 1787298889.4194822, "severity": "INFO", "name": "recommendationservice-server", "message": "[Recv ListRecommendations] product_ids=['1YMWWN1N4O', '0PUK6V6EV0', 'L9ECAV7KIM', '2ZYFJ3GM2N', '6E92ZMYYFZ']"}
2026-08-21T07:54:49.861208677Z {"timestamp": 1787298889.8604808, "severity": "INFO", "name": "recommendationservice-server", "message": "[Recv ListRecommendations] product_ids=['1YMWWN1N4O', '6E92ZMYYFZ', 'L9ECAV7KIM', '66VCHSJNUP', 'LS4PSXUNUM']"}
2026-08-21T07:54:49.937864298Z {"timestamp": 1787298889.937356, "severity": "INFO", "name": "recommendationservice-server", "message": "[Recv ListRecommendations] product_ids=['6E92ZMYYFZ', 'LS4PSXUNUM', '1YMWWN1N4O', '66VCHSJNUP', '9SIQT8TOJO']"}
2026-08-21T07:54:49.943607672Z {"timestamp": 1787298889.9425428, "severity": "INFO", "name": "recommendationservice-server", "message": "[Recv ListRecommendations] product_ids=['9SIQT8TOJO', '1YMWWN1N4O', 'L9ECAV7KIM', 'OLJCESPC7Z', '2ZYFJ3GM2N']"}
2026-08-21T07:54:50.031391472Z {"timestamp": 1787298890.0310392, "severity": "INFO", "name": "recommendationservice-server", "message": "[Recv ListRecommendations] product_ids=['OLJCESPC7Z', '1YMWWN1N4O', '66VCHSJNUP', 'LS4PSXUNUM', 'L9ECAV7KIM']"}
2026-08-21T07:54:50.739116096Z {"timestamp": 1787298890.7385883, "severity": "INFO", "name": "recommendationservice-server", "message": "[Recv ListRecommendations] product_ids=['6E92ZMYYFZ', '9SIQT8TOJO', '66VCHSJNUP', 'LS4PSXUNUM', 'OLJCESPC7Z']"}
2026-08-21T07:54:51.029289009Z {"timestamp": 1787298891.0282454, "severity": "INFO", "name": "recommendationservice-server", "message": "[Recv ListRecommendations] product_ids=['LS4PSXUNUM', 'L9ECAV7KIM', '0PUK6V6EV0', '1YMWWN1N4O', '2ZYFJ3GM2N']"}
2026-08-21T07:54:51.093062224Z {"timestamp": 1787298891.0920525, "severity": "INFO", "name": "recommendationservice-server", "message": "[Recv ListRecommendations] product_ids=['6E92ZMYYFZ', '66VCHSJNUP', 'LS4PSXUNUM', '2ZYFJ3GM2N', '0PUK6V6EV0']"}
2026-08-21T07:54:51.187037582Z {"timestamp": 1787298891.186677, "severity": "INFO", "name": "recommendationservice-server", "message": "[Recv ListRecommendations] product_ids=['1YMWWN1N4O', '2ZYFJ3GM2N', 'L9ECAV7KIM', 'OLJCESPC7Z', '0PUK6V6EV0']"}
2026-08-21T07:54:51.188345226Z {"timestamp": 1787298891.1880026, "severity": "INFO", "name": "recommendationservice-server", "message": "[Recv ListRecommendations] product_ids=['LS4PSXUNUM', 'L9ECAV7KIM', '9SIQT8TOJO', '0PUK6V6EV0', 'OLJCESPC7Z']"}
2026-08-21T07:54:51.484909633Z {"timestamp": 1787298891.4842043, "severity": "INFO", "name": "recommendationservice-server", "message": "[Recv ListRecommendations] product_ids=['0PUK6V6EV0', 'LS4PSXUNUM', 'L9ECAV7KIM', '9SIQT8TOJO', '66VCHSJNUP']"}
2026-08-21T07:54:51.521208315Z {"timestamp": 1787298891.520826, "severity": "INFO", "name": "recommendationservice-server", "message": "[Recv ListRecommendations] product_ids=['2ZYFJ3GM2N', '66VCHSJNUP', '1YMWWN1N4O', '6E92ZMYYFZ', 'LS4PSXUNUM']"}
2026-08-21T07:54:51.806530021Z {"timestamp": 1787298891.8052247, "severity": "INFO", "name": "recommendationservice-server", "message": "[Recv ListRecommendations] product_ids=['L9ECAV7KIM', '0PUK6V6EV0', '66VCHSJNUP', '2ZYFJ3GM2N', '6E92ZMYYFZ']"}
2026-08-21T07:54:51.941426524Z {"timestamp": 1787298891.9408069, "severity": "INFO", "name": "recommendationservice-server", "message": "[Recv ListRecommendations] product_ids=['6E92ZMYYFZ', 'LS4PSXUNUM', '1YMWWN1N4O', 'OLJCESPC7Z', 'L9ECAV7KIM']"}
2026-08-21T07:54:52.593580666Z {"timestamp": 1787298892.592558, "severity": "INFO", "name": "recommendationservice-server", "message": "[Recv ListRecommendations] product_ids=['OLJCESPC7Z', '6E92ZMYYFZ', '9SIQT8TOJO', 'L9ECAV7KIM', 'LS4PSXUNUM']"}
2026-08-21T07:54:52.737648182Z {"timestamp": 1787298892.7367713, "severity": "INFO", "name": "recommendationservice-server", "message": "[Recv ListRecommendations] product_ids=['9SIQT8TOJO', 'LS4PSXUNUM', '2ZYFJ3GM2N', 'L9ECAV7KIM', '0PUK6V6EV0']"}
2026-08-21T07:54:53.800941338Z {"timestamp": 1787298893.8000095, "severity": "INFO", "name": "recommendationservice-server", "message": "[Recv ListRecommendations] product_ids=['LS4PSXUNUM', '6E92ZMYYFZ', '2ZYFJ3GM2N', '9SIQT8TOJO', 'L9ECAV7KIM']"}
2026-08-21T07:54:54.228152353Z {"timestamp": 1787298894.227666, "severity": "INFO", "name": "recommendationservice-server", "message": "[Recv ListRecommendations] product_ids=['OLJCESPC7Z', '2ZYFJ3GM2N', '0PUK6V6EV0', '6E92ZMYYFZ', '1YMWWN1N4O']"}
2026-08-21T07:54:54.632326965Z {"timestamp": 1787298894.6313317, "severity": "INFO", "name": "recommendationservice-server", "message": "[Recv ListRecommendations] product_ids=['L9ECAV7KIM', '0PUK6V6EV0', '6E92ZMYYFZ', 'LS4PSXUNUM', 'OLJCESPC7Z']"}
2026-08-21T07:54:55.609641036Z {"timestamp": 1787298895.6087344, "severity": "INFO", "name": "recommendationservice-server", "message": "[Recv ListRecommendations] product_ids=['1YMWWN1N4O', '9SIQT8TOJO', '2ZYFJ3GM2N', 'L9ECAV7KIM', '6E92ZMYYFZ']"}
2026-08-21T07:54:55.710336707Z {"timestamp": 1787298895.7091985, "severity": "INFO", "name": "recommendationservice-server", "message": "[Recv ListRecommendations] product_ids=['OLJCESPC7Z', '1YMWWN1N4O', 'L9ECAV7KIM', '9SIQT8TOJO', '66VCHSJNUP']"}
2026-08-21T07:54:56.478260218Z {"timestamp": 1787298896.4769244, "severity": "INFO", "name": "recommendationservice-server", "message": "[Recv ListRecommendations] product_ids=['9SIQT8TOJO', 'L9ECAV7KIM', '2ZYFJ3GM2N', '0PUK6V6EV0', 'LS4PSXUNUM']"}
2026-08-21T07:54:57.327259891Z {"timestamp": 1787298897.3257134, "severity": "INFO", "name": "recommendationservice-server", "message": "[Recv ListRecommendations] product_ids=['66VCHSJNUP', '6E92ZMYYFZ', '9SIQT8TOJO', '1YMWWN1N4O', '0PUK6V6EV0']"}
2026-08-21T07:54:57.795310951Z {"timestamp": 1787298897.792064, "severity": "INFO", "name": "recommendationservice-server", "message": "[Recv ListRecommendations] product_ids=['9SIQT8TOJO', '6E92ZMYYFZ', '1YMWWN1N4O', '66VCHSJNUP', 'L9ECAV7KIM']"}
2026-08-21T07:54:57.886037692Z {"timestamp": 1787298897.8854856, "severity": "INFO", "name": "recommendationservice-server", "message": "[Recv ListRecommendations] product_ids=['OLJCESPC7Z', '6E92ZMYYFZ', 'LS4PSXUNUM', '2ZYFJ3GM2N', '0PUK6V6EV0']"}
2026-08-21T07:54:57.934977797Z {"timestamp": 1787298897.9345088, "severity": "INFO", "name": "recommendationservice-server", "message": "[Recv ListRecommendations] product_ids=['OLJCESPC7Z', '66VCHSJNUP', 'LS4PSXUNUM', '6E92ZMYYFZ', '0PUK6V6EV0']"}
2026-08-21T07:54:58.191465851Z {"timestamp": 1787298898.1909757, "severity": "INFO", "name": "recommendationservice-server", "message": "[Recv ListRecommendations] product_ids=['L9ECAV7KIM', '9SIQT8TOJO', '6E92ZMYYFZ', '2ZYFJ3GM2N', '66VCHSJNUP']"}
2026-08-21T07:54:59.037963515Z {"timestamp": 1787298899.0368345, "severity": "INFO", "name": "recommendationservice-server", "message": "[Recv ListRecommendations] product_ids=['1YMWWN1N4O', 'L9ECAV7KIM', '9SIQT8TOJO', '0PUK6V6EV0', 'LS4PSXUNUM']"}
2026-08-21T07:54:59.386738965Z {"timestamp": 1787298899.3862996, "severity": "INFO", "name": "recommendationservice-server", "message": "[Recv ListRecommendations] product_ids=['1YMWWN1N4O', '6E92ZMYYFZ', '9SIQT8TOJO', '66VCHSJNUP', 'L9ECAV7KIM']"}
2026-08-21T07:54:59.674456028Z {"timestamp": 1787298899.6722806, "severity": "INFO", "name": "recommendationservice-server", "message": "[Recv ListRecommendations] product_ids=['2ZYFJ3GM2N', '6E92ZMYYFZ', '1YMWWN1N4O', '9SIQT8TOJO', '66VCHSJNUP']"}
2026-08-21T07:54:59.736204028Z {"timestamp": 1787298899.73507, "severity": "INFO", "name": "recommendationservice-server", "message": "[Recv ListRecommendations] product_ids=['9SIQT8TOJO', '2ZYFJ3GM2N', '6E92ZMYYFZ', 'LS4PSXUNUM', '0PUK6V6EV0']"}
2026-08-21T07:55:00.320561013Z {"timestamp": 1787298900.3201451, "severity": "INFO", "name": "recommendationservice-server", "message": "[Recv ListRecommendations] product_ids=['66VCHSJNUP', '2ZYFJ3GM2N', '6E92ZMYYFZ', 'LS4PSXUNUM', 'L9ECAV7KIM']"}
2026-08-21T07:55:00.336377500Z {"timestamp": 1787298900.3360546, "severity": "INFO", "name": "recommendationservice-server", "message": "[Recv ListRecommendations] product_ids=['2ZYFJ3GM2N', '1YMWWN1N4O', '6E92ZMYYFZ', 'LS4PSXUNUM', '66VCHSJNUP']"}
2026-08-21T07:55:00.367142933Z {"timestamp": 1787298900.3668005, "severity": "INFO", "name": "recommendationservice-server", "message": "[Recv ListRecommendations] product_ids=['1YMWWN1N4O', '2ZYFJ3GM2N', 'L9ECAV7KIM', '9SIQT8TOJO', '6E92ZMYYFZ']"}
2026-08-21T07:55:00.989636456Z {"timestamp": 1787298900.988564, "severity": "INFO", "name": "recommendationservice-server", "message": "[Recv ListRecommendations] product_ids=['6E92ZMYYFZ', 'OLJCESPC7Z', 'LS4PSXUNUM', '9SIQT8TOJO', '0PUK6V6EV0']"}
2026-08-21T07:55:02.263456922Z {"timestamp": 1787298902.2625573, "severity": "INFO", "name": "recommendationservice-server", "message": "[Recv ListRecommendations] product_ids=['2ZYFJ3GM2N', '9SIQT8TOJO', 'OLJCESPC7Z', '66VCHSJNUP', '6E92ZMYYFZ']"}
2026-08-21T07:55:02.345663969Z {"timestamp": 1787298902.3451097, "severity": "INFO", "name": "recommendationservice-server", "message": "[Recv ListRecommendations] product_ids=['LS4PSXUNUM', 'L9ECAV7KIM', '0PUK6V6EV0', '6E92ZMYYFZ', '66VCHSJNUP']"}
2026-08-21T07:55:02.543565841Z {"timestamp": 1787298902.543211, "severity": "INFO", "name": "recommendationservice-server", "message": "[Recv ListRecommendations] product_ids=['9SIQT8TOJO', '1YMWWN1N4O', '2ZYFJ3GM2N', 'L9ECAV7KIM', 'OLJCESPC7Z']"}
2026-08-21T07:55:02.985254789Z {"timestamp": 1787298902.9845665, "severity": "INFO", "name": "recommendationservice-server", "message": "[Recv ListRecommendations] product_ids=['2ZYFJ3GM2N', '6E92ZMYYFZ', '0PUK6V6EV0', 'LS4PSXUNUM', '9SIQT8TOJO']"}
2026-08-21T07:55:03.010745258Z {"timestamp": 1787298903.010378, "severity": "INFO", "name": "recommendationservice-server", "message": "[Recv ListRecommendations] product_ids=['2ZYFJ3GM2N', '0PUK6V6EV0', '1YMWWN1N4O', '9SIQT8TOJO', 'OLJCESPC7Z']"}
2026-08-21T07:55:03.053502852Z {"timestamp": 1787298903.0532699, "severity": "INFO", "name": "recommendationservice-server", "message": "[Recv ListRecommendations] product_ids=['0PUK6V6EV0', 'L9ECAV7KIM', '1YMWWN1N4O', '66VCHSJNUP', 'OLJCESPC7Z']"}
2026-08-21T07:55:03.222505097Z {"timestamp": 1787298903.2219915, "severity": "INFO", "name": "recommendationservice-server", "message": "[Recv ListRecommendations] product_ids=['2ZYFJ3GM2N', '6E92ZMYYFZ', 'LS4PSXUNUM', '1YMWWN1N4O', '66VCHSJNUP']"}
2026-08-21T07:55:03.583783003Z {"timestamp": 1787298903.5832443, "severity": "INFO", "name": "recommendationservice-server", "message": "[Recv ListRecommendations] product_ids=['9SIQT8TOJO', 'L9ECAV7KIM', '1YMWWN1N4O', '66VCHSJNUP', '2ZYFJ3GM2N']"}
2026-08-21T07:55:04.478391819Z {"timestamp": 1787298904.477424, "severity": "INFO", "name": "recommendationservice-server", "message": "[Recv ListRecommendations] product_ids=['1YMWWN1N4O', 'LS4PSXUNUM', '0PUK6V6EV0', '66VCHSJNUP', 'OLJCESPC7Z']"}
2026-08-21T07:55:04.784662147Z {"timestamp": 1787298904.783038, "severity": "INFO", "name": "recommendationservice-server", "message": "[Recv ListRecommendations] product_ids=['1YMWWN1N4O', 'LS4PSXUNUM', '0PUK6V6EV0', 'OLJCESPC7Z', '9SIQT8TOJO']"}
2026-08-21T07:55:05.063629437Z {"timestamp": 1787298905.0629735, "severity": "INFO", "name": "recommendationservice-server", "message": "[Recv ListRecommendations] product_ids=['LS4PSXUNUM', '6E92ZMYYFZ', '66VCHSJNUP', 'L9ECAV7KIM', '0PUK6V6EV0']"}
2026-08-21T07:55:05.182680084Z {"timestamp": 1787298905.181628, "severity": "INFO", "name": "recommendationservice-server", "message": "[Recv ListRecommendations] product_ids=['2ZYFJ3GM2N', '1YMWWN1N4O', 'L9ECAV7KIM', 'OLJCESPC7Z', '66VCHSJNUP']"}
2026-08-21T07:55:05.276276973Z {"timestamp": 1787298905.274385, "severity": "INFO", "name": "recommendationservice-server", "message": "[Recv ListRecommendations] product_ids=['1YMWWN1N4O', 'LS4PSXUNUM', '0PUK6V6EV0', '2ZYFJ3GM2N', '66VCHSJNUP']"}
2026-08-21T07:55:06.615119731Z {"timestamp": 1787298906.614193, "severity": "INFO", "name": "recommendationservice-server", "message": "[Recv ListRecommendations] product_ids=['6E92ZMYYFZ', '9SIQT8TOJO', '66VCHSJNUP', 'L9ECAV7KIM', '2ZYFJ3GM2N']"}
2026-08-21T07:55:06.978089455Z {"timestamp": 1787298906.9771886, "severity": "INFO", "name": "recommendationservice-server", "message": "[Recv ListRecommendations] product_ids=['0PUK6V6EV0', 'L9ECAV7KIM', 'LS4PSXUNUM', '1YMWWN1N4O', 'OLJCESPC7Z']"}
2026-08-21T07:55:07.478374594Z {"timestamp": 1787298907.4775088, "severity": "INFO", "name": "recommendationservice-server", "message": "[Recv ListRecommendations] product_ids=['9SIQT8TOJO', '6E92ZMYYFZ', '1YMWWN1N4O', 'LS4PSXUNUM', '2ZYFJ3GM2N']"}
2026-08-21T07:55:07.731453659Z {"timestamp": 1787298907.7301238, "severity": "INFO", "name": "recommendationservice-server", "message": "[Recv ListRecommendations] product_ids=['LS4PSXUNUM', '0PUK6V6EV0', '9SIQT8TOJO', '66VCHSJNUP', '1YMWWN1N4O']"}
2026-08-21T07:55:07.836348760Z {"timestamp": 1787298907.8355148, "severity": "INFO", "name": "recommendationservice-server", "message": "[Recv ListRecommendations] product_ids=['L9ECAV7KIM', '0PUK6V6EV0', '66VCHSJNUP', '1YMWWN1N4O', 'LS4PSXUNUM']"}
2026-08-21T07:55:08.072539365Z {"timestamp": 1787298908.0720167, "severity": "INFO", "name": "recommendationservice-server", "message": "[Recv ListRecommendations] product_ids=['6E92ZMYYFZ', '1YMWWN1N4O', '9SIQT8TOJO', 'LS4PSXUNUM', 'L9ECAV7KIM']"}
2026-08-21T07:55:08.463177183Z {"timestamp": 1787298908.4627707, "severity": "INFO", "name": "recommendationservice-server", "message": "[Recv ListRecommendations] product_ids=['66VCHSJNUP', 'LS4PSXUNUM', '6E92ZMYYFZ', '9SIQT8TOJO', 'L9ECAV7KIM']"}
2026-08-21T07:55:08.727341128Z {"timestamp": 1787298908.726485, "severity": "INFO", "name": "recommendationservice-server", "message": "[Recv ListRecommendations] product_ids=['66VCHSJNUP', 'LS4PSXUNUM', '9SIQT8TOJO', 'OLJCESPC7Z', '1YMWWN1N4O']"}
2026-08-21T07:55:09.066148389Z {"timestamp": 1787298909.0649295, "severity": "INFO", "name": "recommendationservice-server", "message": "[Recv ListRecommendations] product_ids=['0PUK6V6EV0', '2ZYFJ3GM2N', 'OLJCESPC7Z', '66VCHSJNUP', '1YMWWN1N4O']"}
2026-08-21T07:55:09.510741986Z {"timestamp": 1787298909.5099175, "severity": "INFO", "name": "recommendationservice-server", "message": "[Recv ListRecommendations] product_ids=['OLJCESPC7Z', '1YMWWN1N4O', '2ZYFJ3GM2N', '9SIQT8TOJO', 'L9ECAV7KIM']"}
2026-08-21T07:55:09.582259527Z {"timestamp": 1787298909.5818312, "severity": "INFO", "name": "recommendationservice-server", "message": "[Recv ListRecommendations] product_ids=['1YMWWN1N4O', '9SIQT8TOJO', 'LS4PSXUNUM', 'L9ECAV7KIM', '2ZYFJ3GM2N']"}
2026-08-21T07:55:10.973872485Z {"timestamp": 1787298910.9730523, "severity": "INFO", "name": "recommendationservice-server", "message": "[Recv ListRecommendations] product_ids=['1YMWWN1N4O', '66VCHSJNUP', '9SIQT8TOJO', 'L9ECAV7KIM', 'OLJCESPC7Z']"}
2026-08-21T07:55:11.041540643Z {"timestamp": 1787298911.0392256, "severity": "INFO", "name": "recommendationservice-server", "message": "[Recv ListRecommendations] product_ids=['6E92ZMYYFZ', 'OLJCESPC7Z', '1YMWWN1N4O', '9SIQT8TOJO', '66VCHSJNUP']"}
2026-08-21T07:55:11.135265651Z {"timestamp": 1787298911.1346204, "severity": "INFO", "name": "recommendationservice-server", "message": "[Recv ListRecommendations] product_ids=['LS4PSXUNUM', '1YMWWN1N4O', 'OLJCESPC7Z', '6E92ZMYYFZ', '0PUK6V6EV0']"}
2026-08-21T07:55:11.501190234Z {"timestamp": 1787298911.4997635, "severity": "INFO", "name": "recommendationservice-server", "message": "[Recv ListRecommendations] product_ids=['9SIQT8TOJO', '66VCHSJNUP', 'LS4PSXUNUM', '6E92ZMYYFZ', '2ZYFJ3GM2N']"}
2026-08-21T07:55:11.884284792Z {"timestamp": 1787298911.882411, "severity": "INFO", "name": "recommendationservice-server", "message": "[Recv ListRecommendations] product_ids=['6E92ZMYYFZ', 'OLJCESPC7Z', 'L9ECAV7KIM', '1YMWWN1N4O', '66VCHSJNUP']"}
2026-08-21T07:55:11.911236005Z {"timestamp": 1787298911.9106765, "severity": "INFO", "name": "recommendationservice-server", "message": "[Recv ListRecommendations] product_ids=['L9ECAV7KIM', '2ZYFJ3GM2N', '6E92ZMYYFZ', 'LS4PSXUNUM', '1YMWWN1N4O']"}
2026-08-21T07:55:11.932668475Z {"timestamp": 1787298911.9321353, "severity": "INFO", "name": "recommendationservice-server", "message": "[Recv ListRecommendations] product_ids=['OLJCESPC7Z', '66VCHSJNUP', '2ZYFJ3GM2N', 'L9ECAV7KIM', '6E92ZMYYFZ']"}
2026-08-21T07:55:11.937953681Z {"timestamp": 1787298911.9373174, "severity": "INFO", "name": "recommendationservice-server", "message": "[Recv ListRecommendations] product_ids=['LS4PSXUNUM', 'L9ECAV7KIM', '2ZYFJ3GM2N', '66VCHSJNUP', 'OLJCESPC7Z']"}
2026-08-21T07:55:12.951728877Z {"timestamp": 1787298912.951447, "severity": "INFO", "name": "recommendationservice-server", "message": "[Recv ListRecommendations] product_ids=['0PUK6V6EV0', 'LS4PSXUNUM', '1YMWWN1N4O', '6E92ZMYYFZ', '66VCHSJNUP']"}
2026-08-21T07:55:13.258914052Z {"timestamp": 1787298913.2576816, "severity": "INFO", "name": "recommendationservice-server", "message": "[Recv ListRecommendations] product_ids=['L9ECAV7KIM', '6E92ZMYYFZ', '66VCHSJNUP', '1YMWWN1N4O', '2ZYFJ3GM2N']"}
2026-08-21T07:55:13.334191339Z {"timestamp": 1787298913.3335202, "severity": "INFO", "name": "recommendationservice-server", "message": "[Recv ListRecommendations] product_ids=['1YMWWN1N4O', 'OLJCESPC7Z', '2ZYFJ3GM2N', '6E92ZMYYFZ', 'LS4PSXUNUM']"}
2026-08-21T07:55:13.396936213Z {"timestamp": 1787298913.3952172, "severity": "INFO", "name": "recommendationservice-server", "message": "[Recv ListRecommendations] product_ids=['0PUK6V6EV0', '6E92ZMYYFZ', '9SIQT8TOJO', '1YMWWN1N4O', 'OLJCESPC7Z']"}
2026-08-21T07:55:13.612810754Z {"timestamp": 1787298913.6124272, "severity": "INFO", "name": "recommendationservice-server", "message": "[Recv ListRecommendations] product_ids=['LS4PSXUNUM', 'OLJCESPC7Z', '1YMWWN1N4O', '66VCHSJNUP', '9SIQT8TOJO']"}
2026-08-21T07:55:14.698486322Z {"timestamp": 1787298914.6979384, "severity": "INFO", "name": "recommendationservice-server", "message": "[Recv ListRecommendations] product_ids=['66VCHSJNUP', '6E92ZMYYFZ', 'L9ECAV7KIM', 'LS4PSXUNUM', '9SIQT8TOJO']"}
2026-08-21T07:55:14.929445565Z {"timestamp": 1787298914.928648, "severity": "INFO", "name": "recommendationservice-server", "message": "[Recv ListRecommendations] product_ids=['OLJCESPC7Z', '0PUK6V6EV0', '9SIQT8TOJO', 'LS4PSXUNUM', '2ZYFJ3GM2N']"}
2026-08-21T07:55:15.379685668Z {"timestamp": 1787298915.3780196, "severity": "INFO", "name": "recommendationservice-server", "message": "[Recv ListRecommendations] product_ids=['6E92ZMYYFZ', '9SIQT8TOJO', 'OLJCESPC7Z', 'L9ECAV7KIM', '1YMWWN1N4O']"}
2026-08-21T07:55:16.321474180Z {"timestamp": 1787298916.3204489, "severity": "INFO", "name": "recommendationservice-server", "message": "[Recv ListRecommendations] product_ids=['LS4PSXUNUM', '6E92ZMYYFZ', '2ZYFJ3GM2N', 'OLJCESPC7Z', '9SIQT8TOJO']"}
2026-08-21T07:55:16.772885762Z {"timestamp": 1787298916.771792, "severity": "INFO", "name": "recommendationservice-server", "message": "[Recv ListRecommendations] product_ids=['0PUK6V6EV0', '9SIQT8TOJO', 'L9ECAV7KIM', '6E92ZMYYFZ', '1YMWWN1N4O']"}
2026-08-21T07:55:17.315617480Z {"timestamp": 1787298917.3153243, "severity": "INFO", "name": "recommendationservice-server", "message": "[Recv ListRecommendations] product_ids=['LS4PSXUNUM', 'OLJCESPC7Z', '1YMWWN1N4O', 'L9ECAV7KIM', '66VCHSJNUP']"}
2026-08-21T07:55:17.818027344Z {"timestamp": 1787298917.8177216, "severity": "INFO", "name": "recommendationservice-server", "message": "[Recv ListRecommendations] product_ids=['9SIQT8TOJO', 'OLJCESPC7Z', '0PUK6V6EV0', 'L9ECAV7KIM', '2ZYFJ3GM2N']"}
2026-08-21T07:55:17.878971744Z {"timestamp": 1787298917.8784382, "severity": "INFO", "name": "recommendationservice-server", "message": "[Recv ListRecommendations] product_ids=['66VCHSJNUP', '0PUK6V6EV0', '1YMWWN1N4O', 'L9ECAV7KIM', 'LS4PSXUNUM']"}
2026-08-21T07:55:17.935468265Z {"timestamp": 1787298917.9350514, "severity": "INFO", "name": "recommendationservice-server", "message": "[Recv ListRecommendations] product_ids=['1YMWWN1N4O', '6E92ZMYYFZ', 'OLJCESPC7Z', '66VCHSJNUP', 'L9ECAV7KIM']"}
2026-08-21T07:55:18.176823694Z {"timestamp": 1787298918.1763926, "severity": "INFO", "name": "recommendationservice-server", "message": "[Recv ListRecommendations] product_ids=['1YMWWN1N4O', '66VCHSJNUP', '9SIQT8TOJO', '0PUK6V6EV0', 'OLJCESPC7Z']"}
2026-08-21T07:55:19.390098633Z {"timestamp": 1787298919.389409, "severity": "INFO", "name": "recommendationservice-server", "message": "[Recv ListRecommendations] product_ids=['LS4PSXUNUM', 'L9ECAV7KIM', '0PUK6V6EV0', '1YMWWN1N4O', '6E92ZMYYFZ']"}
2026-08-21T07:55:19.628107589Z {"timestamp": 1787298919.6273608, "severity": "INFO", "name": "recommendationservice-server", "message": "[Recv ListRecommendations] product_ids=['66VCHSJNUP', '1YMWWN1N4O', 'OLJCESPC7Z', 'LS4PSXUNUM', '2ZYFJ3GM2N']"}
2026-08-21T07:55:19.823627033Z {"timestamp": 1787298919.8230484, "severity": "INFO", "name": "recommendationservice-server", "message": "[Recv ListRecommendations] product_ids=['2ZYFJ3GM2N', 'LS4PSXUNUM', '1YMWWN1N4O', '0PUK6V6EV0', 'L9ECAV7KIM']"}
2026-08-21T07:55:20.714834221Z {"timestamp": 1787298920.7138274, "severity": "INFO", "name": "recommendationservice-server", "message": "[Recv ListRecommendations] product_ids=['LS4PSXUNUM', 'L9ECAV7KIM', '2ZYFJ3GM2N', 'OLJCESPC7Z', '9SIQT8TOJO']"}
2026-08-21T07:55:20.818109587Z {"timestamp": 1787298920.8172793, "severity": "INFO", "name": "recommendationservice-server", "message": "[Recv ListRecommendations] product_ids=['66VCHSJNUP', '1YMWWN1N4O', '9SIQT8TOJO', '0PUK6V6EV0', 'LS4PSXUNUM']"}
2026-08-21T07:55:20.928804122Z {"timestamp": 1787298920.9278116, "severity": "INFO", "name": "recommendationservice-server", "message": "[Recv ListRecommendations] product_ids=['LS4PSXUNUM', 'OLJCESPC7Z', '6E92ZMYYFZ', '0PUK6V6EV0', '1YMWWN1N4O']"}
2026-08-21T07:55:21.808041486Z {"timestamp": 1787298921.807092, "severity": "INFO", "name": "recommendationservice-server", "message": "[Recv ListRecommendations] product_ids=['0PUK6V6EV0', 'LS4PSXUNUM', '2ZYFJ3GM2N', '66VCHSJNUP', '1YMWWN1N4O']"}
2026-08-21T07:55:23.135154322Z {"timestamp": 1787298923.1343706, "severity": "INFO", "name": "recommendationservice-server", "message": "[Recv ListRecommendations] product_ids=['LS4PSXUNUM', '2ZYFJ3GM2N', 'OLJCESPC7Z', '6E92ZMYYFZ', '9SIQT8TOJO']"}
2026-08-21T07:55:23.420079936Z {"timestamp": 1787298923.418982, "severity": "INFO", "name": "recommendationservice-server", "message": "[Recv ListRecommendations] product_ids=['LS4PSXUNUM', '6E92ZMYYFZ', '2ZYFJ3GM2N', 'OLJCESPC7Z', '1YMWWN1N4O']"}
2026-08-21T07:55:23.997228716Z {"timestamp": 1787298923.9962823, "severity": "INFO", "name": "recommendationservice-server", "message": "[Recv ListRecommendations] product_ids=['OLJCESPC7Z', 'L9ECAV7KIM', 'LS4PSXUNUM', '9SIQT8TOJO', '2ZYFJ3GM2N']"}
2026-08-21T07:55:25.525426998Z {"timestamp": 1787298925.524699, "severity": "INFO", "name": "recommendationservice-server", "message": "[Recv ListRecommendations] product_ids=['0PUK6V6EV0', 'LS4PSXUNUM', '6E92ZMYYFZ', 'L9ECAV7KIM', '9SIQT8TOJO']"}
2026-08-21T07:55:26.173195443Z {"timestamp": 1787298926.1723018, "severity": "INFO", "name": "recommendationservice-server", "message": "[Recv ListRecommendations] product_ids=['6E92ZMYYFZ', '1YMWWN1N4O', 'LS4PSXUNUM', '2ZYFJ3GM2N', 'L9ECAV7KIM']"}
2026-08-21T07:55:27.226277432Z {"timestamp": 1787298927.2257717, "severity": "INFO", "name": "recommendationservice-server", "message": "[Recv ListRecommendations] product_ids=['OLJCESPC7Z', '1YMWWN1N4O', 'L9ECAV7KIM', '6E92ZMYYFZ', '66VCHSJNUP']"}
2026-08-21T07:55:27.231814929Z {"timestamp": 1787298927.2313704, "severity": "INFO", "name": "recommendationservice-server", "message": "[Recv ListRecommendations] product_ids=['2ZYFJ3GM2N', 'OLJCESPC7Z', '1YMWWN1N4O', '6E92ZMYYFZ', '0PUK6V6EV0']"}
2026-08-21T07:55:27.328711077Z {"timestamp": 1787298927.3284318, "severity": "INFO", "name": "recommendationservice-server", "message": "[Recv ListRecommendations] product_ids=['OLJCESPC7Z', '9SIQT8TOJO', '66VCHSJNUP', '0PUK6V6EV0', '6E92ZMYYFZ']"}
2026-08-21T07:55:27.330874589Z {"timestamp": 1787298927.3304658, "severity": "INFO", "name": "recommendationservice-server", "message": "[Recv ListRecommendations] product_ids=['6E92ZMYYFZ', '2ZYFJ3GM2N', '1YMWWN1N4O', 'OLJCESPC7Z', 'L9ECAV7KIM']"}
2026-08-21T07:55:27.337547649Z {"timestamp": 1787298927.3359623, "severity": "INFO", "name": "recommendationservice-server", "message": "[Recv ListRecommendations] product_ids=['LS4PSXUNUM', '6E92ZMYYFZ', '66VCHSJNUP', '9SIQT8TOJO', '1YMWWN1N4O']"}
2026-08-21T07:55:27.732707195Z {"timestamp": 1787298927.731825, "severity": "INFO", "name": "recommendationservice-server", "message": "[Recv ListRecommendations] product_ids=['L9ECAV7KIM', '9SIQT8TOJO', 'LS4PSXUNUM', '6E92ZMYYFZ', '0PUK6V6EV0']"}
2026-08-21T07:55:28.914258118Z {"timestamp": 1787298928.9130466, "severity": "INFO", "name": "recommendationservice-server", "message": "[Recv ListRecommendations] product_ids=['0PUK6V6EV0', '66VCHSJNUP', '9SIQT8TOJO', 'LS4PSXUNUM', '6E92ZMYYFZ']"}
2026-08-21T07:55:29.113910524Z {"timestamp": 1787298929.1134565, "severity": "INFO", "name": "recommendationservice-server", "message": "[Recv ListRecommendations] product_ids=['1YMWWN1N4O', '66VCHSJNUP', 'OLJCESPC7Z', '9SIQT8TOJO', '0PUK6V6EV0']"}
2026-08-21T07:55:29.769970076Z {"timestamp": 1787298929.7692566, "severity": "INFO", "name": "recommendationservice-server", "message": "[Recv ListRecommendations] product_ids=['1YMWWN1N4O', 'LS4PSXUNUM', 'OLJCESPC7Z', '0PUK6V6EV0', '9SIQT8TOJO']"}
2026-08-21T07:55:31.045400861Z {"timestamp": 1787298931.044832, "severity": "INFO", "name": "recommendationservice-server", "message": "[Recv ListRecommendations] product_ids=['2ZYFJ3GM2N', 'L9ECAV7KIM', '1YMWWN1N4O', 'LS4PSXUNUM', '66VCHSJNUP']"}
2026-08-21T07:55:31.658406360Z {"timestamp": 1787298931.6580186, "severity": "INFO", "name": "recommendationservice-server", "message": "[Recv ListRecommendations] product_ids=['L9ECAV7KIM', '2ZYFJ3GM2N', '66VCHSJNUP', 'LS4PSXUNUM', '9SIQT8TOJO']"}
2026-08-21T07:55:31.675644638Z {"timestamp": 1787298931.6752083, "severity": "INFO", "name": "recommendationservice-server", "message": "[Recv ListRecommendations] product_ids=['0PUK6V6EV0', '1YMWWN1N4O', 'OLJCESPC7Z', '9SIQT8TOJO', 'LS4PSXUNUM']"}
2026-08-21T07:55:31.751377054Z {"timestamp": 1787298931.7507706, "severity": "INFO", "name": "recommendationservice-server", "message": "[Recv ListRecommendations] product_ids=['6E92ZMYYFZ', '9SIQT8TOJO', '66VCHSJNUP', 'L9ECAV7KIM', '1YMWWN1N4O']"}
2026-08-21T07:55:31.836591174Z {"timestamp": 1787298931.8356574, "severity": "INFO", "name": "recommendationservice-server", "message": "[Recv ListRecommendations] product_ids=['LS4PSXUNUM', 'OLJCESPC7Z', '66VCHSJNUP', '0PUK6V6EV0', 'L9ECAV7KIM']"}
2026-08-21T07:55:32.142936392Z {"timestamp": 1787298932.142074, "severity": "INFO", "name": "recommendationservice-server", "message": "[Recv ListRecommendations] product_ids=['66VCHSJNUP', 'LS4PSXUNUM', '0PUK6V6EV0', '6E92ZMYYFZ', 'L9ECAV7KIM']"}
2026-08-21T07:55:33.286978033Z {"timestamp": 1787298933.286481, "severity": "INFO", "name": "recommendationservice-server", "message": "[Recv ListRecommendations] product_ids=['L9ECAV7KIM', '9SIQT8TOJO', '1YMWWN1N4O', '0PUK6V6EV0', '6E92ZMYYFZ']"}
2026-08-21T07:55:33.374703238Z {"timestamp": 1787298933.3743477, "severity": "INFO", "name": "recommendationservice-server", "message": "[Recv ListRecommendations] product_ids=['9SIQT8TOJO', 'LS4PSXUNUM', '0PUK6V6EV0', '66VCHSJNUP', '1YMWWN1N4O']"}
2026-08-21T07:55:34.081484352Z {"timestamp": 1787298934.0805988, "severity": "INFO", "name": "recommendationservice-server", "message": "[Recv ListRecommendations] product_ids=['L9ECAV7KIM', '0PUK6V6EV0', '1YMWWN1N4O', '9SIQT8TOJO', 'OLJCESPC7Z']"}
2026-08-21T07:55:34.218120985Z {"timestamp": 1787298934.2174666, "severity": "INFO", "name": "recommendationservice-server", "message": "[Recv ListRecommendations] product_ids=['9SIQT8TOJO', 'OLJCESPC7Z', '66VCHSJNUP', '0PUK6V6EV0', 'L9ECAV7KIM']"}
2026-08-21T07:55:35.204274014Z {"timestamp": 1787298935.2030385, "severity": "INFO", "name": "recommendationservice-server", "message": "[Recv ListRecommendations] product_ids=['L9ECAV7KIM', '9SIQT8TOJO', 'OLJCESPC7Z', '66VCHSJNUP', '1YMWWN1N4O']"}
2026-08-21T07:55:35.285906746Z {"timestamp": 1787298935.2852938, "severity": "INFO", "name": "recommendationservice-server", "message": "[Recv ListRecommendations] product_ids=['L9ECAV7KIM', '9SIQT8TOJO', '2ZYFJ3GM2N', '0PUK6V6EV0', '66VCHSJNUP']"}
2026-08-21T07:55:35.560217094Z {"timestamp": 1787298935.558999, "severity": "INFO", "name": "recommendationservice-server", "message": "[Recv ListRecommendations] product_ids=['L9ECAV7KIM', '9SIQT8TOJO', '66VCHSJNUP', 'LS4PSXUNUM', '0PUK6V6EV0']"}
2026-08-21T07:55:35.636060554Z {"timestamp": 1787298935.6355188, "severity": "INFO", "name": "recommendationservice-server", "message": "[Recv ListRecommendations] product_ids=['OLJCESPC7Z', '66VCHSJNUP', '6E92ZMYYFZ', '2ZYFJ3GM2N', 'L9ECAV7KIM']"}
2026-08-21T07:55:35.640526100Z {"timestamp": 1787298935.640086, "severity": "INFO", "name": "recommendationservice-server", "message": "[Recv ListRecommendations] product_ids=['66VCHSJNUP', '9SIQT8TOJO', '0PUK6V6EV0', 'OLJCESPC7Z', 'L9ECAV7KIM']"}
2026-08-21T07:55:36.144341410Z {"timestamp": 1787298936.143842, "severity": "INFO", "name": "recommendationservice-server", "message": "[Recv ListRecommendations] product_ids=['OLJCESPC7Z', '1YMWWN1N4O', 'L9ECAV7KIM', '2ZYFJ3GM2N', '66VCHSJNUP']"}
2026-08-21T07:55:36.611515424Z {"timestamp": 1787298936.610959, "severity": "INFO", "name": "recommendationservice-server", "message": "[Recv ListRecommendations] product_ids=['6E92ZMYYFZ', '0PUK6V6EV0', '1YMWWN1N4O', '66VCHSJNUP', '9SIQT8TOJO']"}
2026-08-21T07:55:36.874946795Z {"timestamp": 1787298936.8735976, "severity": "INFO", "name": "recommendationservice-server", "message": "[Recv ListRecommendations] product_ids=['66VCHSJNUP', '6E92ZMYYFZ', '9SIQT8TOJO', 'LS4PSXUNUM', '0PUK6V6EV0']"}
2026-08-21T07:55:37.032821110Z {"timestamp": 1787298937.0322835, "severity": "INFO", "name": "recommendationservice-server", "message": "[Recv ListRecommendations] product_ids=['0PUK6V6EV0', '1YMWWN1N4O', 'L9ECAV7KIM', '9SIQT8TOJO', 'OLJCESPC7Z']"}
2026-08-21T07:55:37.412760418Z {"timestamp": 1787298937.4123614, "severity": "INFO", "name": "recommendationservice-server", "message": "[Recv ListRecommendations] product_ids=['OLJCESPC7Z', '9SIQT8TOJO', '1YMWWN1N4O', '6E92ZMYYFZ', 'L9ECAV7KIM']"}
2026-08-21T07:55:38.141541239Z {"timestamp": 1787298938.1399996, "severity": "INFO", "name": "recommendationservice-server", "message": "[Recv ListRecommendations] product_ids=['66VCHSJNUP', 'L9ECAV7KIM', '0PUK6V6EV0', 'LS4PSXUNUM', '1YMWWN1N4O']"}
2026-08-21T07:55:38.250619603Z {"timestamp": 1787298938.2502594, "severity": "INFO", "name": "recommendationservice-server", "message": "[Recv ListRecommendations] product_ids=['66VCHSJNUP', 'OLJCESPC7Z', '6E92ZMYYFZ', '0PUK6V6EV0', 'LS4PSXUNUM']"}
2026-08-21T07:55:39.284885172Z {"timestamp": 1787298939.2834387, "severity": "INFO", "name": "recommendationservice-server", "message": "[Recv ListRecommendations] product_ids=['9SIQT8TOJO', 'L9ECAV7KIM', '1YMWWN1N4O', '6E92ZMYYFZ', 'LS4PSXUNUM']"}
2026-08-21T07:55:39.773221245Z {"timestamp": 1787298939.772542, "severity": "INFO", "name": "recommendationservice-server", "message": "[Recv ListRecommendations] product_ids=['1YMWWN1N4O', 'L9ECAV7KIM', '66VCHSJNUP', '9SIQT8TOJO', '6E92ZMYYFZ']"}
2026-08-21T07:55:40.529154090Z {"timestamp": 1787298940.5288508, "severity": "INFO", "name": "recommendationservice-server", "message": "[Recv ListRecommendations] product_ids=['1YMWWN1N4O', '66VCHSJNUP', '2ZYFJ3GM2N', 'LS4PSXUNUM', '9SIQT8TOJO']"}
2026-08-21T07:55:40.547616158Z {"timestamp": 1787298940.54725, "severity": "INFO", "name": "recommendationservice-server", "message": "[Recv ListRecommendations] product_ids=['9SIQT8TOJO', 'L9ECAV7KIM', '2ZYFJ3GM2N', 'LS4PSXUNUM', '6E92ZMYYFZ']"}
2026-08-21T07:55:40.579525970Z {"timestamp": 1787298940.5790107, "severity": "INFO", "name": "recommendationservice-server", "message": "[Recv ListRecommendations] product_ids=['2ZYFJ3GM2N', '1YMWWN1N4O', '66VCHSJNUP', 'LS4PSXUNUM', '0PUK6V6EV0']"}
2026-08-21T07:55:40.635970727Z {"timestamp": 1787298940.635652, "severity": "INFO", "name": "recommendationservice-server", "message": "[Recv ListRecommendations] product_ids=['9SIQT8TOJO', '0PUK6V6EV0', '66VCHSJNUP', 'OLJCESPC7Z', '2ZYFJ3GM2N']"}
2026-08-21T07:55:40.644290730Z {"timestamp": 1787298940.6439412, "severity": "INFO", "name": "recommendationservice-server", "message": "[Recv ListRecommendations] product_ids=['2ZYFJ3GM2N', '9SIQT8TOJO', '1YMWWN1N4O', '0PUK6V6EV0', 'LS4PSXUNUM']"}
2026-08-21T07:55:41.117570127Z {"timestamp": 1787298941.1167865, "severity": "INFO", "name": "recommendationservice-server", "message": "[Recv ListRecommendations] product_ids=['66VCHSJNUP', '1YMWWN1N4O', 'LS4PSXUNUM', '0PUK6V6EV0', 'OLJCESPC7Z']"}
2026-08-21T07:55:41.333981802Z {"timestamp": 1787298941.3328583, "severity": "INFO", "name": "recommendationservice-server", "message": "[Recv ListRecommendations] product_ids=['L9ECAV7KIM', 'LS4PSXUNUM', '66VCHSJNUP', '1YMWWN1N4O', '6E92ZMYYFZ']"}
2026-08-21T07:55:41.830582569Z {"timestamp": 1787298941.829732, "severity": "INFO", "name": "recommendationservice-server", "message": "[Recv ListRecommendations] product_ids=['2ZYFJ3GM2N', '0PUK6V6EV0', 'OLJCESPC7Z', '1YMWWN1N4O', '9SIQT8TOJO']"}
2026-08-21T07:55:41.930131056Z {"timestamp": 1787298941.9291687, "severity": "INFO", "name": "recommendationservice-server", "message": "[Recv ListRecommendations] product_ids=['6E92ZMYYFZ', '2ZYFJ3GM2N', 'LS4PSXUNUM', 'OLJCESPC7Z', '0PUK6V6EV0']"}
2026-08-21T07:55:42.015859045Z {"timestamp": 1787298942.0151062, "severity": "INFO", "name": "recommendationservice-server", "message": "[Recv ListRecommendations] product_ids=['2ZYFJ3GM2N', '9SIQT8TOJO', '0PUK6V6EV0', '66VCHSJNUP', '6E92ZMYYFZ']"}
2026-08-21T07:55:43.014028897Z {"timestamp": 1787298943.0136337, "severity": "INFO", "name": "recommendationservice-server", "message": "[Recv ListRecommendations] product_ids=['1YMWWN1N4O', 'OLJCESPC7Z', '6E92ZMYYFZ', '2ZYFJ3GM2N', 'LS4PSXUNUM']"}
2026-08-21T07:55:43.032296137Z {"timestamp": 1787298943.0317438, "severity": "INFO", "name": "recommendationservice-server", "message": "[Recv ListRecommendations] product_ids=['0PUK6V6EV0', 'L9ECAV7KIM', '6E92ZMYYFZ', '9SIQT8TOJO', 'OLJCESPC7Z']"}
2026-08-21T07:55:43.073856444Z {"timestamp": 1787298943.0735667, "severity": "INFO", "name": "recommendationservice-server", "message": "[Recv ListRecommendations] product_ids=['6E92ZMYYFZ', 'L9ECAV7KIM', '9SIQT8TOJO', '66VCHSJNUP', 'LS4PSXUNUM']"}
2026-08-21T07:55:43.669299601Z {"timestamp": 1787298943.668218, "severity": "INFO", "name": "recommendationservice-server", "message": "[Recv ListRecommendations] product_ids=['6E92ZMYYFZ', 'OLJCESPC7Z', '0PUK6V6EV0', '66VCHSJNUP', '2ZYFJ3GM2N']"}
2026-08-21T07:55:43.789264437Z {"timestamp": 1787298943.7881997, "severity": "INFO", "name": "recommendationservice-server", "message": "[Recv ListRecommendations] product_ids=['66VCHSJNUP', 'OLJCESPC7Z', '2ZYFJ3GM2N', '0PUK6V6EV0', '9SIQT8TOJO']"}
2026-08-21T07:55:44.760267887Z {"timestamp": 1787298944.7594056, "severity": "INFO", "name": "recommendationservice-server", "message": "[Recv ListRecommendations] product_ids=['2ZYFJ3GM2N', '1YMWWN1N4O', '9SIQT8TOJO', 'OLJCESPC7Z', '6E92ZMYYFZ']"}
2026-08-21T07:55:44.829102863Z {"timestamp": 1787298944.8286378, "severity": "INFO", "name": "recommendationservice-server", "message": "[Recv ListRecommendations] product_ids=['66VCHSJNUP', '2ZYFJ3GM2N', '6E92ZMYYFZ', 'OLJCESPC7Z', 'L9ECAV7KIM']"}
2026-08-21T07:55:44.895014307Z {"timestamp": 1787298944.894576, "severity": "INFO", "name": "recommendationservice-server", "message": "[Recv ListRecommendations] product_ids=['2ZYFJ3GM2N', '1YMWWN1N4O', '6E92ZMYYFZ', 'LS4PSXUNUM', '9SIQT8TOJO']"}
2026-08-21T07:55:46.020900155Z {"timestamp": 1787298946.0201907, "severity": "INFO", "name": "recommendationservice-server", "message": "[Recv ListRecommendations] product_ids=['LS4PSXUNUM', '0PUK6V6EV0', '66VCHSJNUP', '1YMWWN1N4O', '6E92ZMYYFZ']"}
2026-08-21T07:55:46.158938362Z {"timestamp": 1787298946.1583467, "severity": "INFO", "name": "recommendationservice-server", "message": "[Recv ListRecommendations] product_ids=['0PUK6V6EV0', 'L9ECAV7KIM', 'OLJCESPC7Z', '1YMWWN1N4O', 'LS4PSXUNUM']"}
2026-08-21T07:55:46.224516657Z {"timestamp": 1787298946.2239358, "severity": "INFO", "name": "recommendationservice-server", "message": "[Recv ListRecommendations] product_ids=['LS4PSXUNUM', '9SIQT8TOJO', '0PUK6V6EV0', 'OLJCESPC7Z', '2ZYFJ3GM2N']"}
2026-08-21T07:55:46.835314456Z {"timestamp": 1787298946.8342657, "severity": "INFO", "name": "recommendationservice-server", "message": "[Recv ListRecommendations] product_ids=['2ZYFJ3GM2N', 'LS4PSXUNUM', '66VCHSJNUP', '6E92ZMYYFZ', '9SIQT8TOJO']"}
2026-08-21T07:55:46.846044342Z {"timestamp": 1787298946.8452117, "severity": "INFO", "name": "recommendationservice-server", "message": "[Recv ListRecommendations] product_ids=['OLJCESPC7Z', '2ZYFJ3GM2N', 'LS4PSXUNUM', '1YMWWN1N4O', '9SIQT8TOJO']"}
2026-08-21T07:55:47.053174463Z {"timestamp": 1787298947.0522301, "severity": "INFO", "name": "recommendationservice-server", "message": "[Recv ListRecommendations] product_ids=['9SIQT8TOJO', '6E92ZMYYFZ', '66VCHSJNUP', 'L9ECAV7KIM', 'LS4PSXUNUM']"}
2026-08-21T07:55:47.690155033Z {"timestamp": 1787298947.6887014, "severity": "INFO", "name": "recommendationservice-server", "message": "[Recv ListRecommendations] product_ids=['1YMWWN1N4O', '66VCHSJNUP', 'L9ECAV7KIM', '0PUK6V6EV0', '6E92ZMYYFZ']"}
2026-08-21T07:55:48.183382250Z {"timestamp": 1787298948.182776, "severity": "INFO", "name": "recommendationservice-server", "message": "[Recv ListRecommendations] product_ids=['9SIQT8TOJO', '0PUK6V6EV0', '6E92ZMYYFZ', '2ZYFJ3GM2N', '66VCHSJNUP']"}
2026-08-21T07:55:48.529632739Z {"timestamp": 1787298948.529341, "severity": "INFO", "name": "recommendationservice-server", "message": "[Recv ListRecommendations] product_ids=['66VCHSJNUP', 'OLJCESPC7Z', '6E92ZMYYFZ', '1YMWWN1N4O', 'L9ECAV7KIM']"}
2026-08-21T07:55:48.569739768Z {"timestamp": 1787298948.5693858, "severity": "INFO", "name": "recommendationservice-server", "message": "[Recv ListRecommendations] product_ids=['0PUK6V6EV0', '66VCHSJNUP', 'L9ECAV7KIM', '1YMWWN1N4O', 'OLJCESPC7Z']"}
2026-08-21T07:55:49.778912729Z {"timestamp": 1787298949.7782633, "severity": "INFO", "name": "recommendationservice-server", "message": "[Recv ListRecommendations] product_ids=['L9ECAV7KIM', '6E92ZMYYFZ', '1YMWWN1N4O', '66VCHSJNUP', '0PUK6V6EV0']"}
2026-08-21T07:55:50.890247225Z {"timestamp": 1787298950.8895624, "severity": "INFO", "name": "recommendationservice-server", "message": "[Recv ListRecommendations] product_ids=['2ZYFJ3GM2N', '1YMWWN1N4O', '0PUK6V6EV0', '9SIQT8TOJO', 'OLJCESPC7Z']"}
2026-08-21T07:55:51.426702733Z {"timestamp": 1787298951.4256465, "severity": "INFO", "name": "recommendationservice-server", "message": "[Recv ListRecommendations] product_ids=['0PUK6V6EV0', '1YMWWN1N4O', '2ZYFJ3GM2N', '66VCHSJNUP', 'LS4PSXUNUM']"}
2026-08-21T07:55:52.814659614Z {"timestamp": 1787298952.813996, "severity": "INFO", "name": "recommendationservice-server", "message": "[Recv ListRecommendations] product_ids=['9SIQT8TOJO', 'L9ECAV7KIM', 'LS4PSXUNUM', '6E92ZMYYFZ', 'OLJCESPC7Z']"}
2026-08-21T07:55:53.272457671Z {"timestamp": 1787298953.2711217, "severity": "INFO", "name": "recommendationservice-server", "message": "[Recv ListRecommendations] product_ids=['2ZYFJ3GM2N', 'OLJCESPC7Z', '0PUK6V6EV0', '1YMWWN1N4O', '9SIQT8TOJO']"}
2026-08-21T07:55:53.330335489Z {"timestamp": 1787298953.3299901, "severity": "INFO", "name": "recommendationservice-server", "message": "[Recv ListRecommendations] product_ids=['L9ECAV7KIM', '66VCHSJNUP', 'LS4PSXUNUM', '6E92ZMYYFZ', '9SIQT8TOJO']"}
2026-08-21T07:55:53.386007175Z {"timestamp": 1787298953.3845613, "severity": "INFO", "name": "recommendationservice-server", "message": "[Recv ListRecommendations] product_ids=['LS4PSXUNUM', '0PUK6V6EV0', '1YMWWN1N4O', '9SIQT8TOJO', 'OLJCESPC7Z']"}
2026-08-21T07:55:54.386059812Z {"timestamp": 1787298954.384932, "severity": "INFO", "name": "recommendationservice-server", "message": "[Recv ListRecommendations] product_ids=['1YMWWN1N4O', '9SIQT8TOJO', 'LS4PSXUNUM', '2ZYFJ3GM2N', 'OLJCESPC7Z']"}
2026-08-21T07:55:54.619284642Z {"timestamp": 1787298954.6187575, "severity": "INFO", "name": "recommendationservice-server", "message": "[Recv ListRecommendations] product_ids=['1YMWWN1N4O', 'L9ECAV7KIM', 'OLJCESPC7Z', '9SIQT8TOJO', '0PUK6V6EV0']"}
2026-08-21T07:55:55.001944582Z {"timestamp": 1787298955.0008745, "severity": "INFO", "name": "recommendationservice-server", "message": "[Recv ListRecommendations] product_ids=['6E92ZMYYFZ', '0PUK6V6EV0', '1YMWWN1N4O', '66VCHSJNUP', 'L9ECAV7KIM']"}
2026-08-21T07:55:55.770571159Z {"timestamp": 1787298955.7695253, "severity": "INFO", "name": "recommendationservice-server", "message": "[Recv ListRecommendations] product_ids=['1YMWWN1N4O', '2ZYFJ3GM2N', 'LS4PSXUNUM', '9SIQT8TOJO', 'OLJCESPC7Z']"}
2026-08-21T07:55:56.215263242Z {"timestamp": 1787298956.2143774, "severity": "INFO", "name": "recommendationservice-server", "message": "[Recv ListRecommendations] product_ids=['9SIQT8TOJO', '0PUK6V6EV0', 'OLJCESPC7Z', '2ZYFJ3GM2N', 'L9ECAV7KIM']"}
2026-08-21T07:55:56.293730862Z {"timestamp": 1787298956.2930017, "severity": "INFO", "name": "recommendationservice-server", "message": "[Recv ListRecommendations] product_ids=['LS4PSXUNUM', 'OLJCESPC7Z', '66VCHSJNUP', '9SIQT8TOJO', 'L9ECAV7KIM']"}
2026-08-21T07:55:57.551170268Z {"timestamp": 1787298957.5505278, "severity": "INFO", "name": "recommendationservice-server", "message": "[Recv ListRecommendations] product_ids=['LS4PSXUNUM', '9SIQT8TOJO', '0PUK6V6EV0', '66VCHSJNUP', '6E92ZMYYFZ']"}
2026-08-21T07:55:57.564145923Z {"timestamp": 1787298957.56234, "severity": "INFO", "name": "recommendationservice-server", "message": "[Recv ListRecommendations] product_ids=['2ZYFJ3GM2N', '66VCHSJNUP', '9SIQT8TOJO', 'LS4PSXUNUM', 'OLJCESPC7Z']"}
2026-08-21T07:55:58.137342163Z {"timestamp": 1787298958.1367676, "severity": "INFO", "name": "recommendationservice-server", "message": "[Recv ListRecommendations] product_ids=['LS4PSXUNUM', '2ZYFJ3GM2N', 'OLJCESPC7Z', '1YMWWN1N4O', '66VCHSJNUP']"}
2026-08-21T07:55:58.158363729Z {"timestamp": 1787298958.1577473, "severity": "INFO", "name": "recommendationservice-server", "message": "[Recv ListRecommendations] product_ids=['OLJCESPC7Z', '66VCHSJNUP', 'LS4PSXUNUM', '9SIQT8TOJO', '6E92ZMYYFZ']"}
2026-08-21T07:55:59.280989529Z {"timestamp": 1787298959.2801735, "severity": "INFO", "name": "recommendationservice-server", "message": "[Recv ListRecommendations] product_ids=['6E92ZMYYFZ', '66VCHSJNUP', '9SIQT8TOJO', '1YMWWN1N4O', '0PUK6V6EV0']"}
2026-08-21T07:55:59.607552610Z {"timestamp": 1787298959.6067133, "severity": "INFO", "name": "recommendationservice-server", "message": "[Recv ListRecommendations] product_ids=['2ZYFJ3GM2N', 'L9ECAV7KIM', '9SIQT8TOJO', '0PUK6V6EV0', 'LS4PSXUNUM']"}
2026-08-21T07:55:59.691554340Z {"timestamp": 1787298959.6906414, "severity": "INFO", "name": "recommendationservice-server", "message": "[Recv ListRecommendations] product_ids=['0PUK6V6EV0', 'OLJCESPC7Z', 'L9ECAV7KIM', '9SIQT8TOJO']"}
2026-08-21T07:56:00.575043329Z {"timestamp": 1787298960.5745924, "severity": "INFO", "name": "recommendationservice-server", "message": "[Recv ListRecommendations] product_ids=['2ZYFJ3GM2N', '66VCHSJNUP', '0PUK6V6EV0', 'LS4PSXUNUM', '1YMWWN1N4O']"}
2026-08-21T07:56:00.577676816Z {"timestamp": 1787298960.5762112, "severity": "INFO", "name": "recommendationservice-server", "message": "[Recv ListRecommendations] product_ids=['9SIQT8TOJO', '1YMWWN1N4O', '0PUK6V6EV0', 'LS4PSXUNUM', '2ZYFJ3GM2N']"}
2026-08-21T07:56:00.587831506Z {"timestamp": 1787298960.5872333, "severity": "INFO", "name": "recommendationservice-server", "message": "[Recv ListRecommendations] product_ids=['1YMWWN1N4O', '66VCHSJNUP', '9SIQT8TOJO', '6E92ZMYYFZ', 'LS4PSXUNUM']"}
2026-08-21T07:56:00.990466410Z {"timestamp": 1787298960.98975, "severity": "INFO", "name": "recommendationservice-server", "message": "[Recv ListRecommendations] product_ids=['1YMWWN1N4O', '2ZYFJ3GM2N', '66VCHSJNUP', '0PUK6V6EV0', 'LS4PSXUNUM']"}
2026-08-21T07:56:01.284747353Z {"timestamp": 1787298961.28411, "severity": "INFO", "name": "recommendationservice-server", "message": "[Recv ListRecommendations] product_ids=['6E92ZMYYFZ', '0PUK6V6EV0', 'OLJCESPC7Z', '2ZYFJ3GM2N', 'L9ECAV7KIM']"}
2026-08-21T07:56:01.481149483Z {"timestamp": 1787298961.4805403, "severity": "INFO", "name": "recommendationservice-server", "message": "[Recv ListRecommendations] product_ids=['1YMWWN1N4O', 'OLJCESPC7Z', '0PUK6V6EV0', '9SIQT8TOJO', '66VCHSJNUP']"}
2026-08-21T07:56:01.989276772Z {"timestamp": 1787298961.9887078, "severity": "INFO", "name": "recommendationservice-server", "message": "[Recv ListRecommendations] product_ids=['LS4PSXUNUM', '9SIQT8TOJO', '2ZYFJ3GM2N', 'OLJCESPC7Z', '6E92ZMYYFZ']"}
2026-08-21T07:56:02.743390270Z {"timestamp": 1787298962.742671, "severity": "INFO", "name": "recommendationservice-server", "message": "[Recv ListRecommendations] product_ids=['66VCHSJNUP', '6E92ZMYYFZ', '0PUK6V6EV0', 'OLJCESPC7Z', '1YMWWN1N4O']"}
2026-08-21T07:56:02.952066302Z {"timestamp": 1787298962.9516225, "severity": "INFO", "name": "recommendationservice-server", "message": "[Recv ListRecommendations] product_ids=['1YMWWN1N4O', 'OLJCESPC7Z', '0PUK6V6EV0', '6E92ZMYYFZ', '66VCHSJNUP']"}
2026-08-21T07:56:04.637435200Z {"timestamp": 1787298964.6365302, "severity": "INFO", "name": "recommendationservice-server", "message": "[Recv ListRecommendations] product_ids=['LS4PSXUNUM', 'L9ECAV7KIM', '2ZYFJ3GM2N', 'OLJCESPC7Z', '9SIQT8TOJO']"}
2026-08-21T07:56:05.017967758Z {"timestamp": 1787298965.0169692, "severity": "INFO", "name": "recommendationservice-server", "message": "[Recv ListRecommendations] product_ids=['9SIQT8TOJO', 'L9ECAV7KIM', '66VCHSJNUP', '2ZYFJ3GM2N', '0PUK6V6EV0']"}
2026-08-21T07:56:05.084574136Z {"timestamp": 1787298965.0839648, "severity": "INFO", "name": "recommendationservice-server", "message": "[Recv ListRecommendations] product_ids=['LS4PSXUNUM', '66VCHSJNUP', 'L9ECAV7KIM', '2ZYFJ3GM2N', '1YMWWN1N4O']"}
2026-08-21T07:56:05.190146733Z {"timestamp": 1787298965.1898005, "severity": "INFO", "name": "recommendationservice-server", "message": "[Recv ListRecommendations] product_ids=['9SIQT8TOJO', 'L9ECAV7KIM', '0PUK6V6EV0', '66VCHSJNUP', '6E92ZMYYFZ']"}
2026-08-21T07:56:05.689992506Z {"timestamp": 1787298965.6888251, "severity": "INFO", "name": "recommendationservice-server", "message": "[Recv ListRecommendations] product_ids=['1YMWWN1N4O', '9SIQT8TOJO', '6E92ZMYYFZ', 'LS4PSXUNUM', 'L9ECAV7KIM']"}
2026-08-21T07:56:05.780833441Z {"timestamp": 1787298965.7801912, "severity": "INFO", "name": "recommendationservice-server", "message": "[Recv ListRecommendations] product_ids=['66VCHSJNUP', 'OLJCESPC7Z', '6E92ZMYYFZ', '2ZYFJ3GM2N', 'L9ECAV7KIM']"}
2026-08-21T07:56:05.801715806Z {"timestamp": 1787298965.8011308, "severity": "INFO", "name": "recommendationservice-server", "message": "[Recv ListRecommendations] product_ids=['1YMWWN1N4O', '9SIQT8TOJO', 'L9ECAV7KIM', 'OLJCESPC7Z', '66VCHSJNUP']"}
2026-08-21T07:56:06.328839983Z {"timestamp": 1787298966.328237, "severity": "INFO", "name": "recommendationservice-server", "message": "[Recv ListRecommendations] product_ids=['L9ECAV7KIM', '66VCHSJNUP', '1YMWWN1N4O', '6E92ZMYYFZ', '0PUK6V6EV0']"}
2026-08-21T07:56:06.977282969Z {"timestamp": 1787298966.976394, "severity": "INFO", "name": "recommendationservice-server", "message": "[Recv ListRecommendations] product_ids=['OLJCESPC7Z', '6E92ZMYYFZ', '66VCHSJNUP', '2ZYFJ3GM2N', 'LS4PSXUNUM']"}
2026-08-21T07:56:07.445788542Z {"timestamp": 1787298967.4450686, "severity": "INFO", "name": "recommendationservice-server", "message": "[Recv ListRecommendations] product_ids=['LS4PSXUNUM', 'L9ECAV7KIM', '1YMWWN1N4O', 'OLJCESPC7Z', '66VCHSJNUP']"}
2026-08-21T07:56:07.566715093Z {"timestamp": 1787298967.5659876, "severity": "INFO", "name": "recommendationservice-server", "message": "[Recv ListRecommendations] product_ids=['6E92ZMYYFZ', '1YMWWN1N4O', 'OLJCESPC7Z', '0PUK6V6EV0', 'LS4PSXUNUM']"}
2026-08-21T07:56:07.625948874Z {"timestamp": 1787298967.625291, "severity": "INFO", "name": "recommendationservice-server", "message": "[Recv ListRecommendations] product_ids=['2ZYFJ3GM2N', 'L9ECAV7KIM', '9SIQT8TOJO', '1YMWWN1N4O', 'LS4PSXUNUM']"}
2026-08-21T07:56:08.117683522Z {"timestamp": 1787298968.117285, "severity": "INFO", "name": "recommendationservice-server", "message": "[Recv ListRecommendations] product_ids=['9SIQT8TOJO', 'LS4PSXUNUM', '6E92ZMYYFZ', 'OLJCESPC7Z', '1YMWWN1N4O']"}
2026-08-21T07:56:08.138229379Z {"timestamp": 1787298968.1378236, "severity": "INFO", "name": "recommendationservice-server", "message": "[Recv ListRecommendations] product_ids=['9SIQT8TOJO', '6E92ZMYYFZ', '1YMWWN1N4O', 'OLJCESPC7Z', '2ZYFJ3GM2N']"}
