2026-08-15T18:23:14.494834367Z {"timestamp": 1786818194.4944263, "severity": "INFO", "name": "recommendationservice-server", "message": "initializing recommendationservice"}
2026-08-15T18:23:14.494894570Z {"timestamp": 1786818194.494606, "severity": "INFO", "name": "recommendationservice-server", "message": "Profiler enabled."}
2026-08-15T18:23:14.588452263Z {"timestamp": 1786818194.5881147, "severity": "INFO", "name": "recommendationservice-server", "message": "product catalog address: 127.0.0.1:3551"}
2026-08-15T18:23:14.596910705Z {"timestamp": 1786818194.5966518, "severity": "INFO", "name": "recommendationservice-server", "message": "listening on port: 8080"}
2026-08-15T18:23:25.343016624Z {"timestamp": 1786818205.3427024, "severity": "INFO", "name": "recommendationservice-server", "message": "[Recv ListRecommendations] product_ids=['1YMWWN1N4O', '66VCHSJNUP', 'LS4PSXUNUM', '0PUK6V6EV0', '2ZYFJ3GM2N']"}
2026-08-15T18:23:25.346855321Z {"timestamp": 1786818205.3465948, "severity": "INFO", "name": "recommendationservice-server", "message": "[Recv ListRecommendations] product_ids=['OLJCESPC7Z', '0PUK6V6EV0', '2ZYFJ3GM2N', 'L9ECAV7KIM', '66VCHSJNUP']"}
2026-08-15T18:23:25.347981478Z {"timestamp": 1786818205.3477044, "severity": "INFO", "name": "recommendationservice-server", "message": "[Recv ListRecommendations] product_ids=['6E92ZMYYFZ', 'LS4PSXUNUM', '2ZYFJ3GM2N', '9SIQT8TOJO', '66VCHSJNUP']"}
2026-08-15T18:23:25.598333968Z {"timestamp": 1786818205.5971758, "severity": "INFO", "name": "recommendationservice-server", "message": "[Recv ListRecommendations] product_ids=['L9ECAV7KIM', '9SIQT8TOJO', '2ZYFJ3GM2N', '1YMWWN1N4O', '66VCHSJNUP']"}
2026-08-15T18:23:25.648923153Z {"timestamp": 1786818205.648504, "severity": "INFO", "name": "recommendationservice-server", "message": "[Recv ListRecommendations] product_ids=['1YMWWN1N4O', '66VCHSJNUP', '0PUK6V6EV0', 'LS4PSXUNUM', '2ZYFJ3GM2N']"}
2026-08-15T18:23:26.273898582Z {"timestamp": 1786818206.2735848, "severity": "INFO", "name": "recommendationservice-server", "message": "[Recv ListRecommendations] product_ids=['1YMWWN1N4O', 'L9ECAV7KIM', 'LS4PSXUNUM', '2ZYFJ3GM2N', 'OLJCESPC7Z']"}
2026-08-15T18:23:26.350896516Z {"timestamp": 1786818206.3506086, "severity": "INFO", "name": "recommendationservice-server", "message": "[Recv ListRecommendations] product_ids=['LS4PSXUNUM', '1YMWWN1N4O', '2ZYFJ3GM2N', '6E92ZMYYFZ', 'L9ECAV7KIM']"}
2026-08-15T18:23:26.694134251Z {"timestamp": 1786818206.6937006, "severity": "INFO", "name": "recommendationservice-server", "message": "[Recv ListRecommendations] product_ids=['2ZYFJ3GM2N', 'L9ECAV7KIM', '9SIQT8TOJO', 'OLJCESPC7Z', '0PUK6V6EV0']"}
2026-08-15T18:23:27.547611455Z {"timestamp": 1786818207.547235, "severity": "INFO", "name": "recommendationservice-server", "message": "[Recv ListRecommendations] product_ids=['L9ECAV7KIM', '66VCHSJNUP', '6E92ZMYYFZ', '9SIQT8TOJO', '1YMWWN1N4O']"}
2026-08-15T18:23:28.213151256Z {"timestamp": 1786818208.212546, "severity": "INFO", "name": "recommendationservice-server", "message": "[Recv ListRecommendations] product_ids=['L9ECAV7KIM', '2ZYFJ3GM2N', '66VCHSJNUP', 'OLJCESPC7Z', '0PUK6V6EV0']"}
2026-08-15T18:23:28.432311953Z {"timestamp": 1786818208.431752, "severity": "INFO", "name": "recommendationservice-server", "message": "[Recv ListRecommendations] product_ids=['66VCHSJNUP', '6E92ZMYYFZ', '2ZYFJ3GM2N', 'LS4PSXUNUM', '9SIQT8TOJO']"}
2026-08-15T18:23:30.355978831Z {"timestamp": 1786818210.355526, "severity": "INFO", "name": "recommendationservice-server", "message": "[Recv ListRecommendations] product_ids=['66VCHSJNUP', 'L9ECAV7KIM', 'OLJCESPC7Z', '6E92ZMYYFZ', '9SIQT8TOJO']"}
2026-08-15T18:23:30.380069419Z {"timestamp": 1786818210.3796594, "severity": "INFO", "name": "recommendationservice-server", "message": "[Recv ListRecommendations] product_ids=['9SIQT8TOJO', 'L9ECAV7KIM', 'OLJCESPC7Z', '2ZYFJ3GM2N', '66VCHSJNUP']"}
2026-08-15T18:23:30.695067849Z {"timestamp": 1786818210.6947055, "severity": "INFO", "name": "recommendationservice-server", "message": "[Recv ListRecommendations] product_ids=['66VCHSJNUP', '0PUK6V6EV0', 'L9ECAV7KIM', 'OLJCESPC7Z', '6E92ZMYYFZ']"}
2026-08-15T18:23:33.110816875Z {"timestamp": 1786818213.1103716, "severity": "INFO", "name": "recommendationservice-server", "message": "[Recv ListRecommendations] product_ids=['1YMWWN1N4O', 'L9ECAV7KIM', '0PUK6V6EV0', 'LS4PSXUNUM', '9SIQT8TOJO']"}
2026-08-15T18:23:33.521065007Z {"timestamp": 1786818213.520704, "severity": "INFO", "name": "recommendationservice-server", "message": "[Recv ListRecommendations] product_ids=['L9ECAV7KIM', '0PUK6V6EV0', 'LS4PSXUNUM', '1YMWWN1N4O', '9SIQT8TOJO']"}
2026-08-15T18:23:33.702046682Z {"timestamp": 1786818213.7016273, "severity": "INFO", "name": "recommendationservice-server", "message": "[Recv ListRecommendations] product_ids=['1YMWWN1N4O', '0PUK6V6EV0', '2ZYFJ3GM2N', 'OLJCESPC7Z', '6E92ZMYYFZ']"}
2026-08-15T18:23:33.991576161Z {"timestamp": 1786818213.9911337, "severity": "INFO", "name": "recommendationservice-server", "message": "[Recv ListRecommendations] product_ids=['66VCHSJNUP', '2ZYFJ3GM2N', '1YMWWN1N4O', 'LS4PSXUNUM', 'L9ECAV7KIM']"}
2026-08-15T18:23:34.822247385Z {"timestamp": 1786818214.821493, "severity": "INFO", "name": "recommendationservice-server", "message": "[Recv ListRecommendations] product_ids=['9SIQT8TOJO', '6E92ZMYYFZ', '0PUK6V6EV0', '66VCHSJNUP', 'OLJCESPC7Z']"}
2026-08-15T18:23:34.910753183Z {"timestamp": 1786818214.9103577, "severity": "INFO", "name": "recommendationservice-server", "message": "[Recv ListRecommendations] product_ids=['LS4PSXUNUM', 'OLJCESPC7Z', '0PUK6V6EV0', '2ZYFJ3GM2N', '9SIQT8TOJO']"}
2026-08-15T18:23:35.545473355Z {"timestamp": 1786818215.5451467, "severity": "INFO", "name": "recommendationservice-server", "message": "[Recv ListRecommendations] product_ids=['6E92ZMYYFZ', '66VCHSJNUP', '9SIQT8TOJO', 'L9ECAV7KIM', '0PUK6V6EV0']"}
2026-08-15T18:23:36.416945022Z {"timestamp": 1786818216.4166627, "severity": "INFO", "name": "recommendationservice-server", "message": "[Recv ListRecommendations] product_ids=['6E92ZMYYFZ', '66VCHSJNUP', '2ZYFJ3GM2N', 'LS4PSXUNUM', '9SIQT8TOJO']"}
2026-08-15T18:23:36.431648286Z {"timestamp": 1786818216.4313312, "severity": "INFO", "name": "recommendationservice-server", "message": "[Recv ListRecommendations] product_ids=['2ZYFJ3GM2N', '66VCHSJNUP', 'LS4PSXUNUM', '9SIQT8TOJO', 'L9ECAV7KIM']"}
2026-08-15T18:23:37.035717574Z {"timestamp": 1786818217.0351412, "severity": "INFO", "name": "recommendationservice-server", "message": "[Recv ListRecommendations] product_ids=['L9ECAV7KIM', 'OLJCESPC7Z', '6E92ZMYYFZ', '9SIQT8TOJO', '66VCHSJNUP']"}
2026-08-15T18:23:37.609568980Z {"timestamp": 1786818217.609295, "severity": "INFO", "name": "recommendationservice-server", "message": "[Recv ListRecommendations] product_ids=['9SIQT8TOJO', '0PUK6V6EV0', '2ZYFJ3GM2N', '6E92ZMYYFZ', 'OLJCESPC7Z']"}
2026-08-15T18:23:37.821259335Z {"timestamp": 1786818217.8209393, "severity": "INFO", "name": "recommendationservice-server", "message": "[Recv ListRecommendations] product_ids=['0PUK6V6EV0', '6E92ZMYYFZ', 'L9ECAV7KIM', 'LS4PSXUNUM', '9SIQT8TOJO']"}
2026-08-15T18:23:37.837522737Z {"timestamp": 1786818217.8371809, "severity": "INFO", "name": "recommendationservice-server", "message": "[Recv ListRecommendations] product_ids=['L9ECAV7KIM', '9SIQT8TOJO', '0PUK6V6EV0', '66VCHSJNUP', '2ZYFJ3GM2N']"}
2026-08-15T18:23:38.207096876Z {"timestamp": 1786818218.2068393, "severity": "INFO", "name": "recommendationservice-server", "message": "[Recv ListRecommendations] product_ids=['L9ECAV7KIM', '1YMWWN1N4O', '9SIQT8TOJO', 'LS4PSXUNUM', '0PUK6V6EV0']"}
2026-08-15T18:23:38.876784737Z {"timestamp": 1786818218.8762105, "severity": "INFO", "name": "recommendationservice-server", "message": "[Recv ListRecommendations] product_ids=['LS4PSXUNUM', '66VCHSJNUP', '0PUK6V6EV0', '2ZYFJ3GM2N', 'L9ECAV7KIM']"}
2026-08-15T18:23:39.397520039Z {"timestamp": 1786818219.3970976, "severity": "INFO", "name": "recommendationservice-server", "message": "[Recv ListRecommendations] product_ids=['L9ECAV7KIM', '6E92ZMYYFZ', '66VCHSJNUP', '1YMWWN1N4O', '2ZYFJ3GM2N']"}
2026-08-15T18:23:40.374917524Z {"timestamp": 1786818220.3745596, "severity": "INFO", "name": "recommendationservice-server", "message": "[Recv ListRecommendations] product_ids=['1YMWWN1N4O', 'L9ECAV7KIM', '9SIQT8TOJO', 'LS4PSXUNUM', '2ZYFJ3GM2N']"}
2026-08-15T18:23:40.393759765Z {"timestamp": 1786818220.393394, "severity": "INFO", "name": "recommendationservice-server", "message": "[Recv ListRecommendations] product_ids=['2ZYFJ3GM2N', 'OLJCESPC7Z', 'L9ECAV7KIM', '6E92ZMYYFZ', 'LS4PSXUNUM']"}
2026-08-15T18:23:41.045924607Z {"timestamp": 1786818221.045548, "severity": "INFO", "name": "recommendationservice-server", "message": "[Recv ListRecommendations] product_ids=['2ZYFJ3GM2N', '66VCHSJNUP', '9SIQT8TOJO', '1YMWWN1N4O', 'OLJCESPC7Z']"}
2026-08-15T18:23:43.022504090Z {"timestamp": 1786818223.0220888, "severity": "INFO", "name": "recommendationservice-server", "message": "[Recv ListRecommendations] product_ids=['9SIQT8TOJO', '6E92ZMYYFZ', 'L9ECAV7KIM', '1YMWWN1N4O', '0PUK6V6EV0']"}
2026-08-15T18:23:43.279277809Z {"timestamp": 1786818223.2788808, "severity": "INFO", "name": "recommendationservice-server", "message": "[Recv ListRecommendations] product_ids=['LS4PSXUNUM', 'L9ECAV7KIM', '66VCHSJNUP', '0PUK6V6EV0', '6E92ZMYYFZ']"}
2026-08-15T18:23:44.531900018Z {"timestamp": 1786818224.5315425, "severity": "INFO", "name": "recommendationservice-server", "message": "[Recv ListRecommendations] product_ids=['6E92ZMYYFZ', '0PUK6V6EV0', 'OLJCESPC7Z', '1YMWWN1N4O', 'L9ECAV7KIM']"}
2026-08-15T18:23:44.819533876Z {"timestamp": 1786818224.819169, "severity": "INFO", "name": "recommendationservice-server", "message": "[Recv ListRecommendations] product_ids=['66VCHSJNUP', '6E92ZMYYFZ', 'OLJCESPC7Z', '9SIQT8TOJO', '2ZYFJ3GM2N']"}
2026-08-15T18:23:44.964689359Z {"timestamp": 1786818224.9644058, "severity": "INFO", "name": "recommendationservice-server", "message": "[Recv ListRecommendations] product_ids=['OLJCESPC7Z', '1YMWWN1N4O', '6E92ZMYYFZ', 'L9ECAV7KIM', '0PUK6V6EV0']"}
2026-08-15T18:23:45.353490601Z {"timestamp": 1786818225.3531344, "severity": "INFO", "name": "recommendationservice-server", "message": "[Recv ListRecommendations] product_ids=['LS4PSXUNUM', '0PUK6V6EV0', '9SIQT8TOJO', '2ZYFJ3GM2N', '1YMWWN1N4O']"}
2026-08-15T18:23:45.374188667Z {"timestamp": 1786818225.3738105, "severity": "INFO", "name": "recommendationservice-server", "message": "[Recv ListRecommendations] product_ids=['6E92ZMYYFZ', 'OLJCESPC7Z', '0PUK6V6EV0', '1YMWWN1N4O', '2ZYFJ3GM2N']"}
2026-08-15T18:23:45.732884596Z {"timestamp": 1786818225.7324688, "severity": "INFO", "name": "recommendationservice-server", "message": "[Recv ListRecommendations] product_ids=['9SIQT8TOJO', '0PUK6V6EV0', '1YMWWN1N4O', 'OLJCESPC7Z', '2ZYFJ3GM2N']"}
2026-08-15T18:23:46.176059264Z {"timestamp": 1786818226.1757631, "severity": "INFO", "name": "recommendationservice-server", "message": "[Recv ListRecommendations] product_ids=['6E92ZMYYFZ', '66VCHSJNUP', '9SIQT8TOJO', '1YMWWN1N4O', 'LS4PSXUNUM']"}
2026-08-15T18:23:47.087174928Z {"timestamp": 1786818227.0862527, "severity": "INFO", "name": "recommendationservice-server", "message": "[Recv ListRecommendations] product_ids=['0PUK6V6EV0', '1YMWWN1N4O', '9SIQT8TOJO', '6E92ZMYYFZ', '66VCHSJNUP']"}
2026-08-15T18:23:47.190643018Z {"timestamp": 1786818227.1898582, "severity": "INFO", "name": "recommendationservice-server", "message": "[Recv ListRecommendations] product_ids=['2ZYFJ3GM2N', '0PUK6V6EV0', 'LS4PSXUNUM', '66VCHSJNUP', '1YMWWN1N4O']"}
2026-08-15T18:23:47.650908941Z {"timestamp": 1786818227.6505299, "severity": "INFO", "name": "recommendationservice-server", "message": "[Recv ListRecommendations] product_ids=['66VCHSJNUP', '0PUK6V6EV0', '6E92ZMYYFZ', 'LS4PSXUNUM', '9SIQT8TOJO']"}
2026-08-15T18:23:47.783852750Z {"timestamp": 1786818227.7835038, "severity": "INFO", "name": "recommendationservice-server", "message": "[Recv ListRecommendations] product_ids=['0PUK6V6EV0', 'OLJCESPC7Z', '6E92ZMYYFZ', 'L9ECAV7KIM', '1YMWWN1N4O']"}
2026-08-15T18:23:48.980086522Z {"timestamp": 1786818228.9797156, "severity": "INFO", "name": "recommendationservice-server", "message": "[Recv ListRecommendations] product_ids=['2ZYFJ3GM2N', 'LS4PSXUNUM', '6E92ZMYYFZ', 'L9ECAV7KIM', '9SIQT8TOJO']"}
2026-08-15T18:23:50.085265470Z {"timestamp": 1786818230.0847037, "severity": "INFO", "name": "recommendationservice-server", "message": "[Recv ListRecommendations] product_ids=['6E92ZMYYFZ', '1YMWWN1N4O', '0PUK6V6EV0', '9SIQT8TOJO', 'L9ECAV7KIM']"}
2026-08-15T18:23:51.289791853Z {"timestamp": 1786818231.2893531, "severity": "INFO", "name": "recommendationservice-server", "message": "[Recv ListRecommendations] product_ids=['LS4PSXUNUM', '1YMWWN1N4O', '6E92ZMYYFZ', '9SIQT8TOJO', '0PUK6V6EV0']"}
2026-08-15T18:23:51.764250953Z {"timestamp": 1786818231.7638679, "severity": "INFO", "name": "recommendationservice-server", "message": "[Recv ListRecommendations] product_ids=['6E92ZMYYFZ', '66VCHSJNUP', 'L9ECAV7KIM', 'OLJCESPC7Z', '1YMWWN1N4O']"}
2026-08-15T18:23:51.798518069Z {"timestamp": 1786818231.798119, "severity": "INFO", "name": "recommendationservice-server", "message": "[Recv ListRecommendations] product_ids=['9SIQT8TOJO', '2ZYFJ3GM2N', 'OLJCESPC7Z', '6E92ZMYYFZ', 'L9ECAV7KIM']"}
2026-08-15T18:23:53.158015822Z {"timestamp": 1786818233.1576517, "severity": "INFO", "name": "recommendationservice-server", "message": "[Recv ListRecommendations] product_ids=['OLJCESPC7Z', 'L9ECAV7KIM', '2ZYFJ3GM2N', '1YMWWN1N4O', '6E92ZMYYFZ']"}
2026-08-15T18:23:53.294141429Z {"timestamp": 1786818233.293585, "severity": "INFO", "name": "recommendationservice-server", "message": "[Recv ListRecommendations] product_ids=['2ZYFJ3GM2N', '6E92ZMYYFZ', '9SIQT8TOJO', 'L9ECAV7KIM', '66VCHSJNUP']"}
2026-08-15T18:23:54.336916302Z {"timestamp": 1786818234.336194, "severity": "INFO", "name": "recommendationservice-server", "message": "[Recv ListRecommendations] product_ids=['OLJCESPC7Z', '2ZYFJ3GM2N', 'LS4PSXUNUM', '1YMWWN1N4O', 'L9ECAV7KIM']"}
2026-08-15T18:23:55.292445168Z {"timestamp": 1786818235.2919595, "severity": "INFO", "name": "recommendationservice-server", "message": "[Recv ListRecommendations] product_ids=['66VCHSJNUP', 'L9ECAV7KIM', '1YMWWN1N4O', 'LS4PSXUNUM', '6E92ZMYYFZ']"}
2026-08-15T18:23:55.394244681Z {"timestamp": 1786818235.393813, "severity": "INFO", "name": "recommendationservice-server", "message": "[Recv ListRecommendations] product_ids=['9SIQT8TOJO', '0PUK6V6EV0', 'OLJCESPC7Z', '66VCHSJNUP', 'LS4PSXUNUM']"}
2026-08-15T18:23:55.847620141Z {"timestamp": 1786818235.847158, "severity": "INFO", "name": "recommendationservice-server", "message": "[Recv ListRecommendations] product_ids=['6E92ZMYYFZ', '66VCHSJNUP', 'OLJCESPC7Z', '9SIQT8TOJO', '0PUK6V6EV0']"}
2026-08-15T18:23:56.532809300Z {"timestamp": 1786818236.532253, "severity": "INFO", "name": "recommendationservice-server", "message": "[Recv ListRecommendations] product_ids=['2ZYFJ3GM2N', '6E92ZMYYFZ', 'OLJCESPC7Z', '0PUK6V6EV0', 'LS4PSXUNUM']"}
2026-08-15T18:23:58.280197791Z {"timestamp": 1786818238.2793372, "severity": "INFO", "name": "recommendationservice-server", "message": "[Recv ListRecommendations] product_ids=['OLJCESPC7Z', 'L9ECAV7KIM', '0PUK6V6EV0', '66VCHSJNUP', '9SIQT8TOJO']"}
2026-08-15T18:23:59.022473628Z {"timestamp": 1786818239.0220509, "severity": "INFO", "name": "recommendationservice-server", "message": "[Recv ListRecommendations] product_ids=['OLJCESPC7Z', '9SIQT8TOJO', 'L9ECAV7KIM', '66VCHSJNUP', '2ZYFJ3GM2N']"}
2026-08-15T18:23:59.322056863Z {"timestamp": 1786818239.3216763, "severity": "INFO", "name": "recommendationservice-server", "message": "[Recv ListRecommendations] product_ids=['9SIQT8TOJO', '2ZYFJ3GM2N', '66VCHSJNUP', 'OLJCESPC7Z', 'LS4PSXUNUM']"}
2026-08-15T18:24:01.950446104Z {"timestamp": 1786818241.9500237, "severity": "INFO", "name": "recommendationservice-server", "message": "[Recv ListRecommendations] product_ids=['OLJCESPC7Z', '9SIQT8TOJO', 'LS4PSXUNUM', '66VCHSJNUP', '2ZYFJ3GM2N']"}
2026-08-15T18:24:02.003717157Z {"timestamp": 1786818242.0031965, "severity": "INFO", "name": "recommendationservice-server", "message": "[Recv ListRecommendations] product_ids=['1YMWWN1N4O', '6E92ZMYYFZ', 'LS4PSXUNUM', '66VCHSJNUP', '9SIQT8TOJO']"}
2026-08-15T18:24:02.044332256Z {"timestamp": 1786818242.0438714, "severity": "INFO", "name": "recommendationservice-server", "message": "[Recv ListRecommendations] product_ids=['1YMWWN1N4O', '66VCHSJNUP', 'LS4PSXUNUM', '2ZYFJ3GM2N', '9SIQT8TOJO']"}
2026-08-15T18:24:03.769220598Z {"timestamp": 1786818243.7687721, "severity": "INFO", "name": "recommendationservice-server", "message": "[Recv ListRecommendations] product_ids=['0PUK6V6EV0', '66VCHSJNUP', '1YMWWN1N4O', 'L9ECAV7KIM', 'OLJCESPC7Z']"}
2026-08-15T18:24:04.380338280Z {"timestamp": 1786818244.3798614, "severity": "INFO", "name": "recommendationservice-server", "message": "[Recv ListRecommendations] product_ids=['2ZYFJ3GM2N', '1YMWWN1N4O', '66VCHSJNUP', '9SIQT8TOJO', '6E92ZMYYFZ']"}
2026-08-15T18:24:04.678347381Z {"timestamp": 1786818244.6773438, "severity": "INFO", "name": "recommendationservice-server", "message": "[Recv ListRecommendations] product_ids=['0PUK6V6EV0', '2ZYFJ3GM2N', 'LS4PSXUNUM', '1YMWWN1N4O', '6E92ZMYYFZ']"}
2026-08-15T18:24:06.077537490Z {"timestamp": 1786818246.0765734, "severity": "INFO", "name": "recommendationservice-server", "message": "[Recv ListRecommendations] product_ids=['9SIQT8TOJO', '66VCHSJNUP', '6E92ZMYYFZ', '2ZYFJ3GM2N', 'LS4PSXUNUM']"}
2026-08-15T18:24:07.243075925Z {"timestamp": 1786818247.2427135, "severity": "INFO", "name": "recommendationservice-server", "message": "[Recv ListRecommendations] product_ids=['0PUK6V6EV0', '1YMWWN1N4O', '6E92ZMYYFZ', 'OLJCESPC7Z', 'L9ECAV7KIM']"}
2026-08-15T18:24:07.646239060Z {"timestamp": 1786818247.6459544, "severity": "INFO", "name": "recommendationservice-server", "message": "[Recv ListRecommendations] product_ids=['2ZYFJ3GM2N', 'OLJCESPC7Z', 'LS4PSXUNUM', '66VCHSJNUP', '1YMWWN1N4O']"}
2026-08-15T18:24:07.787322451Z {"timestamp": 1786818247.787007, "severity": "INFO", "name": "recommendationservice-server", "message": "[Recv ListRecommendations] product_ids=['1YMWWN1N4O', '6E92ZMYYFZ', 'L9ECAV7KIM', '0PUK6V6EV0', '66VCHSJNUP']"}
2026-08-15T18:24:07.989740612Z {"timestamp": 1786818247.9894302, "severity": "INFO", "name": "recommendationservice-server", "message": "[Recv ListRecommendations] product_ids=['66VCHSJNUP', 'L9ECAV7KIM', '9SIQT8TOJO', '1YMWWN1N4O', '0PUK6V6EV0']"}
2026-08-15T18:24:08.106237832Z {"timestamp": 1786818248.105945, "severity": "INFO", "name": "recommendationservice-server", "message": "[Recv ListRecommendations] product_ids=['OLJCESPC7Z', 'L9ECAV7KIM', '9SIQT8TOJO', '66VCHSJNUP', '2ZYFJ3GM2N']"}
2026-08-15T18:24:09.232171420Z {"timestamp": 1786818249.2317834, "severity": "INFO", "name": "recommendationservice-server", "message": "[Recv ListRecommendations] product_ids=['0PUK6V6EV0', '9SIQT8TOJO', '1YMWWN1N4O', '66VCHSJNUP', 'LS4PSXUNUM']"}
2026-08-15T18:24:09.812238340Z {"timestamp": 1786818249.811718, "severity": "INFO", "name": "recommendationservice-server", "message": "[Recv ListRecommendations] product_ids=['0PUK6V6EV0', 'L9ECAV7KIM', '6E92ZMYYFZ', '9SIQT8TOJO', '1YMWWN1N4O']"}
2026-08-15T18:24:11.485463538Z {"timestamp": 1786818251.485132, "severity": "INFO", "name": "recommendationservice-server", "message": "[Recv ListRecommendations] product_ids=['OLJCESPC7Z', 'L9ECAV7KIM', '0PUK6V6EV0', '9SIQT8TOJO', '66VCHSJNUP']"}
2026-08-15T18:24:11.510037341Z {"timestamp": 1786818251.508984, "severity": "INFO", "name": "recommendationservice-server", "message": "[Recv ListRecommendations] product_ids=['6E92ZMYYFZ', '9SIQT8TOJO', '66VCHSJNUP', '2ZYFJ3GM2N', 'OLJCESPC7Z']"}
2026-08-15T18:24:12.068971570Z {"timestamp": 1786818252.068687, "severity": "INFO", "name": "recommendationservice-server", "message": "[Recv ListRecommendations] product_ids=['1YMWWN1N4O', '0PUK6V6EV0', '66VCHSJNUP', '2ZYFJ3GM2N', 'LS4PSXUNUM']"}
2026-08-15T18:24:13.051504254Z {"timestamp": 1786818253.051215, "severity": "INFO", "name": "recommendationservice-server", "message": "[Recv ListRecommendations] product_ids=['0PUK6V6EV0', '2ZYFJ3GM2N', 'LS4PSXUNUM', 'L9ECAV7KIM', '6E92ZMYYFZ']"}
2026-08-15T18:24:13.585235447Z {"timestamp": 1786818253.5848196, "severity": "INFO", "name": "recommendationservice-server", "message": "[Recv ListRecommendations] product_ids=['9SIQT8TOJO', 'OLJCESPC7Z', '1YMWWN1N4O', 'L9ECAV7KIM', '0PUK6V6EV0']"}
2026-08-15T18:24:13.608704692Z {"timestamp": 1786818253.6082118, "severity": "INFO", "name": "recommendationservice-server", "message": "[Recv ListRecommendations] product_ids=['L9ECAV7KIM', '0PUK6V6EV0', '9SIQT8TOJO', 'LS4PSXUNUM', '1YMWWN1N4O']"}
2026-08-15T18:24:14.900278758Z {"timestamp": 1786818254.899987, "severity": "INFO", "name": "recommendationservice-server", "message": "[Recv ListRecommendations] product_ids=['OLJCESPC7Z', '9SIQT8TOJO', 'L9ECAV7KIM', '2ZYFJ3GM2N', '6E92ZMYYFZ']"}
2026-08-15T18:24:14.903226714Z {"timestamp": 1786818254.9029202, "severity": "INFO", "name": "recommendationservice-server", "message": "[Recv ListRecommendations] product_ids=['2ZYFJ3GM2N', 'OLJCESPC7Z', '66VCHSJNUP', '0PUK6V6EV0', '9SIQT8TOJO']"}
2026-08-15T18:24:14.907382035Z {"timestamp": 1786818254.9065294, "severity": "INFO", "name": "recommendationservice-server", "message": "[Recv ListRecommendations] product_ids=['OLJCESPC7Z', '66VCHSJNUP', '6E92ZMYYFZ', '2ZYFJ3GM2N', '1YMWWN1N4O']"}
2026-08-15T18:24:14.911152935Z {"timestamp": 1786818254.9108138, "severity": "INFO", "name": "recommendationservice-server", "message": "[Recv ListRecommendations] product_ids=['66VCHSJNUP', '2ZYFJ3GM2N', '9SIQT8TOJO', '0PUK6V6EV0', 'OLJCESPC7Z']"}
2026-08-15T18:24:14.913861078Z {"timestamp": 1786818254.9134645, "severity": "INFO", "name": "recommendationservice-server", "message": "[Recv ListRecommendations] product_ids=['6E92ZMYYFZ', 'LS4PSXUNUM', 'OLJCESPC7Z', '2ZYFJ3GM2N', 'L9ECAV7KIM']"}
2026-08-15T18:24:14.916568722Z {"timestamp": 1786818254.9163043, "severity": "INFO", "name": "recommendationservice-server", "message": "[Recv ListRecommendations] product_ids=['L9ECAV7KIM', 'LS4PSXUNUM', '6E92ZMYYFZ', '1YMWWN1N4O', '0PUK6V6EV0']"}
2026-08-15T18:24:14.983042546Z {"timestamp": 1786818254.9826887, "severity": "INFO", "name": "recommendationservice-server", "message": "[Recv ListRecommendations] product_ids=['6E92ZMYYFZ', '0PUK6V6EV0', 'L9ECAV7KIM', 'OLJCESPC7Z', 'LS4PSXUNUM']"}
2026-08-15T18:24:16.744975646Z {"timestamp": 1786818256.7446845, "severity": "INFO", "name": "recommendationservice-server", "message": "[Recv ListRecommendations] product_ids=['66VCHSJNUP', '9SIQT8TOJO', 'LS4PSXUNUM', '0PUK6V6EV0', '2ZYFJ3GM2N']"}
2026-08-15T18:24:16.811796688Z {"timestamp": 1786818256.811509, "severity": "INFO", "name": "recommendationservice-server", "message": "[Recv ListRecommendations] product_ids=['6E92ZMYYFZ', 'L9ECAV7KIM', 'LS4PSXUNUM', '9SIQT8TOJO', 'OLJCESPC7Z']"}
2026-08-15T18:24:17.905868798Z {"timestamp": 1786818257.9054132, "severity": "INFO", "name": "recommendationservice-server", "message": "[Recv ListRecommendations] product_ids=['OLJCESPC7Z', '0PUK6V6EV0', 'LS4PSXUNUM', '6E92ZMYYFZ', '9SIQT8TOJO']"}
2026-08-15T18:24:18.324110381Z {"timestamp": 1786818258.3236454, "severity": "INFO", "name": "recommendationservice-server", "message": "[Recv ListRecommendations] product_ids=['LS4PSXUNUM', '66VCHSJNUP', 'OLJCESPC7Z', '6E92ZMYYFZ', '1YMWWN1N4O']"}
2026-08-15T18:24:18.341013674Z {"timestamp": 1786818258.3407304, "severity": "INFO", "name": "recommendationservice-server", "message": "[Recv ListRecommendations] product_ids=['9SIQT8TOJO', 'OLJCESPC7Z', '0PUK6V6EV0', '1YMWWN1N4O', 'LS4PSXUNUM']"}
2026-08-15T18:24:19.545419566Z {"timestamp": 1786818259.5450172, "severity": "INFO", "name": "recommendationservice-server", "message": "[Recv ListRecommendations] product_ids=['66VCHSJNUP', '0PUK6V6EV0', '1YMWWN1N4O', 'L9ECAV7KIM', '6E92ZMYYFZ']"}
2026-08-15T18:24:19.645292739Z {"timestamp": 1786818259.644903, "severity": "INFO", "name": "recommendationservice-server", "message": "[Recv ListRecommendations] product_ids=['66VCHSJNUP', '6E92ZMYYFZ', '1YMWWN1N4O', 'LS4PSXUNUM', '0PUK6V6EV0']"}
2026-08-15T18:24:21.199996228Z {"timestamp": 1786818261.1995907, "severity": "INFO", "name": "recommendationservice-server", "message": "[Recv ListRecommendations] product_ids=['1YMWWN1N4O', 'OLJCESPC7Z', '9SIQT8TOJO', '2ZYFJ3GM2N', 'L9ECAV7KIM']"}
2026-08-15T18:24:21.473979294Z {"timestamp": 1786818261.4735737, "severity": "INFO", "name": "recommendationservice-server", "message": "[Recv ListRecommendations] product_ids=['OLJCESPC7Z', '6E92ZMYYFZ', '1YMWWN1N4O', '9SIQT8TOJO', 'LS4PSXUNUM']"}
2026-08-15T18:24:21.783095615Z {"timestamp": 1786818261.7826624, "severity": "INFO", "name": "recommendationservice-server", "message": "[Recv ListRecommendations] product_ids=['2ZYFJ3GM2N', '9SIQT8TOJO', 'LS4PSXUNUM', 'OLJCESPC7Z', 'L9ECAV7KIM']"}
2026-08-15T18:24:22.092091030Z {"timestamp": 1786818262.0917027, "severity": "INFO", "name": "recommendationservice-server", "message": "[Recv ListRecommendations] product_ids=['9SIQT8TOJO', '66VCHSJNUP', '2ZYFJ3GM2N', 'OLJCESPC7Z', 'L9ECAV7KIM']"}
2026-08-15T18:24:22.273479208Z {"timestamp": 1786818262.2730918, "severity": "INFO", "name": "recommendationservice-server", "message": "[Recv ListRecommendations] product_ids=['0PUK6V6EV0', '1YMWWN1N4O', '2ZYFJ3GM2N', '66VCHSJNUP', '9SIQT8TOJO']"}
2026-08-15T18:24:22.294235704Z {"timestamp": 1786818262.29382, "severity": "INFO", "name": "recommendationservice-server", "message": "[Recv ListRecommendations] product_ids=['9SIQT8TOJO', '1YMWWN1N4O', '0PUK6V6EV0', '6E92ZMYYFZ', 'OLJCESPC7Z']"}
2026-08-15T18:24:22.410718554Z {"timestamp": 1786818262.4103115, "severity": "INFO", "name": "recommendationservice-server", "message": "[Recv ListRecommendations] product_ids=['0PUK6V6EV0', '6E92ZMYYFZ', '66VCHSJNUP', '2ZYFJ3GM2N', 'LS4PSXUNUM']"}
2026-08-15T18:24:22.429552548Z {"timestamp": 1786818262.4290993, "severity": "INFO", "name": "recommendationservice-server", "message": "[Recv ListRecommendations] product_ids=['9SIQT8TOJO', '2ZYFJ3GM2N', '1YMWWN1N4O', 'LS4PSXUNUM', '0PUK6V6EV0']"}
2026-08-15T18:24:23.184779224Z {"timestamp": 1786818263.1843774, "severity": "INFO", "name": "recommendationservice-server", "message": "[Recv ListRecommendations] product_ids=['9SIQT8TOJO', '1YMWWN1N4O', '66VCHSJNUP', 'L9ECAV7KIM', 'LS4PSXUNUM']"}
2026-08-15T18:24:23.200208339Z {"timestamp": 1786818263.1997602, "severity": "INFO", "name": "recommendationservice-server", "message": "[Recv ListRecommendations] product_ids=['0PUK6V6EV0', 'OLJCESPC7Z', '6E92ZMYYFZ', '9SIQT8TOJO', '2ZYFJ3GM2N']"}
2026-08-15T18:24:23.546644131Z {"timestamp": 1786818263.5461998, "severity": "INFO", "name": "recommendationservice-server", "message": "[Recv ListRecommendations] product_ids=['OLJCESPC7Z', 'L9ECAV7KIM', '66VCHSJNUP', '1YMWWN1N4O', 'LS4PSXUNUM']"}
2026-08-15T18:24:23.565105505Z {"timestamp": 1786818263.5647411, "severity": "INFO", "name": "recommendationservice-server", "message": "[Recv ListRecommendations] product_ids=['1YMWWN1N4O', '6E92ZMYYFZ', '9SIQT8TOJO', '2ZYFJ3GM2N', 'L9ECAV7KIM']"}
2026-08-15T18:24:23.806471450Z {"timestamp": 1786818263.8059967, "severity": "INFO", "name": "recommendationservice-server", "message": "[Recv ListRecommendations] product_ids=['9SIQT8TOJO', '66VCHSJNUP', 'OLJCESPC7Z', '1YMWWN1N4O', '0PUK6V6EV0']"}
2026-08-15T18:24:23.827443557Z {"timestamp": 1786818263.8269875, "severity": "INFO", "name": "recommendationservice-server", "message": "[Recv ListRecommendations] product_ids=['9SIQT8TOJO', '66VCHSJNUP', '0PUK6V6EV0', 'L9ECAV7KIM', '6E92ZMYYFZ']"}
2026-08-15T18:24:23.860607708Z {"timestamp": 1786818263.8601444, "severity": "INFO", "name": "recommendationservice-server", "message": "[Recv ListRecommendations] product_ids=['6E92ZMYYFZ', 'L9ECAV7KIM', '66VCHSJNUP', 'OLJCESPC7Z', '2ZYFJ3GM2N']"}
2026-08-15T18:24:24.161402790Z {"timestamp": 1786818264.160927, "severity": "INFO", "name": "recommendationservice-server", "message": "[Recv ListRecommendations] product_ids=['2ZYFJ3GM2N', '9SIQT8TOJO', '1YMWWN1N4O', '66VCHSJNUP', 'OLJCESPC7Z']"}
2026-08-15T18:24:24.225927697Z {"timestamp": 1786818264.2255049, "severity": "INFO", "name": "recommendationservice-server", "message": "[Recv ListRecommendations] product_ids=['6E92ZMYYFZ', '66VCHSJNUP', '2ZYFJ3GM2N', 'OLJCESPC7Z', '0PUK6V6EV0']"}
2026-08-15T18:24:25.183141538Z {"timestamp": 1786818265.1827548, "severity": "INFO", "name": "recommendationservice-server", "message": "[Recv ListRecommendations] product_ids=['6E92ZMYYFZ', '66VCHSJNUP', '1YMWWN1N4O', '9SIQT8TOJO', 'LS4PSXUNUM']"}
2026-08-15T18:24:25.566177323Z {"timestamp": 1786818265.5657125, "severity": "INFO", "name": "recommendationservice-server", "message": "[Recv ListRecommendations] product_ids=['OLJCESPC7Z', '9SIQT8TOJO', '2ZYFJ3GM2N', '6E92ZMYYFZ', 'L9ECAV7KIM']"}
2026-08-15T18:24:25.585778725Z {"timestamp": 1786818265.5854104, "severity": "INFO", "name": "recommendationservice-server", "message": "[Recv ListRecommendations] product_ids=['6E92ZMYYFZ', '2ZYFJ3GM2N', 'LS4PSXUNUM', '0PUK6V6EV0', '1YMWWN1N4O']"}
2026-08-15T18:24:25.947745575Z {"timestamp": 1786818265.946826, "severity": "INFO", "name": "recommendationservice-server", "message": "[Recv ListRecommendations] product_ids=['LS4PSXUNUM', '2ZYFJ3GM2N', '66VCHSJNUP', '0PUK6V6EV0', 'L9ECAV7KIM']"}
2026-08-15T18:24:26.872467012Z {"timestamp": 1786818266.871934, "severity": "INFO", "name": "recommendationservice-server", "message": "[Recv ListRecommendations] product_ids=['66VCHSJNUP', '2ZYFJ3GM2N', '0PUK6V6EV0', 'OLJCESPC7Z', 'L9ECAV7KIM']"}
2026-08-15T18:24:26.896935437Z {"timestamp": 1786818266.8964503, "severity": "INFO", "name": "recommendationservice-server", "message": "[Recv ListRecommendations] product_ids=['66VCHSJNUP', 'LS4PSXUNUM', '2ZYFJ3GM2N', '0PUK6V6EV0', '6E92ZMYYFZ']"}
2026-08-15T18:24:27.346652324Z {"timestamp": 1786818267.3462253, "severity": "INFO", "name": "recommendationservice-server", "message": "[Recv ListRecommendations] product_ids=['9SIQT8TOJO', 'OLJCESPC7Z', 'L9ECAV7KIM', '2ZYFJ3GM2N', '1YMWWN1N4O']"}
2026-08-15T18:24:28.602784306Z {"timestamp": 1786818268.6024904, "severity": "INFO", "name": "recommendationservice-server", "message": "[Recv ListRecommendations] product_ids=['LS4PSXUNUM', '66VCHSJNUP', '6E92ZMYYFZ', 'OLJCESPC7Z', '0PUK6V6EV0']"}
2026-08-15T18:24:28.795874988Z {"timestamp": 1786818268.7955728, "severity": "INFO", "name": "recommendationservice-server", "message": "[Recv ListRecommendations] product_ids=['1YMWWN1N4O', 'L9ECAV7KIM', 'LS4PSXUNUM', '0PUK6V6EV0', 'OLJCESPC7Z']"}
2026-08-15T18:24:28.856944697Z {"timestamp": 1786818268.8566353, "severity": "INFO", "name": "recommendationservice-server", "message": "[Recv ListRecommendations] product_ids=['0PUK6V6EV0', '1YMWWN1N4O', 'OLJCESPC7Z', '2ZYFJ3GM2N', 'LS4PSXUNUM']"}
2026-08-15T18:24:29.055505231Z {"timestamp": 1786818269.055068, "severity": "INFO", "name": "recommendationservice-server", "message": "[Recv ListRecommendations] product_ids=['L9ECAV7KIM', '66VCHSJNUP', '0PUK6V6EV0', '9SIQT8TOJO', '2ZYFJ3GM2N']"}
2026-08-15T18:24:29.255443028Z {"timestamp": 1786818269.255019, "severity": "INFO", "name": "recommendationservice-server", "message": "[Recv ListRecommendations] product_ids=['LS4PSXUNUM', '9SIQT8TOJO', 'L9ECAV7KIM', '2ZYFJ3GM2N', '6E92ZMYYFZ']"}
2026-08-15T18:24:29.273987281Z {"timestamp": 1786818269.2736027, "severity": "INFO", "name": "recommendationservice-server", "message": "[Recv ListRecommendations] product_ids=['2ZYFJ3GM2N', '66VCHSJNUP', 'L9ECAV7KIM', '6E92ZMYYFZ', 'OLJCESPC7Z']"}
2026-08-15T18:24:29.420221407Z {"timestamp": 1786818269.4198575, "severity": "INFO", "name": "recommendationservice-server", "message": "[Recv ListRecommendations] product_ids=['2ZYFJ3GM2N', '9SIQT8TOJO', '0PUK6V6EV0', 'LS4PSXUNUM', '6E92ZMYYFZ']"}
2026-08-15T18:24:29.784716493Z {"timestamp": 1786818269.784436, "severity": "INFO", "name": "recommendationservice-server", "message": "[Recv ListRecommendations] product_ids=['0PUK6V6EV0', 'LS4PSXUNUM', '66VCHSJNUP', 'L9ECAV7KIM', '9SIQT8TOJO']"}
2026-08-15T18:24:30.044866560Z {"timestamp": 1786818270.0444984, "severity": "INFO", "name": "recommendationservice-server", "message": "[Recv ListRecommendations] product_ids=['1YMWWN1N4O', '2ZYFJ3GM2N', '9SIQT8TOJO', 'OLJCESPC7Z', 'L9ECAV7KIM']"}
2026-08-15T18:24:30.102619917Z {"timestamp": 1786818270.1022794, "severity": "INFO", "name": "recommendationservice-server", "message": "[Recv ListRecommendations] product_ids=['0PUK6V6EV0', '6E92ZMYYFZ', '1YMWWN1N4O', '66VCHSJNUP', 'OLJCESPC7Z']"}
2026-08-15T18:24:30.108894405Z {"timestamp": 1786818270.1085477, "severity": "INFO", "name": "recommendationservice-server", "message": "[Recv ListRecommendations] product_ids=['0PUK6V6EV0', '6E92ZMYYFZ', 'LS4PSXUNUM', '9SIQT8TOJO', '1YMWWN1N4O']"}
2026-08-15T18:24:32.575419365Z {"timestamp": 1786818272.5746431, "severity": "INFO", "name": "recommendationservice-server", "message": "[Recv ListRecommendations] product_ids=['1YMWWN1N4O', '66VCHSJNUP', '0PUK6V6EV0', '2ZYFJ3GM2N', 'L9ECAV7KIM']"}
2026-08-15T18:24:33.528301760Z {"timestamp": 1786818273.5276463, "severity": "INFO", "name": "recommendationservice-server", "message": "[Recv ListRecommendations] product_ids=['66VCHSJNUP', '9SIQT8TOJO', '6E92ZMYYFZ', '1YMWWN1N4O', 'LS4PSXUNUM']"}
2026-08-15T18:24:33.777833617Z {"timestamp": 1786818273.7770371, "severity": "INFO", "name": "recommendationservice-server", "message": "[Recv ListRecommendations] product_ids=['OLJCESPC7Z', '66VCHSJNUP', '1YMWWN1N4O', '6E92ZMYYFZ', 'LS4PSXUNUM']"}
2026-08-15T18:24:33.843149303Z {"timestamp": 1786818273.8425362, "severity": "INFO", "name": "recommendationservice-server", "message": "[Recv ListRecommendations] product_ids=['0PUK6V6EV0', '9SIQT8TOJO', '1YMWWN1N4O', 'OLJCESPC7Z', '2ZYFJ3GM2N']"}
2026-08-15T18:24:34.420809871Z {"timestamp": 1786818274.4200604, "severity": "INFO", "name": "recommendationservice-server", "message": "[Recv ListRecommendations] product_ids=['6E92ZMYYFZ', '66VCHSJNUP', '1YMWWN1N4O', 'OLJCESPC7Z', 'L9ECAV7KIM']"}
2026-08-15T18:24:35.421677235Z {"timestamp": 1786818275.4212763, "severity": "INFO", "name": "recommendationservice-server", "message": "[Recv ListRecommendations] product_ids=['OLJCESPC7Z', 'L9ECAV7KIM', '6E92ZMYYFZ', '9SIQT8TOJO', '2ZYFJ3GM2N']"}
2026-08-15T18:24:35.517253744Z {"timestamp": 1786818275.5168428, "severity": "INFO", "name": "recommendationservice-server", "message": "[Recv ListRecommendations] product_ids=['0PUK6V6EV0', '66VCHSJNUP', '2ZYFJ3GM2N', 'L9ECAV7KIM', 'OLJCESPC7Z']"}
2026-08-15T18:24:35.581911998Z {"timestamp": 1786818275.5816019, "severity": "INFO", "name": "recommendationservice-server", "message": "[Recv ListRecommendations] product_ids=['0PUK6V6EV0', '2ZYFJ3GM2N', '1YMWWN1N4O', '9SIQT8TOJO', 'LS4PSXUNUM']"}
2026-08-15T18:24:36.024064347Z {"timestamp": 1786818276.0236454, "severity": "INFO", "name": "recommendationservice-server", "message": "[Recv ListRecommendations] product_ids=['L9ECAV7KIM', 'OLJCESPC7Z', '2ZYFJ3GM2N', '6E92ZMYYFZ', '9SIQT8TOJO']"}
2026-08-15T18:24:38.364294008Z {"timestamp": 1786818278.3638637, "severity": "INFO", "name": "recommendationservice-server", "message": "[Recv ListRecommendations] product_ids=['66VCHSJNUP', '0PUK6V6EV0', 'LS4PSXUNUM', 'OLJCESPC7Z', '9SIQT8TOJO']"}
2026-08-15T18:24:38.413663692Z {"timestamp": 1786818278.413137, "severity": "INFO", "name": "recommendationservice-server", "message": "[Recv ListRecommendations] product_ids=['6E92ZMYYFZ', 'L9ECAV7KIM', 'OLJCESPC7Z', '66VCHSJNUP', '1YMWWN1N4O']"}
2026-08-15T18:24:38.730405130Z {"timestamp": 1786818278.7300074, "severity": "INFO", "name": "recommendationservice-server", "message": "[Recv ListRecommendations] product_ids=['LS4PSXUNUM', '1YMWWN1N4O', '0PUK6V6EV0', '9SIQT8TOJO', '66VCHSJNUP']"}
2026-08-15T18:24:39.036330725Z {"timestamp": 1786818279.0358772, "severity": "INFO", "name": "recommendationservice-server", "message": "[Recv ListRecommendations] product_ids=['2ZYFJ3GM2N', 'OLJCESPC7Z', '66VCHSJNUP', '0PUK6V6EV0', '6E92ZMYYFZ']"}
2026-08-15T18:24:39.231234232Z {"timestamp": 1786818279.2308147, "severity": "INFO", "name": "recommendationservice-server", "message": "[Recv ListRecommendations] product_ids=['2ZYFJ3GM2N', '9SIQT8TOJO', '6E92ZMYYFZ', '66VCHSJNUP', '0PUK6V6EV0']"}
2026-08-15T18:24:40.111864946Z {"timestamp": 1786818280.1114767, "severity": "INFO", "name": "recommendationservice-server", "message": "[Recv ListRecommendations] product_ids=['L9ECAV7KIM', '0PUK6V6EV0', '9SIQT8TOJO', 'OLJCESPC7Z', '6E92ZMYYFZ']"}
2026-08-15T18:24:40.232151698Z {"timestamp": 1786818280.2317598, "severity": "INFO", "name": "recommendationservice-server", "message": "[Recv ListRecommendations] product_ids=['OLJCESPC7Z', '0PUK6V6EV0', '2ZYFJ3GM2N', 'L9ECAV7KIM', '9SIQT8TOJO']"}
2026-08-15T18:24:40.993181493Z {"timestamp": 1786818280.9929273, "severity": "INFO", "name": "recommendationservice-server", "message": "[Recv ListRecommendations] product_ids=['6E92ZMYYFZ', 'L9ECAV7KIM', '2ZYFJ3GM2N', '1YMWWN1N4O', '9SIQT8TOJO']"}
2026-08-15T18:24:41.258719655Z {"timestamp": 1786818281.2576911, "severity": "INFO", "name": "recommendationservice-server", "message": "[Recv ListRecommendations] product_ids=['66VCHSJNUP', 'OLJCESPC7Z', '0PUK6V6EV0', '6E92ZMYYFZ', 'L9ECAV7KIM']"}
2026-08-15T18:24:43.014535851Z {"timestamp": 1786818283.014056, "severity": "INFO", "name": "recommendationservice-server", "message": "[Recv ListRecommendations] product_ids=['OLJCESPC7Z', '2ZYFJ3GM2N', '66VCHSJNUP', '0PUK6V6EV0', '9SIQT8TOJO']"}
2026-08-15T18:24:43.060937575Z {"timestamp": 1786818283.060482, "severity": "INFO", "name": "recommendationservice-server", "message": "[Recv ListRecommendations] product_ids=['OLJCESPC7Z', '2ZYFJ3GM2N', '9SIQT8TOJO', '0PUK6V6EV0', '66VCHSJNUP']"}
2026-08-15T18:24:43.066480764Z {"timestamp": 1786818283.0660977, "severity": "INFO", "name": "recommendationservice-server", "message": "[Recv ListRecommendations] product_ids=['2ZYFJ3GM2N', 'LS4PSXUNUM', '66VCHSJNUP', '1YMWWN1N4O', '9SIQT8TOJO']"}
2026-08-15T18:24:43.119895754Z {"timestamp": 1786818283.1196413, "severity": "INFO", "name": "recommendationservice-server", "message": "[Recv ListRecommendations] product_ids=['LS4PSXUNUM', '0PUK6V6EV0', '66VCHSJNUP', '1YMWWN1N4O', 'OLJCESPC7Z']"}
2026-08-15T18:24:43.138704636Z {"timestamp": 1786818283.138407, "severity": "INFO", "name": "recommendationservice-server", "message": "[Recv ListRecommendations] product_ids=['66VCHSJNUP', '1YMWWN1N4O', '9SIQT8TOJO', 'L9ECAV7KIM', 'LS4PSXUNUM']"}
2026-08-15T18:24:43.163230317Z {"timestamp": 1786818283.1628647, "severity": "INFO", "name": "recommendationservice-server", "message": "[Recv ListRecommendations] product_ids=['6E92ZMYYFZ', 'OLJCESPC7Z', '1YMWWN1N4O', '2ZYFJ3GM2N', 'L9ECAV7KIM']"}
2026-08-15T18:24:43.460265531Z {"timestamp": 1786818283.4599817, "severity": "INFO", "name": "recommendationservice-server", "message": "[Recv ListRecommendations] product_ids=['2ZYFJ3GM2N', '0PUK6V6EV0', '9SIQT8TOJO', 'L9ECAV7KIM', '66VCHSJNUP']"}
2026-08-15T18:24:43.808997446Z {"timestamp": 1786818283.8085291, "severity": "INFO", "name": "recommendationservice-server", "message": "[Recv ListRecommendations] product_ids=['2ZYFJ3GM2N', '0PUK6V6EV0', '66VCHSJNUP', 'L9ECAV7KIM', '1YMWWN1N4O']"}
2026-08-15T18:24:43.828940887Z {"timestamp": 1786818283.8285193, "severity": "INFO", "name": "recommendationservice-server", "message": "[Recv ListRecommendations] product_ids=['OLJCESPC7Z', '1YMWWN1N4O', '0PUK6V6EV0', '6E92ZMYYFZ', '9SIQT8TOJO']"}
2026-08-15T18:24:43.856485526Z {"timestamp": 1786818283.8561163, "severity": "INFO", "name": "recommendationservice-server", "message": "[Recv ListRecommendations] product_ids=['1YMWWN1N4O', '0PUK6V6EV0', '2ZYFJ3GM2N', 'OLJCESPC7Z', 'LS4PSXUNUM']"}
2026-08-15T18:24:44.315475699Z {"timestamp": 1786818284.3150568, "severity": "INFO", "name": "recommendationservice-server", "message": "[Recv ListRecommendations] product_ids=['1YMWWN1N4O', 'L9ECAV7KIM', '2ZYFJ3GM2N', '0PUK6V6EV0', '6E92ZMYYFZ']"}
2026-08-15T18:24:44.411789829Z {"timestamp": 1786818284.4113424, "severity": "INFO", "name": "recommendationservice-server", "message": "[Recv ListRecommendations] product_ids=['66VCHSJNUP', '1YMWWN1N4O', '0PUK6V6EV0', '6E92ZMYYFZ', 'L9ECAV7KIM']"}
2026-08-15T18:24:44.432884531Z {"timestamp": 1786818284.432384, "severity": "INFO", "name": "recommendationservice-server", "message": "[Recv ListRecommendations] product_ids=['L9ECAV7KIM', '9SIQT8TOJO', '1YMWWN1N4O', '2ZYFJ3GM2N', 'LS4PSXUNUM']"}
2026-08-15T18:24:45.023270666Z {"timestamp": 1786818285.0227706, "severity": "INFO", "name": "recommendationservice-server", "message": "[Recv ListRecommendations] product_ids=['0PUK6V6EV0', 'L9ECAV7KIM', '1YMWWN1N4O', 'OLJCESPC7Z', '9SIQT8TOJO']"}
2026-08-15T18:24:45.028252127Z {"timestamp": 1786818285.0277846, "severity": "INFO", "name": "recommendationservice-server", "message": "[Recv ListRecommendations] product_ids=['6E92ZMYYFZ', '9SIQT8TOJO', '66VCHSJNUP', '0PUK6V6EV0', '1YMWWN1N4O']"}
2026-08-15T18:24:45.051974366Z {"timestamp": 1786818285.0515015, "severity": "INFO", "name": "recommendationservice-server", "message": "[Recv ListRecommendations] product_ids=['2ZYFJ3GM2N', 'L9ECAV7KIM', '66VCHSJNUP', '6E92ZMYYFZ', '0PUK6V6EV0']"}
2026-08-15T18:24:45.261720821Z {"timestamp": 1786818285.2610044, "severity": "INFO", "name": "recommendationservice-server", "message": "[Recv ListRecommendations] product_ids=['9SIQT8TOJO', '2ZYFJ3GM2N', 'OLJCESPC7Z', 'LS4PSXUNUM', '66VCHSJNUP']"}
2026-08-15T18:24:46.169223319Z {"timestamp": 1786818286.1687553, "severity": "INFO", "name": "recommendationservice-server", "message": "[Recv ListRecommendations] product_ids=['2ZYFJ3GM2N', 'L9ECAV7KIM', '0PUK6V6EV0', 'OLJCESPC7Z', 'LS4PSXUNUM']"}
2026-08-15T18:24:46.265427644Z {"timestamp": 1786818286.2649803, "severity": "INFO", "name": "recommendationservice-server", "message": "[Recv ListRecommendations] product_ids=['L9ECAV7KIM', '1YMWWN1N4O', '66VCHSJNUP', 'OLJCESPC7Z', '0PUK6V6EV0']"}
2026-08-15T18:24:46.710973414Z {"timestamp": 1786818286.7103915, "severity": "INFO", "name": "recommendationservice-server", "message": "[Recv ListRecommendations] product_ids=['1YMWWN1N4O', '66VCHSJNUP', '6E92ZMYYFZ', 'OLJCESPC7Z', '9SIQT8TOJO']"}
2026-08-15T18:24:46.739654812Z {"timestamp": 1786818286.7392268, "severity": "INFO", "name": "recommendationservice-server", "message": "[Recv ListRecommendations] product_ids=['0PUK6V6EV0', '6E92ZMYYFZ', 'OLJCESPC7Z', '66VCHSJNUP', 'L9ECAV7KIM']"}
2026-08-15T18:24:47.124915934Z {"timestamp": 1786818287.124487, "severity": "INFO", "name": "recommendationservice-server", "message": "[Recv ListRecommendations] product_ids=['0PUK6V6EV0', '66VCHSJNUP', '9SIQT8TOJO', 'LS4PSXUNUM', '2ZYFJ3GM2N']"}
2026-08-15T18:24:47.299339244Z {"timestamp": 1786818287.2988741, "severity": "INFO", "name": "recommendationservice-server", "message": "[Recv ListRecommendations] product_ids=['1YMWWN1N4O', '9SIQT8TOJO', 'OLJCESPC7Z', '2ZYFJ3GM2N', '0PUK6V6EV0']"}
2026-08-15T18:24:47.826362571Z {"timestamp": 1786818287.825822, "severity": "INFO", "name": "recommendationservice-server", "message": "[Recv ListRecommendations] product_ids=['LS4PSXUNUM', '6E92ZMYYFZ', '9SIQT8TOJO', '2ZYFJ3GM2N', '0PUK6V6EV0']"}
2026-08-15T18:24:47.856075222Z {"timestamp": 1786818287.8555205, "severity": "INFO", "name": "recommendationservice-server", "message": "[Recv ListRecommendations] product_ids=['LS4PSXUNUM', '66VCHSJNUP', '2ZYFJ3GM2N', '9SIQT8TOJO', '6E92ZMYYFZ']"}
2026-08-15T18:24:48.076177418Z {"timestamp": 1786818288.0756168, "severity": "INFO", "name": "recommendationservice-server", "message": "[Recv ListRecommendations] product_ids=['9SIQT8TOJO', '66VCHSJNUP', '2ZYFJ3GM2N', '6E92ZMYYFZ', 'OLJCESPC7Z']"}
2026-08-15T18:24:48.147093022Z {"timestamp": 1786818288.1465404, "severity": "INFO", "name": "recommendationservice-server", "message": "[Recv ListRecommendations] product_ids=['1YMWWN1N4O', '66VCHSJNUP', 'LS4PSXUNUM', '6E92ZMYYFZ', '2ZYFJ3GM2N']"}
2026-08-15T18:24:48.275995655Z {"timestamp": 1786818288.2753415, "severity": "INFO", "name": "recommendationservice-server", "message": "[Recv ListRecommendations] product_ids=['0PUK6V6EV0', 'LS4PSXUNUM', '2ZYFJ3GM2N', '66VCHSJNUP', '1YMWWN1N4O']"}
2026-08-15T18:24:48.303465189Z {"timestamp": 1786818288.3028052, "severity": "INFO", "name": "recommendationservice-server", "message": "[Recv ListRecommendations] product_ids=['66VCHSJNUP', 'LS4PSXUNUM', '0PUK6V6EV0', '2ZYFJ3GM2N', 'OLJCESPC7Z']"}
2026-08-15T18:24:48.539622924Z {"timestamp": 1786818288.539257, "severity": "INFO", "name": "recommendationservice-server", "message": "[Recv ListRecommendations] product_ids=['9SIQT8TOJO', 'LS4PSXUNUM', '1YMWWN1N4O', '66VCHSJNUP', 'OLJCESPC7Z']"}
2026-08-15T18:24:48.559029937Z {"timestamp": 1786818288.558623, "severity": "INFO", "name": "recommendationservice-server", "message": "[Recv ListRecommendations] product_ids=['66VCHSJNUP', '1YMWWN1N4O', '2ZYFJ3GM2N', '6E92ZMYYFZ', 'L9ECAV7KIM']"}
2026-08-15T18:24:48.583488215Z {"timestamp": 1786818288.5831046, "severity": "INFO", "name": "recommendationservice-server", "message": "[Recv ListRecommendations] product_ids=['LS4PSXUNUM', '0PUK6V6EV0', 'L9ECAV7KIM', 'OLJCESPC7Z', '2ZYFJ3GM2N']"}
2026-08-15T18:24:50.059315858Z {"timestamp": 1786818290.058903, "severity": "INFO", "name": "recommendationservice-server", "message": "[Recv ListRecommendations] product_ids=['OLJCESPC7Z', '0PUK6V6EV0', '2ZYFJ3GM2N', '9SIQT8TOJO', 'LS4PSXUNUM']"}
2026-08-15T18:24:50.299294329Z {"timestamp": 1786818290.2988698, "severity": "INFO", "name": "recommendationservice-server", "message": "[Recv ListRecommendations] product_ids=['LS4PSXUNUM', '0PUK6V6EV0', 'OLJCESPC7Z', '66VCHSJNUP', '2ZYFJ3GM2N']"}
2026-08-15T18:24:51.622154170Z {"timestamp": 1786818291.6217108, "severity": "INFO", "name": "recommendationservice-server", "message": "[Recv ListRecommendations] product_ids=['2ZYFJ3GM2N', '6E92ZMYYFZ', 'L9ECAV7KIM', '0PUK6V6EV0', 'LS4PSXUNUM']"}
2026-08-15T18:24:52.685847344Z {"timestamp": 1786818292.6855266, "severity": "INFO", "name": "recommendationservice-server", "message": "[Recv ListRecommendations] product_ids=['LS4PSXUNUM', '6E92ZMYYFZ', '2ZYFJ3GM2N', 'L9ECAV7KIM', '1YMWWN1N4O']"}
2026-08-15T18:24:52.781952238Z {"timestamp": 1786818292.7816346, "severity": "INFO", "name": "recommendationservice-server", "message": "[Recv ListRecommendations] product_ids=['2ZYFJ3GM2N', 'LS4PSXUNUM', '9SIQT8TOJO', '66VCHSJNUP', '0PUK6V6EV0']"}
2026-08-15T18:24:52.949998371Z {"timestamp": 1786818292.9496047, "severity": "INFO", "name": "recommendationservice-server", "message": "[Recv ListRecommendations] product_ids=['9SIQT8TOJO', '0PUK6V6EV0', '1YMWWN1N4O', '66VCHSJNUP', '2ZYFJ3GM2N']"}
2026-08-15T18:24:53.697819731Z {"timestamp": 1786818293.6972873, "severity": "INFO", "name": "recommendationservice-server", "message": "[Recv ListRecommendations] product_ids=['2ZYFJ3GM2N', '1YMWWN1N4O', '6E92ZMYYFZ', '9SIQT8TOJO', 'L9ECAV7KIM']"}
2026-08-15T18:24:53.741629307Z {"timestamp": 1786818293.7411075, "severity": "INFO", "name": "recommendationservice-server", "message": "[Recv ListRecommendations] product_ids=['66VCHSJNUP', '2ZYFJ3GM2N', 'LS4PSXUNUM', '6E92ZMYYFZ', '0PUK6V6EV0']"}
2026-08-15T18:24:53.889705202Z {"timestamp": 1786818293.8892944, "severity": "INFO", "name": "recommendationservice-server", "message": "[Recv ListRecommendations] product_ids=['66VCHSJNUP', '6E92ZMYYFZ', '0PUK6V6EV0', 'L9ECAV7KIM', 'OLJCESPC7Z']"}
2026-08-15T18:24:54.145309784Z {"timestamp": 1786818294.1449387, "severity": "INFO", "name": "recommendationservice-server", "message": "[Recv ListRecommendations] product_ids=['0PUK6V6EV0', 'L9ECAV7KIM', '6E92ZMYYFZ', 'OLJCESPC7Z', '2ZYFJ3GM2N']"}
2026-08-15T18:24:54.799453077Z {"timestamp": 1786818294.7991686, "severity": "INFO", "name": "recommendationservice-server", "message": "[Recv ListRecommendations] product_ids=['OLJCESPC7Z', '9SIQT8TOJO', 'LS4PSXUNUM', '6E92ZMYYFZ', '1YMWWN1N4O']"}
2026-08-15T18:24:55.014111331Z {"timestamp": 1786818295.0137815, "severity": "INFO", "name": "recommendationservice-server", "message": "[Recv ListRecommendations] product_ids=['0PUK6V6EV0', '66VCHSJNUP', '1YMWWN1N4O', '2ZYFJ3GM2N', '6E92ZMYYFZ']"}
2026-08-15T18:24:55.482683380Z {"timestamp": 1786818295.4822843, "severity": "INFO", "name": "recommendationservice-server", "message": "[Recv ListRecommendations] product_ids=['LS4PSXUNUM', '66VCHSJNUP', '9SIQT8TOJO', '0PUK6V6EV0', 'OLJCESPC7Z']"}
2026-08-15T18:24:55.502898031Z {"timestamp": 1786818295.5025008, "severity": "INFO", "name": "recommendationservice-server", "message": "[Recv ListRecommendations] product_ids=['6E92ZMYYFZ', '0PUK6V6EV0', 'L9ECAV7KIM', '66VCHSJNUP', '9SIQT8TOJO']"}
2026-08-15T18:24:55.664123009Z {"timestamp": 1786818295.6637018, "severity": "INFO", "name": "recommendationservice-server", "message": "[Recv ListRecommendations] product_ids=['L9ECAV7KIM', '1YMWWN1N4O', '66VCHSJNUP', '0PUK6V6EV0', 'OLJCESPC7Z']"}
2026-08-15T18:24:55.830584359Z {"timestamp": 1786818295.8302543, "severity": "INFO", "name": "recommendationservice-server", "message": "[Recv ListRecommendations] product_ids=['L9ECAV7KIM', 'OLJCESPC7Z', '66VCHSJNUP', '1YMWWN1N4O', 'LS4PSXUNUM']"}
2026-08-15T18:24:57.144569939Z {"timestamp": 1786818297.1442375, "severity": "INFO", "name": "recommendationservice-server", "message": "[Recv ListRecommendations] product_ids=['0PUK6V6EV0', '66VCHSJNUP', '2ZYFJ3GM2N', '6E92ZMYYFZ', 'L9ECAV7KIM']"}
2026-08-15T18:24:57.159553418Z {"timestamp": 1786818297.1592343, "severity": "INFO", "name": "recommendationservice-server", "message": "[Recv ListRecommendations] product_ids=['L9ECAV7KIM', 'LS4PSXUNUM', '2ZYFJ3GM2N', '1YMWWN1N4O', '66VCHSJNUP']"}
2026-08-15T18:24:57.493336063Z {"timestamp": 1786818297.4928946, "severity": "INFO", "name": "recommendationservice-server", "message": "[Recv ListRecommendations] product_ids=['L9ECAV7KIM', '6E92ZMYYFZ', '66VCHSJNUP', '0PUK6V6EV0', '9SIQT8TOJO']"}
2026-08-15T18:24:58.168947289Z {"timestamp": 1786818298.1684744, "severity": "INFO", "name": "recommendationservice-server", "message": "[Recv ListRecommendations] product_ids=['6E92ZMYYFZ', '2ZYFJ3GM2N', '66VCHSJNUP', 'LS4PSXUNUM', '9SIQT8TOJO']"}
2026-08-15T18:24:58.211909722Z {"timestamp": 1786818298.211445, "severity": "INFO", "name": "recommendationservice-server", "message": "[Recv ListRecommendations] product_ids=['OLJCESPC7Z', '2ZYFJ3GM2N', '66VCHSJNUP', 'L9ECAV7KIM', 'LS4PSXUNUM']"}
2026-08-15T18:24:58.573912461Z {"timestamp": 1786818298.573574, "severity": "INFO", "name": "recommendationservice-server", "message": "[Recv ListRecommendations] product_ids=['9SIQT8TOJO', 'OLJCESPC7Z', 'L9ECAV7KIM', '1YMWWN1N4O', 'LS4PSXUNUM']"}
2026-08-15T18:24:59.811013948Z {"timestamp": 1786818299.8105814, "severity": "INFO", "name": "recommendationservice-server", "message": "[Recv ListRecommendations] product_ids=['66VCHSJNUP', 'OLJCESPC7Z', '2ZYFJ3GM2N', 'LS4PSXUNUM', 'L9ECAV7KIM']"}
2026-08-15T18:24:59.840273796Z {"timestamp": 1786818299.8398533, "severity": "INFO", "name": "recommendationservice-server", "message": "[Recv ListRecommendations] product_ids=['0PUK6V6EV0', '66VCHSJNUP', '1YMWWN1N4O', '6E92ZMYYFZ', 'OLJCESPC7Z']"}
2026-08-15T18:24:59.995556618Z {"timestamp": 1786818299.9950883, "severity": "INFO", "name": "recommendationservice-server", "message": "[Recv ListRecommendations] product_ids=['0PUK6V6EV0', 'OLJCESPC7Z', '1YMWWN1N4O', '2ZYFJ3GM2N', 'L9ECAV7KIM']"}
2026-08-15T18:25:00.019758750Z {"timestamp": 1786818300.0191634, "severity": "INFO", "name": "recommendationservice-server", "message": "[Recv ListRecommendations] product_ids=['66VCHSJNUP', '6E92ZMYYFZ', '0PUK6V6EV0', '2ZYFJ3GM2N', 'LS4PSXUNUM']"}
2026-08-15T18:25:00.145018293Z {"timestamp": 1786818300.1445744, "severity": "INFO", "name": "recommendationservice-server", "message": "[Recv ListRecommendations] product_ids=['L9ECAV7KIM', '9SIQT8TOJO', 'OLJCESPC7Z', '66VCHSJNUP', '0PUK6V6EV0']"}
2026-08-15T18:25:00.427944059Z {"timestamp": 1786818300.4274313, "severity": "INFO", "name": "recommendationservice-server", "message": "[Recv ListRecommendations] product_ids=['9SIQT8TOJO', '6E92ZMYYFZ', '66VCHSJNUP', '2ZYFJ3GM2N', 'OLJCESPC7Z']"}
2026-08-15T18:25:00.815666095Z {"timestamp": 1786818300.8151681, "severity": "INFO", "name": "recommendationservice-server", "message": "[Recv ListRecommendations] product_ids=['9SIQT8TOJO', '1YMWWN1N4O', '2ZYFJ3GM2N', 'L9ECAV7KIM', 'OLJCESPC7Z']"}
2026-08-15T18:25:01.752583254Z {"timestamp": 1786818301.7521417, "severity": "INFO", "name": "recommendationservice-server", "message": "[Recv ListRecommendations] product_ids=['1YMWWN1N4O', '2ZYFJ3GM2N', '66VCHSJNUP', 'OLJCESPC7Z', '6E92ZMYYFZ']"}
2026-08-15T18:25:02.013359776Z {"timestamp": 1786818302.012965, "severity": "INFO", "name": "recommendationservice-server", "message": "[Recv ListRecommendations] product_ids=['OLJCESPC7Z', 'LS4PSXUNUM', 'L9ECAV7KIM', '6E92ZMYYFZ', '0PUK6V6EV0']"}
2026-08-15T18:25:02.109868192Z {"timestamp": 1786818302.1094763, "severity": "INFO", "name": "recommendationservice-server", "message": "[Recv ListRecommendations] product_ids=['66VCHSJNUP', '2ZYFJ3GM2N', 'LS4PSXUNUM', '0PUK6V6EV0', '6E92ZMYYFZ']"}
2026-08-15T18:25:03.160292292Z {"timestamp": 1786818303.1599598, "severity": "INFO", "name": "recommendationservice-server", "message": "[Recv ListRecommendations] product_ids=['L9ECAV7KIM', '66VCHSJNUP', '6E92ZMYYFZ', '9SIQT8TOJO', '0PUK6V6EV0']"}
2026-08-15T18:25:03.680856093Z {"timestamp": 1786818303.6804533, "severity": "INFO", "name": "recommendationservice-server", "message": "[Recv ListRecommendations] product_ids=['9SIQT8TOJO', '6E92ZMYYFZ', '1YMWWN1N4O', 'LS4PSXUNUM', '66VCHSJNUP']"}
2026-08-15T18:25:03.853248646Z {"timestamp": 1786818303.8528342, "severity": "INFO", "name": "recommendationservice-server", "message": "[Recv ListRecommendations] product_ids=['0PUK6V6EV0', '6E92ZMYYFZ', '1YMWWN1N4O', 'L9ECAV7KIM', 'OLJCESPC7Z']"}
2026-08-15T18:25:03.959862393Z {"timestamp": 1786818303.9592943, "severity": "INFO", "name": "recommendationservice-server", "message": "[Recv ListRecommendations] product_ids=['9SIQT8TOJO', '6E92ZMYYFZ', '66VCHSJNUP', 'L9ECAV7KIM', 'LS4PSXUNUM']"}
2026-08-15T18:25:04.388842088Z {"timestamp": 1786818304.388207, "severity": "INFO", "name": "recommendationservice-server", "message": "[Recv ListRecommendations] product_ids=['L9ECAV7KIM', 'LS4PSXUNUM', '66VCHSJNUP', '1YMWWN1N4O', '0PUK6V6EV0']"}
2026-08-15T18:25:04.590986410Z {"timestamp": 1786818304.590711, "severity": "INFO", "name": "recommendationservice-server", "message": "[Recv ListRecommendations] product_ids=['66VCHSJNUP', 'OLJCESPC7Z', '0PUK6V6EV0', '9SIQT8TOJO', 'L9ECAV7KIM']"}
2026-08-15T18:25:04.938715940Z {"timestamp": 1786818304.9383483, "severity": "INFO", "name": "recommendationservice-server", "message": "[Recv ListRecommendations] product_ids=['66VCHSJNUP', 'OLJCESPC7Z', '9SIQT8TOJO', '2ZYFJ3GM2N', '0PUK6V6EV0']"}
2026-08-15T18:25:04.955983677Z {"timestamp": 1786818304.9555373, "severity": "INFO", "name": "recommendationservice-server", "message": "[Recv ListRecommendations] product_ids=['1YMWWN1N4O', 'LS4PSXUNUM', '2ZYFJ3GM2N', 'L9ECAV7KIM', '66VCHSJNUP']"}
2026-08-15T18:25:05.282710311Z {"timestamp": 1786818305.2822118, "severity": "INFO", "name": "recommendationservice-server", "message": "[Recv ListRecommendations] product_ids=['9SIQT8TOJO', '6E92ZMYYFZ', 'L9ECAV7KIM', 'LS4PSXUNUM', '0PUK6V6EV0']"}
2026-08-15T18:25:05.307914786Z {"timestamp": 1786818305.3073092, "severity": "INFO", "name": "recommendationservice-server", "message": "[Recv ListRecommendations] product_ids=['6E92ZMYYFZ', 'LS4PSXUNUM', '9SIQT8TOJO', '2ZYFJ3GM2N', '66VCHSJNUP']"}
2026-08-15T18:25:05.357241890Z {"timestamp": 1786818305.356604, "severity": "INFO", "name": "recommendationservice-server", "message": "[Recv ListRecommendations] product_ids=['LS4PSXUNUM', '2ZYFJ3GM2N', '0PUK6V6EV0', '9SIQT8TOJO', '1YMWWN1N4O']"}
2026-08-15T18:25:05.498178401Z {"timestamp": 1786818305.497678, "severity": "INFO", "name": "recommendationservice-server", "message": "[Recv ListRecommendations] product_ids=['6E92ZMYYFZ', '0PUK6V6EV0', '66VCHSJNUP', 'L9ECAV7KIM', '1YMWWN1N4O']"}
2026-08-15T18:25:05.925583059Z {"timestamp": 1786818305.9251707, "severity": "INFO", "name": "recommendationservice-server", "message": "[Recv ListRecommendations] product_ids=['L9ECAV7KIM', '66VCHSJNUP', '1YMWWN1N4O', '9SIQT8TOJO', 'LS4PSXUNUM']"}
2026-08-15T18:25:06.528151286Z {"timestamp": 1786818306.5277593, "severity": "INFO", "name": "recommendationservice-server", "message": "[Recv ListRecommendations] product_ids=['1YMWWN1N4O', 'L9ECAV7KIM', '9SIQT8TOJO', '2ZYFJ3GM2N', '0PUK6V6EV0']"}
2026-08-15T18:25:06.601812018Z {"timestamp": 1786818306.6014128, "severity": "INFO", "name": "recommendationservice-server", "message": "[Recv ListRecommendations] product_ids=['OLJCESPC7Z', 'LS4PSXUNUM', '66VCHSJNUP', '0PUK6V6EV0', '6E92ZMYYFZ']"}
2026-08-15T18:25:06.625309009Z {"timestamp": 1786818306.6248, "severity": "INFO", "name": "recommendationservice-server", "message": "[Recv ListRecommendations] product_ids=['LS4PSXUNUM', 'L9ECAV7KIM', '9SIQT8TOJO', '66VCHSJNUP', '0PUK6V6EV0']"}
2026-08-15T18:25:06.670569902Z {"timestamp": 1786818306.670131, "severity": "INFO", "name": "recommendationservice-server", "message": "[Recv ListRecommendations] product_ids=['2ZYFJ3GM2N', 'L9ECAV7KIM', '0PUK6V6EV0', '66VCHSJNUP', 'LS4PSXUNUM']"}
2026-08-15T18:25:06.778645677Z {"timestamp": 1786818306.7781782, "severity": "INFO", "name": "recommendationservice-server", "message": "[Recv ListRecommendations] product_ids=['1YMWWN1N4O', 'LS4PSXUNUM', '0PUK6V6EV0', '2ZYFJ3GM2N', 'OLJCESPC7Z']"}
2026-08-15T18:25:07.092304468Z {"timestamp": 1786818307.0919073, "severity": "INFO", "name": "recommendationservice-server", "message": "[Recv ListRecommendations] product_ids=['66VCHSJNUP', '0PUK6V6EV0', '6E92ZMYYFZ', '2ZYFJ3GM2N', 'L9ECAV7KIM']"}
2026-08-15T18:25:08.085851003Z {"timestamp": 1786818308.085545, "severity": "INFO", "name": "recommendationservice-server", "message": "[Recv ListRecommendations] product_ids=['L9ECAV7KIM', '0PUK6V6EV0', 'LS4PSXUNUM', '66VCHSJNUP', '2ZYFJ3GM2N']"}
2026-08-15T18:25:08.188804519Z {"timestamp": 1786818308.1884933, "severity": "INFO", "name": "recommendationservice-server", "message": "[Recv ListRecommendations] product_ids=['6E92ZMYYFZ', 'L9ECAV7KIM', '0PUK6V6EV0', 'OLJCESPC7Z', '1YMWWN1N4O']"}
2026-08-15T18:25:08.469333731Z {"timestamp": 1786818308.4689813, "severity": "INFO", "name": "recommendationservice-server", "message": "[Recv ListRecommendations] product_ids=['66VCHSJNUP', 'OLJCESPC7Z', '9SIQT8TOJO', '6E92ZMYYFZ', 'LS4PSXUNUM']"}
2026-08-15T18:25:09.730175308Z {"timestamp": 1786818309.7298834, "severity": "INFO", "name": "recommendationservice-server", "message": "[Recv ListRecommendations] product_ids=['9SIQT8TOJO', 'LS4PSXUNUM', 'OLJCESPC7Z', '6E92ZMYYFZ', '1YMWWN1N4O']"}
2026-08-15T18:25:10.032363317Z {"timestamp": 1786818310.031927, "severity": "INFO", "name": "recommendationservice-server", "message": "[Recv ListRecommendations] product_ids=['66VCHSJNUP', 'L9ECAV7KIM', '9SIQT8TOJO', '2ZYFJ3GM2N', 'OLJCESPC7Z']"}
2026-08-15T18:25:11.506245488Z {"timestamp": 1786818311.505901, "severity": "INFO", "name": "recommendationservice-server", "message": "[Recv ListRecommendations] product_ids=['OLJCESPC7Z', '66VCHSJNUP', 'L9ECAV7KIM', '1YMWWN1N4O', '9SIQT8TOJO']"}
2026-08-15T18:25:11.924035254Z {"timestamp": 1786818311.9237523, "severity": "INFO", "name": "recommendationservice-server", "message": "[Recv ListRecommendations] product_ids=['6E92ZMYYFZ', '0PUK6V6EV0', '1YMWWN1N4O', '2ZYFJ3GM2N', '66VCHSJNUP']"}
2026-08-15T18:25:12.225203912Z {"timestamp": 1786818312.2246518, "severity": "INFO", "name": "recommendationservice-server", "message": "[Recv ListRecommendations] product_ids=['66VCHSJNUP', 'LS4PSXUNUM', '0PUK6V6EV0', '1YMWWN1N4O', 'OLJCESPC7Z']"}
2026-08-15T18:25:12.337779215Z {"timestamp": 1786818312.3372414, "severity": "INFO", "name": "recommendationservice-server", "message": "[Recv ListRecommendations] product_ids=['0PUK6V6EV0', 'L9ECAV7KIM', '66VCHSJNUP', '1YMWWN1N4O', '2ZYFJ3GM2N']"}
2026-08-15T18:25:12.650194442Z {"timestamp": 1786818312.649103, "severity": "INFO", "name": "recommendationservice-server", "message": "[Recv ListRecommendations] product_ids=['66VCHSJNUP', '9SIQT8TOJO', '1YMWWN1N4O', 'LS4PSXUNUM', '6E92ZMYYFZ']"}
2026-08-15T18:25:12.746986146Z {"timestamp": 1786818312.7461784, "severity": "INFO", "name": "recommendationservice-server", "message": "[Recv ListRecommendations] product_ids=['0PUK6V6EV0', 'L9ECAV7KIM', '1YMWWN1N4O', '66VCHSJNUP', '2ZYFJ3GM2N']"}
2026-08-15T18:25:12.918550838Z {"timestamp": 1786818312.917556, "severity": "INFO", "name": "recommendationservice-server", "message": "[Recv ListRecommendations] product_ids=['9SIQT8TOJO', '2ZYFJ3GM2N', '6E92ZMYYFZ', '0PUK6V6EV0', '66VCHSJNUP']"}
2026-08-15T18:25:13.292171566Z {"timestamp": 1786818313.291087, "severity": "INFO", "name": "recommendationservice-server", "message": "[Recv ListRecommendations] product_ids=['2ZYFJ3GM2N', '9SIQT8TOJO', '6E92ZMYYFZ', 'OLJCESPC7Z', 'L9ECAV7KIM']"}
2026-08-15T18:25:13.378823456Z {"timestamp": 1786818313.2983508, "severity": "INFO", "name": "recommendationservice-server", "message": "[Recv ListRecommendations] product_ids=['2ZYFJ3GM2N', '1YMWWN1N4O', 'OLJCESPC7Z', 'L9ECAV7KIM', '6E92ZMYYFZ']"}
2026-08-15T18:25:13.409815027Z {"timestamp": 1786818313.4091516, "severity": "INFO", "name": "recommendationservice-server", "message": "[Recv ListRecommendations] product_ids=['L9ECAV7KIM', '9SIQT8TOJO', '6E92ZMYYFZ', '2ZYFJ3GM2N', 'OLJCESPC7Z']"}
2026-08-15T18:25:13.655081040Z {"timestamp": 1786818313.654572, "severity": "INFO", "name": "recommendationservice-server", "message": "[Recv ListRecommendations] product_ids=['66VCHSJNUP', '2ZYFJ3GM2N', '6E92ZMYYFZ', '0PUK6V6EV0', '9SIQT8TOJO']"}
2026-08-15T18:25:13.816572891Z {"timestamp": 1786818313.8161237, "severity": "INFO", "name": "recommendationservice-server", "message": "[Recv ListRecommendations] product_ids=['L9ECAV7KIM', '0PUK6V6EV0', '6E92ZMYYFZ', '9SIQT8TOJO', 'OLJCESPC7Z']"}
2026-08-15T18:25:13.835569473Z {"timestamp": 1786818313.8351343, "severity": "INFO", "name": "recommendationservice-server", "message": "[Recv ListRecommendations] product_ids=['0PUK6V6EV0', 'L9ECAV7KIM', '2ZYFJ3GM2N', '66VCHSJNUP', '6E92ZMYYFZ']"}
2026-08-15T18:25:13.909619902Z {"timestamp": 1786818313.909304, "severity": "INFO", "name": "recommendationservice-server", "message": "[Recv ListRecommendations] product_ids=['0PUK6V6EV0', 'OLJCESPC7Z', '9SIQT8TOJO', '1YMWWN1N4O', 'L9ECAV7KIM']"}
2026-08-15T18:25:14.128064899Z {"timestamp": 1786818314.1277738, "severity": "INFO", "name": "recommendationservice-server", "message": "[Recv ListRecommendations] product_ids=['1YMWWN1N4O', '9SIQT8TOJO', 'L9ECAV7KIM', '66VCHSJNUP', 'LS4PSXUNUM']"}
2026-08-15T18:25:14.141269481Z {"timestamp": 1786818314.1409695, "severity": "INFO", "name": "recommendationservice-server", "message": "[Recv ListRecommendations] product_ids=['L9ECAV7KIM', '2ZYFJ3GM2N', '9SIQT8TOJO', '1YMWWN1N4O', '66VCHSJNUP']"}
2026-08-15T18:25:14.166800302Z {"timestamp": 1786818314.1664376, "severity": "INFO", "name": "recommendationservice-server", "message": "[Recv ListRecommendations] product_ids=['6E92ZMYYFZ', '9SIQT8TOJO', '0PUK6V6EV0', '2ZYFJ3GM2N', '66VCHSJNUP']"}
2026-08-15T18:25:14.968099438Z {"timestamp": 1786818314.967713, "severity": "INFO", "name": "recommendationservice-server", "message": "[Recv ListRecommendations] product_ids=['1YMWWN1N4O', 'LS4PSXUNUM', '2ZYFJ3GM2N', '66VCHSJNUP', '9SIQT8TOJO']"}
2026-08-15T18:25:15.237776284Z {"timestamp": 1786818315.2367632, "severity": "INFO", "name": "recommendationservice-server", "message": "[Recv ListRecommendations] product_ids=['9SIQT8TOJO', '66VCHSJNUP', 'OLJCESPC7Z', 'LS4PSXUNUM', '2ZYFJ3GM2N']"}
2026-08-15T18:25:15.884266015Z {"timestamp": 1786818315.883288, "severity": "INFO", "name": "recommendationservice-server", "message": "[Recv ListRecommendations] product_ids=['66VCHSJNUP', '2ZYFJ3GM2N', '6E92ZMYYFZ', 'L9ECAV7KIM', 'LS4PSXUNUM']"}
2026-08-15T18:25:16.620469385Z {"timestamp": 1786818316.6192331, "severity": "INFO", "name": "recommendationservice-server", "message": "[Recv ListRecommendations] product_ids=['0PUK6V6EV0', 'OLJCESPC7Z', '2ZYFJ3GM2N', '66VCHSJNUP', 'LS4PSXUNUM']"}
2026-08-15T18:25:17.521424675Z {"timestamp": 1786818317.5208788, "severity": "INFO", "name": "recommendationservice-server", "message": "[Recv ListRecommendations] product_ids=['66VCHSJNUP', '0PUK6V6EV0', '9SIQT8TOJO', '6E92ZMYYFZ', '1YMWWN1N4O']"}
2026-08-15T18:25:18.689514379Z {"timestamp": 1786818318.6892343, "severity": "INFO", "name": "recommendationservice-server", "message": "[Recv ListRecommendations] product_ids=['0PUK6V6EV0', 'LS4PSXUNUM', '2ZYFJ3GM2N', '9SIQT8TOJO', '1YMWWN1N4O']"}
2026-08-15T18:25:19.374417596Z {"timestamp": 1786818319.374098, "severity": "INFO", "name": "recommendationservice-server", "message": "[Recv ListRecommendations] product_ids=['LS4PSXUNUM', '66VCHSJNUP', 'L9ECAV7KIM', '0PUK6V6EV0', '1YMWWN1N4O']"}
2026-08-15T18:25:19.414612275Z {"timestamp": 1786818319.4143293, "severity": "INFO", "name": "recommendationservice-server", "message": "[Recv ListRecommendations] product_ids=['OLJCESPC7Z', 'L9ECAV7KIM', 'LS4PSXUNUM', '9SIQT8TOJO', '2ZYFJ3GM2N']"}
2026-08-15T18:25:19.428085771Z {"timestamp": 1786818319.4278047, "severity": "INFO", "name": "recommendationservice-server", "message": "[Recv ListRecommendations] product_ids=['L9ECAV7KIM', 'LS4PSXUNUM', '2ZYFJ3GM2N', '6E92ZMYYFZ', '66VCHSJNUP']"}
2026-08-15T18:25:19.450548033Z {"timestamp": 1786818319.450271, "severity": "INFO", "name": "recommendationservice-server", "message": "[Recv ListRecommendations] product_ids=['9SIQT8TOJO', 'OLJCESPC7Z', '0PUK6V6EV0', '66VCHSJNUP', '1YMWWN1N4O']"}
2026-08-15T18:25:19.772075660Z {"timestamp": 1786818319.7717478, "severity": "INFO", "name": "recommendationservice-server", "message": "[Recv ListRecommendations] product_ids=['0PUK6V6EV0', '66VCHSJNUP', 'LS4PSXUNUM', 'L9ECAV7KIM', '2ZYFJ3GM2N']"}
2026-08-15T18:25:20.680606041Z {"timestamp": 1786818320.6800342, "severity": "INFO", "name": "recommendationservice-server", "message": "[Recv ListRecommendations] product_ids=['LS4PSXUNUM', '2ZYFJ3GM2N', '66VCHSJNUP', '0PUK6V6EV0', 'OLJCESPC7Z']"}
2026-08-15T18:25:20.802842062Z {"timestamp": 1786818320.8024461, "severity": "INFO", "name": "recommendationservice-server", "message": "[Recv ListRecommendations] product_ids=['2ZYFJ3GM2N', '6E92ZMYYFZ', 'LS4PSXUNUM', '0PUK6V6EV0', 'OLJCESPC7Z']"}
2026-08-15T18:25:20.844680726Z {"timestamp": 1786818320.8442535, "severity": "INFO", "name": "recommendationservice-server", "message": "[Recv ListRecommendations] product_ids=['6E92ZMYYFZ', 'L9ECAV7KIM', '0PUK6V6EV0', '2ZYFJ3GM2N', 'OLJCESPC7Z']"}
2026-08-15T18:25:21.114452976Z {"timestamp": 1786818321.1137226, "severity": "INFO", "name": "recommendationservice-server", "message": "[Recv ListRecommendations] product_ids=['1YMWWN1N4O', 'LS4PSXUNUM', '6E92ZMYYFZ', '2ZYFJ3GM2N', 'OLJCESPC7Z']"}
2026-08-15T18:25:21.606443425Z {"timestamp": 1786818321.6051412, "severity": "INFO", "name": "recommendationservice-server", "message": "[Recv ListRecommendations] product_ids=['9SIQT8TOJO', 'L9ECAV7KIM', '0PUK6V6EV0', 'LS4PSXUNUM', '2ZYFJ3GM2N']"}
2026-08-15T18:25:21.662182226Z {"timestamp": 1786818321.66162, "severity": "INFO", "name": "recommendationservice-server", "message": "[Recv ListRecommendations] product_ids=['1YMWWN1N4O', '0PUK6V6EV0', '2ZYFJ3GM2N', '9SIQT8TOJO', 'L9ECAV7KIM']"}
2026-08-15T18:25:21.759230176Z {"timestamp": 1786818321.7582493, "severity": "INFO", "name": "recommendationservice-server", "message": "[Recv ListRecommendations] product_ids=['66VCHSJNUP', 'L9ECAV7KIM', 'LS4PSXUNUM', 'OLJCESPC7Z', '0PUK6V6EV0']"}
2026-08-15T18:25:23.065799373Z {"timestamp": 1786818323.064873, "severity": "INFO", "name": "recommendationservice-server", "message": "[Recv ListRecommendations] product_ids=['9SIQT8TOJO', '1YMWWN1N4O', '6E92ZMYYFZ', '0PUK6V6EV0', 'OLJCESPC7Z']"}
2026-08-15T18:25:23.816988267Z {"timestamp": 1786818323.8167064, "severity": "INFO", "name": "recommendationservice-server", "message": "[Recv ListRecommendations] product_ids=['2ZYFJ3GM2N', 'L9ECAV7KIM', '0PUK6V6EV0', '66VCHSJNUP', '1YMWWN1N4O']"}
2026-08-15T18:25:24.191388251Z {"timestamp": 1786818324.18896, "severity": "INFO", "name": "recommendationservice-server", "message": "[Recv ListRecommendations] product_ids=['6E92ZMYYFZ', 'OLJCESPC7Z', 'LS4PSXUNUM', '2ZYFJ3GM2N', '1YMWWN1N4O']"}
2026-08-15T18:25:24.905934438Z {"timestamp": 1786818324.9055283, "severity": "INFO", "name": "recommendationservice-server", "message": "[Recv ListRecommendations] product_ids=['L9ECAV7KIM', '0PUK6V6EV0', '6E92ZMYYFZ', 'LS4PSXUNUM', '1YMWWN1N4O']"}
2026-08-15T18:25:24.925831773Z {"timestamp": 1786818324.925423, "severity": "INFO", "name": "recommendationservice-server", "message": "[Recv ListRecommendations] product_ids=['2ZYFJ3GM2N', '6E92ZMYYFZ', '0PUK6V6EV0', '1YMWWN1N4O', 'LS4PSXUNUM']"}
2026-08-15T18:25:24.970694108Z {"timestamp": 1786818324.9702964, "severity": "INFO", "name": "recommendationservice-server", "message": "[Recv ListRecommendations] product_ids=['1YMWWN1N4O', '0PUK6V6EV0', 'OLJCESPC7Z', '9SIQT8TOJO', '2ZYFJ3GM2N']"}
2026-08-15T18:25:26.878575299Z {"timestamp": 1786818326.8781257, "severity": "INFO", "name": "recommendationservice-server", "message": "[Recv ListRecommendations] product_ids=['6E92ZMYYFZ', '2ZYFJ3GM2N', 'OLJCESPC7Z', '9SIQT8TOJO', '1YMWWN1N4O']"}
2026-08-15T18:25:27.588866264Z {"timestamp": 1786818327.588387, "severity": "INFO", "name": "recommendationservice-server", "message": "[Recv ListRecommendations] product_ids=['2ZYFJ3GM2N', '66VCHSJNUP', '1YMWWN1N4O', 'OLJCESPC7Z', 'LS4PSXUNUM']"}
2026-08-15T18:25:27.941168098Z {"timestamp": 1786818327.9401355, "severity": "INFO", "name": "recommendationservice-server", "message": "[Recv ListRecommendations] product_ids=['LS4PSXUNUM', '2ZYFJ3GM2N', '0PUK6V6EV0', 'L9ECAV7KIM', '6E92ZMYYFZ']"}
2026-08-15T18:25:28.156558708Z {"timestamp": 1786818328.1558092, "severity": "INFO", "name": "recommendationservice-server", "message": "[Recv ListRecommendations] product_ids=['2ZYFJ3GM2N', '9SIQT8TOJO', 'L9ECAV7KIM', 'OLJCESPC7Z', '6E92ZMYYFZ']"}
2026-08-15T18:25:28.705772390Z {"timestamp": 1786818328.704764, "severity": "INFO", "name": "recommendationservice-server", "message": "[Recv ListRecommendations] product_ids=['2ZYFJ3GM2N', '9SIQT8TOJO', '0PUK6V6EV0', '66VCHSJNUP', '1YMWWN1N4O']"}
2026-08-15T18:25:28.988932026Z {"timestamp": 1786818328.9879203, "severity": "INFO", "name": "recommendationservice-server", "message": "[Recv ListRecommendations] product_ids=['LS4PSXUNUM', '0PUK6V6EV0', '6E92ZMYYFZ', '9SIQT8TOJO', '1YMWWN1N4O']"}
2026-08-15T18:25:29.089335251Z {"timestamp": 1786818329.087979, "severity": "INFO", "name": "recommendationservice-server", "message": "[Recv ListRecommendations] product_ids=['9SIQT8TOJO', 'OLJCESPC7Z', 'L9ECAV7KIM', '2ZYFJ3GM2N', '66VCHSJNUP']"}
2026-08-15T18:25:30.787729242Z {"timestamp": 1786818330.786853, "severity": "INFO", "name": "recommendationservice-server", "message": "[Recv ListRecommendations] product_ids=['L9ECAV7KIM', '2ZYFJ3GM2N', '1YMWWN1N4O', '9SIQT8TOJO', '6E92ZMYYFZ']"}
2026-08-15T18:25:30.977576961Z {"timestamp": 1786818330.976377, "severity": "INFO", "name": "recommendationservice-server", "message": "[Recv ListRecommendations] product_ids=['6E92ZMYYFZ', '1YMWWN1N4O', 'LS4PSXUNUM', 'OLJCESPC7Z', '2ZYFJ3GM2N']"}
2026-08-15T18:25:31.050369727Z {"timestamp": 1786818331.0493815, "severity": "INFO", "name": "recommendationservice-server", "message": "[Recv ListRecommendations] product_ids=['2ZYFJ3GM2N', 'L9ECAV7KIM', 'OLJCESPC7Z', '6E92ZMYYFZ', '9SIQT8TOJO']"}
2026-08-15T18:25:32.754013245Z {"timestamp": 1786818332.7527318, "severity": "INFO", "name": "recommendationservice-server", "message": "[Recv ListRecommendations] product_ids=['66VCHSJNUP', 'L9ECAV7KIM', '6E92ZMYYFZ', '9SIQT8TOJO', 'OLJCESPC7Z']"}
2026-08-15T18:25:33.187197351Z {"timestamp": 1786818333.1866226, "severity": "INFO", "name": "recommendationservice-server", "message": "[Recv ListRecommendations] product_ids=['OLJCESPC7Z', 'LS4PSXUNUM', '0PUK6V6EV0', '2ZYFJ3GM2N', '9SIQT8TOJO']"}
2026-08-15T18:25:33.215459413Z {"timestamp": 1786818333.214814, "severity": "INFO", "name": "recommendationservice-server", "message": "[Recv ListRecommendations] product_ids=['6E92ZMYYFZ', '2ZYFJ3GM2N', '0PUK6V6EV0', '66VCHSJNUP', 'LS4PSXUNUM']"}
2026-08-15T18:25:33.329570115Z {"timestamp": 1786818333.3286905, "severity": "INFO", "name": "recommendationservice-server", "message": "[Recv ListRecommendations] product_ids=['6E92ZMYYFZ', '1YMWWN1N4O', '9SIQT8TOJO', '2ZYFJ3GM2N', 'L9ECAV7KIM']"}
2026-08-15T18:25:33.815794165Z {"timestamp": 1786818333.8151248, "severity": "INFO", "name": "recommendationservice-server", "message": "[Recv ListRecommendations] product_ids=['6E92ZMYYFZ', '0PUK6V6EV0', '1YMWWN1N4O', '66VCHSJNUP', 'L9ECAV7KIM']"}
2026-08-15T18:25:33.831093456Z {"timestamp": 1786818333.8305051, "severity": "INFO", "name": "recommendationservice-server", "message": "[Recv ListRecommendations] product_ids=['OLJCESPC7Z', 'L9ECAV7KIM', 'LS4PSXUNUM', '9SIQT8TOJO', '66VCHSJNUP']"}
2026-08-15T18:25:33.919926551Z {"timestamp": 1786818333.919369, "severity": "INFO", "name": "recommendationservice-server", "message": "[Recv ListRecommendations] product_ids=['1YMWWN1N4O', '0PUK6V6EV0', '6E92ZMYYFZ', '9SIQT8TOJO', 'LS4PSXUNUM']"}
2026-08-15T18:25:35.027919360Z {"timestamp": 1786818335.026913, "severity": "INFO", "name": "recommendationservice-server", "message": "[Recv ListRecommendations] product_ids=['0PUK6V6EV0', '6E92ZMYYFZ', 'L9ECAV7KIM', 'LS4PSXUNUM', '1YMWWN1N4O']"}
2026-08-15T18:25:35.144139771Z {"timestamp": 1786818335.1431406, "severity": "INFO", "name": "recommendationservice-server", "message": "[Recv ListRecommendations] product_ids=['LS4PSXUNUM', '1YMWWN1N4O', 'L9ECAV7KIM', '2ZYFJ3GM2N', '66VCHSJNUP']"}
2026-08-15T18:25:35.663603340Z {"timestamp": 1786818335.6625931, "severity": "INFO", "name": "recommendationservice-server", "message": "[Recv ListRecommendations] product_ids=['9SIQT8TOJO', 'OLJCESPC7Z', 'LS4PSXUNUM', '1YMWWN1N4O', 'L9ECAV7KIM']"}
2026-08-15T18:25:35.749298572Z {"timestamp": 1786818335.7486064, "severity": "INFO", "name": "recommendationservice-server", "message": "[Recv ListRecommendations] product_ids=['OLJCESPC7Z', '0PUK6V6EV0', '66VCHSJNUP', '2ZYFJ3GM2N', 'L9ECAV7KIM']"}
2026-08-15T18:25:35.885545520Z {"timestamp": 1786818335.8842611, "severity": "INFO", "name": "recommendationservice-server", "message": "[Recv ListRecommendations] product_ids=['LS4PSXUNUM', '9SIQT8TOJO', '6E92ZMYYFZ', '2ZYFJ3GM2N', '66VCHSJNUP']"}
2026-08-15T18:25:36.967327373Z {"timestamp": 1786818336.9668462, "severity": "INFO", "name": "recommendationservice-server", "message": "[Recv ListRecommendations] product_ids=['2ZYFJ3GM2N', '66VCHSJNUP', '6E92ZMYYFZ', 'LS4PSXUNUM', '1YMWWN1N4O']"}
2026-08-15T18:25:36.987534719Z {"timestamp": 1786818336.987178, "severity": "INFO", "name": "recommendationservice-server", "message": "[Recv ListRecommendations] product_ids=['L9ECAV7KIM', '1YMWWN1N4O', 'LS4PSXUNUM', '2ZYFJ3GM2N', '9SIQT8TOJO']"}
2026-08-15T18:25:37.426578428Z {"timestamp": 1786818337.4261975, "severity": "INFO", "name": "recommendationservice-server", "message": "[Recv ListRecommendations] product_ids=['2ZYFJ3GM2N', '66VCHSJNUP', 'L9ECAV7KIM', '9SIQT8TOJO', 'OLJCESPC7Z']"}
2026-08-15T18:25:37.444152737Z {"timestamp": 1786818337.4438014, "severity": "INFO", "name": "recommendationservice-server", "message": "[Recv ListRecommendations] product_ids=['OLJCESPC7Z', '1YMWWN1N4O', '2ZYFJ3GM2N', '66VCHSJNUP', '9SIQT8TOJO']"}
2026-08-15T18:25:38.791237719Z {"timestamp": 1786818338.7887833, "severity": "INFO", "name": "recommendationservice-server", "message": "[Recv ListRecommendations] product_ids=['2ZYFJ3GM2N', 'L9ECAV7KIM', '0PUK6V6EV0', 'LS4PSXUNUM', '9SIQT8TOJO']"}
2026-08-15T18:25:39.490023062Z {"timestamp": 1786818339.4887526, "severity": "INFO", "name": "recommendationservice-server", "message": "[Recv ListRecommendations] product_ids=['L9ECAV7KIM', '6E92ZMYYFZ', 'OLJCESPC7Z', '0PUK6V6EV0', '9SIQT8TOJO']"}
2026-08-15T18:25:40.030444233Z {"timestamp": 1786818340.0299807, "severity": "INFO", "name": "recommendationservice-server", "message": "[Recv ListRecommendations] product_ids=['2ZYFJ3GM2N', '9SIQT8TOJO', '1YMWWN1N4O', 'OLJCESPC7Z', 'L9ECAV7KIM']"}
2026-08-15T18:25:40.773606111Z {"timestamp": 1786818340.77247, "severity": "INFO", "name": "recommendationservice-server", "message": "[Recv ListRecommendations] product_ids=['6E92ZMYYFZ', '9SIQT8TOJO', '0PUK6V6EV0', '66VCHSJNUP', '1YMWWN1N4O']"}
2026-08-15T18:25:40.905006075Z {"timestamp": 1786818340.9045022, "severity": "INFO", "name": "recommendationservice-server", "message": "[Recv ListRecommendations] product_ids=['LS4PSXUNUM', '66VCHSJNUP', '9SIQT8TOJO', 'OLJCESPC7Z', '1YMWWN1N4O']"}
2026-08-15T18:25:40.940976322Z {"timestamp": 1786818340.9405017, "severity": "INFO", "name": "recommendationservice-server", "message": "[Recv ListRecommendations] product_ids=['LS4PSXUNUM', '0PUK6V6EV0', '9SIQT8TOJO', '66VCHSJNUP', '1YMWWN1N4O']"}
2026-08-15T18:25:40.949454616Z {"timestamp": 1786818340.9489758, "severity": "INFO", "name": "recommendationservice-server", "message": "[Recv ListRecommendations] product_ids=['2ZYFJ3GM2N', '66VCHSJNUP', '0PUK6V6EV0', 'LS4PSXUNUM', 'L9ECAV7KIM']"}
2026-08-15T18:25:41.143502913Z {"timestamp": 1786818341.1430163, "severity": "INFO", "name": "recommendationservice-server", "message": "[Recv ListRecommendations] product_ids=['LS4PSXUNUM', '0PUK6V6EV0', '2ZYFJ3GM2N', '66VCHSJNUP', '6E92ZMYYFZ']"}
2026-08-15T18:25:42.257847798Z {"timestamp": 1786818342.257317, "severity": "INFO", "name": "recommendationservice-server", "message": "[Recv ListRecommendations] product_ids=['0PUK6V6EV0', 'OLJCESPC7Z', 'LS4PSXUNUM', '2ZYFJ3GM2N', '66VCHSJNUP']"}
2026-08-15T18:25:43.033017198Z {"timestamp": 1786818343.031908, "severity": "INFO", "name": "recommendationservice-server", "message": "[Recv ListRecommendations] product_ids=['2ZYFJ3GM2N', '9SIQT8TOJO', 'L9ECAV7KIM', '6E92ZMYYFZ', 'OLJCESPC7Z']"}
2026-08-15T18:25:43.188632946Z {"timestamp": 1786818343.187556, "severity": "INFO", "name": "recommendationservice-server", "message": "[Recv ListRecommendations] product_ids=['1YMWWN1N4O', 'LS4PSXUNUM', '2ZYFJ3GM2N', '66VCHSJNUP', 'OLJCESPC7Z']"}
2026-08-15T18:25:43.751138825Z {"timestamp": 1786818343.7499166, "severity": "INFO", "name": "recommendationservice-server", "message": "[Recv ListRecommendations] product_ids=['2ZYFJ3GM2N', 'LS4PSXUNUM', '9SIQT8TOJO', '6E92ZMYYFZ', 'L9ECAV7KIM']"}
2026-08-15T18:25:43.965151557Z {"timestamp": 1786818343.9647841, "severity": "INFO", "name": "recommendationservice-server", "message": "[Recv ListRecommendations] product_ids=['1YMWWN1N4O', '66VCHSJNUP', '6E92ZMYYFZ', 'L9ECAV7KIM', '2ZYFJ3GM2N']"}
2026-08-15T18:25:44.026650395Z {"timestamp": 1786818344.0263705, "severity": "INFO", "name": "recommendationservice-server", "message": "[Recv ListRecommendations] product_ids=['6E92ZMYYFZ', '66VCHSJNUP', 'L9ECAV7KIM', 'OLJCESPC7Z', '0PUK6V6EV0']"}
2026-08-15T18:25:44.596405968Z {"timestamp": 1786818344.5957904, "severity": "INFO", "name": "recommendationservice-server", "message": "[Recv ListRecommendations] product_ids=['6E92ZMYYFZ', '66VCHSJNUP', '0PUK6V6EV0', '1YMWWN1N4O', '2ZYFJ3GM2N']"}
2026-08-15T18:25:44.955537088Z {"timestamp": 1786818344.9535787, "severity": "INFO", "name": "recommendationservice-server", "message": "[Recv ListRecommendations] product_ids=['1YMWWN1N4O', '6E92ZMYYFZ', 'OLJCESPC7Z', '9SIQT8TOJO', '2ZYFJ3GM2N']"}
2026-08-15T18:25:45.430270677Z {"timestamp": 1786818345.4291666, "severity": "INFO", "name": "recommendationservice-server", "message": "[Recv ListRecommendations] product_ids=['0PUK6V6EV0', '1YMWWN1N4O', '66VCHSJNUP', 'OLJCESPC7Z', 'L9ECAV7KIM']"}
2026-08-15T18:25:45.554811079Z {"timestamp": 1786818345.5536416, "severity": "INFO", "name": "recommendationservice-server", "message": "[Recv ListRecommendations] product_ids=['1YMWWN1N4O', 'L9ECAV7KIM', '66VCHSJNUP', 'LS4PSXUNUM', '0PUK6V6EV0']"}
2026-08-15T18:25:45.908447182Z {"timestamp": 1786818345.9081037, "severity": "INFO", "name": "recommendationservice-server", "message": "[Recv ListRecommendations] product_ids=['L9ECAV7KIM', '66VCHSJNUP', '0PUK6V6EV0', '6E92ZMYYFZ', '1YMWWN1N4O']"}
2026-08-15T18:25:46.303162472Z {"timestamp": 1786818346.302102, "severity": "INFO", "name": "recommendationservice-server", "message": "[Recv ListRecommendations] product_ids=['66VCHSJNUP', 'LS4PSXUNUM', 'L9ECAV7KIM', '9SIQT8TOJO', '0PUK6V6EV0']"}
2026-08-15T18:25:47.381354605Z {"timestamp": 1786818347.3800888, "severity": "INFO", "name": "recommendationservice-server", "message": "[Recv ListRecommendations] product_ids=['0PUK6V6EV0', 'OLJCESPC7Z', '9SIQT8TOJO', '6E92ZMYYFZ', '1YMWWN1N4O']"}
2026-08-15T18:25:48.278807885Z {"timestamp": 1786818348.2784781, "severity": "INFO", "name": "recommendationservice-server", "message": "[Recv ListRecommendations] product_ids=['L9ECAV7KIM', 'OLJCESPC7Z', '0PUK6V6EV0', '66VCHSJNUP', '9SIQT8TOJO']"}
2026-08-15T18:25:49.672460947Z {"timestamp": 1786818349.6720402, "severity": "INFO", "name": "recommendationservice-server", "message": "[Recv ListRecommendations] product_ids=['66VCHSJNUP', '0PUK6V6EV0', '6E92ZMYYFZ', '1YMWWN1N4O', '2ZYFJ3GM2N']"}
2026-08-15T18:25:51.466339627Z {"timestamp": 1786818351.4659863, "severity": "INFO", "name": "recommendationservice-server", "message": "[Recv ListRecommendations] product_ids=['LS4PSXUNUM', '1YMWWN1N4O', '0PUK6V6EV0', '9SIQT8TOJO', 'L9ECAV7KIM']"}
2026-08-15T18:25:51.504912826Z {"timestamp": 1786818351.5046284, "severity": "INFO", "name": "recommendationservice-server", "message": "[Recv ListRecommendations] product_ids=['OLJCESPC7Z', '9SIQT8TOJO', '66VCHSJNUP', '2ZYFJ3GM2N', '6E92ZMYYFZ']"}
2026-08-15T18:25:51.651983961Z {"timestamp": 1786818351.6510632, "severity": "INFO", "name": "recommendationservice-server", "message": "[Recv ListRecommendations] product_ids=['9SIQT8TOJO', '2ZYFJ3GM2N', '1YMWWN1N4O', '0PUK6V6EV0', 'L9ECAV7KIM']"}
2026-08-15T18:25:51.938854166Z {"timestamp": 1786818351.9386237, "severity": "INFO", "name": "recommendationservice-server", "message": "[Recv ListRecommendations] product_ids=['66VCHSJNUP', 'LS4PSXUNUM', 'L9ECAV7KIM', '2ZYFJ3GM2N', '1YMWWN1N4O']"}
2026-08-15T18:25:52.009730277Z {"timestamp": 1786818352.0093849, "severity": "INFO", "name": "recommendationservice-server", "message": "[Recv ListRecommendations] product_ids=['0PUK6V6EV0', 'L9ECAV7KIM', '66VCHSJNUP', 'LS4PSXUNUM', '6E92ZMYYFZ']"}
2026-08-15T18:25:52.619882019Z {"timestamp": 1786818352.6192908, "severity": "INFO", "name": "recommendationservice-server", "message": "[Recv ListRecommendations] product_ids=['9SIQT8TOJO', '6E92ZMYYFZ', '66VCHSJNUP', 'L9ECAV7KIM', '1YMWWN1N4O']"}
2026-08-15T18:25:53.053346822Z {"timestamp": 1786818353.0523055, "severity": "INFO", "name": "recommendationservice-server", "message": "[Recv ListRecommendations] product_ids=['L9ECAV7KIM', '0PUK6V6EV0', 'LS4PSXUNUM', '66VCHSJNUP', '2ZYFJ3GM2N']"}
2026-08-15T18:25:53.510820292Z {"timestamp": 1786818353.510495, "severity": "INFO", "name": "recommendationservice-server", "message": "[Recv ListRecommendations] product_ids=['L9ECAV7KIM', '9SIQT8TOJO', '0PUK6V6EV0', '66VCHSJNUP', '2ZYFJ3GM2N']"}
2026-08-15T18:25:53.524474754Z {"timestamp": 1786818353.524193, "severity": "INFO", "name": "recommendationservice-server", "message": "[Recv ListRecommendations] product_ids=['2ZYFJ3GM2N', '9SIQT8TOJO', '0PUK6V6EV0', 'L9ECAV7KIM', '1YMWWN1N4O']"}
2026-08-15T18:25:53.536637300Z {"timestamp": 1786818353.5363493, "severity": "INFO", "name": "recommendationservice-server", "message": "[Recv ListRecommendations] product_ids=['1YMWWN1N4O', '0PUK6V6EV0', '2ZYFJ3GM2N', '9SIQT8TOJO', '66VCHSJNUP']"}
2026-08-15T18:25:54.001286034Z {"timestamp": 1786818354.0006742, "severity": "INFO", "name": "recommendationservice-server", "message": "[Recv ListRecommendations] product_ids=['9SIQT8TOJO', 'LS4PSXUNUM', '1YMWWN1N4O', 'L9ECAV7KIM', '66VCHSJNUP']"}
2026-08-15T18:25:54.022199862Z {"timestamp": 1786818354.0218315, "severity": "INFO", "name": "recommendationservice-server", "message": "[Recv ListRecommendations] product_ids=['1YMWWN1N4O', '0PUK6V6EV0', 'OLJCESPC7Z', '6E92ZMYYFZ', 'LS4PSXUNUM']"}
2026-08-15T18:25:54.576976548Z {"timestamp": 1786818354.5763235, "severity": "INFO", "name": "recommendationservice-server", "message": "[Recv ListRecommendations] product_ids=['L9ECAV7KIM', '2ZYFJ3GM2N', '0PUK6V6EV0', '1YMWWN1N4O', '9SIQT8TOJO']"}
2026-08-15T18:25:54.632689853Z {"timestamp": 1786818354.6323576, "severity": "INFO", "name": "recommendationservice-server", "message": "[Recv ListRecommendations] product_ids=['2ZYFJ3GM2N', '0PUK6V6EV0', '66VCHSJNUP', '1YMWWN1N4O', 'L9ECAV7KIM']"}
2026-08-15T18:25:54.933550898Z {"timestamp": 1786818354.9331772, "severity": "INFO", "name": "recommendationservice-server", "message": "[Recv ListRecommendations] product_ids=['2ZYFJ3GM2N', '9SIQT8TOJO', '1YMWWN1N4O', 'LS4PSXUNUM', 'L9ECAV7KIM']"}
2026-08-15T18:25:54.981987106Z {"timestamp": 1786818354.9811816, "severity": "INFO", "name": "recommendationservice-server", "message": "[Recv ListRecommendations] product_ids=['0PUK6V6EV0', '1YMWWN1N4O', '66VCHSJNUP', 'OLJCESPC7Z', 'L9ECAV7KIM']"}
2026-08-15T18:25:55.274935512Z {"timestamp": 1786818355.2738798, "severity": "INFO", "name": "recommendationservice-server", "message": "[Recv ListRecommendations] product_ids=['66VCHSJNUP', 'LS4PSXUNUM', 'OLJCESPC7Z', 'L9ECAV7KIM', '9SIQT8TOJO']"}
2026-08-15T18:25:55.425458491Z {"timestamp": 1786818355.424314, "severity": "INFO", "name": "recommendationservice-server", "message": "[Recv ListRecommendations] product_ids=['L9ECAV7KIM', '6E92ZMYYFZ', '1YMWWN1N4O', 'LS4PSXUNUM', '2ZYFJ3GM2N']"}
2026-08-15T18:25:55.713168239Z {"timestamp": 1786818355.7120304, "severity": "INFO", "name": "recommendationservice-server", "message": "[Recv ListRecommendations] product_ids=['2ZYFJ3GM2N', 'OLJCESPC7Z', '9SIQT8TOJO', '6E92ZMYYFZ', 'L9ECAV7KIM']"}
2026-08-15T18:25:57.029114305Z {"timestamp": 1786818357.0280628, "severity": "INFO", "name": "recommendationservice-server", "message": "[Recv ListRecommendations] product_ids=['1YMWWN1N4O', 'L9ECAV7KIM', 'LS4PSXUNUM', '0PUK6V6EV0', '6E92ZMYYFZ']"}
2026-08-15T18:25:57.369352940Z {"timestamp": 1786818357.3684866, "severity": "INFO", "name": "recommendationservice-server", "message": "[Recv ListRecommendations] product_ids=['1YMWWN1N4O', '9SIQT8TOJO', 'L9ECAV7KIM', 'OLJCESPC7Z', '66VCHSJNUP']"}
2026-08-15T18:25:57.464451435Z {"timestamp": 1786818357.464043, "severity": "INFO", "name": "recommendationservice-server", "message": "[Recv ListRecommendations] product_ids=['1YMWWN1N4O', '66VCHSJNUP', '9SIQT8TOJO', '6E92ZMYYFZ', 'L9ECAV7KIM']"}
2026-08-15T18:25:57.564008933Z {"timestamp": 1786818357.5635786, "severity": "INFO", "name": "recommendationservice-server", "message": "[Recv ListRecommendations] product_ids=['OLJCESPC7Z', '9SIQT8TOJO', '66VCHSJNUP', '2ZYFJ3GM2N', '6E92ZMYYFZ']"}
2026-08-15T18:25:58.522721904Z {"timestamp": 1786818358.5219815, "severity": "INFO", "name": "recommendationservice-server", "message": "[Recv ListRecommendations] product_ids=['0PUK6V6EV0', '6E92ZMYYFZ', '9SIQT8TOJO', '1YMWWN1N4O', 'LS4PSXUNUM']"}
2026-08-15T18:25:58.664512887Z {"timestamp": 1786818358.6640847, "severity": "INFO", "name": "recommendationservice-server", "message": "[Recv ListRecommendations] product_ids=['9SIQT8TOJO', '2ZYFJ3GM2N', 'OLJCESPC7Z', 'LS4PSXUNUM', '66VCHSJNUP']"}
2026-08-15T18:25:59.033016353Z {"timestamp": 1786818359.0324256, "severity": "INFO", "name": "recommendationservice-server", "message": "[Recv ListRecommendations] product_ids=['66VCHSJNUP', '2ZYFJ3GM2N', 'L9ECAV7KIM', 'OLJCESPC7Z', '9SIQT8TOJO']"}
2026-08-15T18:25:59.211120915Z {"timestamp": 1786818359.2106547, "severity": "INFO", "name": "recommendationservice-server", "message": "[Recv ListRecommendations] product_ids=['9SIQT8TOJO', 'OLJCESPC7Z', 'LS4PSXUNUM', 'L9ECAV7KIM', '66VCHSJNUP']"}
2026-08-15T18:26:00.244215360Z {"timestamp": 1786818360.2429316, "severity": "INFO", "name": "recommendationservice-server", "message": "[Recv ListRecommendations] product_ids=['6E92ZMYYFZ', '0PUK6V6EV0', 'OLJCESPC7Z', '9SIQT8TOJO', '66VCHSJNUP']"}
2026-08-15T18:26:00.252830149Z {"timestamp": 1786818360.251967, "severity": "INFO", "name": "recommendationservice-server", "message": "[Recv ListRecommendations] product_ids=['2ZYFJ3GM2N', 'OLJCESPC7Z', '1YMWWN1N4O', 'LS4PSXUNUM', 'L9ECAV7KIM']"}
2026-08-15T18:26:00.444317525Z {"timestamp": 1786818360.443621, "severity": "INFO", "name": "recommendationservice-server", "message": "[Recv ListRecommendations] product_ids=['0PUK6V6EV0', '9SIQT8TOJO', 'OLJCESPC7Z', 'LS4PSXUNUM', '2ZYFJ3GM2N']"}
2026-08-15T18:26:00.904606859Z {"timestamp": 1786818360.8919225, "severity": "INFO", "name": "recommendationservice-server", "message": "[Recv ListRecommendations] product_ids=['OLJCESPC7Z', '2ZYFJ3GM2N', '6E92ZMYYFZ', 'L9ECAV7KIM', 'LS4PSXUNUM']"}
2026-08-15T18:26:01.059993770Z {"timestamp": 1786818361.0595548, "severity": "INFO", "name": "recommendationservice-server", "message": "[Recv ListRecommendations] product_ids=['0PUK6V6EV0', 'LS4PSXUNUM', '66VCHSJNUP', 'L9ECAV7KIM', 'OLJCESPC7Z']"}
2026-08-15T18:26:01.238757878Z {"timestamp": 1786818361.238179, "severity": "INFO", "name": "recommendationservice-server", "message": "[Recv ListRecommendations] product_ids=['2ZYFJ3GM2N', 'OLJCESPC7Z', 'LS4PSXUNUM', '66VCHSJNUP', '9SIQT8TOJO']"}
2026-08-15T18:26:01.538142723Z {"timestamp": 1786818361.5371745, "severity": "INFO", "name": "recommendationservice-server", "message": "[Recv ListRecommendations] product_ids=['6E92ZMYYFZ', '1YMWWN1N4O', '66VCHSJNUP', '2ZYFJ3GM2N', 'OLJCESPC7Z']"}
2026-08-15T18:26:02.382168140Z {"timestamp": 1786818362.3818734, "severity": "INFO", "name": "recommendationservice-server", "message": "[Recv ListRecommendations] product_ids=['6E92ZMYYFZ', 'LS4PSXUNUM', 'L9ECAV7KIM', '66VCHSJNUP', '1YMWWN1N4O']"}
2026-08-15T18:26:03.443070646Z {"timestamp": 1786818363.4420128, "severity": "INFO", "name": "recommendationservice-server", "message": "[Recv ListRecommendations] product_ids=['2ZYFJ3GM2N', 'L9ECAV7KIM', '9SIQT8TOJO', '1YMWWN1N4O', '66VCHSJNUP']"}
2026-08-15T18:26:03.988952628Z {"timestamp": 1786818363.9878724, "severity": "INFO", "name": "recommendationservice-server", "message": "[Recv ListRecommendations] product_ids=['6E92ZMYYFZ', '66VCHSJNUP', 'LS4PSXUNUM', '0PUK6V6EV0', 'OLJCESPC7Z']"}
2026-08-15T18:26:04.123375382Z {"timestamp": 1786818364.122524, "severity": "INFO", "name": "recommendationservice-server", "message": "[Recv ListRecommendations] product_ids=['2ZYFJ3GM2N', '0PUK6V6EV0', 'L9ECAV7KIM', 'LS4PSXUNUM', '9SIQT8TOJO']"}
2026-08-15T18:26:04.416643080Z {"timestamp": 1786818364.4163425, "severity": "INFO", "name": "recommendationservice-server", "message": "[Recv ListRecommendations] product_ids=['OLJCESPC7Z', '2ZYFJ3GM2N', '6E92ZMYYFZ', 'L9ECAV7KIM', '66VCHSJNUP']"}
2026-08-15T18:26:04.705897150Z {"timestamp": 1786818364.7056544, "severity": "INFO", "name": "recommendationservice-server", "message": "[Recv ListRecommendations] product_ids=['66VCHSJNUP', '2ZYFJ3GM2N', '0PUK6V6EV0', 'OLJCESPC7Z', 'L9ECAV7KIM']"}
2026-08-15T18:26:04.989609904Z {"timestamp": 1786818364.9886103, "severity": "INFO", "name": "recommendationservice-server", "message": "[Recv ListRecommendations] product_ids=['66VCHSJNUP', 'L9ECAV7KIM', '0PUK6V6EV0', '2ZYFJ3GM2N', '1YMWWN1N4O']"}
2026-08-15T18:26:05.484794799Z {"timestamp": 1786818365.4837534, "severity": "INFO", "name": "recommendationservice-server", "message": "[Recv ListRecommendations] product_ids=['66VCHSJNUP', '2ZYFJ3GM2N', '9SIQT8TOJO', 'LS4PSXUNUM', 'L9ECAV7KIM']"}
2026-08-15T18:26:05.561089743Z {"timestamp": 1786818365.5600886, "severity": "INFO", "name": "recommendationservice-server", "message": "[Recv ListRecommendations] product_ids=['2ZYFJ3GM2N', '6E92ZMYYFZ', '66VCHSJNUP', '1YMWWN1N4O', 'LS4PSXUNUM']"}
2026-08-15T18:26:05.661359352Z {"timestamp": 1786818365.6601367, "severity": "INFO", "name": "recommendationservice-server", "message": "[Recv ListRecommendations] product_ids=['9SIQT8TOJO', '66VCHSJNUP', '0PUK6V6EV0', '6E92ZMYYFZ', '1YMWWN1N4O']"}
2026-08-15T18:26:05.751990613Z {"timestamp": 1786818365.7509353, "severity": "INFO", "name": "recommendationservice-server", "message": "[Recv ListRecommendations] product_ids=['LS4PSXUNUM', '66VCHSJNUP', '2ZYFJ3GM2N', '6E92ZMYYFZ', '9SIQT8TOJO']"}
2026-08-15T18:26:05.854997478Z {"timestamp": 1786818365.854059, "severity": "INFO", "name": "recommendationservice-server", "message": "[Recv ListRecommendations] product_ids=['66VCHSJNUP', 'LS4PSXUNUM', '1YMWWN1N4O', 'L9ECAV7KIM', 'OLJCESPC7Z']"}
2026-08-15T18:26:06.060138558Z {"timestamp": 1786818366.0562966, "severity": "INFO", "name": "recommendationservice-server", "message": "[Recv ListRecommendations] product_ids=['0PUK6V6EV0', '66VCHSJNUP', '9SIQT8TOJO', 'OLJCESPC7Z', '6E92ZMYYFZ']"}
2026-08-15T18:26:06.133270422Z {"timestamp": 1786818366.1328328, "severity": "INFO", "name": "recommendationservice-server", "message": "[Recv ListRecommendations] product_ids=['9SIQT8TOJO', '66VCHSJNUP', '2ZYFJ3GM2N', '0PUK6V6EV0', '6E92ZMYYFZ']"}
2026-08-15T18:26:06.141235276Z {"timestamp": 1786818366.140084, "severity": "INFO", "name": "recommendationservice-server", "message": "[Recv ListRecommendations] product_ids=['9SIQT8TOJO', 'OLJCESPC7Z', '1YMWWN1N4O', '2ZYFJ3GM2N', 'LS4PSXUNUM']"}
2026-08-15T18:26:06.730992256Z {"timestamp": 1786818366.729818, "severity": "INFO", "name": "recommendationservice-server", "message": "[Recv ListRecommendations] product_ids=['0PUK6V6EV0', 'OLJCESPC7Z', '2ZYFJ3GM2N', '6E92ZMYYFZ', '66VCHSJNUP']"}
2026-08-15T18:26:07.297157993Z {"timestamp": 1786818367.2968187, "severity": "INFO", "name": "recommendationservice-server", "message": "[Recv ListRecommendations] product_ids=['66VCHSJNUP', '2ZYFJ3GM2N', 'OLJCESPC7Z', '6E92ZMYYFZ', '9SIQT8TOJO']"}
2026-08-15T18:26:07.423334277Z {"timestamp": 1786818367.423049, "severity": "INFO", "name": "recommendationservice-server", "message": "[Recv ListRecommendations] product_ids=['OLJCESPC7Z', 'LS4PSXUNUM', '1YMWWN1N4O', '6E92ZMYYFZ', 'L9ECAV7KIM']"}
2026-08-15T18:26:07.489410639Z {"timestamp": 1786818367.4890716, "severity": "INFO", "name": "recommendationservice-server", "message": "[Recv ListRecommendations] product_ids=['6E92ZMYYFZ', '0PUK6V6EV0', '1YMWWN1N4O', '9SIQT8TOJO', 'OLJCESPC7Z']"}
2026-08-15T18:26:07.688615382Z {"timestamp": 1786818367.6883063, "severity": "INFO", "name": "recommendationservice-server", "message": "[Recv ListRecommendations] product_ids=['66VCHSJNUP', 'OLJCESPC7Z', '2ZYFJ3GM2N', 'LS4PSXUNUM', '1YMWWN1N4O']"}
2026-08-15T18:26:08.909225482Z {"timestamp": 1786818368.908119, "severity": "INFO", "name": "recommendationservice-server", "message": "[Recv ListRecommendations] product_ids=['2ZYFJ3GM2N', '66VCHSJNUP', '1YMWWN1N4O', 'OLJCESPC7Z', 'LS4PSXUNUM']"}
2026-08-15T18:26:09.112614662Z {"timestamp": 1786818369.1122148, "severity": "INFO", "name": "recommendationservice-server", "message": "[Recv ListRecommendations] product_ids=['9SIQT8TOJO', 'L9ECAV7KIM', '0PUK6V6EV0', '6E92ZMYYFZ', '66VCHSJNUP']"}
2026-08-15T18:26:09.476420577Z {"timestamp": 1786818369.4730985, "severity": "INFO", "name": "recommendationservice-server", "message": "[Recv ListRecommendations] product_ids=['LS4PSXUNUM', '0PUK6V6EV0', '2ZYFJ3GM2N', '9SIQT8TOJO', '66VCHSJNUP']"}
2026-08-15T18:26:09.665862764Z {"timestamp": 1786818369.6654809, "severity": "INFO", "name": "recommendationservice-server", "message": "[Recv ListRecommendations] product_ids=['1YMWWN1N4O', '6E92ZMYYFZ', 'L9ECAV7KIM', 'LS4PSXUNUM', '0PUK6V6EV0']"}
2026-08-15T18:26:10.070447452Z {"timestamp": 1786818370.0701003, "severity": "INFO", "name": "recommendationservice-server", "message": "[Recv ListRecommendations] product_ids=['OLJCESPC7Z', 'L9ECAV7KIM', '2ZYFJ3GM2N', '1YMWWN1N4O', '66VCHSJNUP']"}
2026-08-15T18:26:11.262260330Z {"timestamp": 1786818371.2619767, "severity": "INFO", "name": "recommendationservice-server", "message": "[Recv ListRecommendations] product_ids=['9SIQT8TOJO', '2ZYFJ3GM2N', '66VCHSJNUP', 'L9ECAV7KIM', '0PUK6V6EV0']"}
2026-08-15T18:26:11.517212991Z {"timestamp": 1786818371.5168867, "severity": "INFO", "name": "recommendationservice-server", "message": "[Recv ListRecommendations] product_ids=['9SIQT8TOJO', '1YMWWN1N4O', '2ZYFJ3GM2N', 'OLJCESPC7Z', 'LS4PSXUNUM']"}
2026-08-15T18:26:12.127413613Z {"timestamp": 1786818372.1262727, "severity": "INFO", "name": "recommendationservice-server", "message": "[Recv ListRecommendations] product_ids=['6E92ZMYYFZ', '2ZYFJ3GM2N', 'L9ECAV7KIM', 'OLJCESPC7Z', '9SIQT8TOJO']"}
2026-08-15T18:26:12.540850472Z {"timestamp": 1786818372.53974, "severity": "INFO", "name": "recommendationservice-server", "message": "[Recv ListRecommendations] product_ids=['2ZYFJ3GM2N', '0PUK6V6EV0', 'OLJCESPC7Z', 'LS4PSXUNUM', '6E92ZMYYFZ']"}
2026-08-15T18:26:12.782741326Z {"timestamp": 1786818372.7818534, "severity": "INFO", "name": "recommendationservice-server", "message": "[Recv ListRecommendations] product_ids=['0PUK6V6EV0', '6E92ZMYYFZ', 'OLJCESPC7Z', '9SIQT8TOJO', 'L9ECAV7KIM']"}
2026-08-15T18:26:13.469170261Z {"timestamp": 1786818373.468151, "severity": "INFO", "name": "recommendationservice-server", "message": "[Recv ListRecommendations] product_ids=['OLJCESPC7Z', '9SIQT8TOJO', 'LS4PSXUNUM', '0PUK6V6EV0', '1YMWWN1N4O']"}
2026-08-15T18:26:13.560702519Z {"timestamp": 1786818373.559609, "severity": "INFO", "name": "recommendationservice-server", "message": "[Recv ListRecommendations] product_ids=['1YMWWN1N4O', '66VCHSJNUP', '2ZYFJ3GM2N', 'LS4PSXUNUM', 'L9ECAV7KIM']"}
2026-08-15T18:26:14.133106705Z {"timestamp": 1786818374.1320405, "severity": "INFO", "name": "recommendationservice-server", "message": "[Recv ListRecommendations] product_ids=['6E92ZMYYFZ', '2ZYFJ3GM2N', '1YMWWN1N4O', 'OLJCESPC7Z', 'LS4PSXUNUM']"}
2026-08-15T18:26:14.312782713Z {"timestamp": 1786818374.312177, "severity": "INFO", "name": "recommendationservice-server", "message": "[Recv ListRecommendations] product_ids=['9SIQT8TOJO', 'OLJCESPC7Z', '2ZYFJ3GM2N', '1YMWWN1N4O', '6E92ZMYYFZ']"}
2026-08-15T18:26:16.481021954Z {"timestamp": 1786818376.4799328, "severity": "INFO", "name": "recommendationservice-server", "message": "[Recv ListRecommendations] product_ids=['OLJCESPC7Z', 'LS4PSXUNUM', '1YMWWN1N4O', 'L9ECAV7KIM', '6E92ZMYYFZ']"}
2026-08-15T18:26:16.584485150Z {"timestamp": 1786818376.583426, "severity": "INFO", "name": "recommendationservice-server", "message": "[Recv ListRecommendations] product_ids=['OLJCESPC7Z', 'LS4PSXUNUM', '66VCHSJNUP', '9SIQT8TOJO', '1YMWWN1N4O']"}
2026-08-15T18:26:16.676468436Z {"timestamp": 1786818376.6752212, "severity": "INFO", "name": "recommendationservice-server", "message": "[Recv ListRecommendations] product_ids=['9SIQT8TOJO', '6E92ZMYYFZ', '1YMWWN1N4O', 'LS4PSXUNUM', '2ZYFJ3GM2N']"}
2026-08-15T18:26:16.681293734Z {"timestamp": 1786818376.680487, "severity": "INFO", "name": "recommendationservice-server", "message": "[Recv ListRecommendations] product_ids=['0PUK6V6EV0', 'L9ECAV7KIM', '1YMWWN1N4O', '6E92ZMYYFZ', 'LS4PSXUNUM']"}
2026-08-15T18:26:16.775138536Z {"timestamp": 1786818376.774185, "severity": "INFO", "name": "recommendationservice-server", "message": "[Recv ListRecommendations] product_ids=['6E92ZMYYFZ', '1YMWWN1N4O', 'LS4PSXUNUM', 'OLJCESPC7Z', '0PUK6V6EV0']"}
2026-08-15T18:26:18.037017978Z {"timestamp": 1786818378.0358765, "severity": "INFO", "name": "recommendationservice-server", "message": "[Recv ListRecommendations] product_ids=['LS4PSXUNUM', '0PUK6V6EV0', '1YMWWN1N4O', '6E92ZMYYFZ', '66VCHSJNUP']"}
2026-08-15T18:26:18.457092421Z {"timestamp": 1786818378.4560173, "severity": "INFO", "name": "recommendationservice-server", "message": "[Recv ListRecommendations] product_ids=['0PUK6V6EV0', 'L9ECAV7KIM', '2ZYFJ3GM2N', 'LS4PSXUNUM', 'OLJCESPC7Z']"}
2026-08-15T18:26:18.780879512Z {"timestamp": 1786818378.77999, "severity": "INFO", "name": "recommendationservice-server", "message": "[Recv ListRecommendations] product_ids=['2ZYFJ3GM2N', '1YMWWN1N4O', '66VCHSJNUP', 'OLJCESPC7Z', '9SIQT8TOJO']"}
2026-08-15T18:26:19.088094543Z {"timestamp": 1786818379.0877, "severity": "INFO", "name": "recommendationservice-server", "message": "[Recv ListRecommendations] product_ids=['66VCHSJNUP', '9SIQT8TOJO', 'LS4PSXUNUM', 'L9ECAV7KIM', '2ZYFJ3GM2N']"}
2026-08-15T18:26:19.929533112Z {"timestamp": 1786818379.9292748, "severity": "INFO", "name": "recommendationservice-server", "message": "[Recv ListRecommendations] product_ids=['OLJCESPC7Z', '66VCHSJNUP', '6E92ZMYYFZ', '0PUK6V6EV0', '2ZYFJ3GM2N']"}
2026-08-15T18:26:19.942090015Z {"timestamp": 1786818379.9418015, "severity": "INFO", "name": "recommendationservice-server", "message": "[Recv ListRecommendations] product_ids=['1YMWWN1N4O', '66VCHSJNUP', 'LS4PSXUNUM', '6E92ZMYYFZ', 'OLJCESPC7Z']"}
2026-08-15T18:26:20.000399541Z {"timestamp": 1786818380.0001245, "severity": "INFO", "name": "recommendationservice-server", "message": "[Recv ListRecommendations] product_ids=['9SIQT8TOJO', '1YMWWN1N4O', 'L9ECAV7KIM', '6E92ZMYYFZ', '66VCHSJNUP']"}
2026-08-15T18:26:20.368764480Z {"timestamp": 1786818380.3675532, "severity": "INFO", "name": "recommendationservice-server", "message": "[Recv ListRecommendations] product_ids=['LS4PSXUNUM', '9SIQT8TOJO', '66VCHSJNUP', '1YMWWN1N4O', 'L9ECAV7KIM']"}
2026-08-15T18:26:21.824056475Z {"timestamp": 1786818381.8237298, "severity": "INFO", "name": "recommendationservice-server", "message": "[Recv ListRecommendations] product_ids=['9SIQT8TOJO', 'LS4PSXUNUM', '66VCHSJNUP', '2ZYFJ3GM2N', '6E92ZMYYFZ']"}
2026-08-15T18:26:22.696283711Z {"timestamp": 1786818382.6959605, "severity": "INFO", "name": "recommendationservice-server", "message": "[Recv ListRecommendations] product_ids=['1YMWWN1N4O', 'OLJCESPC7Z', 'L9ECAV7KIM', '6E92ZMYYFZ', '9SIQT8TOJO']"}
2026-08-15T18:26:24.187944130Z {"timestamp": 1786818384.1876874, "severity": "INFO", "name": "recommendationservice-server", "message": "[Recv ListRecommendations] product_ids=['66VCHSJNUP', '9SIQT8TOJO', '6E92ZMYYFZ', 'OLJCESPC7Z', 'L9ECAV7KIM']"}
2026-08-15T18:26:24.206972346Z {"timestamp": 1786818384.2065752, "severity": "INFO", "name": "recommendationservice-server", "message": "[Recv ListRecommendations] product_ids=['66VCHSJNUP', '0PUK6V6EV0', '6E92ZMYYFZ', 'OLJCESPC7Z', 'LS4PSXUNUM']"}
2026-08-15T18:26:24.733420486Z {"timestamp": 1786818384.7331097, "severity": "INFO", "name": "recommendationservice-server", "message": "[Recv ListRecommendations] product_ids=['LS4PSXUNUM', '0PUK6V6EV0', 'OLJCESPC7Z', '1YMWWN1N4O', '9SIQT8TOJO']"}
2026-08-15T18:26:24.869709395Z {"timestamp": 1786818384.8694668, "severity": "INFO", "name": "recommendationservice-server", "message": "[Recv ListRecommendations] product_ids=['2ZYFJ3GM2N', '1YMWWN1N4O', 'L9ECAV7KIM', '0PUK6V6EV0', '9SIQT8TOJO']"}
2026-08-15T18:26:25.012887945Z {"timestamp": 1786818385.0125947, "severity": "INFO", "name": "recommendationservice-server", "message": "[Recv ListRecommendations] product_ids=['2ZYFJ3GM2N', '1YMWWN1N4O', '6E92ZMYYFZ', '9SIQT8TOJO', 'OLJCESPC7Z']"}
2026-08-15T18:26:25.015794830Z {"timestamp": 1786818385.0155094, "severity": "INFO", "name": "recommendationservice-server", "message": "[Recv ListRecommendations] product_ids=['OLJCESPC7Z', '66VCHSJNUP', '6E92ZMYYFZ', 'L9ECAV7KIM', '9SIQT8TOJO']"}
2026-08-15T18:26:25.030303058Z {"timestamp": 1786818385.0300267, "severity": "INFO", "name": "recommendationservice-server", "message": "[Recv ListRecommendations] product_ids=['2ZYFJ3GM2N', 'L9ECAV7KIM', '0PUK6V6EV0', 'OLJCESPC7Z', '66VCHSJNUP']"}
2026-08-15T18:26:26.019231518Z {"timestamp": 1786818386.0189507, "severity": "INFO", "name": "recommendationservice-server", "message": "[Recv ListRecommendations] product_ids=['6E92ZMYYFZ', '0PUK6V6EV0', '9SIQT8TOJO', '1YMWWN1N4O', '66VCHSJNUP']"}
2026-08-15T18:26:26.475397897Z {"timestamp": 1786818386.475041, "severity": "INFO", "name": "recommendationservice-server", "message": "[Recv ListRecommendations] product_ids=['1YMWWN1N4O', 'L9ECAV7KIM', 'LS4PSXUNUM', '2ZYFJ3GM2N', '66VCHSJNUP']"}
2026-08-15T18:26:27.166286634Z {"timestamp": 1786818387.1659782, "severity": "INFO", "name": "recommendationservice-server", "message": "[Recv ListRecommendations] product_ids=['1YMWWN1N4O', 'OLJCESPC7Z', '0PUK6V6EV0', '9SIQT8TOJO', 'L9ECAV7KIM']"}
2026-08-15T18:26:27.634432666Z {"timestamp": 1786818387.6341205, "severity": "INFO", "name": "recommendationservice-server", "message": "[Recv ListRecommendations] product_ids=['2ZYFJ3GM2N', '6E92ZMYYFZ', '9SIQT8TOJO', '66VCHSJNUP', 'L9ECAV7KIM']"}
2026-08-15T18:26:27.652402496Z {"timestamp": 1786818387.6520667, "severity": "INFO", "name": "recommendationservice-server", "message": "[Recv ListRecommendations] product_ids=['6E92ZMYYFZ', 'L9ECAV7KIM', '0PUK6V6EV0', '66VCHSJNUP', 'OLJCESPC7Z']"}
2026-08-15T18:26:27.764627252Z {"timestamp": 1786818387.764293, "severity": "INFO", "name": "recommendationservice-server", "message": "[Recv ListRecommendations] product_ids=['66VCHSJNUP', '6E92ZMYYFZ', '9SIQT8TOJO', '1YMWWN1N4O', 'L9ECAV7KIM']"}
2026-08-15T18:26:28.116932401Z {"timestamp": 1786818388.1166387, "severity": "INFO", "name": "recommendationservice-server", "message": "[Recv ListRecommendations] product_ids=['2ZYFJ3GM2N', '9SIQT8TOJO', 'LS4PSXUNUM', 'OLJCESPC7Z', '1YMWWN1N4O']"}
2026-08-15T18:26:28.198691041Z {"timestamp": 1786818388.1982965, "severity": "INFO", "name": "recommendationservice-server", "message": "[Recv ListRecommendations] product_ids=['LS4PSXUNUM', '9SIQT8TOJO', 'L9ECAV7KIM', '66VCHSJNUP', 'OLJCESPC7Z']"}
2026-08-15T18:26:28.288687199Z {"timestamp": 1786818388.288321, "severity": "INFO", "name": "recommendationservice-server", "message": "[Recv ListRecommendations] product_ids=['OLJCESPC7Z', 'L9ECAV7KIM', '6E92ZMYYFZ', '2ZYFJ3GM2N', '9SIQT8TOJO']"}
2026-08-15T18:26:28.910920619Z {"timestamp": 1786818388.9105592, "severity": "INFO", "name": "recommendationservice-server", "message": "[Recv ListRecommendations] product_ids=['L9ECAV7KIM', '66VCHSJNUP', 'OLJCESPC7Z', 'LS4PSXUNUM', '2ZYFJ3GM2N']"}
2026-08-15T18:26:29.102163343Z {"timestamp": 1786818389.1018066, "severity": "INFO", "name": "recommendationservice-server", "message": "[Recv ListRecommendations] product_ids=['0PUK6V6EV0', '1YMWWN1N4O', '66VCHSJNUP', '9SIQT8TOJO', 'LS4PSXUNUM']"}
2026-08-15T18:26:29.523849554Z {"timestamp": 1786818389.523497, "severity": "INFO", "name": "recommendationservice-server", "message": "[Recv ListRecommendations] product_ids=['OLJCESPC7Z', '1YMWWN1N4O', '6E92ZMYYFZ', '66VCHSJNUP', '0PUK6V6EV0']"}
2026-08-15T18:26:29.929795726Z {"timestamp": 1786818389.9294522, "severity": "INFO", "name": "recommendationservice-server", "message": "[Recv ListRecommendations] product_ids=['0PUK6V6EV0', '9SIQT8TOJO', 'L9ECAV7KIM', '1YMWWN1N4O', '66VCHSJNUP']"}
2026-08-15T18:26:29.972521812Z {"timestamp": 1786818389.97212, "severity": "INFO", "name": "recommendationservice-server", "message": "[Recv ListRecommendations] product_ids=['0PUK6V6EV0', 'OLJCESPC7Z', '66VCHSJNUP', 'L9ECAV7KIM', '9SIQT8TOJO']"}
2026-08-15T18:26:30.589545605Z {"timestamp": 1786818390.5891695, "severity": "INFO", "name": "recommendationservice-server", "message": "[Recv ListRecommendations] product_ids=['OLJCESPC7Z', '0PUK6V6EV0', '2ZYFJ3GM2N', 'L9ECAV7KIM', 'LS4PSXUNUM']"}
2026-08-15T18:26:30.844786852Z {"timestamp": 1786818390.8444493, "severity": "INFO", "name": "recommendationservice-server", "message": "[Recv ListRecommendations] product_ids=['L9ECAV7KIM', '6E92ZMYYFZ', '2ZYFJ3GM2N', '9SIQT8TOJO', 'OLJCESPC7Z']"}
2026-08-15T18:26:30.891093263Z {"timestamp": 1786818390.890697, "severity": "INFO", "name": "recommendationservice-server", "message": "[Recv ListRecommendations] product_ids=['1YMWWN1N4O', '6E92ZMYYFZ', '66VCHSJNUP', '9SIQT8TOJO', 'OLJCESPC7Z']"}
2026-08-15T18:26:31.768875549Z {"timestamp": 1786818391.7685611, "severity": "INFO", "name": "recommendationservice-server", "message": "[Recv ListRecommendations] product_ids=['6E92ZMYYFZ', 'L9ECAV7KIM', '9SIQT8TOJO', '0PUK6V6EV0', 'OLJCESPC7Z']"}
2026-08-15T18:26:32.184839101Z {"timestamp": 1786818392.1845245, "severity": "INFO", "name": "recommendationservice-server", "message": "[Recv ListRecommendations] product_ids=['6E92ZMYYFZ', 'OLJCESPC7Z', '1YMWWN1N4O', '9SIQT8TOJO', '66VCHSJNUP']"}
