2026-08-15T12:14:39.454799384Z {"timestamp": 1786796079.4528913, "severity": "INFO", "name": "recommendationservice-server", "message": "[Recv ListRecommendations] product_ids=['66VCHSJNUP', 'L9ECAV7KIM', '9SIQT8TOJO', '0PUK6V6EV0', '6E92ZMYYFZ']"}
2026-08-15T12:14:40.229790794Z {"timestamp": 1786796080.2285972, "severity": "INFO", "name": "recommendationservice-server", "message": "[Recv ListRecommendations] product_ids=['9SIQT8TOJO', 'L9ECAV7KIM', 'LS4PSXUNUM', '6E92ZMYYFZ', '0PUK6V6EV0']"}
2026-08-15T12:14:42.248012259Z {"timestamp": 1786796082.2469769, "severity": "INFO", "name": "recommendationservice-server", "message": "[Recv ListRecommendations] product_ids=['6E92ZMYYFZ', '9SIQT8TOJO', '0PUK6V6EV0', 'L9ECAV7KIM', '66VCHSJNUP']"}
2026-08-15T12:14:42.269256936Z {"timestamp": 1786796082.2681315, "severity": "INFO", "name": "recommendationservice-server", "message": "[Recv ListRecommendations] product_ids=['6E92ZMYYFZ', '0PUK6V6EV0', 'LS4PSXUNUM', '66VCHSJNUP', '1YMWWN1N4O']"}
2026-08-15T12:14:42.445154627Z {"timestamp": 1786796082.4425342, "severity": "INFO", "name": "recommendationservice-server", "message": "[Recv ListRecommendations] product_ids=['66VCHSJNUP', 'LS4PSXUNUM', '0PUK6V6EV0', '9SIQT8TOJO', '1YMWWN1N4O']"}
2026-08-15T12:14:42.986014353Z {"timestamp": 1786796082.9846566, "severity": "INFO", "name": "recommendationservice-server", "message": "[Recv ListRecommendations] product_ids=['1YMWWN1N4O', 'OLJCESPC7Z', '2ZYFJ3GM2N', '66VCHSJNUP', 'L9ECAV7KIM']"}
2026-08-15T12:14:43.216320549Z {"timestamp": 1786796083.2155628, "severity": "INFO", "name": "recommendationservice-server", "message": "[Recv ListRecommendations] product_ids=['LS4PSXUNUM', '9SIQT8TOJO', '0PUK6V6EV0', '66VCHSJNUP', '2ZYFJ3GM2N']"}
2026-08-15T12:14:43.816385623Z {"timestamp": 1786796083.8156283, "severity": "INFO", "name": "recommendationservice-server", "message": "[Recv ListRecommendations] product_ids=['9SIQT8TOJO', '66VCHSJNUP', '6E92ZMYYFZ', '1YMWWN1N4O', 'OLJCESPC7Z']"}
2026-08-15T12:14:44.157953144Z {"timestamp": 1786796084.156908, "severity": "INFO", "name": "recommendationservice-server", "message": "[Recv ListRecommendations] product_ids=['0PUK6V6EV0', 'LS4PSXUNUM', 'L9ECAV7KIM', '66VCHSJNUP', 'OLJCESPC7Z']"}
2026-08-15T12:14:44.331461448Z {"timestamp": 1786796084.3303497, "severity": "INFO", "name": "recommendationservice-server", "message": "[Recv ListRecommendations] product_ids=['2ZYFJ3GM2N', '66VCHSJNUP', 'LS4PSXUNUM', 'L9ECAV7KIM', '0PUK6V6EV0']"}
2026-08-15T12:14:44.434444188Z {"timestamp": 1786796084.4338248, "severity": "INFO", "name": "recommendationservice-server", "message": "[Recv ListRecommendations] product_ids=['9SIQT8TOJO', '66VCHSJNUP', 'L9ECAV7KIM', 'OLJCESPC7Z', '2ZYFJ3GM2N']"}
2026-08-15T12:14:45.000699932Z {"timestamp": 1786796084.9994388, "severity": "INFO", "name": "recommendationservice-server", "message": "[Recv ListRecommendations] product_ids=['OLJCESPC7Z', '66VCHSJNUP', '2ZYFJ3GM2N', '9SIQT8TOJO', '0PUK6V6EV0']"}
2026-08-15T12:14:45.083963366Z {"timestamp": 1786796085.0832696, "severity": "INFO", "name": "recommendationservice-server", "message": "[Recv ListRecommendations] product_ids=['6E92ZMYYFZ', 'OLJCESPC7Z', '0PUK6V6EV0', '1YMWWN1N4O', 'LS4PSXUNUM']"}
2026-08-15T12:14:45.105984045Z {"timestamp": 1786796085.1054933, "severity": "INFO", "name": "recommendationservice-server", "message": "[Recv ListRecommendations] product_ids=['6E92ZMYYFZ', '9SIQT8TOJO', '66VCHSJNUP', 'LS4PSXUNUM', '0PUK6V6EV0']"}
2026-08-15T12:14:45.713070827Z {"timestamp": 1786796085.7127385, "severity": "INFO", "name": "recommendationservice-server", "message": "[Recv ListRecommendations] product_ids=['LS4PSXUNUM', '6E92ZMYYFZ', '0PUK6V6EV0', '66VCHSJNUP', '2ZYFJ3GM2N']"}
2026-08-15T12:14:45.734509812Z {"timestamp": 1786796085.7341793, "severity": "INFO", "name": "recommendationservice-server", "message": "[Recv ListRecommendations] product_ids=['L9ECAV7KIM', 'LS4PSXUNUM', '6E92ZMYYFZ', '1YMWWN1N4O', '2ZYFJ3GM2N']"}
2026-08-15T12:14:45.786158107Z {"timestamp": 1786796085.7858224, "severity": "INFO", "name": "recommendationservice-server", "message": "[Recv ListRecommendations] product_ids=['L9ECAV7KIM', '0PUK6V6EV0', '2ZYFJ3GM2N', 'OLJCESPC7Z', '6E92ZMYYFZ']"}
2026-08-15T12:14:46.007617305Z {"timestamp": 1786796086.0072474, "severity": "INFO", "name": "recommendationservice-server", "message": "[Recv ListRecommendations] product_ids=['9SIQT8TOJO', '0PUK6V6EV0', '1YMWWN1N4O', '66VCHSJNUP', 'L9ECAV7KIM']"}
2026-08-15T12:14:46.250169031Z {"timestamp": 1786796086.2489245, "severity": "INFO", "name": "recommendationservice-server", "message": "[Recv ListRecommendations] product_ids=['9SIQT8TOJO', '2ZYFJ3GM2N', '6E92ZMYYFZ', 'L9ECAV7KIM', '0PUK6V6EV0']"}
2026-08-15T12:14:46.630346329Z {"timestamp": 1786796086.6289198, "severity": "INFO", "name": "recommendationservice-server", "message": "[Recv ListRecommendations] product_ids=['2ZYFJ3GM2N', '0PUK6V6EV0', 'L9ECAV7KIM', '6E92ZMYYFZ', 'OLJCESPC7Z']"}
2026-08-15T12:14:47.565408522Z {"timestamp": 1786796087.5647895, "severity": "INFO", "name": "recommendationservice-server", "message": "[Recv ListRecommendations] product_ids=['LS4PSXUNUM', 'OLJCESPC7Z', 'L9ECAV7KIM', '6E92ZMYYFZ', '1YMWWN1N4O']"}
2026-08-15T12:14:48.137240072Z {"timestamp": 1786796088.1368659, "severity": "INFO", "name": "recommendationservice-server", "message": "[Recv ListRecommendations] product_ids=['0PUK6V6EV0', '66VCHSJNUP', '9SIQT8TOJO', '6E92ZMYYFZ', '2ZYFJ3GM2N']"}
2026-08-15T12:14:48.157436655Z {"timestamp": 1786796088.1570017, "severity": "INFO", "name": "recommendationservice-server", "message": "[Recv ListRecommendations] product_ids=['2ZYFJ3GM2N', '9SIQT8TOJO', '66VCHSJNUP', '6E92ZMYYFZ', '1YMWWN1N4O']"}
2026-08-15T12:14:48.255251955Z {"timestamp": 1786796088.254844, "severity": "INFO", "name": "recommendationservice-server", "message": "[Recv ListRecommendations] product_ids=['6E92ZMYYFZ', 'L9ECAV7KIM', '0PUK6V6EV0', 'OLJCESPC7Z', '9SIQT8TOJO']"}
2026-08-15T12:14:48.393830481Z {"timestamp": 1786796088.3925695, "severity": "INFO", "name": "recommendationservice-server", "message": "[Recv ListRecommendations] product_ids=['9SIQT8TOJO', 'L9ECAV7KIM', '0PUK6V6EV0', '1YMWWN1N4O', 'LS4PSXUNUM']"}
2026-08-15T12:14:48.476879380Z {"timestamp": 1786796088.475914, "severity": "INFO", "name": "recommendationservice-server", "message": "[Recv ListRecommendations] product_ids=['66VCHSJNUP', '9SIQT8TOJO', 'OLJCESPC7Z', 'L9ECAV7KIM', '2ZYFJ3GM2N']"}
2026-08-15T12:14:49.288516811Z {"timestamp": 1786796089.2874446, "severity": "INFO", "name": "recommendationservice-server", "message": "[Recv ListRecommendations] product_ids=['L9ECAV7KIM', 'OLJCESPC7Z', '2ZYFJ3GM2N', 'LS4PSXUNUM', '0PUK6V6EV0']"}
2026-08-15T12:14:49.735891031Z {"timestamp": 1786796089.7344706, "severity": "INFO", "name": "recommendationservice-server", "message": "[Recv ListRecommendations] product_ids=['2ZYFJ3GM2N', '9SIQT8TOJO', 'LS4PSXUNUM', '1YMWWN1N4O', '66VCHSJNUP']"}
2026-08-15T12:14:50.086358699Z {"timestamp": 1786796090.08557, "severity": "INFO", "name": "recommendationservice-server", "message": "[Recv ListRecommendations] product_ids=['OLJCESPC7Z', '6E92ZMYYFZ', '9SIQT8TOJO', '1YMWWN1N4O', '0PUK6V6EV0']"}
2026-08-15T12:14:50.399056628Z {"timestamp": 1786796090.3987765, "severity": "INFO", "name": "recommendationservice-server", "message": "[Recv ListRecommendations] product_ids=['9SIQT8TOJO', '2ZYFJ3GM2N', '1YMWWN1N4O', '0PUK6V6EV0', '6E92ZMYYFZ']"}
2026-08-15T12:14:50.592778817Z {"timestamp": 1786796090.5915217, "severity": "INFO", "name": "recommendationservice-server", "message": "[Recv ListRecommendations] product_ids=['9SIQT8TOJO', '2ZYFJ3GM2N', 'OLJCESPC7Z', 'LS4PSXUNUM', '1YMWWN1N4O']"}
2026-08-15T12:14:51.891588645Z {"timestamp": 1786796091.8906476, "severity": "INFO", "name": "recommendationservice-server", "message": "[Recv ListRecommendations] product_ids=['0PUK6V6EV0', '66VCHSJNUP', 'L9ECAV7KIM', '9SIQT8TOJO', 'LS4PSXUNUM']"}
2026-08-15T12:14:52.228698968Z {"timestamp": 1786796092.2272923, "severity": "INFO", "name": "recommendationservice-server", "message": "[Recv ListRecommendations] product_ids=['L9ECAV7KIM', '6E92ZMYYFZ', '66VCHSJNUP', '1YMWWN1N4O', 'LS4PSXUNUM']"}
2026-08-15T12:14:52.389619006Z {"timestamp": 1786796092.3887777, "severity": "INFO", "name": "recommendationservice-server", "message": "[Recv ListRecommendations] product_ids=['66VCHSJNUP', 'LS4PSXUNUM', 'L9ECAV7KIM', '0PUK6V6EV0', '1YMWWN1N4O']"}
2026-08-15T12:14:52.499774278Z {"timestamp": 1786796092.4955742, "severity": "INFO", "name": "recommendationservice-server", "message": "[Recv ListRecommendations] product_ids=['9SIQT8TOJO', 'LS4PSXUNUM', '2ZYFJ3GM2N', '1YMWWN1N4O', 'L9ECAV7KIM']"}
2026-08-15T12:14:52.599570122Z {"timestamp": 1786796092.596988, "severity": "INFO", "name": "recommendationservice-server", "message": "[Recv ListRecommendations] product_ids=['6E92ZMYYFZ', '1YMWWN1N4O', 'OLJCESPC7Z', 'LS4PSXUNUM', 'L9ECAV7KIM']"}
2026-08-15T12:14:52.694687686Z {"timestamp": 1786796092.6939383, "severity": "INFO", "name": "recommendationservice-server", "message": "[Recv ListRecommendations] product_ids=['6E92ZMYYFZ', 'L9ECAV7KIM', '66VCHSJNUP', '9SIQT8TOJO', 'OLJCESPC7Z']"}
2026-08-15T12:14:53.300343697Z {"timestamp": 1786796093.2992911, "severity": "INFO", "name": "recommendationservice-server", "message": "[Recv ListRecommendations] product_ids=['0PUK6V6EV0', '2ZYFJ3GM2N', '9SIQT8TOJO', '66VCHSJNUP', '6E92ZMYYFZ']"}
2026-08-15T12:14:53.838097784Z {"timestamp": 1786796093.836937, "severity": "INFO", "name": "recommendationservice-server", "message": "[Recv ListRecommendations] product_ids=['9SIQT8TOJO', '1YMWWN1N4O', '66VCHSJNUP', '0PUK6V6EV0', '2ZYFJ3GM2N']"}
2026-08-15T12:14:54.629948350Z {"timestamp": 1786796094.6265612, "severity": "INFO", "name": "recommendationservice-server", "message": "[Recv ListRecommendations] product_ids=['L9ECAV7KIM', '66VCHSJNUP', '6E92ZMYYFZ', '1YMWWN1N4O', '0PUK6V6EV0']"}
2026-08-15T12:14:55.037754864Z {"timestamp": 1786796095.0368354, "severity": "INFO", "name": "recommendationservice-server", "message": "[Recv ListRecommendations] product_ids=['OLJCESPC7Z', '66VCHSJNUP', '1YMWWN1N4O', 'L9ECAV7KIM', '0PUK6V6EV0']"}
2026-08-15T12:14:55.165467164Z {"timestamp": 1786796095.1649086, "severity": "INFO", "name": "recommendationservice-server", "message": "[Recv ListRecommendations] product_ids=['6E92ZMYYFZ', 'OLJCESPC7Z', '2ZYFJ3GM2N', 'LS4PSXUNUM', '0PUK6V6EV0']"}
2026-08-15T12:14:55.244236901Z {"timestamp": 1786796095.2436848, "severity": "INFO", "name": "recommendationservice-server", "message": "[Recv ListRecommendations] product_ids=['66VCHSJNUP', 'OLJCESPC7Z', '6E92ZMYYFZ', 'L9ECAV7KIM', '1YMWWN1N4O']"}
2026-08-15T12:14:55.717720269Z {"timestamp": 1786796095.7171822, "severity": "INFO", "name": "recommendationservice-server", "message": "[Recv ListRecommendations] product_ids=['OLJCESPC7Z', '2ZYFJ3GM2N', 'LS4PSXUNUM', 'L9ECAV7KIM', '9SIQT8TOJO']"}
2026-08-15T12:14:56.073030227Z {"timestamp": 1786796096.0726411, "severity": "INFO", "name": "recommendationservice-server", "message": "[Recv ListRecommendations] product_ids=['66VCHSJNUP', 'LS4PSXUNUM', '9SIQT8TOJO', '0PUK6V6EV0', '1YMWWN1N4O']"}
2026-08-15T12:14:56.201058380Z {"timestamp": 1786796096.1996057, "severity": "INFO", "name": "recommendationservice-server", "message": "[Recv ListRecommendations] product_ids=['66VCHSJNUP', 'L9ECAV7KIM', '9SIQT8TOJO', '1YMWWN1N4O', 'LS4PSXUNUM']"}
2026-08-15T12:14:56.341269565Z {"timestamp": 1786796096.3399165, "severity": "INFO", "name": "recommendationservice-server", "message": "[Recv ListRecommendations] product_ids=['L9ECAV7KIM', '1YMWWN1N4O', '2ZYFJ3GM2N', '9SIQT8TOJO', 'LS4PSXUNUM']"}
2026-08-15T12:14:56.467346092Z {"timestamp": 1786796096.4666085, "severity": "INFO", "name": "recommendationservice-server", "message": "[Recv ListRecommendations] product_ids=['66VCHSJNUP', 'LS4PSXUNUM', '1YMWWN1N4O', '9SIQT8TOJO', '2ZYFJ3GM2N']"}
2026-08-15T12:14:56.531821845Z {"timestamp": 1786796096.5312145, "severity": "INFO", "name": "recommendationservice-server", "message": "[Recv ListRecommendations] product_ids=['6E92ZMYYFZ', 'LS4PSXUNUM', '9SIQT8TOJO', 'OLJCESPC7Z', '2ZYFJ3GM2N']"}
2026-08-15T12:14:57.209077298Z {"timestamp": 1786796097.2082865, "severity": "INFO", "name": "recommendationservice-server", "message": "[Recv ListRecommendations] product_ids=['2ZYFJ3GM2N', 'L9ECAV7KIM', '1YMWWN1N4O', '9SIQT8TOJO', 'OLJCESPC7Z']"}
2026-08-15T12:14:57.756464491Z {"timestamp": 1786796097.7554867, "severity": "INFO", "name": "recommendationservice-server", "message": "[Recv ListRecommendations] product_ids=['2ZYFJ3GM2N', '6E92ZMYYFZ', 'OLJCESPC7Z', '1YMWWN1N4O', '0PUK6V6EV0']"}
2026-08-15T12:14:58.500960059Z {"timestamp": 1786796098.5002773, "severity": "INFO", "name": "recommendationservice-server", "message": "[Recv ListRecommendations] product_ids=['1YMWWN1N4O', '2ZYFJ3GM2N', 'LS4PSXUNUM', 'OLJCESPC7Z', '6E92ZMYYFZ']"}
2026-08-15T12:14:58.986050462Z {"timestamp": 1786796098.984791, "severity": "INFO", "name": "recommendationservice-server", "message": "[Recv ListRecommendations] product_ids=['66VCHSJNUP', '6E92ZMYYFZ', 'L9ECAV7KIM', '2ZYFJ3GM2N', '0PUK6V6EV0']"}
2026-08-15T12:14:59.452847115Z {"timestamp": 1786796099.451565, "severity": "INFO", "name": "recommendationservice-server", "message": "[Recv ListRecommendations] product_ids=['L9ECAV7KIM', 'OLJCESPC7Z', '66VCHSJNUP', '6E92ZMYYFZ', 'LS4PSXUNUM']"}
2026-08-15T12:14:59.646926684Z {"timestamp": 1786796099.6455534, "severity": "INFO", "name": "recommendationservice-server", "message": "[Recv ListRecommendations] product_ids=['0PUK6V6EV0', 'L9ECAV7KIM', 'LS4PSXUNUM', '6E92ZMYYFZ', '66VCHSJNUP']"}
2026-08-15T12:14:59.854150075Z {"timestamp": 1786796099.8527195, "severity": "INFO", "name": "recommendationservice-server", "message": "[Recv ListRecommendations] product_ids=['OLJCESPC7Z', '1YMWWN1N4O', '2ZYFJ3GM2N', 'L9ECAV7KIM', '9SIQT8TOJO']"}
2026-08-15T12:15:00.037590188Z {"timestamp": 1786796100.0366488, "severity": "INFO", "name": "recommendationservice-server", "message": "[Recv ListRecommendations] product_ids=['1YMWWN1N4O', '0PUK6V6EV0', 'LS4PSXUNUM', '6E92ZMYYFZ', '2ZYFJ3GM2N']"}
2026-08-15T12:15:00.130596270Z {"timestamp": 1786796100.1301203, "severity": "INFO", "name": "recommendationservice-server", "message": "[Recv ListRecommendations] product_ids=['9SIQT8TOJO', 'L9ECAV7KIM', '6E92ZMYYFZ', '66VCHSJNUP', 'LS4PSXUNUM']"}
2026-08-15T12:15:00.250898630Z {"timestamp": 1786796100.2499597, "severity": "INFO", "name": "recommendationservice-server", "message": "[Recv ListRecommendations] product_ids=['2ZYFJ3GM2N', 'LS4PSXUNUM', 'OLJCESPC7Z', '0PUK6V6EV0', '1YMWWN1N4O']"}
2026-08-15T12:15:00.257437675Z {"timestamp": 1786796100.2550178, "severity": "INFO", "name": "recommendationservice-server", "message": "[Recv ListRecommendations] product_ids=['66VCHSJNUP', 'L9ECAV7KIM', '9SIQT8TOJO', 'LS4PSXUNUM', '0PUK6V6EV0']"}
2026-08-15T12:15:00.761039437Z {"timestamp": 1786796100.7594292, "severity": "INFO", "name": "recommendationservice-server", "message": "[Recv ListRecommendations] product_ids=['OLJCESPC7Z', '1YMWWN1N4O', '0PUK6V6EV0', 'L9ECAV7KIM', '66VCHSJNUP']"}
2026-08-15T12:15:00.941841088Z {"timestamp": 1786796100.9405549, "severity": "INFO", "name": "recommendationservice-server", "message": "[Recv ListRecommendations] product_ids=['0PUK6V6EV0', 'L9ECAV7KIM', 'LS4PSXUNUM', '1YMWWN1N4O', '9SIQT8TOJO']"}
2026-08-15T12:15:01.032500759Z {"timestamp": 1786796101.031825, "severity": "INFO", "name": "recommendationservice-server", "message": "[Recv ListRecommendations] product_ids=['0PUK6V6EV0', 'L9ECAV7KIM', 'OLJCESPC7Z', '9SIQT8TOJO', '66VCHSJNUP']"}
2026-08-15T12:15:01.128472660Z {"timestamp": 1786796101.1277115, "severity": "INFO", "name": "recommendationservice-server", "message": "[Recv ListRecommendations] product_ids=['2ZYFJ3GM2N', 'OLJCESPC7Z', 'LS4PSXUNUM', '66VCHSJNUP', '0PUK6V6EV0']"}
2026-08-15T12:15:01.589340041Z {"timestamp": 1786796101.5878036, "severity": "INFO", "name": "recommendationservice-server", "message": "[Recv ListRecommendations] product_ids=['6E92ZMYYFZ', '9SIQT8TOJO', 'L9ECAV7KIM', '1YMWWN1N4O', '0PUK6V6EV0']"}
2026-08-15T12:15:01.686751394Z {"timestamp": 1786796101.6858408, "severity": "INFO", "name": "recommendationservice-server", "message": "[Recv ListRecommendations] product_ids=['0PUK6V6EV0', '2ZYFJ3GM2N', '1YMWWN1N4O', '9SIQT8TOJO', 'OLJCESPC7Z']"}
2026-08-15T12:15:01.789242836Z {"timestamp": 1786796101.788294, "severity": "INFO", "name": "recommendationservice-server", "message": "[Recv ListRecommendations] product_ids=['L9ECAV7KIM', '2ZYFJ3GM2N', 'OLJCESPC7Z', 'LS4PSXUNUM', '0PUK6V6EV0']"}
2026-08-15T12:15:02.313712151Z {"timestamp": 1786796102.313339, "severity": "INFO", "name": "recommendationservice-server", "message": "[Recv ListRecommendations] product_ids=['0PUK6V6EV0', 'L9ECAV7KIM', '2ZYFJ3GM2N', 'LS4PSXUNUM', '1YMWWN1N4O']"}
2026-08-15T12:15:02.513912898Z {"timestamp": 1786796102.5136702, "severity": "INFO", "name": "recommendationservice-server", "message": "[Recv ListRecommendations] product_ids=['OLJCESPC7Z', 'LS4PSXUNUM', '1YMWWN1N4O', '66VCHSJNUP', '0PUK6V6EV0']"}
2026-08-15T12:15:02.919892370Z {"timestamp": 1786796102.9195404, "severity": "INFO", "name": "recommendationservice-server", "message": "[Recv ListRecommendations] product_ids=['6E92ZMYYFZ', '2ZYFJ3GM2N', '66VCHSJNUP', '0PUK6V6EV0', '9SIQT8TOJO']"}
2026-08-15T12:15:03.244413081Z {"timestamp": 1786796103.2441175, "severity": "INFO", "name": "recommendationservice-server", "message": "[Recv ListRecommendations] product_ids=['66VCHSJNUP', '9SIQT8TOJO', '2ZYFJ3GM2N', '1YMWWN1N4O', '0PUK6V6EV0']"}
2026-08-15T12:15:03.257471767Z {"timestamp": 1786796103.257161, "severity": "INFO", "name": "recommendationservice-server", "message": "[Recv ListRecommendations] product_ids=['1YMWWN1N4O', 'LS4PSXUNUM', '6E92ZMYYFZ', '2ZYFJ3GM2N', 'OLJCESPC7Z']"}
2026-08-15T12:15:04.215648607Z {"timestamp": 1786796104.2150812, "severity": "INFO", "name": "recommendationservice-server", "message": "[Recv ListRecommendations] product_ids=['9SIQT8TOJO', '66VCHSJNUP', '6E92ZMYYFZ', '2ZYFJ3GM2N', 'OLJCESPC7Z']"}
2026-08-15T12:15:04.217124166Z {"timestamp": 1786796104.2165716, "severity": "INFO", "name": "recommendationservice-server", "message": "[Recv ListRecommendations] product_ids=['6E92ZMYYFZ', 'LS4PSXUNUM', 'OLJCESPC7Z', '1YMWWN1N4O', '2ZYFJ3GM2N']"}
2026-08-15T12:15:04.302603530Z {"timestamp": 1786796104.3017318, "severity": "INFO", "name": "recommendationservice-server", "message": "[Recv ListRecommendations] product_ids=['2ZYFJ3GM2N', '6E92ZMYYFZ', 'LS4PSXUNUM', '1YMWWN1N4O', '9SIQT8TOJO']"}
2026-08-15T12:15:04.306701947Z {"timestamp": 1786796104.3050928, "severity": "INFO", "name": "recommendationservice-server", "message": "[Recv ListRecommendations] product_ids=['LS4PSXUNUM', '66VCHSJNUP', '2ZYFJ3GM2N', 'OLJCESPC7Z', '9SIQT8TOJO']"}
2026-08-15T12:15:05.399259813Z {"timestamp": 1786796105.3987663, "severity": "INFO", "name": "recommendationservice-server", "message": "[Recv ListRecommendations] product_ids=['1YMWWN1N4O', '6E92ZMYYFZ', '0PUK6V6EV0', 'L9ECAV7KIM', '66VCHSJNUP']"}
2026-08-15T12:15:05.899819642Z {"timestamp": 1786796105.899495, "severity": "INFO", "name": "recommendationservice-server", "message": "[Recv ListRecommendations] product_ids=['6E92ZMYYFZ', 'L9ECAV7KIM', '2ZYFJ3GM2N', '9SIQT8TOJO', '0PUK6V6EV0']"}
2026-08-15T12:15:06.291947588Z {"timestamp": 1786796106.2909372, "severity": "INFO", "name": "recommendationservice-server", "message": "[Recv ListRecommendations] product_ids=['2ZYFJ3GM2N', '0PUK6V6EV0', '6E92ZMYYFZ', 'L9ECAV7KIM', 'OLJCESPC7Z']"}
2026-08-15T12:15:07.422127540Z {"timestamp": 1786796107.4210336, "severity": "INFO", "name": "recommendationservice-server", "message": "[Recv ListRecommendations] product_ids=['OLJCESPC7Z', '2ZYFJ3GM2N', '6E92ZMYYFZ', 'LS4PSXUNUM', '9SIQT8TOJO']"}
2026-08-15T12:15:07.621815097Z {"timestamp": 1786796107.6205552, "severity": "INFO", "name": "recommendationservice-server", "message": "[Recv ListRecommendations] product_ids=['66VCHSJNUP', 'OLJCESPC7Z', '9SIQT8TOJO', '6E92ZMYYFZ', '1YMWWN1N4O']"}
2026-08-15T12:15:09.026443025Z {"timestamp": 1786796109.0255811, "severity": "INFO", "name": "recommendationservice-server", "message": "[Recv ListRecommendations] product_ids=['LS4PSXUNUM', 'L9ECAV7KIM', '66VCHSJNUP', '2ZYFJ3GM2N', '0PUK6V6EV0']"}
2026-08-15T12:15:09.126801562Z {"timestamp": 1786796109.1262653, "severity": "INFO", "name": "recommendationservice-server", "message": "[Recv ListRecommendations] product_ids=['66VCHSJNUP', '2ZYFJ3GM2N', 'LS4PSXUNUM', '1YMWWN1N4O', 'L9ECAV7KIM']"}
2026-08-15T12:15:09.601704799Z {"timestamp": 1786796109.6007545, "severity": "INFO", "name": "recommendationservice-server", "message": "[Recv ListRecommendations] product_ids=['0PUK6V6EV0', 'LS4PSXUNUM', 'OLJCESPC7Z', '1YMWWN1N4O', '2ZYFJ3GM2N']"}
2026-08-15T12:15:09.701805691Z {"timestamp": 1786796109.7010217, "severity": "INFO", "name": "recommendationservice-server", "message": "[Recv ListRecommendations] product_ids=['LS4PSXUNUM', '66VCHSJNUP', '6E92ZMYYFZ', '9SIQT8TOJO', '0PUK6V6EV0']"}
2026-08-15T12:15:09.832779416Z {"timestamp": 1786796109.831449, "severity": "INFO", "name": "recommendationservice-server", "message": "[Recv ListRecommendations] product_ids=['LS4PSXUNUM', '0PUK6V6EV0', '1YMWWN1N4O', 'OLJCESPC7Z', '66VCHSJNUP']"}
2026-08-15T12:15:10.046063860Z {"timestamp": 1786796110.0447576, "severity": "INFO", "name": "recommendationservice-server", "message": "[Recv ListRecommendations] product_ids=['66VCHSJNUP', '2ZYFJ3GM2N', 'L9ECAV7KIM', '6E92ZMYYFZ', '9SIQT8TOJO']"}
2026-08-15T12:15:10.168038630Z {"timestamp": 1786796110.1669385, "severity": "INFO", "name": "recommendationservice-server", "message": "[Recv ListRecommendations] product_ids=['OLJCESPC7Z', '2ZYFJ3GM2N', '66VCHSJNUP', 'LS4PSXUNUM', '6E92ZMYYFZ']"}
2026-08-15T12:15:10.266981122Z {"timestamp": 1786796110.266373, "severity": "INFO", "name": "recommendationservice-server", "message": "[Recv ListRecommendations] product_ids=['66VCHSJNUP', '6E92ZMYYFZ', 'LS4PSXUNUM', 'L9ECAV7KIM', '9SIQT8TOJO']"}
2026-08-15T12:15:10.803173347Z {"timestamp": 1786796110.8010437, "severity": "INFO", "name": "recommendationservice-server", "message": "[Recv ListRecommendations] product_ids=['9SIQT8TOJO', 'OLJCESPC7Z', 'LS4PSXUNUM', '66VCHSJNUP', '2ZYFJ3GM2N']"}
2026-08-15T12:15:11.035938456Z {"timestamp": 1786796111.0349832, "severity": "INFO", "name": "recommendationservice-server", "message": "[Recv ListRecommendations] product_ids=['66VCHSJNUP', 'L9ECAV7KIM', '6E92ZMYYFZ', 'OLJCESPC7Z', '2ZYFJ3GM2N']"}
2026-08-15T12:15:11.924969632Z {"timestamp": 1786796111.9238067, "severity": "INFO", "name": "recommendationservice-server", "message": "[Recv ListRecommendations] product_ids=['66VCHSJNUP', 'LS4PSXUNUM', '9SIQT8TOJO', '0PUK6V6EV0', '6E92ZMYYFZ']"}
2026-08-15T12:15:12.295597193Z {"timestamp": 1786796112.294819, "severity": "INFO", "name": "recommendationservice-server", "message": "[Recv ListRecommendations] product_ids=['6E92ZMYYFZ', '66VCHSJNUP', '1YMWWN1N4O', '2ZYFJ3GM2N', 'LS4PSXUNUM']"}
2026-08-15T12:15:12.425238588Z {"timestamp": 1786796112.4242878, "severity": "INFO", "name": "recommendationservice-server", "message": "[Recv ListRecommendations] product_ids=['LS4PSXUNUM', 'L9ECAV7KIM', 'OLJCESPC7Z', '2ZYFJ3GM2N', '6E92ZMYYFZ']"}
2026-08-15T12:15:12.508749114Z {"timestamp": 1786796112.5077195, "severity": "INFO", "name": "recommendationservice-server", "message": "[Recv ListRecommendations] product_ids=['OLJCESPC7Z', '0PUK6V6EV0', '1YMWWN1N4O', 'L9ECAV7KIM', 'LS4PSXUNUM']"}
2026-08-15T12:15:12.703876121Z {"timestamp": 1786796112.7028263, "severity": "INFO", "name": "recommendationservice-server", "message": "[Recv ListRecommendations] product_ids=['2ZYFJ3GM2N', '9SIQT8TOJO', 'OLJCESPC7Z', '66VCHSJNUP', '6E92ZMYYFZ']"}
2026-08-15T12:15:12.897675099Z {"timestamp": 1786796112.8967311, "severity": "INFO", "name": "recommendationservice-server", "message": "[Recv ListRecommendations] product_ids=['1YMWWN1N4O', 'OLJCESPC7Z', '9SIQT8TOJO', '66VCHSJNUP', '2ZYFJ3GM2N']"}
2026-08-15T12:15:14.002068378Z {"timestamp": 1786796114.0012722, "severity": "INFO", "name": "recommendationservice-server", "message": "[Recv ListRecommendations] product_ids=['9SIQT8TOJO', 'LS4PSXUNUM', '2ZYFJ3GM2N', '0PUK6V6EV0', '6E92ZMYYFZ']"}
2026-08-15T12:15:14.806735981Z {"timestamp": 1786796114.8062227, "severity": "INFO", "name": "recommendationservice-server", "message": "[Recv ListRecommendations] product_ids=['66VCHSJNUP', '1YMWWN1N4O', '6E92ZMYYFZ', '2ZYFJ3GM2N', '0PUK6V6EV0']"}
2026-08-15T12:15:16.012297778Z {"timestamp": 1786796116.0109289, "severity": "INFO", "name": "recommendationservice-server", "message": "[Recv ListRecommendations] product_ids=['0PUK6V6EV0', '6E92ZMYYFZ', '1YMWWN1N4O', '66VCHSJNUP', 'LS4PSXUNUM']"}
2026-08-15T12:15:16.100859192Z {"timestamp": 1786796116.0909386, "severity": "INFO", "name": "recommendationservice-server", "message": "[Recv ListRecommendations] product_ids=['0PUK6V6EV0', '66VCHSJNUP', 'L9ECAV7KIM', 'OLJCESPC7Z', '6E92ZMYYFZ']"}
2026-08-15T12:15:16.231656962Z {"timestamp": 1786796116.230392, "severity": "INFO", "name": "recommendationservice-server", "message": "[Recv ListRecommendations] product_ids=['OLJCESPC7Z', '6E92ZMYYFZ', 'L9ECAV7KIM', '9SIQT8TOJO', '66VCHSJNUP']"}
2026-08-15T12:15:17.118897984Z {"timestamp": 1786796117.1183543, "severity": "INFO", "name": "recommendationservice-server", "message": "[Recv ListRecommendations] product_ids=['9SIQT8TOJO', '66VCHSJNUP', '1YMWWN1N4O', 'OLJCESPC7Z', '6E92ZMYYFZ']"}
2026-08-15T12:15:17.183783731Z {"timestamp": 1786796117.1818569, "severity": "INFO", "name": "recommendationservice-server", "message": "[Recv ListRecommendations] product_ids=['2ZYFJ3GM2N', '66VCHSJNUP', 'OLJCESPC7Z', 'LS4PSXUNUM', '9SIQT8TOJO']"}
2026-08-15T12:15:17.546956522Z {"timestamp": 1786796117.5464537, "severity": "INFO", "name": "recommendationservice-server", "message": "[Recv ListRecommendations] product_ids=['0PUK6V6EV0', 'LS4PSXUNUM', 'L9ECAV7KIM', '9SIQT8TOJO', '1YMWWN1N4O']"}
2026-08-15T12:15:17.641390745Z {"timestamp": 1786796117.6399846, "severity": "INFO", "name": "recommendationservice-server", "message": "[Recv ListRecommendations] product_ids=['LS4PSXUNUM', '66VCHSJNUP', '9SIQT8TOJO', '6E92ZMYYFZ', '0PUK6V6EV0']"}
2026-08-15T12:15:18.487927174Z {"timestamp": 1786796118.4870865, "severity": "INFO", "name": "recommendationservice-server", "message": "[Recv ListRecommendations] product_ids=['LS4PSXUNUM', 'L9ECAV7KIM', '9SIQT8TOJO', '6E92ZMYYFZ', '2ZYFJ3GM2N']"}
2026-08-15T12:15:19.002316043Z {"timestamp": 1786796119.0018415, "severity": "INFO", "name": "recommendationservice-server", "message": "[Recv ListRecommendations] product_ids=['1YMWWN1N4O', '2ZYFJ3GM2N', 'OLJCESPC7Z', '9SIQT8TOJO', 'LS4PSXUNUM']"}
2026-08-15T12:15:19.277979400Z {"timestamp": 1786796119.276768, "severity": "INFO", "name": "recommendationservice-server", "message": "[Recv ListRecommendations] product_ids=['L9ECAV7KIM', 'LS4PSXUNUM', '66VCHSJNUP', 'OLJCESPC7Z', '0PUK6V6EV0']"}
2026-08-15T12:15:19.793967943Z {"timestamp": 1786796119.7927568, "severity": "INFO", "name": "recommendationservice-server", "message": "[Recv ListRecommendations] product_ids=['66VCHSJNUP', '0PUK6V6EV0', '1YMWWN1N4O', 'LS4PSXUNUM', '6E92ZMYYFZ']"}
2026-08-15T12:15:20.623098482Z {"timestamp": 1786796120.6079862, "severity": "INFO", "name": "recommendationservice-server", "message": "[Recv ListRecommendations] product_ids=['L9ECAV7KIM', 'LS4PSXUNUM', '0PUK6V6EV0', '6E92ZMYYFZ', 'OLJCESPC7Z']"}
2026-08-15T12:15:20.783882504Z {"timestamp": 1786796120.7835536, "severity": "INFO", "name": "recommendationservice-server", "message": "[Recv ListRecommendations] product_ids=['LS4PSXUNUM', '66VCHSJNUP', '0PUK6V6EV0', '1YMWWN1N4O', 'L9ECAV7KIM']"}
2026-08-15T12:15:20.796453363Z {"timestamp": 1786796120.7960925, "severity": "INFO", "name": "recommendationservice-server", "message": "[Recv ListRecommendations] product_ids=['L9ECAV7KIM', '6E92ZMYYFZ', 'LS4PSXUNUM', '0PUK6V6EV0', '1YMWWN1N4O']"}
2026-08-15T12:15:21.531399222Z {"timestamp": 1786796121.530111, "severity": "INFO", "name": "recommendationservice-server", "message": "[Recv ListRecommendations] product_ids=['LS4PSXUNUM', '6E92ZMYYFZ', '9SIQT8TOJO', '0PUK6V6EV0', 'OLJCESPC7Z']"}
2026-08-15T12:15:21.697179702Z {"timestamp": 1786796121.6964953, "severity": "INFO", "name": "recommendationservice-server", "message": "[Recv ListRecommendations] product_ids=['6E92ZMYYFZ', 'OLJCESPC7Z', '9SIQT8TOJO', 'LS4PSXUNUM', 'L9ECAV7KIM']"}
2026-08-15T12:15:22.524793480Z {"timestamp": 1786796122.5230818, "severity": "INFO", "name": "recommendationservice-server", "message": "[Recv ListRecommendations] product_ids=['66VCHSJNUP', '6E92ZMYYFZ', '2ZYFJ3GM2N', 'OLJCESPC7Z', '9SIQT8TOJO']"}
2026-08-15T12:15:23.640913722Z {"timestamp": 1786796123.6400347, "severity": "INFO", "name": "recommendationservice-server", "message": "[Recv ListRecommendations] product_ids=['L9ECAV7KIM', '9SIQT8TOJO', 'OLJCESPC7Z', '6E92ZMYYFZ', '0PUK6V6EV0']"}
2026-08-15T12:15:24.243548960Z {"timestamp": 1786796124.2422032, "severity": "INFO", "name": "recommendationservice-server", "message": "[Recv ListRecommendations] product_ids=['1YMWWN1N4O', '66VCHSJNUP', 'OLJCESPC7Z', '9SIQT8TOJO', 'LS4PSXUNUM']"}
2026-08-15T12:15:25.398432475Z {"timestamp": 1786796125.3981454, "severity": "INFO", "name": "recommendationservice-server", "message": "[Recv ListRecommendations] product_ids=['66VCHSJNUP', '9SIQT8TOJO', '0PUK6V6EV0', '6E92ZMYYFZ', 'L9ECAV7KIM']"}
2026-08-15T12:15:25.419097215Z {"timestamp": 1786796125.4187796, "severity": "INFO", "name": "recommendationservice-server", "message": "[Recv ListRecommendations] product_ids=['1YMWWN1N4O', '6E92ZMYYFZ', '66VCHSJNUP', '0PUK6V6EV0', 'LS4PSXUNUM']"}
2026-08-15T12:15:25.432556320Z {"timestamp": 1786796125.4322422, "severity": "INFO", "name": "recommendationservice-server", "message": "[Recv ListRecommendations] product_ids=['9SIQT8TOJO', '66VCHSJNUP', 'LS4PSXUNUM', 'OLJCESPC7Z', '0PUK6V6EV0']"}
2026-08-15T12:15:25.799646997Z {"timestamp": 1786796125.799296, "severity": "INFO", "name": "recommendationservice-server", "message": "[Recv ListRecommendations] product_ids=['L9ECAV7KIM', '2ZYFJ3GM2N', 'LS4PSXUNUM', '0PUK6V6EV0', '1YMWWN1N4O']"}
2026-08-15T12:15:25.804706264Z {"timestamp": 1786796125.8041008, "severity": "INFO", "name": "recommendationservice-server", "message": "[Recv ListRecommendations] product_ids=['LS4PSXUNUM', '1YMWWN1N4O', '6E92ZMYYFZ', '2ZYFJ3GM2N', 'L9ECAV7KIM']"}
2026-08-15T12:15:26.205216866Z {"timestamp": 1786796126.2046263, "severity": "INFO", "name": "recommendationservice-server", "message": "[Recv ListRecommendations] product_ids=['1YMWWN1N4O', '0PUK6V6EV0', '2ZYFJ3GM2N', '9SIQT8TOJO', 'LS4PSXUNUM']"}
2026-08-15T12:15:26.293629009Z {"timestamp": 1786796126.292976, "severity": "INFO", "name": "recommendationservice-server", "message": "[Recv ListRecommendations] product_ids=['9SIQT8TOJO', '0PUK6V6EV0', 'LS4PSXUNUM', '6E92ZMYYFZ', '66VCHSJNUP']"}
2026-08-15T12:15:26.301550866Z {"timestamp": 1786796126.3008108, "severity": "INFO", "name": "recommendationservice-server", "message": "[Recv ListRecommendations] product_ids=['2ZYFJ3GM2N', 'LS4PSXUNUM', '1YMWWN1N4O', '9SIQT8TOJO', '0PUK6V6EV0']"}
2026-08-15T12:15:27.446044202Z {"timestamp": 1786796127.444667, "severity": "INFO", "name": "recommendationservice-server", "message": "[Recv ListRecommendations] product_ids=['66VCHSJNUP', '1YMWWN1N4O', '0PUK6V6EV0', '2ZYFJ3GM2N', 'L9ECAV7KIM']"}
2026-08-15T12:15:27.647034328Z {"timestamp": 1786796127.645771, "severity": "INFO", "name": "recommendationservice-server", "message": "[Recv ListRecommendations] product_ids=['9SIQT8TOJO', 'L9ECAV7KIM', '0PUK6V6EV0', 'OLJCESPC7Z', '2ZYFJ3GM2N']"}
2026-08-15T12:15:27.754626857Z {"timestamp": 1786796127.7536237, "severity": "INFO", "name": "recommendationservice-server", "message": "[Recv ListRecommendations] product_ids=['0PUK6V6EV0', '6E92ZMYYFZ', 'L9ECAV7KIM', '9SIQT8TOJO', 'LS4PSXUNUM']"}
2026-08-15T12:15:28.026284788Z {"timestamp": 1786796128.0251763, "severity": "INFO", "name": "recommendationservice-server", "message": "[Recv ListRecommendations] product_ids=['L9ECAV7KIM', '2ZYFJ3GM2N', '9SIQT8TOJO', '1YMWWN1N4O', 'LS4PSXUNUM']"}
2026-08-15T12:15:28.205895453Z {"timestamp": 1786796128.204787, "severity": "INFO", "name": "recommendationservice-server", "message": "[Recv ListRecommendations] product_ids=['0PUK6V6EV0', '9SIQT8TOJO', '66VCHSJNUP', 'LS4PSXUNUM', '6E92ZMYYFZ']"}
2026-08-15T12:15:28.539439884Z {"timestamp": 1786796128.538178, "severity": "INFO", "name": "recommendationservice-server", "message": "[Recv ListRecommendations] product_ids=['6E92ZMYYFZ', 'L9ECAV7KIM', '9SIQT8TOJO', '2ZYFJ3GM2N', '66VCHSJNUP']"}
2026-08-15T12:15:28.639059048Z {"timestamp": 1786796128.6384406, "severity": "INFO", "name": "recommendationservice-server", "message": "[Recv ListRecommendations] product_ids=['9SIQT8TOJO', '66VCHSJNUP', 'OLJCESPC7Z', '6E92ZMYYFZ', '2ZYFJ3GM2N']"}
2026-08-15T12:15:28.738624002Z {"timestamp": 1786796128.7373257, "severity": "INFO", "name": "recommendationservice-server", "message": "[Recv ListRecommendations] product_ids=['0PUK6V6EV0', 'OLJCESPC7Z', '66VCHSJNUP', '1YMWWN1N4O', '2ZYFJ3GM2N']"}
2026-08-15T12:15:29.042235706Z {"timestamp": 1786796129.0416727, "severity": "INFO", "name": "recommendationservice-server", "message": "[Recv ListRecommendations] product_ids=['9SIQT8TOJO', '0PUK6V6EV0', 'OLJCESPC7Z', '6E92ZMYYFZ', 'L9ECAV7KIM']"}
2026-08-15T12:15:29.111627492Z {"timestamp": 1786796129.1111743, "severity": "INFO", "name": "recommendationservice-server", "message": "[Recv ListRecommendations] product_ids=['OLJCESPC7Z', '9SIQT8TOJO', '0PUK6V6EV0', '1YMWWN1N4O', '6E92ZMYYFZ']"}
2026-08-15T12:15:31.419814051Z {"timestamp": 1786796131.4183974, "severity": "INFO", "name": "recommendationservice-server", "message": "[Recv ListRecommendations] product_ids=['2ZYFJ3GM2N', '9SIQT8TOJO', 'L9ECAV7KIM', '66VCHSJNUP', '0PUK6V6EV0']"}
2026-08-15T12:15:31.914156901Z {"timestamp": 1786796131.913682, "severity": "INFO", "name": "recommendationservice-server", "message": "[Recv ListRecommendations] product_ids=['LS4PSXUNUM', '9SIQT8TOJO', '66VCHSJNUP', 'OLJCESPC7Z', '6E92ZMYYFZ']"}
2026-08-15T12:15:31.930356353Z {"timestamp": 1786796131.9297853, "severity": "INFO", "name": "recommendationservice-server", "message": "[Recv ListRecommendations] product_ids=['66VCHSJNUP', 'LS4PSXUNUM', 'L9ECAV7KIM', '0PUK6V6EV0', 'OLJCESPC7Z']"}
2026-08-15T12:15:31.936042383Z {"timestamp": 1786796131.9356852, "severity": "INFO", "name": "recommendationservice-server", "message": "[Recv ListRecommendations] product_ids=['LS4PSXUNUM', 'OLJCESPC7Z', '6E92ZMYYFZ', '1YMWWN1N4O', '66VCHSJNUP']"}
2026-08-15T12:15:32.027325823Z {"timestamp": 1786796132.026911, "severity": "INFO", "name": "recommendationservice-server", "message": "[Recv ListRecommendations] product_ids=['6E92ZMYYFZ', '9SIQT8TOJO', '0PUK6V6EV0', '66VCHSJNUP', 'LS4PSXUNUM']"}
2026-08-15T12:15:32.032441560Z {"timestamp": 1786796132.0320754, "severity": "INFO", "name": "recommendationservice-server", "message": "[Recv ListRecommendations] product_ids=['0PUK6V6EV0', 'LS4PSXUNUM', 'OLJCESPC7Z', '66VCHSJNUP', '6E92ZMYYFZ']"}
2026-08-15T12:15:32.079283726Z {"timestamp": 1786796132.0790544, "severity": "INFO", "name": "recommendationservice-server", "message": "[Recv ListRecommendations] product_ids=['OLJCESPC7Z', 'LS4PSXUNUM', '66VCHSJNUP', '6E92ZMYYFZ', 'L9ECAV7KIM']"}
2026-08-15T12:15:32.147792839Z {"timestamp": 1786796132.1475034, "severity": "INFO", "name": "recommendationservice-server", "message": "[Recv ListRecommendations] product_ids=['1YMWWN1N4O', '9SIQT8TOJO', '66VCHSJNUP', '6E92ZMYYFZ', 'OLJCESPC7Z']"}
2026-08-15T12:15:32.548378199Z {"timestamp": 1786796132.54797, "severity": "INFO", "name": "recommendationservice-server", "message": "[Recv ListRecommendations] product_ids=['L9ECAV7KIM', '6E92ZMYYFZ', '2ZYFJ3GM2N', '1YMWWN1N4O', 'OLJCESPC7Z']"}
2026-08-15T12:15:34.351451394Z {"timestamp": 1786796134.3503878, "severity": "INFO", "name": "recommendationservice-server", "message": "[Recv ListRecommendations] product_ids=['L9ECAV7KIM', '0PUK6V6EV0', 'LS4PSXUNUM', '9SIQT8TOJO', '6E92ZMYYFZ']"}
2026-08-15T12:15:34.445753527Z {"timestamp": 1786796134.4444094, "severity": "INFO", "name": "recommendationservice-server", "message": "[Recv ListRecommendations] product_ids=['9SIQT8TOJO', '6E92ZMYYFZ', 'OLJCESPC7Z', 'LS4PSXUNUM', '0PUK6V6EV0']"}
2026-08-15T12:15:34.736094245Z {"timestamp": 1786796134.7349267, "severity": "INFO", "name": "recommendationservice-server", "message": "[Recv ListRecommendations] product_ids=['1YMWWN1N4O', '9SIQT8TOJO', '6E92ZMYYFZ', 'LS4PSXUNUM', 'L9ECAV7KIM']"}
2026-08-15T12:15:35.338450128Z {"timestamp": 1786796135.3374786, "severity": "INFO", "name": "recommendationservice-server", "message": "[Recv ListRecommendations] product_ids=['OLJCESPC7Z', 'LS4PSXUNUM', '6E92ZMYYFZ', 'L9ECAV7KIM', '9SIQT8TOJO']"}
2026-08-15T12:15:35.442259317Z {"timestamp": 1786796135.441869, "severity": "INFO", "name": "recommendationservice-server", "message": "[Recv ListRecommendations] product_ids=['0PUK6V6EV0', '1YMWWN1N4O', '2ZYFJ3GM2N', 'L9ECAV7KIM', 'OLJCESPC7Z']"}
2026-08-15T12:15:35.460589817Z {"timestamp": 1786796135.4602132, "severity": "INFO", "name": "recommendationservice-server", "message": "[Recv ListRecommendations] product_ids=['L9ECAV7KIM', '0PUK6V6EV0', 'LS4PSXUNUM', '1YMWWN1N4O', '9SIQT8TOJO']"}
2026-08-15T12:15:35.760437791Z {"timestamp": 1786796135.7599277, "severity": "INFO", "name": "recommendationservice-server", "message": "[Recv ListRecommendations] product_ids=['0PUK6V6EV0', 'L9ECAV7KIM', '1YMWWN1N4O', 'LS4PSXUNUM', '66VCHSJNUP']"}
2026-08-15T12:15:36.267552486Z {"timestamp": 1786796136.2662036, "severity": "INFO", "name": "recommendationservice-server", "message": "[Recv ListRecommendations] product_ids=['9SIQT8TOJO', '6E92ZMYYFZ', 'LS4PSXUNUM', '0PUK6V6EV0', 'OLJCESPC7Z']"}
2026-08-15T12:15:36.910789460Z {"timestamp": 1786796136.9097672, "severity": "INFO", "name": "recommendationservice-server", "message": "[Recv ListRecommendations] product_ids=['1YMWWN1N4O', '2ZYFJ3GM2N', '9SIQT8TOJO', 'L9ECAV7KIM', 'OLJCESPC7Z']"}
2026-08-15T12:15:36.995387005Z {"timestamp": 1786796136.9947217, "severity": "INFO", "name": "recommendationservice-server", "message": "[Recv ListRecommendations] product_ids=['0PUK6V6EV0', '9SIQT8TOJO', 'OLJCESPC7Z', '1YMWWN1N4O', 'LS4PSXUNUM']"}
2026-08-15T12:15:37.011110879Z {"timestamp": 1786796137.0103736, "severity": "INFO", "name": "recommendationservice-server", "message": "[Recv ListRecommendations] product_ids=['0PUK6V6EV0', '9SIQT8TOJO', 'L9ECAV7KIM', '1YMWWN1N4O', 'LS4PSXUNUM']"}
2026-08-15T12:15:37.158796349Z {"timestamp": 1786796137.158196, "severity": "INFO", "name": "recommendationservice-server", "message": "[Recv ListRecommendations] product_ids=['0PUK6V6EV0', '6E92ZMYYFZ', 'L9ECAV7KIM', 'LS4PSXUNUM', '1YMWWN1N4O']"}
2026-08-15T12:15:38.118564627Z {"timestamp": 1786796138.117861, "severity": "INFO", "name": "recommendationservice-server", "message": "[Recv ListRecommendations] product_ids=['9SIQT8TOJO', 'OLJCESPC7Z', 'LS4PSXUNUM', '6E92ZMYYFZ', '2ZYFJ3GM2N']"}
2026-08-15T12:15:39.007809662Z {"timestamp": 1786796139.0068288, "severity": "INFO", "name": "recommendationservice-server", "message": "[Recv ListRecommendations] product_ids=['0PUK6V6EV0', '1YMWWN1N4O', '66VCHSJNUP', 'OLJCESPC7Z', 'L9ECAV7KIM']"}
2026-08-15T12:15:39.695645835Z {"timestamp": 1786796139.6943858, "severity": "INFO", "name": "recommendationservice-server", "message": "[Recv ListRecommendations] product_ids=['66VCHSJNUP', 'LS4PSXUNUM', 'OLJCESPC7Z', '1YMWWN1N4O', '2ZYFJ3GM2N']"}
2026-08-15T12:15:39.985623601Z {"timestamp": 1786796139.9841034, "severity": "INFO", "name": "recommendationservice-server", "message": "[Recv ListRecommendations] product_ids=['66VCHSJNUP', 'LS4PSXUNUM', '0PUK6V6EV0', 'OLJCESPC7Z', '2ZYFJ3GM2N']"}
2026-08-15T12:15:40.266786078Z {"timestamp": 1786796140.2664092, "severity": "INFO", "name": "recommendationservice-server", "message": "[Recv ListRecommendations] product_ids=['0PUK6V6EV0', 'LS4PSXUNUM', 'OLJCESPC7Z', '9SIQT8TOJO', '6E92ZMYYFZ']"}
2026-08-15T12:15:40.802935013Z {"timestamp": 1786796140.802001, "severity": "INFO", "name": "recommendationservice-server", "message": "[Recv ListRecommendations] product_ids=['1YMWWN1N4O', 'OLJCESPC7Z', '6E92ZMYYFZ', '9SIQT8TOJO', 'L9ECAV7KIM']"}
2026-08-15T12:15:41.308419122Z {"timestamp": 1786796141.3070712, "severity": "INFO", "name": "recommendationservice-server", "message": "[Recv ListRecommendations] product_ids=['1YMWWN1N4O', 'OLJCESPC7Z', '66VCHSJNUP', '0PUK6V6EV0', '2ZYFJ3GM2N']"}
2026-08-15T12:15:41.927156298Z {"timestamp": 1786796141.9259064, "severity": "INFO", "name": "recommendationservice-server", "message": "[Recv ListRecommendations] product_ids=['2ZYFJ3GM2N', 'LS4PSXUNUM', '0PUK6V6EV0', 'L9ECAV7KIM', '66VCHSJNUP']"}
2026-08-15T12:15:42.032111802Z {"timestamp": 1786796142.031556, "severity": "INFO", "name": "recommendationservice-server", "message": "[Recv ListRecommendations] product_ids=['9SIQT8TOJO', '1YMWWN1N4O', 'L9ECAV7KIM', '2ZYFJ3GM2N', '66VCHSJNUP']"}
2026-08-15T12:15:42.109478600Z {"timestamp": 1786796142.108952, "severity": "INFO", "name": "recommendationservice-server", "message": "[Recv ListRecommendations] product_ids=['L9ECAV7KIM', '6E92ZMYYFZ', '9SIQT8TOJO', '2ZYFJ3GM2N', '0PUK6V6EV0']"}
2026-08-15T12:15:44.042675009Z {"timestamp": 1786796144.0413113, "severity": "INFO", "name": "recommendationservice-server", "message": "[Recv ListRecommendations] product_ids=['1YMWWN1N4O', '66VCHSJNUP', 'L9ECAV7KIM', 'OLJCESPC7Z', 'LS4PSXUNUM']"}
2026-08-15T12:15:44.134612685Z {"timestamp": 1786796144.133371, "severity": "INFO", "name": "recommendationservice-server", "message": "[Recv ListRecommendations] product_ids=['0PUK6V6EV0', '1YMWWN1N4O', '6E92ZMYYFZ', '9SIQT8TOJO', 'L9ECAV7KIM']"}
2026-08-15T12:15:45.033123872Z {"timestamp": 1786796145.0318882, "severity": "INFO", "name": "recommendationservice-server", "message": "[Recv ListRecommendations] product_ids=['9SIQT8TOJO', 'OLJCESPC7Z', '66VCHSJNUP', '6E92ZMYYFZ', '1YMWWN1N4O']"}
2026-08-15T12:15:45.186328297Z {"timestamp": 1786796145.185126, "severity": "INFO", "name": "recommendationservice-server", "message": "[Recv ListRecommendations] product_ids=['0PUK6V6EV0', 'L9ECAV7KIM', 'LS4PSXUNUM', '1YMWWN1N4O', '6E92ZMYYFZ']"}
2026-08-15T12:15:45.734787805Z {"timestamp": 1786796145.734431, "severity": "INFO", "name": "recommendationservice-server", "message": "[Recv ListRecommendations] product_ids=['0PUK6V6EV0', 'OLJCESPC7Z', 'LS4PSXUNUM', '6E92ZMYYFZ', '1YMWWN1N4O']"}
2026-08-15T12:15:45.752987052Z {"timestamp": 1786796145.7526343, "severity": "INFO", "name": "recommendationservice-server", "message": "[Recv ListRecommendations] product_ids=['2ZYFJ3GM2N', 'OLJCESPC7Z', '6E92ZMYYFZ', '1YMWWN1N4O', '0PUK6V6EV0']"}
2026-08-15T12:15:46.587212749Z {"timestamp": 1786796146.586745, "severity": "INFO", "name": "recommendationservice-server", "message": "[Recv ListRecommendations] product_ids=['LS4PSXUNUM', '2ZYFJ3GM2N', '66VCHSJNUP', 'L9ECAV7KIM', '1YMWWN1N4O']"}
2026-08-15T12:15:46.591443946Z {"timestamp": 1786796146.5911727, "severity": "INFO", "name": "recommendationservice-server", "message": "[Recv ListRecommendations] product_ids=['66VCHSJNUP', '1YMWWN1N4O', '9SIQT8TOJO', 'L9ECAV7KIM', '6E92ZMYYFZ']"}
2026-08-15T12:15:46.674615714Z {"timestamp": 1786796146.6742203, "severity": "INFO", "name": "recommendationservice-server", "message": "[Recv ListRecommendations] product_ids=['66VCHSJNUP', 'OLJCESPC7Z', 'LS4PSXUNUM', 'L9ECAV7KIM', '9SIQT8TOJO']"}
2026-08-15T12:15:46.693531694Z {"timestamp": 1786796146.6930451, "severity": "INFO", "name": "recommendationservice-server", "message": "[Recv ListRecommendations] product_ids=['LS4PSXUNUM', 'OLJCESPC7Z', '0PUK6V6EV0', '2ZYFJ3GM2N', '9SIQT8TOJO']"}
2026-08-15T12:15:46.750458442Z {"timestamp": 1786796146.7499127, "severity": "INFO", "name": "recommendationservice-server", "message": "[Recv ListRecommendations] product_ids=['OLJCESPC7Z', '9SIQT8TOJO', '2ZYFJ3GM2N', '6E92ZMYYFZ', '66VCHSJNUP']"}
2026-08-15T12:15:46.814017598Z {"timestamp": 1786796146.8133023, "severity": "INFO", "name": "recommendationservice-server", "message": "[Recv ListRecommendations] product_ids=['LS4PSXUNUM', '9SIQT8TOJO', '1YMWWN1N4O', '66VCHSJNUP', '6E92ZMYYFZ']"}
2026-08-15T12:15:46.932842124Z {"timestamp": 1786796146.9315605, "severity": "INFO", "name": "recommendationservice-server", "message": "[Recv ListRecommendations] product_ids=['6E92ZMYYFZ', 'OLJCESPC7Z', '9SIQT8TOJO', '1YMWWN1N4O', '66VCHSJNUP']"}
2026-08-15T12:15:47.180941262Z {"timestamp": 1786796147.180286, "severity": "INFO", "name": "recommendationservice-server", "message": "[Recv ListRecommendations] product_ids=['2ZYFJ3GM2N', 'OLJCESPC7Z', '0PUK6V6EV0', '66VCHSJNUP', '1YMWWN1N4O']"}
2026-08-15T12:15:47.280459791Z {"timestamp": 1786796147.279952, "severity": "INFO", "name": "recommendationservice-server", "message": "[Recv ListRecommendations] product_ids=['OLJCESPC7Z', '9SIQT8TOJO', '6E92ZMYYFZ', '1YMWWN1N4O', '2ZYFJ3GM2N']"}
2026-08-15T12:15:47.434151139Z {"timestamp": 1786796147.4334264, "severity": "INFO", "name": "recommendationservice-server", "message": "[Recv ListRecommendations] product_ids=['9SIQT8TOJO', '66VCHSJNUP', '0PUK6V6EV0', '6E92ZMYYFZ', '1YMWWN1N4O']"}
2026-08-15T12:15:47.437729405Z {"timestamp": 1786796147.4371414, "severity": "INFO", "name": "recommendationservice-server", "message": "[Recv ListRecommendations] product_ids=['1YMWWN1N4O', '9SIQT8TOJO', '0PUK6V6EV0', 'L9ECAV7KIM', 'LS4PSXUNUM']"}
2026-08-15T12:15:47.553968611Z {"timestamp": 1786796147.5531752, "severity": "INFO", "name": "recommendationservice-server", "message": "[Recv ListRecommendations] product_ids=['0PUK6V6EV0', '6E92ZMYYFZ', '2ZYFJ3GM2N', '1YMWWN1N4O', 'LS4PSXUNUM']"}
2026-08-15T12:15:47.633832825Z {"timestamp": 1786796147.6331189, "severity": "INFO", "name": "recommendationservice-server", "message": "[Recv ListRecommendations] product_ids=['9SIQT8TOJO', 'LS4PSXUNUM', '0PUK6V6EV0', '66VCHSJNUP', '6E92ZMYYFZ']"}
2026-08-15T12:15:48.903123225Z {"timestamp": 1786796148.902108, "severity": "INFO", "name": "recommendationservice-server", "message": "[Recv ListRecommendations] product_ids=['1YMWWN1N4O', '6E92ZMYYFZ', 'OLJCESPC7Z', 'LS4PSXUNUM', '66VCHSJNUP']"}
2026-08-15T12:15:49.237744851Z {"timestamp": 1786796149.2366045, "severity": "INFO", "name": "recommendationservice-server", "message": "[Recv ListRecommendations] product_ids=['66VCHSJNUP', '0PUK6V6EV0', 'L9ECAV7KIM', '6E92ZMYYFZ', '9SIQT8TOJO']"}
2026-08-15T12:15:49.343071299Z {"timestamp": 1786796149.3421435, "severity": "INFO", "name": "recommendationservice-server", "message": "[Recv ListRecommendations] product_ids=['9SIQT8TOJO', 'LS4PSXUNUM', '0PUK6V6EV0', '66VCHSJNUP', '1YMWWN1N4O']"}
2026-08-15T12:15:49.526770984Z {"timestamp": 1786796149.5258484, "severity": "INFO", "name": "recommendationservice-server", "message": "[Recv ListRecommendations] product_ids=['OLJCESPC7Z', '9SIQT8TOJO', '6E92ZMYYFZ', '0PUK6V6EV0', '1YMWWN1N4O']"}
2026-08-15T12:15:50.861129426Z {"timestamp": 1786796150.8603227, "severity": "INFO", "name": "recommendationservice-server", "message": "[Recv ListRecommendations] product_ids=['L9ECAV7KIM', '2ZYFJ3GM2N', '0PUK6V6EV0', '6E92ZMYYFZ', 'LS4PSXUNUM']"}
2026-08-15T12:15:51.008610317Z {"timestamp": 1786796151.0082273, "severity": "INFO", "name": "recommendationservice-server", "message": "[Recv ListRecommendations] product_ids=['LS4PSXUNUM', '0PUK6V6EV0', '9SIQT8TOJO', 'L9ECAV7KIM']"}
2026-08-15T12:15:51.051924446Z {"timestamp": 1786796151.0514722, "severity": "INFO", "name": "recommendationservice-server", "message": "[Recv ListRecommendations] product_ids=['OLJCESPC7Z', '2ZYFJ3GM2N', '6E92ZMYYFZ', 'L9ECAV7KIM', '66VCHSJNUP']"}
2026-08-15T12:15:52.196814381Z {"timestamp": 1786796152.1962118, "severity": "INFO", "name": "recommendationservice-server", "message": "[Recv ListRecommendations] product_ids=['0PUK6V6EV0', '2ZYFJ3GM2N', 'OLJCESPC7Z', 'L9ECAV7KIM', '1YMWWN1N4O']"}
2026-08-15T12:15:52.414961776Z {"timestamp": 1786796152.4135509, "severity": "INFO", "name": "recommendationservice-server", "message": "[Recv ListRecommendations] product_ids=['0PUK6V6EV0', 'L9ECAV7KIM', '66VCHSJNUP', 'OLJCESPC7Z', '6E92ZMYYFZ']"}
2026-08-15T12:15:53.004578691Z {"timestamp": 1786796153.0035481, "severity": "INFO", "name": "recommendationservice-server", "message": "[Recv ListRecommendations] product_ids=['1YMWWN1N4O', '0PUK6V6EV0', 'LS4PSXUNUM', '2ZYFJ3GM2N', 'L9ECAV7KIM']"}
2026-08-15T12:15:53.096837348Z {"timestamp": 1786796153.0962515, "severity": "INFO", "name": "recommendationservice-server", "message": "[Recv ListRecommendations] product_ids=['2ZYFJ3GM2N', '1YMWWN1N4O', '0PUK6V6EV0', '6E92ZMYYFZ', 'OLJCESPC7Z']"}
2026-08-15T12:15:53.537474532Z {"timestamp": 1786796153.5366762, "severity": "INFO", "name": "recommendationservice-server", "message": "[Recv ListRecommendations] product_ids=['6E92ZMYYFZ', 'LS4PSXUNUM', 'L9ECAV7KIM', '0PUK6V6EV0', '1YMWWN1N4O']"}
2026-08-15T12:15:54.088345649Z {"timestamp": 1786796154.0877554, "severity": "INFO", "name": "recommendationservice-server", "message": "[Recv ListRecommendations] product_ids=['2ZYFJ3GM2N', '1YMWWN1N4O', 'OLJCESPC7Z', 'LS4PSXUNUM', '66VCHSJNUP']"}
2026-08-15T12:15:54.124066963Z {"timestamp": 1786796154.1236827, "severity": "INFO", "name": "recommendationservice-server", "message": "[Recv ListRecommendations] product_ids=['1YMWWN1N4O', '6E92ZMYYFZ', '9SIQT8TOJO', 'L9ECAV7KIM', '0PUK6V6EV0']"}
2026-08-15T12:15:54.600446764Z {"timestamp": 1786796154.600037, "severity": "INFO", "name": "recommendationservice-server", "message": "[Recv ListRecommendations] product_ids=['9SIQT8TOJO', 'OLJCESPC7Z', 'LS4PSXUNUM', '0PUK6V6EV0', '2ZYFJ3GM2N']"}
2026-08-15T12:15:55.209028713Z {"timestamp": 1786796155.2078414, "severity": "INFO", "name": "recommendationservice-server", "message": "[Recv ListRecommendations] product_ids=['1YMWWN1N4O', 'LS4PSXUNUM', 'OLJCESPC7Z', '66VCHSJNUP', '9SIQT8TOJO']"}
2026-08-15T12:15:55.301639526Z {"timestamp": 1786796155.3011508, "severity": "INFO", "name": "recommendationservice-server", "message": "[Recv ListRecommendations] product_ids=['OLJCESPC7Z', '0PUK6V6EV0', '6E92ZMYYFZ', '66VCHSJNUP', '2ZYFJ3GM2N']"}
2026-08-15T12:15:55.376136643Z {"timestamp": 1786796155.3756902, "severity": "INFO", "name": "recommendationservice-server", "message": "[Recv ListRecommendations] product_ids=['L9ECAV7KIM', '0PUK6V6EV0', '2ZYFJ3GM2N', '1YMWWN1N4O', 'LS4PSXUNUM']"}
2026-08-15T12:15:55.548227070Z {"timestamp": 1786796155.5466187, "severity": "INFO", "name": "recommendationservice-server", "message": "[Recv ListRecommendations] product_ids=['L9ECAV7KIM', '66VCHSJNUP', '2ZYFJ3GM2N', '1YMWWN1N4O', 'OLJCESPC7Z']"}
2026-08-15T12:15:56.211120699Z {"timestamp": 1786796156.209729, "severity": "INFO", "name": "recommendationservice-server", "message": "[Recv ListRecommendations] product_ids=['9SIQT8TOJO', '2ZYFJ3GM2N', '66VCHSJNUP', '6E92ZMYYFZ', '0PUK6V6EV0']"}
2026-08-15T12:15:56.639095835Z {"timestamp": 1786796156.6387231, "severity": "INFO", "name": "recommendationservice-server", "message": "[Recv ListRecommendations] product_ids=['1YMWWN1N4O', 'OLJCESPC7Z', 'L9ECAV7KIM', '2ZYFJ3GM2N', '0PUK6V6EV0']"}
2026-08-15T12:15:56.667655662Z {"timestamp": 1786796156.667355, "severity": "INFO", "name": "recommendationservice-server", "message": "[Recv ListRecommendations] product_ids=['1YMWWN1N4O', '9SIQT8TOJO', '66VCHSJNUP', 'LS4PSXUNUM', '2ZYFJ3GM2N']"}
2026-08-15T12:15:56.996922652Z {"timestamp": 1786796156.995536, "severity": "INFO", "name": "recommendationservice-server", "message": "[Recv ListRecommendations] product_ids=['OLJCESPC7Z', '1YMWWN1N4O', 'L9ECAV7KIM', 'LS4PSXUNUM', '9SIQT8TOJO']"}
2026-08-15T12:15:57.123061046Z {"timestamp": 1786796157.1217093, "severity": "INFO", "name": "recommendationservice-server", "message": "[Recv ListRecommendations] product_ids=['6E92ZMYYFZ', '9SIQT8TOJO', 'LS4PSXUNUM', 'L9ECAV7KIM', '0PUK6V6EV0']"}
2026-08-15T12:15:57.864615687Z {"timestamp": 1786796157.8642871, "severity": "INFO", "name": "recommendationservice-server", "message": "[Recv ListRecommendations] product_ids=['2ZYFJ3GM2N', '9SIQT8TOJO', 'L9ECAV7KIM', 'LS4PSXUNUM', '1YMWWN1N4O']"}
2026-08-15T12:15:58.604069794Z {"timestamp": 1786796158.6037447, "severity": "INFO", "name": "recommendationservice-server", "message": "[Recv ListRecommendations] product_ids=['OLJCESPC7Z', '2ZYFJ3GM2N', '66VCHSJNUP', '6E92ZMYYFZ', 'L9ECAV7KIM']"}
2026-08-15T12:15:58.969878277Z {"timestamp": 1786796158.9695103, "severity": "INFO", "name": "recommendationservice-server", "message": "[Recv ListRecommendations] product_ids=['OLJCESPC7Z', '0PUK6V6EV0', '6E92ZMYYFZ', 'L9ECAV7KIM', 'LS4PSXUNUM']"}
2026-08-15T12:15:59.564375408Z {"timestamp": 1786796159.5636654, "severity": "INFO", "name": "recommendationservice-server", "message": "[Recv ListRecommendations] product_ids=['L9ECAV7KIM', 'LS4PSXUNUM', '1YMWWN1N4O', 'OLJCESPC7Z', '2ZYFJ3GM2N']"}
2026-08-15T12:15:59.618872446Z {"timestamp": 1786796159.618489, "severity": "INFO", "name": "recommendationservice-server", "message": "[Recv ListRecommendations] product_ids=['2ZYFJ3GM2N', 'OLJCESPC7Z', '6E92ZMYYFZ', '1YMWWN1N4O', '0PUK6V6EV0']"}
2026-08-15T12:15:59.855047181Z {"timestamp": 1786796159.8543851, "severity": "INFO", "name": "recommendationservice-server", "message": "[Recv ListRecommendations] product_ids=['2ZYFJ3GM2N', '9SIQT8TOJO', '66VCHSJNUP', '0PUK6V6EV0', 'LS4PSXUNUM']"}
2026-08-15T12:16:00.091185010Z {"timestamp": 1786796160.0902624, "severity": "INFO", "name": "recommendationservice-server", "message": "[Recv ListRecommendations] product_ids=['2ZYFJ3GM2N', '6E92ZMYYFZ', 'LS4PSXUNUM', '1YMWWN1N4O', 'L9ECAV7KIM']"}
2026-08-15T12:16:00.754120889Z {"timestamp": 1786796160.7529676, "severity": "INFO", "name": "recommendationservice-server", "message": "[Recv ListRecommendations] product_ids=['66VCHSJNUP', 'LS4PSXUNUM', '6E92ZMYYFZ', '0PUK6V6EV0', '2ZYFJ3GM2N']"}
2026-08-15T12:16:00.918512846Z {"timestamp": 1786796160.9174278, "severity": "INFO", "name": "recommendationservice-server", "message": "[Recv ListRecommendations] product_ids=['6E92ZMYYFZ', '0PUK6V6EV0', '1YMWWN1N4O', 'LS4PSXUNUM', '9SIQT8TOJO']"}
2026-08-15T12:16:01.194670118Z {"timestamp": 1786796161.194058, "severity": "INFO", "name": "recommendationservice-server", "message": "[Recv ListRecommendations] product_ids=['0PUK6V6EV0', '6E92ZMYYFZ', '66VCHSJNUP', '2ZYFJ3GM2N', '9SIQT8TOJO']"}
2026-08-15T12:16:01.409784315Z {"timestamp": 1786796161.4082918, "severity": "INFO", "name": "recommendationservice-server", "message": "[Recv ListRecommendations] product_ids=['OLJCESPC7Z', 'L9ECAV7KIM', '2ZYFJ3GM2N', 'LS4PSXUNUM', '6E92ZMYYFZ']"}
2026-08-15T12:16:01.506100682Z {"timestamp": 1786796161.504726, "severity": "INFO", "name": "recommendationservice-server", "message": "[Recv ListRecommendations] product_ids=['1YMWWN1N4O', 'L9ECAV7KIM', 'OLJCESPC7Z', '9SIQT8TOJO', '2ZYFJ3GM2N']"}
2026-08-15T12:16:02.401374488Z {"timestamp": 1786796162.4009924, "severity": "INFO", "name": "recommendationservice-server", "message": "[Recv ListRecommendations] product_ids=['L9ECAV7KIM', '1YMWWN1N4O', '0PUK6V6EV0', '6E92ZMYYFZ', '2ZYFJ3GM2N']"}
2026-08-15T12:16:02.834258202Z {"timestamp": 1786796162.8339562, "severity": "INFO", "name": "recommendationservice-server", "message": "[Recv ListRecommendations] product_ids=['6E92ZMYYFZ', 'L9ECAV7KIM', 'LS4PSXUNUM', '0PUK6V6EV0', '2ZYFJ3GM2N']"}
2026-08-15T12:16:03.015732067Z {"timestamp": 1786796163.0154355, "severity": "INFO", "name": "recommendationservice-server", "message": "[Recv ListRecommendations] product_ids=['1YMWWN1N4O', 'L9ECAV7KIM', '0PUK6V6EV0', '6E92ZMYYFZ', 'LS4PSXUNUM']"}
2026-08-15T12:16:03.212689485Z {"timestamp": 1786796163.2115586, "severity": "INFO", "name": "recommendationservice-server", "message": "[Recv ListRecommendations] product_ids=['LS4PSXUNUM', '0PUK6V6EV0', '66VCHSJNUP', '2ZYFJ3GM2N', 'L9ECAV7KIM']"}
2026-08-15T12:16:03.343117759Z {"timestamp": 1786796163.3413982, "severity": "INFO", "name": "recommendationservice-server", "message": "[Recv ListRecommendations] product_ids=['6E92ZMYYFZ', '1YMWWN1N4O', 'OLJCESPC7Z', '66VCHSJNUP', '2ZYFJ3GM2N']"}
2026-08-15T12:16:04.487997752Z {"timestamp": 1786796164.4874723, "severity": "INFO", "name": "recommendationservice-server", "message": "[Recv ListRecommendations] product_ids=['L9ECAV7KIM', '66VCHSJNUP', 'LS4PSXUNUM', '1YMWWN1N4O', '9SIQT8TOJO']"}
2026-08-15T12:16:04.497702737Z {"timestamp": 1786796164.497223, "severity": "INFO", "name": "recommendationservice-server", "message": "[Recv ListRecommendations] product_ids=['2ZYFJ3GM2N', 'L9ECAV7KIM', '66VCHSJNUP', '9SIQT8TOJO', '0PUK6V6EV0']"}
2026-08-15T12:16:04.505826980Z {"timestamp": 1786796164.5017676, "severity": "INFO", "name": "recommendationservice-server", "message": "[Recv ListRecommendations] product_ids=['9SIQT8TOJO', '0PUK6V6EV0', '2ZYFJ3GM2N', 'L9ECAV7KIM', 'LS4PSXUNUM']"}
2026-08-15T12:16:04.505872687Z {"timestamp": 1786796164.499447, "severity": "INFO", "name": "recommendationservice-server", "message": "[Recv ListRecommendations] product_ids=['1YMWWN1N4O', '6E92ZMYYFZ', '0PUK6V6EV0', '9SIQT8TOJO', 'LS4PSXUNUM']"}
2026-08-15T12:16:04.589808631Z {"timestamp": 1786796164.5894337, "severity": "INFO", "name": "recommendationservice-server", "message": "[Recv ListRecommendations] product_ids=['6E92ZMYYFZ', '1YMWWN1N4O', '0PUK6V6EV0', 'LS4PSXUNUM', 'L9ECAV7KIM']"}
2026-08-15T12:16:04.591173740Z {"timestamp": 1786796164.5903993, "severity": "INFO", "name": "recommendationservice-server", "message": "[Recv ListRecommendations] product_ids=['LS4PSXUNUM', 'OLJCESPC7Z', '0PUK6V6EV0', '66VCHSJNUP', '9SIQT8TOJO']"}
2026-08-15T12:16:04.919512084Z {"timestamp": 1786796164.918056, "severity": "INFO", "name": "recommendationservice-server", "message": "[Recv ListRecommendations] product_ids=['0PUK6V6EV0', '9SIQT8TOJO', 'LS4PSXUNUM', '6E92ZMYYFZ', '66VCHSJNUP']"}
2026-08-15T12:16:05.040465092Z {"timestamp": 1786796165.039068, "severity": "INFO", "name": "recommendationservice-server", "message": "[Recv ListRecommendations] product_ids=['LS4PSXUNUM', '6E92ZMYYFZ', '9SIQT8TOJO', '66VCHSJNUP', '0PUK6V6EV0']"}
2026-08-15T12:16:05.245449560Z {"timestamp": 1786796165.24516, "severity": "INFO", "name": "recommendationservice-server", "message": "[Recv ListRecommendations] product_ids=['2ZYFJ3GM2N', 'OLJCESPC7Z', '6E92ZMYYFZ', '66VCHSJNUP', '9SIQT8TOJO']"}
2026-08-15T12:16:05.543310639Z {"timestamp": 1786796165.5421035, "severity": "INFO", "name": "recommendationservice-server", "message": "[Recv ListRecommendations] product_ids=['2ZYFJ3GM2N', '1YMWWN1N4O', '6E92ZMYYFZ', '0PUK6V6EV0', '66VCHSJNUP']"}
2026-08-15T12:16:05.689596525Z {"timestamp": 1786796165.688698, "severity": "INFO", "name": "recommendationservice-server", "message": "[Recv ListRecommendations] product_ids=['2ZYFJ3GM2N', '1YMWWN1N4O', 'LS4PSXUNUM', '6E92ZMYYFZ', '0PUK6V6EV0']"}
2026-08-15T12:16:05.728853132Z {"timestamp": 1786796165.728242, "severity": "INFO", "name": "recommendationservice-server", "message": "[Recv ListRecommendations] product_ids=['0PUK6V6EV0', '66VCHSJNUP', 'OLJCESPC7Z', '1YMWWN1N4O', '6E92ZMYYFZ']"}
2026-08-15T12:16:05.795357509Z {"timestamp": 1786796165.7950718, "severity": "INFO", "name": "recommendationservice-server", "message": "[Recv ListRecommendations] product_ids=['66VCHSJNUP', '0PUK6V6EV0', 'OLJCESPC7Z', 'LS4PSXUNUM', '2ZYFJ3GM2N']"}
2026-08-15T12:16:06.205224728Z {"timestamp": 1786796166.204018, "severity": "INFO", "name": "recommendationservice-server", "message": "[Recv ListRecommendations] product_ids=['9SIQT8TOJO', '0PUK6V6EV0', '1YMWWN1N4O', '2ZYFJ3GM2N', 'L9ECAV7KIM']"}
2026-08-15T12:16:06.947147159Z {"timestamp": 1786796166.9463985, "severity": "INFO", "name": "recommendationservice-server", "message": "[Recv ListRecommendations] product_ids=['0PUK6V6EV0', '2ZYFJ3GM2N', '1YMWWN1N4O', '66VCHSJNUP', 'LS4PSXUNUM']"}
2026-08-15T12:16:07.039365471Z {"timestamp": 1786796167.0381625, "severity": "INFO", "name": "recommendationservice-server", "message": "[Recv ListRecommendations] product_ids=['66VCHSJNUP', '2ZYFJ3GM2N', '9SIQT8TOJO', '1YMWWN1N4O', 'LS4PSXUNUM']"}
2026-08-15T12:16:07.208773694Z {"timestamp": 1786796167.2083206, "severity": "INFO", "name": "recommendationservice-server", "message": "[Recv ListRecommendations] product_ids=['LS4PSXUNUM', 'L9ECAV7KIM', '9SIQT8TOJO', '1YMWWN1N4O', '0PUK6V6EV0']"}
2026-08-15T12:16:07.300049361Z {"timestamp": 1786796167.299338, "severity": "INFO", "name": "recommendationservice-server", "message": "[Recv ListRecommendations] product_ids=['9SIQT8TOJO', '6E92ZMYYFZ', '1YMWWN1N4O', '66VCHSJNUP', '2ZYFJ3GM2N']"}
2026-08-15T12:16:07.788120648Z {"timestamp": 1786796167.7875946, "severity": "INFO", "name": "recommendationservice-server", "message": "[Recv ListRecommendations] product_ids=['66VCHSJNUP', 'L9ECAV7KIM', '0PUK6V6EV0', 'LS4PSXUNUM', '6E92ZMYYFZ']"}
2026-08-15T12:16:08.089803312Z {"timestamp": 1786796168.0891635, "severity": "INFO", "name": "recommendationservice-server", "message": "[Recv ListRecommendations] product_ids=['1YMWWN1N4O', '2ZYFJ3GM2N', '9SIQT8TOJO', 'LS4PSXUNUM', 'OLJCESPC7Z']"}
2026-08-15T12:16:10.672420013Z {"timestamp": 1786796170.6707861, "severity": "INFO", "name": "recommendationservice-server", "message": "[Recv ListRecommendations] product_ids=['0PUK6V6EV0', '6E92ZMYYFZ', '66VCHSJNUP', '2ZYFJ3GM2N', 'LS4PSXUNUM']"}
2026-08-15T12:16:10.799747697Z {"timestamp": 1786796170.798277, "severity": "INFO", "name": "recommendationservice-server", "message": "[Recv ListRecommendations] product_ids=['1YMWWN1N4O', '2ZYFJ3GM2N', '6E92ZMYYFZ', '66VCHSJNUP', 'LS4PSXUNUM']"}
2026-08-15T12:16:10.992988167Z {"timestamp": 1786796170.9918637, "severity": "INFO", "name": "recommendationservice-server", "message": "[Recv ListRecommendations] product_ids=['OLJCESPC7Z', 'L9ECAV7KIM', '66VCHSJNUP', '9SIQT8TOJO', '1YMWWN1N4O']"}
2026-08-15T12:16:11.124231250Z {"timestamp": 1786796171.1233902, "severity": "INFO", "name": "recommendationservice-server", "message": "[Recv ListRecommendations] product_ids=['0PUK6V6EV0', '6E92ZMYYFZ', '9SIQT8TOJO', 'LS4PSXUNUM', 'L9ECAV7KIM']"}
2026-08-15T12:16:11.193642172Z {"timestamp": 1786796171.1926231, "severity": "INFO", "name": "recommendationservice-server", "message": "[Recv ListRecommendations] product_ids=['LS4PSXUNUM', '66VCHSJNUP', '2ZYFJ3GM2N', 'L9ECAV7KIM', '1YMWWN1N4O']"}
2026-08-15T12:16:11.278327031Z {"timestamp": 1786796171.277753, "severity": "INFO", "name": "recommendationservice-server", "message": "[Recv ListRecommendations] product_ids=['1YMWWN1N4O', '9SIQT8TOJO', '6E92ZMYYFZ', '2ZYFJ3GM2N', 'L9ECAV7KIM']"}
2026-08-15T12:16:11.286122323Z {"timestamp": 1786796171.285504, "severity": "INFO", "name": "recommendationservice-server", "message": "[Recv ListRecommendations] product_ids=['6E92ZMYYFZ', '9SIQT8TOJO', '66VCHSJNUP', 'LS4PSXUNUM', '2ZYFJ3GM2N']"}
2026-08-15T12:16:11.290304563Z {"timestamp": 1786796171.2898335, "severity": "INFO", "name": "recommendationservice-server", "message": "[Recv ListRecommendations] product_ids=['OLJCESPC7Z', '66VCHSJNUP', '2ZYFJ3GM2N', '9SIQT8TOJO', 'LS4PSXUNUM']"}
2026-08-15T12:16:11.771050229Z {"timestamp": 1786796171.770042, "severity": "INFO", "name": "recommendationservice-server", "message": "[Recv ListRecommendations] product_ids=['LS4PSXUNUM', 'L9ECAV7KIM', '2ZYFJ3GM2N', '66VCHSJNUP', '6E92ZMYYFZ']"}
2026-08-15T12:16:11.893269531Z {"timestamp": 1786796171.892332, "severity": "INFO", "name": "recommendationservice-server", "message": "[Recv ListRecommendations] product_ids=['66VCHSJNUP', '1YMWWN1N4O', '6E92ZMYYFZ', 'OLJCESPC7Z', '2ZYFJ3GM2N']"}
2026-08-15T12:16:12.048715236Z {"timestamp": 1786796172.0480921, "severity": "INFO", "name": "recommendationservice-server", "message": "[Recv ListRecommendations] product_ids=['66VCHSJNUP', '1YMWWN1N4O', 'LS4PSXUNUM', '2ZYFJ3GM2N', 'L9ECAV7KIM']"}
2026-08-15T12:16:12.520523473Z {"timestamp": 1786796172.5200107, "severity": "INFO", "name": "recommendationservice-server", "message": "[Recv ListRecommendations] product_ids=['6E92ZMYYFZ', '66VCHSJNUP', 'LS4PSXUNUM', '1YMWWN1N4O', '0PUK6V6EV0']"}
2026-08-15T12:16:12.937885523Z {"timestamp": 1786796172.936683, "severity": "INFO", "name": "recommendationservice-server", "message": "[Recv ListRecommendations] product_ids=['6E92ZMYYFZ', '2ZYFJ3GM2N', 'LS4PSXUNUM', 'L9ECAV7KIM', '9SIQT8TOJO']"}
2026-08-15T12:16:13.299222838Z {"timestamp": 1786796173.2977574, "severity": "INFO", "name": "recommendationservice-server", "message": "[Recv ListRecommendations] product_ids=['0PUK6V6EV0', 'L9ECAV7KIM', 'LS4PSXUNUM', '66VCHSJNUP', '6E92ZMYYFZ']"}
2026-08-15T12:16:14.048282481Z {"timestamp": 1786796174.0470474, "severity": "INFO", "name": "recommendationservice-server", "message": "[Recv ListRecommendations] product_ids=['OLJCESPC7Z', '1YMWWN1N4O', 'LS4PSXUNUM', '9SIQT8TOJO', '2ZYFJ3GM2N']"}
2026-08-15T12:16:14.123335129Z {"timestamp": 1786796174.122809, "severity": "INFO", "name": "recommendationservice-server", "message": "[Recv ListRecommendations] product_ids=['OLJCESPC7Z', '66VCHSJNUP', '9SIQT8TOJO', 'LS4PSXUNUM', '2ZYFJ3GM2N']"}
2026-08-15T12:16:14.245185934Z {"timestamp": 1786796174.2439904, "severity": "INFO", "name": "recommendationservice-server", "message": "[Recv ListRecommendations] product_ids=['OLJCESPC7Z', 'LS4PSXUNUM', '6E92ZMYYFZ', '66VCHSJNUP', '0PUK6V6EV0']"}
2026-08-15T12:16:14.434073825Z {"timestamp": 1786796174.4332442, "severity": "INFO", "name": "recommendationservice-server", "message": "[Recv ListRecommendations] product_ids=['66VCHSJNUP', 'OLJCESPC7Z', '2ZYFJ3GM2N', '6E92ZMYYFZ', '0PUK6V6EV0']"}
2026-08-15T12:16:14.632695442Z {"timestamp": 1786796174.6315906, "severity": "INFO", "name": "recommendationservice-server", "message": "[Recv ListRecommendations] product_ids=['9SIQT8TOJO', '66VCHSJNUP', 'LS4PSXUNUM', '2ZYFJ3GM2N', 'OLJCESPC7Z']"}
2026-08-15T12:16:15.110938891Z {"timestamp": 1786796175.109657, "severity": "INFO", "name": "recommendationservice-server", "message": "[Recv ListRecommendations] product_ids=['9SIQT8TOJO', '1YMWWN1N4O', 'OLJCESPC7Z', '6E92ZMYYFZ', 'LS4PSXUNUM']"}
2026-08-15T12:16:15.521427587Z {"timestamp": 1786796175.5161698, "severity": "INFO", "name": "recommendationservice-server", "message": "[Recv ListRecommendations] product_ids=['2ZYFJ3GM2N', '1YMWWN1N4O', 'L9ECAV7KIM', '0PUK6V6EV0', '9SIQT8TOJO']"}
2026-08-15T12:16:15.626935736Z {"timestamp": 1786796175.6254756, "severity": "INFO", "name": "recommendationservice-server", "message": "[Recv ListRecommendations] product_ids=['L9ECAV7KIM', '0PUK6V6EV0', 'OLJCESPC7Z', '2ZYFJ3GM2N', '9SIQT8TOJO']"}
2026-08-15T12:16:16.527823139Z {"timestamp": 1786796176.5264504, "severity": "INFO", "name": "recommendationservice-server", "message": "[Recv ListRecommendations] product_ids=['6E92ZMYYFZ', 'OLJCESPC7Z', 'L9ECAV7KIM', '66VCHSJNUP', '2ZYFJ3GM2N']"}
2026-08-15T12:16:18.941436518Z {"timestamp": 1786796178.9402764, "severity": "INFO", "name": "recommendationservice-server", "message": "[Recv ListRecommendations] product_ids=['6E92ZMYYFZ', '66VCHSJNUP', '2ZYFJ3GM2N', 'OLJCESPC7Z', '1YMWWN1N4O']"}
2026-08-15T12:16:19.056241253Z {"timestamp": 1786796179.055572, "severity": "INFO", "name": "recommendationservice-server", "message": "[Recv ListRecommendations] product_ids=['OLJCESPC7Z', '0PUK6V6EV0', 'LS4PSXUNUM', '66VCHSJNUP', '1YMWWN1N4O']"}
2026-08-15T12:16:19.278460718Z {"timestamp": 1786796179.2775133, "severity": "INFO", "name": "recommendationservice-server", "message": "[Recv ListRecommendations] product_ids=['66VCHSJNUP', 'LS4PSXUNUM', '0PUK6V6EV0', '9SIQT8TOJO', 'OLJCESPC7Z']"}
2026-08-15T12:16:19.903859282Z {"timestamp": 1786796179.902919, "severity": "INFO", "name": "recommendationservice-server", "message": "[Recv ListRecommendations] product_ids=['6E92ZMYYFZ', '2ZYFJ3GM2N', '0PUK6V6EV0', '9SIQT8TOJO', '66VCHSJNUP']"}
2026-08-15T12:16:21.103620183Z {"timestamp": 1786796181.102612, "severity": "INFO", "name": "recommendationservice-server", "message": "[Recv ListRecommendations] product_ids=['LS4PSXUNUM', '1YMWWN1N4O', '66VCHSJNUP', '2ZYFJ3GM2N', '0PUK6V6EV0']"}
2026-08-15T12:16:21.190005384Z {"timestamp": 1786796181.189105, "severity": "INFO", "name": "recommendationservice-server", "message": "[Recv ListRecommendations] product_ids=['2ZYFJ3GM2N', '9SIQT8TOJO', 'LS4PSXUNUM', '66VCHSJNUP', 'L9ECAV7KIM']"}
2026-08-15T12:16:21.322242748Z {"timestamp": 1786796181.321521, "severity": "INFO", "name": "recommendationservice-server", "message": "[Recv ListRecommendations] product_ids=['6E92ZMYYFZ', '66VCHSJNUP', '1YMWWN1N4O', '2ZYFJ3GM2N', 'OLJCESPC7Z']"}
2026-08-15T12:16:22.030923116Z {"timestamp": 1786796182.0301251, "severity": "INFO", "name": "recommendationservice-server", "message": "[Recv ListRecommendations] product_ids=['66VCHSJNUP', '0PUK6V6EV0', 'OLJCESPC7Z', '6E92ZMYYFZ', '2ZYFJ3GM2N']"}
2026-08-15T12:16:22.629371541Z {"timestamp": 1786796182.628119, "severity": "INFO", "name": "recommendationservice-server", "message": "[Recv ListRecommendations] product_ids=['LS4PSXUNUM', '1YMWWN1N4O', '0PUK6V6EV0', '66VCHSJNUP', '6E92ZMYYFZ']"}
2026-08-15T12:16:22.740926613Z {"timestamp": 1786796182.7393148, "severity": "INFO", "name": "recommendationservice-server", "message": "[Recv ListRecommendations] product_ids=['OLJCESPC7Z', '66VCHSJNUP', '1YMWWN1N4O', '9SIQT8TOJO', '2ZYFJ3GM2N']"}
2026-08-15T12:16:24.531348233Z {"timestamp": 1786796184.529922, "severity": "INFO", "name": "recommendationservice-server", "message": "[Recv ListRecommendations] product_ids=['0PUK6V6EV0', '2ZYFJ3GM2N', 'OLJCESPC7Z', '66VCHSJNUP', '6E92ZMYYFZ']"}
2026-08-15T12:16:24.729230596Z {"timestamp": 1786796184.727985, "severity": "INFO", "name": "recommendationservice-server", "message": "[Recv ListRecommendations] product_ids=['66VCHSJNUP', '2ZYFJ3GM2N', 'OLJCESPC7Z', 'LS4PSXUNUM', '9SIQT8TOJO']"}
2026-08-15T12:16:25.122847751Z {"timestamp": 1786796185.1220589, "severity": "INFO", "name": "recommendationservice-server", "message": "[Recv ListRecommendations] product_ids=['66VCHSJNUP', '0PUK6V6EV0', 'L9ECAV7KIM', '6E92ZMYYFZ', 'LS4PSXUNUM']"}
2026-08-15T12:16:25.677900240Z {"timestamp": 1786796185.6761026, "severity": "INFO", "name": "recommendationservice-server", "message": "[Recv ListRecommendations] product_ids=['66VCHSJNUP', '0PUK6V6EV0', '2ZYFJ3GM2N', '1YMWWN1N4O', '6E92ZMYYFZ']"}
2026-08-15T12:16:25.751159962Z {"timestamp": 1786796185.7508194, "severity": "INFO", "name": "recommendationservice-server", "message": "[Recv ListRecommendations] product_ids=['66VCHSJNUP', '9SIQT8TOJO', 'LS4PSXUNUM', 'L9ECAV7KIM', 'OLJCESPC7Z']"}
2026-08-15T12:16:25.815948213Z {"timestamp": 1786796185.8156762, "severity": "INFO", "name": "recommendationservice-server", "message": "[Recv ListRecommendations] product_ids=['L9ECAV7KIM', 'OLJCESPC7Z', 'LS4PSXUNUM', '1YMWWN1N4O', '6E92ZMYYFZ']"}
2026-08-15T12:16:25.838277490Z {"timestamp": 1786796185.8379776, "severity": "INFO", "name": "recommendationservice-server", "message": "[Recv ListRecommendations] product_ids=['L9ECAV7KIM', '0PUK6V6EV0', '2ZYFJ3GM2N', '6E92ZMYYFZ', 'OLJCESPC7Z']"}
2026-08-15T12:16:26.556456407Z {"timestamp": 1786796186.5551953, "severity": "INFO", "name": "recommendationservice-server", "message": "[Recv ListRecommendations] product_ids=['0PUK6V6EV0', '6E92ZMYYFZ', '1YMWWN1N4O', '9SIQT8TOJO', 'L9ECAV7KIM']"}
2026-08-15T12:16:26.668926138Z {"timestamp": 1786796186.6685467, "severity": "INFO", "name": "recommendationservice-server", "message": "[Recv ListRecommendations] product_ids=['L9ECAV7KIM', '6E92ZMYYFZ', 'LS4PSXUNUM', '9SIQT8TOJO', '66VCHSJNUP']"}
2026-08-15T12:16:27.609872941Z {"timestamp": 1786796187.6092534, "severity": "INFO", "name": "recommendationservice-server", "message": "[Recv ListRecommendations] product_ids=['66VCHSJNUP', '9SIQT8TOJO', 'L9ECAV7KIM', '6E92ZMYYFZ', '2ZYFJ3GM2N']"}
2026-08-15T12:16:27.676105642Z {"timestamp": 1786796187.6757996, "severity": "INFO", "name": "recommendationservice-server", "message": "[Recv ListRecommendations] product_ids=['LS4PSXUNUM', '1YMWWN1N4O', '9SIQT8TOJO', '2ZYFJ3GM2N', '0PUK6V6EV0']"}
2026-08-15T12:16:27.743283708Z {"timestamp": 1786796187.743071, "severity": "INFO", "name": "recommendationservice-server", "message": "[Recv ListRecommendations] product_ids=['LS4PSXUNUM', '2ZYFJ3GM2N', '1YMWWN1N4O', 'OLJCESPC7Z', '6E92ZMYYFZ']"}
2026-08-15T12:16:27.786189759Z {"timestamp": 1786796187.7859259, "severity": "INFO", "name": "recommendationservice-server", "message": "[Recv ListRecommendations] product_ids=['LS4PSXUNUM', 'OLJCESPC7Z', '0PUK6V6EV0', '6E92ZMYYFZ', '1YMWWN1N4O']"}
2026-08-15T12:16:28.228453072Z {"timestamp": 1786796188.226866, "severity": "INFO", "name": "recommendationservice-server", "message": "[Recv ListRecommendations] product_ids=['6E92ZMYYFZ', '66VCHSJNUP', 'OLJCESPC7Z', 'LS4PSXUNUM', 'L9ECAV7KIM']"}
2026-08-15T12:16:28.536314141Z {"timestamp": 1786796188.5352006, "severity": "INFO", "name": "recommendationservice-server", "message": "[Recv ListRecommendations] product_ids=['9SIQT8TOJO', '66VCHSJNUP', 'L9ECAV7KIM', 'LS4PSXUNUM', 'OLJCESPC7Z']"}
2026-08-15T12:16:29.188128191Z {"timestamp": 1786796189.1871846, "severity": "INFO", "name": "recommendationservice-server", "message": "[Recv ListRecommendations] product_ids=['OLJCESPC7Z', '9SIQT8TOJO', '66VCHSJNUP', '1YMWWN1N4O', 'LS4PSXUNUM']"}
2026-08-15T12:16:29.287298507Z {"timestamp": 1786796189.2865763, "severity": "INFO", "name": "recommendationservice-server", "message": "[Recv ListRecommendations] product_ids=['LS4PSXUNUM', 'OLJCESPC7Z', '66VCHSJNUP', '2ZYFJ3GM2N', '9SIQT8TOJO']"}
2026-08-15T12:16:29.670837079Z {"timestamp": 1786796189.6693697, "severity": "INFO", "name": "recommendationservice-server", "message": "[Recv ListRecommendations] product_ids=['OLJCESPC7Z', '66VCHSJNUP', '6E92ZMYYFZ', '1YMWWN1N4O', '9SIQT8TOJO']"}
2026-08-15T12:16:29.915157567Z {"timestamp": 1786796189.9140306, "severity": "INFO", "name": "recommendationservice-server", "message": "[Recv ListRecommendations] product_ids=['OLJCESPC7Z', '1YMWWN1N4O', 'L9ECAV7KIM', '66VCHSJNUP', '6E92ZMYYFZ']"}
2026-08-15T12:16:30.537285473Z {"timestamp": 1786796190.5361633, "severity": "INFO", "name": "recommendationservice-server", "message": "[Recv ListRecommendations] product_ids=['LS4PSXUNUM', '66VCHSJNUP', '2ZYFJ3GM2N', '6E92ZMYYFZ', '1YMWWN1N4O']"}
2026-08-15T12:16:30.640828017Z {"timestamp": 1786796190.6396024, "severity": "INFO", "name": "recommendationservice-server", "message": "[Recv ListRecommendations] product_ids=['LS4PSXUNUM', '66VCHSJNUP', '0PUK6V6EV0', '1YMWWN1N4O', '2ZYFJ3GM2N']"}
2026-08-15T12:16:30.813397155Z {"timestamp": 1786796190.8119102, "severity": "INFO", "name": "recommendationservice-server", "message": "[Recv ListRecommendations] product_ids=['9SIQT8TOJO', 'L9ECAV7KIM', '66VCHSJNUP', '0PUK6V6EV0', '6E92ZMYYFZ']"}
2026-08-15T12:16:32.494363695Z {"timestamp": 1786796192.4940195, "severity": "INFO", "name": "recommendationservice-server", "message": "[Recv ListRecommendations] product_ids=['LS4PSXUNUM', '0PUK6V6EV0', 'L9ECAV7KIM', '2ZYFJ3GM2N', '9SIQT8TOJO']"}
2026-08-15T12:16:32.514981129Z {"timestamp": 1786796192.514714, "severity": "INFO", "name": "recommendationservice-server", "message": "[Recv ListRecommendations] product_ids=['OLJCESPC7Z', '1YMWWN1N4O', '0PUK6V6EV0', 'LS4PSXUNUM', '9SIQT8TOJO']"}
2026-08-15T12:16:32.531717816Z {"timestamp": 1786796192.5313966, "severity": "INFO", "name": "recommendationservice-server", "message": "[Recv ListRecommendations] product_ids=['LS4PSXUNUM', '0PUK6V6EV0', 'L9ECAV7KIM', '66VCHSJNUP', '2ZYFJ3GM2N']"}
2026-08-15T12:16:34.062924115Z {"timestamp": 1786796194.0618382, "severity": "INFO", "name": "recommendationservice-server", "message": "[Recv ListRecommendations] product_ids=['1YMWWN1N4O', '2ZYFJ3GM2N', '66VCHSJNUP', '6E92ZMYYFZ', 'OLJCESPC7Z']"}
2026-08-15T12:16:34.136202719Z {"timestamp": 1786796194.1355972, "severity": "INFO", "name": "recommendationservice-server", "message": "[Recv ListRecommendations] product_ids=['1YMWWN1N4O', 'L9ECAV7KIM', '6E92ZMYYFZ', 'OLJCESPC7Z', 'LS4PSXUNUM']"}
2026-08-15T12:16:34.383416789Z {"timestamp": 1786796194.382729, "severity": "INFO", "name": "recommendationservice-server", "message": "[Recv ListRecommendations] product_ids=['9SIQT8TOJO', '66VCHSJNUP', '1YMWWN1N4O', 'OLJCESPC7Z', '6E92ZMYYFZ']"}
2026-08-15T12:16:34.392817454Z {"timestamp": 1786796194.392122, "severity": "INFO", "name": "recommendationservice-server", "message": "[Recv ListRecommendations] product_ids=['9SIQT8TOJO', 'LS4PSXUNUM', '66VCHSJNUP', 'OLJCESPC7Z', '0PUK6V6EV0']"}
2026-08-15T12:16:34.782025871Z {"timestamp": 1786796194.7813733, "severity": "INFO", "name": "recommendationservice-server", "message": "[Recv ListRecommendations] product_ids=['1YMWWN1N4O', 'LS4PSXUNUM', '9SIQT8TOJO', '66VCHSJNUP', '6E92ZMYYFZ']"}
2026-08-15T12:16:34.980360200Z {"timestamp": 1786796194.9747424, "severity": "INFO", "name": "recommendationservice-server", "message": "[Recv ListRecommendations] product_ids=['9SIQT8TOJO', '66VCHSJNUP', 'LS4PSXUNUM', 'L9ECAV7KIM', '0PUK6V6EV0']"}
2026-08-15T12:16:36.010623271Z {"timestamp": 1786796196.0102105, "severity": "INFO", "name": "recommendationservice-server", "message": "[Recv ListRecommendations] product_ids=['0PUK6V6EV0', '9SIQT8TOJO', 'L9ECAV7KIM', 'OLJCESPC7Z', '1YMWWN1N4O']"}
2026-08-15T12:16:36.148225255Z {"timestamp": 1786796196.147094, "severity": "INFO", "name": "recommendationservice-server", "message": "[Recv ListRecommendations] product_ids=['0PUK6V6EV0', '6E92ZMYYFZ', '2ZYFJ3GM2N', 'L9ECAV7KIM', 'LS4PSXUNUM']"}
2026-08-15T12:16:36.428638075Z {"timestamp": 1786796196.4271798, "severity": "INFO", "name": "recommendationservice-server", "message": "[Recv ListRecommendations] product_ids=['1YMWWN1N4O', '66VCHSJNUP', '9SIQT8TOJO', 'OLJCESPC7Z', 'L9ECAV7KIM']"}
2026-08-15T12:16:36.651031011Z {"timestamp": 1786796196.6497045, "severity": "INFO", "name": "recommendationservice-server", "message": "[Recv ListRecommendations] product_ids=['OLJCESPC7Z', '9SIQT8TOJO', '0PUK6V6EV0', '66VCHSJNUP', 'LS4PSXUNUM']"}
2026-08-15T12:16:37.243012454Z {"timestamp": 1786796197.2422483, "severity": "INFO", "name": "recommendationservice-server", "message": "[Recv ListRecommendations] product_ids=['9SIQT8TOJO', 'L9ECAV7KIM', '0PUK6V6EV0', '66VCHSJNUP', '1YMWWN1N4O']"}
2026-08-15T12:16:37.266622966Z {"timestamp": 1786796197.2661333, "severity": "INFO", "name": "recommendationservice-server", "message": "[Recv ListRecommendations] product_ids=['L9ECAV7KIM', '0PUK6V6EV0', 'OLJCESPC7Z', 'LS4PSXUNUM', '6E92ZMYYFZ']"}
2026-08-15T12:16:37.770354656Z {"timestamp": 1786796197.7684212, "severity": "INFO", "name": "recommendationservice-server", "message": "[Recv ListRecommendations] product_ids=['L9ECAV7KIM', 'LS4PSXUNUM', '2ZYFJ3GM2N', 'OLJCESPC7Z', '9SIQT8TOJO']"}
2026-08-15T12:16:37.815771019Z {"timestamp": 1786796197.8154414, "severity": "INFO", "name": "recommendationservice-server", "message": "[Recv ListRecommendations] product_ids=['9SIQT8TOJO', '2ZYFJ3GM2N', '6E92ZMYYFZ', 'LS4PSXUNUM', '0PUK6V6EV0']"}
2026-08-15T12:16:38.305372968Z {"timestamp": 1786796198.3047955, "severity": "INFO", "name": "recommendationservice-server", "message": "[Recv ListRecommendations] product_ids=['2ZYFJ3GM2N', '6E92ZMYYFZ', '9SIQT8TOJO', '66VCHSJNUP', 'OLJCESPC7Z']"}
2026-08-15T12:16:38.916616494Z {"timestamp": 1786796198.9141643, "severity": "INFO", "name": "recommendationservice-server", "message": "[Recv ListRecommendations] product_ids=['1YMWWN1N4O', 'LS4PSXUNUM', 'L9ECAV7KIM', '2ZYFJ3GM2N', '0PUK6V6EV0']"}
2026-08-15T12:16:40.087182444Z {"timestamp": 1786796200.0860226, "severity": "INFO", "name": "recommendationservice-server", "message": "[Recv ListRecommendations] product_ids=['1YMWWN1N4O', '9SIQT8TOJO', '66VCHSJNUP', '6E92ZMYYFZ', 'LS4PSXUNUM']"}
2026-08-15T12:16:40.187516243Z {"timestamp": 1786796200.185759, "severity": "INFO", "name": "recommendationservice-server", "message": "[Recv ListRecommendations] product_ids=['LS4PSXUNUM', 'L9ECAV7KIM', '66VCHSJNUP', '9SIQT8TOJO', '6E92ZMYYFZ']"}
2026-08-15T12:16:40.281544330Z {"timestamp": 1786796200.2811468, "severity": "INFO", "name": "recommendationservice-server", "message": "[Recv ListRecommendations] product_ids=['LS4PSXUNUM', '1YMWWN1N4O', 'L9ECAV7KIM', '2ZYFJ3GM2N', 'OLJCESPC7Z']"}
2026-08-15T12:16:40.286211104Z {"timestamp": 1786796200.2858453, "severity": "INFO", "name": "recommendationservice-server", "message": "[Recv ListRecommendations] product_ids=['1YMWWN1N4O', '66VCHSJNUP', '9SIQT8TOJO', '6E92ZMYYFZ', 'L9ECAV7KIM']"}
2026-08-15T12:16:40.543481280Z {"timestamp": 1786796200.5422804, "severity": "INFO", "name": "recommendationservice-server", "message": "[Recv ListRecommendations] product_ids=['LS4PSXUNUM', '0PUK6V6EV0', '6E92ZMYYFZ', '2ZYFJ3GM2N', 'L9ECAV7KIM']"}
2026-08-15T12:16:41.530243870Z {"timestamp": 1786796201.528681, "severity": "INFO", "name": "recommendationservice-server", "message": "[Recv ListRecommendations] product_ids=['LS4PSXUNUM', 'L9ECAV7KIM', '66VCHSJNUP', '1YMWWN1N4O', '6E92ZMYYFZ']"}
2026-08-15T12:16:41.744925992Z {"timestamp": 1786796201.7438252, "severity": "INFO", "name": "recommendationservice-server", "message": "[Recv ListRecommendations] product_ids=['66VCHSJNUP', 'L9ECAV7KIM', '2ZYFJ3GM2N', '0PUK6V6EV0', '9SIQT8TOJO']"}
2026-08-15T12:16:43.426826385Z {"timestamp": 1786796203.4255962, "severity": "INFO", "name": "recommendationservice-server", "message": "[Recv ListRecommendations] product_ids=['OLJCESPC7Z', '9SIQT8TOJO', '2ZYFJ3GM2N', '1YMWWN1N4O', '6E92ZMYYFZ']"}
2026-08-15T12:16:43.672883941Z {"timestamp": 1786796203.6717296, "severity": "INFO", "name": "recommendationservice-server", "message": "[Recv ListRecommendations] product_ids=['L9ECAV7KIM', '1YMWWN1N4O', '66VCHSJNUP', 'LS4PSXUNUM', '9SIQT8TOJO']"}
2026-08-15T12:16:44.818954777Z {"timestamp": 1786796204.8180947, "severity": "INFO", "name": "recommendationservice-server", "message": "[Recv ListRecommendations] product_ids=['LS4PSXUNUM', 'OLJCESPC7Z', '6E92ZMYYFZ', '9SIQT8TOJO', '66VCHSJNUP']"}
2026-08-15T12:16:45.002773844Z {"timestamp": 1786796204.9998152, "severity": "INFO", "name": "recommendationservice-server", "message": "[Recv ListRecommendations] product_ids=['LS4PSXUNUM', '6E92ZMYYFZ', '2ZYFJ3GM2N', 'L9ECAV7KIM', 'OLJCESPC7Z']"}
2026-08-15T12:16:46.207483397Z {"timestamp": 1786796206.2062786, "severity": "INFO", "name": "recommendationservice-server", "message": "[Recv ListRecommendations] product_ids=['0PUK6V6EV0', '66VCHSJNUP', '6E92ZMYYFZ', '2ZYFJ3GM2N', '9SIQT8TOJO']"}
2026-08-15T12:16:46.337830962Z {"timestamp": 1786796206.336569, "severity": "INFO", "name": "recommendationservice-server", "message": "[Recv ListRecommendations] product_ids=['9SIQT8TOJO', '66VCHSJNUP', '1YMWWN1N4O', 'LS4PSXUNUM', 'L9ECAV7KIM']"}
2026-08-15T12:16:46.623406669Z {"timestamp": 1786796206.6220362, "severity": "INFO", "name": "recommendationservice-server", "message": "[Recv ListRecommendations] product_ids=['0PUK6V6EV0', 'LS4PSXUNUM', 'OLJCESPC7Z', '1YMWWN1N4O', '9SIQT8TOJO']"}
2026-08-15T12:16:47.770787149Z {"timestamp": 1786796207.769916, "severity": "INFO", "name": "recommendationservice-server", "message": "[Recv ListRecommendations] product_ids=['9SIQT8TOJO', '0PUK6V6EV0', '6E92ZMYYFZ', '1YMWWN1N4O', 'L9ECAV7KIM']"}
2026-08-15T12:16:47.817057187Z {"timestamp": 1786796207.8166487, "severity": "INFO", "name": "recommendationservice-server", "message": "[Recv ListRecommendations] product_ids=['L9ECAV7KIM', '0PUK6V6EV0', 'LS4PSXUNUM', '9SIQT8TOJO', 'OLJCESPC7Z']"}
2026-08-15T12:16:48.531381463Z {"timestamp": 1786796208.5299854, "severity": "INFO", "name": "recommendationservice-server", "message": "[Recv ListRecommendations] product_ids=['LS4PSXUNUM', '66VCHSJNUP', '1YMWWN1N4O', '6E92ZMYYFZ', '2ZYFJ3GM2N']"}
2026-08-15T12:16:49.118957605Z {"timestamp": 1786796209.1185744, "severity": "INFO", "name": "recommendationservice-server", "message": "[Recv ListRecommendations] product_ids=['L9ECAV7KIM', 'OLJCESPC7Z', '1YMWWN1N4O', '2ZYFJ3GM2N', 'LS4PSXUNUM']"}
2026-08-15T12:16:49.138283761Z {"timestamp": 1786796209.1378677, "severity": "INFO", "name": "recommendationservice-server", "message": "[Recv ListRecommendations] product_ids=['66VCHSJNUP', '0PUK6V6EV0', 'OLJCESPC7Z', '6E92ZMYYFZ', 'L9ECAV7KIM']"}
2026-08-15T12:16:49.582757953Z {"timestamp": 1786796209.5817015, "severity": "INFO", "name": "recommendationservice-server", "message": "[Recv ListRecommendations] product_ids=['2ZYFJ3GM2N', '6E92ZMYYFZ', '1YMWWN1N4O', 'OLJCESPC7Z', '0PUK6V6EV0']"}
2026-08-15T12:16:49.675413247Z {"timestamp": 1786796209.6745005, "severity": "INFO", "name": "recommendationservice-server", "message": "[Recv ListRecommendations] product_ids=['2ZYFJ3GM2N', 'OLJCESPC7Z', 'LS4PSXUNUM', '66VCHSJNUP', '9SIQT8TOJO']"}
2026-08-15T12:16:50.504141731Z {"timestamp": 1786796210.5026796, "severity": "INFO", "name": "recommendationservice-server", "message": "[Recv ListRecommendations] product_ids=['6E92ZMYYFZ', 'OLJCESPC7Z', 'L9ECAV7KIM', 'LS4PSXUNUM', '2ZYFJ3GM2N']"}
2026-08-15T12:16:50.937003307Z {"timestamp": 1786796210.9360383, "severity": "INFO", "name": "recommendationservice-server", "message": "[Recv ListRecommendations] product_ids=['66VCHSJNUP', 'OLJCESPC7Z', '9SIQT8TOJO', '0PUK6V6EV0', '2ZYFJ3GM2N']"}
2026-08-15T12:16:51.145499922Z {"timestamp": 1786796211.1443384, "severity": "INFO", "name": "recommendationservice-server", "message": "[Recv ListRecommendations] product_ids=['1YMWWN1N4O', '66VCHSJNUP', 'LS4PSXUNUM', '9SIQT8TOJO', '2ZYFJ3GM2N']"}
2026-08-15T12:16:51.338872602Z {"timestamp": 1786796211.337265, "severity": "INFO", "name": "recommendationservice-server", "message": "[Recv ListRecommendations] product_ids=['L9ECAV7KIM', '6E92ZMYYFZ', 'LS4PSXUNUM', '0PUK6V6EV0', '66VCHSJNUP']"}
2026-08-15T12:16:51.523495288Z {"timestamp": 1786796211.5220783, "severity": "INFO", "name": "recommendationservice-server", "message": "[Recv ListRecommendations] product_ids=['9SIQT8TOJO', 'OLJCESPC7Z', '2ZYFJ3GM2N', '66VCHSJNUP', 'LS4PSXUNUM']"}
2026-08-15T12:16:51.827392904Z {"timestamp": 1786796211.827176, "severity": "INFO", "name": "recommendationservice-server", "message": "[Recv ListRecommendations] product_ids=['OLJCESPC7Z', 'L9ECAV7KIM', '66VCHSJNUP', '1YMWWN1N4O', '6E92ZMYYFZ']"}
2026-08-15T12:16:52.564131557Z {"timestamp": 1786796212.5628748, "severity": "INFO", "name": "recommendationservice-server", "message": "[Recv ListRecommendations] product_ids=['6E92ZMYYFZ', '0PUK6V6EV0', '1YMWWN1N4O', '2ZYFJ3GM2N', 'OLJCESPC7Z']"}
2026-08-15T12:16:53.134287162Z {"timestamp": 1786796213.1332705, "severity": "INFO", "name": "recommendationservice-server", "message": "[Recv ListRecommendations] product_ids=['0PUK6V6EV0', 'LS4PSXUNUM', 'OLJCESPC7Z', '1YMWWN1N4O', '66VCHSJNUP']"}
2026-08-15T12:16:54.954131102Z {"timestamp": 1786796214.9530513, "severity": "INFO", "name": "recommendationservice-server", "message": "[Recv ListRecommendations] product_ids=['LS4PSXUNUM', '2ZYFJ3GM2N', '6E92ZMYYFZ', 'OLJCESPC7Z', 'L9ECAV7KIM']"}
2026-08-15T12:16:55.542156456Z {"timestamp": 1786796215.5406456, "severity": "INFO", "name": "recommendationservice-server", "message": "[Recv ListRecommendations] product_ids=['1YMWWN1N4O', '2ZYFJ3GM2N', 'L9ECAV7KIM', '6E92ZMYYFZ', '0PUK6V6EV0']"}
2026-08-15T12:16:55.720408976Z {"timestamp": 1786796215.7195337, "severity": "INFO", "name": "recommendationservice-server", "message": "[Recv ListRecommendations] product_ids=['9SIQT8TOJO', 'LS4PSXUNUM', 'L9ECAV7KIM', '1YMWWN1N4O', '2ZYFJ3GM2N']"}
2026-08-15T12:16:55.811399873Z {"timestamp": 1786796215.8110707, "severity": "INFO", "name": "recommendationservice-server", "message": "[Recv ListRecommendations] product_ids=['66VCHSJNUP', '0PUK6V6EV0', '9SIQT8TOJO', '2ZYFJ3GM2N', 'OLJCESPC7Z']"}
2026-08-15T12:16:55.827926615Z {"timestamp": 1786796215.8276412, "severity": "INFO", "name": "recommendationservice-server", "message": "[Recv ListRecommendations] product_ids=['L9ECAV7KIM', '66VCHSJNUP', '2ZYFJ3GM2N', '9SIQT8TOJO', '1YMWWN1N4O']"}
2026-08-15T12:16:55.851010566Z {"timestamp": 1786796215.850699, "severity": "INFO", "name": "recommendationservice-server", "message": "[Recv ListRecommendations] product_ids=['2ZYFJ3GM2N', 'L9ECAV7KIM', '0PUK6V6EV0', '1YMWWN1N4O', 'OLJCESPC7Z']"}
2026-08-15T12:16:56.477457330Z {"timestamp": 1786796216.4761534, "severity": "INFO", "name": "recommendationservice-server", "message": "[Recv ListRecommendations] product_ids=['L9ECAV7KIM', '6E92ZMYYFZ', 'LS4PSXUNUM', '0PUK6V6EV0', '9SIQT8TOJO']"}
2026-08-15T12:16:56.638217559Z {"timestamp": 1786796216.6366699, "severity": "INFO", "name": "recommendationservice-server", "message": "[Recv ListRecommendations] product_ids=['6E92ZMYYFZ', '1YMWWN1N4O', '66VCHSJNUP', '9SIQT8TOJO', 'LS4PSXUNUM']"}
2026-08-15T12:16:56.747712402Z {"timestamp": 1786796216.7465706, "severity": "INFO", "name": "recommendationservice-server", "message": "[Recv ListRecommendations] product_ids=['66VCHSJNUP', '0PUK6V6EV0', 'L9ECAV7KIM', 'LS4PSXUNUM', '1YMWWN1N4O']"}
2026-08-15T12:16:56.919096066Z {"timestamp": 1786796216.9184067, "severity": "INFO", "name": "recommendationservice-server", "message": "[Recv ListRecommendations] product_ids=['L9ECAV7KIM', '66VCHSJNUP', '0PUK6V6EV0', 'LS4PSXUNUM', 'OLJCESPC7Z']"}
2026-08-15T12:16:57.189001984Z {"timestamp": 1786796217.1878529, "severity": "INFO", "name": "recommendationservice-server", "message": "[Recv ListRecommendations] product_ids=['6E92ZMYYFZ', '66VCHSJNUP', 'OLJCESPC7Z', 'L9ECAV7KIM', 'LS4PSXUNUM']"}
2026-08-15T12:16:58.028037450Z {"timestamp": 1786796218.0276585, "severity": "INFO", "name": "recommendationservice-server", "message": "[Recv ListRecommendations] product_ids=['6E92ZMYYFZ', '1YMWWN1N4O', '9SIQT8TOJO', '2ZYFJ3GM2N', '0PUK6V6EV0']"}
2026-08-15T12:16:58.049610168Z {"timestamp": 1786796218.04921, "severity": "INFO", "name": "recommendationservice-server", "message": "[Recv ListRecommendations] product_ids=['2ZYFJ3GM2N', '9SIQT8TOJO', 'OLJCESPC7Z', '0PUK6V6EV0', '6E92ZMYYFZ']"}
2026-08-15T12:16:58.139580208Z {"timestamp": 1786796218.1388748, "severity": "INFO", "name": "recommendationservice-server", "message": "[Recv ListRecommendations] product_ids=['OLJCESPC7Z', '2ZYFJ3GM2N', 'LS4PSXUNUM', '0PUK6V6EV0', '9SIQT8TOJO']"}
2026-08-15T12:16:58.204328168Z {"timestamp": 1786796218.203552, "severity": "INFO", "name": "recommendationservice-server", "message": "[Recv ListRecommendations] product_ids=['9SIQT8TOJO', '2ZYFJ3GM2N', '66VCHSJNUP', 'LS4PSXUNUM', 'L9ECAV7KIM']"}
2026-08-15T12:16:58.314250177Z {"timestamp": 1786796218.3134542, "severity": "INFO", "name": "recommendationservice-server", "message": "[Recv ListRecommendations] product_ids=['9SIQT8TOJO', 'L9ECAV7KIM', '6E92ZMYYFZ', '2ZYFJ3GM2N', '0PUK6V6EV0']"}
2026-08-15T12:16:58.417549467Z {"timestamp": 1786796218.4167094, "severity": "INFO", "name": "recommendationservice-server", "message": "[Recv ListRecommendations] product_ids=['0PUK6V6EV0', '6E92ZMYYFZ', 'LS4PSXUNUM', 'L9ECAV7KIM', '1YMWWN1N4O']"}
2026-08-15T12:16:58.512824723Z {"timestamp": 1786796218.5124087, "severity": "INFO", "name": "recommendationservice-server", "message": "[Recv ListRecommendations] product_ids=['9SIQT8TOJO', '0PUK6V6EV0', 'L9ECAV7KIM', '1YMWWN1N4O', 'LS4PSXUNUM']"}
2026-08-15T12:16:59.394492447Z {"timestamp": 1786796219.3931687, "severity": "INFO", "name": "recommendationservice-server", "message": "[Recv ListRecommendations] product_ids=['1YMWWN1N4O', '9SIQT8TOJO', '0PUK6V6EV0', 'L9ECAV7KIM', 'OLJCESPC7Z']"}
2026-08-15T12:16:59.975519724Z {"timestamp": 1786796219.9742286, "severity": "INFO", "name": "recommendationservice-server", "message": "[Recv ListRecommendations] product_ids=['0PUK6V6EV0', 'OLJCESPC7Z', '66VCHSJNUP', 'LS4PSXUNUM', '9SIQT8TOJO']"}
2026-08-15T12:17:01.819543739Z {"timestamp": 1786796221.8191192, "severity": "INFO", "name": "recommendationservice-server", "message": "[Recv ListRecommendations] product_ids=['LS4PSXUNUM', '9SIQT8TOJO', 'OLJCESPC7Z', 'L9ECAV7KIM', '2ZYFJ3GM2N']"}
2026-08-15T12:17:02.616731753Z {"timestamp": 1786796222.6149771, "severity": "INFO", "name": "recommendationservice-server", "message": "[Recv ListRecommendations] product_ids=['6E92ZMYYFZ', '1YMWWN1N4O', 'OLJCESPC7Z', '2ZYFJ3GM2N', 'L9ECAV7KIM']"}
2026-08-15T12:17:02.697633737Z {"timestamp": 1786796222.6972694, "severity": "INFO", "name": "recommendationservice-server", "message": "[Recv ListRecommendations] product_ids=['2ZYFJ3GM2N', 'L9ECAV7KIM', '66VCHSJNUP', 'LS4PSXUNUM', '1YMWWN1N4O']"}
2026-08-15T12:17:02.897163427Z {"timestamp": 1786796222.8967977, "severity": "INFO", "name": "recommendationservice-server", "message": "[Recv ListRecommendations] product_ids=['OLJCESPC7Z', '66VCHSJNUP', 'LS4PSXUNUM', 'L9ECAV7KIM', '1YMWWN1N4O']"}
2026-08-15T12:17:02.901064529Z {"timestamp": 1786796222.9006174, "severity": "INFO", "name": "recommendationservice-server", "message": "[Recv ListRecommendations] product_ids=['OLJCESPC7Z', '2ZYFJ3GM2N', '1YMWWN1N4O', '0PUK6V6EV0', '6E92ZMYYFZ']"}
2026-08-15T12:17:02.996282822Z {"timestamp": 1786796222.9959526, "severity": "INFO", "name": "recommendationservice-server", "message": "[Recv ListRecommendations] product_ids=['0PUK6V6EV0', 'L9ECAV7KIM', '2ZYFJ3GM2N', 'OLJCESPC7Z', 'LS4PSXUNUM']"}
2026-08-15T12:17:03.028737030Z {"timestamp": 1786796223.028346, "severity": "INFO", "name": "recommendationservice-server", "message": "[Recv ListRecommendations] product_ids=['L9ECAV7KIM', '0PUK6V6EV0', '6E92ZMYYFZ', 'LS4PSXUNUM', '66VCHSJNUP']"}
2026-08-15T12:17:03.253530518Z {"timestamp": 1786796223.252941, "severity": "INFO", "name": "recommendationservice-server", "message": "[Recv ListRecommendations] product_ids=['L9ECAV7KIM', 'OLJCESPC7Z', 'LS4PSXUNUM', '1YMWWN1N4O', '6E92ZMYYFZ']"}
2026-08-15T12:17:03.513606851Z {"timestamp": 1786796223.51246, "severity": "INFO", "name": "recommendationservice-server", "message": "[Recv ListRecommendations] product_ids=['66VCHSJNUP', '6E92ZMYYFZ', 'L9ECAV7KIM', '2ZYFJ3GM2N', '9SIQT8TOJO']"}
2026-08-15T12:17:03.994173808Z {"timestamp": 1786796223.9927359, "severity": "INFO", "name": "recommendationservice-server", "message": "[Recv ListRecommendations] product_ids=['L9ECAV7KIM', '9SIQT8TOJO', 'LS4PSXUNUM', '0PUK6V6EV0', '6E92ZMYYFZ']"}
2026-08-15T12:17:04.249553816Z {"timestamp": 1786796224.2485297, "severity": "INFO", "name": "recommendationservice-server", "message": "[Recv ListRecommendations] product_ids=['6E92ZMYYFZ', '9SIQT8TOJO', '1YMWWN1N4O', 'OLJCESPC7Z', 'L9ECAV7KIM']"}
2026-08-15T12:17:04.320435854Z {"timestamp": 1786796224.3197758, "severity": "INFO", "name": "recommendationservice-server", "message": "[Recv ListRecommendations] product_ids=['9SIQT8TOJO', '66VCHSJNUP', '0PUK6V6EV0', '6E92ZMYYFZ', '2ZYFJ3GM2N']"}
2026-08-15T12:17:04.835946102Z {"timestamp": 1786796224.8354263, "severity": "INFO", "name": "recommendationservice-server", "message": "[Recv ListRecommendations] product_ids=['6E92ZMYYFZ', '1YMWWN1N4O', 'L9ECAV7KIM', 'OLJCESPC7Z', '9SIQT8TOJO']"}
2026-08-15T12:17:04.857619347Z {"timestamp": 1786796224.8570504, "severity": "INFO", "name": "recommendationservice-server", "message": "[Recv ListRecommendations] product_ids=['6E92ZMYYFZ', '66VCHSJNUP', '0PUK6V6EV0', 'OLJCESPC7Z', '9SIQT8TOJO']"}
2026-08-15T12:17:04.947339692Z {"timestamp": 1786796224.946865, "severity": "INFO", "name": "recommendationservice-server", "message": "[Recv ListRecommendations] product_ids=['L9ECAV7KIM', 'LS4PSXUNUM', '0PUK6V6EV0', '9SIQT8TOJO', '66VCHSJNUP']"}
2026-08-15T12:17:05.236178663Z {"timestamp": 1786796225.2353694, "severity": "INFO", "name": "recommendationservice-server", "message": "[Recv ListRecommendations] product_ids=['0PUK6V6EV0', '1YMWWN1N4O', '2ZYFJ3GM2N', 'LS4PSXUNUM', '6E92ZMYYFZ']"}
2026-08-15T12:17:05.556916156Z {"timestamp": 1786796225.555745, "severity": "INFO", "name": "recommendationservice-server", "message": "[Recv ListRecommendations] product_ids=['LS4PSXUNUM', 'OLJCESPC7Z', '6E92ZMYYFZ', 'L9ECAV7KIM', '9SIQT8TOJO']"}
2026-08-15T12:17:05.675913019Z {"timestamp": 1786796225.674689, "severity": "INFO", "name": "recommendationservice-server", "message": "[Recv ListRecommendations] product_ids=['1YMWWN1N4O', 'OLJCESPC7Z', 'LS4PSXUNUM', '6E92ZMYYFZ', 'L9ECAV7KIM']"}
2026-08-15T12:17:05.768643628Z {"timestamp": 1786796225.7681322, "severity": "INFO", "name": "recommendationservice-server", "message": "[Recv ListRecommendations] product_ids=['2ZYFJ3GM2N', '9SIQT8TOJO', '6E92ZMYYFZ', '1YMWWN1N4O', '66VCHSJNUP']"}
2026-08-15T12:17:05.825402686Z {"timestamp": 1786796225.8249872, "severity": "INFO", "name": "recommendationservice-server", "message": "[Recv ListRecommendations] product_ids=['1YMWWN1N4O', '9SIQT8TOJO', '0PUK6V6EV0', 'OLJCESPC7Z', 'LS4PSXUNUM']"}
2026-08-15T12:17:05.841250832Z {"timestamp": 1786796225.8409345, "severity": "INFO", "name": "recommendationservice-server", "message": "[Recv ListRecommendations] product_ids=['0PUK6V6EV0', 'L9ECAV7KIM', '2ZYFJ3GM2N', '6E92ZMYYFZ', '9SIQT8TOJO']"}
2026-08-15T12:17:06.051107415Z {"timestamp": 1786796226.049685, "severity": "INFO", "name": "recommendationservice-server", "message": "[Recv ListRecommendations] product_ids=['1YMWWN1N4O', '6E92ZMYYFZ', 'LS4PSXUNUM', 'L9ECAV7KIM', '0PUK6V6EV0']"}
2026-08-15T12:17:06.196398835Z {"timestamp": 1786796226.1954768, "severity": "INFO", "name": "recommendationservice-server", "message": "[Recv ListRecommendations] product_ids=['OLJCESPC7Z', '6E92ZMYYFZ', '0PUK6V6EV0', 'LS4PSXUNUM', '2ZYFJ3GM2N']"}
2026-08-15T12:17:06.977540574Z {"timestamp": 1786796226.9766443, "severity": "INFO", "name": "recommendationservice-server", "message": "[Recv ListRecommendations] product_ids=['1YMWWN1N4O', '2ZYFJ3GM2N', '66VCHSJNUP', '0PUK6V6EV0', 'OLJCESPC7Z']"}
2026-08-15T12:17:07.629163326Z {"timestamp": 1786796227.6280675, "severity": "INFO", "name": "recommendationservice-server", "message": "[Recv ListRecommendations] product_ids=['LS4PSXUNUM', '6E92ZMYYFZ', 'L9ECAV7KIM', 'OLJCESPC7Z', '0PUK6V6EV0']"}
2026-08-15T12:17:08.101627355Z {"timestamp": 1786796228.1010087, "severity": "INFO", "name": "recommendationservice-server", "message": "[Recv ListRecommendations] product_ids=['LS4PSXUNUM', '6E92ZMYYFZ', 'OLJCESPC7Z', '1YMWWN1N4O', 'L9ECAV7KIM']"}
2026-08-15T12:17:08.130551450Z {"timestamp": 1786796228.129885, "severity": "INFO", "name": "recommendationservice-server", "message": "[Recv ListRecommendations] product_ids=['9SIQT8TOJO', 'OLJCESPC7Z', 'LS4PSXUNUM', '2ZYFJ3GM2N', 'L9ECAV7KIM']"}
2026-08-15T12:17:08.223016400Z {"timestamp": 1786796228.2223268, "severity": "INFO", "name": "recommendationservice-server", "message": "[Recv ListRecommendations] product_ids=['OLJCESPC7Z', '2ZYFJ3GM2N', '6E92ZMYYFZ', '66VCHSJNUP', 'L9ECAV7KIM']"}
2026-08-15T12:17:08.269240924Z {"timestamp": 1786796228.2685552, "severity": "INFO", "name": "recommendationservice-server", "message": "[Recv ListRecommendations] product_ids=['L9ECAV7KIM', '2ZYFJ3GM2N', 'OLJCESPC7Z', 'LS4PSXUNUM', '0PUK6V6EV0']"}
2026-08-15T12:17:09.960907570Z {"timestamp": 1786796229.9594634, "severity": "INFO", "name": "recommendationservice-server", "message": "[Recv ListRecommendations] product_ids=['0PUK6V6EV0', 'L9ECAV7KIM', '2ZYFJ3GM2N', '1YMWWN1N4O', '66VCHSJNUP']"}
2026-08-15T12:17:10.396193311Z {"timestamp": 1786796230.3958883, "severity": "INFO", "name": "recommendationservice-server", "message": "[Recv ListRecommendations] product_ids=['6E92ZMYYFZ', '1YMWWN1N4O', 'OLJCESPC7Z', '9SIQT8TOJO', 'L9ECAV7KIM']"}
2026-08-15T12:17:10.720130233Z {"timestamp": 1786796230.7189534, "severity": "INFO", "name": "recommendationservice-server", "message": "[Recv ListRecommendations] product_ids=['L9ECAV7KIM', '6E92ZMYYFZ', '0PUK6V6EV0', '9SIQT8TOJO', 'OLJCESPC7Z']"}
2026-08-15T12:17:10.906856806Z {"timestamp": 1786796230.9062376, "severity": "INFO", "name": "recommendationservice-server", "message": "[Recv ListRecommendations] product_ids=['L9ECAV7KIM', '66VCHSJNUP', '6E92ZMYYFZ', '2ZYFJ3GM2N', '0PUK6V6EV0']"}
2026-08-15T12:17:11.030820142Z {"timestamp": 1786796231.029514, "severity": "INFO", "name": "recommendationservice-server", "message": "[Recv ListRecommendations] product_ids=['6E92ZMYYFZ', '2ZYFJ3GM2N', '1YMWWN1N4O', '0PUK6V6EV0', 'OLJCESPC7Z']"}
2026-08-15T12:17:11.599078288Z {"timestamp": 1786796231.5979714, "severity": "INFO", "name": "recommendationservice-server", "message": "[Recv ListRecommendations] product_ids=['1YMWWN1N4O', '9SIQT8TOJO', 'LS4PSXUNUM', '0PUK6V6EV0', 'L9ECAV7KIM']"}
2026-08-15T12:17:11.693724469Z {"timestamp": 1786796231.6930406, "severity": "INFO", "name": "recommendationservice-server", "message": "[Recv ListRecommendations] product_ids=['0PUK6V6EV0', '66VCHSJNUP', '2ZYFJ3GM2N', '1YMWWN1N4O', 'L9ECAV7KIM']"}
2026-08-15T12:17:11.766529632Z {"timestamp": 1786796231.7660697, "severity": "INFO", "name": "recommendationservice-server", "message": "[Recv ListRecommendations] product_ids=['L9ECAV7KIM', '1YMWWN1N4O', '9SIQT8TOJO', 'OLJCESPC7Z', '2ZYFJ3GM2N']"}
2026-08-15T12:17:11.784652986Z {"timestamp": 1786796231.7841992, "severity": "INFO", "name": "recommendationservice-server", "message": "[Recv ListRecommendations] product_ids=['1YMWWN1N4O', '0PUK6V6EV0', '2ZYFJ3GM2N', '66VCHSJNUP']"}
2026-08-15T12:17:12.284683785Z {"timestamp": 1786796232.2833734, "severity": "INFO", "name": "recommendationservice-server", "message": "[Recv ListRecommendations] product_ids=['9SIQT8TOJO', '1YMWWN1N4O', '0PUK6V6EV0', '66VCHSJNUP', '6E92ZMYYFZ']"}
2026-08-15T12:17:12.388891320Z {"timestamp": 1786796232.3873823, "severity": "INFO", "name": "recommendationservice-server", "message": "[Recv ListRecommendations] product_ids=['6E92ZMYYFZ', 'L9ECAV7KIM', 'OLJCESPC7Z', '1YMWWN1N4O', '0PUK6V6EV0']"}
2026-08-15T12:17:12.479587401Z {"timestamp": 1786796232.478631, "severity": "INFO", "name": "recommendationservice-server", "message": "[Recv ListRecommendations] product_ids=['66VCHSJNUP', '1YMWWN1N4O', '0PUK6V6EV0', '6E92ZMYYFZ', '9SIQT8TOJO']"}
2026-08-15T12:17:12.698081401Z {"timestamp": 1786796232.6975012, "severity": "INFO", "name": "recommendationservice-server", "message": "[Recv ListRecommendations] product_ids=['L9ECAV7KIM', '66VCHSJNUP', '6E92ZMYYFZ', 'OLJCESPC7Z', '1YMWWN1N4O']"}
2026-08-15T12:17:12.775612781Z {"timestamp": 1786796232.7751262, "severity": "INFO", "name": "recommendationservice-server", "message": "[Recv ListRecommendations] product_ids=['2ZYFJ3GM2N', '6E92ZMYYFZ', '0PUK6V6EV0', '1YMWWN1N4O', 'OLJCESPC7Z']"}
2026-08-15T12:17:12.777390651Z {"timestamp": 1786796232.776942, "severity": "INFO", "name": "recommendationservice-server", "message": "[Recv ListRecommendations] product_ids=['OLJCESPC7Z', 'L9ECAV7KIM', '2ZYFJ3GM2N', '0PUK6V6EV0', 'LS4PSXUNUM']"}
2026-08-15T12:17:13.667623921Z {"timestamp": 1786796233.666453, "severity": "INFO", "name": "recommendationservice-server", "message": "[Recv ListRecommendations] product_ids=['2ZYFJ3GM2N', '6E92ZMYYFZ', 'OLJCESPC7Z', '1YMWWN1N4O', '66VCHSJNUP']"}
2026-08-15T12:17:13.780443264Z {"timestamp": 1786796233.778498, "severity": "INFO", "name": "recommendationservice-server", "message": "[Recv ListRecommendations] product_ids=['L9ECAV7KIM', 'LS4PSXUNUM', '2ZYFJ3GM2N', '66VCHSJNUP', '1YMWWN1N4O']"}
2026-08-15T12:17:14.004459403Z {"timestamp": 1786796234.0032375, "severity": "INFO", "name": "recommendationservice-server", "message": "[Recv ListRecommendations] product_ids=['66VCHSJNUP', '9SIQT8TOJO', '1YMWWN1N4O', '0PUK6V6EV0', '2ZYFJ3GM2N']"}
2026-08-15T12:17:14.864863940Z {"timestamp": 1786796234.8634653, "severity": "INFO", "name": "recommendationservice-server", "message": "[Recv ListRecommendations] product_ids=['6E92ZMYYFZ', 'L9ECAV7KIM', 'LS4PSXUNUM', '2ZYFJ3GM2N', '9SIQT8TOJO']"}
2026-08-15T12:17:15.287719493Z {"timestamp": 1786796235.2870967, "severity": "INFO", "name": "recommendationservice-server", "message": "[Recv ListRecommendations] product_ids=['66VCHSJNUP', '2ZYFJ3GM2N', '0PUK6V6EV0', 'OLJCESPC7Z', '9SIQT8TOJO']"}
2026-08-15T12:17:15.642157849Z {"timestamp": 1786796235.6408665, "severity": "INFO", "name": "recommendationservice-server", "message": "[Recv ListRecommendations] product_ids=['6E92ZMYYFZ', '1YMWWN1N4O', '2ZYFJ3GM2N', 'LS4PSXUNUM', 'L9ECAV7KIM']"}
2026-08-15T12:17:15.817688621Z {"timestamp": 1786796235.8171258, "severity": "INFO", "name": "recommendationservice-server", "message": "[Recv ListRecommendations] product_ids=['OLJCESPC7Z', '1YMWWN1N4O', 'L9ECAV7KIM', 'LS4PSXUNUM', '6E92ZMYYFZ']"}
2026-08-15T12:17:16.308450902Z {"timestamp": 1786796236.3071773, "severity": "INFO", "name": "recommendationservice-server", "message": "[Recv ListRecommendations] product_ids=['9SIQT8TOJO', '1YMWWN1N4O', '6E92ZMYYFZ', '66VCHSJNUP', '0PUK6V6EV0']"}
2026-08-15T12:17:16.390659171Z {"timestamp": 1786796236.389472, "severity": "INFO", "name": "recommendationservice-server", "message": "[Recv ListRecommendations] product_ids=['6E92ZMYYFZ', '66VCHSJNUP', '0PUK6V6EV0', 'L9ECAV7KIM', '2ZYFJ3GM2N']"}
2026-08-15T12:17:16.582131747Z {"timestamp": 1786796236.5810568, "severity": "INFO", "name": "recommendationservice-server", "message": "[Recv ListRecommendations] product_ids=['6E92ZMYYFZ', '2ZYFJ3GM2N', 'LS4PSXUNUM', 'L9ECAV7KIM', '1YMWWN1N4O']"}
2026-08-15T12:17:16.862844867Z {"timestamp": 1786796236.8617933, "severity": "INFO", "name": "recommendationservice-server", "message": "[Recv ListRecommendations] product_ids=['2ZYFJ3GM2N', '0PUK6V6EV0', '6E92ZMYYFZ', 'L9ECAV7KIM', '66VCHSJNUP']"}
2026-08-15T12:17:17.676455764Z {"timestamp": 1786796237.6751792, "severity": "INFO", "name": "recommendationservice-server", "message": "[Recv ListRecommendations] product_ids=['1YMWWN1N4O', 'OLJCESPC7Z', '2ZYFJ3GM2N', '66VCHSJNUP', '6E92ZMYYFZ']"}
2026-08-15T12:17:17.989588741Z {"timestamp": 1786796237.9891665, "severity": "INFO", "name": "recommendationservice-server", "message": "[Recv ListRecommendations] product_ids=['1YMWWN1N4O', 'OLJCESPC7Z', '2ZYFJ3GM2N', 'LS4PSXUNUM', 'L9ECAV7KIM']"}
2026-08-15T12:17:18.075789321Z {"timestamp": 1786796238.0754492, "severity": "INFO", "name": "recommendationservice-server", "message": "[Recv ListRecommendations] product_ids=['66VCHSJNUP', '6E92ZMYYFZ', '0PUK6V6EV0', '2ZYFJ3GM2N', 'L9ECAV7KIM']"}
2026-08-15T12:17:18.077929648Z {"timestamp": 1786796238.0775611, "severity": "INFO", "name": "recommendationservice-server", "message": "[Recv ListRecommendations] product_ids=['9SIQT8TOJO', 'OLJCESPC7Z', '66VCHSJNUP', 'LS4PSXUNUM', '0PUK6V6EV0']"}
2026-08-15T12:17:18.093610245Z {"timestamp": 1786796238.0932357, "severity": "INFO", "name": "recommendationservice-server", "message": "[Recv ListRecommendations] product_ids=['6E92ZMYYFZ', '2ZYFJ3GM2N', 'L9ECAV7KIM', '0PUK6V6EV0', '1YMWWN1N4O']"}
2026-08-15T12:17:18.438647300Z {"timestamp": 1786796238.4373083, "severity": "INFO", "name": "recommendationservice-server", "message": "[Recv ListRecommendations] product_ids=['LS4PSXUNUM', '2ZYFJ3GM2N', '66VCHSJNUP', '9SIQT8TOJO', 'OLJCESPC7Z']"}
2026-08-15T12:17:18.624330190Z {"timestamp": 1786796238.623027, "severity": "INFO", "name": "recommendationservice-server", "message": "[Recv ListRecommendations] product_ids=['OLJCESPC7Z', '6E92ZMYYFZ', 'LS4PSXUNUM', '66VCHSJNUP', '2ZYFJ3GM2N']"}
2026-08-15T12:17:19.652698223Z {"timestamp": 1786796239.6509755, "severity": "INFO", "name": "recommendationservice-server", "message": "[Recv ListRecommendations] product_ids=['66VCHSJNUP', 'OLJCESPC7Z', '2ZYFJ3GM2N', '6E92ZMYYFZ', 'LS4PSXUNUM']"}
2026-08-15T12:17:19.762318384Z {"timestamp": 1786796239.7618604, "severity": "INFO", "name": "recommendationservice-server", "message": "[Recv ListRecommendations] product_ids=['66VCHSJNUP', 'L9ECAV7KIM', '9SIQT8TOJO', '2ZYFJ3GM2N', '6E92ZMYYFZ']"}
2026-08-15T12:17:20.171624065Z {"timestamp": 1786796240.1710103, "severity": "INFO", "name": "recommendationservice-server", "message": "[Recv ListRecommendations] product_ids=['9SIQT8TOJO', '0PUK6V6EV0', '2ZYFJ3GM2N', 'LS4PSXUNUM', '6E92ZMYYFZ']"}
2026-08-15T12:17:20.200390163Z {"timestamp": 1786796240.1998658, "severity": "INFO", "name": "recommendationservice-server", "message": "[Recv ListRecommendations] product_ids=['2ZYFJ3GM2N', '0PUK6V6EV0', 'LS4PSXUNUM', 'L9ECAV7KIM', '9SIQT8TOJO']"}
2026-08-15T12:17:20.716920038Z {"timestamp": 1786796240.7156684, "severity": "INFO", "name": "recommendationservice-server", "message": "[Recv ListRecommendations] product_ids=['2ZYFJ3GM2N', '6E92ZMYYFZ', '9SIQT8TOJO', 'LS4PSXUNUM', '1YMWWN1N4O']"}
2026-08-15T12:17:21.383762096Z {"timestamp": 1786796241.3824656, "severity": "INFO", "name": "recommendationservice-server", "message": "[Recv ListRecommendations] product_ids=['9SIQT8TOJO', '0PUK6V6EV0', '6E92ZMYYFZ', '66VCHSJNUP', 'OLJCESPC7Z']"}
2026-08-15T12:17:21.775311662Z {"timestamp": 1786796241.77427, "severity": "INFO", "name": "recommendationservice-server", "message": "[Recv ListRecommendations] product_ids=['6E92ZMYYFZ', 'OLJCESPC7Z', '1YMWWN1N4O', 'LS4PSXUNUM', '2ZYFJ3GM2N']"}
2026-08-15T12:17:22.126260220Z {"timestamp": 1786796242.125036, "severity": "INFO", "name": "recommendationservice-server", "message": "[Recv ListRecommendations] product_ids=['1YMWWN1N4O', '66VCHSJNUP', '0PUK6V6EV0', '9SIQT8TOJO', '2ZYFJ3GM2N']"}
2026-08-15T12:17:22.390012947Z {"timestamp": 1786796242.388484, "severity": "INFO", "name": "recommendationservice-server", "message": "[Recv ListRecommendations] product_ids=['6E92ZMYYFZ', '2ZYFJ3GM2N', 'OLJCESPC7Z', 'L9ECAV7KIM', '0PUK6V6EV0']"}
2026-08-15T12:17:22.580724006Z {"timestamp": 1786796242.5796206, "severity": "INFO", "name": "recommendationservice-server", "message": "[Recv ListRecommendations] product_ids=['OLJCESPC7Z', 'LS4PSXUNUM', 'L9ECAV7KIM', '6E92ZMYYFZ', '2ZYFJ3GM2N']"}
2026-08-15T12:17:23.889936679Z {"timestamp": 1786796243.8885212, "severity": "INFO", "name": "recommendationservice-server", "message": "[Recv ListRecommendations] product_ids=['L9ECAV7KIM', '6E92ZMYYFZ', '66VCHSJNUP', 'LS4PSXUNUM', '1YMWWN1N4O']"}
2026-08-15T12:17:24.062987938Z {"timestamp": 1786796244.0624125, "severity": "INFO", "name": "recommendationservice-server", "message": "[Recv ListRecommendations] product_ids=['1YMWWN1N4O', 'LS4PSXUNUM', '2ZYFJ3GM2N', 'L9ECAV7KIM', '66VCHSJNUP']"}
2026-08-15T12:17:24.401816265Z {"timestamp": 1786796244.4002845, "severity": "INFO", "name": "recommendationservice-server", "message": "[Recv ListRecommendations] product_ids=['6E92ZMYYFZ', '66VCHSJNUP', '1YMWWN1N4O', 'OLJCESPC7Z', '2ZYFJ3GM2N']"}
2026-08-15T12:17:24.514934883Z {"timestamp": 1786796244.5139139, "severity": "INFO", "name": "recommendationservice-server", "message": "[Recv ListRecommendations] product_ids=['LS4PSXUNUM', '66VCHSJNUP', '6E92ZMYYFZ', '1YMWWN1N4O', 'L9ECAV7KIM']"}
2026-08-15T12:17:24.939059214Z {"timestamp": 1786796244.9380622, "severity": "INFO", "name": "recommendationservice-server", "message": "[Recv ListRecommendations] product_ids=['OLJCESPC7Z', 'L9ECAV7KIM', '0PUK6V6EV0', '1YMWWN1N4O', '6E92ZMYYFZ']"}
2026-08-15T12:17:25.124726895Z {"timestamp": 1786796245.1236997, "severity": "INFO", "name": "recommendationservice-server", "message": "[Recv ListRecommendations] product_ids=['L9ECAV7KIM', 'LS4PSXUNUM', '0PUK6V6EV0', 'OLJCESPC7Z', '2ZYFJ3GM2N']"}
2026-08-15T12:17:25.243503299Z {"timestamp": 1786796245.2427976, "severity": "INFO", "name": "recommendationservice-server", "message": "[Recv ListRecommendations] product_ids=['6E92ZMYYFZ', '66VCHSJNUP', '1YMWWN1N4O', '0PUK6V6EV0', 'L9ECAV7KIM']"}
2026-08-15T12:17:26.410750027Z {"timestamp": 1786796246.409321, "severity": "INFO", "name": "recommendationservice-server", "message": "[Recv ListRecommendations] product_ids=['2ZYFJ3GM2N', '9SIQT8TOJO', '66VCHSJNUP', 'OLJCESPC7Z', '6E92ZMYYFZ']"}
2026-08-15T12:17:26.543264783Z {"timestamp": 1786796246.5425928, "severity": "INFO", "name": "recommendationservice-server", "message": "[Recv ListRecommendations] product_ids=['66VCHSJNUP', 'OLJCESPC7Z', '1YMWWN1N4O', '2ZYFJ3GM2N', '9SIQT8TOJO']"}
2026-08-15T12:17:26.676329725Z {"timestamp": 1786796246.6753018, "severity": "INFO", "name": "recommendationservice-server", "message": "[Recv ListRecommendations] product_ids=['OLJCESPC7Z', 'LS4PSXUNUM', '1YMWWN1N4O', 'L9ECAV7KIM', '2ZYFJ3GM2N']"}
2026-08-15T12:17:26.786916746Z {"timestamp": 1786796246.7858248, "severity": "INFO", "name": "recommendationservice-server", "message": "[Recv ListRecommendations] product_ids=['6E92ZMYYFZ', '1YMWWN1N4O', 'LS4PSXUNUM', 'OLJCESPC7Z', 'L9ECAV7KIM']"}
2026-08-15T12:17:27.294456543Z {"timestamp": 1786796247.2933471, "severity": "INFO", "name": "recommendationservice-server", "message": "[Recv ListRecommendations] product_ids=['0PUK6V6EV0', '1YMWWN1N4O', 'L9ECAV7KIM', '6E92ZMYYFZ', '2ZYFJ3GM2N']"}
2026-08-15T12:17:27.405652759Z {"timestamp": 1786796247.4049802, "severity": "INFO", "name": "recommendationservice-server", "message": "[Recv ListRecommendations] product_ids=['6E92ZMYYFZ', '1YMWWN1N4O', '9SIQT8TOJO', '0PUK6V6EV0', '2ZYFJ3GM2N']"}
2026-08-15T12:17:28.064647578Z {"timestamp": 1786796248.064238, "severity": "INFO", "name": "recommendationservice-server", "message": "[Recv ListRecommendations] product_ids=['LS4PSXUNUM', '6E92ZMYYFZ', '2ZYFJ3GM2N', '1YMWWN1N4O', 'OLJCESPC7Z']"}
2026-08-15T12:17:28.892721380Z {"timestamp": 1786796248.890832, "severity": "INFO", "name": "recommendationservice-server", "message": "[Recv ListRecommendations] product_ids=['1YMWWN1N4O', 'LS4PSXUNUM', '6E92ZMYYFZ', '9SIQT8TOJO', 'L9ECAV7KIM']"}
2026-08-15T12:17:29.447573288Z {"timestamp": 1786796249.446876, "severity": "INFO", "name": "recommendationservice-server", "message": "[Recv ListRecommendations] product_ids=['2ZYFJ3GM2N', '9SIQT8TOJO', '1YMWWN1N4O', '0PUK6V6EV0', 'LS4PSXUNUM']"}
2026-08-15T12:17:30.452346666Z {"timestamp": 1786796250.4516325, "severity": "INFO", "name": "recommendationservice-server", "message": "[Recv ListRecommendations] product_ids=['OLJCESPC7Z', 'L9ECAV7KIM', '0PUK6V6EV0', 'LS4PSXUNUM', '9SIQT8TOJO']"}
2026-08-15T12:17:30.910154073Z {"timestamp": 1786796250.908969, "severity": "INFO", "name": "recommendationservice-server", "message": "[Recv ListRecommendations] product_ids=['LS4PSXUNUM', '66VCHSJNUP', '1YMWWN1N4O', '9SIQT8TOJO', '2ZYFJ3GM2N']"}
2026-08-15T12:17:31.477206291Z {"timestamp": 1786796251.4759023, "severity": "INFO", "name": "recommendationservice-server", "message": "[Recv ListRecommendations] product_ids=['0PUK6V6EV0', '9SIQT8TOJO', 'L9ECAV7KIM', 'OLJCESPC7Z', '1YMWWN1N4O']"}
2026-08-15T12:17:32.098722340Z {"timestamp": 1786796252.0983772, "severity": "INFO", "name": "recommendationservice-server", "message": "[Recv ListRecommendations] product_ids=['LS4PSXUNUM', 'OLJCESPC7Z', 'L9ECAV7KIM', '66VCHSJNUP', '2ZYFJ3GM2N']"}
2026-08-15T12:17:32.956567212Z {"timestamp": 1786796252.9562075, "severity": "INFO", "name": "recommendationservice-server", "message": "[Recv ListRecommendations] product_ids=['9SIQT8TOJO', 'OLJCESPC7Z', '66VCHSJNUP', '0PUK6V6EV0', '6E92ZMYYFZ']"}
2026-08-15T12:17:33.099340778Z {"timestamp": 1786796253.0989738, "severity": "INFO", "name": "recommendationservice-server", "message": "[Recv ListRecommendations] product_ids=['6E92ZMYYFZ', '9SIQT8TOJO', 'L9ECAV7KIM', 'LS4PSXUNUM', 'OLJCESPC7Z']"}
2026-08-15T12:17:33.175187812Z {"timestamp": 1786796253.1743536, "severity": "INFO", "name": "recommendationservice-server", "message": "[Recv ListRecommendations] product_ids=['66VCHSJNUP', 'OLJCESPC7Z', 'L9ECAV7KIM', '0PUK6V6EV0', '6E92ZMYYFZ']"}
2026-08-15T12:17:33.222662883Z {"timestamp": 1786796253.2215595, "severity": "INFO", "name": "recommendationservice-server", "message": "[Recv ListRecommendations] product_ids=['L9ECAV7KIM', '66VCHSJNUP', '1YMWWN1N4O', '2ZYFJ3GM2N', '9SIQT8TOJO']"}
2026-08-15T12:17:33.323307720Z {"timestamp": 1786796253.3221488, "severity": "INFO", "name": "recommendationservice-server", "message": "[Recv ListRecommendations] product_ids=['2ZYFJ3GM2N', '6E92ZMYYFZ', 'L9ECAV7KIM', 'OLJCESPC7Z', '66VCHSJNUP']"}
2026-08-15T12:17:33.463190431Z {"timestamp": 1786796253.462645, "severity": "INFO", "name": "recommendationservice-server", "message": "[Recv ListRecommendations] product_ids=['2ZYFJ3GM2N', '1YMWWN1N4O', '0PUK6V6EV0', '66VCHSJNUP']"}
2026-08-15T12:17:33.580318762Z {"timestamp": 1786796253.5787678, "severity": "INFO", "name": "recommendationservice-server", "message": "[Recv ListRecommendations] product_ids=['1YMWWN1N4O', 'LS4PSXUNUM', '6E92ZMYYFZ', 'L9ECAV7KIM', '2ZYFJ3GM2N']"}
2026-08-15T12:17:33.836061304Z {"timestamp": 1786796253.83494, "severity": "INFO", "name": "recommendationservice-server", "message": "[Recv ListRecommendations] product_ids=['1YMWWN1N4O', 'L9ECAV7KIM', '2ZYFJ3GM2N', '6E92ZMYYFZ', 'LS4PSXUNUM']"}
2026-08-15T12:17:34.085731991Z {"timestamp": 1786796254.085265, "severity": "INFO", "name": "recommendationservice-server", "message": "[Recv ListRecommendations] product_ids=['2ZYFJ3GM2N', '0PUK6V6EV0', 'LS4PSXUNUM', 'L9ECAV7KIM', '6E92ZMYYFZ']"}
2026-08-15T12:17:34.387544082Z {"timestamp": 1786796254.386423, "severity": "INFO", "name": "recommendationservice-server", "message": "[Recv ListRecommendations] product_ids=['9SIQT8TOJO', 'L9ECAV7KIM', '0PUK6V6EV0', '6E92ZMYYFZ', '2ZYFJ3GM2N']"}
2026-08-15T12:17:34.815039851Z {"timestamp": 1786796254.8139777, "severity": "INFO", "name": "recommendationservice-server", "message": "[Recv ListRecommendations] product_ids=['2ZYFJ3GM2N', 'LS4PSXUNUM', 'L9ECAV7KIM', '9SIQT8TOJO', '1YMWWN1N4O']"}
2026-08-15T12:17:34.951534629Z {"timestamp": 1786796254.9494243, "severity": "INFO", "name": "recommendationservice-server", "message": "[Recv ListRecommendations] product_ids=['OLJCESPC7Z', 'L9ECAV7KIM', '1YMWWN1N4O', '6E92ZMYYFZ', '2ZYFJ3GM2N']"}
2026-08-15T12:17:35.546611767Z {"timestamp": 1786796255.5457063, "severity": "INFO", "name": "recommendationservice-server", "message": "[Recv ListRecommendations] product_ids=['66VCHSJNUP', 'LS4PSXUNUM', '6E92ZMYYFZ', '9SIQT8TOJO', 'OLJCESPC7Z']"}
2026-08-15T12:17:35.694242497Z {"timestamp": 1786796255.6929429, "severity": "INFO", "name": "recommendationservice-server", "message": "[Recv ListRecommendations] product_ids=['9SIQT8TOJO', '0PUK6V6EV0', '66VCHSJNUP', '1YMWWN1N4O', 'L9ECAV7KIM']"}
2026-08-15T12:17:36.258022010Z {"timestamp": 1786796256.256594, "severity": "INFO", "name": "recommendationservice-server", "message": "[Recv ListRecommendations] product_ids=['0PUK6V6EV0', '6E92ZMYYFZ', '66VCHSJNUP', 'OLJCESPC7Z', '9SIQT8TOJO']"}
2026-08-15T12:17:36.803551152Z {"timestamp": 1786796256.8022952, "severity": "INFO", "name": "recommendationservice-server", "message": "[Recv ListRecommendations] product_ids=['2ZYFJ3GM2N', '6E92ZMYYFZ', '66VCHSJNUP', 'OLJCESPC7Z', 'LS4PSXUNUM']"}
2026-08-15T12:17:37.219755743Z {"timestamp": 1786796257.2193303, "severity": "INFO", "name": "recommendationservice-server", "message": "[Recv ListRecommendations] product_ids=['6E92ZMYYFZ', 'LS4PSXUNUM', '9SIQT8TOJO', 'L9ECAV7KIM', '1YMWWN1N4O']"}
2026-08-15T12:17:38.039940703Z {"timestamp": 1786796258.0395515, "severity": "INFO", "name": "recommendationservice-server", "message": "[Recv ListRecommendations] product_ids=['LS4PSXUNUM', '0PUK6V6EV0', '9SIQT8TOJO', '2ZYFJ3GM2N', '66VCHSJNUP']"}
2026-08-15T12:17:38.170142091Z {"timestamp": 1786796258.1699214, "severity": "INFO", "name": "recommendationservice-server", "message": "[Recv ListRecommendations] product_ids=['2ZYFJ3GM2N', '0PUK6V6EV0', 'OLJCESPC7Z', '9SIQT8TOJO', 'LS4PSXUNUM']"}
2026-08-15T12:17:38.546613731Z {"timestamp": 1786796258.545529, "severity": "INFO", "name": "recommendationservice-server", "message": "[Recv ListRecommendations] product_ids=['2ZYFJ3GM2N', 'LS4PSXUNUM', '66VCHSJNUP', '0PUK6V6EV0', 'OLJCESPC7Z']"}
2026-08-15T12:17:38.575339251Z {"timestamp": 1786796258.5742645, "severity": "INFO", "name": "recommendationservice-server", "message": "[Recv ListRecommendations] product_ids=['66VCHSJNUP', '9SIQT8TOJO', 'L9ECAV7KIM', 'OLJCESPC7Z', '1YMWWN1N4O']"}
2026-08-15T12:17:40.678628195Z {"timestamp": 1786796260.6774428, "severity": "INFO", "name": "recommendationservice-server", "message": "[Recv ListRecommendations] product_ids=['6E92ZMYYFZ', 'L9ECAV7KIM', '0PUK6V6EV0', '9SIQT8TOJO', '66VCHSJNUP']"}
2026-08-15T12:17:41.049758340Z {"timestamp": 1786796261.0472515, "severity": "INFO", "name": "recommendationservice-server", "message": "[Recv ListRecommendations] product_ids=['66VCHSJNUP', '9SIQT8TOJO', 'OLJCESPC7Z', '6E92ZMYYFZ', '0PUK6V6EV0']"}
2026-08-15T12:17:41.117051093Z {"timestamp": 1786796261.1154423, "severity": "INFO", "name": "recommendationservice-server", "message": "[Recv ListRecommendations] product_ids=['1YMWWN1N4O', '9SIQT8TOJO', '66VCHSJNUP', 'LS4PSXUNUM', '6E92ZMYYFZ']"}
2026-08-15T12:17:41.415986939Z {"timestamp": 1786796261.4136279, "severity": "INFO", "name": "recommendationservice-server", "message": "[Recv ListRecommendations] product_ids=['66VCHSJNUP', 'LS4PSXUNUM', '0PUK6V6EV0', '9SIQT8TOJO', 'OLJCESPC7Z']"}
2026-08-15T12:17:41.557175650Z {"timestamp": 1786796261.5564115, "severity": "INFO", "name": "recommendationservice-server", "message": "[Recv ListRecommendations] product_ids=['0PUK6V6EV0', 'OLJCESPC7Z', '66VCHSJNUP', '1YMWWN1N4O', 'LS4PSXUNUM']"}
2026-08-15T12:17:41.973610198Z {"timestamp": 1786796261.9720793, "severity": "INFO", "name": "recommendationservice-server", "message": "[Recv ListRecommendations] product_ids=['66VCHSJNUP', '2ZYFJ3GM2N', 'L9ECAV7KIM', '1YMWWN1N4O', '9SIQT8TOJO']"}
2026-08-15T12:17:42.331823517Z {"timestamp": 1786796262.331072, "severity": "INFO", "name": "recommendationservice-server", "message": "[Recv ListRecommendations] product_ids=['LS4PSXUNUM', 'L9ECAV7KIM', '1YMWWN1N4O', '0PUK6V6EV0', '6E92ZMYYFZ']"}
2026-08-15T12:17:42.409194005Z {"timestamp": 1786796262.408471, "severity": "INFO", "name": "recommendationservice-server", "message": "[Recv ListRecommendations] product_ids=['L9ECAV7KIM', '0PUK6V6EV0', '2ZYFJ3GM2N', '9SIQT8TOJO', '66VCHSJNUP']"}
2026-08-15T12:17:42.818621885Z {"timestamp": 1786796262.8174503, "severity": "INFO", "name": "recommendationservice-server", "message": "[Recv ListRecommendations] product_ids=['OLJCESPC7Z', '6E92ZMYYFZ', 'LS4PSXUNUM', '2ZYFJ3GM2N', '1YMWWN1N4O']"}
2026-08-15T12:17:42.936736981Z {"timestamp": 1786796262.9353023, "severity": "INFO", "name": "recommendationservice-server", "message": "[Recv ListRecommendations] product_ids=['0PUK6V6EV0', '2ZYFJ3GM2N', 'L9ECAV7KIM', '6E92ZMYYFZ', 'OLJCESPC7Z']"}
2026-08-15T12:17:43.013764617Z {"timestamp": 1786796263.012918, "severity": "INFO", "name": "recommendationservice-server", "message": "[Recv ListRecommendations] product_ids=['6E92ZMYYFZ', '66VCHSJNUP', 'LS4PSXUNUM', 'L9ECAV7KIM', '2ZYFJ3GM2N']"}
2026-08-15T12:17:43.108866306Z {"timestamp": 1786796263.1081913, "severity": "INFO", "name": "recommendationservice-server", "message": "[Recv ListRecommendations] product_ids=['LS4PSXUNUM', '9SIQT8TOJO', '2ZYFJ3GM2N', '66VCHSJNUP', '6E92ZMYYFZ']"}
2026-08-15T12:17:43.166513790Z {"timestamp": 1786796263.1658435, "severity": "INFO", "name": "recommendationservice-server", "message": "[Recv ListRecommendations] product_ids=['OLJCESPC7Z', 'LS4PSXUNUM', '9SIQT8TOJO', '66VCHSJNUP', '0PUK6V6EV0']"}
2026-08-15T12:17:43.415801871Z {"timestamp": 1786796263.4144883, "severity": "INFO", "name": "recommendationservice-server", "message": "[Recv ListRecommendations] product_ids=['OLJCESPC7Z', '6E92ZMYYFZ', '9SIQT8TOJO', '1YMWWN1N4O', 'LS4PSXUNUM']"}
2026-08-15T12:17:43.471133201Z {"timestamp": 1786796263.4699895, "severity": "INFO", "name": "recommendationservice-server", "message": "[Recv ListRecommendations] product_ids=['L9ECAV7KIM', '2ZYFJ3GM2N', '0PUK6V6EV0', '6E92ZMYYFZ', '1YMWWN1N4O']"}
2026-08-15T12:17:44.778065324Z {"timestamp": 1786796264.7740667, "severity": "INFO", "name": "recommendationservice-server", "message": "[Recv ListRecommendations] product_ids=['0PUK6V6EV0', '9SIQT8TOJO', 'L9ECAV7KIM', '2ZYFJ3GM2N', '6E92ZMYYFZ']"}
2026-08-15T12:17:44.888738786Z {"timestamp": 1786796264.8874834, "severity": "INFO", "name": "recommendationservice-server", "message": "[Recv ListRecommendations] product_ids=['6E92ZMYYFZ', 'OLJCESPC7Z', '1YMWWN1N4O', '0PUK6V6EV0', 'LS4PSXUNUM']"}
2026-08-15T12:17:45.061122851Z {"timestamp": 1786796265.060521, "severity": "INFO", "name": "recommendationservice-server", "message": "[Recv ListRecommendations] product_ids=['2ZYFJ3GM2N', 'OLJCESPC7Z', '1YMWWN1N4O', '6E92ZMYYFZ', '66VCHSJNUP']"}
2026-08-15T12:17:45.074292557Z {"timestamp": 1786796265.073515, "severity": "INFO", "name": "recommendationservice-server", "message": "[Recv ListRecommendations] product_ids=['1YMWWN1N4O', '9SIQT8TOJO', '0PUK6V6EV0', 'OLJCESPC7Z', '6E92ZMYYFZ']"}
2026-08-15T12:17:45.340740453Z {"timestamp": 1786796265.339802, "severity": "INFO", "name": "recommendationservice-server", "message": "[Recv ListRecommendations] product_ids=['0PUK6V6EV0', 'L9ECAV7KIM', '66VCHSJNUP', '9SIQT8TOJO', '1YMWWN1N4O']"}
2026-08-15T12:17:46.056839057Z {"timestamp": 1786796266.0557222, "severity": "INFO", "name": "recommendationservice-server", "message": "[Recv ListRecommendations] product_ids=['LS4PSXUNUM', '6E92ZMYYFZ', '1YMWWN1N4O', '66VCHSJNUP', 'OLJCESPC7Z']"}
2026-08-15T12:17:46.175616354Z {"timestamp": 1786796266.174391, "severity": "INFO", "name": "recommendationservice-server", "message": "[Recv ListRecommendations] product_ids=['OLJCESPC7Z', '66VCHSJNUP', 'L9ECAV7KIM', '1YMWWN1N4O', '9SIQT8TOJO']"}
2026-08-15T12:17:46.353450249Z {"timestamp": 1786796266.3529024, "severity": "INFO", "name": "recommendationservice-server", "message": "[Recv ListRecommendations] product_ids=['2ZYFJ3GM2N', '9SIQT8TOJO', '6E92ZMYYFZ', 'LS4PSXUNUM', '66VCHSJNUP']"}
2026-08-15T12:17:46.805688151Z {"timestamp": 1786796266.804932, "severity": "INFO", "name": "recommendationservice-server", "message": "[Recv ListRecommendations] product_ids=['9SIQT8TOJO', 'L9ECAV7KIM', '6E92ZMYYFZ', '1YMWWN1N4O', '66VCHSJNUP']"}
2026-08-15T12:17:46.862033036Z {"timestamp": 1786796266.8616643, "severity": "INFO", "name": "recommendationservice-server", "message": "[Recv ListRecommendations] product_ids=['LS4PSXUNUM', '1YMWWN1N4O', '0PUK6V6EV0', 'L9ECAV7KIM', '6E92ZMYYFZ']"}
2026-08-15T12:17:46.921760736Z {"timestamp": 1786796266.921465, "severity": "INFO", "name": "recommendationservice-server", "message": "[Recv ListRecommendations] product_ids=['1YMWWN1N4O', '0PUK6V6EV0', '66VCHSJNUP', 'L9ECAV7KIM', 'OLJCESPC7Z']"}
2026-08-15T12:17:48.118547678Z {"timestamp": 1786796268.1182778, "severity": "INFO", "name": "recommendationservice-server", "message": "[Recv ListRecommendations] product_ids=['L9ECAV7KIM', '0PUK6V6EV0', '2ZYFJ3GM2N', '66VCHSJNUP', 'OLJCESPC7Z']"}
2026-08-15T12:17:48.237848158Z {"timestamp": 1786796268.2372603, "severity": "INFO", "name": "recommendationservice-server", "message": "[Recv ListRecommendations] product_ids=['LS4PSXUNUM', 'L9ECAV7KIM', '1YMWWN1N4O', '0PUK6V6EV0', '6E92ZMYYFZ']"}
2026-08-15T12:17:48.386605406Z {"timestamp": 1786796268.3854764, "severity": "INFO", "name": "recommendationservice-server", "message": "[Recv ListRecommendations] product_ids=['6E92ZMYYFZ', '0PUK6V6EV0', 'L9ECAV7KIM', '66VCHSJNUP', 'LS4PSXUNUM']"}
2026-08-15T12:17:48.627844359Z {"timestamp": 1786796268.6264236, "severity": "INFO", "name": "recommendationservice-server", "message": "[Recv ListRecommendations] product_ids=['2ZYFJ3GM2N', 'LS4PSXUNUM', '0PUK6V6EV0', '66VCHSJNUP', '6E92ZMYYFZ']"}
2026-08-15T12:17:48.735904156Z {"timestamp": 1786796268.7347903, "severity": "INFO", "name": "recommendationservice-server", "message": "[Recv ListRecommendations] product_ids=['OLJCESPC7Z', '1YMWWN1N4O', '2ZYFJ3GM2N', 'L9ECAV7KIM', 'LS4PSXUNUM']"}
2026-08-15T12:17:50.074148503Z {"timestamp": 1786796270.0736873, "severity": "INFO", "name": "recommendationservice-server", "message": "[Recv ListRecommendations] product_ids=['1YMWWN1N4O', '66VCHSJNUP', '9SIQT8TOJO', '2ZYFJ3GM2N', 'LS4PSXUNUM']"}
2026-08-15T12:17:50.193151381Z {"timestamp": 1786796270.1886582, "severity": "INFO", "name": "recommendationservice-server", "message": "[Recv ListRecommendations] product_ids=['2ZYFJ3GM2N', '1YMWWN1N4O', 'L9ECAV7KIM', 'OLJCESPC7Z', '66VCHSJNUP']"}
2026-08-15T12:17:50.206799577Z {"timestamp": 1786796270.2065692, "severity": "INFO", "name": "recommendationservice-server", "message": "[Recv ListRecommendations] product_ids=['OLJCESPC7Z', '0PUK6V6EV0', '6E92ZMYYFZ', '66VCHSJNUP', '1YMWWN1N4O']"}
2026-08-15T12:17:50.293711327Z {"timestamp": 1786796270.2933965, "severity": "INFO", "name": "recommendationservice-server", "message": "[Recv ListRecommendations] product_ids=['OLJCESPC7Z', 'L9ECAV7KIM', '6E92ZMYYFZ', '2ZYFJ3GM2N', '66VCHSJNUP']"}
2026-08-15T12:17:50.793568302Z {"timestamp": 1786796270.7924733, "severity": "INFO", "name": "recommendationservice-server", "message": "[Recv ListRecommendations] product_ids=['LS4PSXUNUM', 'OLJCESPC7Z', '2ZYFJ3GM2N', 'L9ECAV7KIM', '1YMWWN1N4O']"}
2026-08-15T12:17:50.903591401Z {"timestamp": 1786796270.9026005, "severity": "INFO", "name": "recommendationservice-server", "message": "[Recv ListRecommendations] product_ids=['2ZYFJ3GM2N', 'LS4PSXUNUM', '66VCHSJNUP', 'OLJCESPC7Z', '6E92ZMYYFZ']"}
2026-08-15T12:17:51.493263171Z {"timestamp": 1786796271.4915655, "severity": "INFO", "name": "recommendationservice-server", "message": "[Recv ListRecommendations] product_ids=['0PUK6V6EV0', '2ZYFJ3GM2N', '9SIQT8TOJO', '66VCHSJNUP', 'LS4PSXUNUM']"}
2026-08-15T12:17:51.610953648Z {"timestamp": 1786796271.6098726, "severity": "INFO", "name": "recommendationservice-server", "message": "[Recv ListRecommendations] product_ids=['0PUK6V6EV0', 'LS4PSXUNUM', '6E92ZMYYFZ', '1YMWWN1N4O']"}
2026-08-15T12:17:51.687690334Z {"timestamp": 1786796271.684071, "severity": "INFO", "name": "recommendationservice-server", "message": "[Recv ListRecommendations] product_ids=['LS4PSXUNUM', 'L9ECAV7KIM', '1YMWWN1N4O', '6E92ZMYYFZ', 'OLJCESPC7Z']"}
2026-08-15T12:17:51.769963971Z {"timestamp": 1786796271.6888034, "severity": "INFO", "name": "recommendationservice-server", "message": "[Recv ListRecommendations] product_ids=['0PUK6V6EV0', '9SIQT8TOJO', '1YMWWN1N4O', '6E92ZMYYFZ', 'OLJCESPC7Z']"}
2026-08-15T12:17:52.046950514Z {"timestamp": 1786796272.0464835, "severity": "INFO", "name": "recommendationservice-server", "message": "[Recv ListRecommendations] product_ids=['OLJCESPC7Z', '1YMWWN1N4O', '66VCHSJNUP', 'L9ECAV7KIM', '6E92ZMYYFZ']"}
2026-08-15T12:17:52.210862290Z {"timestamp": 1786796272.2100043, "severity": "INFO", "name": "recommendationservice-server", "message": "[Recv ListRecommendations] product_ids=['6E92ZMYYFZ', 'LS4PSXUNUM', '9SIQT8TOJO', '2ZYFJ3GM2N', 'L9ECAV7KIM']"}
2026-08-15T12:17:52.299513607Z {"timestamp": 1786796272.2990153, "severity": "INFO", "name": "recommendationservice-server", "message": "[Recv ListRecommendations] product_ids=['1YMWWN1N4O', '0PUK6V6EV0', '9SIQT8TOJO', 'OLJCESPC7Z', '6E92ZMYYFZ']"}
2026-08-15T12:17:53.801240163Z {"timestamp": 1786796273.799905, "severity": "INFO", "name": "recommendationservice-server", "message": "[Recv ListRecommendations] product_ids=['1YMWWN1N4O', '6E92ZMYYFZ', '9SIQT8TOJO', 'OLJCESPC7Z', 'L9ECAV7KIM']"}
2026-08-15T12:17:54.822149369Z {"timestamp": 1786796274.8208811, "severity": "INFO", "name": "recommendationservice-server", "message": "[Recv ListRecommendations] product_ids=['6E92ZMYYFZ', '9SIQT8TOJO', 'L9ECAV7KIM', '1YMWWN1N4O', '0PUK6V6EV0']"}
2026-08-15T12:17:56.097367135Z {"timestamp": 1786796276.096058, "severity": "INFO", "name": "recommendationservice-server", "message": "[Recv ListRecommendations] product_ids=['66VCHSJNUP', 'LS4PSXUNUM', '0PUK6V6EV0', 'OLJCESPC7Z', '1YMWWN1N4O']"}
2026-08-15T12:17:56.170594683Z {"timestamp": 1786796276.1690753, "severity": "INFO", "name": "recommendationservice-server", "message": "[Recv ListRecommendations] product_ids=['9SIQT8TOJO', 'LS4PSXUNUM', '66VCHSJNUP', 'L9ECAV7KIM', '6E92ZMYYFZ']"}
2026-08-15T12:17:57.149260907Z {"timestamp": 1786796277.1479743, "severity": "INFO", "name": "recommendationservice-server", "message": "[Recv ListRecommendations] product_ids=['L9ECAV7KIM', 'LS4PSXUNUM', '66VCHSJNUP', '6E92ZMYYFZ', '1YMWWN1N4O']"}
2026-08-15T12:17:57.716485208Z {"timestamp": 1786796277.7151864, "severity": "INFO", "name": "recommendationservice-server", "message": "[Recv ListRecommendations] product_ids=['2ZYFJ3GM2N', 'OLJCESPC7Z', '0PUK6V6EV0', '66VCHSJNUP', '1YMWWN1N4O']"}
2026-08-15T12:17:57.825699517Z {"timestamp": 1786796277.8251524, "severity": "INFO", "name": "recommendationservice-server", "message": "[Recv ListRecommendations] product_ids=['66VCHSJNUP', '1YMWWN1N4O', '2ZYFJ3GM2N', '0PUK6V6EV0']"}
2026-08-15T12:17:57.905826849Z {"timestamp": 1786796277.9054086, "severity": "INFO", "name": "recommendationservice-server", "message": "[Recv ListRecommendations] product_ids=['0PUK6V6EV0', 'OLJCESPC7Z', '2ZYFJ3GM2N', 'LS4PSXUNUM', '6E92ZMYYFZ']"}
2026-08-15T12:17:57.967444232Z {"timestamp": 1786796277.9670768, "severity": "INFO", "name": "recommendationservice-server", "message": "[Recv ListRecommendations] product_ids=['LS4PSXUNUM', '0PUK6V6EV0', '2ZYFJ3GM2N', '6E92ZMYYFZ', 'L9ECAV7KIM']"}
2026-08-15T12:17:58.315416088Z {"timestamp": 1786796278.3142028, "severity": "INFO", "name": "recommendationservice-server", "message": "[Recv ListRecommendations] product_ids=['9SIQT8TOJO', '6E92ZMYYFZ', '2ZYFJ3GM2N', '0PUK6V6EV0', 'LS4PSXUNUM']"}
2026-08-15T12:17:58.422782612Z {"timestamp": 1786796278.4216664, "severity": "INFO", "name": "recommendationservice-server", "message": "[Recv ListRecommendations] product_ids=['66VCHSJNUP', '2ZYFJ3GM2N', '1YMWWN1N4O', 'OLJCESPC7Z', '6E92ZMYYFZ']"}
2026-08-15T12:17:58.811671865Z {"timestamp": 1786796278.8082387, "severity": "INFO", "name": "recommendationservice-server", "message": "[Recv ListRecommendations] product_ids=['L9ECAV7KIM', '1YMWWN1N4O', '6E92ZMYYFZ', 'OLJCESPC7Z', '0PUK6V6EV0']"}
2026-08-15T12:17:58.879192057Z {"timestamp": 1786796278.8779325, "severity": "INFO", "name": "recommendationservice-server", "message": "[Recv ListRecommendations] product_ids=['6E92ZMYYFZ', '66VCHSJNUP', 'OLJCESPC7Z', '1YMWWN1N4O', '9SIQT8TOJO']"}
2026-08-15T12:17:58.983663736Z {"timestamp": 1786796278.9803567, "severity": "INFO", "name": "recommendationservice-server", "message": "[Recv ListRecommendations] product_ids=['LS4PSXUNUM', 'L9ECAV7KIM', '0PUK6V6EV0', '9SIQT8TOJO', 'OLJCESPC7Z']"}
2026-08-15T12:17:59.764218570Z {"timestamp": 1786796279.763052, "severity": "INFO", "name": "recommendationservice-server", "message": "[Recv ListRecommendations] product_ids=['LS4PSXUNUM', '1YMWWN1N4O', '2ZYFJ3GM2N', '66VCHSJNUP', '6E92ZMYYFZ']"}
2026-08-15T12:17:59.789211216Z {"timestamp": 1786796279.787477, "severity": "INFO", "name": "recommendationservice-server", "message": "[Recv ListRecommendations] product_ids=['1YMWWN1N4O', 'LS4PSXUNUM', 'OLJCESPC7Z', '6E92ZMYYFZ', '0PUK6V6EV0']"}
2026-08-15T12:18:00.019058392Z {"timestamp": 1786796280.0152867, "severity": "INFO", "name": "recommendationservice-server", "message": "[Recv ListRecommendations] product_ids=['LS4PSXUNUM', '2ZYFJ3GM2N', '66VCHSJNUP', '0PUK6V6EV0', 'L9ECAV7KIM']"}
2026-08-15T12:18:00.588531438Z {"timestamp": 1786796280.5878577, "severity": "INFO", "name": "recommendationservice-server", "message": "[Recv ListRecommendations] product_ids=['66VCHSJNUP', 'L9ECAV7KIM', 'LS4PSXUNUM', 'OLJCESPC7Z', '2ZYFJ3GM2N']"}
2026-08-15T12:18:00.671452700Z {"timestamp": 1786796280.6707182, "severity": "INFO", "name": "recommendationservice-server", "message": "[Recv ListRecommendations] product_ids=['2ZYFJ3GM2N', '0PUK6V6EV0', '66VCHSJNUP', '1YMWWN1N4O']"}
2026-08-15T12:18:00.675130266Z {"timestamp": 1786796280.6745925, "severity": "INFO", "name": "recommendationservice-server", "message": "[Recv ListRecommendations] product_ids=['LS4PSXUNUM', '66VCHSJNUP', '0PUK6V6EV0', 'L9ECAV7KIM', 'OLJCESPC7Z']"}
2026-08-15T12:18:01.995849235Z {"timestamp": 1786796281.995258, "severity": "INFO", "name": "recommendationservice-server", "message": "[Recv ListRecommendations] product_ids=['OLJCESPC7Z', '9SIQT8TOJO', '1YMWWN1N4O', '6E92ZMYYFZ', 'L9ECAV7KIM']"}
2026-08-15T12:18:02.393127079Z {"timestamp": 1786796282.3927505, "severity": "INFO", "name": "recommendationservice-server", "message": "[Recv ListRecommendations] product_ids=['66VCHSJNUP', 'L9ECAV7KIM', '1YMWWN1N4O', 'OLJCESPC7Z', '2ZYFJ3GM2N']"}
2026-08-15T12:18:04.194863250Z {"timestamp": 1786796284.1935554, "severity": "INFO", "name": "recommendationservice-server", "message": "[Recv ListRecommendations] product_ids=['0PUK6V6EV0', '66VCHSJNUP', '9SIQT8TOJO', '1YMWWN1N4O', 'L9ECAV7KIM']"}
2026-08-15T12:18:05.250919325Z {"timestamp": 1786796285.2506773, "severity": "INFO", "name": "recommendationservice-server", "message": "[Recv ListRecommendations] product_ids=['6E92ZMYYFZ', '1YMWWN1N4O', '0PUK6V6EV0', 'L9ECAV7KIM', '66VCHSJNUP']"}
2026-08-15T12:18:05.965940447Z {"timestamp": 1786796285.9655995, "severity": "INFO", "name": "recommendationservice-server", "message": "[Recv ListRecommendations] product_ids=['OLJCESPC7Z', '66VCHSJNUP', '9SIQT8TOJO', '1YMWWN1N4O', '6E92ZMYYFZ']"}
2026-08-15T12:18:06.383380168Z {"timestamp": 1786796286.3823273, "severity": "INFO", "name": "recommendationservice-server", "message": "[Recv ListRecommendations] product_ids=['1YMWWN1N4O', '6E92ZMYYFZ', '0PUK6V6EV0', 'L9ECAV7KIM', '2ZYFJ3GM2N']"}
2026-08-15T12:18:06.643057128Z {"timestamp": 1786796286.6417232, "severity": "INFO", "name": "recommendationservice-server", "message": "[Recv ListRecommendations] product_ids=['66VCHSJNUP', 'L9ECAV7KIM', 'OLJCESPC7Z', '6E92ZMYYFZ', '0PUK6V6EV0']"}
2026-08-15T12:18:06.981675728Z {"timestamp": 1786796286.981072, "severity": "INFO", "name": "recommendationservice-server", "message": "[Recv ListRecommendations] product_ids=['LS4PSXUNUM', '9SIQT8TOJO', '66VCHSJNUP', '1YMWWN1N4O', '2ZYFJ3GM2N']"}
2026-08-15T12:18:07.007842153Z {"timestamp": 1786796287.0072327, "severity": "INFO", "name": "recommendationservice-server", "message": "[Recv ListRecommendations] product_ids=['6E92ZMYYFZ', '0PUK6V6EV0', '1YMWWN1N4O', 'LS4PSXUNUM', '66VCHSJNUP']"}
2026-08-15T12:18:07.595576368Z {"timestamp": 1786796287.5946474, "severity": "INFO", "name": "recommendationservice-server", "message": "[Recv ListRecommendations] product_ids=['66VCHSJNUP', 'L9ECAV7KIM', '1YMWWN1N4O', '0PUK6V6EV0', '9SIQT8TOJO']"}
2026-08-15T12:18:07.812238840Z {"timestamp": 1786796287.8108869, "severity": "INFO", "name": "recommendationservice-server", "message": "[Recv ListRecommendations] product_ids=['2ZYFJ3GM2N', 'OLJCESPC7Z', '66VCHSJNUP', 'LS4PSXUNUM', '1YMWWN1N4O']"}
2026-08-15T12:18:08.078525966Z {"timestamp": 1786796288.0781262, "severity": "INFO", "name": "recommendationservice-server", "message": "[Recv ListRecommendations] product_ids=['66VCHSJNUP', 'OLJCESPC7Z', '1YMWWN1N4O', '9SIQT8TOJO', 'L9ECAV7KIM']"}
2026-08-15T12:18:08.822901179Z {"timestamp": 1786796288.8190308, "severity": "INFO", "name": "recommendationservice-server", "message": "[Recv ListRecommendations] product_ids=['66VCHSJNUP', '9SIQT8TOJO', '1YMWWN1N4O', 'L9ECAV7KIM', 'LS4PSXUNUM']"}
2026-08-15T12:18:08.917908367Z {"timestamp": 1786796288.9168825, "severity": "INFO", "name": "recommendationservice-server", "message": "[Recv ListRecommendations] product_ids=['1YMWWN1N4O', '0PUK6V6EV0', 'L9ECAV7KIM', 'OLJCESPC7Z', '9SIQT8TOJO']"}
2026-08-15T12:18:08.969750246Z {"timestamp": 1786796288.9691515, "severity": "INFO", "name": "recommendationservice-server", "message": "[Recv ListRecommendations] product_ids=['0PUK6V6EV0', 'L9ECAV7KIM', 'LS4PSXUNUM', '66VCHSJNUP', 'OLJCESPC7Z']"}
2026-08-15T12:18:09.098449259Z {"timestamp": 1786796289.097801, "severity": "INFO", "name": "recommendationservice-server", "message": "[Recv ListRecommendations] product_ids=['L9ECAV7KIM', '1YMWWN1N4O', 'OLJCESPC7Z', 'LS4PSXUNUM', '66VCHSJNUP']"}
2026-08-15T12:18:09.277517735Z {"timestamp": 1786796289.2739663, "severity": "INFO", "name": "recommendationservice-server", "message": "[Recv ListRecommendations] product_ids=['L9ECAV7KIM', '2ZYFJ3GM2N', '6E92ZMYYFZ', '1YMWWN1N4O', 'OLJCESPC7Z']"}
2026-08-15T12:18:10.111789190Z {"timestamp": 1786796290.1103938, "severity": "INFO", "name": "recommendationservice-server", "message": "[Recv ListRecommendations] product_ids=['L9ECAV7KIM', '66VCHSJNUP', 'OLJCESPC7Z', '9SIQT8TOJO', '1YMWWN1N4O']"}
2026-08-15T12:18:10.265123604Z {"timestamp": 1786796290.2645497, "severity": "INFO", "name": "recommendationservice-server", "message": "[Recv ListRecommendations] product_ids=['L9ECAV7KIM', 'LS4PSXUNUM', '2ZYFJ3GM2N', '1YMWWN1N4O', '66VCHSJNUP']"}
2026-08-15T12:18:11.483922269Z {"timestamp": 1786796291.482581, "severity": "INFO", "name": "recommendationservice-server", "message": "[Recv ListRecommendations] product_ids=['L9ECAV7KIM', '1YMWWN1N4O', '6E92ZMYYFZ', '2ZYFJ3GM2N', '66VCHSJNUP']"}
2026-08-15T12:18:11.922957247Z {"timestamp": 1786796291.9215689, "severity": "INFO", "name": "recommendationservice-server", "message": "[Recv ListRecommendations] product_ids=['1YMWWN1N4O', 'LS4PSXUNUM', 'L9ECAV7KIM', '6E92ZMYYFZ', '0PUK6V6EV0']"}
2026-08-15T12:18:12.075163575Z {"timestamp": 1786796292.0744216, "severity": "INFO", "name": "recommendationservice-server", "message": "[Recv ListRecommendations] product_ids=['2ZYFJ3GM2N', '6E92ZMYYFZ', 'LS4PSXUNUM', 'OLJCESPC7Z', '66VCHSJNUP']"}
2026-08-15T12:18:12.186866604Z {"timestamp": 1786796292.1860297, "severity": "INFO", "name": "recommendationservice-server", "message": "[Recv ListRecommendations] product_ids=['1YMWWN1N4O', '9SIQT8TOJO', 'LS4PSXUNUM', 'L9ECAV7KIM', '6E92ZMYYFZ']"}
2026-08-15T12:18:16.901742861Z {"timestamp": 1786796296.901382, "severity": "INFO", "name": "recommendationservice-server", "message": "[Recv ListRecommendations] product_ids=['L9ECAV7KIM', '9SIQT8TOJO', '1YMWWN1N4O', '0PUK6V6EV0', 'OLJCESPC7Z']"}
2026-08-15T12:18:17.171548692Z {"timestamp": 1786796297.1706645, "severity": "INFO", "name": "recommendationservice-server", "message": "[Recv ListRecommendations] product_ids=['66VCHSJNUP', 'OLJCESPC7Z', '6E92ZMYYFZ', '1YMWWN1N4O', '9SIQT8TOJO']"}
2026-08-15T12:18:17.204392800Z {"timestamp": 1786796297.2038615, "severity": "INFO", "name": "recommendationservice-server", "message": "[Recv ListRecommendations] product_ids=['0PUK6V6EV0', '6E92ZMYYFZ', '2ZYFJ3GM2N', '66VCHSJNUP', '9SIQT8TOJO']"}
2026-08-15T12:18:18.062160268Z {"timestamp": 1786796298.0618365, "severity": "INFO", "name": "recommendationservice-server", "message": "[Recv ListRecommendations] product_ids=['LS4PSXUNUM', 'OLJCESPC7Z', '2ZYFJ3GM2N', '1YMWWN1N4O', '9SIQT8TOJO']"}
2026-08-15T12:18:18.716121250Z {"timestamp": 1786796298.7148209, "severity": "INFO", "name": "recommendationservice-server", "message": "[Recv ListRecommendations] product_ids=['L9ECAV7KIM', '2ZYFJ3GM2N', '66VCHSJNUP', '1YMWWN1N4O', '0PUK6V6EV0']"}
2026-08-15T12:18:20.325914000Z {"timestamp": 1786796300.32545, "severity": "INFO", "name": "recommendationservice-server", "message": "[Recv ListRecommendations] product_ids=['L9ECAV7KIM', 'OLJCESPC7Z', '1YMWWN1N4O', '9SIQT8TOJO', 'LS4PSXUNUM']"}
2026-08-15T12:18:20.468245673Z {"timestamp": 1786796300.4669635, "severity": "INFO", "name": "recommendationservice-server", "message": "[Recv ListRecommendations] product_ids=['6E92ZMYYFZ', 'OLJCESPC7Z', '1YMWWN1N4O', '66VCHSJNUP', '0PUK6V6EV0']"}
2026-08-15T12:18:20.823050486Z {"timestamp": 1786796300.8215425, "severity": "INFO", "name": "recommendationservice-server", "message": "[Recv ListRecommendations] product_ids=['66VCHSJNUP', '6E92ZMYYFZ', '0PUK6V6EV0', 'LS4PSXUNUM', 'L9ECAV7KIM']"}
2026-08-15T12:18:22.355306879Z {"timestamp": 1786796302.3543863, "severity": "INFO", "name": "recommendationservice-server", "message": "[Recv ListRecommendations] product_ids=['LS4PSXUNUM', '9SIQT8TOJO', 'L9ECAV7KIM', '0PUK6V6EV0', 'OLJCESPC7Z']"}
2026-08-15T12:18:22.681765717Z {"timestamp": 1786796302.681048, "severity": "INFO", "name": "recommendationservice-server", "message": "[Recv ListRecommendations] product_ids=['1YMWWN1N4O', '0PUK6V6EV0', 'OLJCESPC7Z', 'LS4PSXUNUM', '2ZYFJ3GM2N']"}
2026-08-15T12:18:22.762687363Z {"timestamp": 1786796302.7603025, "severity": "INFO", "name": "recommendationservice-server", "message": "[Recv ListRecommendations] product_ids=['1YMWWN1N4O', 'OLJCESPC7Z', '2ZYFJ3GM2N', '6E92ZMYYFZ', 'L9ECAV7KIM']"}
2026-08-15T12:18:22.771364794Z {"timestamp": 1786796302.7696393, "severity": "INFO", "name": "recommendationservice-server", "message": "[Recv ListRecommendations] product_ids=['0PUK6V6EV0', 'L9ECAV7KIM', '2ZYFJ3GM2N', '1YMWWN1N4O', 'LS4PSXUNUM']"}
2026-08-15T12:18:23.528064385Z {"timestamp": 1786796303.527579, "severity": "INFO", "name": "recommendationservice-server", "message": "[Recv ListRecommendations] product_ids=['66VCHSJNUP', '9SIQT8TOJO', '6E92ZMYYFZ', '0PUK6V6EV0', '2ZYFJ3GM2N']"}
2026-08-15T12:18:23.703426305Z {"timestamp": 1786796303.7025974, "severity": "INFO", "name": "recommendationservice-server", "message": "[Recv ListRecommendations] product_ids=['1YMWWN1N4O', '66VCHSJNUP', 'LS4PSXUNUM', '2ZYFJ3GM2N', '6E92ZMYYFZ']"}
2026-08-15T12:18:23.772626917Z {"timestamp": 1786796303.7719378, "severity": "INFO", "name": "recommendationservice-server", "message": "[Recv ListRecommendations] product_ids=['0PUK6V6EV0', 'L9ECAV7KIM', '66VCHSJNUP', '2ZYFJ3GM2N', 'OLJCESPC7Z']"}
2026-08-15T12:18:24.349842209Z {"timestamp": 1786796304.3448336, "severity": "INFO", "name": "recommendationservice-server", "message": "[Recv ListRecommendations] product_ids=['L9ECAV7KIM', 'OLJCESPC7Z', '0PUK6V6EV0', '9SIQT8TOJO', '66VCHSJNUP']"}
2026-08-15T12:18:24.812820062Z {"timestamp": 1786796304.812187, "severity": "INFO", "name": "recommendationservice-server", "message": "[Recv ListRecommendations] product_ids=['66VCHSJNUP', 'LS4PSXUNUM', '2ZYFJ3GM2N', '6E92ZMYYFZ', '1YMWWN1N4O']"}
2026-08-15T12:18:25.020441702Z {"timestamp": 1786796305.0199358, "severity": "INFO", "name": "recommendationservice-server", "message": "[Recv ListRecommendations] product_ids=['L9ECAV7KIM', '0PUK6V6EV0', '2ZYFJ3GM2N', 'OLJCESPC7Z', '6E92ZMYYFZ']"}
2026-08-15T12:18:25.171597830Z {"timestamp": 1786796305.170462, "severity": "INFO", "name": "recommendationservice-server", "message": "[Recv ListRecommendations] product_ids=['OLJCESPC7Z', '6E92ZMYYFZ', '9SIQT8TOJO', 'LS4PSXUNUM', '0PUK6V6EV0']"}
2026-08-15T12:18:25.429749603Z {"timestamp": 1786796305.4293222, "severity": "INFO", "name": "recommendationservice-server", "message": "[Recv ListRecommendations] product_ids=['2ZYFJ3GM2N', '1YMWWN1N4O', 'L9ECAV7KIM', '0PUK6V6EV0', '9SIQT8TOJO']"}
2026-08-15T12:18:25.757449946Z {"timestamp": 1786796305.7547104, "severity": "INFO", "name": "recommendationservice-server", "message": "[Recv ListRecommendations] product_ids=['1YMWWN1N4O', '66VCHSJNUP', '0PUK6V6EV0', 'LS4PSXUNUM', 'OLJCESPC7Z']"}
2026-08-15T12:18:28.493932405Z {"timestamp": 1786796308.4923587, "severity": "INFO", "name": "recommendationservice-server", "message": "[Recv ListRecommendations] product_ids=['OLJCESPC7Z', '9SIQT8TOJO', '66VCHSJNUP', '2ZYFJ3GM2N', 'LS4PSXUNUM']"}
2026-08-15T12:18:28.600402898Z {"timestamp": 1786796308.5998664, "severity": "INFO", "name": "recommendationservice-server", "message": "[Recv ListRecommendations] product_ids=['1YMWWN1N4O', '66VCHSJNUP', '2ZYFJ3GM2N']"}
2026-08-15T12:18:29.232595225Z {"timestamp": 1786796309.2320468, "severity": "INFO", "name": "recommendationservice-server", "message": "[Recv ListRecommendations] product_ids=['9SIQT8TOJO', '6E92ZMYYFZ', 'OLJCESPC7Z', '1YMWWN1N4O', 'LS4PSXUNUM']"}
2026-08-15T12:18:29.962665306Z {"timestamp": 1786796309.962222, "severity": "INFO", "name": "recommendationservice-server", "message": "[Recv ListRecommendations] product_ids=['9SIQT8TOJO', '1YMWWN1N4O', 'OLJCESPC7Z', '66VCHSJNUP', 'LS4PSXUNUM']"}
2026-08-15T12:18:30.005503782Z {"timestamp": 1786796310.005059, "severity": "INFO", "name": "recommendationservice-server", "message": "[Recv ListRecommendations] product_ids=['9SIQT8TOJO', '66VCHSJNUP', 'L9ECAV7KIM', '6E92ZMYYFZ', '1YMWWN1N4O']"}
2026-08-15T12:18:30.117985212Z {"timestamp": 1786796310.1174998, "severity": "INFO", "name": "recommendationservice-server", "message": "[Recv ListRecommendations] product_ids=['LS4PSXUNUM', 'L9ECAV7KIM', '1YMWWN1N4O', '0PUK6V6EV0', '9SIQT8TOJO']"}
2026-08-15T12:18:30.809875943Z {"timestamp": 1786796310.8095481, "severity": "INFO", "name": "recommendationservice-server", "message": "[Recv ListRecommendations] product_ids=['9SIQT8TOJO', '0PUK6V6EV0', '6E92ZMYYFZ', 'OLJCESPC7Z', '66VCHSJNUP']"}
2026-08-15T12:18:31.420744046Z {"timestamp": 1786796311.4203517, "severity": "INFO", "name": "recommendationservice-server", "message": "[Recv ListRecommendations] product_ids=['9SIQT8TOJO', '2ZYFJ3GM2N', 'OLJCESPC7Z', '1YMWWN1N4O', '6E92ZMYYFZ']"}
2026-08-15T12:18:31.897968321Z {"timestamp": 1786796311.897715, "severity": "INFO", "name": "recommendationservice-server", "message": "[Recv ListRecommendations] product_ids=['0PUK6V6EV0', '66VCHSJNUP', 'LS4PSXUNUM', 'L9ECAV7KIM', '1YMWWN1N4O']"}
2026-08-15T12:18:31.988758871Z {"timestamp": 1786796311.9884138, "severity": "INFO", "name": "recommendationservice-server", "message": "[Recv ListRecommendations] product_ids=['1YMWWN1N4O', 'LS4PSXUNUM', '66VCHSJNUP', '0PUK6V6EV0', 'L9ECAV7KIM']"}
2026-08-15T12:18:32.056254990Z {"timestamp": 1786796312.0559263, "severity": "INFO", "name": "recommendationservice-server", "message": "[Recv ListRecommendations] product_ids=['2ZYFJ3GM2N', 'L9ECAV7KIM', '6E92ZMYYFZ', '9SIQT8TOJO', '0PUK6V6EV0']"}
2026-08-15T12:18:32.407734768Z {"timestamp": 1786796312.4072745, "severity": "INFO", "name": "recommendationservice-server", "message": "[Recv ListRecommendations] product_ids=['9SIQT8TOJO', 'OLJCESPC7Z', '2ZYFJ3GM2N', '1YMWWN1N4O', '0PUK6V6EV0']"}
2026-08-15T12:18:32.423884385Z {"timestamp": 1786796312.4235718, "severity": "INFO", "name": "recommendationservice-server", "message": "[Recv ListRecommendations] product_ids=['LS4PSXUNUM', '0PUK6V6EV0', '9SIQT8TOJO', 'OLJCESPC7Z', '2ZYFJ3GM2N']"}
2026-08-15T12:18:32.577816075Z {"timestamp": 1786796312.5774913, "severity": "INFO", "name": "recommendationservice-server", "message": "[Recv ListRecommendations] product_ids=['2ZYFJ3GM2N', '9SIQT8TOJO', 'LS4PSXUNUM', '6E92ZMYYFZ', 'L9ECAV7KIM']"}
2026-08-15T12:18:33.397978197Z {"timestamp": 1786796313.3976376, "severity": "INFO", "name": "recommendationservice-server", "message": "[Recv ListRecommendations] product_ids=['OLJCESPC7Z', '6E92ZMYYFZ', '9SIQT8TOJO', 'LS4PSXUNUM', '2ZYFJ3GM2N']"}
2026-08-15T12:18:33.467086967Z {"timestamp": 1786796313.4662538, "severity": "INFO", "name": "recommendationservice-server", "message": "[Recv ListRecommendations] product_ids=['0PUK6V6EV0', 'OLJCESPC7Z', '9SIQT8TOJO', 'L9ECAV7KIM', '1YMWWN1N4O']"}
2026-08-15T12:18:35.088970337Z {"timestamp": 1786796315.0872757, "severity": "INFO", "name": "recommendationservice-server", "message": "[Recv ListRecommendations] product_ids=['0PUK6V6EV0', 'LS4PSXUNUM', 'L9ECAV7KIM', '9SIQT8TOJO', '1YMWWN1N4O']"}
2026-08-15T12:18:35.175517725Z {"timestamp": 1786796315.1743708, "severity": "INFO", "name": "recommendationservice-server", "message": "[Recv ListRecommendations] product_ids=['1YMWWN1N4O', 'L9ECAV7KIM', '2ZYFJ3GM2N', '66VCHSJNUP', 'OLJCESPC7Z']"}
2026-08-15T12:18:35.207783254Z {"timestamp": 1786796315.2064269, "severity": "INFO", "name": "recommendationservice-server", "message": "[Recv ListRecommendations] product_ids=['1YMWWN1N4O', 'OLJCESPC7Z', 'L9ECAV7KIM', '9SIQT8TOJO', '2ZYFJ3GM2N']"}
2026-08-15T12:18:35.430325437Z {"timestamp": 1786796315.4298663, "severity": "INFO", "name": "recommendationservice-server", "message": "[Recv ListRecommendations] product_ids=['66VCHSJNUP', '6E92ZMYYFZ', '0PUK6V6EV0', '1YMWWN1N4O', 'OLJCESPC7Z']"}
2026-08-15T12:18:36.043774242Z {"timestamp": 1786796316.042283, "severity": "INFO", "name": "recommendationservice-server", "message": "[Recv ListRecommendations] product_ids=['66VCHSJNUP', '6E92ZMYYFZ', 'LS4PSXUNUM', '2ZYFJ3GM2N', 'OLJCESPC7Z']"}
2026-08-15T12:18:36.494040022Z {"timestamp": 1786796316.4934864, "severity": "INFO", "name": "recommendationservice-server", "message": "[Recv ListRecommendations] product_ids=['0PUK6V6EV0', 'LS4PSXUNUM', '2ZYFJ3GM2N', 'L9ECAV7KIM', '9SIQT8TOJO']"}
2026-08-15T12:18:36.499478361Z {"timestamp": 1786796316.4989355, "severity": "INFO", "name": "recommendationservice-server", "message": "[Recv ListRecommendations] product_ids=['66VCHSJNUP', 'L9ECAV7KIM', '2ZYFJ3GM2N', '6E92ZMYYFZ', '1YMWWN1N4O']"}
2026-08-15T12:18:37.850964411Z {"timestamp": 1786796317.85033, "severity": "INFO", "name": "recommendationservice-server", "message": "[Recv ListRecommendations] product_ids=['L9ECAV7KIM', '0PUK6V6EV0', 'OLJCESPC7Z', '2ZYFJ3GM2N', '66VCHSJNUP']"}
2026-08-15T12:18:38.793420780Z {"timestamp": 1786796318.792255, "severity": "INFO", "name": "recommendationservice-server", "message": "[Recv ListRecommendations] product_ids=['66VCHSJNUP', 'L9ECAV7KIM', '2ZYFJ3GM2N', 'OLJCESPC7Z', '1YMWWN1N4O']"}
2026-08-15T12:18:38.914842580Z {"timestamp": 1786796318.9137404, "severity": "INFO", "name": "recommendationservice-server", "message": "[Recv ListRecommendations] product_ids=['66VCHSJNUP', 'LS4PSXUNUM', 'L9ECAV7KIM', '2ZYFJ3GM2N', '9SIQT8TOJO']"}
2026-08-15T12:18:39.132446349Z {"timestamp": 1786796319.131402, "severity": "INFO", "name": "recommendationservice-server", "message": "[Recv ListRecommendations] product_ids=['OLJCESPC7Z', '2ZYFJ3GM2N', '9SIQT8TOJO', '66VCHSJNUP', '0PUK6V6EV0']"}
2026-08-15T12:18:39.163318345Z {"timestamp": 1786796319.1621633, "severity": "INFO", "name": "recommendationservice-server", "message": "[Recv ListRecommendations] product_ids=['L9ECAV7KIM', '6E92ZMYYFZ', '0PUK6V6EV0', '1YMWWN1N4O', 'LS4PSXUNUM']"}
2026-08-15T12:18:39.533123197Z {"timestamp": 1786796319.532001, "severity": "INFO", "name": "recommendationservice-server", "message": "[Recv ListRecommendations] product_ids=['1YMWWN1N4O', '0PUK6V6EV0', 'L9ECAV7KIM', '66VCHSJNUP', '2ZYFJ3GM2N']"}
2026-08-15T12:18:39.636659566Z {"timestamp": 1786796319.635808, "severity": "INFO", "name": "recommendationservice-server", "message": "[Recv ListRecommendations] product_ids=['L9ECAV7KIM', 'LS4PSXUNUM', 'OLJCESPC7Z', '66VCHSJNUP', '0PUK6V6EV0']"}
2026-08-15T12:18:39.713841954Z {"timestamp": 1786796319.7129426, "severity": "INFO", "name": "recommendationservice-server", "message": "[Recv ListRecommendations] product_ids=['1YMWWN1N4O', 'OLJCESPC7Z', '9SIQT8TOJO', '2ZYFJ3GM2N', 'LS4PSXUNUM']"}
2026-08-15T12:18:40.406037515Z {"timestamp": 1786796320.4057443, "severity": "INFO", "name": "recommendationservice-server", "message": "[Recv ListRecommendations] product_ids=['66VCHSJNUP', '6E92ZMYYFZ', '9SIQT8TOJO', 'OLJCESPC7Z', '0PUK6V6EV0']"}
2026-08-15T12:18:40.802943450Z {"timestamp": 1786796320.801694, "severity": "INFO", "name": "recommendationservice-server", "message": "[Recv ListRecommendations] product_ids=['2ZYFJ3GM2N', '9SIQT8TOJO', 'OLJCESPC7Z', 'LS4PSXUNUM', '1YMWWN1N4O']"}
2026-08-15T12:18:40.898297207Z {"timestamp": 1786796320.897811, "severity": "INFO", "name": "recommendationservice-server", "message": "[Recv ListRecommendations] product_ids=['9SIQT8TOJO', 'LS4PSXUNUM', '66VCHSJNUP', 'L9ECAV7KIM', '6E92ZMYYFZ']"}
2026-08-15T12:18:41.646961342Z {"timestamp": 1786796321.6463628, "severity": "INFO", "name": "recommendationservice-server", "message": "[Recv ListRecommendations] product_ids=['L9ECAV7KIM', '9SIQT8TOJO', 'OLJCESPC7Z', '0PUK6V6EV0', '1YMWWN1N4O']"}
2026-08-15T12:18:42.082004995Z {"timestamp": 1786796322.0817008, "severity": "INFO", "name": "recommendationservice-server", "message": "[Recv ListRecommendations] product_ids=['66VCHSJNUP', '2ZYFJ3GM2N', 'LS4PSXUNUM', 'OLJCESPC7Z', '9SIQT8TOJO']"}
2026-08-15T12:18:42.437478000Z {"timestamp": 1786796322.4356985, "severity": "INFO", "name": "recommendationservice-server", "message": "[Recv ListRecommendations] product_ids=['0PUK6V6EV0', 'LS4PSXUNUM', 'OLJCESPC7Z', '9SIQT8TOJO', '1YMWWN1N4O']"}
2026-08-15T12:18:42.518948370Z {"timestamp": 1786796322.5181918, "severity": "INFO", "name": "recommendationservice-server", "message": "[Recv ListRecommendations] product_ids=['1YMWWN1N4O', '0PUK6V6EV0', '6E92ZMYYFZ', 'LS4PSXUNUM', 'OLJCESPC7Z']"}
2026-08-15T12:18:42.641202083Z {"timestamp": 1786796322.6402104, "severity": "INFO", "name": "recommendationservice-server", "message": "[Recv ListRecommendations] product_ids=['6E92ZMYYFZ', 'L9ECAV7KIM', '66VCHSJNUP', '9SIQT8TOJO', '1YMWWN1N4O']"}
2026-08-15T12:18:43.475695281Z {"timestamp": 1786796323.4746187, "severity": "INFO", "name": "recommendationservice-server", "message": "[Recv ListRecommendations] product_ids=['0PUK6V6EV0', '66VCHSJNUP', 'LS4PSXUNUM', '6E92ZMYYFZ', '1YMWWN1N4O']"}
2026-08-15T12:18:43.563910768Z {"timestamp": 1786796323.5626738, "severity": "INFO", "name": "recommendationservice-server", "message": "[Recv ListRecommendations] product_ids=['6E92ZMYYFZ', 'LS4PSXUNUM', '66VCHSJNUP', '9SIQT8TOJO', '0PUK6V6EV0']"}
2026-08-15T12:18:44.140877971Z {"timestamp": 1786796324.1391819, "severity": "INFO", "name": "recommendationservice-server", "message": "[Recv ListRecommendations] product_ids=['L9ECAV7KIM', '9SIQT8TOJO', 'OLJCESPC7Z', '6E92ZMYYFZ', 'LS4PSXUNUM']"}
2026-08-15T12:18:44.373665555Z {"timestamp": 1786796324.372358, "severity": "INFO", "name": "recommendationservice-server", "message": "[Recv ListRecommendations] product_ids=['0PUK6V6EV0', '1YMWWN1N4O', '66VCHSJNUP', '9SIQT8TOJO', 'L9ECAV7KIM']"}
2026-08-15T12:18:44.479083946Z {"timestamp": 1786796324.4781802, "severity": "INFO", "name": "recommendationservice-server", "message": "[Recv ListRecommendations] product_ids=['L9ECAV7KIM', '0PUK6V6EV0', '1YMWWN1N4O', '6E92ZMYYFZ', 'OLJCESPC7Z']"}
2026-08-15T12:18:44.629203263Z {"timestamp": 1786796324.6281195, "severity": "INFO", "name": "recommendationservice-server", "message": "[Recv ListRecommendations] product_ids=['2ZYFJ3GM2N', '6E92ZMYYFZ', 'OLJCESPC7Z', '1YMWWN1N4O', '0PUK6V6EV0']"}
2026-08-15T12:18:44.768407187Z {"timestamp": 1786796324.7674885, "severity": "INFO", "name": "recommendationservice-server", "message": "[Recv ListRecommendations] product_ids=['1YMWWN1N4O', '6E92ZMYYFZ', '2ZYFJ3GM2N', 'L9ECAV7KIM', '66VCHSJNUP']"}
2026-08-15T12:18:47.070417380Z {"timestamp": 1786796327.069586, "severity": "INFO", "name": "recommendationservice-server", "message": "[Recv ListRecommendations] product_ids=['2ZYFJ3GM2N', 'LS4PSXUNUM', '9SIQT8TOJO', '6E92ZMYYFZ', '0PUK6V6EV0']"}
2026-08-15T12:18:47.174315949Z {"timestamp": 1786796327.1731725, "severity": "INFO", "name": "recommendationservice-server", "message": "[Recv ListRecommendations] product_ids=['0PUK6V6EV0', 'L9ECAV7KIM', '66VCHSJNUP', 'OLJCESPC7Z', 'LS4PSXUNUM']"}
2026-08-15T12:18:47.360672357Z {"timestamp": 1786796327.3591733, "severity": "INFO", "name": "recommendationservice-server", "message": "[Recv ListRecommendations] product_ids=['6E92ZMYYFZ', 'LS4PSXUNUM', '0PUK6V6EV0', '2ZYFJ3GM2N', '1YMWWN1N4O']"}
2026-08-15T12:18:47.449156075Z {"timestamp": 1786796327.4488328, "severity": "INFO", "name": "recommendationservice-server", "message": "[Recv ListRecommendations] product_ids=['LS4PSXUNUM', '0PUK6V6EV0', 'OLJCESPC7Z', '2ZYFJ3GM2N', '6E92ZMYYFZ']"}
2026-08-15T12:18:47.493971918Z {"timestamp": 1786796327.4923465, "severity": "INFO", "name": "recommendationservice-server", "message": "[Recv ListRecommendations] product_ids=['L9ECAV7KIM', 'OLJCESPC7Z', '9SIQT8TOJO', '0PUK6V6EV0', '66VCHSJNUP']"}
2026-08-15T12:18:47.741549365Z {"timestamp": 1786796327.7401912, "severity": "INFO", "name": "recommendationservice-server", "message": "[Recv ListRecommendations] product_ids=['LS4PSXUNUM', '6E92ZMYYFZ', '1YMWWN1N4O', '66VCHSJNUP', '0PUK6V6EV0']"}
2026-08-15T12:18:48.877714044Z {"timestamp": 1786796328.875884, "severity": "INFO", "name": "recommendationservice-server", "message": "[Recv ListRecommendations] product_ids=['LS4PSXUNUM', 'OLJCESPC7Z', '2ZYFJ3GM2N', '66VCHSJNUP', '9SIQT8TOJO']"}
2026-08-15T12:18:49.160319705Z {"timestamp": 1786796329.0758858, "severity": "INFO", "name": "recommendationservice-server", "message": "[Recv ListRecommendations] product_ids=['0PUK6V6EV0', '2ZYFJ3GM2N', '1YMWWN1N4O', 'L9ECAV7KIM', 'LS4PSXUNUM']"}
2026-08-15T12:18:49.165845511Z {"timestamp": 1786796329.1648755, "severity": "INFO", "name": "recommendationservice-server", "message": "[Recv ListRecommendations] product_ids=['LS4PSXUNUM', 'OLJCESPC7Z', '66VCHSJNUP', '0PUK6V6EV0', '9SIQT8TOJO']"}
2026-08-15T12:18:49.431863250Z {"timestamp": 1786796329.4313111, "severity": "INFO", "name": "recommendationservice-server", "message": "[Recv ListRecommendations] product_ids=['6E92ZMYYFZ', '66VCHSJNUP', '2ZYFJ3GM2N', 'LS4PSXUNUM', 'OLJCESPC7Z']"}
2026-08-15T12:18:49.858116783Z {"timestamp": 1786796329.8564048, "severity": "INFO", "name": "recommendationservice-server", "message": "[Recv ListRecommendations] product_ids=['9SIQT8TOJO', 'L9ECAV7KIM', '66VCHSJNUP', '6E92ZMYYFZ', '1YMWWN1N4O']"}
2026-08-15T12:18:49.996142535Z {"timestamp": 1786796329.9955807, "severity": "INFO", "name": "recommendationservice-server", "message": "[Recv ListRecommendations] product_ids=['LS4PSXUNUM', 'L9ECAV7KIM', '0PUK6V6EV0', '1YMWWN1N4O', '6E92ZMYYFZ']"}
2026-08-15T12:18:50.447959700Z {"timestamp": 1786796330.4476652, "severity": "INFO", "name": "recommendationservice-server", "message": "[Recv ListRecommendations] product_ids=['66VCHSJNUP', '6E92ZMYYFZ', '2ZYFJ3GM2N', '0PUK6V6EV0', 'L9ECAV7KIM']"}
2026-08-15T12:18:50.983065425Z {"timestamp": 1786796330.981365, "severity": "INFO", "name": "recommendationservice-server", "message": "[Recv ListRecommendations] product_ids=['9SIQT8TOJO', '66VCHSJNUP', 'L9ECAV7KIM', 'LS4PSXUNUM', 'OLJCESPC7Z']"}
2026-08-15T12:18:51.217332528Z {"timestamp": 1786796331.215842, "severity": "INFO", "name": "recommendationservice-server", "message": "[Recv ListRecommendations] product_ids=['9SIQT8TOJO', '1YMWWN1N4O', '66VCHSJNUP', '6E92ZMYYFZ', 'LS4PSXUNUM']"}
2026-08-15T12:18:51.377630531Z {"timestamp": 1786796331.3732626, "severity": "INFO", "name": "recommendationservice-server", "message": "[Recv ListRecommendations] product_ids=['LS4PSXUNUM', '6E92ZMYYFZ', '2ZYFJ3GM2N', '1YMWWN1N4O', 'OLJCESPC7Z']"}
2026-08-15T12:18:51.527784354Z {"timestamp": 1786796331.5265858, "severity": "INFO", "name": "recommendationservice-server", "message": "[Recv ListRecommendations] product_ids=['0PUK6V6EV0', '66VCHSJNUP', '1YMWWN1N4O', '2ZYFJ3GM2N', 'OLJCESPC7Z']"}
2026-08-15T12:18:51.902108705Z {"timestamp": 1786796331.9009006, "severity": "INFO", "name": "recommendationservice-server", "message": "[Recv ListRecommendations] product_ids=['9SIQT8TOJO', '1YMWWN1N4O', '66VCHSJNUP', '0PUK6V6EV0', 'OLJCESPC7Z']"}
2026-08-15T12:18:52.892929799Z {"timestamp": 1786796332.8918269, "severity": "INFO", "name": "recommendationservice-server", "message": "[Recv ListRecommendations] product_ids=['6E92ZMYYFZ', 'OLJCESPC7Z', 'L9ECAV7KIM', '0PUK6V6EV0', 'LS4PSXUNUM']"}
2026-08-15T12:18:53.303609712Z {"timestamp": 1786796333.3022344, "severity": "INFO", "name": "recommendationservice-server", "message": "[Recv ListRecommendations] product_ids=['66VCHSJNUP', 'L9ECAV7KIM', '9SIQT8TOJO', '6E92ZMYYFZ', '2ZYFJ3GM2N']"}
2026-08-15T12:18:53.460023978Z {"timestamp": 1786796333.45875, "severity": "INFO", "name": "recommendationservice-server", "message": "[Recv ListRecommendations] product_ids=['9SIQT8TOJO', 'LS4PSXUNUM', '1YMWWN1N4O', 'L9ECAV7KIM', '2ZYFJ3GM2N']"}
2026-08-15T12:18:54.634482978Z {"timestamp": 1786796334.6331863, "severity": "INFO", "name": "recommendationservice-server", "message": "[Recv ListRecommendations] product_ids=['0PUK6V6EV0', '1YMWWN1N4O', '2ZYFJ3GM2N', '9SIQT8TOJO', 'L9ECAV7KIM']"}
2026-08-15T12:18:54.716086621Z {"timestamp": 1786796334.7145896, "severity": "INFO", "name": "recommendationservice-server", "message": "[Recv ListRecommendations] product_ids=['OLJCESPC7Z', '1YMWWN1N4O', '0PUK6V6EV0', '2ZYFJ3GM2N', '6E92ZMYYFZ']"}
2026-08-15T12:18:54.901958507Z {"timestamp": 1786796334.900365, "severity": "INFO", "name": "recommendationservice-server", "message": "[Recv ListRecommendations] product_ids=['6E92ZMYYFZ', 'L9ECAV7KIM', '2ZYFJ3GM2N', 'OLJCESPC7Z', '9SIQT8TOJO']"}
2026-08-15T12:18:55.009766081Z {"timestamp": 1786796335.0091016, "severity": "INFO", "name": "recommendationservice-server", "message": "[Recv ListRecommendations] product_ids=['9SIQT8TOJO', '6E92ZMYYFZ', 'LS4PSXUNUM', '66VCHSJNUP', 'OLJCESPC7Z']"}
2026-08-15T12:18:56.502850883Z {"timestamp": 1786796336.5016546, "severity": "INFO", "name": "recommendationservice-server", "message": "[Recv ListRecommendations] product_ids=['LS4PSXUNUM', '66VCHSJNUP', 'OLJCESPC7Z', '2ZYFJ3GM2N', '6E92ZMYYFZ']"}
2026-08-15T12:18:56.658382617Z {"timestamp": 1786796336.6568935, "severity": "INFO", "name": "recommendationservice-server", "message": "[Recv ListRecommendations] product_ids=['9SIQT8TOJO', '2ZYFJ3GM2N', 'L9ECAV7KIM', 'OLJCESPC7Z', 'LS4PSXUNUM']"}
2026-08-15T12:18:56.715774927Z {"timestamp": 1786796336.7145092, "severity": "INFO", "name": "recommendationservice-server", "message": "[Recv ListRecommendations] product_ids=['0PUK6V6EV0', 'L9ECAV7KIM', 'OLJCESPC7Z', '1YMWWN1N4O', '2ZYFJ3GM2N']"}
2026-08-15T12:18:56.959650715Z {"timestamp": 1786796336.9147432, "severity": "INFO", "name": "recommendationservice-server", "message": "[Recv ListRecommendations] product_ids=['1YMWWN1N4O', 'L9ECAV7KIM', 'LS4PSXUNUM', '66VCHSJNUP', '9SIQT8TOJO']"}
2026-08-15T12:18:56.970389326Z {"timestamp": 1786796336.9698005, "severity": "INFO", "name": "recommendationservice-server", "message": "[Recv ListRecommendations] product_ids=['LS4PSXUNUM', 'OLJCESPC7Z', '66VCHSJNUP', '2ZYFJ3GM2N', '9SIQT8TOJO']"}
2026-08-15T12:18:56.994581555Z {"timestamp": 1786796336.994079, "severity": "INFO", "name": "recommendationservice-server", "message": "[Recv ListRecommendations] product_ids=['L9ECAV7KIM', '0PUK6V6EV0', '1YMWWN1N4O', '66VCHSJNUP', 'OLJCESPC7Z']"}
2026-08-15T12:18:57.000518146Z {"timestamp": 1786796336.9999568, "severity": "INFO", "name": "recommendationservice-server", "message": "[Recv ListRecommendations] product_ids=['0PUK6V6EV0', 'OLJCESPC7Z', 'L9ECAV7KIM', '2ZYFJ3GM2N', 'LS4PSXUNUM']"}
2026-08-15T12:18:57.099060530Z {"timestamp": 1786796337.0981264, "severity": "INFO", "name": "recommendationservice-server", "message": "[Recv ListRecommendations] product_ids=['66VCHSJNUP', '1YMWWN1N4O', '6E92ZMYYFZ', 'LS4PSXUNUM', 'L9ECAV7KIM']"}
2026-08-15T12:18:57.163836248Z {"timestamp": 1786796337.1629822, "severity": "INFO", "name": "recommendationservice-server", "message": "[Recv ListRecommendations] product_ids=['L9ECAV7KIM', '6E92ZMYYFZ', '2ZYFJ3GM2N', 'OLJCESPC7Z', '9SIQT8TOJO']"}
2026-08-15T12:18:57.167534203Z {"timestamp": 1786796337.1666393, "severity": "INFO", "name": "recommendationservice-server", "message": "[Recv ListRecommendations] product_ids=['9SIQT8TOJO', '0PUK6V6EV0', '1YMWWN1N4O', 'L9ECAV7KIM', 'OLJCESPC7Z']"}
2026-08-15T12:18:57.200942415Z {"timestamp": 1786796337.199304, "severity": "INFO", "name": "recommendationservice-server", "message": "[Recv ListRecommendations] product_ids=['0PUK6V6EV0', '9SIQT8TOJO', '66VCHSJNUP', '2ZYFJ3GM2N', '6E92ZMYYFZ']"}
2026-08-15T12:18:57.424079291Z {"timestamp": 1786796337.4232404, "severity": "INFO", "name": "recommendationservice-server", "message": "[Recv ListRecommendations] product_ids=['0PUK6V6EV0', '1YMWWN1N4O', '9SIQT8TOJO', 'L9ECAV7KIM', '2ZYFJ3GM2N']"}
2026-08-15T12:18:57.551623526Z {"timestamp": 1786796337.550988, "severity": "INFO", "name": "recommendationservice-server", "message": "[Recv ListRecommendations] product_ids=['2ZYFJ3GM2N', 'LS4PSXUNUM', 'OLJCESPC7Z', '6E92ZMYYFZ', '9SIQT8TOJO']"}
2026-08-15T12:18:58.709788182Z {"timestamp": 1786796338.708696, "severity": "INFO", "name": "recommendationservice-server", "message": "[Recv ListRecommendations] product_ids=['OLJCESPC7Z', '6E92ZMYYFZ', '0PUK6V6EV0', 'LS4PSXUNUM', 'L9ECAV7KIM']"}
2026-08-15T12:18:59.761634887Z {"timestamp": 1786796339.7609675, "severity": "INFO", "name": "recommendationservice-server", "message": "[Recv ListRecommendations] product_ids=['6E92ZMYYFZ', 'L9ECAV7KIM', 'LS4PSXUNUM', 'OLJCESPC7Z', '9SIQT8TOJO']"}
2026-08-15T12:18:59.933708102Z {"timestamp": 1786796339.9326692, "severity": "INFO", "name": "recommendationservice-server", "message": "[Recv ListRecommendations] product_ids=['OLJCESPC7Z', 'L9ECAV7KIM', 'LS4PSXUNUM', '0PUK6V6EV0', '9SIQT8TOJO']"}
2026-08-15T12:18:59.965961141Z {"timestamp": 1786796339.963896, "severity": "INFO", "name": "recommendationservice-server", "message": "[Recv ListRecommendations] product_ids=['1YMWWN1N4O', '2ZYFJ3GM2N', '66VCHSJNUP']"}
2026-08-15T12:19:01.085978893Z {"timestamp": 1786796341.0853505, "severity": "INFO", "name": "recommendationservice-server", "message": "[Recv ListRecommendations] product_ids=['L9ECAV7KIM', '0PUK6V6EV0', '6E92ZMYYFZ', '9SIQT8TOJO', 'LS4PSXUNUM']"}
2026-08-15T12:19:01.203077399Z {"timestamp": 1786796341.2016993, "severity": "INFO", "name": "recommendationservice-server", "message": "[Recv ListRecommendations] product_ids=['9SIQT8TOJO', '66VCHSJNUP', 'LS4PSXUNUM', 'OLJCESPC7Z', '0PUK6V6EV0']"}
2026-08-15T12:19:01.270551929Z {"timestamp": 1786796341.269279, "severity": "INFO", "name": "recommendationservice-server", "message": "[Recv ListRecommendations] product_ids=['1YMWWN1N4O', 'L9ECAV7KIM', '66VCHSJNUP', 'LS4PSXUNUM', 'OLJCESPC7Z']"}
2026-08-15T12:19:01.452105316Z {"timestamp": 1786796341.4514422, "severity": "INFO", "name": "recommendationservice-server", "message": "[Recv ListRecommendations] product_ids=['66VCHSJNUP', 'L9ECAV7KIM', 'OLJCESPC7Z', '1YMWWN1N4O', '2ZYFJ3GM2N']"}
2026-08-15T12:19:01.503913817Z {"timestamp": 1786796341.50316, "severity": "INFO", "name": "recommendationservice-server", "message": "[Recv ListRecommendations] product_ids=['LS4PSXUNUM', 'L9ECAV7KIM', '6E92ZMYYFZ', '66VCHSJNUP', '1YMWWN1N4O']"}
2026-08-15T12:19:01.830988734Z {"timestamp": 1786796341.830503, "severity": "INFO", "name": "recommendationservice-server", "message": "[Recv ListRecommendations] product_ids=['6E92ZMYYFZ', '1YMWWN1N4O', '2ZYFJ3GM2N', 'OLJCESPC7Z', '66VCHSJNUP']"}
2026-08-15T12:19:01.836107395Z {"timestamp": 1786796341.8357294, "severity": "INFO", "name": "recommendationservice-server", "message": "[Recv ListRecommendations] product_ids=['6E92ZMYYFZ', '2ZYFJ3GM2N', 'OLJCESPC7Z', '1YMWWN1N4O', '0PUK6V6EV0']"}
2026-08-15T12:19:02.579231256Z {"timestamp": 1786796342.578977, "severity": "INFO", "name": "recommendationservice-server", "message": "[Recv ListRecommendations] product_ids=['OLJCESPC7Z', '9SIQT8TOJO', '2ZYFJ3GM2N', '0PUK6V6EV0', '1YMWWN1N4O']"}
2026-08-15T12:19:02.615557256Z {"timestamp": 1786796342.6151443, "severity": "INFO", "name": "recommendationservice-server", "message": "[Recv ListRecommendations] product_ids=['66VCHSJNUP', 'LS4PSXUNUM', '0PUK6V6EV0', '2ZYFJ3GM2N', '6E92ZMYYFZ']"}
2026-08-15T12:19:02.875336570Z {"timestamp": 1786796342.8749256, "severity": "INFO", "name": "recommendationservice-server", "message": "[Recv ListRecommendations] product_ids=['0PUK6V6EV0', '1YMWWN1N4O', 'L9ECAV7KIM', 'OLJCESPC7Z', '66VCHSJNUP']"}
2026-08-15T12:19:03.184569936Z {"timestamp": 1786796343.1833723, "severity": "INFO", "name": "recommendationservice-server", "message": "[Recv ListRecommendations] product_ids=['9SIQT8TOJO', 'L9ECAV7KIM', '0PUK6V6EV0', 'LS4PSXUNUM', '2ZYFJ3GM2N']"}
2026-08-15T12:19:03.462492147Z {"timestamp": 1786796343.4592478, "severity": "INFO", "name": "recommendationservice-server", "message": "[Recv ListRecommendations] product_ids=['0PUK6V6EV0', 'OLJCESPC7Z', 'LS4PSXUNUM', '66VCHSJNUP', '2ZYFJ3GM2N']"}
2026-08-15T12:19:03.473999058Z {"timestamp": 1786796343.4729683, "severity": "INFO", "name": "recommendationservice-server", "message": "[Recv ListRecommendations] product_ids=['9SIQT8TOJO', '0PUK6V6EV0', 'L9ECAV7KIM', '6E92ZMYYFZ', 'LS4PSXUNUM']"}
2026-08-15T12:19:03.550651151Z {"timestamp": 1786796343.5497782, "severity": "INFO", "name": "recommendationservice-server", "message": "[Recv ListRecommendations] product_ids=['1YMWWN1N4O', '2ZYFJ3GM2N', '0PUK6V6EV0', '9SIQT8TOJO', 'L9ECAV7KIM']"}
2026-08-15T12:19:03.571042082Z {"timestamp": 1786796343.5706494, "severity": "INFO", "name": "recommendationservice-server", "message": "[Recv ListRecommendations] product_ids=['9SIQT8TOJO', '0PUK6V6EV0', 'OLJCESPC7Z', 'L9ECAV7KIM', '1YMWWN1N4O']"}
2026-08-15T12:19:04.607254409Z {"timestamp": 1786796344.6064148, "severity": "INFO", "name": "recommendationservice-server", "message": "[Recv ListRecommendations] product_ids=['0PUK6V6EV0', 'LS4PSXUNUM', '1YMWWN1N4O', 'OLJCESPC7Z', '66VCHSJNUP']"}
2026-08-15T12:19:04.661522176Z {"timestamp": 1786796344.6604164, "severity": "INFO", "name": "recommendationservice-server", "message": "[Recv ListRecommendations] product_ids=['LS4PSXUNUM', 'OLJCESPC7Z', '0PUK6V6EV0', '2ZYFJ3GM2N', '6E92ZMYYFZ']"}
2026-08-15T12:19:04.767551036Z {"timestamp": 1786796344.7672133, "severity": "INFO", "name": "recommendationservice-server", "message": "[Recv ListRecommendations] product_ids=['0PUK6V6EV0', '2ZYFJ3GM2N', '9SIQT8TOJO', 'OLJCESPC7Z', '6E92ZMYYFZ']"}
2026-08-15T12:19:05.071275083Z {"timestamp": 1786796345.0697443, "severity": "INFO", "name": "recommendationservice-server", "message": "[Recv ListRecommendations] product_ids=['2ZYFJ3GM2N', 'L9ECAV7KIM', '1YMWWN1N4O', '66VCHSJNUP', '9SIQT8TOJO']"}
2026-08-15T12:19:06.165011560Z {"timestamp": 1786796346.164043, "severity": "INFO", "name": "recommendationservice-server", "message": "[Recv ListRecommendations] product_ids=['LS4PSXUNUM', '2ZYFJ3GM2N', 'OLJCESPC7Z', '9SIQT8TOJO', '66VCHSJNUP']"}
2026-08-15T12:19:06.601162191Z {"timestamp": 1786796346.5999188, "severity": "INFO", "name": "recommendationservice-server", "message": "[Recv ListRecommendations] product_ids=['LS4PSXUNUM', '1YMWWN1N4O', '6E92ZMYYFZ', '66VCHSJNUP', '0PUK6V6EV0']"}
2026-08-15T12:19:08.781770616Z {"timestamp": 1786796348.781471, "severity": "INFO", "name": "recommendationservice-server", "message": "[Recv ListRecommendations] product_ids=['OLJCESPC7Z', '0PUK6V6EV0', 'LS4PSXUNUM', '1YMWWN1N4O', '2ZYFJ3GM2N']"}
2026-08-15T12:19:10.269370996Z {"timestamp": 1786796350.2682538, "severity": "INFO", "name": "recommendationservice-server", "message": "[Recv ListRecommendations] product_ids=['0PUK6V6EV0', '9SIQT8TOJO', '2ZYFJ3GM2N', '1YMWWN1N4O', 'L9ECAV7KIM']"}
2026-08-15T12:19:10.416830368Z {"timestamp": 1786796350.4163918, "severity": "INFO", "name": "recommendationservice-server", "message": "[Recv ListRecommendations] product_ids=['9SIQT8TOJO', 'OLJCESPC7Z', '66VCHSJNUP', '0PUK6V6EV0', '6E92ZMYYFZ']"}
2026-08-15T12:19:10.928526628Z {"timestamp": 1786796350.9272745, "severity": "INFO", "name": "recommendationservice-server", "message": "[Recv ListRecommendations] product_ids=['66VCHSJNUP', '9SIQT8TOJO', '6E92ZMYYFZ', 'OLJCESPC7Z', '2ZYFJ3GM2N']"}
2026-08-15T12:19:11.812076402Z {"timestamp": 1786796351.8114207, "severity": "INFO", "name": "recommendationservice-server", "message": "[Recv ListRecommendations] product_ids=['9SIQT8TOJO', 'L9ECAV7KIM', '1YMWWN1N4O', '0PUK6V6EV0', 'OLJCESPC7Z']"}
2026-08-15T12:19:11.836123242Z {"timestamp": 1786796351.835329, "severity": "INFO", "name": "recommendationservice-server", "message": "[Recv ListRecommendations] product_ids=['0PUK6V6EV0', '2ZYFJ3GM2N', '9SIQT8TOJO', 'L9ECAV7KIM', '1YMWWN1N4O']"}
2026-08-15T12:19:12.049689090Z {"timestamp": 1786796352.049436, "severity": "INFO", "name": "recommendationservice-server", "message": "[Recv ListRecommendations] product_ids=['OLJCESPC7Z', '2ZYFJ3GM2N', '66VCHSJNUP', '9SIQT8TOJO', 'LS4PSXUNUM']"}
2026-08-15T12:19:12.618004680Z {"timestamp": 1786796352.616838, "severity": "INFO", "name": "recommendationservice-server", "message": "[Recv ListRecommendations] product_ids=['LS4PSXUNUM', '2ZYFJ3GM2N', '66VCHSJNUP', 'OLJCESPC7Z', '1YMWWN1N4O']"}
2026-08-15T12:19:12.717752723Z {"timestamp": 1786796352.7165046, "severity": "INFO", "name": "recommendationservice-server", "message": "[Recv ListRecommendations] product_ids=['2ZYFJ3GM2N', '6E92ZMYYFZ', 'LS4PSXUNUM', 'OLJCESPC7Z', '9SIQT8TOJO']"}
2026-08-15T12:19:13.213827077Z {"timestamp": 1786796353.2134802, "severity": "INFO", "name": "recommendationservice-server", "message": "[Recv ListRecommendations] product_ids=['1YMWWN1N4O', '66VCHSJNUP', '6E92ZMYYFZ', 'LS4PSXUNUM', '9SIQT8TOJO']"}
2026-08-15T12:19:13.265316316Z {"timestamp": 1786796353.2649143, "severity": "INFO", "name": "recommendationservice-server", "message": "[Recv ListRecommendations] product_ids=['1YMWWN1N4O', '2ZYFJ3GM2N', '66VCHSJNUP', 'OLJCESPC7Z', 'LS4PSXUNUM']"}
2026-08-15T12:19:13.843300309Z {"timestamp": 1786796353.840491, "severity": "INFO", "name": "recommendationservice-server", "message": "[Recv ListRecommendations] product_ids=['6E92ZMYYFZ', '66VCHSJNUP', '1YMWWN1N4O', 'OLJCESPC7Z', 'LS4PSXUNUM']"}
2026-08-15T12:19:14.375710461Z {"timestamp": 1786796354.3752465, "severity": "INFO", "name": "recommendationservice-server", "message": "[Recv ListRecommendations] product_ids=['OLJCESPC7Z', '6E92ZMYYFZ', 'L9ECAV7KIM', '9SIQT8TOJO', '1YMWWN1N4O']"}
2026-08-15T12:19:15.883231825Z {"timestamp": 1786796355.8829224, "severity": "INFO", "name": "recommendationservice-server", "message": "[Recv ListRecommendations] product_ids=['LS4PSXUNUM', 'OLJCESPC7Z', '6E92ZMYYFZ', '9SIQT8TOJO', 'L9ECAV7KIM']"}
2026-08-15T12:19:16.822253596Z {"timestamp": 1786796356.820942, "severity": "INFO", "name": "recommendationservice-server", "message": "[Recv ListRecommendations] product_ids=['66VCHSJNUP', 'LS4PSXUNUM', 'OLJCESPC7Z', '2ZYFJ3GM2N', 'L9ECAV7KIM']"}
2026-08-15T12:19:17.001870126Z {"timestamp": 1786796357.0007722, "severity": "INFO", "name": "recommendationservice-server", "message": "[Recv ListRecommendations] product_ids=['6E92ZMYYFZ', '0PUK6V6EV0', 'LS4PSXUNUM', '66VCHSJNUP', '2ZYFJ3GM2N']"}
2026-08-15T12:19:17.723056343Z {"timestamp": 1786796357.7218928, "severity": "INFO", "name": "recommendationservice-server", "message": "[Recv ListRecommendations] product_ids=['9SIQT8TOJO', '1YMWWN1N4O', '66VCHSJNUP', 'OLJCESPC7Z', 'L9ECAV7KIM']"}
2026-08-15T12:19:18.009254679Z {"timestamp": 1786796358.0087368, "severity": "INFO", "name": "recommendationservice-server", "message": "[Recv ListRecommendations] product_ids=['2ZYFJ3GM2N', '6E92ZMYYFZ', 'LS4PSXUNUM', 'L9ECAV7KIM', '66VCHSJNUP']"}
2026-08-15T12:19:18.438707555Z {"timestamp": 1786796358.437355, "severity": "INFO", "name": "recommendationservice-server", "message": "[Recv ListRecommendations] product_ids=['LS4PSXUNUM', 'OLJCESPC7Z', '0PUK6V6EV0', '66VCHSJNUP', 'L9ECAV7KIM']"}
2026-08-15T12:19:18.511216404Z {"timestamp": 1786796358.5085464, "severity": "INFO", "name": "recommendationservice-server", "message": "[Recv ListRecommendations] product_ids=['LS4PSXUNUM', '2ZYFJ3GM2N', '9SIQT8TOJO', '1YMWWN1N4O', '66VCHSJNUP']"}
2026-08-15T12:19:18.928368990Z {"timestamp": 1786796358.9266548, "severity": "INFO", "name": "recommendationservice-server", "message": "[Recv ListRecommendations] product_ids=['9SIQT8TOJO', '6E92ZMYYFZ', '66VCHSJNUP', '2ZYFJ3GM2N', '1YMWWN1N4O']"}
2026-08-15T12:19:19.364524642Z {"timestamp": 1786796359.3631582, "severity": "INFO", "name": "recommendationservice-server", "message": "[Recv ListRecommendations] product_ids=['0PUK6V6EV0', 'L9ECAV7KIM', '1YMWWN1N4O', 'OLJCESPC7Z', 'LS4PSXUNUM']"}
2026-08-15T12:19:19.472761688Z {"timestamp": 1786796359.4722903, "severity": "INFO", "name": "recommendationservice-server", "message": "[Recv ListRecommendations] product_ids=['0PUK6V6EV0', '1YMWWN1N4O', 'LS4PSXUNUM', '6E92ZMYYFZ', '9SIQT8TOJO']"}
2026-08-15T12:19:20.123680482Z {"timestamp": 1786796360.122464, "severity": "INFO", "name": "recommendationservice-server", "message": "[Recv ListRecommendations] product_ids=['66VCHSJNUP', 'L9ECAV7KIM', '9SIQT8TOJO', '1YMWWN1N4O', '0PUK6V6EV0']"}
2026-08-15T12:19:20.353015446Z {"timestamp": 1786796360.3525352, "severity": "INFO", "name": "recommendationservice-server", "message": "[Recv ListRecommendations] product_ids=['9SIQT8TOJO', '6E92ZMYYFZ', '0PUK6V6EV0', 'OLJCESPC7Z', '1YMWWN1N4O']"}
2026-08-15T12:19:20.660921839Z {"timestamp": 1786796360.6593797, "severity": "INFO", "name": "recommendationservice-server", "message": "[Recv ListRecommendations] product_ids=['66VCHSJNUP', '2ZYFJ3GM2N', '9SIQT8TOJO', '6E92ZMYYFZ', '0PUK6V6EV0']"}
2026-08-15T12:19:20.815866981Z {"timestamp": 1786796360.8153393, "severity": "INFO", "name": "recommendationservice-server", "message": "[Recv ListRecommendations] product_ids=['L9ECAV7KIM', 'LS4PSXUNUM', '6E92ZMYYFZ', '1YMWWN1N4O', '0PUK6V6EV0']"}
2026-08-15T12:19:20.846294907Z {"timestamp": 1786796360.8458197, "severity": "INFO", "name": "recommendationservice-server", "message": "[Recv ListRecommendations] product_ids=['66VCHSJNUP', 'LS4PSXUNUM', '1YMWWN1N4O', 'OLJCESPC7Z', '6E92ZMYYFZ']"}
2026-08-15T12:19:21.090936897Z {"timestamp": 1786796361.0904615, "severity": "INFO", "name": "recommendationservice-server", "message": "[Recv ListRecommendations] product_ids=['9SIQT8TOJO', '0PUK6V6EV0', '6E92ZMYYFZ', '66VCHSJNUP', 'LS4PSXUNUM']"}
2026-08-15T12:19:21.673364528Z {"timestamp": 1786796361.6728013, "severity": "INFO", "name": "recommendationservice-server", "message": "[Recv ListRecommendations] product_ids=['9SIQT8TOJO', 'LS4PSXUNUM', '66VCHSJNUP', '2ZYFJ3GM2N', '6E92ZMYYFZ']"}
2026-08-15T12:19:21.700508977Z {"timestamp": 1786796361.6999784, "severity": "INFO", "name": "recommendationservice-server", "message": "[Recv ListRecommendations] product_ids=['OLJCESPC7Z', '66VCHSJNUP', '2ZYFJ3GM2N', '1YMWWN1N4O', 'LS4PSXUNUM']"}
2026-08-15T12:19:21.760071042Z {"timestamp": 1786796361.7593048, "severity": "INFO", "name": "recommendationservice-server", "message": "[Recv ListRecommendations] product_ids=['OLJCESPC7Z', '1YMWWN1N4O', '0PUK6V6EV0', '6E92ZMYYFZ', '66VCHSJNUP']"}
2026-08-15T12:19:21.819252252Z {"timestamp": 1786796361.8188467, "severity": "INFO", "name": "recommendationservice-server", "message": "[Recv ListRecommendations] product_ids=['6E92ZMYYFZ', '9SIQT8TOJO', 'OLJCESPC7Z', '0PUK6V6EV0', 'L9ECAV7KIM']"}
2026-08-15T12:19:22.187677150Z {"timestamp": 1786796362.1839218, "severity": "INFO", "name": "recommendationservice-server", "message": "[Recv ListRecommendations] product_ids=['6E92ZMYYFZ', '9SIQT8TOJO', '2ZYFJ3GM2N', '66VCHSJNUP', '0PUK6V6EV0']"}
2026-08-15T12:19:22.668324873Z {"timestamp": 1786796362.6672645, "severity": "INFO", "name": "recommendationservice-server", "message": "[Recv ListRecommendations] product_ids=['LS4PSXUNUM', '1YMWWN1N4O', '9SIQT8TOJO', 'OLJCESPC7Z', 'L9ECAV7KIM']"}
2026-08-15T12:19:23.267968209Z {"timestamp": 1786796363.2665222, "severity": "INFO", "name": "recommendationservice-server", "message": "[Recv ListRecommendations] product_ids=['6E92ZMYYFZ', 'L9ECAV7KIM', '2ZYFJ3GM2N', '1YMWWN1N4O', '0PUK6V6EV0']"}
2026-08-15T12:19:24.393545630Z {"timestamp": 1786796364.392989, "severity": "INFO", "name": "recommendationservice-server", "message": "[Recv ListRecommendations] product_ids=['66VCHSJNUP', 'L9ECAV7KIM', '6E92ZMYYFZ', '9SIQT8TOJO', '2ZYFJ3GM2N']"}
2026-08-15T12:19:24.828006659Z {"timestamp": 1786796364.8267677, "severity": "INFO", "name": "recommendationservice-server", "message": "[Recv ListRecommendations] product_ids=['LS4PSXUNUM', '2ZYFJ3GM2N', '0PUK6V6EV0', 'L9ECAV7KIM', '6E92ZMYYFZ']"}
2026-08-15T12:19:25.376112611Z {"timestamp": 1786796365.37572, "severity": "INFO", "name": "recommendationservice-server", "message": "[Recv ListRecommendations] product_ids=['9SIQT8TOJO', '0PUK6V6EV0', 'L9ECAV7KIM', 'LS4PSXUNUM', '2ZYFJ3GM2N']"}
2026-08-15T12:19:25.395486862Z {"timestamp": 1786796365.3951952, "severity": "INFO", "name": "recommendationservice-server", "message": "[Recv ListRecommendations] product_ids=['6E92ZMYYFZ', 'OLJCESPC7Z', 'L9ECAV7KIM', '0PUK6V6EV0', '66VCHSJNUP']"}
2026-08-15T12:19:25.444316847Z {"timestamp": 1786796365.4440117, "severity": "INFO", "name": "recommendationservice-server", "message": "[Recv ListRecommendations] product_ids=['L9ECAV7KIM', '9SIQT8TOJO', '66VCHSJNUP', '1YMWWN1N4O', '6E92ZMYYFZ']"}
2026-08-15T12:19:25.470400985Z {"timestamp": 1786796365.4701362, "severity": "INFO", "name": "recommendationservice-server", "message": "[Recv ListRecommendations] product_ids=['L9ECAV7KIM', 'LS4PSXUNUM', '6E92ZMYYFZ', '1YMWWN1N4O', '66VCHSJNUP']"}
2026-08-15T12:19:26.070497087Z {"timestamp": 1786796366.0689256, "severity": "INFO", "name": "recommendationservice-server", "message": "[Recv ListRecommendations] product_ids=['1YMWWN1N4O', '9SIQT8TOJO', 'L9ECAV7KIM', '0PUK6V6EV0', 'OLJCESPC7Z']"}
2026-08-15T12:19:26.263388270Z {"timestamp": 1786796366.2626824, "severity": "INFO", "name": "recommendationservice-server", "message": "[Recv ListRecommendations] product_ids=['L9ECAV7KIM', '2ZYFJ3GM2N', '1YMWWN1N4O', 'OLJCESPC7Z', '66VCHSJNUP']"}
2026-08-15T12:19:26.323992287Z {"timestamp": 1786796366.3234787, "severity": "INFO", "name": "recommendationservice-server", "message": "[Recv ListRecommendations] product_ids=['L9ECAV7KIM', 'OLJCESPC7Z', '0PUK6V6EV0', 'LS4PSXUNUM', '2ZYFJ3GM2N']"}
2026-08-15T12:19:27.462900673Z {"timestamp": 1786796367.4617834, "severity": "INFO", "name": "recommendationservice-server", "message": "[Recv ListRecommendations] product_ids=['66VCHSJNUP', '9SIQT8TOJO', '0PUK6V6EV0', '1YMWWN1N4O', 'LS4PSXUNUM']"}
2026-08-15T12:19:28.079643224Z {"timestamp": 1786796368.0790088, "severity": "INFO", "name": "recommendationservice-server", "message": "[Recv ListRecommendations] product_ids=['OLJCESPC7Z', 'L9ECAV7KIM', '66VCHSJNUP', 'LS4PSXUNUM', '0PUK6V6EV0']"}
2026-08-15T12:19:28.108901529Z {"timestamp": 1786796368.1082795, "severity": "INFO", "name": "recommendationservice-server", "message": "[Recv ListRecommendations] product_ids=['66VCHSJNUP', 'L9ECAV7KIM', 'LS4PSXUNUM', '0PUK6V6EV0', 'OLJCESPC7Z']"}
2026-08-15T12:19:28.275351522Z {"timestamp": 1786796368.2743468, "severity": "INFO", "name": "recommendationservice-server", "message": "[Recv ListRecommendations] product_ids=['1YMWWN1N4O', '2ZYFJ3GM2N', 'L9ECAV7KIM', 'OLJCESPC7Z', '0PUK6V6EV0']"}
2026-08-15T12:19:29.585397990Z {"timestamp": 1786796369.5841663, "severity": "INFO", "name": "recommendationservice-server", "message": "[Recv ListRecommendations] product_ids=['2ZYFJ3GM2N', 'OLJCESPC7Z', '1YMWWN1N4O', '9SIQT8TOJO', '66VCHSJNUP']"}
2026-08-15T12:19:29.702001447Z {"timestamp": 1786796369.700534, "severity": "INFO", "name": "recommendationservice-server", "message": "[Recv ListRecommendations] product_ids=['OLJCESPC7Z', 'LS4PSXUNUM', '0PUK6V6EV0', '66VCHSJNUP', '2ZYFJ3GM2N']"}
2026-08-15T12:19:29.935019835Z {"timestamp": 1786796369.9342184, "severity": "INFO", "name": "recommendationservice-server", "message": "[Recv ListRecommendations] product_ids=['0PUK6V6EV0', '2ZYFJ3GM2N', '1YMWWN1N4O', '9SIQT8TOJO', 'L9ECAV7KIM']"}
2026-08-15T12:19:30.215206963Z {"timestamp": 1786796370.2141063, "severity": "INFO", "name": "recommendationservice-server", "message": "[Recv ListRecommendations] product_ids=['9SIQT8TOJO', '1YMWWN1N4O', '2ZYFJ3GM2N', '0PUK6V6EV0', '66VCHSJNUP']"}
2026-08-15T12:19:32.362764367Z {"timestamp": 1786796372.3624141, "severity": "INFO", "name": "recommendationservice-server", "message": "[Recv ListRecommendations] product_ids=['2ZYFJ3GM2N', '66VCHSJNUP', '6E92ZMYYFZ', '1YMWWN1N4O', 'L9ECAV7KIM']"}
2026-08-15T12:19:32.451984009Z {"timestamp": 1786796372.4516401, "severity": "INFO", "name": "recommendationservice-server", "message": "[Recv ListRecommendations] product_ids=['1YMWWN1N4O', '66VCHSJNUP', '2ZYFJ3GM2N', '0PUK6V6EV0', '9SIQT8TOJO']"}
2026-08-15T12:19:32.495124275Z {"timestamp": 1786796372.4947882, "severity": "INFO", "name": "recommendationservice-server", "message": "[Recv ListRecommendations] product_ids=['OLJCESPC7Z', 'L9ECAV7KIM', '0PUK6V6EV0', '6E92ZMYYFZ', '66VCHSJNUP']"}
2026-08-15T12:19:33.793221384Z {"timestamp": 1786796373.7928667, "severity": "INFO", "name": "recommendationservice-server", "message": "[Recv ListRecommendations] product_ids=['L9ECAV7KIM', '1YMWWN1N4O', '66VCHSJNUP', '0PUK6V6EV0', '9SIQT8TOJO']"}
2026-08-15T12:19:34.039507342Z {"timestamp": 1786796374.0391483, "severity": "INFO", "name": "recommendationservice-server", "message": "[Recv ListRecommendations] product_ids=['0PUK6V6EV0', 'L9ECAV7KIM', 'OLJCESPC7Z', '9SIQT8TOJO', '2ZYFJ3GM2N']"}
2026-08-15T12:19:34.058471564Z {"timestamp": 1786796374.0582194, "severity": "INFO", "name": "recommendationservice-server", "message": "[Recv ListRecommendations] product_ids=['L9ECAV7KIM', '2ZYFJ3GM2N', 'LS4PSXUNUM', 'OLJCESPC7Z', '6E92ZMYYFZ']"}
2026-08-15T12:19:34.673524018Z {"timestamp": 1786796374.6732724, "severity": "INFO", "name": "recommendationservice-server", "message": "[Recv ListRecommendations] product_ids=['1YMWWN1N4O', '0PUK6V6EV0', '2ZYFJ3GM2N', 'L9ECAV7KIM', 'LS4PSXUNUM']"}
2026-08-15T12:19:35.172998688Z {"timestamp": 1786796375.1709135, "severity": "INFO", "name": "recommendationservice-server", "message": "[Recv ListRecommendations] product_ids=['OLJCESPC7Z', '0PUK6V6EV0', '1YMWWN1N4O', '9SIQT8TOJO', 'L9ECAV7KIM']"}
2026-08-15T12:19:35.669924606Z {"timestamp": 1786796375.6691573, "severity": "INFO", "name": "recommendationservice-server", "message": "[Recv ListRecommendations] product_ids=['2ZYFJ3GM2N', '0PUK6V6EV0', '9SIQT8TOJO', '66VCHSJNUP', '1YMWWN1N4O']"}
2026-08-15T12:19:35.685098104Z {"timestamp": 1786796375.684341, "severity": "INFO", "name": "recommendationservice-server", "message": "[Recv ListRecommendations] product_ids=['2ZYFJ3GM2N', 'OLJCESPC7Z', '0PUK6V6EV0', 'LS4PSXUNUM', '66VCHSJNUP']"}
2026-08-15T12:19:36.099401597Z {"timestamp": 1786796376.0981185, "severity": "INFO", "name": "recommendationservice-server", "message": "[Recv ListRecommendations] product_ids=['LS4PSXUNUM', 'L9ECAV7KIM', '66VCHSJNUP', '6E92ZMYYFZ', '2ZYFJ3GM2N']"}
2026-08-15T12:19:36.580706855Z {"timestamp": 1786796376.5803287, "severity": "INFO", "name": "recommendationservice-server", "message": "[Recv ListRecommendations] product_ids=['1YMWWN1N4O', '6E92ZMYYFZ', 'OLJCESPC7Z', '9SIQT8TOJO', 'L9ECAV7KIM']"}
2026-08-15T12:19:36.863219722Z {"timestamp": 1786796376.8618114, "severity": "INFO", "name": "recommendationservice-server", "message": "[Recv ListRecommendations] product_ids=['1YMWWN1N4O', '6E92ZMYYFZ', 'LS4PSXUNUM', 'OLJCESPC7Z', 'L9ECAV7KIM']"}
2026-08-15T12:19:37.716223481Z {"timestamp": 1786796377.7151706, "severity": "INFO", "name": "recommendationservice-server", "message": "[Recv ListRecommendations] product_ids=['9SIQT8TOJO', 'OLJCESPC7Z', 'LS4PSXUNUM', '2ZYFJ3GM2N', '0PUK6V6EV0']"}
2026-08-15T12:19:38.019805862Z {"timestamp": 1786796378.0194266, "severity": "INFO", "name": "recommendationservice-server", "message": "[Recv ListRecommendations] product_ids=['66VCHSJNUP', '9SIQT8TOJO', '1YMWWN1N4O', 'LS4PSXUNUM', 'L9ECAV7KIM']"}
2026-08-15T12:19:38.026848536Z {"timestamp": 1786796378.026485, "severity": "INFO", "name": "recommendationservice-server", "message": "[Recv ListRecommendations] product_ids=['9SIQT8TOJO', 'L9ECAV7KIM', '0PUK6V6EV0', '1YMWWN1N4O', 'OLJCESPC7Z']"}
2026-08-15T12:19:38.989509759Z {"timestamp": 1786796378.9891124, "severity": "INFO", "name": "recommendationservice-server", "message": "[Recv ListRecommendations] product_ids=['L9ECAV7KIM', '2ZYFJ3GM2N', '6E92ZMYYFZ', '66VCHSJNUP', 'OLJCESPC7Z']"}
2026-08-15T12:19:39.236334191Z {"timestamp": 1786796379.2359834, "severity": "INFO", "name": "recommendationservice-server", "message": "[Recv ListRecommendations] product_ids=['9SIQT8TOJO', 'LS4PSXUNUM', 'L9ECAV7KIM', '2ZYFJ3GM2N', '0PUK6V6EV0']"}
2026-08-15T12:19:39.433069297Z {"timestamp": 1786796379.4316335, "severity": "INFO", "name": "recommendationservice-server", "message": "[Recv ListRecommendations] product_ids=['66VCHSJNUP', '1YMWWN1N4O', 'OLJCESPC7Z', '6E92ZMYYFZ', 'LS4PSXUNUM']"}
2026-08-15T12:19:40.109394923Z {"timestamp": 1786796380.108258, "severity": "INFO", "name": "recommendationservice-server", "message": "[Recv ListRecommendations] product_ids=['1YMWWN1N4O', '9SIQT8TOJO', 'LS4PSXUNUM', '66VCHSJNUP', '0PUK6V6EV0']"}
2026-08-15T12:19:40.300297023Z {"timestamp": 1786796380.2999156, "severity": "INFO", "name": "recommendationservice-server", "message": "[Recv ListRecommendations] product_ids=['2ZYFJ3GM2N', '1YMWWN1N4O', '0PUK6V6EV0', '6E92ZMYYFZ', 'L9ECAV7KIM']"}
2026-08-15T12:19:40.461367992Z {"timestamp": 1786796380.4610872, "severity": "INFO", "name": "recommendationservice-server", "message": "[Recv ListRecommendations] product_ids=['OLJCESPC7Z', 'LS4PSXUNUM', '0PUK6V6EV0', '1YMWWN1N4O', '9SIQT8TOJO']"}
2026-08-15T12:19:40.487543437Z {"timestamp": 1786796380.4872203, "severity": "INFO", "name": "recommendationservice-server", "message": "[Recv ListRecommendations] product_ids=['OLJCESPC7Z', '9SIQT8TOJO', '1YMWWN1N4O', '66VCHSJNUP', 'L9ECAV7KIM']"}
2026-08-15T12:19:40.723018228Z {"timestamp": 1786796380.7226636, "severity": "INFO", "name": "recommendationservice-server", "message": "[Recv ListRecommendations] product_ids=['L9ECAV7KIM', '1YMWWN1N4O', 'OLJCESPC7Z', '9SIQT8TOJO', '6E92ZMYYFZ']"}
2026-08-15T12:19:41.880669619Z {"timestamp": 1786796381.8799117, "severity": "INFO", "name": "recommendationservice-server", "message": "[Recv ListRecommendations] product_ids=['6E92ZMYYFZ', '0PUK6V6EV0', '2ZYFJ3GM2N', '9SIQT8TOJO', 'L9ECAV7KIM']"}
2026-08-15T12:19:41.896058632Z {"timestamp": 1786796381.8952892, "severity": "INFO", "name": "recommendationservice-server", "message": "[Recv ListRecommendations] product_ids=['2ZYFJ3GM2N', '1YMWWN1N4O', '9SIQT8TOJO', '0PUK6V6EV0', 'L9ECAV7KIM']"}
2026-08-15T12:19:42.009412919Z {"timestamp": 1786796382.0088284, "severity": "INFO", "name": "recommendationservice-server", "message": "[Recv ListRecommendations] product_ids=['L9ECAV7KIM', '0PUK6V6EV0', 'LS4PSXUNUM', '1YMWWN1N4O', '2ZYFJ3GM2N']"}
2026-08-15T12:19:43.099719786Z {"timestamp": 1786796383.098259, "severity": "INFO", "name": "recommendationservice-server", "message": "[Recv ListRecommendations] product_ids=['1YMWWN1N4O', '0PUK6V6EV0', 'L9ECAV7KIM', 'LS4PSXUNUM', '2ZYFJ3GM2N']"}
2026-08-15T12:19:43.579094253Z {"timestamp": 1786796383.5779536, "severity": "INFO", "name": "recommendationservice-server", "message": "[Recv ListRecommendations] product_ids=['6E92ZMYYFZ', '2ZYFJ3GM2N', '0PUK6V6EV0', 'L9ECAV7KIM', '1YMWWN1N4O']"}
2026-08-15T12:19:43.748926061Z {"timestamp": 1786796383.7476351, "severity": "INFO", "name": "recommendationservice-server", "message": "[Recv ListRecommendations] product_ids=['LS4PSXUNUM', '2ZYFJ3GM2N', '66VCHSJNUP', 'L9ECAV7KIM', '1YMWWN1N4O']"}
2026-08-15T12:19:43.885446277Z {"timestamp": 1786796383.884887, "severity": "INFO", "name": "recommendationservice-server", "message": "[Recv ListRecommendations] product_ids=['0PUK6V6EV0', '66VCHSJNUP', '1YMWWN1N4O', '9SIQT8TOJO', '2ZYFJ3GM2N']"}
2026-08-15T12:19:44.009702106Z {"timestamp": 1786796384.009146, "severity": "INFO", "name": "recommendationservice-server", "message": "[Recv ListRecommendations] product_ids=['L9ECAV7KIM', 'OLJCESPC7Z', '0PUK6V6EV0', 'LS4PSXUNUM', '6E92ZMYYFZ']"}
2026-08-15T12:19:44.043764078Z {"timestamp": 1786796384.042984, "severity": "INFO", "name": "recommendationservice-server", "message": "[Recv ListRecommendations] product_ids=['9SIQT8TOJO', 'LS4PSXUNUM', '1YMWWN1N4O', '0PUK6V6EV0', 'L9ECAV7KIM']"}
2026-08-15T12:19:44.088877709Z {"timestamp": 1786796384.0883691, "severity": "INFO", "name": "recommendationservice-server", "message": "[Recv ListRecommendations] product_ids=['0PUK6V6EV0', '6E92ZMYYFZ', 'LS4PSXUNUM', 'OLJCESPC7Z', '1YMWWN1N4O']"}
2026-08-15T12:19:44.438634484Z {"timestamp": 1786796384.4381733, "severity": "INFO", "name": "recommendationservice-server", "message": "[Recv ListRecommendations] product_ids=['2ZYFJ3GM2N', 'OLJCESPC7Z', 'L9ECAV7KIM', '0PUK6V6EV0', '1YMWWN1N4O']"}
2026-08-15T12:19:44.884326519Z {"timestamp": 1786796384.8838058, "severity": "INFO", "name": "recommendationservice-server", "message": "[Recv ListRecommendations] product_ids=['L9ECAV7KIM', '6E92ZMYYFZ', '0PUK6V6EV0', 'LS4PSXUNUM', '9SIQT8TOJO']"}
2026-08-15T12:19:45.362362345Z {"timestamp": 1786796385.3619921, "severity": "INFO", "name": "recommendationservice-server", "message": "[Recv ListRecommendations] product_ids=['9SIQT8TOJO', 'LS4PSXUNUM', 'L9ECAV7KIM', '2ZYFJ3GM2N', '1YMWWN1N4O']"}
2026-08-15T12:19:45.928671328Z {"timestamp": 1786796385.9283214, "severity": "INFO", "name": "recommendationservice-server", "message": "[Recv ListRecommendations] product_ids=['9SIQT8TOJO', '1YMWWN1N4O', '66VCHSJNUP', '6E92ZMYYFZ', 'OLJCESPC7Z']"}
2026-08-15T12:19:46.510734963Z {"timestamp": 1786796386.5100853, "severity": "INFO", "name": "recommendationservice-server", "message": "[Recv ListRecommendations] product_ids=['9SIQT8TOJO', '1YMWWN1N4O', '6E92ZMYYFZ', '0PUK6V6EV0', 'L9ECAV7KIM']"}
2026-08-15T12:19:46.658409248Z {"timestamp": 1786796386.6573808, "severity": "INFO", "name": "recommendationservice-server", "message": "[Recv ListRecommendations] product_ids=['2ZYFJ3GM2N', 'L9ECAV7KIM', '1YMWWN1N4O', '9SIQT8TOJO', '66VCHSJNUP']"}
2026-08-15T12:19:47.462231636Z {"timestamp": 1786796387.4614635, "severity": "INFO", "name": "recommendationservice-server", "message": "[Recv ListRecommendations] product_ids=['0PUK6V6EV0', '2ZYFJ3GM2N', '6E92ZMYYFZ', '1YMWWN1N4O', 'L9ECAV7KIM']"}
2026-08-15T12:19:48.059654081Z {"timestamp": 1786796388.0592713, "severity": "INFO", "name": "recommendationservice-server", "message": "[Recv ListRecommendations] product_ids=['0PUK6V6EV0', '6E92ZMYYFZ', '66VCHSJNUP', '1YMWWN1N4O', 'L9ECAV7KIM']"}
2026-08-15T12:19:49.164690834Z {"timestamp": 1786796389.1637466, "severity": "INFO", "name": "recommendationservice-server", "message": "[Recv ListRecommendations] product_ids=['2ZYFJ3GM2N', 'LS4PSXUNUM', '66VCHSJNUP', '0PUK6V6EV0', 'L9ECAV7KIM']"}
2026-08-15T12:19:49.357365976Z {"timestamp": 1786796389.3557947, "severity": "INFO", "name": "recommendationservice-server", "message": "[Recv ListRecommendations] product_ids=['LS4PSXUNUM', 'OLJCESPC7Z', 'L9ECAV7KIM', '2ZYFJ3GM2N', '0PUK6V6EV0']"}
2026-08-15T12:19:49.415100458Z {"timestamp": 1786796389.4130948, "severity": "INFO", "name": "recommendationservice-server", "message": "[Recv ListRecommendations] product_ids=['OLJCESPC7Z', '66VCHSJNUP', '0PUK6V6EV0', '9SIQT8TOJO', '2ZYFJ3GM2N']"}
2026-08-15T12:19:49.463126696Z {"timestamp": 1786796389.462228, "severity": "INFO", "name": "recommendationservice-server", "message": "[Recv ListRecommendations] product_ids=['6E92ZMYYFZ', '66VCHSJNUP', '1YMWWN1N4O', 'LS4PSXUNUM', '2ZYFJ3GM2N']"}
2026-08-15T12:19:49.652177562Z {"timestamp": 1786796389.6513598, "severity": "INFO", "name": "recommendationservice-server", "message": "[Recv ListRecommendations] product_ids=['L9ECAV7KIM', '0PUK6V6EV0', '2ZYFJ3GM2N', 'OLJCESPC7Z', '1YMWWN1N4O']"}
2026-08-15T12:19:50.545086567Z {"timestamp": 1786796390.5442715, "severity": "INFO", "name": "recommendationservice-server", "message": "[Recv ListRecommendations] product_ids=['6E92ZMYYFZ', '0PUK6V6EV0', 'LS4PSXUNUM', '9SIQT8TOJO', '2ZYFJ3GM2N']"}
2026-08-15T12:19:51.038109675Z {"timestamp": 1786796391.036767, "severity": "INFO", "name": "recommendationservice-server", "message": "[Recv ListRecommendations] product_ids=['LS4PSXUNUM', '0PUK6V6EV0', '1YMWWN1N4O', 'L9ECAV7KIM', '66VCHSJNUP']"}
2026-08-15T12:19:51.161446190Z {"timestamp": 1786796391.160376, "severity": "INFO", "name": "recommendationservice-server", "message": "[Recv ListRecommendations] product_ids=['9SIQT8TOJO', 'LS4PSXUNUM', 'L9ECAV7KIM', '0PUK6V6EV0', 'OLJCESPC7Z']"}
2026-08-15T12:19:51.480918498Z {"timestamp": 1786796391.4795337, "severity": "INFO", "name": "recommendationservice-server", "message": "[Recv ListRecommendations] product_ids=['LS4PSXUNUM', '66VCHSJNUP', '9SIQT8TOJO', 'L9ECAV7KIM', '2ZYFJ3GM2N']"}
2026-08-15T12:19:51.639498418Z {"timestamp": 1786796391.6384454, "severity": "INFO", "name": "recommendationservice-server", "message": "[Recv ListRecommendations] product_ids=['0PUK6V6EV0', 'L9ECAV7KIM', '1YMWWN1N4O', '66VCHSJNUP', 'OLJCESPC7Z']"}
2026-08-15T12:19:51.749426801Z {"timestamp": 1786796391.7468748, "severity": "INFO", "name": "recommendationservice-server", "message": "[Recv ListRecommendations] product_ids=['0PUK6V6EV0', 'L9ECAV7KIM', '1YMWWN1N4O', 'OLJCESPC7Z', '6E92ZMYYFZ']"}
2026-08-15T12:19:51.762121919Z {"timestamp": 1786796391.7613084, "severity": "INFO", "name": "recommendationservice-server", "message": "[Recv ListRecommendations] product_ids=['6E92ZMYYFZ', '66VCHSJNUP', '9SIQT8TOJO', '0PUK6V6EV0', 'OLJCESPC7Z']"}
2026-08-15T12:19:51.957177240Z {"timestamp": 1786796391.9559937, "severity": "INFO", "name": "recommendationservice-server", "message": "[Recv ListRecommendations] product_ids=['L9ECAV7KIM', '2ZYFJ3GM2N', '1YMWWN1N4O', '66VCHSJNUP']"}
2026-08-15T12:19:52.031296228Z {"timestamp": 1786796392.0305223, "severity": "INFO", "name": "recommendationservice-server", "message": "[Recv ListRecommendations] product_ids=['L9ECAV7KIM', '1YMWWN1N4O', '6E92ZMYYFZ', '2ZYFJ3GM2N', '0PUK6V6EV0']"}
2026-08-15T12:19:53.294441914Z {"timestamp": 1786796393.2931437, "severity": "INFO", "name": "recommendationservice-server", "message": "[Recv ListRecommendations] product_ids=['L9ECAV7KIM', 'OLJCESPC7Z', '2ZYFJ3GM2N', 'LS4PSXUNUM', '6E92ZMYYFZ']"}
2026-08-15T12:19:53.415773410Z {"timestamp": 1786796393.4150517, "severity": "INFO", "name": "recommendationservice-server", "message": "[Recv ListRecommendations] product_ids=['9SIQT8TOJO', 'L9ECAV7KIM', 'LS4PSXUNUM', 'OLJCESPC7Z', '1YMWWN1N4O']"}
2026-08-15T12:19:53.485139742Z {"timestamp": 1786796393.4848604, "severity": "INFO", "name": "recommendationservice-server", "message": "[Recv ListRecommendations] product_ids=['1YMWWN1N4O', 'LS4PSXUNUM', 'OLJCESPC7Z', 'L9ECAV7KIM', '6E92ZMYYFZ']"}
2026-08-15T12:19:53.513141895Z {"timestamp": 1786796393.5128822, "severity": "INFO", "name": "recommendationservice-server", "message": "[Recv ListRecommendations] product_ids=['0PUK6V6EV0', 'LS4PSXUNUM', '2ZYFJ3GM2N', 'L9ECAV7KIM', '1YMWWN1N4O']"}
2026-08-15T12:19:53.623852602Z {"timestamp": 1786796393.6225026, "severity": "INFO", "name": "recommendationservice-server", "message": "[Recv ListRecommendations] product_ids=['OLJCESPC7Z', '6E92ZMYYFZ', '9SIQT8TOJO', '66VCHSJNUP', 'LS4PSXUNUM']"}
2026-08-15T12:19:53.798575289Z {"timestamp": 1786796393.796197, "severity": "INFO", "name": "recommendationservice-server", "message": "[Recv ListRecommendations] product_ids=['6E92ZMYYFZ', '66VCHSJNUP', '9SIQT8TOJO', 'OLJCESPC7Z', 'L9ECAV7KIM']"}
2026-08-15T12:19:53.813283528Z {"timestamp": 1786796393.812593, "severity": "INFO", "name": "recommendationservice-server", "message": "[Recv ListRecommendations] product_ids=['6E92ZMYYFZ', '0PUK6V6EV0', '2ZYFJ3GM2N', 'L9ECAV7KIM', '9SIQT8TOJO']"}
2026-08-15T12:19:53.896165710Z {"timestamp": 1786796393.8957071, "severity": "INFO", "name": "recommendationservice-server", "message": "[Recv ListRecommendations] product_ids=['OLJCESPC7Z', 'LS4PSXUNUM', '1YMWWN1N4O', '2ZYFJ3GM2N', '9SIQT8TOJO']"}
2026-08-15T12:19:55.033100123Z {"timestamp": 1786796395.0317185, "severity": "INFO", "name": "recommendationservice-server", "message": "[Recv ListRecommendations] product_ids=['LS4PSXUNUM', 'L9ECAV7KIM', '9SIQT8TOJO', '2ZYFJ3GM2N', '1YMWWN1N4O']"}
2026-08-15T12:19:55.195708384Z {"timestamp": 1786796395.1945267, "severity": "INFO", "name": "recommendationservice-server", "message": "[Recv ListRecommendations] product_ids=['0PUK6V6EV0', 'OLJCESPC7Z', '6E92ZMYYFZ', '2ZYFJ3GM2N', 'LS4PSXUNUM']"}
2026-08-15T12:19:55.253446466Z {"timestamp": 1786796395.2530112, "severity": "INFO", "name": "recommendationservice-server", "message": "[Recv ListRecommendations] product_ids=['2ZYFJ3GM2N', '1YMWWN1N4O', 'LS4PSXUNUM', '6E92ZMYYFZ', '9SIQT8TOJO']"}
2026-08-15T12:19:55.289946871Z {"timestamp": 1786796395.2894394, "severity": "INFO", "name": "recommendationservice-server", "message": "[Recv ListRecommendations] product_ids=['1YMWWN1N4O', '6E92ZMYYFZ', '2ZYFJ3GM2N', '0PUK6V6EV0', '66VCHSJNUP']"}
2026-08-15T12:19:56.241378183Z {"timestamp": 1786796396.2400875, "severity": "INFO", "name": "recommendationservice-server", "message": "[Recv ListRecommendations] product_ids=['9SIQT8TOJO', 'LS4PSXUNUM', '6E92ZMYYFZ', '66VCHSJNUP', 'L9ECAV7KIM']"}
2026-08-15T12:19:56.429769014Z {"timestamp": 1786796396.4286683, "severity": "INFO", "name": "recommendationservice-server", "message": "[Recv ListRecommendations] product_ids=['0PUK6V6EV0', '2ZYFJ3GM2N', 'OLJCESPC7Z', 'LS4PSXUNUM', '66VCHSJNUP']"}
2026-08-15T12:19:56.723720858Z {"timestamp": 1786796396.7223513, "severity": "INFO", "name": "recommendationservice-server", "message": "[Recv ListRecommendations] product_ids=['L9ECAV7KIM', 'LS4PSXUNUM', '2ZYFJ3GM2N', 'OLJCESPC7Z', '0PUK6V6EV0']"}
2026-08-15T12:19:57.212888810Z {"timestamp": 1786796397.2115624, "severity": "INFO", "name": "recommendationservice-server", "message": "[Recv ListRecommendations] product_ids=['L9ECAV7KIM', '9SIQT8TOJO', 'LS4PSXUNUM', '6E92ZMYYFZ', 'OLJCESPC7Z']"}
2026-08-15T12:19:57.509994667Z {"timestamp": 1786796397.509393, "severity": "INFO", "name": "recommendationservice-server", "message": "[Recv ListRecommendations] product_ids=['66VCHSJNUP', 'LS4PSXUNUM', '1YMWWN1N4O', '2ZYFJ3GM2N', '9SIQT8TOJO']"}
2026-08-15T12:19:57.627831807Z {"timestamp": 1786796397.6264048, "severity": "INFO", "name": "recommendationservice-server", "message": "[Recv ListRecommendations] product_ids=['66VCHSJNUP', '1YMWWN1N4O', 'LS4PSXUNUM', 'OLJCESPC7Z', '2ZYFJ3GM2N']"}
2026-08-15T12:19:59.799577948Z {"timestamp": 1786796399.798533, "severity": "INFO", "name": "recommendationservice-server", "message": "[Recv ListRecommendations] product_ids=['1YMWWN1N4O', '0PUK6V6EV0', '9SIQT8TOJO', '6E92ZMYYFZ', 'OLJCESPC7Z']"}
2026-08-15T12:19:59.981786343Z {"timestamp": 1786796399.980714, "severity": "INFO", "name": "recommendationservice-server", "message": "[Recv ListRecommendations] product_ids=['OLJCESPC7Z', '66VCHSJNUP', '0PUK6V6EV0', 'LS4PSXUNUM', '6E92ZMYYFZ']"}
2026-08-15T12:20:00.093473183Z {"timestamp": 1786796400.0928602, "severity": "INFO", "name": "recommendationservice-server", "message": "[Recv ListRecommendations] product_ids=['0PUK6V6EV0', '9SIQT8TOJO', 'L9ECAV7KIM', '2ZYFJ3GM2N', '66VCHSJNUP']"}
2026-08-15T12:20:00.486678149Z {"timestamp": 1786796400.4858067, "severity": "INFO", "name": "recommendationservice-server", "message": "[Recv ListRecommendations] product_ids=['2ZYFJ3GM2N', '6E92ZMYYFZ', 'L9ECAV7KIM', '9SIQT8TOJO', '66VCHSJNUP']"}
2026-08-15T12:20:01.351191866Z {"timestamp": 1786796401.3501208, "severity": "INFO", "name": "recommendationservice-server", "message": "[Recv ListRecommendations] product_ids=['LS4PSXUNUM', '9SIQT8TOJO', 'OLJCESPC7Z', '1YMWWN1N4O', '66VCHSJNUP']"}
2026-08-15T12:20:01.507803803Z {"timestamp": 1786796401.5071504, "severity": "INFO", "name": "recommendationservice-server", "message": "[Recv ListRecommendations] product_ids=['OLJCESPC7Z', '66VCHSJNUP', '2ZYFJ3GM2N', '0PUK6V6EV0', '1YMWWN1N4O']"}
2026-08-15T12:20:01.930746999Z {"timestamp": 1786796401.9302678, "severity": "INFO", "name": "recommendationservice-server", "message": "[Recv ListRecommendations] product_ids=['0PUK6V6EV0', '2ZYFJ3GM2N', 'LS4PSXUNUM', '66VCHSJNUP', 'OLJCESPC7Z']"}
2026-08-15T12:20:02.408446088Z {"timestamp": 1786796402.4080968, "severity": "INFO", "name": "recommendationservice-server", "message": "[Recv ListRecommendations] product_ids=['L9ECAV7KIM', 'LS4PSXUNUM', 'OLJCESPC7Z', '6E92ZMYYFZ', '2ZYFJ3GM2N']"}
2026-08-15T12:20:02.536944959Z {"timestamp": 1786796402.5366585, "severity": "INFO", "name": "recommendationservice-server", "message": "[Recv ListRecommendations] product_ids=['LS4PSXUNUM', '1YMWWN1N4O', '9SIQT8TOJO', '0PUK6V6EV0', '2ZYFJ3GM2N']"}
2026-08-15T12:20:02.551664350Z {"timestamp": 1786796402.5512583, "severity": "INFO", "name": "recommendationservice-server", "message": "[Recv ListRecommendations] product_ids=['0PUK6V6EV0', '9SIQT8TOJO', '66VCHSJNUP', 'LS4PSXUNUM', '2ZYFJ3GM2N']"}
2026-08-15T12:20:02.572889897Z {"timestamp": 1786796402.5725427, "severity": "INFO", "name": "recommendationservice-server", "message": "[Recv ListRecommendations] product_ids=['66VCHSJNUP', '9SIQT8TOJO', '1YMWWN1N4O', 'L9ECAV7KIM', '2ZYFJ3GM2N']"}
2026-08-15T12:20:03.716617665Z {"timestamp": 1786796403.7151911, "severity": "INFO", "name": "recommendationservice-server", "message": "[Recv ListRecommendations] product_ids=['2ZYFJ3GM2N', 'L9ECAV7KIM', '1YMWWN1N4O', '6E92ZMYYFZ', '66VCHSJNUP']"}
2026-08-15T12:20:03.851233230Z {"timestamp": 1786796403.8494287, "severity": "INFO", "name": "recommendationservice-server", "message": "[Recv ListRecommendations] product_ids=['2ZYFJ3GM2N', 'LS4PSXUNUM', 'OLJCESPC7Z', '0PUK6V6EV0', '6E92ZMYYFZ']"}
2026-08-15T12:20:04.079370084Z {"timestamp": 1786796404.0787961, "severity": "INFO", "name": "recommendationservice-server", "message": "[Recv ListRecommendations] product_ids=['9SIQT8TOJO', 'L9ECAV7KIM', 'OLJCESPC7Z', '66VCHSJNUP', 'LS4PSXUNUM']"}
2026-08-15T12:20:05.065190173Z {"timestamp": 1786796405.0632064, "severity": "INFO", "name": "recommendationservice-server", "message": "[Recv ListRecommendations] product_ids=['L9ECAV7KIM', '0PUK6V6EV0', 'OLJCESPC7Z', '9SIQT8TOJO', 'LS4PSXUNUM']"}
2026-08-15T12:20:05.203477400Z {"timestamp": 1786796405.2029657, "severity": "INFO", "name": "recommendationservice-server", "message": "[Recv ListRecommendations] product_ids=['LS4PSXUNUM', 'OLJCESPC7Z', '0PUK6V6EV0', '66VCHSJNUP', '6E92ZMYYFZ']"}
2026-08-15T12:20:05.297969526Z {"timestamp": 1786796405.2975483, "severity": "INFO", "name": "recommendationservice-server", "message": "[Recv ListRecommendations] product_ids=['OLJCESPC7Z', '9SIQT8TOJO', '0PUK6V6EV0', '1YMWWN1N4O', 'LS4PSXUNUM']"}
2026-08-15T12:20:06.074364273Z {"timestamp": 1786796406.0732448, "severity": "INFO", "name": "recommendationservice-server", "message": "[Recv ListRecommendations] product_ids=['9SIQT8TOJO', 'L9ECAV7KIM', 'OLJCESPC7Z', '1YMWWN1N4O', '2ZYFJ3GM2N']"}
2026-08-15T12:20:06.178596444Z {"timestamp": 1786796406.1732202, "severity": "INFO", "name": "recommendationservice-server", "message": "[Recv ListRecommendations] product_ids=['0PUK6V6EV0', 'L9ECAV7KIM', '2ZYFJ3GM2N', '1YMWWN1N4O', 'LS4PSXUNUM']"}
2026-08-15T12:20:06.787774169Z {"timestamp": 1786796406.786466, "severity": "INFO", "name": "recommendationservice-server", "message": "[Recv ListRecommendations] product_ids=['1YMWWN1N4O', '66VCHSJNUP', '2ZYFJ3GM2N', '0PUK6V6EV0', '6E92ZMYYFZ']"}
2026-08-15T12:20:07.678750524Z {"timestamp": 1786796407.6778033, "severity": "INFO", "name": "recommendationservice-server", "message": "[Recv ListRecommendations] product_ids=['9SIQT8TOJO', 'L9ECAV7KIM', '2ZYFJ3GM2N', '0PUK6V6EV0', 'LS4PSXUNUM']"}
2026-08-15T12:20:07.775550792Z {"timestamp": 1786796407.7745242, "severity": "INFO", "name": "recommendationservice-server", "message": "[Recv ListRecommendations] product_ids=['0PUK6V6EV0', 'OLJCESPC7Z', 'L9ECAV7KIM', '1YMWWN1N4O', '66VCHSJNUP']"}
2026-08-15T12:20:07.838211094Z {"timestamp": 1786796407.837341, "severity": "INFO", "name": "recommendationservice-server", "message": "[Recv ListRecommendations] product_ids=['66VCHSJNUP', '2ZYFJ3GM2N', '0PUK6V6EV0', '6E92ZMYYFZ', 'LS4PSXUNUM']"}
2026-08-15T12:20:08.661360780Z {"timestamp": 1786796408.6598177, "severity": "INFO", "name": "recommendationservice-server", "message": "[Recv ListRecommendations] product_ids=['9SIQT8TOJO', '1YMWWN1N4O', '66VCHSJNUP', 'OLJCESPC7Z', 'LS4PSXUNUM']"}
2026-08-15T12:20:09.208840846Z {"timestamp": 1786796409.2082012, "severity": "INFO", "name": "recommendationservice-server", "message": "[Recv ListRecommendations] product_ids=['66VCHSJNUP', '2ZYFJ3GM2N', 'L9ECAV7KIM', 'OLJCESPC7Z', '6E92ZMYYFZ']"}
2026-08-15T12:20:09.232517061Z {"timestamp": 1786796409.2319798, "severity": "INFO", "name": "recommendationservice-server", "message": "[Recv ListRecommendations] product_ids=['9SIQT8TOJO', '0PUK6V6EV0', 'LS4PSXUNUM', 'L9ECAV7KIM', '66VCHSJNUP']"}
2026-08-15T12:20:09.308663464Z {"timestamp": 1786796409.308009, "severity": "INFO", "name": "recommendationservice-server", "message": "[Recv ListRecommendations] product_ids=['2ZYFJ3GM2N', '66VCHSJNUP', 'OLJCESPC7Z', 'LS4PSXUNUM', 'L9ECAV7KIM']"}
2026-08-15T12:20:10.239784177Z {"timestamp": 1786796410.2394285, "severity": "INFO", "name": "recommendationservice-server", "message": "[Recv ListRecommendations] product_ids=['9SIQT8TOJO', '0PUK6V6EV0', '66VCHSJNUP', 'LS4PSXUNUM', '2ZYFJ3GM2N']"}
2026-08-15T12:20:10.603046499Z {"timestamp": 1786796410.6019077, "severity": "INFO", "name": "recommendationservice-server", "message": "[Recv ListRecommendations] product_ids=['2ZYFJ3GM2N', 'OLJCESPC7Z', '66VCHSJNUP', '9SIQT8TOJO', '6E92ZMYYFZ']"}
2026-08-15T12:20:10.692092017Z {"timestamp": 1786796410.6908326, "severity": "INFO", "name": "recommendationservice-server", "message": "[Recv ListRecommendations] product_ids=['0PUK6V6EV0', 'OLJCESPC7Z', 'LS4PSXUNUM', '1YMWWN1N4O', '2ZYFJ3GM2N']"}
2026-08-15T12:20:11.283323578Z {"timestamp": 1786796411.2819912, "severity": "INFO", "name": "recommendationservice-server", "message": "[Recv ListRecommendations] product_ids=['0PUK6V6EV0', 'L9ECAV7KIM', '9SIQT8TOJO', 'LS4PSXUNUM', '6E92ZMYYFZ']"}
2026-08-15T12:20:11.480606462Z {"timestamp": 1786796411.4797575, "severity": "INFO", "name": "recommendationservice-server", "message": "[Recv ListRecommendations] product_ids=['2ZYFJ3GM2N', '0PUK6V6EV0', '66VCHSJNUP', '9SIQT8TOJO', 'L9ECAV7KIM']"}
2026-08-15T12:20:11.953459151Z {"timestamp": 1786796411.9525535, "severity": "INFO", "name": "recommendationservice-server", "message": "[Recv ListRecommendations] product_ids=['OLJCESPC7Z', '6E92ZMYYFZ', '2ZYFJ3GM2N', 'L9ECAV7KIM', '66VCHSJNUP']"}
2026-08-15T12:20:12.464854376Z {"timestamp": 1786796412.4638221, "severity": "INFO", "name": "recommendationservice-server", "message": "[Recv ListRecommendations] product_ids=['2ZYFJ3GM2N', '66VCHSJNUP', 'LS4PSXUNUM', '6E92ZMYYFZ', 'L9ECAV7KIM']"}
2026-08-15T12:20:12.991871730Z {"timestamp": 1786796412.990775, "severity": "INFO", "name": "recommendationservice-server", "message": "[Recv ListRecommendations] product_ids=['2ZYFJ3GM2N', '6E92ZMYYFZ', 'OLJCESPC7Z', '0PUK6V6EV0', '9SIQT8TOJO']"}
2026-08-15T12:20:13.089678114Z {"timestamp": 1786796413.089008, "severity": "INFO", "name": "recommendationservice-server", "message": "[Recv ListRecommendations] product_ids=['OLJCESPC7Z', '6E92ZMYYFZ', 'LS4PSXUNUM', 'L9ECAV7KIM', '9SIQT8TOJO']"}
2026-08-15T12:20:13.100262143Z {"timestamp": 1786796413.0991588, "severity": "INFO", "name": "recommendationservice-server", "message": "[Recv ListRecommendations] product_ids=['2ZYFJ3GM2N', '9SIQT8TOJO', '0PUK6V6EV0', '1YMWWN1N4O']"}
2026-08-15T12:20:13.799032871Z {"timestamp": 1786796413.7975929, "severity": "INFO", "name": "recommendationservice-server", "message": "[Recv ListRecommendations] product_ids=['9SIQT8TOJO', 'OLJCESPC7Z', '2ZYFJ3GM2N', 'LS4PSXUNUM', '66VCHSJNUP']"}
2026-08-15T12:20:14.541899369Z {"timestamp": 1786796414.5410542, "severity": "INFO", "name": "recommendationservice-server", "message": "[Recv ListRecommendations] product_ids=['LS4PSXUNUM', '0PUK6V6EV0', 'L9ECAV7KIM', '6E92ZMYYFZ', '1YMWWN1N4O']"}
2026-08-15T12:20:14.645735883Z {"timestamp": 1786796414.6448803, "severity": "INFO", "name": "recommendationservice-server", "message": "[Recv ListRecommendations] product_ids=['0PUK6V6EV0', 'LS4PSXUNUM', '2ZYFJ3GM2N', '1YMWWN1N4O', '6E92ZMYYFZ']"}
2026-08-15T12:20:14.744564656Z {"timestamp": 1786796414.743452, "severity": "INFO", "name": "recommendationservice-server", "message": "[Recv ListRecommendations] product_ids=['66VCHSJNUP', '2ZYFJ3GM2N', '1YMWWN1N4O']"}
2026-08-15T12:20:15.011774808Z {"timestamp": 1786796415.0108497, "severity": "INFO", "name": "recommendationservice-server", "message": "[Recv ListRecommendations] product_ids=['2ZYFJ3GM2N', '6E92ZMYYFZ', 'L9ECAV7KIM', '9SIQT8TOJO', '66VCHSJNUP']"}
2026-08-15T12:20:15.159801600Z {"timestamp": 1786796415.1589735, "severity": "INFO", "name": "recommendationservice-server", "message": "[Recv ListRecommendations] product_ids=['9SIQT8TOJO', '0PUK6V6EV0', '2ZYFJ3GM2N', 'OLJCESPC7Z', 'L9ECAV7KIM']"}
2026-08-15T12:20:18.245604027Z {"timestamp": 1786796418.2452009, "severity": "INFO", "name": "recommendationservice-server", "message": "[Recv ListRecommendations] product_ids=['OLJCESPC7Z', '0PUK6V6EV0', 'LS4PSXUNUM', '6E92ZMYYFZ', '66VCHSJNUP']"}
2026-08-15T12:20:18.807322527Z {"timestamp": 1786796418.8062887, "severity": "INFO", "name": "recommendationservice-server", "message": "[Recv ListRecommendations] product_ids=['OLJCESPC7Z', '9SIQT8TOJO', 'LS4PSXUNUM', 'L9ECAV7KIM', '1YMWWN1N4O']"}
2026-08-15T12:20:19.099283151Z {"timestamp": 1786796419.0989044, "severity": "INFO", "name": "recommendationservice-server", "message": "[Recv ListRecommendations] product_ids=['LS4PSXUNUM', '66VCHSJNUP', '2ZYFJ3GM2N', 'L9ECAV7KIM', '6E92ZMYYFZ']"}
2026-08-15T12:20:19.649116507Z {"timestamp": 1786796419.6479516, "severity": "INFO", "name": "recommendationservice-server", "message": "[Recv ListRecommendations] product_ids=['0PUK6V6EV0', 'LS4PSXUNUM', '1YMWWN1N4O', '9SIQT8TOJO', 'OLJCESPC7Z']"}
2026-08-15T12:20:19.748475432Z {"timestamp": 1786796419.747573, "severity": "INFO", "name": "recommendationservice-server", "message": "[Recv ListRecommendations] product_ids=['6E92ZMYYFZ', 'LS4PSXUNUM', '0PUK6V6EV0', 'L9ECAV7KIM', '1YMWWN1N4O']"}
2026-08-15T12:20:19.954489593Z {"timestamp": 1786796419.9536095, "severity": "INFO", "name": "recommendationservice-server", "message": "[Recv ListRecommendations] product_ids=['L9ECAV7KIM', '0PUK6V6EV0', 'LS4PSXUNUM', '66VCHSJNUP', '9SIQT8TOJO']"}
2026-08-15T12:20:20.322808954Z {"timestamp": 1786796420.3224566, "severity": "INFO", "name": "recommendationservice-server", "message": "[Recv ListRecommendations] product_ids=['66VCHSJNUP', '9SIQT8TOJO', 'OLJCESPC7Z', '1YMWWN1N4O', 'LS4PSXUNUM']"}
2026-08-15T12:20:20.415962328Z {"timestamp": 1786796420.4157207, "severity": "INFO", "name": "recommendationservice-server", "message": "[Recv ListRecommendations] product_ids=['1YMWWN1N4O', '9SIQT8TOJO', 'LS4PSXUNUM', '6E92ZMYYFZ', 'OLJCESPC7Z']"}
2026-08-15T12:20:20.634385776Z {"timestamp": 1786796420.6333265, "severity": "INFO", "name": "recommendationservice-server", "message": "[Recv ListRecommendations] product_ids=['66VCHSJNUP', 'LS4PSXUNUM', '2ZYFJ3GM2N', 'OLJCESPC7Z', '9SIQT8TOJO']"}
2026-08-15T12:20:21.026585539Z {"timestamp": 1786796421.0262527, "severity": "INFO", "name": "recommendationservice-server", "message": "[Recv ListRecommendations] product_ids=['66VCHSJNUP', '1YMWWN1N4O', 'LS4PSXUNUM', '9SIQT8TOJO', 'OLJCESPC7Z']"}
2026-08-15T12:20:21.057173653Z {"timestamp": 1786796421.0567496, "severity": "INFO", "name": "recommendationservice-server", "message": "[Recv ListRecommendations] product_ids=['1YMWWN1N4O', 'LS4PSXUNUM', 'L9ECAV7KIM', '66VCHSJNUP', '9SIQT8TOJO']"}
2026-08-15T12:20:21.569981851Z {"timestamp": 1786796421.5687566, "severity": "INFO", "name": "recommendationservice-server", "message": "[Recv ListRecommendations] product_ids=['LS4PSXUNUM', 'OLJCESPC7Z', '2ZYFJ3GM2N', '1YMWWN1N4O', '0PUK6V6EV0']"}
2026-08-15T12:20:22.441445081Z {"timestamp": 1786796422.4400806, "severity": "INFO", "name": "recommendationservice-server", "message": "[Recv ListRecommendations] product_ids=['LS4PSXUNUM', '9SIQT8TOJO', '2ZYFJ3GM2N', '0PUK6V6EV0', 'OLJCESPC7Z']"}
2026-08-15T12:20:22.537921466Z {"timestamp": 1786796422.5369744, "severity": "INFO", "name": "recommendationservice-server", "message": "[Recv ListRecommendations] product_ids=['OLJCESPC7Z', '9SIQT8TOJO', 'LS4PSXUNUM', '2ZYFJ3GM2N', '6E92ZMYYFZ']"}
2026-08-15T12:20:22.703968513Z {"timestamp": 1786796422.7027771, "severity": "INFO", "name": "recommendationservice-server", "message": "[Recv ListRecommendations] product_ids=['9SIQT8TOJO', '66VCHSJNUP', '6E92ZMYYFZ', '0PUK6V6EV0', '2ZYFJ3GM2N']"}
2026-08-15T12:20:22.797245022Z {"timestamp": 1786796422.795921, "severity": "INFO", "name": "recommendationservice-server", "message": "[Recv ListRecommendations] product_ids=['0PUK6V6EV0', 'LS4PSXUNUM', '2ZYFJ3GM2N', 'OLJCESPC7Z', '66VCHSJNUP']"}
2026-08-15T12:20:22.848542356Z {"timestamp": 1786796422.8471644, "severity": "INFO", "name": "recommendationservice-server", "message": "[Recv ListRecommendations] product_ids=['0PUK6V6EV0', 'L9ECAV7KIM', '66VCHSJNUP', '9SIQT8TOJO', 'OLJCESPC7Z']"}
2026-08-15T12:20:23.039535350Z {"timestamp": 1786796423.038842, "severity": "INFO", "name": "recommendationservice-server", "message": "[Recv ListRecommendations] product_ids=['1YMWWN1N4O', 'LS4PSXUNUM', '6E92ZMYYFZ', '9SIQT8TOJO', '2ZYFJ3GM2N']"}
2026-08-15T12:20:23.801207269Z {"timestamp": 1786796423.8004873, "severity": "INFO", "name": "recommendationservice-server", "message": "[Recv ListRecommendations] product_ids=['9SIQT8TOJO', 'L9ECAV7KIM', '2ZYFJ3GM2N', '1YMWWN1N4O', '6E92ZMYYFZ']"}
2026-08-15T12:20:24.950669782Z {"timestamp": 1786796424.9494102, "severity": "INFO", "name": "recommendationservice-server", "message": "[Recv ListRecommendations] product_ids=['L9ECAV7KIM', '6E92ZMYYFZ', '66VCHSJNUP', '0PUK6V6EV0', 'LS4PSXUNUM']"}
2026-08-15T12:20:25.359182900Z {"timestamp": 1786796425.3587072, "severity": "INFO", "name": "recommendationservice-server", "message": "[Recv ListRecommendations] product_ids=['OLJCESPC7Z', '1YMWWN1N4O', '9SIQT8TOJO', '0PUK6V6EV0', '66VCHSJNUP']"}
2026-08-15T12:20:25.361693709Z {"timestamp": 1786796425.3613305, "severity": "INFO", "name": "recommendationservice-server", "message": "[Recv ListRecommendations] product_ids=['6E92ZMYYFZ', '9SIQT8TOJO', '66VCHSJNUP', '2ZYFJ3GM2N', 'L9ECAV7KIM']"}
2026-08-15T12:20:25.451784045Z {"timestamp": 1786796425.4512944, "severity": "INFO", "name": "recommendationservice-server", "message": "[Recv ListRecommendations] product_ids=['OLJCESPC7Z', '1YMWWN1N4O', '6E92ZMYYFZ', '66VCHSJNUP', '2ZYFJ3GM2N']"}
2026-08-15T12:20:25.452846303Z {"timestamp": 1786796425.4525006, "severity": "INFO", "name": "recommendationservice-server", "message": "[Recv ListRecommendations] product_ids=['2ZYFJ3GM2N', 'LS4PSXUNUM', '9SIQT8TOJO', '66VCHSJNUP', '1YMWWN1N4O']"}
2026-08-15T12:20:25.467888049Z {"timestamp": 1786796425.4668138, "severity": "INFO", "name": "recommendationservice-server", "message": "[Recv ListRecommendations] product_ids=['9SIQT8TOJO', '6E92ZMYYFZ', '66VCHSJNUP', '1YMWWN1N4O', 'OLJCESPC7Z']"}
2026-08-15T12:20:25.554100546Z {"timestamp": 1786796425.5533264, "severity": "INFO", "name": "recommendationservice-server", "message": "[Recv ListRecommendations] product_ids=['0PUK6V6EV0', '2ZYFJ3GM2N', 'LS4PSXUNUM', '66VCHSJNUP', 'L9ECAV7KIM']"}
2026-08-15T12:20:25.643041604Z {"timestamp": 1786796425.6419234, "severity": "INFO", "name": "recommendationservice-server", "message": "[Recv ListRecommendations] product_ids=['L9ECAV7KIM', '66VCHSJNUP', '1YMWWN1N4O', '2ZYFJ3GM2N', '6E92ZMYYFZ']"}
2026-08-15T12:20:25.648239464Z {"timestamp": 1786796425.6448746, "severity": "INFO", "name": "recommendationservice-server", "message": "[Recv ListRecommendations] product_ids=['2ZYFJ3GM2N', '0PUK6V6EV0', '1YMWWN1N4O', 'LS4PSXUNUM', '6E92ZMYYFZ']"}
2026-08-15T12:20:25.840777332Z {"timestamp": 1786796425.839861, "severity": "INFO", "name": "recommendationservice-server", "message": "[Recv ListRecommendations] product_ids=['9SIQT8TOJO', '2ZYFJ3GM2N', 'L9ECAV7KIM', 'LS4PSXUNUM', '66VCHSJNUP']"}
2026-08-15T12:20:25.847351726Z {"timestamp": 1786796425.8464458, "severity": "INFO", "name": "recommendationservice-server", "message": "[Recv ListRecommendations] product_ids=['1YMWWN1N4O', 'LS4PSXUNUM', '0PUK6V6EV0', '2ZYFJ3GM2N', '9SIQT8TOJO']"}
2026-08-15T12:20:25.880063354Z {"timestamp": 1786796425.8796442, "severity": "INFO", "name": "recommendationservice-server", "message": "[Recv ListRecommendations] product_ids=['L9ECAV7KIM', '6E92ZMYYFZ', '1YMWWN1N4O', '0PUK6V6EV0', '2ZYFJ3GM2N']"}
2026-08-15T12:20:25.943989949Z {"timestamp": 1786796425.943661, "severity": "INFO", "name": "recommendationservice-server", "message": "[Recv ListRecommendations] product_ids=['66VCHSJNUP', '1YMWWN1N4O', 'LS4PSXUNUM', '9SIQT8TOJO', '2ZYFJ3GM2N']"}
2026-08-15T12:20:26.949099736Z {"timestamp": 1786796426.9479785, "severity": "INFO", "name": "recommendationservice-server", "message": "[Recv ListRecommendations] product_ids=['6E92ZMYYFZ', 'OLJCESPC7Z', '1YMWWN1N4O', '0PUK6V6EV0', '2ZYFJ3GM2N']"}
2026-08-15T12:20:27.010846651Z {"timestamp": 1786796427.0104086, "severity": "INFO", "name": "recommendationservice-server", "message": "[Recv ListRecommendations] product_ids=['LS4PSXUNUM', '66VCHSJNUP', '1YMWWN1N4O', '2ZYFJ3GM2N', 'OLJCESPC7Z']"}
2026-08-15T12:20:27.166099322Z {"timestamp": 1786796427.165181, "severity": "INFO", "name": "recommendationservice-server", "message": "[Recv ListRecommendations] product_ids=['1YMWWN1N4O', '2ZYFJ3GM2N', '66VCHSJNUP', 'L9ECAV7KIM', '9SIQT8TOJO']"}
2026-08-15T12:20:29.202693122Z {"timestamp": 1786796429.201615, "severity": "INFO", "name": "recommendationservice-server", "message": "[Recv ListRecommendations] product_ids=['LS4PSXUNUM', '1YMWWN1N4O', 'OLJCESPC7Z', '0PUK6V6EV0', '9SIQT8TOJO']"}
2026-08-15T12:20:29.244730759Z {"timestamp": 1786796429.2435954, "severity": "INFO", "name": "recommendationservice-server", "message": "[Recv ListRecommendations] product_ids=['9SIQT8TOJO', 'L9ECAV7KIM', '66VCHSJNUP', '2ZYFJ3GM2N', '1YMWWN1N4O']"}
2026-08-15T12:20:29.501030119Z {"timestamp": 1786796429.5005515, "severity": "INFO", "name": "recommendationservice-server", "message": "[Recv ListRecommendations] product_ids=['1YMWWN1N4O', '0PUK6V6EV0', 'LS4PSXUNUM', '2ZYFJ3GM2N', '6E92ZMYYFZ']"}
2026-08-15T12:20:29.884155302Z {"timestamp": 1786796429.8827033, "severity": "INFO", "name": "recommendationservice-server", "message": "[Recv ListRecommendations] product_ids=['6E92ZMYYFZ', 'L9ECAV7KIM', '9SIQT8TOJO', 'OLJCESPC7Z', '0PUK6V6EV0']"}
2026-08-15T12:20:30.283466903Z {"timestamp": 1786796430.2829123, "severity": "INFO", "name": "recommendationservice-server", "message": "[Recv ListRecommendations] product_ids=['9SIQT8TOJO', '2ZYFJ3GM2N', '6E92ZMYYFZ', '0PUK6V6EV0', '1YMWWN1N4O']"}
2026-08-15T12:20:31.086077424Z {"timestamp": 1786796431.085263, "severity": "INFO", "name": "recommendationservice-server", "message": "[Recv ListRecommendations] product_ids=['9SIQT8TOJO', 'OLJCESPC7Z', '2ZYFJ3GM2N', '1YMWWN1N4O', 'L9ECAV7KIM']"}
2026-08-15T12:20:31.194663911Z {"timestamp": 1786796431.193818, "severity": "INFO", "name": "recommendationservice-server", "message": "[Recv ListRecommendations] product_ids=['L9ECAV7KIM', 'LS4PSXUNUM', '66VCHSJNUP', '1YMWWN1N4O', 'OLJCESPC7Z']"}
2026-08-15T12:20:31.297794550Z {"timestamp": 1786796431.2964368, "severity": "INFO", "name": "recommendationservice-server", "message": "[Recv ListRecommendations] product_ids=['66VCHSJNUP', '1YMWWN1N4O', '0PUK6V6EV0', '6E92ZMYYFZ', 'OLJCESPC7Z']"}
2026-08-15T12:20:31.309438361Z {"timestamp": 1786796431.308288, "severity": "INFO", "name": "recommendationservice-server", "message": "[Recv ListRecommendations] product_ids=['66VCHSJNUP', 'LS4PSXUNUM', '6E92ZMYYFZ', 'L9ECAV7KIM', '9SIQT8TOJO']"}
2026-08-15T12:20:31.590718205Z {"timestamp": 1786796431.5893884, "severity": "INFO", "name": "recommendationservice-server", "message": "[Recv ListRecommendations] product_ids=['2ZYFJ3GM2N', 'L9ECAV7KIM', '1YMWWN1N4O', 'OLJCESPC7Z', '66VCHSJNUP']"}
2026-08-15T12:20:31.619029508Z {"timestamp": 1786796431.6177254, "severity": "INFO", "name": "recommendationservice-server", "message": "[Recv ListRecommendations] product_ids=['L9ECAV7KIM', '9SIQT8TOJO', '66VCHSJNUP', '6E92ZMYYFZ', 'LS4PSXUNUM']"}
2026-08-15T12:20:32.192803541Z {"timestamp": 1786796432.1924536, "severity": "INFO", "name": "recommendationservice-server", "message": "[Recv ListRecommendations] product_ids=['OLJCESPC7Z', '6E92ZMYYFZ', '2ZYFJ3GM2N', '1YMWWN1N4O', 'L9ECAV7KIM']"}
2026-08-15T12:20:32.438480149Z {"timestamp": 1786796432.4381945, "severity": "INFO", "name": "recommendationservice-server", "message": "[Recv ListRecommendations] product_ids=['L9ECAV7KIM', '0PUK6V6EV0', '6E92ZMYYFZ', '9SIQT8TOJO', '2ZYFJ3GM2N']"}
2026-08-15T12:20:32.488770970Z {"timestamp": 1786796432.488479, "severity": "INFO", "name": "recommendationservice-server", "message": "[Recv ListRecommendations] product_ids=['2ZYFJ3GM2N', '6E92ZMYYFZ', 'OLJCESPC7Z', '66VCHSJNUP', 'LS4PSXUNUM']"}
2026-08-15T12:20:32.504564226Z {"timestamp": 1786796432.5041528, "severity": "INFO", "name": "recommendationservice-server", "message": "[Recv ListRecommendations] product_ids=['2ZYFJ3GM2N', 'L9ECAV7KIM', 'OLJCESPC7Z', '6E92ZMYYFZ', 'LS4PSXUNUM']"}
2026-08-15T12:20:33.152911556Z {"timestamp": 1786796433.1526053, "severity": "INFO", "name": "recommendationservice-server", "message": "[Recv ListRecommendations] product_ids=['OLJCESPC7Z', 'L9ECAV7KIM', '2ZYFJ3GM2N', '1YMWWN1N4O', '0PUK6V6EV0']"}
2026-08-15T12:20:35.136083378Z {"timestamp": 1786796435.1354773, "severity": "INFO", "name": "recommendationservice-server", "message": "[Recv ListRecommendations] product_ids=['LS4PSXUNUM', '1YMWWN1N4O', '6E92ZMYYFZ', 'OLJCESPC7Z', '0PUK6V6EV0']"}
2026-08-15T12:20:35.311453951Z {"timestamp": 1786796435.3108077, "severity": "INFO", "name": "recommendationservice-server", "message": "[Recv ListRecommendations] product_ids=['6E92ZMYYFZ', '0PUK6V6EV0', '9SIQT8TOJO', '66VCHSJNUP', '1YMWWN1N4O']"}
2026-08-15T12:20:35.659198132Z {"timestamp": 1786796435.65772, "severity": "INFO", "name": "recommendationservice-server", "message": "[Recv ListRecommendations] product_ids=['6E92ZMYYFZ', 'L9ECAV7KIM', 'OLJCESPC7Z', '2ZYFJ3GM2N', '66VCHSJNUP']"}
2026-08-15T12:20:35.955754552Z {"timestamp": 1786796435.9553447, "severity": "INFO", "name": "recommendationservice-server", "message": "[Recv ListRecommendations] product_ids=['6E92ZMYYFZ', '66VCHSJNUP', '0PUK6V6EV0', '1YMWWN1N4O', '2ZYFJ3GM2N']"}
2026-08-15T12:20:36.400851674Z {"timestamp": 1786796436.3996654, "severity": "INFO", "name": "recommendationservice-server", "message": "[Recv ListRecommendations] product_ids=['6E92ZMYYFZ', 'L9ECAV7KIM', '66VCHSJNUP', 'OLJCESPC7Z', '2ZYFJ3GM2N']"}
2026-08-15T12:20:36.500003774Z {"timestamp": 1786796436.4989898, "severity": "INFO", "name": "recommendationservice-server", "message": "[Recv ListRecommendations] product_ids=['0PUK6V6EV0', '6E92ZMYYFZ', '1YMWWN1N4O', '2ZYFJ3GM2N', 'L9ECAV7KIM']"}
2026-08-15T12:20:37.052809387Z {"timestamp": 1786796437.0523124, "severity": "INFO", "name": "recommendationservice-server", "message": "[Recv ListRecommendations] product_ids=['OLJCESPC7Z', '2ZYFJ3GM2N', '1YMWWN1N4O', '9SIQT8TOJO', 'L9ECAV7KIM']"}
2026-08-15T12:20:37.085898414Z {"timestamp": 1786796437.0855777, "severity": "INFO", "name": "recommendationservice-server", "message": "[Recv ListRecommendations] product_ids=['L9ECAV7KIM', '9SIQT8TOJO', '6E92ZMYYFZ', 'OLJCESPC7Z', '0PUK6V6EV0']"}
2026-08-15T12:20:37.426697277Z {"timestamp": 1786796437.4252927, "severity": "INFO", "name": "recommendationservice-server", "message": "[Recv ListRecommendations] product_ids=['1YMWWN1N4O', 'LS4PSXUNUM', '6E92ZMYYFZ', '9SIQT8TOJO', '0PUK6V6EV0']"}
2026-08-15T12:20:37.869188462Z {"timestamp": 1786796437.8680086, "severity": "INFO", "name": "recommendationservice-server", "message": "[Recv ListRecommendations] product_ids=['L9ECAV7KIM', '1YMWWN1N4O', '2ZYFJ3GM2N', '66VCHSJNUP', 'OLJCESPC7Z']"}
2026-08-15T12:20:38.009709414Z {"timestamp": 1786796438.009461, "severity": "INFO", "name": "recommendationservice-server", "message": "[Recv ListRecommendations] product_ids=['9SIQT8TOJO', 'L9ECAV7KIM', '66VCHSJNUP', '2ZYFJ3GM2N', '1YMWWN1N4O']"}
2026-08-15T12:20:38.025480820Z {"timestamp": 1786796438.0251026, "severity": "INFO", "name": "recommendationservice-server", "message": "[Recv ListRecommendations] product_ids=['9SIQT8TOJO', '1YMWWN1N4O', '66VCHSJNUP', 'LS4PSXUNUM', '2ZYFJ3GM2N']"}
2026-08-15T12:20:38.051171213Z {"timestamp": 1786796438.050873, "severity": "INFO", "name": "recommendationservice-server", "message": "[Recv ListRecommendations] product_ids=['L9ECAV7KIM', '0PUK6V6EV0', '2ZYFJ3GM2N', 'OLJCESPC7Z', '9SIQT8TOJO']"}
2026-08-15T12:20:38.362774992Z {"timestamp": 1786796438.3595078, "severity": "INFO", "name": "recommendationservice-server", "message": "[Recv ListRecommendations] product_ids=['OLJCESPC7Z', '66VCHSJNUP', '9SIQT8TOJO', '6E92ZMYYFZ', '1YMWWN1N4O']"}
2026-08-15T12:20:38.447041077Z {"timestamp": 1786796438.446513, "severity": "INFO", "name": "recommendationservice-server", "message": "[Recv ListRecommendations] product_ids=['66VCHSJNUP', '2ZYFJ3GM2N', '9SIQT8TOJO', '6E92ZMYYFZ', '1YMWWN1N4O']"}
2026-08-15T12:20:38.504165667Z {"timestamp": 1786796438.5037937, "severity": "INFO", "name": "recommendationservice-server", "message": "[Recv ListRecommendations] product_ids=['0PUK6V6EV0', 'LS4PSXUNUM', '66VCHSJNUP', 'L9ECAV7KIM', '6E92ZMYYFZ']"}
2026-08-15T12:20:38.860574712Z {"timestamp": 1786796438.859341, "severity": "INFO", "name": "recommendationservice-server", "message": "[Recv ListRecommendations] product_ids=['1YMWWN1N4O', '0PUK6V6EV0', '66VCHSJNUP', '9SIQT8TOJO', '2ZYFJ3GM2N']"}
2026-08-15T12:20:39.565943662Z {"timestamp": 1786796439.5653052, "severity": "INFO", "name": "recommendationservice-server", "message": "[Recv ListRecommendations] product_ids=['L9ECAV7KIM', 'LS4PSXUNUM', '6E92ZMYYFZ', '9SIQT8TOJO', '66VCHSJNUP']"}
2026-08-15T12:20:40.301010965Z {"timestamp": 1786796440.2998104, "severity": "INFO", "name": "recommendationservice-server", "message": "[Recv ListRecommendations] product_ids=['0PUK6V6EV0', 'LS4PSXUNUM', '6E92ZMYYFZ', 'L9ECAV7KIM', '1YMWWN1N4O']"}
2026-08-15T12:20:40.417338634Z {"timestamp": 1786796440.416734, "severity": "INFO", "name": "recommendationservice-server", "message": "[Recv ListRecommendations] product_ids=['L9ECAV7KIM', '66VCHSJNUP', '0PUK6V6EV0', '2ZYFJ3GM2N', 'OLJCESPC7Z']"}
2026-08-15T12:20:40.918412312Z {"timestamp": 1786796440.9138412, "severity": "INFO", "name": "recommendationservice-server", "message": "[Recv ListRecommendations] product_ids=['66VCHSJNUP', '6E92ZMYYFZ', 'LS4PSXUNUM', '9SIQT8TOJO', '0PUK6V6EV0']"}
2026-08-15T12:20:41.162412137Z {"timestamp": 1786796441.161567, "severity": "INFO", "name": "recommendationservice-server", "message": "[Recv ListRecommendations] product_ids=['LS4PSXUNUM', 'L9ECAV7KIM', 'OLJCESPC7Z', '6E92ZMYYFZ', '0PUK6V6EV0']"}
2026-08-15T12:20:41.550411200Z {"timestamp": 1786796441.5493276, "severity": "INFO", "name": "recommendationservice-server", "message": "[Recv ListRecommendations] product_ids=['OLJCESPC7Z', '6E92ZMYYFZ', 'L9ECAV7KIM', '9SIQT8TOJO', '0PUK6V6EV0']"}
2026-08-15T12:20:41.656133486Z {"timestamp": 1786796441.655052, "severity": "INFO", "name": "recommendationservice-server", "message": "[Recv ListRecommendations] product_ids=['9SIQT8TOJO', 'L9ECAV7KIM', 'OLJCESPC7Z', '2ZYFJ3GM2N', 'LS4PSXUNUM']"}
2026-08-15T12:20:43.792194142Z {"timestamp": 1786796443.7910104, "severity": "INFO", "name": "recommendationservice-server", "message": "[Recv ListRecommendations] product_ids=['OLJCESPC7Z', '1YMWWN1N4O', '0PUK6V6EV0', '2ZYFJ3GM2N', '6E92ZMYYFZ']"}
2026-08-15T12:20:43.942398149Z {"timestamp": 1786796443.9418612, "severity": "INFO", "name": "recommendationservice-server", "message": "[Recv ListRecommendations] product_ids=['2ZYFJ3GM2N', 'LS4PSXUNUM', '0PUK6V6EV0', '1YMWWN1N4O', '66VCHSJNUP']"}
2026-08-15T12:20:44.830597111Z {"timestamp": 1786796444.8292751, "severity": "INFO", "name": "recommendationservice-server", "message": "[Recv ListRecommendations] product_ids=['LS4PSXUNUM', 'L9ECAV7KIM', '1YMWWN1N4O', '6E92ZMYYFZ', '0PUK6V6EV0']"}
2026-08-15T12:20:45.382502589Z {"timestamp": 1786796445.3817105, "severity": "INFO", "name": "recommendationservice-server", "message": "[Recv ListRecommendations] product_ids=['9SIQT8TOJO', 'OLJCESPC7Z', '66VCHSJNUP', '6E92ZMYYFZ', 'L9ECAV7KIM']"}
2026-08-15T12:20:46.691324088Z {"timestamp": 1786796446.6902382, "severity": "INFO", "name": "recommendationservice-server", "message": "[Recv ListRecommendations] product_ids=['L9ECAV7KIM', 'LS4PSXUNUM', 'OLJCESPC7Z', '6E92ZMYYFZ', '2ZYFJ3GM2N']"}
2026-08-15T12:20:46.694212411Z {"timestamp": 1786796446.6934812, "severity": "INFO", "name": "recommendationservice-server", "message": "[Recv ListRecommendations] product_ids=['LS4PSXUNUM', '2ZYFJ3GM2N', 'L9ECAV7KIM', '9SIQT8TOJO', '1YMWWN1N4O']"}
2026-08-15T12:20:47.705394793Z {"timestamp": 1786796447.7008016, "severity": "INFO", "name": "recommendationservice-server", "message": "[Recv ListRecommendations] product_ids=['2ZYFJ3GM2N', '6E92ZMYYFZ', '0PUK6V6EV0', 'LS4PSXUNUM', '66VCHSJNUP']"}
2026-08-15T12:20:47.835217017Z {"timestamp": 1786796447.8346899, "severity": "INFO", "name": "recommendationservice-server", "message": "[Recv ListRecommendations] product_ids=['OLJCESPC7Z', '0PUK6V6EV0', '2ZYFJ3GM2N', '66VCHSJNUP', 'L9ECAV7KIM']"}
2026-08-15T12:20:47.837260317Z {"timestamp": 1786796447.8368433, "severity": "INFO", "name": "recommendationservice-server", "message": "[Recv ListRecommendations] product_ids=['6E92ZMYYFZ', '1YMWWN1N4O', '0PUK6V6EV0', '66VCHSJNUP', '2ZYFJ3GM2N']"}
2026-08-15T12:20:49.262696404Z {"timestamp": 1786796449.261369, "severity": "INFO", "name": "recommendationservice-server", "message": "[Recv ListRecommendations] product_ids=['2ZYFJ3GM2N', '9SIQT8TOJO', 'OLJCESPC7Z', '6E92ZMYYFZ', 'LS4PSXUNUM']"}
2026-08-15T12:20:49.457506052Z {"timestamp": 1786796449.4562507, "severity": "INFO", "name": "recommendationservice-server", "message": "[Recv ListRecommendations] product_ids=['1YMWWN1N4O', '2ZYFJ3GM2N', 'L9ECAV7KIM', 'LS4PSXUNUM', '6E92ZMYYFZ']"}
2026-08-15T12:20:49.646824896Z {"timestamp": 1786796449.6458013, "severity": "INFO", "name": "recommendationservice-server", "message": "[Recv ListRecommendations] product_ids=['OLJCESPC7Z', 'L9ECAV7KIM', '66VCHSJNUP', '0PUK6V6EV0', '2ZYFJ3GM2N']"}
2026-08-15T12:20:49.835778185Z {"timestamp": 1786796449.8349319, "severity": "INFO", "name": "recommendationservice-server", "message": "[Recv ListRecommendations] product_ids=['LS4PSXUNUM', '1YMWWN1N4O', 'OLJCESPC7Z', 'L9ECAV7KIM', '66VCHSJNUP']"}
2026-08-15T12:20:49.847004230Z {"timestamp": 1786796449.8460329, "severity": "INFO", "name": "recommendationservice-server", "message": "[Recv ListRecommendations] product_ids=['1YMWWN1N4O', '6E92ZMYYFZ', '66VCHSJNUP', '2ZYFJ3GM2N', 'LS4PSXUNUM']"}
2026-08-15T12:20:49.854078867Z {"timestamp": 1786796449.8531897, "severity": "INFO", "name": "recommendationservice-server", "message": "[Recv ListRecommendations] product_ids=['6E92ZMYYFZ', '66VCHSJNUP', '2ZYFJ3GM2N', '0PUK6V6EV0', 'OLJCESPC7Z']"}
2026-08-15T12:20:50.238552409Z {"timestamp": 1786796450.2377944, "severity": "INFO", "name": "recommendationservice-server", "message": "[Recv ListRecommendations] product_ids=['LS4PSXUNUM', 'OLJCESPC7Z', '2ZYFJ3GM2N', '0PUK6V6EV0', '6E92ZMYYFZ']"}
2026-08-15T12:20:50.279833559Z {"timestamp": 1786796450.2777538, "severity": "INFO", "name": "recommendationservice-server", "message": "[Recv ListRecommendations] product_ids=['LS4PSXUNUM', '0PUK6V6EV0', '6E92ZMYYFZ', '66VCHSJNUP', '2ZYFJ3GM2N']"}
2026-08-15T12:20:50.332787419Z {"timestamp": 1786796450.3322587, "severity": "INFO", "name": "recommendationservice-server", "message": "[Recv ListRecommendations] product_ids=['1YMWWN1N4O', '9SIQT8TOJO', 'L9ECAV7KIM', 'OLJCESPC7Z', '66VCHSJNUP']"}
2026-08-15T12:20:51.272237989Z {"timestamp": 1786796451.271123, "severity": "INFO", "name": "recommendationservice-server", "message": "[Recv ListRecommendations] product_ids=['6E92ZMYYFZ', '1YMWWN1N4O', '2ZYFJ3GM2N', 'LS4PSXUNUM', '66VCHSJNUP']"}
2026-08-15T12:20:52.556601967Z {"timestamp": 1786796452.5554652, "severity": "INFO", "name": "recommendationservice-server", "message": "[Recv ListRecommendations] product_ids=['6E92ZMYYFZ', '1YMWWN1N4O', '0PUK6V6EV0', '2ZYFJ3GM2N', 'OLJCESPC7Z']"}
2026-08-15T12:20:53.984496295Z {"timestamp": 1786796453.983718, "severity": "INFO", "name": "recommendationservice-server", "message": "[Recv ListRecommendations] product_ids=['2ZYFJ3GM2N', '9SIQT8TOJO', '0PUK6V6EV0', 'OLJCESPC7Z', '66VCHSJNUP']"}
2026-08-15T12:20:54.145814472Z {"timestamp": 1786796454.1448965, "severity": "INFO", "name": "recommendationservice-server", "message": "[Recv ListRecommendations] product_ids=['LS4PSXUNUM', '66VCHSJNUP', 'OLJCESPC7Z', '6E92ZMYYFZ', '0PUK6V6EV0']"}
2026-08-15T12:20:54.192089550Z {"timestamp": 1786796454.1903553, "severity": "INFO", "name": "recommendationservice-server", "message": "[Recv ListRecommendations] product_ids=['0PUK6V6EV0', '2ZYFJ3GM2N', 'OLJCESPC7Z', '1YMWWN1N4O', 'LS4PSXUNUM']"}
2026-08-15T12:20:55.209003294Z {"timestamp": 1786796455.2084436, "severity": "INFO", "name": "recommendationservice-server", "message": "[Recv ListRecommendations] product_ids=['LS4PSXUNUM', '6E92ZMYYFZ', '2ZYFJ3GM2N', '0PUK6V6EV0', '1YMWWN1N4O']"}
2026-08-15T12:20:55.234267749Z {"timestamp": 1786796455.2337055, "severity": "INFO", "name": "recommendationservice-server", "message": "[Recv ListRecommendations] product_ids=['6E92ZMYYFZ', 'OLJCESPC7Z', '0PUK6V6EV0', 'L9ECAV7KIM', '1YMWWN1N4O']"}
2026-08-15T12:20:55.918736582Z {"timestamp": 1786796455.9182317, "severity": "INFO", "name": "recommendationservice-server", "message": "[Recv ListRecommendations] product_ids=['LS4PSXUNUM', '0PUK6V6EV0', '2ZYFJ3GM2N', 'L9ECAV7KIM', 'OLJCESPC7Z']"}
2026-08-15T12:20:56.049318790Z {"timestamp": 1786796456.049106, "severity": "INFO", "name": "recommendationservice-server", "message": "[Recv ListRecommendations] product_ids=['LS4PSXUNUM', '6E92ZMYYFZ', '2ZYFJ3GM2N', '66VCHSJNUP', '1YMWWN1N4O']"}
2026-08-15T12:20:58.652470597Z {"timestamp": 1786796458.6507726, "severity": "INFO", "name": "recommendationservice-server", "message": "[Recv ListRecommendations] product_ids=['0PUK6V6EV0', 'LS4PSXUNUM', '6E92ZMYYFZ', '66VCHSJNUP', '9SIQT8TOJO']"}
2026-08-15T12:20:58.745753761Z {"timestamp": 1786796458.7439356, "severity": "INFO", "name": "recommendationservice-server", "message": "[Recv ListRecommendations] product_ids=['66VCHSJNUP', '0PUK6V6EV0', '9SIQT8TOJO', '2ZYFJ3GM2N', 'LS4PSXUNUM']"}
2026-08-15T12:20:58.952382172Z {"timestamp": 1786796458.9511, "severity": "INFO", "name": "recommendationservice-server", "message": "[Recv ListRecommendations] product_ids=['L9ECAV7KIM', '1YMWWN1N4O', '0PUK6V6EV0', '66VCHSJNUP', '6E92ZMYYFZ']"}
2026-08-15T12:20:59.127389484Z {"timestamp": 1786796459.1265125, "severity": "INFO", "name": "recommendationservice-server", "message": "[Recv ListRecommendations] product_ids=['LS4PSXUNUM', '0PUK6V6EV0', '2ZYFJ3GM2N', 'L9ECAV7KIM', 'OLJCESPC7Z']"}
2026-08-15T12:20:59.292787367Z {"timestamp": 1786796459.2915268, "severity": "INFO", "name": "recommendationservice-server", "message": "[Recv ListRecommendations] product_ids=['OLJCESPC7Z', '1YMWWN1N4O', '6E92ZMYYFZ', '66VCHSJNUP', '2ZYFJ3GM2N']"}
2026-08-15T12:20:59.818853456Z {"timestamp": 1786796459.8176026, "severity": "INFO", "name": "recommendationservice-server", "message": "[Recv ListRecommendations] product_ids=['2ZYFJ3GM2N', 'OLJCESPC7Z', '0PUK6V6EV0', 'L9ECAV7KIM', 'LS4PSXUNUM']"}
2026-08-15T12:21:01.573115758Z {"timestamp": 1786796461.5719519, "severity": "INFO", "name": "recommendationservice-server", "message": "[Recv ListRecommendations] product_ids=['L9ECAV7KIM', '9SIQT8TOJO', '1YMWWN1N4O', '66VCHSJNUP', '0PUK6V6EV0']"}
2026-08-15T12:21:01.881919666Z {"timestamp": 1786796461.8809862, "severity": "INFO", "name": "recommendationservice-server", "message": "[Recv ListRecommendations] product_ids=['L9ECAV7KIM', 'LS4PSXUNUM', '0PUK6V6EV0', '2ZYFJ3GM2N', 'OLJCESPC7Z']"}
2026-08-15T12:21:01.965652941Z {"timestamp": 1786796461.9651837, "severity": "INFO", "name": "recommendationservice-server", "message": "[Recv ListRecommendations] product_ids=['66VCHSJNUP', '0PUK6V6EV0', '1YMWWN1N4O', 'LS4PSXUNUM', '6E92ZMYYFZ']"}
2026-08-15T12:21:02.079925666Z {"timestamp": 1786796462.079446, "severity": "INFO", "name": "recommendationservice-server", "message": "[Recv ListRecommendations] product_ids=['OLJCESPC7Z', '0PUK6V6EV0', 'LS4PSXUNUM', '6E92ZMYYFZ', '66VCHSJNUP']"}
2026-08-15T12:21:02.968245414Z {"timestamp": 1786796462.9678628, "severity": "INFO", "name": "recommendationservice-server", "message": "[Recv ListRecommendations] product_ids=['LS4PSXUNUM', 'L9ECAV7KIM', '0PUK6V6EV0', '66VCHSJNUP', 'OLJCESPC7Z']"}
2026-08-15T12:21:04.266321910Z {"timestamp": 1786796464.2650807, "severity": "INFO", "name": "recommendationservice-server", "message": "[Recv ListRecommendations] product_ids=['0PUK6V6EV0', 'LS4PSXUNUM', '6E92ZMYYFZ', 'OLJCESPC7Z', 'L9ECAV7KIM']"}
2026-08-15T12:21:04.438324536Z {"timestamp": 1786796464.437166, "severity": "INFO", "name": "recommendationservice-server", "message": "[Recv ListRecommendations] product_ids=['6E92ZMYYFZ', 'LS4PSXUNUM', '1YMWWN1N4O', '2ZYFJ3GM2N', '0PUK6V6EV0']"}
2026-08-15T12:21:04.836230019Z {"timestamp": 1786796464.8352036, "severity": "INFO", "name": "recommendationservice-server", "message": "[Recv ListRecommendations] product_ids=['LS4PSXUNUM', 'OLJCESPC7Z', '0PUK6V6EV0', '6E92ZMYYFZ', '66VCHSJNUP']"}
2026-08-15T12:21:05.251126733Z {"timestamp": 1786796465.2416775, "severity": "INFO", "name": "recommendationservice-server", "message": "[Recv ListRecommendations] product_ids=['2ZYFJ3GM2N', '0PUK6V6EV0', 'OLJCESPC7Z', '1YMWWN1N4O', '6E92ZMYYFZ']"}
2026-08-15T12:21:06.556590530Z {"timestamp": 1786796466.5557714, "severity": "INFO", "name": "recommendationservice-server", "message": "[Recv ListRecommendations] product_ids=['66VCHSJNUP', '6E92ZMYYFZ', '2ZYFJ3GM2N', 'OLJCESPC7Z', 'L9ECAV7KIM']"}
2026-08-15T12:21:06.642190583Z {"timestamp": 1786796466.6413696, "severity": "INFO", "name": "recommendationservice-server", "message": "[Recv ListRecommendations] product_ids=['L9ECAV7KIM', 'OLJCESPC7Z', 'LS4PSXUNUM', '66VCHSJNUP', '2ZYFJ3GM2N']"}
2026-08-15T12:21:07.011533410Z {"timestamp": 1786796467.0095234, "severity": "INFO", "name": "recommendationservice-server", "message": "[Recv ListRecommendations] product_ids=['2ZYFJ3GM2N', 'OLJCESPC7Z', 'L9ECAV7KIM', '9SIQT8TOJO', '0PUK6V6EV0']"}
2026-08-15T12:21:07.582780718Z {"timestamp": 1786796467.581412, "severity": "INFO", "name": "recommendationservice-server", "message": "[Recv ListRecommendations] product_ids=['66VCHSJNUP', '9SIQT8TOJO', 'L9ECAV7KIM', 'LS4PSXUNUM', '2ZYFJ3GM2N']"}
2026-08-15T12:21:07.749279424Z {"timestamp": 1786796467.74805, "severity": "INFO", "name": "recommendationservice-server", "message": "[Recv ListRecommendations] product_ids=['OLJCESPC7Z', '6E92ZMYYFZ', '0PUK6V6EV0', '2ZYFJ3GM2N', '9SIQT8TOJO']"}
2026-08-15T12:21:08.119007109Z {"timestamp": 1786796468.1186616, "severity": "INFO", "name": "recommendationservice-server", "message": "[Recv ListRecommendations] product_ids=['6E92ZMYYFZ', '0PUK6V6EV0', '2ZYFJ3GM2N', '1YMWWN1N4O', '9SIQT8TOJO']"}
2026-08-15T12:21:08.753169270Z {"timestamp": 1786796468.752114, "severity": "INFO", "name": "recommendationservice-server", "message": "[Recv ListRecommendations] product_ids=['OLJCESPC7Z', 'LS4PSXUNUM', '66VCHSJNUP', '9SIQT8TOJO', '2ZYFJ3GM2N']"}
2026-08-15T12:21:09.446497327Z {"timestamp": 1786796469.4450076, "severity": "INFO", "name": "recommendationservice-server", "message": "[Recv ListRecommendations] product_ids=['LS4PSXUNUM', '66VCHSJNUP', '0PUK6V6EV0', '2ZYFJ3GM2N', 'OLJCESPC7Z']"}
2026-08-15T12:21:09.553335477Z {"timestamp": 1786796469.551828, "severity": "INFO", "name": "recommendationservice-server", "message": "[Recv ListRecommendations] product_ids=['9SIQT8TOJO', 'L9ECAV7KIM', '2ZYFJ3GM2N', '1YMWWN1N4O', '66VCHSJNUP']"}
2026-08-15T12:21:09.635215724Z {"timestamp": 1786796469.6347547, "severity": "INFO", "name": "recommendationservice-server", "message": "[Recv ListRecommendations] product_ids=['6E92ZMYYFZ', 'LS4PSXUNUM', '66VCHSJNUP', '9SIQT8TOJO', '2ZYFJ3GM2N']"}
2026-08-15T12:21:09.770825042Z {"timestamp": 1786796469.7697127, "severity": "INFO", "name": "recommendationservice-server", "message": "[Recv ListRecommendations] product_ids=['66VCHSJNUP', '1YMWWN1N4O', 'LS4PSXUNUM', 'L9ECAV7KIM', '2ZYFJ3GM2N']"}
2026-08-15T12:21:10.172754270Z {"timestamp": 1786796470.1717422, "severity": "INFO", "name": "recommendationservice-server", "message": "[Recv ListRecommendations] product_ids=['OLJCESPC7Z', '9SIQT8TOJO', '6E92ZMYYFZ', 'L9ECAV7KIM', '1YMWWN1N4O']"}
2026-08-15T12:21:10.352286804Z {"timestamp": 1786796470.3519216, "severity": "INFO", "name": "recommendationservice-server", "message": "[Recv ListRecommendations] product_ids=['2ZYFJ3GM2N', '66VCHSJNUP', '9SIQT8TOJO', 'L9ECAV7KIM', '1YMWWN1N4O']"}
2026-08-15T12:21:10.891634618Z {"timestamp": 1786796470.8903797, "severity": "INFO", "name": "recommendationservice-server", "message": "[Recv ListRecommendations] product_ids=['LS4PSXUNUM', '66VCHSJNUP', '0PUK6V6EV0', 'OLJCESPC7Z', 'L9ECAV7KIM']"}
2026-08-15T12:21:11.308338238Z {"timestamp": 1786796471.306967, "severity": "INFO", "name": "recommendationservice-server", "message": "[Recv ListRecommendations] product_ids=['66VCHSJNUP', '9SIQT8TOJO', 'L9ECAV7KIM', 'LS4PSXUNUM', '6E92ZMYYFZ']"}
2026-08-15T12:21:11.406189654Z {"timestamp": 1786796471.4048903, "severity": "INFO", "name": "recommendationservice-server", "message": "[Recv ListRecommendations] product_ids=['1YMWWN1N4O', '66VCHSJNUP', 'L9ECAV7KIM', 'OLJCESPC7Z', '2ZYFJ3GM2N']"}
2026-08-15T12:21:11.492755497Z {"timestamp": 1786796471.4895217, "severity": "INFO", "name": "recommendationservice-server", "message": "[Recv ListRecommendations] product_ids=['OLJCESPC7Z', '9SIQT8TOJO', 'LS4PSXUNUM', '2ZYFJ3GM2N', '1YMWWN1N4O']"}
2026-08-15T12:21:12.089070667Z {"timestamp": 1786796472.0879254, "severity": "INFO", "name": "recommendationservice-server", "message": "[Recv ListRecommendations] product_ids=['9SIQT8TOJO', '0PUK6V6EV0', '2ZYFJ3GM2N', '1YMWWN1N4O']"}
2026-08-15T12:21:12.292568257Z {"timestamp": 1786796472.2910388, "severity": "INFO", "name": "recommendationservice-server", "message": "[Recv ListRecommendations] product_ids=['LS4PSXUNUM', '6E92ZMYYFZ', '0PUK6V6EV0', '2ZYFJ3GM2N', '66VCHSJNUP']"}
2026-08-15T12:21:12.472308222Z {"timestamp": 1786796472.4718497, "severity": "INFO", "name": "recommendationservice-server", "message": "[Recv ListRecommendations] product_ids=['LS4PSXUNUM', 'OLJCESPC7Z', '2ZYFJ3GM2N', 'L9ECAV7KIM', '0PUK6V6EV0']"}
2026-08-15T12:21:12.557136506Z {"timestamp": 1786796472.5564923, "severity": "INFO", "name": "recommendationservice-server", "message": "[Recv ListRecommendations] product_ids=['1YMWWN1N4O', 'OLJCESPC7Z', '66VCHSJNUP', '2ZYFJ3GM2N', 'LS4PSXUNUM']"}
2026-08-15T12:21:12.973035806Z {"timestamp": 1786796472.9713428, "severity": "INFO", "name": "recommendationservice-server", "message": "[Recv ListRecommendations] product_ids=['6E92ZMYYFZ', '2ZYFJ3GM2N', '66VCHSJNUP', '9SIQT8TOJO', '0PUK6V6EV0']"}
2026-08-15T12:21:13.247164874Z {"timestamp": 1786796473.2459435, "severity": "INFO", "name": "recommendationservice-server", "message": "[Recv ListRecommendations] product_ids=['2ZYFJ3GM2N', '9SIQT8TOJO', '1YMWWN1N4O', '0PUK6V6EV0', 'L9ECAV7KIM']"}
2026-08-15T12:21:13.579112620Z {"timestamp": 1786796473.5786915, "severity": "INFO", "name": "recommendationservice-server", "message": "[Recv ListRecommendations] product_ids=['2ZYFJ3GM2N', 'L9ECAV7KIM', '66VCHSJNUP', 'LS4PSXUNUM', '6E92ZMYYFZ']"}
2026-08-15T12:21:13.642877980Z {"timestamp": 1786796473.642551, "severity": "INFO", "name": "recommendationservice-server", "message": "[Recv ListRecommendations] product_ids=['6E92ZMYYFZ', '2ZYFJ3GM2N', '9SIQT8TOJO', '66VCHSJNUP', 'OLJCESPC7Z']"}
2026-08-15T12:21:14.367460174Z {"timestamp": 1786796474.3671522, "severity": "INFO", "name": "recommendationservice-server", "message": "[Recv ListRecommendations] product_ids=['1YMWWN1N4O', '2ZYFJ3GM2N', 'LS4PSXUNUM', '6E92ZMYYFZ', '66VCHSJNUP']"}
2026-08-15T12:21:14.969536794Z {"timestamp": 1786796474.9690168, "severity": "INFO", "name": "recommendationservice-server", "message": "[Recv ListRecommendations] product_ids=['1YMWWN1N4O', '2ZYFJ3GM2N', 'LS4PSXUNUM', '6E92ZMYYFZ', 'L9ECAV7KIM']"}
2026-08-15T12:21:15.651079204Z {"timestamp": 1786796475.6499984, "severity": "INFO", "name": "recommendationservice-server", "message": "[Recv ListRecommendations] product_ids=['1YMWWN1N4O', '6E92ZMYYFZ', '0PUK6V6EV0', 'OLJCESPC7Z', '2ZYFJ3GM2N']"}
2026-08-15T12:21:15.783868803Z {"timestamp": 1786796475.7829516, "severity": "INFO", "name": "recommendationservice-server", "message": "[Recv ListRecommendations] product_ids=['9SIQT8TOJO', 'LS4PSXUNUM', '6E92ZMYYFZ', '0PUK6V6EV0', '2ZYFJ3GM2N']"}
2026-08-15T12:21:15.936289216Z {"timestamp": 1786796475.9356565, "severity": "INFO", "name": "recommendationservice-server", "message": "[Recv ListRecommendations] product_ids=['9SIQT8TOJO', '1YMWWN1N4O', '2ZYFJ3GM2N', 'OLJCESPC7Z', '0PUK6V6EV0']"}
2026-08-15T12:21:15.938900503Z {"timestamp": 1786796475.9383821, "severity": "INFO", "name": "recommendationservice-server", "message": "[Recv ListRecommendations] product_ids=['L9ECAV7KIM', '1YMWWN1N4O', '9SIQT8TOJO', '66VCHSJNUP', '6E92ZMYYFZ']"}
2026-08-15T12:21:16.218039114Z {"timestamp": 1786796476.2168555, "severity": "INFO", "name": "recommendationservice-server", "message": "[Recv ListRecommendations] product_ids=['9SIQT8TOJO', '1YMWWN1N4O', 'OLJCESPC7Z', '0PUK6V6EV0', '66VCHSJNUP']"}
2026-08-15T12:21:16.591836974Z {"timestamp": 1786796476.590656, "severity": "INFO", "name": "recommendationservice-server", "message": "[Recv ListRecommendations] product_ids=['2ZYFJ3GM2N', 'OLJCESPC7Z', '66VCHSJNUP', '9SIQT8TOJO', '1YMWWN1N4O']"}
2026-08-15T12:21:17.070259429Z {"timestamp": 1786796477.069731, "severity": "INFO", "name": "recommendationservice-server", "message": "[Recv ListRecommendations] product_ids=['6E92ZMYYFZ', '0PUK6V6EV0', '9SIQT8TOJO', '2ZYFJ3GM2N', '66VCHSJNUP']"}
2026-08-15T12:21:18.482295342Z {"timestamp": 1786796478.480661, "severity": "INFO", "name": "recommendationservice-server", "message": "[Recv ListRecommendations] product_ids=['0PUK6V6EV0', '66VCHSJNUP', 'OLJCESPC7Z', 'LS4PSXUNUM', '1YMWWN1N4O']"}
2026-08-15T12:21:19.202251721Z {"timestamp": 1786796479.2010262, "severity": "INFO", "name": "recommendationservice-server", "message": "[Recv ListRecommendations] product_ids=['2ZYFJ3GM2N', '0PUK6V6EV0', '6E92ZMYYFZ', 'OLJCESPC7Z', 'LS4PSXUNUM']"}
2026-08-15T12:21:19.477171810Z {"timestamp": 1786796479.4759884, "severity": "INFO", "name": "recommendationservice-server", "message": "[Recv ListRecommendations] product_ids=['LS4PSXUNUM', 'OLJCESPC7Z', '6E92ZMYYFZ', '66VCHSJNUP', '0PUK6V6EV0']"}
2026-08-15T12:21:19.996865004Z {"timestamp": 1786796479.9955494, "severity": "INFO", "name": "recommendationservice-server", "message": "[Recv ListRecommendations] product_ids=['2ZYFJ3GM2N', 'LS4PSXUNUM', '1YMWWN1N4O', 'OLJCESPC7Z', '9SIQT8TOJO']"}
2026-08-15T12:21:20.197932009Z {"timestamp": 1786796480.196745, "severity": "INFO", "name": "recommendationservice-server", "message": "[Recv ListRecommendations] product_ids=['2ZYFJ3GM2N', '9SIQT8TOJO', 'L9ECAV7KIM', '0PUK6V6EV0', '66VCHSJNUP']"}
2026-08-15T12:21:20.294813818Z {"timestamp": 1786796480.2937217, "severity": "INFO", "name": "recommendationservice-server", "message": "[Recv ListRecommendations] product_ids=['LS4PSXUNUM', '2ZYFJ3GM2N', '9SIQT8TOJO', '6E92ZMYYFZ', '1YMWWN1N4O']"}
2026-08-15T12:21:20.368120421Z {"timestamp": 1786796480.3677087, "severity": "INFO", "name": "recommendationservice-server", "message": "[Recv ListRecommendations] product_ids=['66VCHSJNUP', '1YMWWN1N4O', '2ZYFJ3GM2N', 'L9ECAV7KIM', 'OLJCESPC7Z']"}
2026-08-15T12:21:21.936870941Z {"timestamp": 1786796481.9357042, "severity": "INFO", "name": "recommendationservice-server", "message": "[Recv ListRecommendations] product_ids=['0PUK6V6EV0', '1YMWWN1N4O', '2ZYFJ3GM2N', '9SIQT8TOJO', '6E92ZMYYFZ']"}
2026-08-15T12:21:22.045728332Z {"timestamp": 1786796482.0449286, "severity": "INFO", "name": "recommendationservice-server", "message": "[Recv ListRecommendations] product_ids=['LS4PSXUNUM', '9SIQT8TOJO', 'OLJCESPC7Z', '2ZYFJ3GM2N', '1YMWWN1N4O']"}
2026-08-15T12:21:22.504262129Z {"timestamp": 1786796482.5021493, "severity": "INFO", "name": "recommendationservice-server", "message": "[Recv ListRecommendations] product_ids=['L9ECAV7KIM', '9SIQT8TOJO', '66VCHSJNUP', '0PUK6V6EV0', '1YMWWN1N4O']"}
2026-08-15T12:21:22.582245128Z {"timestamp": 1786796482.5818214, "severity": "INFO", "name": "recommendationservice-server", "message": "[Recv ListRecommendations] product_ids=['9SIQT8TOJO', 'L9ECAV7KIM', 'OLJCESPC7Z', '1YMWWN1N4O', '0PUK6V6EV0']"}
2026-08-15T12:21:23.302729286Z {"timestamp": 1786796483.3015213, "severity": "INFO", "name": "recommendationservice-server", "message": "[Recv ListRecommendations] product_ids=['0PUK6V6EV0', 'LS4PSXUNUM', '9SIQT8TOJO', '6E92ZMYYFZ', '1YMWWN1N4O']"}
2026-08-15T12:21:23.400871582Z {"timestamp": 1786796483.400117, "severity": "INFO", "name": "recommendationservice-server", "message": "[Recv ListRecommendations] product_ids=['L9ECAV7KIM', '1YMWWN1N4O', '6E92ZMYYFZ', '2ZYFJ3GM2N', '0PUK6V6EV0']"}
2026-08-15T12:21:24.866815468Z {"timestamp": 1786796484.8657982, "severity": "INFO", "name": "recommendationservice-server", "message": "[Recv ListRecommendations] product_ids=['L9ECAV7KIM', '0PUK6V6EV0', '2ZYFJ3GM2N', '1YMWWN1N4O', '66VCHSJNUP']"}
2026-08-15T12:21:25.584734558Z {"timestamp": 1786796485.5832694, "severity": "INFO", "name": "recommendationservice-server", "message": "[Recv ListRecommendations] product_ids=['9SIQT8TOJO', '66VCHSJNUP', '2ZYFJ3GM2N', '0PUK6V6EV0', 'OLJCESPC7Z']"}
2026-08-15T12:21:25.731287640Z {"timestamp": 1786796485.730575, "severity": "INFO", "name": "recommendationservice-server", "message": "[Recv ListRecommendations] product_ids=['2ZYFJ3GM2N', 'L9ECAV7KIM', '66VCHSJNUP', '1YMWWN1N4O', '9SIQT8TOJO']"}
2026-08-15T12:21:25.735943935Z {"timestamp": 1786796485.735246, "severity": "INFO", "name": "recommendationservice-server", "message": "[Recv ListRecommendations] product_ids=['2ZYFJ3GM2N', 'OLJCESPC7Z', '0PUK6V6EV0', 'LS4PSXUNUM', '6E92ZMYYFZ']"}
2026-08-15T12:21:25.776818538Z {"timestamp": 1786796485.7762303, "severity": "INFO", "name": "recommendationservice-server", "message": "[Recv ListRecommendations] product_ids=['LS4PSXUNUM', '2ZYFJ3GM2N', 'OLJCESPC7Z', 'L9ECAV7KIM', '66VCHSJNUP']"}
2026-08-15T12:21:26.000270301Z {"timestamp": 1786796485.9999578, "severity": "INFO", "name": "recommendationservice-server", "message": "[Recv ListRecommendations] product_ids=['6E92ZMYYFZ', '2ZYFJ3GM2N', '66VCHSJNUP', '0PUK6V6EV0', 'L9ECAV7KIM']"}
2026-08-15T12:21:27.051126101Z {"timestamp": 1786796487.0498662, "severity": "INFO", "name": "recommendationservice-server", "message": "[Recv ListRecommendations] product_ids=['9SIQT8TOJO', '2ZYFJ3GM2N', 'L9ECAV7KIM', 'OLJCESPC7Z', '66VCHSJNUP']"}
2026-08-15T12:21:27.358521197Z {"timestamp": 1786796487.3573885, "severity": "INFO", "name": "recommendationservice-server", "message": "[Recv ListRecommendations] product_ids=['L9ECAV7KIM', '2ZYFJ3GM2N', 'LS4PSXUNUM', 'OLJCESPC7Z', '66VCHSJNUP']"}
2026-08-15T12:21:28.535457623Z {"timestamp": 1786796488.5341196, "severity": "INFO", "name": "recommendationservice-server", "message": "[Recv ListRecommendations] product_ids=['9SIQT8TOJO', '66VCHSJNUP', '6E92ZMYYFZ', '0PUK6V6EV0', '2ZYFJ3GM2N']"}
2026-08-15T12:21:28.861737138Z {"timestamp": 1786796488.860347, "severity": "INFO", "name": "recommendationservice-server", "message": "[Recv ListRecommendations] product_ids=['1YMWWN1N4O', 'L9ECAV7KIM', '2ZYFJ3GM2N', 'LS4PSXUNUM', 'OLJCESPC7Z']"}
2026-08-15T12:21:30.206042553Z {"timestamp": 1786796490.2057052, "severity": "INFO", "name": "recommendationservice-server", "message": "[Recv ListRecommendations] product_ids=['6E92ZMYYFZ', '2ZYFJ3GM2N', '0PUK6V6EV0', 'OLJCESPC7Z', '1YMWWN1N4O']"}
2026-08-15T12:21:30.228020234Z {"timestamp": 1786796490.2276552, "severity": "INFO", "name": "recommendationservice-server", "message": "[Recv ListRecommendations] product_ids=['2ZYFJ3GM2N', 'OLJCESPC7Z', '9SIQT8TOJO', '6E92ZMYYFZ', 'LS4PSXUNUM']"}
2026-08-15T12:21:30.398863142Z {"timestamp": 1786796490.3975666, "severity": "INFO", "name": "recommendationservice-server", "message": "[Recv ListRecommendations] product_ids=['6E92ZMYYFZ', 'LS4PSXUNUM', '0PUK6V6EV0', '2ZYFJ3GM2N', 'OLJCESPC7Z']"}
2026-08-15T12:21:30.502400601Z {"timestamp": 1786796490.5011835, "severity": "INFO", "name": "recommendationservice-server", "message": "[Recv ListRecommendations] product_ids=['9SIQT8TOJO', '1YMWWN1N4O', 'OLJCESPC7Z', 'L9ECAV7KIM', '6E92ZMYYFZ']"}
2026-08-15T12:21:31.467898157Z {"timestamp": 1786796491.4653783, "severity": "INFO", "name": "recommendationservice-server", "message": "[Recv ListRecommendations] product_ids=['L9ECAV7KIM', '6E92ZMYYFZ', 'OLJCESPC7Z', '0PUK6V6EV0', '2ZYFJ3GM2N']"}
2026-08-15T12:21:32.780090418Z {"timestamp": 1786796492.779737, "severity": "INFO", "name": "recommendationservice-server", "message": "[Recv ListRecommendations] product_ids=['2ZYFJ3GM2N', '66VCHSJNUP', 'OLJCESPC7Z', 'L9ECAV7KIM', '9SIQT8TOJO']"}
2026-08-15T12:21:32.794307344Z {"timestamp": 1786796492.7940018, "severity": "INFO", "name": "recommendationservice-server", "message": "[Recv ListRecommendations] product_ids=['1YMWWN1N4O', '0PUK6V6EV0', '9SIQT8TOJO', '2ZYFJ3GM2N', 'LS4PSXUNUM']"}
2026-08-15T12:21:33.374661342Z {"timestamp": 1786796493.3734806, "severity": "INFO", "name": "recommendationservice-server", "message": "[Recv ListRecommendations] product_ids=['66VCHSJNUP', 'OLJCESPC7Z', '6E92ZMYYFZ', '2ZYFJ3GM2N', '9SIQT8TOJO']"}
2026-08-15T12:21:33.700046707Z {"timestamp": 1786796493.6989002, "severity": "INFO", "name": "recommendationservice-server", "message": "[Recv ListRecommendations] product_ids=['0PUK6V6EV0', '9SIQT8TOJO', 'L9ECAV7KIM', 'LS4PSXUNUM', '2ZYFJ3GM2N']"}
2026-08-15T12:21:33.878451489Z {"timestamp": 1786796493.8773568, "severity": "INFO", "name": "recommendationservice-server", "message": "[Recv ListRecommendations] product_ids=['0PUK6V6EV0', '9SIQT8TOJO', 'L9ECAV7KIM', '2ZYFJ3GM2N', 'LS4PSXUNUM']"}
2026-08-15T12:21:34.054915281Z {"timestamp": 1786796494.054237, "severity": "INFO", "name": "recommendationservice-server", "message": "[Recv ListRecommendations] product_ids=['1YMWWN1N4O', '2ZYFJ3GM2N', '0PUK6V6EV0', 'L9ECAV7KIM', '9SIQT8TOJO']"}
2026-08-15T12:21:34.244273402Z {"timestamp": 1786796494.2429166, "severity": "INFO", "name": "recommendationservice-server", "message": "[Recv ListRecommendations] product_ids=['9SIQT8TOJO', 'L9ECAV7KIM', '0PUK6V6EV0', 'LS4PSXUNUM', 'OLJCESPC7Z']"}
2026-08-15T12:21:34.738327893Z {"timestamp": 1786796494.7371054, "severity": "INFO", "name": "recommendationservice-server", "message": "[Recv ListRecommendations] product_ids=['6E92ZMYYFZ', '2ZYFJ3GM2N', '9SIQT8TOJO', '66VCHSJNUP', '0PUK6V6EV0']"}
2026-08-15T12:21:34.843805868Z {"timestamp": 1786796494.8426623, "severity": "INFO", "name": "recommendationservice-server", "message": "[Recv ListRecommendations] product_ids=['2ZYFJ3GM2N', '1YMWWN1N4O', '6E92ZMYYFZ', '66VCHSJNUP', 'LS4PSXUNUM']"}
2026-08-15T12:21:36.368943668Z {"timestamp": 1786796496.367781, "severity": "INFO", "name": "recommendationservice-server", "message": "[Recv ListRecommendations] product_ids=['66VCHSJNUP', 'LS4PSXUNUM', '9SIQT8TOJO', '1YMWWN1N4O', '6E92ZMYYFZ']"}
2026-08-15T12:21:36.491120241Z {"timestamp": 1786796496.488435, "severity": "INFO", "name": "recommendationservice-server", "message": "[Recv ListRecommendations] product_ids=['2ZYFJ3GM2N', '6E92ZMYYFZ', '1YMWWN1N4O', 'OLJCESPC7Z', '0PUK6V6EV0']"}
2026-08-15T12:21:36.584481404Z {"timestamp": 1786796496.5830848, "severity": "INFO", "name": "recommendationservice-server", "message": "[Recv ListRecommendations] product_ids=['1YMWWN1N4O', '2ZYFJ3GM2N', '0PUK6V6EV0', 'OLJCESPC7Z', '9SIQT8TOJO']"}
2026-08-15T12:21:36.845600157Z {"timestamp": 1786796496.8440824, "severity": "INFO", "name": "recommendationservice-server", "message": "[Recv ListRecommendations] product_ids=['0PUK6V6EV0', 'OLJCESPC7Z', '6E92ZMYYFZ', '66VCHSJNUP', '2ZYFJ3GM2N']"}
2026-08-15T12:21:37.205997158Z {"timestamp": 1786796497.2053227, "severity": "INFO", "name": "recommendationservice-server", "message": "[Recv ListRecommendations] product_ids=['66VCHSJNUP', '0PUK6V6EV0', 'OLJCESPC7Z', '6E92ZMYYFZ', '2ZYFJ3GM2N']"}
2026-08-15T12:21:37.527601457Z {"timestamp": 1786796497.5262978, "severity": "INFO", "name": "recommendationservice-server", "message": "[Recv ListRecommendations] product_ids=['0PUK6V6EV0', 'LS4PSXUNUM', 'L9ECAV7KIM', '2ZYFJ3GM2N', '6E92ZMYYFZ']"}
2026-08-15T12:21:39.066721349Z {"timestamp": 1786796499.065782, "severity": "INFO", "name": "recommendationservice-server", "message": "[Recv ListRecommendations] product_ids=['OLJCESPC7Z', '6E92ZMYYFZ', '9SIQT8TOJO', '2ZYFJ3GM2N', '66VCHSJNUP']"}
2026-08-15T12:21:39.133087774Z {"timestamp": 1786796499.1325974, "severity": "INFO", "name": "recommendationservice-server", "message": "[Recv ListRecommendations] product_ids=['9SIQT8TOJO', '6E92ZMYYFZ', 'LS4PSXUNUM', '2ZYFJ3GM2N', '0PUK6V6EV0']"}
2026-08-15T12:21:40.137533800Z {"timestamp": 1786796500.136471, "severity": "INFO", "name": "recommendationservice-server", "message": "[Recv ListRecommendations] product_ids=['L9ECAV7KIM', '1YMWWN1N4O', '0PUK6V6EV0', '2ZYFJ3GM2N', '66VCHSJNUP']"}
2026-08-15T12:21:40.333634229Z {"timestamp": 1786796500.3332417, "severity": "INFO", "name": "recommendationservice-server", "message": "[Recv ListRecommendations] product_ids=['66VCHSJNUP', '9SIQT8TOJO', '1YMWWN1N4O', 'L9ECAV7KIM', '2ZYFJ3GM2N']"}
2026-08-15T12:21:40.570928418Z {"timestamp": 1786796500.5705526, "severity": "INFO", "name": "recommendationservice-server", "message": "[Recv ListRecommendations] product_ids=['0PUK6V6EV0', '66VCHSJNUP', '1YMWWN1N4O', 'L9ECAV7KIM', 'LS4PSXUNUM']"}
2026-08-15T12:21:40.616638755Z {"timestamp": 1786796500.6161194, "severity": "INFO", "name": "recommendationservice-server", "message": "[Recv ListRecommendations] product_ids=['9SIQT8TOJO', 'LS4PSXUNUM', '6E92ZMYYFZ', '0PUK6V6EV0', '2ZYFJ3GM2N']"}
2026-08-15T12:21:41.534751624Z {"timestamp": 1786796501.5342684, "severity": "INFO", "name": "recommendationservice-server", "message": "[Recv ListRecommendations] product_ids=['2ZYFJ3GM2N', '0PUK6V6EV0', '9SIQT8TOJO', '66VCHSJNUP', 'OLJCESPC7Z']"}
2026-08-15T12:21:41.626537158Z {"timestamp": 1786796501.6260374, "severity": "INFO", "name": "recommendationservice-server", "message": "[Recv ListRecommendations] product_ids=['9SIQT8TOJO', '1YMWWN1N4O', 'L9ECAV7KIM', 'LS4PSXUNUM', '2ZYFJ3GM2N']"}
2026-08-15T12:21:42.654210374Z {"timestamp": 1786796502.652969, "severity": "INFO", "name": "recommendationservice-server", "message": "[Recv ListRecommendations] product_ids=['66VCHSJNUP', 'OLJCESPC7Z', '2ZYFJ3GM2N', '1YMWWN1N4O', 'LS4PSXUNUM']"}
2026-08-15T12:21:43.116902803Z {"timestamp": 1786796503.1162844, "severity": "INFO", "name": "recommendationservice-server", "message": "[Recv ListRecommendations] product_ids=['1YMWWN1N4O', 'OLJCESPC7Z', '9SIQT8TOJO', '66VCHSJNUP', '2ZYFJ3GM2N']"}
2026-08-15T12:21:43.170244084Z {"timestamp": 1786796503.1695273, "severity": "INFO", "name": "recommendationservice-server", "message": "[Recv ListRecommendations] product_ids=['2ZYFJ3GM2N', '0PUK6V6EV0', '66VCHSJNUP', '9SIQT8TOJO', '6E92ZMYYFZ']"}
2026-08-15T12:21:43.276366863Z {"timestamp": 1786796503.2754958, "severity": "INFO", "name": "recommendationservice-server", "message": "[Recv ListRecommendations] product_ids=['LS4PSXUNUM', '66VCHSJNUP', 'OLJCESPC7Z', '2ZYFJ3GM2N', '6E92ZMYYFZ']"}
2026-08-15T12:21:43.284615297Z {"timestamp": 1786796503.2838087, "severity": "INFO", "name": "recommendationservice-server", "message": "[Recv ListRecommendations] product_ids=['66VCHSJNUP', 'OLJCESPC7Z', '6E92ZMYYFZ', '1YMWWN1N4O', '0PUK6V6EV0']"}
2026-08-15T12:21:43.344989930Z {"timestamp": 1786796503.3439603, "severity": "INFO", "name": "recommendationservice-server", "message": "[Recv ListRecommendations] product_ids=['1YMWWN1N4O', 'L9ECAV7KIM', '0PUK6V6EV0', '2ZYFJ3GM2N', '6E92ZMYYFZ']"}
2026-08-15T12:21:43.487276920Z {"timestamp": 1786796503.48612, "severity": "INFO", "name": "recommendationservice-server", "message": "[Recv ListRecommendations] product_ids=['OLJCESPC7Z', '2ZYFJ3GM2N', '1YMWWN1N4O', 'LS4PSXUNUM', 'L9ECAV7KIM']"}
2026-08-15T12:21:43.490738237Z {"timestamp": 1786796503.489141, "severity": "INFO", "name": "recommendationservice-server", "message": "[Recv ListRecommendations] product_ids=['66VCHSJNUP', '2ZYFJ3GM2N', 'LS4PSXUNUM', '1YMWWN1N4O', 'OLJCESPC7Z']"}
2026-08-15T12:21:43.677383164Z {"timestamp": 1786796503.6765513, "severity": "INFO", "name": "recommendationservice-server", "message": "[Recv ListRecommendations] product_ids=['2ZYFJ3GM2N', '6E92ZMYYFZ', '9SIQT8TOJO', 'LS4PSXUNUM']"}
2026-08-15T12:21:43.871061743Z {"timestamp": 1786796503.8688517, "severity": "INFO", "name": "recommendationservice-server", "message": "[Recv ListRecommendations] product_ids=['6E92ZMYYFZ', '66VCHSJNUP', '1YMWWN1N4O', 'LS4PSXUNUM', 'OLJCESPC7Z']"}
2026-08-15T12:21:44.024745637Z {"timestamp": 1786796504.0243134, "severity": "INFO", "name": "recommendationservice-server", "message": "[Recv ListRecommendations] product_ids=['L9ECAV7KIM', '66VCHSJNUP', '9SIQT8TOJO', '2ZYFJ3GM2N', '1YMWWN1N4O']"}
2026-08-15T12:21:44.067405420Z {"timestamp": 1786796504.0670686, "severity": "INFO", "name": "recommendationservice-server", "message": "[Recv ListRecommendations] product_ids=['66VCHSJNUP', 'OLJCESPC7Z', '2ZYFJ3GM2N', '1YMWWN1N4O', 'L9ECAV7KIM']"}
2026-08-15T12:21:44.068823932Z {"timestamp": 1786796504.0685716, "severity": "INFO", "name": "recommendationservice-server", "message": "[Recv ListRecommendations] product_ids=['1YMWWN1N4O', '9SIQT8TOJO', 'L9ECAV7KIM', 'OLJCESPC7Z']"}
2026-08-15T12:21:44.072585595Z {"timestamp": 1786796504.0721562, "severity": "INFO", "name": "recommendationservice-server", "message": "[Recv ListRecommendations] product_ids=['9SIQT8TOJO', '6E92ZMYYFZ', '2ZYFJ3GM2N', 'OLJCESPC7Z']"}
2026-08-15T12:21:44.240539925Z {"timestamp": 1786796504.239567, "severity": "INFO", "name": "recommendationservice-server", "message": "[Recv ListRecommendations] product_ids=['2ZYFJ3GM2N', 'LS4PSXUNUM', '6E92ZMYYFZ', '1YMWWN1N4O', '0PUK6V6EV0']"}
2026-08-15T12:21:44.550514704Z {"timestamp": 1786796504.5500734, "severity": "INFO", "name": "recommendationservice-server", "message": "[Recv ListRecommendations] product_ids=['6E92ZMYYFZ', '66VCHSJNUP', 'OLJCESPC7Z', 'LS4PSXUNUM', '1YMWWN1N4O']"}
2026-08-15T12:21:44.765640292Z {"timestamp": 1786796504.7642992, "severity": "INFO", "name": "recommendationservice-server", "message": "[Recv ListRecommendations] product_ids=['L9ECAV7KIM', '6E92ZMYYFZ', 'LS4PSXUNUM', '1YMWWN1N4O', '9SIQT8TOJO']"}
2026-08-15T12:21:44.943688732Z {"timestamp": 1786796504.9423208, "severity": "INFO", "name": "recommendationservice-server", "message": "[Recv ListRecommendations] product_ids=['0PUK6V6EV0', '66VCHSJNUP', '9SIQT8TOJO', '1YMWWN1N4O', 'LS4PSXUNUM']"}
2026-08-15T12:21:45.449339089Z {"timestamp": 1786796505.4483106, "severity": "INFO", "name": "recommendationservice-server", "message": "[Recv ListRecommendations] product_ids=['6E92ZMYYFZ', '66VCHSJNUP', '2ZYFJ3GM2N', '9SIQT8TOJO', 'OLJCESPC7Z']"}
2026-08-15T12:21:45.645559948Z {"timestamp": 1786796505.6444588, "severity": "INFO", "name": "recommendationservice-server", "message": "[Recv ListRecommendations] product_ids=['66VCHSJNUP', 'LS4PSXUNUM', 'L9ECAV7KIM', '2ZYFJ3GM2N', '1YMWWN1N4O']"}
2026-08-15T12:21:45.938534884Z {"timestamp": 1786796505.9380014, "severity": "INFO", "name": "recommendationservice-server", "message": "[Recv ListRecommendations] product_ids=['0PUK6V6EV0', '2ZYFJ3GM2N', '1YMWWN1N4O']"}
2026-08-15T12:21:46.674911663Z {"timestamp": 1786796506.6737778, "severity": "INFO", "name": "recommendationservice-server", "message": "[Recv ListRecommendations] product_ids=['9SIQT8TOJO', '6E92ZMYYFZ', 'OLJCESPC7Z', '0PUK6V6EV0', 'L9ECAV7KIM']"}
2026-08-15T12:21:47.032404452Z {"timestamp": 1786796507.0289795, "severity": "INFO", "name": "recommendationservice-server", "message": "[Recv ListRecommendations] product_ids=['66VCHSJNUP', 'L9ECAV7KIM', '0PUK6V6EV0', '6E92ZMYYFZ', 'OLJCESPC7Z']"}
2026-08-15T12:21:48.235701093Z {"timestamp": 1786796508.2352283, "severity": "INFO", "name": "recommendationservice-server", "message": "[Recv ListRecommendations] product_ids=['2ZYFJ3GM2N', '9SIQT8TOJO', 'L9ECAV7KIM', '0PUK6V6EV0', '6E92ZMYYFZ']"}
2026-08-15T12:21:48.664749789Z {"timestamp": 1786796508.6632588, "severity": "INFO", "name": "recommendationservice-server", "message": "[Recv ListRecommendations] product_ids=['2ZYFJ3GM2N', 'L9ECAV7KIM', '9SIQT8TOJO', 'OLJCESPC7Z', '6E92ZMYYFZ']"}
2026-08-15T12:21:48.839050575Z {"timestamp": 1786796508.838009, "severity": "INFO", "name": "recommendationservice-server", "message": "[Recv ListRecommendations] product_ids=['1YMWWN1N4O', '2ZYFJ3GM2N', '0PUK6V6EV0', 'L9ECAV7KIM', '66VCHSJNUP']"}
2026-08-15T12:21:49.103511455Z {"timestamp": 1786796509.1030416, "severity": "INFO", "name": "recommendationservice-server", "message": "[Recv ListRecommendations] product_ids=['66VCHSJNUP', '2ZYFJ3GM2N', '0PUK6V6EV0', 'L9ECAV7KIM', '1YMWWN1N4O']"}
2026-08-15T12:21:49.159215392Z {"timestamp": 1786796509.1587334, "severity": "INFO", "name": "recommendationservice-server", "message": "[Recv ListRecommendations] product_ids=['6E92ZMYYFZ', 'OLJCESPC7Z', '9SIQT8TOJO', '2ZYFJ3GM2N']"}
2026-08-15T12:21:49.350710752Z {"timestamp": 1786796509.3494296, "severity": "INFO", "name": "recommendationservice-server", "message": "[Recv ListRecommendations] product_ids=['L9ECAV7KIM', '66VCHSJNUP', '1YMWWN1N4O', '9SIQT8TOJO', '6E92ZMYYFZ']"}
2026-08-15T12:21:50.044474982Z {"timestamp": 1786796510.043973, "severity": "INFO", "name": "recommendationservice-server", "message": "[Recv ListRecommendations] product_ids=['66VCHSJNUP', '9SIQT8TOJO', 'L9ECAV7KIM', '0PUK6V6EV0', 'LS4PSXUNUM']"}
2026-08-15T12:21:50.172287811Z {"timestamp": 1786796510.1715887, "severity": "INFO", "name": "recommendationservice-server", "message": "[Recv ListRecommendations] product_ids=['L9ECAV7KIM', '2ZYFJ3GM2N', '0PUK6V6EV0', '1YMWWN1N4O', '6E92ZMYYFZ']"}
2026-08-15T12:21:50.345875491Z {"timestamp": 1786796510.3448825, "severity": "INFO", "name": "recommendationservice-server", "message": "[Recv ListRecommendations] product_ids=['L9ECAV7KIM', 'OLJCESPC7Z', '6E92ZMYYFZ', '2ZYFJ3GM2N', '66VCHSJNUP']"}
2026-08-15T12:21:51.057826843Z {"timestamp": 1786796511.0572162, "severity": "INFO", "name": "recommendationservice-server", "message": "[Recv ListRecommendations] product_ids=['1YMWWN1N4O', 'LS4PSXUNUM', '0PUK6V6EV0', '2ZYFJ3GM2N', 'OLJCESPC7Z']"}
2026-08-15T12:21:51.784749036Z {"timestamp": 1786796511.7826984, "severity": "INFO", "name": "recommendationservice-server", "message": "[Recv ListRecommendations] product_ids=['1YMWWN1N4O', 'LS4PSXUNUM', '2ZYFJ3GM2N', '0PUK6V6EV0', '9SIQT8TOJO']"}
2026-08-15T12:21:52.042146059Z {"timestamp": 1786796512.0409815, "severity": "INFO", "name": "recommendationservice-server", "message": "[Recv ListRecommendations] product_ids=['0PUK6V6EV0', '9SIQT8TOJO', 'L9ECAV7KIM', '6E92ZMYYFZ', '2ZYFJ3GM2N']"}
2026-08-15T12:21:52.141939994Z {"timestamp": 1786796512.1410306, "severity": "INFO", "name": "recommendationservice-server", "message": "[Recv ListRecommendations] product_ids=['L9ECAV7KIM', '9SIQT8TOJO', '1YMWWN1N4O', '2ZYFJ3GM2N', 'OLJCESPC7Z']"}
2026-08-15T12:21:52.398500392Z {"timestamp": 1786796512.3976917, "severity": "INFO", "name": "recommendationservice-server", "message": "[Recv ListRecommendations] product_ids=['2ZYFJ3GM2N', '9SIQT8TOJO', '1YMWWN1N4O', 'LS4PSXUNUM', '66VCHSJNUP']"}
2026-08-15T12:21:52.949223515Z {"timestamp": 1786796512.9480536, "severity": "INFO", "name": "recommendationservice-server", "message": "[Recv ListRecommendations] product_ids=['1YMWWN1N4O', 'L9ECAV7KIM', '6E92ZMYYFZ', '9SIQT8TOJO', 'OLJCESPC7Z']"}
2026-08-15T12:21:53.278602510Z {"timestamp": 1786796513.277029, "severity": "INFO", "name": "recommendationservice-server", "message": "[Recv ListRecommendations] product_ids=['6E92ZMYYFZ', '2ZYFJ3GM2N', '9SIQT8TOJO', 'OLJCESPC7Z', '66VCHSJNUP']"}
2026-08-15T12:21:53.761497982Z {"timestamp": 1786796513.7602618, "severity": "INFO", "name": "recommendationservice-server", "message": "[Recv ListRecommendations] product_ids=['LS4PSXUNUM', 'L9ECAV7KIM', '1YMWWN1N4O', '9SIQT8TOJO', '2ZYFJ3GM2N']"}
2026-08-15T12:21:54.529261687Z {"timestamp": 1786796514.5284743, "severity": "INFO", "name": "recommendationservice-server", "message": "[Recv ListRecommendations] product_ids=['6E92ZMYYFZ', 'OLJCESPC7Z', 'L9ECAV7KIM', '0PUK6V6EV0', '66VCHSJNUP']"}
2026-08-15T12:21:54.626181793Z {"timestamp": 1786796514.6257994, "severity": "INFO", "name": "recommendationservice-server", "message": "[Recv ListRecommendations] product_ids=['2ZYFJ3GM2N', 'L9ECAV7KIM', '0PUK6V6EV0', '9SIQT8TOJO', '6E92ZMYYFZ']"}
2026-08-15T12:21:54.679792916Z {"timestamp": 1786796514.6794698, "severity": "INFO", "name": "recommendationservice-server", "message": "[Recv ListRecommendations] product_ids=['1YMWWN1N4O', '0PUK6V6EV0', 'LS4PSXUNUM', '66VCHSJNUP', '2ZYFJ3GM2N']"}
2026-08-15T12:21:54.689062503Z {"timestamp": 1786796514.6887572, "severity": "INFO", "name": "recommendationservice-server", "message": "[Recv ListRecommendations] product_ids=['L9ECAV7KIM', 'LS4PSXUNUM', '2ZYFJ3GM2N', '6E92ZMYYFZ', '0PUK6V6EV0']"}
2026-08-15T12:21:56.389387078Z {"timestamp": 1786796516.3881438, "severity": "INFO", "name": "recommendationservice-server", "message": "[Recv ListRecommendations] product_ids=['2ZYFJ3GM2N', '6E92ZMYYFZ', 'L9ECAV7KIM', '9SIQT8TOJO', '1YMWWN1N4O']"}
2026-08-15T12:21:57.045759337Z {"timestamp": 1786796517.044496, "severity": "INFO", "name": "recommendationservice-server", "message": "[Recv ListRecommendations] product_ids=['1YMWWN1N4O', 'OLJCESPC7Z', '66VCHSJNUP', '2ZYFJ3GM2N', '6E92ZMYYFZ']"}
2026-08-15T12:21:57.496145336Z {"timestamp": 1786796517.4955387, "severity": "INFO", "name": "recommendationservice-server", "message": "[Recv ListRecommendations] product_ids=['6E92ZMYYFZ', 'OLJCESPC7Z', '1YMWWN1N4O', '66VCHSJNUP', 'LS4PSXUNUM']"}
2026-08-15T12:21:57.502870239Z {"timestamp": 1786796517.5022655, "severity": "INFO", "name": "recommendationservice-server", "message": "[Recv ListRecommendations] product_ids=['L9ECAV7KIM', 'LS4PSXUNUM', '66VCHSJNUP', '9SIQT8TOJO', '6E92ZMYYFZ']"}
2026-08-15T12:21:57.578725157Z {"timestamp": 1786796517.578166, "severity": "INFO", "name": "recommendationservice-server", "message": "[Recv ListRecommendations] product_ids=['2ZYFJ3GM2N', '9SIQT8TOJO', '66VCHSJNUP', '6E92ZMYYFZ', 'L9ECAV7KIM']"}
2026-08-15T12:21:58.718998587Z {"timestamp": 1786796518.7181184, "severity": "INFO", "name": "recommendationservice-server", "message": "[Recv ListRecommendations] product_ids=['66VCHSJNUP', 'L9ECAV7KIM', '9SIQT8TOJO', '1YMWWN1N4O', '0PUK6V6EV0']"}
2026-08-15T12:21:59.556175094Z {"timestamp": 1786796519.5555284, "severity": "INFO", "name": "recommendationservice-server", "message": "[Recv ListRecommendations] product_ids=['L9ECAV7KIM', '2ZYFJ3GM2N', 'OLJCESPC7Z', 'LS4PSXUNUM', '9SIQT8TOJO']"}
2026-08-15T12:21:59.660530164Z {"timestamp": 1786796519.6591651, "severity": "INFO", "name": "recommendationservice-server", "message": "[Recv ListRecommendations] product_ids=['LS4PSXUNUM', 'L9ECAV7KIM', '1YMWWN1N4O', '2ZYFJ3GM2N', '0PUK6V6EV0']"}
2026-08-15T12:22:00.018793417Z {"timestamp": 1786796520.0177145, "severity": "INFO", "name": "recommendationservice-server", "message": "[Recv ListRecommendations] product_ids=['6E92ZMYYFZ', '1YMWWN1N4O', '9SIQT8TOJO', '2ZYFJ3GM2N', 'L9ECAV7KIM']"}
2026-08-15T12:22:00.076165978Z {"timestamp": 1786796520.0756567, "severity": "INFO", "name": "recommendationservice-server", "message": "[Recv ListRecommendations] product_ids=['1YMWWN1N4O', 'LS4PSXUNUM', '0PUK6V6EV0', '9SIQT8TOJO', 'L9ECAV7KIM']"}
2026-08-15T12:22:00.164889215Z {"timestamp": 1786796520.1646295, "severity": "INFO", "name": "recommendationservice-server", "message": "[Recv ListRecommendations] product_ids=['LS4PSXUNUM', '9SIQT8TOJO', 'OLJCESPC7Z', '1YMWWN1N4O', '0PUK6V6EV0']"}
2026-08-15T12:22:00.959049805Z {"timestamp": 1786796520.957037, "severity": "INFO", "name": "recommendationservice-server", "message": "[Recv ListRecommendations] product_ids=['L9ECAV7KIM', '66VCHSJNUP', '6E92ZMYYFZ', '9SIQT8TOJO', 'LS4PSXUNUM']"}
2026-08-15T12:22:01.130718318Z {"timestamp": 1786796521.1299598, "severity": "INFO", "name": "recommendationservice-server", "message": "[Recv ListRecommendations] product_ids=['1YMWWN1N4O', '9SIQT8TOJO', 'LS4PSXUNUM', '6E92ZMYYFZ', 'L9ECAV7KIM']"}
2026-08-15T12:22:02.001342316Z {"timestamp": 1786796522.0005646, "severity": "INFO", "name": "recommendationservice-server", "message": "[Recv ListRecommendations] product_ids=['9SIQT8TOJO', 'OLJCESPC7Z', 'L9ECAV7KIM', '1YMWWN1N4O', '2ZYFJ3GM2N']"}
2026-08-15T12:22:02.217143014Z {"timestamp": 1786796522.2168596, "severity": "INFO", "name": "recommendationservice-server", "message": "[Recv ListRecommendations] product_ids=['66VCHSJNUP', '9SIQT8TOJO', 'OLJCESPC7Z', '6E92ZMYYFZ', '2ZYFJ3GM2N']"}
2026-08-15T12:22:02.382430575Z {"timestamp": 1786796522.3821638, "severity": "INFO", "name": "recommendationservice-server", "message": "[Recv ListRecommendations] product_ids=['6E92ZMYYFZ', '9SIQT8TOJO', 'L9ECAV7KIM', '2ZYFJ3GM2N', '66VCHSJNUP']"}
2026-08-15T12:22:02.396564284Z {"timestamp": 1786796522.3962672, "severity": "INFO", "name": "recommendationservice-server", "message": "[Recv ListRecommendations] product_ids=['66VCHSJNUP', 'L9ECAV7KIM', 'OLJCESPC7Z', '6E92ZMYYFZ', '1YMWWN1N4O']"}
2026-08-15T12:22:02.419274472Z {"timestamp": 1786796522.4189742, "severity": "INFO", "name": "recommendationservice-server", "message": "[Recv ListRecommendations] product_ids=['LS4PSXUNUM', '2ZYFJ3GM2N', '1YMWWN1N4O', 'OLJCESPC7Z', '66VCHSJNUP']"}
2026-08-15T12:22:03.461622592Z {"timestamp": 1786796523.4605026, "severity": "INFO", "name": "recommendationservice-server", "message": "[Recv ListRecommendations] product_ids=['9SIQT8TOJO', 'OLJCESPC7Z', '1YMWWN1N4O', '66VCHSJNUP', 'L9ECAV7KIM']"}
2026-08-15T12:22:04.087094013Z {"timestamp": 1786796524.0859463, "severity": "INFO", "name": "recommendationservice-server", "message": "[Recv ListRecommendations] product_ids=['LS4PSXUNUM', '2ZYFJ3GM2N', '0PUK6V6EV0', '66VCHSJNUP', 'L9ECAV7KIM']"}
2026-08-15T12:22:04.202573242Z {"timestamp": 1786796524.2014196, "severity": "INFO", "name": "recommendationservice-server", "message": "[Recv ListRecommendations] product_ids=['L9ECAV7KIM', '0PUK6V6EV0', '2ZYFJ3GM2N', '6E92ZMYYFZ', 'LS4PSXUNUM']"}
2026-08-15T12:22:04.528692200Z {"timestamp": 1786796524.5278769, "severity": "INFO", "name": "recommendationservice-server", "message": "[Recv ListRecommendations] product_ids=['66VCHSJNUP', '2ZYFJ3GM2N', 'L9ECAV7KIM', '1YMWWN1N4O', 'LS4PSXUNUM']"}
2026-08-15T12:22:04.776061384Z {"timestamp": 1786796524.7753613, "severity": "INFO", "name": "recommendationservice-server", "message": "[Recv ListRecommendations] product_ids=['9SIQT8TOJO', '1YMWWN1N4O', '66VCHSJNUP', '2ZYFJ3GM2N', 'LS4PSXUNUM']"}
2026-08-15T12:22:05.350965595Z {"timestamp": 1786796525.350181, "severity": "INFO", "name": "recommendationservice-server", "message": "[Recv ListRecommendations] product_ids=['66VCHSJNUP', '6E92ZMYYFZ', '9SIQT8TOJO', '0PUK6V6EV0', 'L9ECAV7KIM']"}
2026-08-15T12:22:06.005600882Z {"timestamp": 1786796526.005102, "severity": "INFO", "name": "recommendationservice-server", "message": "[Recv ListRecommendations] product_ids=['9SIQT8TOJO', 'OLJCESPC7Z', '0PUK6V6EV0', '1YMWWN1N4O', 'L9ECAV7KIM']"}
2026-08-15T12:22:06.078192849Z {"timestamp": 1786796526.0779786, "severity": "INFO", "name": "recommendationservice-server", "message": "[Recv ListRecommendations] product_ids=['OLJCESPC7Z', '2ZYFJ3GM2N', '0PUK6V6EV0', '1YMWWN1N4O', '6E92ZMYYFZ']"}
2026-08-15T12:22:06.283670311Z {"timestamp": 1786796526.2819295, "severity": "INFO", "name": "recommendationservice-server", "message": "[Recv ListRecommendations] product_ids=['1YMWWN1N4O', 'L9ECAV7KIM', '6E92ZMYYFZ', '0PUK6V6EV0', 'LS4PSXUNUM']"}
2026-08-15T12:22:07.677578556Z {"timestamp": 1786796527.6766589, "severity": "INFO", "name": "recommendationservice-server", "message": "[Recv ListRecommendations] product_ids=['OLJCESPC7Z', '1YMWWN1N4O', '0PUK6V6EV0', '6E92ZMYYFZ', '9SIQT8TOJO']"}
2026-08-15T12:22:08.090876810Z {"timestamp": 1786796528.0899434, "severity": "INFO", "name": "recommendationservice-server", "message": "[Recv ListRecommendations] product_ids=['66VCHSJNUP', '6E92ZMYYFZ', 'L9ECAV7KIM', '2ZYFJ3GM2N', 'LS4PSXUNUM']"}
2026-08-15T12:22:08.242627273Z {"timestamp": 1786796528.2423015, "severity": "INFO", "name": "recommendationservice-server", "message": "[Recv ListRecommendations] product_ids=['9SIQT8TOJO', '0PUK6V6EV0', '2ZYFJ3GM2N', '1YMWWN1N4O', 'L9ECAV7KIM']"}
2026-08-15T12:22:08.381270982Z {"timestamp": 1786796528.3801706, "severity": "INFO", "name": "recommendationservice-server", "message": "[Recv ListRecommendations] product_ids=['OLJCESPC7Z', '66VCHSJNUP', '9SIQT8TOJO', 'L9ECAV7KIM', '6E92ZMYYFZ']"}
2026-08-15T12:22:08.929371201Z {"timestamp": 1786796528.9266453, "severity": "INFO", "name": "recommendationservice-server", "message": "[Recv ListRecommendations] product_ids=['6E92ZMYYFZ', '0PUK6V6EV0', 'OLJCESPC7Z', 'LS4PSXUNUM', '9SIQT8TOJO']"}
2026-08-15T12:22:09.736989526Z {"timestamp": 1786796529.7325418, "severity": "INFO", "name": "recommendationservice-server", "message": "[Recv ListRecommendations] product_ids=['6E92ZMYYFZ', 'L9ECAV7KIM', 'LS4PSXUNUM', '0PUK6V6EV0', '1YMWWN1N4O']"}
2026-08-15T12:22:10.191946072Z {"timestamp": 1786796530.1908782, "severity": "INFO", "name": "recommendationservice-server", "message": "[Recv ListRecommendations] product_ids=['OLJCESPC7Z', '2ZYFJ3GM2N', '9SIQT8TOJO', '6E92ZMYYFZ', 'LS4PSXUNUM']"}
2026-08-15T12:22:10.645312493Z {"timestamp": 1786796530.6440609, "severity": "INFO", "name": "recommendationservice-server", "message": "[Recv ListRecommendations] product_ids=['OLJCESPC7Z', 'LS4PSXUNUM', '66VCHSJNUP', '0PUK6V6EV0', '9SIQT8TOJO']"}
2026-08-15T12:22:11.449574242Z {"timestamp": 1786796531.4482977, "severity": "INFO", "name": "recommendationservice-server", "message": "[Recv ListRecommendations] product_ids=['LS4PSXUNUM', '1YMWWN1N4O', 'L9ECAV7KIM', '66VCHSJNUP', '0PUK6V6EV0']"}
2026-08-15T12:22:11.544712998Z {"timestamp": 1786796531.5425377, "severity": "INFO", "name": "recommendationservice-server", "message": "[Recv ListRecommendations] product_ids=['1YMWWN1N4O', '0PUK6V6EV0', 'L9ECAV7KIM', '2ZYFJ3GM2N', 'OLJCESPC7Z']"}
2026-08-15T12:22:12.432707398Z {"timestamp": 1786796532.43158, "severity": "INFO", "name": "recommendationservice-server", "message": "[Recv ListRecommendations] product_ids=['L9ECAV7KIM', 'OLJCESPC7Z', '1YMWWN1N4O', '0PUK6V6EV0', 'LS4PSXUNUM']"}
2026-08-15T12:22:13.152972257Z {"timestamp": 1786796533.151777, "severity": "INFO", "name": "recommendationservice-server", "message": "[Recv ListRecommendations] product_ids=['6E92ZMYYFZ', '66VCHSJNUP', 'OLJCESPC7Z', '0PUK6V6EV0', '1YMWWN1N4O']"}
2026-08-15T12:22:13.283922739Z {"timestamp": 1786796533.2833428, "severity": "INFO", "name": "recommendationservice-server", "message": "[Recv ListRecommendations] product_ids=['66VCHSJNUP', '6E92ZMYYFZ', 'LS4PSXUNUM', '1YMWWN1N4O', 'L9ECAV7KIM']"}
2026-08-15T12:22:13.718901387Z {"timestamp": 1786796533.7174163, "severity": "INFO", "name": "recommendationservice-server", "message": "[Recv ListRecommendations] product_ids=['0PUK6V6EV0', '1YMWWN1N4O', 'L9ECAV7KIM', '66VCHSJNUP', '6E92ZMYYFZ']"}
2026-08-15T12:22:13.862357276Z {"timestamp": 1786796533.8617873, "severity": "INFO", "name": "recommendationservice-server", "message": "[Recv ListRecommendations] product_ids=['L9ECAV7KIM', '2ZYFJ3GM2N', '6E92ZMYYFZ', '66VCHSJNUP', 'LS4PSXUNUM']"}
2026-08-15T12:22:13.868939564Z {"timestamp": 1786796533.8682497, "severity": "INFO", "name": "recommendationservice-server", "message": "[Recv ListRecommendations] product_ids=['OLJCESPC7Z', '1YMWWN1N4O', '0PUK6V6EV0', '6E92ZMYYFZ', '2ZYFJ3GM2N']"}
2026-08-15T12:22:13.871547136Z {"timestamp": 1786796533.870664, "severity": "INFO", "name": "recommendationservice-server", "message": "[Recv ListRecommendations] product_ids=['1YMWWN1N4O', 'L9ECAV7KIM', '66VCHSJNUP', '6E92ZMYYFZ', '0PUK6V6EV0']"}
2026-08-15T12:22:13.922647175Z {"timestamp": 1786796533.9221027, "severity": "INFO", "name": "recommendationservice-server", "message": "[Recv ListRecommendations] product_ids=['66VCHSJNUP', '0PUK6V6EV0', 'L9ECAV7KIM', '9SIQT8TOJO', '1YMWWN1N4O']"}
2026-08-15T12:22:14.306096239Z {"timestamp": 1786796534.305116, "severity": "INFO", "name": "recommendationservice-server", "message": "[Recv ListRecommendations] product_ids=['L9ECAV7KIM', '9SIQT8TOJO', 'LS4PSXUNUM', '6E92ZMYYFZ', 'OLJCESPC7Z']"}
2026-08-15T12:22:14.390902100Z {"timestamp": 1786796534.3901043, "severity": "INFO", "name": "recommendationservice-server", "message": "[Recv ListRecommendations] product_ids=['9SIQT8TOJO', '0PUK6V6EV0', '2ZYFJ3GM2N', '1YMWWN1N4O', 'LS4PSXUNUM']"}
2026-08-15T12:22:14.900623058Z {"timestamp": 1786796534.8974268, "severity": "INFO", "name": "recommendationservice-server", "message": "[Recv ListRecommendations] product_ids=['6E92ZMYYFZ', '2ZYFJ3GM2N', '9SIQT8TOJO', 'L9ECAV7KIM', 'LS4PSXUNUM']"}
2026-08-15T12:22:15.955924220Z {"timestamp": 1786796535.955329, "severity": "INFO", "name": "recommendationservice-server", "message": "[Recv ListRecommendations] product_ids=['L9ECAV7KIM', '6E92ZMYYFZ', '0PUK6V6EV0', '1YMWWN1N4O', '9SIQT8TOJO']"}
2026-08-15T12:22:16.019623575Z {"timestamp": 1786796536.019299, "severity": "INFO", "name": "recommendationservice-server", "message": "[Recv ListRecommendations] product_ids=['1YMWWN1N4O', 'OLJCESPC7Z', 'LS4PSXUNUM', '0PUK6V6EV0', '9SIQT8TOJO']"}
2026-08-15T12:22:16.441536158Z {"timestamp": 1786796536.440342, "severity": "INFO", "name": "recommendationservice-server", "message": "[Recv ListRecommendations] product_ids=['1YMWWN1N4O', '2ZYFJ3GM2N', '9SIQT8TOJO', '6E92ZMYYFZ', 'OLJCESPC7Z']"}
2026-08-15T12:22:17.056651328Z {"timestamp": 1786796537.0541923, "severity": "INFO", "name": "recommendationservice-server", "message": "[Recv ListRecommendations] product_ids=['2ZYFJ3GM2N', 'L9ECAV7KIM', '9SIQT8TOJO', 'LS4PSXUNUM', '1YMWWN1N4O']"}
2026-08-15T12:22:17.539745103Z {"timestamp": 1786796537.5393353, "severity": "INFO", "name": "recommendationservice-server", "message": "[Recv ListRecommendations] product_ids=['OLJCESPC7Z', 'L9ECAV7KIM', '2ZYFJ3GM2N', '1YMWWN1N4O', 'LS4PSXUNUM']"}
2026-08-15T12:22:17.802304536Z {"timestamp": 1786796537.8009675, "severity": "INFO", "name": "recommendationservice-server", "message": "[Recv ListRecommendations] product_ids=['LS4PSXUNUM', '0PUK6V6EV0', 'OLJCESPC7Z', '9SIQT8TOJO', '1YMWWN1N4O']"}
2026-08-15T12:22:17.963815912Z {"timestamp": 1786796537.9632318, "severity": "INFO", "name": "recommendationservice-server", "message": "[Recv ListRecommendations] product_ids=['2ZYFJ3GM2N', 'LS4PSXUNUM', 'OLJCESPC7Z', '6E92ZMYYFZ', '66VCHSJNUP']"}
2026-08-15T12:22:17.971557320Z {"timestamp": 1786796537.9712586, "severity": "INFO", "name": "recommendationservice-server", "message": "[Recv ListRecommendations] product_ids=['0PUK6V6EV0', '6E92ZMYYFZ', 'LS4PSXUNUM', '2ZYFJ3GM2N', '1YMWWN1N4O']"}
2026-08-15T12:22:18.060944860Z {"timestamp": 1786796538.0604362, "severity": "INFO", "name": "recommendationservice-server", "message": "[Recv ListRecommendations] product_ids=['2ZYFJ3GM2N', '0PUK6V6EV0']"}
2026-08-15T12:22:18.437019054Z {"timestamp": 1786796538.4360447, "severity": "INFO", "name": "recommendationservice-server", "message": "[Recv ListRecommendations] product_ids=['L9ECAV7KIM', '1YMWWN1N4O', 'OLJCESPC7Z', 'LS4PSXUNUM', '6E92ZMYYFZ']"}
2026-08-15T12:22:21.057465833Z {"timestamp": 1786796541.056511, "severity": "INFO", "name": "recommendationservice-server", "message": "[Recv ListRecommendations] product_ids=['1YMWWN1N4O', '9SIQT8TOJO', '0PUK6V6EV0', 'OLJCESPC7Z', 'LS4PSXUNUM']"}
2026-08-15T12:22:21.560049588Z {"timestamp": 1786796541.5586815, "severity": "INFO", "name": "recommendationservice-server", "message": "[Recv ListRecommendations] product_ids=['1YMWWN1N4O', 'OLJCESPC7Z', '66VCHSJNUP', '0PUK6V6EV0', 'LS4PSXUNUM']"}
2026-08-15T12:22:21.745646103Z {"timestamp": 1786796541.7441924, "severity": "INFO", "name": "recommendationservice-server", "message": "[Recv ListRecommendations] product_ids=['2ZYFJ3GM2N', 'L9ECAV7KIM', '6E92ZMYYFZ', 'LS4PSXUNUM', '0PUK6V6EV0']"}
2026-08-15T12:22:21.835478440Z {"timestamp": 1786796541.8342032, "severity": "INFO", "name": "recommendationservice-server", "message": "[Recv ListRecommendations] product_ids=['2ZYFJ3GM2N', 'L9ECAV7KIM', '1YMWWN1N4O', 'LS4PSXUNUM', 'OLJCESPC7Z']"}
2026-08-15T12:22:21.936835705Z {"timestamp": 1786796541.9361165, "severity": "INFO", "name": "recommendationservice-server", "message": "[Recv ListRecommendations] product_ids=['9SIQT8TOJO', '0PUK6V6EV0', '1YMWWN1N4O', 'OLJCESPC7Z', '2ZYFJ3GM2N']"}
2026-08-15T12:22:22.328359157Z {"timestamp": 1786796542.3273954, "severity": "INFO", "name": "recommendationservice-server", "message": "[Recv ListRecommendations] product_ids=['6E92ZMYYFZ', '66VCHSJNUP', '2ZYFJ3GM2N', 'L9ECAV7KIM', '9SIQT8TOJO']"}
2026-08-15T12:22:23.048718927Z {"timestamp": 1786796543.0475583, "severity": "INFO", "name": "recommendationservice-server", "message": "[Recv ListRecommendations] product_ids=['6E92ZMYYFZ', '1YMWWN1N4O', '0PUK6V6EV0', '9SIQT8TOJO', '2ZYFJ3GM2N']"}
2026-08-15T12:22:23.128835625Z {"timestamp": 1786796543.1284766, "severity": "INFO", "name": "recommendationservice-server", "message": "[Recv ListRecommendations] product_ids=['1YMWWN1N4O', 'LS4PSXUNUM', '0PUK6V6EV0', '2ZYFJ3GM2N', '6E92ZMYYFZ']"}
2026-08-15T12:22:23.143335923Z {"timestamp": 1786796543.1429667, "severity": "INFO", "name": "recommendationservice-server", "message": "[Recv ListRecommendations] product_ids=['66VCHSJNUP', '0PUK6V6EV0', '2ZYFJ3GM2N', '6E92ZMYYFZ', '1YMWWN1N4O']"}
2026-08-15T12:22:24.417576178Z {"timestamp": 1786796544.416261, "severity": "INFO", "name": "recommendationservice-server", "message": "[Recv ListRecommendations] product_ids=['L9ECAV7KIM', '6E92ZMYYFZ', '9SIQT8TOJO', '2ZYFJ3GM2N', '1YMWWN1N4O']"}
2026-08-15T12:22:25.163342074Z {"timestamp": 1786796545.1629946, "severity": "INFO", "name": "recommendationservice-server", "message": "[Recv ListRecommendations] product_ids=['L9ECAV7KIM', '9SIQT8TOJO', 'LS4PSXUNUM', '6E92ZMYYFZ', '66VCHSJNUP']"}
2026-08-15T12:22:25.424677494Z {"timestamp": 1786796545.4232519, "severity": "INFO", "name": "recommendationservice-server", "message": "[Recv ListRecommendations] product_ids=['0PUK6V6EV0', 'OLJCESPC7Z', 'LS4PSXUNUM', '9SIQT8TOJO', '2ZYFJ3GM2N']"}
2026-08-15T12:22:25.556725722Z {"timestamp": 1786796545.5560324, "severity": "INFO", "name": "recommendationservice-server", "message": "[Recv ListRecommendations] product_ids=['1YMWWN1N4O', '66VCHSJNUP', 'L9ECAV7KIM', 'OLJCESPC7Z', '2ZYFJ3GM2N']"}
2026-08-15T12:22:25.665161508Z {"timestamp": 1786796545.6642644, "severity": "INFO", "name": "recommendationservice-server", "message": "[Recv ListRecommendations] product_ids=['0PUK6V6EV0', '6E92ZMYYFZ', 'LS4PSXUNUM', '9SIQT8TOJO', 'OLJCESPC7Z']"}
2026-08-15T12:22:25.672280836Z {"timestamp": 1786796545.6716592, "severity": "INFO", "name": "recommendationservice-server", "message": "[Recv ListRecommendations] product_ids=['OLJCESPC7Z', '9SIQT8TOJO', '0PUK6V6EV0', '1YMWWN1N4O', 'L9ECAV7KIM']"}
2026-08-15T12:22:25.770306172Z {"timestamp": 1786796545.7696543, "severity": "INFO", "name": "recommendationservice-server", "message": "[Recv ListRecommendations] product_ids=['6E92ZMYYFZ', 'L9ECAV7KIM', '9SIQT8TOJO', '1YMWWN1N4O', '0PUK6V6EV0']"}
2026-08-15T12:22:26.488962172Z {"timestamp": 1786796546.488082, "severity": "INFO", "name": "recommendationservice-server", "message": "[Recv ListRecommendations] product_ids=['9SIQT8TOJO', '66VCHSJNUP', '1YMWWN1N4O', 'LS4PSXUNUM', '6E92ZMYYFZ']"}
2026-08-15T12:22:27.760917865Z {"timestamp": 1786796547.759608, "severity": "INFO", "name": "recommendationservice-server", "message": "[Recv ListRecommendations] product_ids=['L9ECAV7KIM', '0PUK6V6EV0', '2ZYFJ3GM2N', 'LS4PSXUNUM', '66VCHSJNUP']"}
2026-08-15T12:22:27.883704926Z {"timestamp": 1786796547.8821867, "severity": "INFO", "name": "recommendationservice-server", "message": "[Recv ListRecommendations] product_ids=['L9ECAV7KIM', '1YMWWN1N4O', '0PUK6V6EV0', '6E92ZMYYFZ', 'LS4PSXUNUM']"}
2026-08-15T12:22:28.171237797Z {"timestamp": 1786796548.170955, "severity": "INFO", "name": "recommendationservice-server", "message": "[Recv ListRecommendations] product_ids=['9SIQT8TOJO', 'LS4PSXUNUM', 'OLJCESPC7Z', '0PUK6V6EV0', '1YMWWN1N4O']"}
2026-08-15T12:22:28.445374045Z {"timestamp": 1786796548.4440086, "severity": "INFO", "name": "recommendationservice-server", "message": "[Recv ListRecommendations] product_ids=['6E92ZMYYFZ', '66VCHSJNUP', '0PUK6V6EV0', '9SIQT8TOJO', '2ZYFJ3GM2N']"}
2026-08-15T12:22:28.536373667Z {"timestamp": 1786796548.5352366, "severity": "INFO", "name": "recommendationservice-server", "message": "[Recv ListRecommendations] product_ids=['1YMWWN1N4O', 'LS4PSXUNUM', '66VCHSJNUP', '6E92ZMYYFZ', '2ZYFJ3GM2N']"}
2026-08-15T12:22:28.740322097Z {"timestamp": 1786796548.7390273, "severity": "INFO", "name": "recommendationservice-server", "message": "[Recv ListRecommendations] product_ids=['6E92ZMYYFZ', 'LS4PSXUNUM', '66VCHSJNUP', '1YMWWN1N4O']"}
2026-08-15T12:22:29.083326851Z {"timestamp": 1786796549.0825548, "severity": "INFO", "name": "recommendationservice-server", "message": "[Recv ListRecommendations] product_ids=['0PUK6V6EV0', 'OLJCESPC7Z', 'LS4PSXUNUM', '9SIQT8TOJO', '66VCHSJNUP']"}
2026-08-15T12:22:29.224389586Z {"timestamp": 1786796549.2231472, "severity": "INFO", "name": "recommendationservice-server", "message": "[Recv ListRecommendations] product_ids=['9SIQT8TOJO', '6E92ZMYYFZ', '1YMWWN1N4O', 'OLJCESPC7Z', 'L9ECAV7KIM']"}
2026-08-15T12:22:29.464225531Z {"timestamp": 1786796549.463438, "severity": "INFO", "name": "recommendationservice-server", "message": "[Recv ListRecommendations] product_ids=['1YMWWN1N4O', '66VCHSJNUP', 'L9ECAV7KIM', 'LS4PSXUNUM', '9SIQT8TOJO']"}
2026-08-15T12:22:29.899254021Z {"timestamp": 1786796549.8979487, "severity": "INFO", "name": "recommendationservice-server", "message": "[Recv ListRecommendations] product_ids=['0PUK6V6EV0', '9SIQT8TOJO', '2ZYFJ3GM2N', 'L9ECAV7KIM', 'OLJCESPC7Z']"}
2026-08-15T12:22:30.071390499Z {"timestamp": 1786796550.0702295, "severity": "INFO", "name": "recommendationservice-server", "message": "[Recv ListRecommendations] product_ids=['1YMWWN1N4O', '0PUK6V6EV0', 'OLJCESPC7Z', '2ZYFJ3GM2N', '66VCHSJNUP']"}
2026-08-15T12:22:31.189489729Z {"timestamp": 1786796551.1875324, "severity": "INFO", "name": "recommendationservice-server", "message": "[Recv ListRecommendations] product_ids=['2ZYFJ3GM2N', 'L9ECAV7KIM', '6E92ZMYYFZ', '9SIQT8TOJO', '1YMWWN1N4O']"}
2026-08-15T12:22:31.650423139Z {"timestamp": 1786796551.649133, "severity": "INFO", "name": "recommendationservice-server", "message": "[Recv ListRecommendations] product_ids=['9SIQT8TOJO', '2ZYFJ3GM2N', 'OLJCESPC7Z', '6E92ZMYYFZ']"}
2026-08-15T12:22:32.339549343Z {"timestamp": 1786796552.3392158, "severity": "INFO", "name": "recommendationservice-server", "message": "[Recv ListRecommendations] product_ids=['1YMWWN1N4O', '66VCHSJNUP', 'L9ECAV7KIM', '6E92ZMYYFZ', 'OLJCESPC7Z']"}
2026-08-15T12:22:32.903814587Z {"timestamp": 1786796552.9035192, "severity": "INFO", "name": "recommendationservice-server", "message": "[Recv ListRecommendations] product_ids=['OLJCESPC7Z', '9SIQT8TOJO', '1YMWWN1N4O', 'LS4PSXUNUM', '2ZYFJ3GM2N']"}
2026-08-15T12:22:33.005991638Z {"timestamp": 1786796553.0057452, "severity": "INFO", "name": "recommendationservice-server", "message": "[Recv ListRecommendations] product_ids=['1YMWWN1N4O', '0PUK6V6EV0', '6E92ZMYYFZ', 'LS4PSXUNUM', '66VCHSJNUP']"}
2026-08-15T12:22:33.054068685Z {"timestamp": 1786796553.0537255, "severity": "INFO", "name": "recommendationservice-server", "message": "[Recv ListRecommendations] product_ids=['2ZYFJ3GM2N', 'LS4PSXUNUM', '6E92ZMYYFZ', 'OLJCESPC7Z', 'L9ECAV7KIM']"}
2026-08-15T12:22:34.205015939Z {"timestamp": 1786796554.2036295, "severity": "INFO", "name": "recommendationservice-server", "message": "[Recv ListRecommendations] product_ids=['1YMWWN1N4O', '66VCHSJNUP', 'L9ECAV7KIM', 'OLJCESPC7Z', '2ZYFJ3GM2N']"}
2026-08-15T12:22:34.741349441Z {"timestamp": 1786796554.7402077, "severity": "INFO", "name": "recommendationservice-server", "message": "[Recv ListRecommendations] product_ids=['66VCHSJNUP', '6E92ZMYYFZ', 'LS4PSXUNUM', '9SIQT8TOJO', 'OLJCESPC7Z']"}
2026-08-15T12:22:35.671469674Z {"timestamp": 1786796555.6707904, "severity": "INFO", "name": "recommendationservice-server", "message": "[Recv ListRecommendations] product_ids=['0PUK6V6EV0', 'OLJCESPC7Z', '66VCHSJNUP', 'LS4PSXUNUM', '1YMWWN1N4O']"}
2026-08-15T12:22:36.164743328Z {"timestamp": 1786796556.1644237, "severity": "INFO", "name": "recommendationservice-server", "message": "[Recv ListRecommendations] product_ids=['0PUK6V6EV0', '9SIQT8TOJO', '1YMWWN1N4O', '2ZYFJ3GM2N', '66VCHSJNUP']"}
2026-08-15T12:22:36.488565931Z {"timestamp": 1786796556.4875674, "severity": "INFO", "name": "recommendationservice-server", "message": "[Recv ListRecommendations] product_ids=['2ZYFJ3GM2N', '0PUK6V6EV0', 'LS4PSXUNUM', '9SIQT8TOJO', 'L9ECAV7KIM']"}
2026-08-15T12:22:37.033506015Z {"timestamp": 1786796557.0321925, "severity": "INFO", "name": "recommendationservice-server", "message": "[Recv ListRecommendations] product_ids=['9SIQT8TOJO', '6E92ZMYYFZ', '1YMWWN1N4O', 'LS4PSXUNUM', '66VCHSJNUP']"}
2026-08-15T12:22:37.122548392Z {"timestamp": 1786796557.121962, "severity": "INFO", "name": "recommendationservice-server", "message": "[Recv ListRecommendations] product_ids=['0PUK6V6EV0', '66VCHSJNUP', '6E92ZMYYFZ', '1YMWWN1N4O', '9SIQT8TOJO']"}
2026-08-15T12:22:37.608066944Z {"timestamp": 1786796557.6070092, "severity": "INFO", "name": "recommendationservice-server", "message": "[Recv ListRecommendations] product_ids=['OLJCESPC7Z', '6E92ZMYYFZ', '0PUK6V6EV0', 'LS4PSXUNUM', '1YMWWN1N4O']"}
2026-08-15T12:22:37.682063695Z {"timestamp": 1786796557.6811008, "severity": "INFO", "name": "recommendationservice-server", "message": "[Recv ListRecommendations] product_ids=['LS4PSXUNUM', '0PUK6V6EV0', 'OLJCESPC7Z', '1YMWWN1N4O', 'L9ECAV7KIM']"}
2026-08-15T12:22:38.432157902Z {"timestamp": 1786796558.4307702, "severity": "INFO", "name": "recommendationservice-server", "message": "[Recv ListRecommendations] product_ids=['L9ECAV7KIM', 'LS4PSXUNUM', '9SIQT8TOJO', '66VCHSJNUP', '1YMWWN1N4O']"}
2026-08-15T12:22:39.608696818Z {"timestamp": 1786796559.6076021, "severity": "INFO", "name": "recommendationservice-server", "message": "[Recv ListRecommendations] product_ids=['9SIQT8TOJO', '6E92ZMYYFZ', '1YMWWN1N4O', '66VCHSJNUP', '0PUK6V6EV0']"}
2026-08-15T12:22:39.778455641Z {"timestamp": 1786796559.7758706, "severity": "INFO", "name": "recommendationservice-server", "message": "[Recv ListRecommendations] product_ids=['1YMWWN1N4O', '2ZYFJ3GM2N', '0PUK6V6EV0', '6E92ZMYYFZ', 'OLJCESPC7Z']"}
2026-08-15T12:22:39.839041907Z {"timestamp": 1786796559.8378546, "severity": "INFO", "name": "recommendationservice-server", "message": "[Recv ListRecommendations] product_ids=['LS4PSXUNUM', '9SIQT8TOJO', 'OLJCESPC7Z', '2ZYFJ3GM2N', 'L9ECAV7KIM']"}
2026-08-15T12:22:40.399841800Z {"timestamp": 1786796560.3990986, "severity": "INFO", "name": "recommendationservice-server", "message": "[Recv ListRecommendations] product_ids=['OLJCESPC7Z', '9SIQT8TOJO', '66VCHSJNUP', '2ZYFJ3GM2N', 'LS4PSXUNUM']"}
2026-08-15T12:22:40.513107562Z {"timestamp": 1786796560.511041, "severity": "INFO", "name": "recommendationservice-server", "message": "[Recv ListRecommendations] product_ids=['OLJCESPC7Z', 'L9ECAV7KIM', '0PUK6V6EV0', '66VCHSJNUP', '6E92ZMYYFZ']"}
2026-08-15T12:22:40.864576176Z {"timestamp": 1786796560.8633797, "severity": "INFO", "name": "recommendationservice-server", "message": "[Recv ListRecommendations] product_ids=['2ZYFJ3GM2N', 'L9ECAV7KIM', 'LS4PSXUNUM', '1YMWWN1N4O', 'OLJCESPC7Z']"}
2026-08-15T12:22:41.072016075Z {"timestamp": 1786796561.0707335, "severity": "INFO", "name": "recommendationservice-server", "message": "[Recv ListRecommendations] product_ids=['9SIQT8TOJO', 'OLJCESPC7Z', '2ZYFJ3GM2N']"}
2026-08-15T12:22:41.637184015Z {"timestamp": 1786796561.6360018, "severity": "INFO", "name": "recommendationservice-server", "message": "[Recv ListRecommendations] product_ids=['9SIQT8TOJO', '0PUK6V6EV0', 'L9ECAV7KIM', '1YMWWN1N4O', 'LS4PSXUNUM']"}
2026-08-15T12:22:42.012888916Z {"timestamp": 1786796562.0117245, "severity": "INFO", "name": "recommendationservice-server", "message": "[Recv ListRecommendations] product_ids=['0PUK6V6EV0', '9SIQT8TOJO', '6E92ZMYYFZ', '2ZYFJ3GM2N', '1YMWWN1N4O']"}
2026-08-15T12:22:42.874096877Z {"timestamp": 1786796562.8728914, "severity": "INFO", "name": "recommendationservice-server", "message": "[Recv ListRecommendations] product_ids=['OLJCESPC7Z', '1YMWWN1N4O', '2ZYFJ3GM2N', 'LS4PSXUNUM', '6E92ZMYYFZ']"}
2026-08-15T12:22:43.021485989Z {"timestamp": 1786796563.0199103, "severity": "INFO", "name": "recommendationservice-server", "message": "[Recv ListRecommendations] product_ids=['2ZYFJ3GM2N']"}
2026-08-15T12:22:43.496403472Z {"timestamp": 1786796563.495181, "severity": "INFO", "name": "recommendationservice-server", "message": "[Recv ListRecommendations] product_ids=['LS4PSXUNUM', '1YMWWN1N4O', 'OLJCESPC7Z', 'L9ECAV7KIM', '9SIQT8TOJO']"}
2026-08-15T12:22:43.696716116Z {"timestamp": 1786796563.6951413, "severity": "INFO", "name": "recommendationservice-server", "message": "[Recv ListRecommendations] product_ids=['9SIQT8TOJO', '2ZYFJ3GM2N', '6E92ZMYYFZ', 'L9ECAV7KIM', '1YMWWN1N4O']"}
2026-08-15T12:22:43.937640671Z {"timestamp": 1786796563.9368253, "severity": "INFO", "name": "recommendationservice-server", "message": "[Recv ListRecommendations] product_ids=['2ZYFJ3GM2N', '0PUK6V6EV0', 'LS4PSXUNUM', '66VCHSJNUP', 'L9ECAV7KIM']"}
2026-08-15T12:22:44.043670562Z {"timestamp": 1786796564.042897, "severity": "INFO", "name": "recommendationservice-server", "message": "[Recv ListRecommendations] product_ids=['0PUK6V6EV0', 'L9ECAV7KIM', '66VCHSJNUP', '1YMWWN1N4O', '6E92ZMYYFZ']"}
2026-08-15T12:22:44.427045498Z {"timestamp": 1786796564.4260402, "severity": "INFO", "name": "recommendationservice-server", "message": "[Recv ListRecommendations] product_ids=['9SIQT8TOJO', 'LS4PSXUNUM', '0PUK6V6EV0', 'L9ECAV7KIM', '2ZYFJ3GM2N']"}
2026-08-15T12:22:44.525084707Z {"timestamp": 1786796564.5247598, "severity": "INFO", "name": "recommendationservice-server", "message": "[Recv ListRecommendations] product_ids=['6E92ZMYYFZ', '1YMWWN1N4O', '66VCHSJNUP', '0PUK6V6EV0', '2ZYFJ3GM2N']"}
2026-08-15T12:22:44.530133254Z {"timestamp": 1786796564.5297828, "severity": "INFO", "name": "recommendationservice-server", "message": "[Recv ListRecommendations] product_ids=['LS4PSXUNUM', '2ZYFJ3GM2N', '1YMWWN1N4O', 'OLJCESPC7Z', '6E92ZMYYFZ']"}
2026-08-15T12:22:44.531396141Z {"timestamp": 1786796564.5310612, "severity": "INFO", "name": "recommendationservice-server", "message": "[Recv ListRecommendations] product_ids=['2ZYFJ3GM2N', '1YMWWN1N4O', 'L9ECAV7KIM', '9SIQT8TOJO', '0PUK6V6EV0']"}
2026-08-15T12:22:46.455552398Z {"timestamp": 1786796566.4540105, "severity": "INFO", "name": "recommendationservice-server", "message": "[Recv ListRecommendations] product_ids=['0PUK6V6EV0', 'OLJCESPC7Z', '1YMWWN1N4O', '6E92ZMYYFZ', 'LS4PSXUNUM']"}
2026-08-15T12:22:46.572937520Z {"timestamp": 1786796566.5717914, "severity": "INFO", "name": "recommendationservice-server", "message": "[Recv ListRecommendations] product_ids=['LS4PSXUNUM', '6E92ZMYYFZ', '0PUK6V6EV0', '9SIQT8TOJO', '1YMWWN1N4O']"}
2026-08-15T12:22:46.754949769Z {"timestamp": 1786796566.7538538, "severity": "INFO", "name": "recommendationservice-server", "message": "[Recv ListRecommendations] product_ids=['6E92ZMYYFZ', 'LS4PSXUNUM', '2ZYFJ3GM2N', '66VCHSJNUP', '1YMWWN1N4O']"}
2026-08-15T12:22:46.886121403Z {"timestamp": 1786796566.885003, "severity": "INFO", "name": "recommendationservice-server", "message": "[Recv ListRecommendations] product_ids=['0PUK6V6EV0', '66VCHSJNUP', '1YMWWN1N4O', 'LS4PSXUNUM', '2ZYFJ3GM2N']"}
2026-08-15T12:22:47.302818485Z {"timestamp": 1786796567.3015103, "severity": "INFO", "name": "recommendationservice-server", "message": "[Recv ListRecommendations] product_ids=['6E92ZMYYFZ', 'L9ECAV7KIM', '9SIQT8TOJO', 'LS4PSXUNUM', '1YMWWN1N4O']"}
2026-08-15T12:22:47.777249788Z {"timestamp": 1786796567.776123, "severity": "INFO", "name": "recommendationservice-server", "message": "[Recv ListRecommendations] product_ids=['6E92ZMYYFZ', 'OLJCESPC7Z', 'LS4PSXUNUM', '2ZYFJ3GM2N', '9SIQT8TOJO']"}
2026-08-15T12:22:48.593667175Z {"timestamp": 1786796568.5930805, "severity": "INFO", "name": "recommendationservice-server", "message": "[Recv ListRecommendations] product_ids=['9SIQT8TOJO', '2ZYFJ3GM2N', 'OLJCESPC7Z', '6E92ZMYYFZ', '1YMWWN1N4O']"}
2026-08-15T12:22:48.713377837Z {"timestamp": 1786796568.7124448, "severity": "INFO", "name": "recommendationservice-server", "message": "[Recv ListRecommendations] product_ids=['9SIQT8TOJO', '0PUK6V6EV0', 'LS4PSXUNUM', 'L9ECAV7KIM', 'OLJCESPC7Z']"}
2026-08-15T12:22:49.128606004Z {"timestamp": 1786796569.1274009, "severity": "INFO", "name": "recommendationservice-server", "message": "[Recv ListRecommendations] product_ids=['1YMWWN1N4O', '66VCHSJNUP', 'OLJCESPC7Z', 'LS4PSXUNUM', '2ZYFJ3GM2N']"}
2026-08-15T12:22:49.248853044Z {"timestamp": 1786796569.2475913, "severity": "INFO", "name": "recommendationservice-server", "message": "[Recv ListRecommendations] product_ids=['1YMWWN1N4O', 'OLJCESPC7Z', '2ZYFJ3GM2N', '0PUK6V6EV0', 'LS4PSXUNUM']"}
2026-08-15T12:22:49.324752415Z {"timestamp": 1786796569.3233678, "severity": "INFO", "name": "recommendationservice-server", "message": "[Recv ListRecommendations] product_ids=['L9ECAV7KIM', '1YMWWN1N4O', '6E92ZMYYFZ', 'OLJCESPC7Z', '66VCHSJNUP']"}
2026-08-15T12:22:49.733369818Z {"timestamp": 1786796569.731794, "severity": "INFO", "name": "recommendationservice-server", "message": "[Recv ListRecommendations] product_ids=['2ZYFJ3GM2N', '1YMWWN1N4O', '6E92ZMYYFZ', '0PUK6V6EV0', 'L9ECAV7KIM']"}
2026-08-15T12:22:50.195903986Z {"timestamp": 1786796570.1953654, "severity": "INFO", "name": "recommendationservice-server", "message": "[Recv ListRecommendations] product_ids=['LS4PSXUNUM', '0PUK6V6EV0', '6E92ZMYYFZ', '1YMWWN1N4O', '2ZYFJ3GM2N']"}
2026-08-15T12:22:50.222188720Z {"timestamp": 1786796570.2210274, "severity": "INFO", "name": "recommendationservice-server", "message": "[Recv ListRecommendations] product_ids=['2ZYFJ3GM2N']"}
2026-08-15T12:22:50.950285724Z {"timestamp": 1786796570.9497087, "severity": "INFO", "name": "recommendationservice-server", "message": "[Recv ListRecommendations] product_ids=['9SIQT8TOJO', '0PUK6V6EV0', '2ZYFJ3GM2N', '66VCHSJNUP', '6E92ZMYYFZ']"}
2026-08-15T12:22:51.252704137Z {"timestamp": 1786796571.2515993, "severity": "INFO", "name": "recommendationservice-server", "message": "[Recv ListRecommendations] product_ids=['0PUK6V6EV0', 'OLJCESPC7Z', '66VCHSJNUP', 'LS4PSXUNUM', '2ZYFJ3GM2N']"}
2026-08-15T12:22:51.423029481Z {"timestamp": 1786796571.4217017, "severity": "INFO", "name": "recommendationservice-server", "message": "[Recv ListRecommendations] product_ids=['6E92ZMYYFZ', '1YMWWN1N4O', '9SIQT8TOJO', '2ZYFJ3GM2N', 'OLJCESPC7Z']"}
2026-08-15T12:22:51.622518680Z {"timestamp": 1786796571.6213012, "severity": "INFO", "name": "recommendationservice-server", "message": "[Recv ListRecommendations] product_ids=['LS4PSXUNUM', '1YMWWN1N4O', 'L9ECAV7KIM', '66VCHSJNUP', '9SIQT8TOJO']"}
2026-08-15T12:22:51.770980935Z {"timestamp": 1786796571.769053, "severity": "INFO", "name": "recommendationservice-server", "message": "[Recv ListRecommendations] product_ids=['1YMWWN1N4O', '2ZYFJ3GM2N', '66VCHSJNUP', '6E92ZMYYFZ', '0PUK6V6EV0']"}
2026-08-15T12:22:51.827796423Z {"timestamp": 1786796571.826738, "severity": "INFO", "name": "recommendationservice-server", "message": "[Recv ListRecommendations] product_ids=['1YMWWN1N4O', '0PUK6V6EV0', '66VCHSJNUP', '2ZYFJ3GM2N', '9SIQT8TOJO']"}
2026-08-15T12:22:52.107148771Z {"timestamp": 1786796572.1058662, "severity": "INFO", "name": "recommendationservice-server", "message": "[Recv ListRecommendations] product_ids=['LS4PSXUNUM', '0PUK6V6EV0', '1YMWWN1N4O', '6E92ZMYYFZ', '9SIQT8TOJO']"}
2026-08-15T12:22:52.124422990Z {"timestamp": 1786796572.1233602, "severity": "INFO", "name": "recommendationservice-server", "message": "[Recv ListRecommendations] product_ids=['2ZYFJ3GM2N', '0PUK6V6EV0', 'OLJCESPC7Z', '66VCHSJNUP', '1YMWWN1N4O']"}
2026-08-15T12:22:52.351930876Z {"timestamp": 1786796572.3504357, "severity": "INFO", "name": "recommendationservice-server", "message": "[Recv ListRecommendations] product_ids=['LS4PSXUNUM', '9SIQT8TOJO', 'OLJCESPC7Z', '2ZYFJ3GM2N', '6E92ZMYYFZ']"}
2026-08-15T12:22:53.339156513Z {"timestamp": 1786796573.3382766, "severity": "INFO", "name": "recommendationservice-server", "message": "[Recv ListRecommendations] product_ids=['6E92ZMYYFZ', '1YMWWN1N4O', 'L9ECAV7KIM', '9SIQT8TOJO', 'OLJCESPC7Z']"}
2026-08-15T12:22:54.142834110Z {"timestamp": 1786796574.1424067, "severity": "INFO", "name": "recommendationservice-server", "message": "[Recv ListRecommendations] product_ids=['2ZYFJ3GM2N']"}
2026-08-15T12:22:54.250246214Z {"timestamp": 1786796574.2497334, "severity": "INFO", "name": "recommendationservice-server", "message": "[Recv ListRecommendations] product_ids=['0PUK6V6EV0', '1YMWWN1N4O', 'OLJCESPC7Z', '66VCHSJNUP', '6E92ZMYYFZ']"}
2026-08-15T12:22:54.272095149Z {"timestamp": 1786796574.2715719, "severity": "INFO", "name": "recommendationservice-server", "message": "[Recv ListRecommendations] product_ids=['6E92ZMYYFZ', '0PUK6V6EV0', '2ZYFJ3GM2N', 'OLJCESPC7Z', 'LS4PSXUNUM']"}
2026-08-15T12:22:54.313890038Z {"timestamp": 1786796574.313589, "severity": "INFO", "name": "recommendationservice-server", "message": "[Recv ListRecommendations] product_ids=['2ZYFJ3GM2N', '6E92ZMYYFZ', '0PUK6V6EV0', '1YMWWN1N4O', 'OLJCESPC7Z']"}
2026-08-15T12:22:55.627884895Z {"timestamp": 1786796575.6267436, "severity": "INFO", "name": "recommendationservice-server", "message": "[Recv ListRecommendations] product_ids=['0PUK6V6EV0', '9SIQT8TOJO', 'L9ECAV7KIM', 'LS4PSXUNUM', '1YMWWN1N4O']"}
2026-08-15T12:22:55.834260552Z {"timestamp": 1786796575.833098, "severity": "INFO", "name": "recommendationservice-server", "message": "[Recv ListRecommendations] product_ids=['L9ECAV7KIM', '66VCHSJNUP', '9SIQT8TOJO', 'OLJCESPC7Z', '1YMWWN1N4O']"}
2026-08-15T12:22:56.247586052Z {"timestamp": 1786796576.2465162, "severity": "INFO", "name": "recommendationservice-server", "message": "[Recv ListRecommendations] product_ids=['9SIQT8TOJO', '2ZYFJ3GM2N', 'LS4PSXUNUM', '66VCHSJNUP', '6E92ZMYYFZ']"}
2026-08-15T12:22:58.194383906Z {"timestamp": 1786796578.1941013, "severity": "INFO", "name": "recommendationservice-server", "message": "[Recv ListRecommendations] product_ids=['9SIQT8TOJO', 'L9ECAV7KIM', '2ZYFJ3GM2N', 'OLJCESPC7Z', '6E92ZMYYFZ']"}
2026-08-15T12:22:58.267744068Z {"timestamp": 1786796578.2673402, "severity": "INFO", "name": "recommendationservice-server", "message": "[Recv ListRecommendations] product_ids=['LS4PSXUNUM', '9SIQT8TOJO', '6E92ZMYYFZ', '66VCHSJNUP', '0PUK6V6EV0']"}
2026-08-15T12:22:58.682773520Z {"timestamp": 1786796578.6816618, "severity": "INFO", "name": "recommendationservice-server", "message": "[Recv ListRecommendations] product_ids=['LS4PSXUNUM', '0PUK6V6EV0', '2ZYFJ3GM2N', '9SIQT8TOJO', '66VCHSJNUP']"}
2026-08-15T12:22:59.055403494Z {"timestamp": 1786796579.053874, "severity": "INFO", "name": "recommendationservice-server", "message": "[Recv ListRecommendations] product_ids=['66VCHSJNUP', '2ZYFJ3GM2N', 'LS4PSXUNUM', '0PUK6V6EV0', '6E92ZMYYFZ']"}
2026-08-15T12:22:59.696844269Z {"timestamp": 1786796579.6957805, "severity": "INFO", "name": "recommendationservice-server", "message": "[Recv ListRecommendations] product_ids=['9SIQT8TOJO', 'LS4PSXUNUM', '2ZYFJ3GM2N', '66VCHSJNUP', '1YMWWN1N4O']"}
2026-08-15T12:22:59.964644621Z {"timestamp": 1786796579.9635348, "severity": "INFO", "name": "recommendationservice-server", "message": "[Recv ListRecommendations] product_ids=['LS4PSXUNUM', '2ZYFJ3GM2N', '9SIQT8TOJO', '1YMWWN1N4O', '0PUK6V6EV0']"}
2026-08-15T12:22:59.968749729Z {"timestamp": 1786796579.9675977, "severity": "INFO", "name": "recommendationservice-server", "message": "[Recv ListRecommendations] product_ids=['LS4PSXUNUM', '0PUK6V6EV0', 'OLJCESPC7Z', '9SIQT8TOJO', '2ZYFJ3GM2N']"}
2026-08-15T12:23:00.162895675Z {"timestamp": 1786796580.1622565, "severity": "INFO", "name": "recommendationservice-server", "message": "[Recv ListRecommendations] product_ids=['0PUK6V6EV0', 'LS4PSXUNUM', '66VCHSJNUP', '9SIQT8TOJO', '6E92ZMYYFZ']"}
2026-08-15T12:23:00.779898532Z {"timestamp": 1786796580.7786164, "severity": "INFO", "name": "recommendationservice-server", "message": "[Recv ListRecommendations] product_ids=['LS4PSXUNUM', '0PUK6V6EV0', '66VCHSJNUP', '2ZYFJ3GM2N', '9SIQT8TOJO']"}
2026-08-15T12:23:02.519261000Z {"timestamp": 1786796582.5189366, "severity": "INFO", "name": "recommendationservice-server", "message": "[Recv ListRecommendations] product_ids=['OLJCESPC7Z', '1YMWWN1N4O', '66VCHSJNUP', 'LS4PSXUNUM', '2ZYFJ3GM2N']"}
2026-08-15T12:23:03.746463655Z {"timestamp": 1786796583.7460887, "severity": "INFO", "name": "recommendationservice-server", "message": "[Recv ListRecommendations] product_ids=['2ZYFJ3GM2N', '9SIQT8TOJO', '6E92ZMYYFZ', '1YMWWN1N4O', 'L9ECAV7KIM']"}
2026-08-15T12:23:04.246005899Z {"timestamp": 1786796584.245594, "severity": "INFO", "name": "recommendationservice-server", "message": "[Recv ListRecommendations] product_ids=['66VCHSJNUP', 'LS4PSXUNUM', 'L9ECAV7KIM', 'OLJCESPC7Z', '0PUK6V6EV0']"}
2026-08-15T12:23:04.312332017Z {"timestamp": 1786796584.3120644, "severity": "INFO", "name": "recommendationservice-server", "message": "[Recv ListRecommendations] product_ids=['OLJCESPC7Z', '9SIQT8TOJO', '66VCHSJNUP', '0PUK6V6EV0', '6E92ZMYYFZ']"}
2026-08-15T12:23:04.327657385Z {"timestamp": 1786796584.3273132, "severity": "INFO", "name": "recommendationservice-server", "message": "[Recv ListRecommendations] product_ids=['2ZYFJ3GM2N', '0PUK6V6EV0', '1YMWWN1N4O', '9SIQT8TOJO', 'L9ECAV7KIM']"}
2026-08-15T12:23:04.825368858Z {"timestamp": 1786796584.824602, "severity": "INFO", "name": "recommendationservice-server", "message": "[Recv ListRecommendations] product_ids=['L9ECAV7KIM', '1YMWWN1N4O', 'LS4PSXUNUM', '66VCHSJNUP', '2ZYFJ3GM2N']"}
2026-08-15T12:23:04.940316473Z {"timestamp": 1786796584.9390092, "severity": "INFO", "name": "recommendationservice-server", "message": "[Recv ListRecommendations] product_ids=['2ZYFJ3GM2N', '9SIQT8TOJO']"}
2026-08-15T12:23:05.022315111Z {"timestamp": 1786796585.0216873, "severity": "INFO", "name": "recommendationservice-server", "message": "[Recv ListRecommendations] product_ids=['L9ECAV7KIM', '2ZYFJ3GM2N', '66VCHSJNUP', 'OLJCESPC7Z', '6E92ZMYYFZ']"}
2026-08-15T12:23:05.530854787Z {"timestamp": 1786796585.5297406, "severity": "INFO", "name": "recommendationservice-server", "message": "[Recv ListRecommendations] product_ids=['2ZYFJ3GM2N', '1YMWWN1N4O', 'OLJCESPC7Z', '0PUK6V6EV0', '6E92ZMYYFZ']"}
2026-08-15T12:23:05.645856610Z {"timestamp": 1786796585.6447268, "severity": "INFO", "name": "recommendationservice-server", "message": "[Recv ListRecommendations] product_ids=['0PUK6V6EV0', 'LS4PSXUNUM', '66VCHSJNUP', '2ZYFJ3GM2N', '9SIQT8TOJO']"}
2026-08-15T12:23:05.736909488Z {"timestamp": 1786796585.7356348, "severity": "INFO", "name": "recommendationservice-server", "message": "[Recv ListRecommendations] product_ids=['0PUK6V6EV0', '6E92ZMYYFZ', '1YMWWN1N4O', 'OLJCESPC7Z', 'L9ECAV7KIM']"}
2026-08-15T12:23:05.918014395Z {"timestamp": 1786796585.9175918, "severity": "INFO", "name": "recommendationservice-server", "message": "[Recv ListRecommendations] product_ids=['L9ECAV7KIM', '2ZYFJ3GM2N', 'OLJCESPC7Z', 'LS4PSXUNUM', '9SIQT8TOJO']"}
2026-08-15T12:23:05.960890742Z {"timestamp": 1786796585.9604816, "severity": "INFO", "name": "recommendationservice-server", "message": "[Recv ListRecommendations] product_ids=['1YMWWN1N4O', 'LS4PSXUNUM', 'OLJCESPC7Z', '6E92ZMYYFZ', '9SIQT8TOJO']"}
2026-08-15T12:23:06.565915100Z {"timestamp": 1786796586.5640771, "severity": "INFO", "name": "recommendationservice-server", "message": "[Recv ListRecommendations] product_ids=['LS4PSXUNUM', '0PUK6V6EV0', 'L9ECAV7KIM', '2ZYFJ3GM2N', 'OLJCESPC7Z']"}
2026-08-15T12:23:06.668003312Z {"timestamp": 1786796586.6668737, "severity": "INFO", "name": "recommendationservice-server", "message": "[Recv ListRecommendations] product_ids=['L9ECAV7KIM', 'OLJCESPC7Z', '0PUK6V6EV0', '6E92ZMYYFZ', '1YMWWN1N4O']"}
2026-08-15T12:23:06.850012953Z {"timestamp": 1786796586.8485582, "severity": "INFO", "name": "recommendationservice-server", "message": "[Recv ListRecommendations] product_ids=['0PUK6V6EV0', '1YMWWN1N4O', 'OLJCESPC7Z', 'LS4PSXUNUM', '9SIQT8TOJO']"}
2026-08-15T12:23:07.486253432Z {"timestamp": 1786796587.4851282, "severity": "INFO", "name": "recommendationservice-server", "message": "[Recv ListRecommendations] product_ids=['L9ECAV7KIM', '6E92ZMYYFZ', 'LS4PSXUNUM', '2ZYFJ3GM2N', '1YMWWN1N4O']"}
2026-08-15T12:23:07.667969030Z {"timestamp": 1786796587.666886, "severity": "INFO", "name": "recommendationservice-server", "message": "[Recv ListRecommendations] product_ids=['1YMWWN1N4O', '6E92ZMYYFZ', 'OLJCESPC7Z', '0PUK6V6EV0', '2ZYFJ3GM2N']"}
2026-08-15T12:23:09.037637185Z {"timestamp": 1786796589.035314, "severity": "INFO", "name": "recommendationservice-server", "message": "[Recv ListRecommendations] product_ids=['0PUK6V6EV0', 'OLJCESPC7Z', '1YMWWN1N4O', 'L9ECAV7KIM', '2ZYFJ3GM2N']"}
2026-08-15T12:23:09.287146072Z {"timestamp": 1786796589.2860699, "severity": "INFO", "name": "recommendationservice-server", "message": "[Recv ListRecommendations] product_ids=['6E92ZMYYFZ', '0PUK6V6EV0', '9SIQT8TOJO', 'LS4PSXUNUM', '1YMWWN1N4O']"}
2026-08-15T12:23:09.477715593Z {"timestamp": 1786796589.476611, "severity": "INFO", "name": "recommendationservice-server", "message": "[Recv ListRecommendations] product_ids=['0PUK6V6EV0', '6E92ZMYYFZ', 'LS4PSXUNUM', 'L9ECAV7KIM', '2ZYFJ3GM2N']"}
2026-08-15T12:23:10.156483971Z {"timestamp": 1786796590.155215, "severity": "INFO", "name": "recommendationservice-server", "message": "[Recv ListRecommendations] product_ids=['L9ECAV7KIM', '2ZYFJ3GM2N', 'OLJCESPC7Z', '66VCHSJNUP', '1YMWWN1N4O']"}
2026-08-15T12:23:11.419787412Z {"timestamp": 1786796591.4186928, "severity": "INFO", "name": "recommendationservice-server", "message": "[Recv ListRecommendations] product_ids=['66VCHSJNUP', '1YMWWN1N4O', '2ZYFJ3GM2N', '6E92ZMYYFZ', 'LS4PSXUNUM']"}
2026-08-15T12:23:11.963046288Z {"timestamp": 1786796591.960992, "severity": "INFO", "name": "recommendationservice-server", "message": "[Recv ListRecommendations] product_ids=['1YMWWN1N4O', '9SIQT8TOJO', 'OLJCESPC7Z', 'LS4PSXUNUM', '2ZYFJ3GM2N']"}
2026-08-15T12:23:12.352892389Z {"timestamp": 1786796592.3515348, "severity": "INFO", "name": "recommendationservice-server", "message": "[Recv ListRecommendations] product_ids=['66VCHSJNUP', '0PUK6V6EV0', 'L9ECAV7KIM', '9SIQT8TOJO', '2ZYFJ3GM2N']"}
2026-08-15T12:23:12.622700622Z {"timestamp": 1786796592.6206834, "severity": "INFO", "name": "recommendationservice-server", "message": "[Recv ListRecommendations] product_ids=['9SIQT8TOJO', '66VCHSJNUP', 'OLJCESPC7Z', 'L9ECAV7KIM', '0PUK6V6EV0']"}
2026-08-15T12:23:12.971112177Z {"timestamp": 1786796592.9702926, "severity": "INFO", "name": "recommendationservice-server", "message": "[Recv ListRecommendations] product_ids=['OLJCESPC7Z', 'LS4PSXUNUM', '0PUK6V6EV0', '66VCHSJNUP', '6E92ZMYYFZ']"}
2026-08-15T12:23:13.827133808Z {"timestamp": 1786796593.8260665, "severity": "INFO", "name": "recommendationservice-server", "message": "[Recv ListRecommendations] product_ids=['9SIQT8TOJO', 'L9ECAV7KIM', 'OLJCESPC7Z', '6E92ZMYYFZ', '1YMWWN1N4O']"}
2026-08-15T12:23:13.941500045Z {"timestamp": 1786796593.9400668, "severity": "INFO", "name": "recommendationservice-server", "message": "[Recv ListRecommendations] product_ids=['0PUK6V6EV0', 'LS4PSXUNUM', '6E92ZMYYFZ', '9SIQT8TOJO', '2ZYFJ3GM2N']"}
2026-08-15T12:23:15.279595073Z {"timestamp": 1786796595.278947, "severity": "INFO", "name": "recommendationservice-server", "message": "[Recv ListRecommendations] product_ids=['L9ECAV7KIM', '6E92ZMYYFZ', 'LS4PSXUNUM', '9SIQT8TOJO', '2ZYFJ3GM2N']"}
2026-08-15T12:23:15.295560212Z {"timestamp": 1786796595.295154, "severity": "INFO", "name": "recommendationservice-server", "message": "[Recv ListRecommendations] product_ids=['9SIQT8TOJO', 'OLJCESPC7Z', '66VCHSJNUP', '1YMWWN1N4O', 'LS4PSXUNUM']"}
2026-08-15T12:23:15.361960623Z {"timestamp": 1786796595.3615735, "severity": "INFO", "name": "recommendationservice-server", "message": "[Recv ListRecommendations] product_ids=['L9ECAV7KIM', '9SIQT8TOJO', '2ZYFJ3GM2N', 'OLJCESPC7Z', '66VCHSJNUP']"}
2026-08-15T12:23:16.931326704Z {"timestamp": 1786796596.9300091, "severity": "INFO", "name": "recommendationservice-server", "message": "[Recv ListRecommendations] product_ids=['6E92ZMYYFZ', '66VCHSJNUP', '1YMWWN1N4O', 'L9ECAV7KIM', '2ZYFJ3GM2N']"}
2026-08-15T12:23:17.041565214Z {"timestamp": 1786796597.040669, "severity": "INFO", "name": "recommendationservice-server", "message": "[Recv ListRecommendations] product_ids=['L9ECAV7KIM', 'LS4PSXUNUM', '9SIQT8TOJO', '66VCHSJNUP', '6E92ZMYYFZ']"}
2026-08-15T12:23:17.495427613Z {"timestamp": 1786796597.493112, "severity": "INFO", "name": "recommendationservice-server", "message": "[Recv ListRecommendations] product_ids=['2ZYFJ3GM2N', 'OLJCESPC7Z', '0PUK6V6EV0', '6E92ZMYYFZ', '66VCHSJNUP']"}
2026-08-15T12:23:17.690353645Z {"timestamp": 1786796597.6890888, "severity": "INFO", "name": "recommendationservice-server", "message": "[Recv ListRecommendations] product_ids=['9SIQT8TOJO', '66VCHSJNUP', 'LS4PSXUNUM', '0PUK6V6EV0', 'OLJCESPC7Z']"}
2026-08-15T12:23:17.700304081Z {"timestamp": 1786796597.6994526, "severity": "INFO", "name": "recommendationservice-server", "message": "[Recv ListRecommendations] product_ids=['2ZYFJ3GM2N', '6E92ZMYYFZ', '9SIQT8TOJO', 'LS4PSXUNUM', '1YMWWN1N4O']"}
2026-08-15T12:23:17.868617571Z {"timestamp": 1786796597.867633, "severity": "INFO", "name": "recommendationservice-server", "message": "[Recv ListRecommendations] product_ids=['2ZYFJ3GM2N', '9SIQT8TOJO', '66VCHSJNUP', '0PUK6V6EV0', 'LS4PSXUNUM']"}
2026-08-15T12:23:18.149292677Z {"timestamp": 1786796598.1487558, "severity": "INFO", "name": "recommendationservice-server", "message": "[Recv ListRecommendations] product_ids=['LS4PSXUNUM', '2ZYFJ3GM2N', 'L9ECAV7KIM', '9SIQT8TOJO', '1YMWWN1N4O']"}
2026-08-15T12:23:18.441474844Z {"timestamp": 1786796598.4401577, "severity": "INFO", "name": "recommendationservice-server", "message": "[Recv ListRecommendations] product_ids=['6E92ZMYYFZ', '0PUK6V6EV0', 'OLJCESPC7Z', 'LS4PSXUNUM', '1YMWWN1N4O']"}
2026-08-15T12:23:18.899819190Z {"timestamp": 1786796598.8984437, "severity": "INFO", "name": "recommendationservice-server", "message": "[Recv ListRecommendations] product_ids=['6E92ZMYYFZ', 'OLJCESPC7Z', 'LS4PSXUNUM', '1YMWWN1N4O', '9SIQT8TOJO']"}
2026-08-15T12:23:18.978887701Z {"timestamp": 1786796598.978019, "severity": "INFO", "name": "recommendationservice-server", "message": "[Recv ListRecommendations] product_ids=['2ZYFJ3GM2N', '1YMWWN1N4O', 'LS4PSXUNUM', '6E92ZMYYFZ', 'OLJCESPC7Z']"}
2026-08-15T12:23:19.071917927Z {"timestamp": 1786796599.0711248, "severity": "INFO", "name": "recommendationservice-server", "message": "[Recv ListRecommendations] product_ids=['2ZYFJ3GM2N', 'OLJCESPC7Z', '1YMWWN1N4O', '66VCHSJNUP', '0PUK6V6EV0']"}
2026-08-15T12:23:19.455714615Z {"timestamp": 1786796599.4551349, "severity": "INFO", "name": "recommendationservice-server", "message": "[Recv ListRecommendations] product_ids=['2ZYFJ3GM2N', '9SIQT8TOJO', '6E92ZMYYFZ', 'OLJCESPC7Z', 'L9ECAV7KIM']"}
2026-08-15T12:23:19.835676150Z {"timestamp": 1786796599.8338587, "severity": "INFO", "name": "recommendationservice-server", "message": "[Recv ListRecommendations] product_ids=['1YMWWN1N4O', '0PUK6V6EV0', 'LS4PSXUNUM', '6E92ZMYYFZ', '66VCHSJNUP']"}
2026-08-15T12:23:20.196756159Z {"timestamp": 1786796600.1956651, "severity": "INFO", "name": "recommendationservice-server", "message": "[Recv ListRecommendations] product_ids=['OLJCESPC7Z', '66VCHSJNUP', '6E92ZMYYFZ', 'L9ECAV7KIM', '0PUK6V6EV0']"}
2026-08-15T12:23:20.253943313Z {"timestamp": 1786796600.2536325, "severity": "INFO", "name": "recommendationservice-server", "message": "[Recv ListRecommendations] product_ids=['L9ECAV7KIM', 'OLJCESPC7Z', '0PUK6V6EV0', '66VCHSJNUP', '2ZYFJ3GM2N']"}
2026-08-15T12:23:20.495718405Z {"timestamp": 1786796600.4945362, "severity": "INFO", "name": "recommendationservice-server", "message": "[Recv ListRecommendations] product_ids=['66VCHSJNUP', 'LS4PSXUNUM', 'L9ECAV7KIM', 'OLJCESPC7Z', '6E92ZMYYFZ']"}
2026-08-15T12:23:20.759013102Z {"timestamp": 1786796600.7584813, "severity": "INFO", "name": "recommendationservice-server", "message": "[Recv ListRecommendations] product_ids=['LS4PSXUNUM', 'OLJCESPC7Z', '1YMWWN1N4O', '2ZYFJ3GM2N', '6E92ZMYYFZ']"}
2026-08-15T12:23:23.158294458Z {"timestamp": 1786796603.1578336, "severity": "INFO", "name": "recommendationservice-server", "message": "[Recv ListRecommendations] product_ids=['0PUK6V6EV0', '6E92ZMYYFZ', '1YMWWN1N4O', 'L9ECAV7KIM', '9SIQT8TOJO']"}
2026-08-15T12:23:23.481908961Z {"timestamp": 1786796603.48065, "severity": "INFO", "name": "recommendationservice-server", "message": "[Recv ListRecommendations] product_ids=['OLJCESPC7Z', 'LS4PSXUNUM', '9SIQT8TOJO', '2ZYFJ3GM2N', '6E92ZMYYFZ']"}
2026-08-15T12:23:23.758241640Z {"timestamp": 1786796603.756003, "severity": "INFO", "name": "recommendationservice-server", "message": "[Recv ListRecommendations] product_ids=['9SIQT8TOJO', '1YMWWN1N4O', 'LS4PSXUNUM', 'OLJCESPC7Z', 'L9ECAV7KIM']"}
2026-08-15T12:23:24.118281300Z {"timestamp": 1786796604.117131, "severity": "INFO", "name": "recommendationservice-server", "message": "[Recv ListRecommendations] product_ids=['6E92ZMYYFZ', 'LS4PSXUNUM', '9SIQT8TOJO', '0PUK6V6EV0', 'OLJCESPC7Z']"}
2026-08-15T12:23:24.263749993Z {"timestamp": 1786796604.262919, "severity": "INFO", "name": "recommendationservice-server", "message": "[Recv ListRecommendations] product_ids=['9SIQT8TOJO', 'LS4PSXUNUM', 'L9ECAV7KIM', '1YMWWN1N4O', '0PUK6V6EV0']"}
2026-08-15T12:23:24.983826936Z {"timestamp": 1786796604.9832904, "severity": "INFO", "name": "recommendationservice-server", "message": "[Recv ListRecommendations] product_ids=['9SIQT8TOJO', '6E92ZMYYFZ', 'LS4PSXUNUM', '66VCHSJNUP', 'OLJCESPC7Z']"}
2026-08-15T12:23:25.180795412Z {"timestamp": 1786796605.1793563, "severity": "INFO", "name": "recommendationservice-server", "message": "[Recv ListRecommendations] product_ids=['2ZYFJ3GM2N', '1YMWWN1N4O', '9SIQT8TOJO', 'L9ECAV7KIM', '0PUK6V6EV0']"}
2026-08-15T12:23:25.725494866Z {"timestamp": 1786796605.724039, "severity": "INFO", "name": "recommendationservice-server", "message": "[Recv ListRecommendations] product_ids=['0PUK6V6EV0', '9SIQT8TOJO', 'LS4PSXUNUM', '1YMWWN1N4O', '6E92ZMYYFZ']"}
2026-08-15T12:23:26.091057359Z {"timestamp": 1786796606.0907815, "severity": "INFO", "name": "recommendationservice-server", "message": "[Recv ListRecommendations] product_ids=['2ZYFJ3GM2N', '9SIQT8TOJO']"}
2026-08-15T12:23:26.550811459Z {"timestamp": 1786796606.549801, "severity": "INFO", "name": "recommendationservice-server", "message": "[Recv ListRecommendations] product_ids=['0PUK6V6EV0', '66VCHSJNUP', '2ZYFJ3GM2N', '1YMWWN1N4O', 'LS4PSXUNUM']"}
2026-08-15T12:23:26.671128898Z {"timestamp": 1786796606.6698377, "severity": "INFO", "name": "recommendationservice-server", "message": "[Recv ListRecommendations] product_ids=['LS4PSXUNUM', '9SIQT8TOJO', '6E92ZMYYFZ', '66VCHSJNUP', 'L9ECAV7KIM']"}
2026-08-15T12:23:27.397230146Z {"timestamp": 1786796607.3968384, "severity": "INFO", "name": "recommendationservice-server", "message": "[Recv ListRecommendations] product_ids=['9SIQT8TOJO', 'L9ECAV7KIM', 'OLJCESPC7Z', '1YMWWN1N4O', '66VCHSJNUP']"}
2026-08-15T12:23:27.609826313Z {"timestamp": 1786796607.6085808, "severity": "INFO", "name": "recommendationservice-server", "message": "[Recv ListRecommendations] product_ids=['66VCHSJNUP', 'OLJCESPC7Z', 'LS4PSXUNUM', '1YMWWN1N4O', '0PUK6V6EV0']"}
2026-08-15T12:23:27.710628891Z {"timestamp": 1786796607.7100945, "severity": "INFO", "name": "recommendationservice-server", "message": "[Recv ListRecommendations] product_ids=['1YMWWN1N4O', '2ZYFJ3GM2N', '0PUK6V6EV0', 'LS4PSXUNUM', '9SIQT8TOJO']"}
2026-08-15T12:23:28.834084792Z {"timestamp": 1786796608.8335352, "severity": "INFO", "name": "recommendationservice-server", "message": "[Recv ListRecommendations] product_ids=['2ZYFJ3GM2N', '6E92ZMYYFZ', 'L9ECAV7KIM', '0PUK6V6EV0', '1YMWWN1N4O']"}
2026-08-15T12:23:28.953610415Z {"timestamp": 1786796608.9522905, "severity": "INFO", "name": "recommendationservice-server", "message": "[Recv ListRecommendations] product_ids=['9SIQT8TOJO', '0PUK6V6EV0', 'L9ECAV7KIM', 'OLJCESPC7Z', '66VCHSJNUP']"}
2026-08-15T12:23:29.611267829Z {"timestamp": 1786796609.6109178, "severity": "INFO", "name": "recommendationservice-server", "message": "[Recv ListRecommendations] product_ids=['1YMWWN1N4O', '9SIQT8TOJO', '0PUK6V6EV0', 'OLJCESPC7Z', '2ZYFJ3GM2N']"}
2026-08-15T12:23:30.012872405Z {"timestamp": 1786796610.0116131, "severity": "INFO", "name": "recommendationservice-server", "message": "[Recv ListRecommendations] product_ids=['LS4PSXUNUM', '1YMWWN1N4O', '66VCHSJNUP', '6E92ZMYYFZ']"}
2026-08-15T12:23:30.037745851Z {"timestamp": 1786796610.0364711, "severity": "INFO", "name": "recommendationservice-server", "message": "[Recv ListRecommendations] product_ids=['6E92ZMYYFZ', '2ZYFJ3GM2N', '1YMWWN1N4O', '0PUK6V6EV0', 'OLJCESPC7Z']"}
2026-08-15T12:23:30.186656582Z {"timestamp": 1786796610.1863668, "severity": "INFO", "name": "recommendationservice-server", "message": "[Recv ListRecommendations] product_ids=['6E92ZMYYFZ', 'L9ECAV7KIM', 'OLJCESPC7Z', '1YMWWN1N4O', '66VCHSJNUP']"}
2026-08-15T12:23:30.642565719Z {"timestamp": 1786796610.6414087, "severity": "INFO", "name": "recommendationservice-server", "message": "[Recv ListRecommendations] product_ids=['L9ECAV7KIM', 'LS4PSXUNUM', '6E92ZMYYFZ', '0PUK6V6EV0', '1YMWWN1N4O']"}
2026-08-15T12:23:30.829571735Z {"timestamp": 1786796610.8284633, "severity": "INFO", "name": "recommendationservice-server", "message": "[Recv ListRecommendations] product_ids=['L9ECAV7KIM', '0PUK6V6EV0', '66VCHSJNUP', 'OLJCESPC7Z', '1YMWWN1N4O']"}
2026-08-15T12:23:30.966033840Z {"timestamp": 1786796610.9648085, "severity": "INFO", "name": "recommendationservice-server", "message": "[Recv ListRecommendations] product_ids=['LS4PSXUNUM', '6E92ZMYYFZ', '66VCHSJNUP', '2ZYFJ3GM2N', 'L9ECAV7KIM']"}
2026-08-15T12:23:31.063893787Z {"timestamp": 1786796611.062167, "severity": "INFO", "name": "recommendationservice-server", "message": "[Recv ListRecommendations] product_ids=['L9ECAV7KIM', '6E92ZMYYFZ', 'LS4PSXUNUM', '0PUK6V6EV0', '2ZYFJ3GM2N']"}
2026-08-15T12:23:31.276342332Z {"timestamp": 1786796611.2726183, "severity": "INFO", "name": "recommendationservice-server", "message": "[Recv ListRecommendations] product_ids=['2ZYFJ3GM2N', '6E92ZMYYFZ', 'LS4PSXUNUM', '0PUK6V6EV0', '66VCHSJNUP']"}
2026-08-15T12:23:31.380466997Z {"timestamp": 1786796611.3799422, "severity": "INFO", "name": "recommendationservice-server", "message": "[Recv ListRecommendations] product_ids=['1YMWWN1N4O', 'L9ECAV7KIM', '9SIQT8TOJO', '66VCHSJNUP', '6E92ZMYYFZ']"}
2026-08-15T12:23:31.509886370Z {"timestamp": 1786796611.5095265, "severity": "INFO", "name": "recommendationservice-server", "message": "[Recv ListRecommendations] product_ids=['6E92ZMYYFZ', '66VCHSJNUP', 'OLJCESPC7Z', '9SIQT8TOJO', 'LS4PSXUNUM']"}
2026-08-15T12:23:31.934570530Z {"timestamp": 1786796611.934063, "severity": "INFO", "name": "recommendationservice-server", "message": "[Recv ListRecommendations] product_ids=['OLJCESPC7Z', '2ZYFJ3GM2N', '1YMWWN1N4O', '0PUK6V6EV0', '6E92ZMYYFZ']"}
2026-08-15T12:23:32.813228443Z {"timestamp": 1786796612.8128977, "severity": "INFO", "name": "recommendationservice-server", "message": "[Recv ListRecommendations] product_ids=['0PUK6V6EV0', '9SIQT8TOJO', 'OLJCESPC7Z', 'LS4PSXUNUM', '2ZYFJ3GM2N']"}
2026-08-15T12:23:33.484399243Z {"timestamp": 1786796613.483252, "severity": "INFO", "name": "recommendationservice-server", "message": "[Recv ListRecommendations] product_ids=['OLJCESPC7Z', 'L9ECAV7KIM', '6E92ZMYYFZ', '0PUK6V6EV0', '9SIQT8TOJO']"}
2026-08-15T12:23:33.576980828Z {"timestamp": 1786796613.5761182, "severity": "INFO", "name": "recommendationservice-server", "message": "[Recv ListRecommendations] product_ids=['LS4PSXUNUM', 'L9ECAV7KIM', '2ZYFJ3GM2N', '9SIQT8TOJO', '1YMWWN1N4O']"}
2026-08-15T12:23:33.667223772Z {"timestamp": 1786796613.6665986, "severity": "INFO", "name": "recommendationservice-server", "message": "[Recv ListRecommendations] product_ids=['0PUK6V6EV0', 'OLJCESPC7Z', '6E92ZMYYFZ', 'LS4PSXUNUM', '66VCHSJNUP']"}
2026-08-15T12:23:34.169132078Z {"timestamp": 1786796614.1684165, "severity": "INFO", "name": "recommendationservice-server", "message": "[Recv ListRecommendations] product_ids=['L9ECAV7KIM', '1YMWWN1N4O', '2ZYFJ3GM2N', 'OLJCESPC7Z', '9SIQT8TOJO']"}
2026-08-15T12:23:34.329909396Z {"timestamp": 1786796614.3290877, "severity": "INFO", "name": "recommendationservice-server", "message": "[Recv ListRecommendations] product_ids=['2ZYFJ3GM2N', 'L9ECAV7KIM', '0PUK6V6EV0', '66VCHSJNUP', 'OLJCESPC7Z']"}
2026-08-15T12:23:34.358647782Z {"timestamp": 1786796614.3580499, "severity": "INFO", "name": "recommendationservice-server", "message": "[Recv ListRecommendations] product_ids=['L9ECAV7KIM', '2ZYFJ3GM2N', '66VCHSJNUP', '6E92ZMYYFZ', '0PUK6V6EV0']"}
2026-08-15T12:23:34.709717317Z {"timestamp": 1786796614.7087348, "severity": "INFO", "name": "recommendationservice-server", "message": "[Recv ListRecommendations] product_ids=['2ZYFJ3GM2N', 'L9ECAV7KIM', '9SIQT8TOJO', 'LS4PSXUNUM', '66VCHSJNUP']"}
2026-08-15T12:23:35.250409272Z {"timestamp": 1786796615.2495422, "severity": "INFO", "name": "recommendationservice-server", "message": "[Recv ListRecommendations] product_ids=['LS4PSXUNUM', 'L9ECAV7KIM', '9SIQT8TOJO', '2ZYFJ3GM2N', '0PUK6V6EV0']"}
2026-08-15T12:23:35.523447341Z {"timestamp": 1786796615.521991, "severity": "INFO", "name": "recommendationservice-server", "message": "[Recv ListRecommendations] product_ids=['9SIQT8TOJO', 'LS4PSXUNUM', 'OLJCESPC7Z', '2ZYFJ3GM2N', '66VCHSJNUP']"}
2026-08-15T12:23:35.960227661Z {"timestamp": 1786796615.9549792, "severity": "INFO", "name": "recommendationservice-server", "message": "[Recv ListRecommendations] product_ids=['6E92ZMYYFZ', '2ZYFJ3GM2N', 'LS4PSXUNUM', '1YMWWN1N4O', '66VCHSJNUP']"}
2026-08-15T12:23:37.184328857Z {"timestamp": 1786796617.1832492, "severity": "INFO", "name": "recommendationservice-server", "message": "[Recv ListRecommendations] product_ids=['9SIQT8TOJO', 'LS4PSXUNUM', '66VCHSJNUP', '2ZYFJ3GM2N', '0PUK6V6EV0']"}
2026-08-15T12:23:37.666862541Z {"timestamp": 1786796617.666555, "severity": "INFO", "name": "recommendationservice-server", "message": "[Recv ListRecommendations] product_ids=['9SIQT8TOJO', '1YMWWN1N4O', 'L9ECAV7KIM', '0PUK6V6EV0', 'LS4PSXUNUM']"}
2026-08-15T12:23:37.959353344Z {"timestamp": 1786796617.958941, "severity": "INFO", "name": "recommendationservice-server", "message": "[Recv ListRecommendations] product_ids=['L9ECAV7KIM', '1YMWWN1N4O', 'OLJCESPC7Z', '9SIQT8TOJO', '2ZYFJ3GM2N']"}
2026-08-15T12:23:38.106167328Z {"timestamp": 1786796618.1056705, "severity": "INFO", "name": "recommendationservice-server", "message": "[Recv ListRecommendations] product_ids=['66VCHSJNUP', '6E92ZMYYFZ', 'LS4PSXUNUM', '1YMWWN1N4O', 'L9ECAV7KIM']"}
2026-08-15T12:23:38.129503427Z {"timestamp": 1786796618.128973, "severity": "INFO", "name": "recommendationservice-server", "message": "[Recv ListRecommendations] product_ids=['2ZYFJ3GM2N']"}
2026-08-15T12:23:38.235486164Z {"timestamp": 1786796618.2352304, "severity": "INFO", "name": "recommendationservice-server", "message": "[Recv ListRecommendations] product_ids=['66VCHSJNUP', '1YMWWN1N4O', '2ZYFJ3GM2N', 'OLJCESPC7Z', 'LS4PSXUNUM']"}
2026-08-15T12:23:38.595118747Z {"timestamp": 1786796618.5938666, "severity": "INFO", "name": "recommendationservice-server", "message": "[Recv ListRecommendations] product_ids=['L9ECAV7KIM', '9SIQT8TOJO', '2ZYFJ3GM2N', 'LS4PSXUNUM', '0PUK6V6EV0']"}
2026-08-15T12:23:38.874333416Z {"timestamp": 1786796618.8728542, "severity": "INFO", "name": "recommendationservice-server", "message": "[Recv ListRecommendations] product_ids=['2ZYFJ3GM2N', '0PUK6V6EV0', '9SIQT8TOJO', '1YMWWN1N4O', '66VCHSJNUP']"}
2026-08-15T12:23:39.522813570Z {"timestamp": 1786796619.5217514, "severity": "INFO", "name": "recommendationservice-server", "message": "[Recv ListRecommendations] product_ids=['2ZYFJ3GM2N', '66VCHSJNUP', 'L9ECAV7KIM', '6E92ZMYYFZ', '0PUK6V6EV0']"}
2026-08-15T12:23:39.933073327Z {"timestamp": 1786796619.93194, "severity": "INFO", "name": "recommendationservice-server", "message": "[Recv ListRecommendations] product_ids=['6E92ZMYYFZ', '0PUK6V6EV0', '2ZYFJ3GM2N', 'OLJCESPC7Z', '66VCHSJNUP']"}
2026-08-15T12:23:40.082176244Z {"timestamp": 1786796620.0816598, "severity": "INFO", "name": "recommendationservice-server", "message": "[Recv ListRecommendations] product_ids=['2ZYFJ3GM2N', '6E92ZMYYFZ', '0PUK6V6EV0', 'LS4PSXUNUM', '1YMWWN1N4O']"}
2026-08-15T12:23:40.162291914Z {"timestamp": 1786796620.1618552, "severity": "INFO", "name": "recommendationservice-server", "message": "[Recv ListRecommendations] product_ids=['6E92ZMYYFZ', '66VCHSJNUP', '2ZYFJ3GM2N', '1YMWWN1N4O', 'LS4PSXUNUM']"}
2026-08-15T12:23:41.178825783Z {"timestamp": 1786796621.1777158, "severity": "INFO", "name": "recommendationservice-server", "message": "[Recv ListRecommendations] product_ids=['9SIQT8TOJO', '66VCHSJNUP', 'OLJCESPC7Z', '0PUK6V6EV0', 'LS4PSXUNUM']"}
2026-08-15T12:23:41.560075539Z {"timestamp": 1786796621.55898, "severity": "INFO", "name": "recommendationservice-server", "message": "[Recv ListRecommendations] product_ids=['2ZYFJ3GM2N', 'LS4PSXUNUM', 'L9ECAV7KIM', '9SIQT8TOJO', 'OLJCESPC7Z']"}
2026-08-15T12:23:41.940832828Z {"timestamp": 1786796621.9404268, "severity": "INFO", "name": "recommendationservice-server", "message": "[Recv ListRecommendations] product_ids=['2ZYFJ3GM2N', '0PUK6V6EV0', 'OLJCESPC7Z', 'L9ECAV7KIM', '6E92ZMYYFZ']"}
2026-08-15T12:23:43.011004185Z {"timestamp": 1786796623.0099807, "severity": "INFO", "name": "recommendationservice-server", "message": "[Recv ListRecommendations] product_ids=['0PUK6V6EV0', '2ZYFJ3GM2N', '9SIQT8TOJO', 'L9ECAV7KIM', '6E92ZMYYFZ']"}
2026-08-15T12:23:43.118988200Z {"timestamp": 1786796623.1178746, "severity": "INFO", "name": "recommendationservice-server", "message": "[Recv ListRecommendations] product_ids=['9SIQT8TOJO', 'OLJCESPC7Z', '66VCHSJNUP', 'LS4PSXUNUM', '2ZYFJ3GM2N']"}
2026-08-15T12:23:43.843718965Z {"timestamp": 1786796623.8424265, "severity": "INFO", "name": "recommendationservice-server", "message": "[Recv ListRecommendations] product_ids=['6E92ZMYYFZ', '2ZYFJ3GM2N', '1YMWWN1N4O', '0PUK6V6EV0', '66VCHSJNUP']"}
2026-08-15T12:23:44.675714848Z {"timestamp": 1786796624.6745756, "severity": "INFO", "name": "recommendationservice-server", "message": "[Recv ListRecommendations] product_ids=['LS4PSXUNUM', '1YMWWN1N4O', '6E92ZMYYFZ', '66VCHSJNUP', 'L9ECAV7KIM']"}
2026-08-15T12:23:45.345076367Z {"timestamp": 1786796625.3447633, "severity": "INFO", "name": "recommendationservice-server", "message": "[Recv ListRecommendations] product_ids=['OLJCESPC7Z', 'LS4PSXUNUM', '66VCHSJNUP', '1YMWWN1N4O', '0PUK6V6EV0']"}
2026-08-15T12:23:45.515350672Z {"timestamp": 1786796625.5140102, "severity": "INFO", "name": "recommendationservice-server", "message": "[Recv ListRecommendations] product_ids=['66VCHSJNUP', 'OLJCESPC7Z', '0PUK6V6EV0', '9SIQT8TOJO', '1YMWWN1N4O']"}
2026-08-15T12:23:45.739884471Z {"timestamp": 1786796625.7395544, "severity": "INFO", "name": "recommendationservice-server", "message": "[Recv ListRecommendations] product_ids=['0PUK6V6EV0', '2ZYFJ3GM2N', 'L9ECAV7KIM', '66VCHSJNUP', '1YMWWN1N4O']"}
2026-08-15T12:23:46.423854081Z {"timestamp": 1786796626.4228745, "severity": "INFO", "name": "recommendationservice-server", "message": "[Recv ListRecommendations] product_ids=['L9ECAV7KIM', '0PUK6V6EV0', 'OLJCESPC7Z', '66VCHSJNUP', '2ZYFJ3GM2N']"}
2026-08-15T12:23:47.489696731Z {"timestamp": 1786796627.4891043, "severity": "INFO", "name": "recommendationservice-server", "message": "[Recv ListRecommendations] product_ids=['L9ECAV7KIM', '0PUK6V6EV0', '2ZYFJ3GM2N', 'OLJCESPC7Z', '1YMWWN1N4O']"}
2026-08-15T12:23:47.894949558Z {"timestamp": 1786796627.8934367, "severity": "INFO", "name": "recommendationservice-server", "message": "[Recv ListRecommendations] product_ids=['OLJCESPC7Z', '9SIQT8TOJO', '1YMWWN1N4O', '6E92ZMYYFZ', '2ZYFJ3GM2N']"}
2026-08-15T12:23:48.316139057Z {"timestamp": 1786796628.3156927, "severity": "INFO", "name": "recommendationservice-server", "message": "[Recv ListRecommendations] product_ids=['OLJCESPC7Z', '66VCHSJNUP', '9SIQT8TOJO', '6E92ZMYYFZ', 'LS4PSXUNUM']"}
2026-08-15T12:23:48.594175348Z {"timestamp": 1786796628.592787, "severity": "INFO", "name": "recommendationservice-server", "message": "[Recv ListRecommendations] product_ids=['0PUK6V6EV0', 'OLJCESPC7Z', '1YMWWN1N4O', 'LS4PSXUNUM', '6E92ZMYYFZ']"}
2026-08-15T12:23:48.674644414Z {"timestamp": 1786796628.6737437, "severity": "INFO", "name": "recommendationservice-server", "message": "[Recv ListRecommendations] product_ids=['9SIQT8TOJO']"}
2026-08-15T12:23:49.052536448Z {"timestamp": 1786796629.0516932, "severity": "INFO", "name": "recommendationservice-server", "message": "[Recv ListRecommendations] product_ids=['OLJCESPC7Z', '2ZYFJ3GM2N', 'L9ECAV7KIM', '66VCHSJNUP', '6E92ZMYYFZ']"}
2026-08-15T12:23:49.185871063Z {"timestamp": 1786796629.1850257, "severity": "INFO", "name": "recommendationservice-server", "message": "[Recv ListRecommendations] product_ids=['LS4PSXUNUM', '66VCHSJNUP', '6E92ZMYYFZ', 'OLJCESPC7Z', '0PUK6V6EV0']"}
2026-08-15T12:23:49.234741382Z {"timestamp": 1786796629.233919, "severity": "INFO", "name": "recommendationservice-server", "message": "[Recv ListRecommendations] product_ids=['LS4PSXUNUM', '2ZYFJ3GM2N', 'OLJCESPC7Z', '1YMWWN1N4O', '6E92ZMYYFZ']"}
2026-08-15T12:23:49.388958811Z {"timestamp": 1786796629.3877976, "severity": "INFO", "name": "recommendationservice-server", "message": "[Recv ListRecommendations] product_ids=['2ZYFJ3GM2N', '66VCHSJNUP', 'OLJCESPC7Z', '1YMWWN1N4O', '0PUK6V6EV0']"}
2026-08-15T12:23:49.848240478Z {"timestamp": 1786796629.8470347, "severity": "INFO", "name": "recommendationservice-server", "message": "[Recv ListRecommendations] product_ids=['OLJCESPC7Z', '66VCHSJNUP', '2ZYFJ3GM2N', '1YMWWN1N4O', 'LS4PSXUNUM']"}
2026-08-15T12:23:49.921935517Z {"timestamp": 1786796629.9210315, "severity": "INFO", "name": "recommendationservice-server", "message": "[Recv ListRecommendations] product_ids=['1YMWWN1N4O', '2ZYFJ3GM2N', '9SIQT8TOJO', 'L9ECAV7KIM', 'OLJCESPC7Z']"}
2026-08-15T12:23:50.056901384Z {"timestamp": 1786796630.0558426, "severity": "INFO", "name": "recommendationservice-server", "message": "[Recv ListRecommendations] product_ids=['66VCHSJNUP', 'L9ECAV7KIM', 'OLJCESPC7Z', '0PUK6V6EV0', '9SIQT8TOJO']"}
2026-08-15T12:23:50.116428743Z {"timestamp": 1786796630.115003, "severity": "INFO", "name": "recommendationservice-server", "message": "[Recv ListRecommendations] product_ids=['OLJCESPC7Z', '9SIQT8TOJO', '0PUK6V6EV0', '6E92ZMYYFZ', '1YMWWN1N4O']"}
2026-08-15T12:23:50.401864461Z {"timestamp": 1786796630.4010677, "severity": "INFO", "name": "recommendationservice-server", "message": "[Recv ListRecommendations] product_ids=['6E92ZMYYFZ', '66VCHSJNUP', 'LS4PSXUNUM', '2ZYFJ3GM2N', '0PUK6V6EV0']"}
2026-08-15T12:23:50.707199342Z {"timestamp": 1786796630.7059069, "severity": "INFO", "name": "recommendationservice-server", "message": "[Recv ListRecommendations] product_ids=['9SIQT8TOJO', '1YMWWN1N4O', '0PUK6V6EV0', 'L9ECAV7KIM', 'LS4PSXUNUM']"}
2026-08-15T12:23:51.575954312Z {"timestamp": 1786796631.574464, "severity": "INFO", "name": "recommendationservice-server", "message": "[Recv ListRecommendations] product_ids=['2ZYFJ3GM2N', 'LS4PSXUNUM', '9SIQT8TOJO', '66VCHSJNUP', '6E92ZMYYFZ']"}
2026-08-15T12:23:51.861081383Z {"timestamp": 1786796631.8598351, "severity": "INFO", "name": "recommendationservice-server", "message": "[Recv ListRecommendations] product_ids=['9SIQT8TOJO', '0PUK6V6EV0', 'OLJCESPC7Z', '66VCHSJNUP', '2ZYFJ3GM2N']"}
2026-08-15T12:23:52.433278224Z {"timestamp": 1786796632.431745, "severity": "INFO", "name": "recommendationservice-server", "message": "[Recv ListRecommendations] product_ids=['LS4PSXUNUM', '6E92ZMYYFZ', 'OLJCESPC7Z', '0PUK6V6EV0', '9SIQT8TOJO']"}
2026-08-15T12:23:52.820413991Z {"timestamp": 1786796632.8191257, "severity": "INFO", "name": "recommendationservice-server", "message": "[Recv ListRecommendations] product_ids=['9SIQT8TOJO', 'L9ECAV7KIM', '0PUK6V6EV0', '1YMWWN1N4O']"}
2026-08-15T12:23:53.269513291Z {"timestamp": 1786796633.2683637, "severity": "INFO", "name": "recommendationservice-server", "message": "[Recv ListRecommendations] product_ids=['66VCHSJNUP', '6E92ZMYYFZ', 'L9ECAV7KIM', '0PUK6V6EV0', 'OLJCESPC7Z']"}
2026-08-15T12:23:53.641452419Z {"timestamp": 1786796633.6401298, "severity": "INFO", "name": "recommendationservice-server", "message": "[Recv ListRecommendations] product_ids=['0PUK6V6EV0', 'OLJCESPC7Z', '6E92ZMYYFZ', 'L9ECAV7KIM', '2ZYFJ3GM2N']"}
2026-08-15T12:23:54.081682855Z {"timestamp": 1786796634.081031, "severity": "INFO", "name": "recommendationservice-server", "message": "[Recv ListRecommendations] product_ids=['L9ECAV7KIM', '1YMWWN1N4O', 'OLJCESPC7Z', '2ZYFJ3GM2N', '9SIQT8TOJO']"}
2026-08-15T12:23:55.068973465Z {"timestamp": 1786796635.0675316, "severity": "INFO", "name": "recommendationservice-server", "message": "[Recv ListRecommendations] product_ids=['L9ECAV7KIM', 'LS4PSXUNUM', '1YMWWN1N4O', '6E92ZMYYFZ', '2ZYFJ3GM2N']"}
2026-08-15T12:23:55.251495748Z {"timestamp": 1786796635.2506373, "severity": "INFO", "name": "recommendationservice-server", "message": "[Recv ListRecommendations] product_ids=['L9ECAV7KIM', '0PUK6V6EV0', 'LS4PSXUNUM', '1YMWWN1N4O', '2ZYFJ3GM2N']"}
2026-08-15T12:23:55.307434755Z {"timestamp": 1786796635.3070798, "severity": "INFO", "name": "recommendationservice-server", "message": "[Recv ListRecommendations] product_ids=['66VCHSJNUP', '9SIQT8TOJO', 'OLJCESPC7Z', '6E92ZMYYFZ', 'LS4PSXUNUM']"}
2026-08-15T12:23:55.346337241Z {"timestamp": 1786796635.3460557, "severity": "INFO", "name": "recommendationservice-server", "message": "[Recv ListRecommendations] product_ids=['9SIQT8TOJO', '6E92ZMYYFZ', 'OLJCESPC7Z', '1YMWWN1N4O', '0PUK6V6EV0']"}
2026-08-15T12:23:55.365860645Z {"timestamp": 1786796635.3656225, "severity": "INFO", "name": "recommendationservice-server", "message": "[Recv ListRecommendations] product_ids=['2ZYFJ3GM2N', '0PUK6V6EV0', '1YMWWN1N4O', 'LS4PSXUNUM', 'OLJCESPC7Z']"}
2026-08-15T12:23:55.476374049Z {"timestamp": 1786796635.475257, "severity": "INFO", "name": "recommendationservice-server", "message": "[Recv ListRecommendations] product_ids=['66VCHSJNUP', '9SIQT8TOJO', '0PUK6V6EV0', '2ZYFJ3GM2N', '1YMWWN1N4O']"}
2026-08-15T12:23:57.421702226Z {"timestamp": 1786796637.4210455, "severity": "INFO", "name": "recommendationservice-server", "message": "[Recv ListRecommendations] product_ids=['0PUK6V6EV0', 'OLJCESPC7Z', '1YMWWN1N4O', '66VCHSJNUP', '2ZYFJ3GM2N']"}
2026-08-15T12:23:57.510996701Z {"timestamp": 1786796637.5102274, "severity": "INFO", "name": "recommendationservice-server", "message": "[Recv ListRecommendations] product_ids=['0PUK6V6EV0', '66VCHSJNUP', '9SIQT8TOJO', '6E92ZMYYFZ', 'LS4PSXUNUM']"}
2026-08-15T12:23:57.611527636Z {"timestamp": 1786796637.6106498, "severity": "INFO", "name": "recommendationservice-server", "message": "[Recv ListRecommendations] product_ids=['0PUK6V6EV0', 'LS4PSXUNUM', '9SIQT8TOJO', '1YMWWN1N4O', '2ZYFJ3GM2N']"}
2026-08-15T12:23:57.637181811Z {"timestamp": 1786796637.6363838, "severity": "INFO", "name": "recommendationservice-server", "message": "[Recv ListRecommendations] product_ids=['9SIQT8TOJO', '2ZYFJ3GM2N', '0PUK6V6EV0', '66VCHSJNUP', 'OLJCESPC7Z']"}
2026-08-15T12:23:57.752370003Z {"timestamp": 1786796637.7518423, "severity": "INFO", "name": "recommendationservice-server", "message": "[Recv ListRecommendations] product_ids=['6E92ZMYYFZ', 'OLJCESPC7Z', '0PUK6V6EV0', 'L9ECAV7KIM', '9SIQT8TOJO']"}
2026-08-15T12:23:57.760754665Z {"timestamp": 1786796637.7600753, "severity": "INFO", "name": "recommendationservice-server", "message": "[Recv ListRecommendations] product_ids=['66VCHSJNUP', 'OLJCESPC7Z', 'L9ECAV7KIM', '2ZYFJ3GM2N', '6E92ZMYYFZ']"}
2026-08-15T12:23:58.289507793Z {"timestamp": 1786796638.2885544, "severity": "INFO", "name": "recommendationservice-server", "message": "[Recv ListRecommendations] product_ids=['2ZYFJ3GM2N', '0PUK6V6EV0', '66VCHSJNUP', 'L9ECAV7KIM', '9SIQT8TOJO']"}
2026-08-15T12:23:58.303944611Z {"timestamp": 1786796638.3036063, "severity": "INFO", "name": "recommendationservice-server", "message": "[Recv ListRecommendations] product_ids=['LS4PSXUNUM', '1YMWWN1N4O', '6E92ZMYYFZ', '66VCHSJNUP']"}
2026-08-15T12:23:58.633333865Z {"timestamp": 1786796638.6320128, "severity": "INFO", "name": "recommendationservice-server", "message": "[Recv ListRecommendations] product_ids=['LS4PSXUNUM', 'OLJCESPC7Z', '1YMWWN1N4O', '2ZYFJ3GM2N', '6E92ZMYYFZ']"}
2026-08-15T12:23:59.023105551Z {"timestamp": 1786796639.0224173, "severity": "INFO", "name": "recommendationservice-server", "message": "[Recv ListRecommendations] product_ids=['OLJCESPC7Z', '0PUK6V6EV0', '66VCHSJNUP', '2ZYFJ3GM2N', '9SIQT8TOJO']"}
2026-08-15T12:23:59.034666268Z {"timestamp": 1786796639.033929, "severity": "INFO", "name": "recommendationservice-server", "message": "[Recv ListRecommendations] product_ids=['0PUK6V6EV0', 'LS4PSXUNUM', 'L9ECAV7KIM', '1YMWWN1N4O', '66VCHSJNUP']"}
2026-08-15T12:23:59.207029832Z {"timestamp": 1786796639.206335, "severity": "INFO", "name": "recommendationservice-server", "message": "[Recv ListRecommendations] product_ids=['6E92ZMYYFZ', '66VCHSJNUP', 'LS4PSXUNUM', '1YMWWN1N4O', '2ZYFJ3GM2N']"}
2026-08-15T12:23:59.779731626Z {"timestamp": 1786796639.779256, "severity": "INFO", "name": "recommendationservice-server", "message": "[Recv ListRecommendations] product_ids=['L9ECAV7KIM', '0PUK6V6EV0', '1YMWWN1N4O', '2ZYFJ3GM2N', '6E92ZMYYFZ']"}
2026-08-15T12:24:00.831927056Z {"timestamp": 1786796640.8297577, "severity": "INFO", "name": "recommendationservice-server", "message": "[Recv ListRecommendations] product_ids=['1YMWWN1N4O', '9SIQT8TOJO', '6E92ZMYYFZ', '0PUK6V6EV0', '2ZYFJ3GM2N']"}
2026-08-15T12:24:01.163489188Z {"timestamp": 1786796641.162388, "severity": "INFO", "name": "recommendationservice-server", "message": "[Recv ListRecommendations] product_ids=['2ZYFJ3GM2N', 'OLJCESPC7Z', '9SIQT8TOJO', '1YMWWN1N4O', 'L9ECAV7KIM']"}
2026-08-15T12:24:01.643623636Z {"timestamp": 1786796641.642643, "severity": "INFO", "name": "recommendationservice-server", "message": "[Recv ListRecommendations] product_ids=['OLJCESPC7Z', '66VCHSJNUP', 'LS4PSXUNUM', '1YMWWN1N4O', '0PUK6V6EV0']"}
2026-08-15T12:24:02.229601245Z {"timestamp": 1786796642.22929, "severity": "INFO", "name": "recommendationservice-server", "message": "[Recv ListRecommendations] product_ids=['6E92ZMYYFZ', 'OLJCESPC7Z', '1YMWWN1N4O', 'L9ECAV7KIM', '2ZYFJ3GM2N']"}
2026-08-15T12:24:02.485064105Z {"timestamp": 1786796642.4847243, "severity": "INFO", "name": "recommendationservice-server", "message": "[Recv ListRecommendations] product_ids=['LS4PSXUNUM', '9SIQT8TOJO', 'L9ECAV7KIM', 'OLJCESPC7Z', '66VCHSJNUP']"}
2026-08-15T12:24:02.605556221Z {"timestamp": 1786796642.605186, "severity": "INFO", "name": "recommendationservice-server", "message": "[Recv ListRecommendations] product_ids=['6E92ZMYYFZ', '66VCHSJNUP', '2ZYFJ3GM2N', 'L9ECAV7KIM', 'LS4PSXUNUM']"}
2026-08-15T12:24:02.664654030Z {"timestamp": 1786796642.664375, "severity": "INFO", "name": "recommendationservice-server", "message": "[Recv ListRecommendations] product_ids=['L9ECAV7KIM', '2ZYFJ3GM2N', 'LS4PSXUNUM', 'OLJCESPC7Z', '1YMWWN1N4O']"}
2026-08-15T12:24:03.517002501Z {"timestamp": 1786796643.5163696, "severity": "INFO", "name": "recommendationservice-server", "message": "[Recv ListRecommendations] product_ids=['OLJCESPC7Z', '1YMWWN1N4O', '66VCHSJNUP', '6E92ZMYYFZ', '2ZYFJ3GM2N']"}
2026-08-15T12:24:03.717888940Z {"timestamp": 1786796643.7172427, "severity": "INFO", "name": "recommendationservice-server", "message": "[Recv ListRecommendations] product_ids=['L9ECAV7KIM', 'LS4PSXUNUM', 'OLJCESPC7Z', '9SIQT8TOJO', '66VCHSJNUP']"}
2026-08-15T12:24:04.378652594Z {"timestamp": 1786796644.3778517, "severity": "INFO", "name": "recommendationservice-server", "message": "[Recv ListRecommendations] product_ids=['0PUK6V6EV0', '2ZYFJ3GM2N', 'LS4PSXUNUM', '6E92ZMYYFZ', '1YMWWN1N4O']"}
2026-08-15T12:24:05.057278928Z {"timestamp": 1786796645.0561895, "severity": "INFO", "name": "recommendationservice-server", "message": "[Recv ListRecommendations] product_ids=['1YMWWN1N4O', 'OLJCESPC7Z', '9SIQT8TOJO', '2ZYFJ3GM2N', 'L9ECAV7KIM']"}
2026-08-15T12:24:06.509432924Z {"timestamp": 1786796646.5080807, "severity": "INFO", "name": "recommendationservice-server", "message": "[Recv ListRecommendations] product_ids=['OLJCESPC7Z', 'LS4PSXUNUM', 'L9ECAV7KIM', '2ZYFJ3GM2N', '66VCHSJNUP']"}
2026-08-15T12:24:06.617148913Z {"timestamp": 1786796646.6158247, "severity": "INFO", "name": "recommendationservice-server", "message": "[Recv ListRecommendations] product_ids=['LS4PSXUNUM', '66VCHSJNUP', '1YMWWN1N4O']"}
2026-08-15T12:24:06.876901759Z {"timestamp": 1786796646.8759103, "severity": "INFO", "name": "recommendationservice-server", "message": "[Recv ListRecommendations] product_ids=['OLJCESPC7Z', '0PUK6V6EV0', '9SIQT8TOJO', '2ZYFJ3GM2N', 'LS4PSXUNUM']"}
2026-08-15T12:24:07.450138176Z {"timestamp": 1786796647.4489667, "severity": "INFO", "name": "recommendationservice-server", "message": "[Recv ListRecommendations] product_ids=['2ZYFJ3GM2N', 'L9ECAV7KIM', '66VCHSJNUP', '1YMWWN1N4O', 'LS4PSXUNUM']"}
2026-08-15T12:24:08.514673915Z {"timestamp": 1786796648.5134964, "severity": "INFO", "name": "recommendationservice-server", "message": "[Recv ListRecommendations] product_ids=['1YMWWN1N4O', '66VCHSJNUP', 'OLJCESPC7Z', 'L9ECAV7KIM', '0PUK6V6EV0']"}
2026-08-15T12:24:09.111885547Z {"timestamp": 1786796649.1110744, "severity": "INFO", "name": "recommendationservice-server", "message": "[Recv ListRecommendations] product_ids=['2ZYFJ3GM2N', '9SIQT8TOJO', '1YMWWN1N4O', 'LS4PSXUNUM', '66VCHSJNUP']"}
2026-08-15T12:24:09.405182690Z {"timestamp": 1786796649.4041483, "severity": "INFO", "name": "recommendationservice-server", "message": "[Recv ListRecommendations] product_ids=['OLJCESPC7Z', '66VCHSJNUP', 'L9ECAV7KIM', 'LS4PSXUNUM', '2ZYFJ3GM2N']"}
2026-08-15T12:24:10.276548299Z {"timestamp": 1786796650.2722864, "severity": "INFO", "name": "recommendationservice-server", "message": "[Recv ListRecommendations] product_ids=['2ZYFJ3GM2N', '1YMWWN1N4O', 'LS4PSXUNUM', '0PUK6V6EV0', '66VCHSJNUP']"}
2026-08-15T12:24:10.351641034Z {"timestamp": 1786796650.3513913, "severity": "INFO", "name": "recommendationservice-server", "message": "[Recv ListRecommendations] product_ids=['66VCHSJNUP', 'LS4PSXUNUM', '6E92ZMYYFZ', '9SIQT8TOJO', '1YMWWN1N4O']"}
2026-08-15T12:24:11.402867511Z {"timestamp": 1786796651.4023705, "severity": "INFO", "name": "recommendationservice-server", "message": "[Recv ListRecommendations] product_ids=['L9ECAV7KIM', '2ZYFJ3GM2N', '1YMWWN1N4O', 'OLJCESPC7Z', 'LS4PSXUNUM']"}
2026-08-15T12:24:12.678072287Z {"timestamp": 1786796652.6769793, "severity": "INFO", "name": "recommendationservice-server", "message": "[Recv ListRecommendations] product_ids=['0PUK6V6EV0', 'L9ECAV7KIM', '2ZYFJ3GM2N', '66VCHSJNUP', '1YMWWN1N4O']"}
2026-08-15T12:24:14.220652240Z {"timestamp": 1786796654.218262, "severity": "INFO", "name": "recommendationservice-server", "message": "[Recv ListRecommendations] product_ids=['0PUK6V6EV0', '1YMWWN1N4O', 'LS4PSXUNUM', '2ZYFJ3GM2N', '6E92ZMYYFZ']"}
2026-08-15T12:24:14.388969852Z {"timestamp": 1786796654.3875456, "severity": "INFO", "name": "recommendationservice-server", "message": "[Recv ListRecommendations] product_ids=['1YMWWN1N4O', 'L9ECAV7KIM', '66VCHSJNUP', '2ZYFJ3GM2N', '9SIQT8TOJO']"}
2026-08-15T12:24:14.482403870Z {"timestamp": 1786796654.4815247, "severity": "INFO", "name": "recommendationservice-server", "message": "[Recv ListRecommendations] product_ids=['9SIQT8TOJO', '2ZYFJ3GM2N', '66VCHSJNUP', 'OLJCESPC7Z', '0PUK6V6EV0']"}
2026-08-15T12:24:14.669542745Z {"timestamp": 1786796654.6661253, "severity": "INFO", "name": "recommendationservice-server", "message": "[Recv ListRecommendations] product_ids=['1YMWWN1N4O', 'LS4PSXUNUM', 'L9ECAV7KIM', '6E92ZMYYFZ', '2ZYFJ3GM2N']"}
2026-08-15T12:24:14.692172167Z {"timestamp": 1786796654.6915092, "severity": "INFO", "name": "recommendationservice-server", "message": "[Recv ListRecommendations] product_ids=['9SIQT8TOJO', '0PUK6V6EV0', 'OLJCESPC7Z', '1YMWWN1N4O', '66VCHSJNUP']"}
2026-08-15T12:24:14.812425223Z {"timestamp": 1786796654.8117328, "severity": "INFO", "name": "recommendationservice-server", "message": "[Recv ListRecommendations] product_ids=['6E92ZMYYFZ', 'LS4PSXUNUM', '0PUK6V6EV0', 'OLJCESPC7Z', '2ZYFJ3GM2N']"}
2026-08-15T12:24:14.867403495Z {"timestamp": 1786796654.866658, "severity": "INFO", "name": "recommendationservice-server", "message": "[Recv ListRecommendations] product_ids=['0PUK6V6EV0', 'L9ECAV7KIM', 'LS4PSXUNUM', 'OLJCESPC7Z', '6E92ZMYYFZ']"}
2026-08-15T12:24:15.009131503Z {"timestamp": 1786796655.0084803, "severity": "INFO", "name": "recommendationservice-server", "message": "[Recv ListRecommendations] product_ids=['66VCHSJNUP', 'OLJCESPC7Z', 'L9ECAV7KIM', '9SIQT8TOJO', 'LS4PSXUNUM']"}
2026-08-15T12:24:15.056694786Z {"timestamp": 1786796655.0559099, "severity": "INFO", "name": "recommendationservice-server", "message": "[Recv ListRecommendations] product_ids=['6E92ZMYYFZ', '0PUK6V6EV0', 'OLJCESPC7Z', '1YMWWN1N4O', '66VCHSJNUP']"}
2026-08-15T12:24:15.111700262Z {"timestamp": 1786796655.1094658, "severity": "INFO", "name": "recommendationservice-server", "message": "[Recv ListRecommendations] product_ids=['0PUK6V6EV0', 'OLJCESPC7Z', '6E92ZMYYFZ', '2ZYFJ3GM2N']"}
2026-08-15T12:24:15.241471515Z {"timestamp": 1786796655.2411606, "severity": "INFO", "name": "recommendationservice-server", "message": "[Recv ListRecommendations] product_ids=['1YMWWN1N4O', '66VCHSJNUP', '9SIQT8TOJO', 'LS4PSXUNUM', '2ZYFJ3GM2N']"}
2026-08-15T12:24:15.919811008Z {"timestamp": 1786796655.9166772, "severity": "INFO", "name": "recommendationservice-server", "message": "[Recv ListRecommendations] product_ids=['2ZYFJ3GM2N', '9SIQT8TOJO', '66VCHSJNUP', 'OLJCESPC7Z', 'L9ECAV7KIM']"}
2026-08-15T12:24:16.110115848Z {"timestamp": 1786796656.1097872, "severity": "INFO", "name": "recommendationservice-server", "message": "[Recv ListRecommendations] product_ids=['L9ECAV7KIM', '1YMWWN1N4O', '0PUK6V6EV0', '66VCHSJNUP', '2ZYFJ3GM2N']"}
2026-08-15T12:24:16.378059687Z {"timestamp": 1786796656.3766937, "severity": "INFO", "name": "recommendationservice-server", "message": "[Recv ListRecommendations] product_ids=['LS4PSXUNUM', 'L9ECAV7KIM', '1YMWWN1N4O', '0PUK6V6EV0', '2ZYFJ3GM2N']"}
2026-08-15T12:24:16.465314698Z {"timestamp": 1786796656.4640388, "severity": "INFO", "name": "recommendationservice-server", "message": "[Recv ListRecommendations] product_ids=['1YMWWN1N4O', '66VCHSJNUP', '6E92ZMYYFZ', 'LS4PSXUNUM', 'L9ECAV7KIM']"}
2026-08-15T12:24:16.951038811Z {"timestamp": 1786796656.9499006, "severity": "INFO", "name": "recommendationservice-server", "message": "[Recv ListRecommendations] product_ids=['L9ECAV7KIM', 'LS4PSXUNUM', '0PUK6V6EV0', '1YMWWN1N4O', 'OLJCESPC7Z']"}
2026-08-15T12:24:17.182369275Z {"timestamp": 1786796657.1803527, "severity": "INFO", "name": "recommendationservice-server", "message": "[Recv ListRecommendations] product_ids=['1YMWWN1N4O', '66VCHSJNUP', 'OLJCESPC7Z', '6E92ZMYYFZ', 'L9ECAV7KIM']"}
2026-08-15T12:24:17.249109373Z {"timestamp": 1786796657.248273, "severity": "INFO", "name": "recommendationservice-server", "message": "[Recv ListRecommendations] product_ids=['1YMWWN1N4O', '66VCHSJNUP', 'L9ECAV7KIM', '9SIQT8TOJO', '2ZYFJ3GM2N']"}
2026-08-15T12:24:18.046957312Z {"timestamp": 1786796658.045978, "severity": "INFO", "name": "recommendationservice-server", "message": "[Recv ListRecommendations] product_ids=['2ZYFJ3GM2N', 'L9ECAV7KIM', 'LS4PSXUNUM', '0PUK6V6EV0', '6E92ZMYYFZ']"}
2026-08-15T12:24:18.212350395Z {"timestamp": 1786796658.2120473, "severity": "INFO", "name": "recommendationservice-server", "message": "[Recv ListRecommendations] product_ids=['LS4PSXUNUM', '6E92ZMYYFZ', '66VCHSJNUP', 'OLJCESPC7Z', '1YMWWN1N4O']"}
2026-08-15T12:24:18.387673536Z {"timestamp": 1786796658.3869164, "severity": "INFO", "name": "recommendationservice-server", "message": "[Recv ListRecommendations] product_ids=['6E92ZMYYFZ', 'LS4PSXUNUM', '66VCHSJNUP', '0PUK6V6EV0', 'L9ECAV7KIM']"}
2026-08-15T12:24:18.628553201Z {"timestamp": 1786796658.626361, "severity": "INFO", "name": "recommendationservice-server", "message": "[Recv ListRecommendations] product_ids=['LS4PSXUNUM', '1YMWWN1N4O', '9SIQT8TOJO', '2ZYFJ3GM2N', '66VCHSJNUP']"}
2026-08-15T12:24:19.129625868Z {"timestamp": 1786796659.1284275, "severity": "INFO", "name": "recommendationservice-server", "message": "[Recv ListRecommendations] product_ids=['LS4PSXUNUM', '0PUK6V6EV0', '1YMWWN1N4O', '2ZYFJ3GM2N', '66VCHSJNUP']"}
2026-08-15T12:24:19.513167279Z {"timestamp": 1786796659.5122662, "severity": "INFO", "name": "recommendationservice-server", "message": "[Recv ListRecommendations] product_ids=['9SIQT8TOJO', '6E92ZMYYFZ', '66VCHSJNUP', '2ZYFJ3GM2N', '1YMWWN1N4O']"}
2026-08-15T12:24:19.613731944Z {"timestamp": 1786796659.6127973, "severity": "INFO", "name": "recommendationservice-server", "message": "[Recv ListRecommendations] product_ids=['6E92ZMYYFZ', '1YMWWN1N4O', 'LS4PSXUNUM', '9SIQT8TOJO', '2ZYFJ3GM2N']"}
2026-08-15T12:24:20.115838862Z {"timestamp": 1786796660.114366, "severity": "INFO", "name": "recommendationservice-server", "message": "[Recv ListRecommendations] product_ids=['66VCHSJNUP', '0PUK6V6EV0', '1YMWWN1N4O', 'LS4PSXUNUM', '9SIQT8TOJO']"}
2026-08-15T12:24:20.212696883Z {"timestamp": 1786796660.2114327, "severity": "INFO", "name": "recommendationservice-server", "message": "[Recv ListRecommendations] product_ids=['9SIQT8TOJO', 'OLJCESPC7Z', 'LS4PSXUNUM', 'L9ECAV7KIM', '2ZYFJ3GM2N']"}
2026-08-15T12:24:20.437112031Z {"timestamp": 1786796660.4361188, "severity": "INFO", "name": "recommendationservice-server", "message": "[Recv ListRecommendations] product_ids=['2ZYFJ3GM2N', 'OLJCESPC7Z', '6E92ZMYYFZ', '0PUK6V6EV0', '1YMWWN1N4O']"}
2026-08-15T12:24:20.910878689Z {"timestamp": 1786796660.9096122, "severity": "INFO", "name": "recommendationservice-server", "message": "[Recv ListRecommendations] product_ids=['66VCHSJNUP', 'LS4PSXUNUM', '1YMWWN1N4O', '0PUK6V6EV0', '6E92ZMYYFZ']"}
2026-08-15T12:24:21.289481177Z {"timestamp": 1786796661.2882593, "severity": "INFO", "name": "recommendationservice-server", "message": "[Recv ListRecommendations] product_ids=['OLJCESPC7Z', '9SIQT8TOJO', '6E92ZMYYFZ', 'LS4PSXUNUM', '0PUK6V6EV0']"}
2026-08-15T12:24:21.943561888Z {"timestamp": 1786796661.9429424, "severity": "INFO", "name": "recommendationservice-server", "message": "[Recv ListRecommendations] product_ids=['0PUK6V6EV0', 'OLJCESPC7Z', 'L9ECAV7KIM', '6E92ZMYYFZ', 'LS4PSXUNUM']"}
2026-08-15T12:24:22.019970651Z {"timestamp": 1786796662.0196898, "severity": "INFO", "name": "recommendationservice-server", "message": "[Recv ListRecommendations] product_ids=['OLJCESPC7Z', 'L9ECAV7KIM', '0PUK6V6EV0', '2ZYFJ3GM2N', '9SIQT8TOJO']"}
2026-08-15T12:24:23.296004292Z {"timestamp": 1786796663.295305, "severity": "INFO", "name": "recommendationservice-server", "message": "[Recv ListRecommendations] product_ids=['L9ECAV7KIM', '2ZYFJ3GM2N', '0PUK6V6EV0', '9SIQT8TOJO', 'LS4PSXUNUM']"}
2026-08-15T12:24:23.355486451Z {"timestamp": 1786796663.3547344, "severity": "INFO", "name": "recommendationservice-server", "message": "[Recv ListRecommendations] product_ids=['9SIQT8TOJO', '0PUK6V6EV0', '1YMWWN1N4O', '6E92ZMYYFZ', '2ZYFJ3GM2N']"}
2026-08-15T12:24:23.805977225Z {"timestamp": 1786796663.805186, "severity": "INFO", "name": "recommendationservice-server", "message": "[Recv ListRecommendations] product_ids=['0PUK6V6EV0', '6E92ZMYYFZ', 'OLJCESPC7Z', '2ZYFJ3GM2N', '1YMWWN1N4O']"}
2026-08-15T12:24:24.707118502Z {"timestamp": 1786796664.7061741, "severity": "INFO", "name": "recommendationservice-server", "message": "[Recv ListRecommendations] product_ids=['9SIQT8TOJO', '1YMWWN1N4O', '2ZYFJ3GM2N', 'OLJCESPC7Z', '6E92ZMYYFZ']"}
2026-08-15T12:24:24.711034743Z {"timestamp": 1786796664.710007, "severity": "INFO", "name": "recommendationservice-server", "message": "[Recv ListRecommendations] product_ids=['0PUK6V6EV0', 'L9ECAV7KIM', 'OLJCESPC7Z', '66VCHSJNUP', 'LS4PSXUNUM']"}
2026-08-15T12:24:24.814845694Z {"timestamp": 1786796664.8138337, "severity": "INFO", "name": "recommendationservice-server", "message": "[Recv ListRecommendations] product_ids=['9SIQT8TOJO', 'L9ECAV7KIM', '1YMWWN1N4O', '0PUK6V6EV0', 'OLJCESPC7Z']"}
2026-08-15T12:24:25.512673485Z {"timestamp": 1786796665.5116568, "severity": "INFO", "name": "recommendationservice-server", "message": "[Recv ListRecommendations] product_ids=['LS4PSXUNUM', 'OLJCESPC7Z', '0PUK6V6EV0', '1YMWWN1N4O', '6E92ZMYYFZ']"}
2026-08-15T12:24:26.132872783Z {"timestamp": 1786796666.1326153, "severity": "INFO", "name": "recommendationservice-server", "message": "[Recv ListRecommendations] product_ids=['1YMWWN1N4O', '9SIQT8TOJO', '0PUK6V6EV0', 'OLJCESPC7Z', '6E92ZMYYFZ']"}
2026-08-15T12:24:26.143568708Z {"timestamp": 1786796666.1433606, "severity": "INFO", "name": "recommendationservice-server", "message": "[Recv ListRecommendations] product_ids=['2ZYFJ3GM2N', '1YMWWN1N4O', 'OLJCESPC7Z', '0PUK6V6EV0', '9SIQT8TOJO']"}
2026-08-15T12:24:26.505962205Z {"timestamp": 1786796666.504912, "severity": "INFO", "name": "recommendationservice-server", "message": "[Recv ListRecommendations] product_ids=['1YMWWN1N4O', 'LS4PSXUNUM', '66VCHSJNUP', '2ZYFJ3GM2N', '9SIQT8TOJO']"}
2026-08-15T12:24:26.573748636Z {"timestamp": 1786796666.5723732, "severity": "INFO", "name": "recommendationservice-server", "message": "[Recv ListRecommendations] product_ids=['2ZYFJ3GM2N', '0PUK6V6EV0', '66VCHSJNUP', '6E92ZMYYFZ', '9SIQT8TOJO']"}
2026-08-15T12:24:27.476808677Z {"timestamp": 1786796667.4755983, "severity": "INFO", "name": "recommendationservice-server", "message": "[Recv ListRecommendations] product_ids=['66VCHSJNUP', '9SIQT8TOJO', 'OLJCESPC7Z', '2ZYFJ3GM2N', 'LS4PSXUNUM']"}
2026-08-15T12:24:27.756801077Z {"timestamp": 1786796667.7553916, "severity": "INFO", "name": "recommendationservice-server", "message": "[Recv ListRecommendations] product_ids=['2ZYFJ3GM2N', '0PUK6V6EV0', '9SIQT8TOJO', '6E92ZMYYFZ', 'OLJCESPC7Z']"}
2026-08-15T12:24:27.831507318Z {"timestamp": 1786796667.8303213, "severity": "INFO", "name": "recommendationservice-server", "message": "[Recv ListRecommendations] product_ids=['1YMWWN1N4O', '6E92ZMYYFZ', '9SIQT8TOJO', 'OLJCESPC7Z', 'LS4PSXUNUM']"}
2026-08-15T12:24:27.910937453Z {"timestamp": 1786796667.910431, "severity": "INFO", "name": "recommendationservice-server", "message": "[Recv ListRecommendations] product_ids=['1YMWWN1N4O', '9SIQT8TOJO', '2ZYFJ3GM2N', 'OLJCESPC7Z', '6E92ZMYYFZ']"}
2026-08-15T12:24:28.244661724Z {"timestamp": 1786796668.2438877, "severity": "INFO", "name": "recommendationservice-server", "message": "[Recv ListRecommendations] product_ids=['LS4PSXUNUM', '0PUK6V6EV0', '1YMWWN1N4O', '9SIQT8TOJO', 'L9ECAV7KIM']"}
2026-08-15T12:24:28.280117835Z {"timestamp": 1786796668.2792776, "severity": "INFO", "name": "recommendationservice-server", "message": "[Recv ListRecommendations] product_ids=['66VCHSJNUP', '1YMWWN1N4O', 'LS4PSXUNUM']"}
2026-08-15T12:24:28.352274294Z {"timestamp": 1786796668.3517709, "severity": "INFO", "name": "recommendationservice-server", "message": "[Recv ListRecommendations] product_ids=['OLJCESPC7Z', '9SIQT8TOJO', '2ZYFJ3GM2N', '0PUK6V6EV0', '1YMWWN1N4O']"}
2026-08-15T12:24:28.692793751Z {"timestamp": 1786796668.6913114, "severity": "INFO", "name": "recommendationservice-server", "message": "[Recv ListRecommendations] product_ids=['LS4PSXUNUM', '1YMWWN1N4O', '2ZYFJ3GM2N', '6E92ZMYYFZ', '66VCHSJNUP']"}
2026-08-15T12:24:29.165219128Z {"timestamp": 1786796669.1637988, "severity": "INFO", "name": "recommendationservice-server", "message": "[Recv ListRecommendations] product_ids=['0PUK6V6EV0', 'LS4PSXUNUM', '6E92ZMYYFZ', '1YMWWN1N4O', '2ZYFJ3GM2N']"}
2026-08-15T12:24:29.419333471Z {"timestamp": 1786796669.417921, "severity": "INFO", "name": "recommendationservice-server", "message": "[Recv ListRecommendations] product_ids=['0PUK6V6EV0', '66VCHSJNUP', 'LS4PSXUNUM', '2ZYFJ3GM2N', 'OLJCESPC7Z']"}
2026-08-15T12:24:30.912933031Z {"timestamp": 1786796670.9118276, "severity": "INFO", "name": "recommendationservice-server", "message": "[Recv ListRecommendations] product_ids=['9SIQT8TOJO', '66VCHSJNUP', 'L9ECAV7KIM', '2ZYFJ3GM2N', '0PUK6V6EV0']"}
2026-08-15T12:24:30.923987708Z {"timestamp": 1786796670.9225001, "severity": "INFO", "name": "recommendationservice-server", "message": "[Recv ListRecommendations] product_ids=['6E92ZMYYFZ', 'L9ECAV7KIM', 'OLJCESPC7Z', 'LS4PSXUNUM', '9SIQT8TOJO']"}
2026-08-15T12:24:31.163051132Z {"timestamp": 1786796671.1591468, "severity": "INFO", "name": "recommendationservice-server", "message": "[Recv ListRecommendations] product_ids=['2ZYFJ3GM2N', 'LS4PSXUNUM', '1YMWWN1N4O', '6E92ZMYYFZ', '0PUK6V6EV0']"}
2026-08-15T12:24:31.222968862Z {"timestamp": 1786796671.2217815, "severity": "INFO", "name": "recommendationservice-server", "message": "[Recv ListRecommendations] product_ids=['L9ECAV7KIM', '0PUK6V6EV0', '1YMWWN1N4O', '9SIQT8TOJO']"}
2026-08-15T12:24:32.202026622Z {"timestamp": 1786796672.2017107, "severity": "INFO", "name": "recommendationservice-server", "message": "[Recv ListRecommendations] product_ids=['L9ECAV7KIM', '6E92ZMYYFZ', '1YMWWN1N4O', '0PUK6V6EV0', 'LS4PSXUNUM']"}
2026-08-15T12:24:32.296626227Z {"timestamp": 1786796672.2962928, "severity": "INFO", "name": "recommendationservice-server", "message": "[Recv ListRecommendations] product_ids=['2ZYFJ3GM2N', '1YMWWN1N4O', '9SIQT8TOJO', '6E92ZMYYFZ', 'LS4PSXUNUM']"}
2026-08-15T12:24:32.310161902Z {"timestamp": 1786796672.3098621, "severity": "INFO", "name": "recommendationservice-server", "message": "[Recv ListRecommendations] product_ids=['66VCHSJNUP', '0PUK6V6EV0', '1YMWWN1N4O', 'LS4PSXUNUM', '2ZYFJ3GM2N']"}
2026-08-15T12:24:32.543633627Z {"timestamp": 1786796672.5426526, "severity": "INFO", "name": "recommendationservice-server", "message": "[Recv ListRecommendations] product_ids=['1YMWWN1N4O', 'L9ECAV7KIM', '6E92ZMYYFZ', 'LS4PSXUNUM', '66VCHSJNUP']"}
2026-08-15T12:24:33.146626144Z {"timestamp": 1786796673.1461291, "severity": "INFO", "name": "recommendationservice-server", "message": "[Recv ListRecommendations] product_ids=['1YMWWN1N4O', 'LS4PSXUNUM', '2ZYFJ3GM2N', '66VCHSJNUP', '6E92ZMYYFZ']"}
2026-08-15T12:24:33.833293709Z {"timestamp": 1786796673.8324935, "severity": "INFO", "name": "recommendationservice-server", "message": "[Recv ListRecommendations] product_ids=['L9ECAV7KIM', '2ZYFJ3GM2N', '0PUK6V6EV0', '9SIQT8TOJO', 'OLJCESPC7Z']"}
2026-08-15T12:24:34.874826311Z {"timestamp": 1786796674.8734574, "severity": "INFO", "name": "recommendationservice-server", "message": "[Recv ListRecommendations] product_ids=['6E92ZMYYFZ', '2ZYFJ3GM2N', 'OLJCESPC7Z', '0PUK6V6EV0', '1YMWWN1N4O']"}
2026-08-15T12:24:34.919802540Z {"timestamp": 1786796674.9191322, "severity": "INFO", "name": "recommendationservice-server", "message": "[Recv ListRecommendations] product_ids=['0PUK6V6EV0', '2ZYFJ3GM2N', '9SIQT8TOJO', '1YMWWN1N4O', '6E92ZMYYFZ']"}
2026-08-15T12:24:35.005012435Z {"timestamp": 1786796675.0041902, "severity": "INFO", "name": "recommendationservice-server", "message": "[Recv ListRecommendations] product_ids=['66VCHSJNUP', '2ZYFJ3GM2N', 'OLJCESPC7Z', '6E92ZMYYFZ', 'LS4PSXUNUM']"}
2026-08-15T12:24:35.266716498Z {"timestamp": 1786796675.2662127, "severity": "INFO", "name": "recommendationservice-server", "message": "[Recv ListRecommendations] product_ids=['0PUK6V6EV0', '6E92ZMYYFZ', '9SIQT8TOJO', 'L9ECAV7KIM', 'LS4PSXUNUM']"}
2026-08-15T12:24:35.506828990Z {"timestamp": 1786796675.5054889, "severity": "INFO", "name": "recommendationservice-server", "message": "[Recv ListRecommendations] product_ids=['6E92ZMYYFZ', 'LS4PSXUNUM', '2ZYFJ3GM2N', '1YMWWN1N4O', 'OLJCESPC7Z']"}
2026-08-15T12:24:36.222798865Z {"timestamp": 1786796676.2224467, "severity": "INFO", "name": "recommendationservice-server", "message": "[Recv ListRecommendations] product_ids=['66VCHSJNUP', '6E92ZMYYFZ', 'L9ECAV7KIM', '2ZYFJ3GM2N', 'LS4PSXUNUM']"}
2026-08-15T12:24:36.433368509Z {"timestamp": 1786796676.432183, "severity": "INFO", "name": "recommendationservice-server", "message": "[Recv ListRecommendations] product_ids=['L9ECAV7KIM', 'LS4PSXUNUM', '9SIQT8TOJO', '66VCHSJNUP', '2ZYFJ3GM2N']"}
2026-08-15T12:24:36.857751519Z {"timestamp": 1786796676.856307, "severity": "INFO", "name": "recommendationservice-server", "message": "[Recv ListRecommendations] product_ids=['0PUK6V6EV0', '1YMWWN1N4O', '2ZYFJ3GM2N', 'L9ECAV7KIM', 'OLJCESPC7Z']"}
2026-08-15T12:24:36.972903427Z {"timestamp": 1786796676.971949, "severity": "INFO", "name": "recommendationservice-server", "message": "[Recv ListRecommendations] product_ids=['1YMWWN1N4O', '66VCHSJNUP', '0PUK6V6EV0', 'LS4PSXUNUM', '2ZYFJ3GM2N']"}
2026-08-15T12:24:37.426682406Z {"timestamp": 1786796677.4258578, "severity": "INFO", "name": "recommendationservice-server", "message": "[Recv ListRecommendations] product_ids=['LS4PSXUNUM', '66VCHSJNUP', '9SIQT8TOJO', '0PUK6V6EV0', '6E92ZMYYFZ']"}
2026-08-15T12:24:38.055400352Z {"timestamp": 1786796678.054228, "severity": "INFO", "name": "recommendationservice-server", "message": "[Recv ListRecommendations] product_ids=['1YMWWN1N4O', '2ZYFJ3GM2N', 'OLJCESPC7Z', '0PUK6V6EV0', '66VCHSJNUP']"}
2026-08-15T12:24:38.158784338Z {"timestamp": 1786796678.1582334, "severity": "INFO", "name": "recommendationservice-server", "message": "[Recv ListRecommendations] product_ids=['6E92ZMYYFZ', '66VCHSJNUP', 'L9ECAV7KIM', '0PUK6V6EV0', '9SIQT8TOJO']"}
2026-08-15T12:24:38.207120792Z {"timestamp": 1786796678.2066693, "severity": "INFO", "name": "recommendationservice-server", "message": "[Recv ListRecommendations] product_ids=['2ZYFJ3GM2N', '0PUK6V6EV0', 'LS4PSXUNUM', '9SIQT8TOJO', '6E92ZMYYFZ']"}
2026-08-15T12:24:38.258606705Z {"timestamp": 1786796678.2580566, "severity": "INFO", "name": "recommendationservice-server", "message": "[Recv ListRecommendations] product_ids=['0PUK6V6EV0', 'LS4PSXUNUM', '6E92ZMYYFZ', 'OLJCESPC7Z', 'L9ECAV7KIM']"}
2026-08-15T12:24:38.709429592Z {"timestamp": 1786796678.7086651, "severity": "INFO", "name": "recommendationservice-server", "message": "[Recv ListRecommendations] product_ids=['0PUK6V6EV0', '9SIQT8TOJO', 'LS4PSXUNUM', '1YMWWN1N4O', '6E92ZMYYFZ']"}
2026-08-15T12:24:38.808243411Z {"timestamp": 1786796678.8071268, "severity": "INFO", "name": "recommendationservice-server", "message": "[Recv ListRecommendations] product_ids=['L9ECAV7KIM', '2ZYFJ3GM2N', 'OLJCESPC7Z', '0PUK6V6EV0', 'LS4PSXUNUM']"}
2026-08-15T12:24:38.915585875Z {"timestamp": 1786796678.9150007, "severity": "INFO", "name": "recommendationservice-server", "message": "[Recv ListRecommendations] product_ids=['LS4PSXUNUM', '2ZYFJ3GM2N', 'OLJCESPC7Z', '1YMWWN1N4O', '6E92ZMYYFZ']"}
2026-08-15T12:24:39.039973827Z {"timestamp": 1786796679.0394084, "severity": "INFO", "name": "recommendationservice-server", "message": "[Recv ListRecommendations] product_ids=['66VCHSJNUP', '1YMWWN1N4O', '0PUK6V6EV0', 'OLJCESPC7Z', 'L9ECAV7KIM']"}
2026-08-15T12:24:39.731850189Z {"timestamp": 1786796679.7312682, "severity": "INFO", "name": "recommendationservice-server", "message": "[Recv ListRecommendations] product_ids=['1YMWWN1N4O', 'LS4PSXUNUM', '2ZYFJ3GM2N', 'L9ECAV7KIM', '9SIQT8TOJO']"}
2026-08-15T12:24:39.978253346Z {"timestamp": 1786796679.9777398, "severity": "INFO", "name": "recommendationservice-server", "message": "[Recv ListRecommendations] product_ids=['0PUK6V6EV0', '1YMWWN1N4O', '6E92ZMYYFZ', '9SIQT8TOJO', 'L9ECAV7KIM']"}
2026-08-15T12:24:40.002255849Z {"timestamp": 1786796680.00177, "severity": "INFO", "name": "recommendationservice-server", "message": "[Recv ListRecommendations] product_ids=['66VCHSJNUP', '0PUK6V6EV0', '1YMWWN1N4O', 'OLJCESPC7Z']"}
2026-08-15T12:24:40.203495215Z {"timestamp": 1786796680.2032106, "severity": "INFO", "name": "recommendationservice-server", "message": "[Recv ListRecommendations] product_ids=['L9ECAV7KIM', '2ZYFJ3GM2N', '1YMWWN1N4O', '6E92ZMYYFZ', '9SIQT8TOJO']"}
2026-08-15T12:24:40.216112256Z {"timestamp": 1786796680.2158418, "severity": "INFO", "name": "recommendationservice-server", "message": "[Recv ListRecommendations] product_ids=['LS4PSXUNUM', '66VCHSJNUP', '9SIQT8TOJO', '2ZYFJ3GM2N', '6E92ZMYYFZ']"}
2026-08-15T12:24:40.348925237Z {"timestamp": 1786796680.3485527, "severity": "INFO", "name": "recommendationservice-server", "message": "[Recv ListRecommendations] product_ids=['0PUK6V6EV0', '9SIQT8TOJO', 'LS4PSXUNUM', '1YMWWN1N4O', 'L9ECAV7KIM']"}
2026-08-15T12:24:40.973734512Z {"timestamp": 1786796680.973395, "severity": "INFO", "name": "recommendationservice-server", "message": "[Recv ListRecommendations] product_ids=['2ZYFJ3GM2N', 'LS4PSXUNUM', 'L9ECAV7KIM', '66VCHSJNUP', '0PUK6V6EV0']"}
2026-08-15T12:24:42.215390965Z {"timestamp": 1786796682.215071, "severity": "INFO", "name": "recommendationservice-server", "message": "[Recv ListRecommendations] product_ids=['66VCHSJNUP', 'LS4PSXUNUM', '6E92ZMYYFZ', '2ZYFJ3GM2N', 'L9ECAV7KIM']"}
2026-08-15T12:24:42.250273255Z {"timestamp": 1786796682.2499576, "severity": "INFO", "name": "recommendationservice-server", "message": "[Recv ListRecommendations] product_ids=['LS4PSXUNUM', 'OLJCESPC7Z', '0PUK6V6EV0', '66VCHSJNUP', 'L9ECAV7KIM']"}
2026-08-15T12:24:42.268085954Z {"timestamp": 1786796682.2677193, "severity": "INFO", "name": "recommendationservice-server", "message": "[Recv ListRecommendations] product_ids=['0PUK6V6EV0', '9SIQT8TOJO', 'LS4PSXUNUM', '2ZYFJ3GM2N', 'OLJCESPC7Z']"}
2026-08-15T12:24:43.771634361Z {"timestamp": 1786796683.767601, "severity": "INFO", "name": "recommendationservice-server", "message": "[Recv ListRecommendations] product_ids=['LS4PSXUNUM', '0PUK6V6EV0', 'OLJCESPC7Z', '66VCHSJNUP', '2ZYFJ3GM2N']"}
2026-08-15T12:24:43.979428483Z {"timestamp": 1786796683.9782655, "severity": "INFO", "name": "recommendationservice-server", "message": "[Recv ListRecommendations] product_ids=['0PUK6V6EV0', 'L9ECAV7KIM', '1YMWWN1N4O', '2ZYFJ3GM2N', 'OLJCESPC7Z']"}
2026-08-15T12:24:44.297784940Z {"timestamp": 1786796684.2964473, "severity": "INFO", "name": "recommendationservice-server", "message": "[Recv ListRecommendations] product_ids=['0PUK6V6EV0', 'L9ECAV7KIM', 'LS4PSXUNUM', '6E92ZMYYFZ', '9SIQT8TOJO']"}
2026-08-15T12:24:44.530563908Z {"timestamp": 1786796684.5297546, "severity": "INFO", "name": "recommendationservice-server", "message": "[Recv ListRecommendations] product_ids=['66VCHSJNUP', '1YMWWN1N4O', '6E92ZMYYFZ', '0PUK6V6EV0', '9SIQT8TOJO']"}
2026-08-15T12:24:44.642092383Z {"timestamp": 1786796684.6413116, "severity": "INFO", "name": "recommendationservice-server", "message": "[Recv ListRecommendations] product_ids=['LS4PSXUNUM', 'L9ECAV7KIM', '6E92ZMYYFZ', '9SIQT8TOJO', '66VCHSJNUP']"}
2026-08-15T12:24:45.077590270Z {"timestamp": 1786796685.0759676, "severity": "INFO", "name": "recommendationservice-server", "message": "[Recv ListRecommendations] product_ids=['2ZYFJ3GM2N', '0PUK6V6EV0', 'OLJCESPC7Z', 'LS4PSXUNUM', '66VCHSJNUP']"}
2026-08-15T12:24:45.833636575Z {"timestamp": 1786796685.832437, "severity": "INFO", "name": "recommendationservice-server", "message": "[Recv ListRecommendations] product_ids=['9SIQT8TOJO', 'L9ECAV7KIM', '6E92ZMYYFZ', '1YMWWN1N4O', '66VCHSJNUP']"}
2026-08-15T12:24:46.025723001Z {"timestamp": 1786796686.0252588, "severity": "INFO", "name": "recommendationservice-server", "message": "[Recv ListRecommendations] product_ids=['OLJCESPC7Z', '0PUK6V6EV0', 'L9ECAV7KIM', 'LS4PSXUNUM', '2ZYFJ3GM2N']"}
2026-08-15T12:24:46.132787978Z {"timestamp": 1786796686.1324897, "severity": "INFO", "name": "recommendationservice-server", "message": "[Recv ListRecommendations] product_ids=['L9ECAV7KIM', 'OLJCESPC7Z', '9SIQT8TOJO', '1YMWWN1N4O', '66VCHSJNUP']"}
2026-08-15T12:24:46.313599254Z {"timestamp": 1786796686.3124511, "severity": "INFO", "name": "recommendationservice-server", "message": "[Recv ListRecommendations] product_ids=['1YMWWN1N4O', 'L9ECAV7KIM', '0PUK6V6EV0', 'OLJCESPC7Z', 'LS4PSXUNUM']"}
2026-08-15T12:24:46.624248141Z {"timestamp": 1786796686.623165, "severity": "INFO", "name": "recommendationservice-server", "message": "[Recv ListRecommendations] product_ids=['0PUK6V6EV0', 'OLJCESPC7Z', 'L9ECAV7KIM', '2ZYFJ3GM2N', '6E92ZMYYFZ']"}
2026-08-15T12:24:46.913509596Z {"timestamp": 1786796686.9122913, "severity": "INFO", "name": "recommendationservice-server", "message": "[Recv ListRecommendations] product_ids=['66VCHSJNUP', '6E92ZMYYFZ', 'LS4PSXUNUM', '1YMWWN1N4O', '2ZYFJ3GM2N']"}
2026-08-15T12:24:47.208200647Z {"timestamp": 1786796687.2072618, "severity": "INFO", "name": "recommendationservice-server", "message": "[Recv ListRecommendations] product_ids=['LS4PSXUNUM', '0PUK6V6EV0', '66VCHSJNUP', '9SIQT8TOJO', '1YMWWN1N4O']"}
2026-08-15T12:24:47.363583299Z {"timestamp": 1786796687.3627715, "severity": "INFO", "name": "recommendationservice-server", "message": "[Recv ListRecommendations] product_ids=['9SIQT8TOJO', '0PUK6V6EV0', '6E92ZMYYFZ', '66VCHSJNUP', 'OLJCESPC7Z']"}
2026-08-15T12:24:47.614619457Z {"timestamp": 1786796687.6138518, "severity": "INFO", "name": "recommendationservice-server", "message": "[Recv ListRecommendations] product_ids=['66VCHSJNUP', '1YMWWN1N4O', '2ZYFJ3GM2N', '9SIQT8TOJO', 'OLJCESPC7Z']"}
2026-08-15T12:24:48.281976076Z {"timestamp": 1786796688.2816272, "severity": "INFO", "name": "recommendationservice-server", "message": "[Recv ListRecommendations] product_ids=['6E92ZMYYFZ', 'OLJCESPC7Z', 'L9ECAV7KIM', '0PUK6V6EV0', 'LS4PSXUNUM']"}
2026-08-15T12:24:48.299283510Z {"timestamp": 1786796688.2988815, "severity": "INFO", "name": "recommendationservice-server", "message": "[Recv ListRecommendations] product_ids=['1YMWWN1N4O', 'LS4PSXUNUM', 'OLJCESPC7Z', '0PUK6V6EV0', '6E92ZMYYFZ']"}
2026-08-15T12:24:48.391852465Z {"timestamp": 1786796688.3912365, "severity": "INFO", "name": "recommendationservice-server", "message": "[Recv ListRecommendations] product_ids=['9SIQT8TOJO', 'OLJCESPC7Z', '2ZYFJ3GM2N', '1YMWWN1N4O', '66VCHSJNUP']"}
2026-08-15T12:24:49.157403161Z {"timestamp": 1786796689.156122, "severity": "INFO", "name": "recommendationservice-server", "message": "[Recv ListRecommendations] product_ids=['1YMWWN1N4O', 'LS4PSXUNUM', '66VCHSJNUP', '2ZYFJ3GM2N', 'OLJCESPC7Z']"}
2026-08-15T12:24:49.298341598Z {"timestamp": 1786796689.2972105, "severity": "INFO", "name": "recommendationservice-server", "message": "[Recv ListRecommendations] product_ids=['66VCHSJNUP', '0PUK6V6EV0', 'OLJCESPC7Z', 'L9ECAV7KIM', '2ZYFJ3GM2N']"}
2026-08-15T12:24:49.446185347Z {"timestamp": 1786796689.4456518, "severity": "INFO", "name": "recommendationservice-server", "message": "[Recv ListRecommendations] product_ids=['6E92ZMYYFZ', '2ZYFJ3GM2N', '0PUK6V6EV0', '1YMWWN1N4O', 'L9ECAV7KIM']"}
2026-08-15T12:24:50.015021439Z {"timestamp": 1786796690.0143466, "severity": "INFO", "name": "recommendationservice-server", "message": "[Recv ListRecommendations] product_ids=['66VCHSJNUP', 'L9ECAV7KIM', '9SIQT8TOJO', '2ZYFJ3GM2N', '1YMWWN1N4O']"}
2026-08-15T12:24:50.854507462Z {"timestamp": 1786796690.853291, "severity": "INFO", "name": "recommendationservice-server", "message": "[Recv ListRecommendations] product_ids=['0PUK6V6EV0', '2ZYFJ3GM2N', 'LS4PSXUNUM', '1YMWWN1N4O', '6E92ZMYYFZ']"}
2026-08-15T12:24:52.407941725Z {"timestamp": 1786796692.406811, "severity": "INFO", "name": "recommendationservice-server", "message": "[Recv ListRecommendations] product_ids=['OLJCESPC7Z', '6E92ZMYYFZ', 'L9ECAV7KIM', '0PUK6V6EV0', '9SIQT8TOJO']"}
2026-08-15T12:24:53.398170938Z {"timestamp": 1786796693.3967319, "severity": "INFO", "name": "recommendationservice-server", "message": "[Recv ListRecommendations] product_ids=['0PUK6V6EV0', '1YMWWN1N4O', 'OLJCESPC7Z', '9SIQT8TOJO', 'L9ECAV7KIM']"}
2026-08-15T12:24:53.480848991Z {"timestamp": 1786796693.4797707, "severity": "INFO", "name": "recommendationservice-server", "message": "[Recv ListRecommendations] product_ids=['LS4PSXUNUM', 'OLJCESPC7Z', '6E92ZMYYFZ', 'L9ECAV7KIM', '2ZYFJ3GM2N']"}
2026-08-15T12:24:53.609405399Z {"timestamp": 1786796693.6083038, "severity": "INFO", "name": "recommendationservice-server", "message": "[Recv ListRecommendations] product_ids=['L9ECAV7KIM', 'OLJCESPC7Z', '6E92ZMYYFZ', '1YMWWN1N4O', '66VCHSJNUP']"}
2026-08-15T12:24:55.186557446Z {"timestamp": 1786796695.1854892, "severity": "INFO", "name": "recommendationservice-server", "message": "[Recv ListRecommendations] product_ids=['1YMWWN1N4O', '9SIQT8TOJO', '2ZYFJ3GM2N', 'LS4PSXUNUM', 'OLJCESPC7Z']"}
2026-08-15T12:24:55.472339546Z {"timestamp": 1786796695.471253, "severity": "INFO", "name": "recommendationservice-server", "message": "[Recv ListRecommendations] product_ids=['0PUK6V6EV0', '2ZYFJ3GM2N', '66VCHSJNUP', '9SIQT8TOJO', '6E92ZMYYFZ']"}
2026-08-15T12:24:55.617531139Z {"timestamp": 1786796695.6163101, "severity": "INFO", "name": "recommendationservice-server", "message": "[Recv ListRecommendations] product_ids=['0PUK6V6EV0', '1YMWWN1N4O', '66VCHSJNUP', '9SIQT8TOJO', 'LS4PSXUNUM']"}
2026-08-15T12:24:55.680541254Z {"timestamp": 1786796695.6794996, "severity": "INFO", "name": "recommendationservice-server", "message": "[Recv ListRecommendations] product_ids=['1YMWWN1N4O', 'LS4PSXUNUM', '66VCHSJNUP', '0PUK6V6EV0', 'OLJCESPC7Z']"}
2026-08-15T12:24:55.911721895Z {"timestamp": 1786796695.9091816, "severity": "INFO", "name": "recommendationservice-server", "message": "[Recv ListRecommendations] product_ids=['6E92ZMYYFZ', '1YMWWN1N4O', 'LS4PSXUNUM', '2ZYFJ3GM2N', 'L9ECAV7KIM']"}
2026-08-15T12:24:55.976765313Z {"timestamp": 1786796695.9757462, "severity": "INFO", "name": "recommendationservice-server", "message": "[Recv ListRecommendations] product_ids=['OLJCESPC7Z', 'LS4PSXUNUM', '1YMWWN1N4O', '66VCHSJNUP', '9SIQT8TOJO']"}
2026-08-15T12:24:56.754961686Z {"timestamp": 1786796696.7537653, "severity": "INFO", "name": "recommendationservice-server", "message": "[Recv ListRecommendations] product_ids=['1YMWWN1N4O', '66VCHSJNUP', '2ZYFJ3GM2N', '6E92ZMYYFZ', '0PUK6V6EV0']"}
2026-08-15T12:24:57.947936532Z {"timestamp": 1786796697.9468331, "severity": "INFO", "name": "recommendationservice-server", "message": "[Recv ListRecommendations] product_ids=['L9ECAV7KIM', '2ZYFJ3GM2N', 'OLJCESPC7Z', '6E92ZMYYFZ', '0PUK6V6EV0']"}
2026-08-15T12:24:58.140126148Z {"timestamp": 1786796698.1396132, "severity": "INFO", "name": "recommendationservice-server", "message": "[Recv ListRecommendations] product_ids=['66VCHSJNUP', '1YMWWN1N4O', '9SIQT8TOJO', '2ZYFJ3GM2N', 'OLJCESPC7Z']"}
2026-08-15T12:24:58.402360129Z {"timestamp": 1786796698.4015996, "severity": "INFO", "name": "recommendationservice-server", "message": "[Recv ListRecommendations] product_ids=['LS4PSXUNUM', 'L9ECAV7KIM', '66VCHSJNUP', '2ZYFJ3GM2N', '1YMWWN1N4O']"}
2026-08-15T12:24:58.556561869Z {"timestamp": 1786796698.556127, "severity": "INFO", "name": "recommendationservice-server", "message": "[Recv ListRecommendations] product_ids=['1YMWWN1N4O', '2ZYFJ3GM2N', '0PUK6V6EV0', 'LS4PSXUNUM', 'L9ECAV7KIM']"}
2026-08-15T12:24:58.641380342Z {"timestamp": 1786796698.6409292, "severity": "INFO", "name": "recommendationservice-server", "message": "[Recv ListRecommendations] product_ids=['1YMWWN1N4O', '9SIQT8TOJO', '2ZYFJ3GM2N', '6E92ZMYYFZ', '66VCHSJNUP']"}
2026-08-15T12:24:59.396062001Z {"timestamp": 1786796699.3948264, "severity": "INFO", "name": "recommendationservice-server", "message": "[Recv ListRecommendations] product_ids=['OLJCESPC7Z', '0PUK6V6EV0', '1YMWWN1N4O', '66VCHSJNUP']"}
2026-08-15T12:25:01.057307822Z {"timestamp": 1786796701.056087, "severity": "INFO", "name": "recommendationservice-server", "message": "[Recv ListRecommendations] product_ids=['6E92ZMYYFZ', '9SIQT8TOJO', '1YMWWN1N4O', 'OLJCESPC7Z', '2ZYFJ3GM2N']"}
2026-08-15T12:25:02.083137995Z {"timestamp": 1786796702.0826657, "severity": "INFO", "name": "recommendationservice-server", "message": "[Recv ListRecommendations] product_ids=['OLJCESPC7Z', '2ZYFJ3GM2N', 'LS4PSXUNUM', '66VCHSJNUP', '0PUK6V6EV0']"}
2026-08-15T12:25:02.096279965Z {"timestamp": 1786796702.095809, "severity": "INFO", "name": "recommendationservice-server", "message": "[Recv ListRecommendations] product_ids=['OLJCESPC7Z', 'L9ECAV7KIM', '6E92ZMYYFZ', '2ZYFJ3GM2N', 'LS4PSXUNUM']"}
2026-08-15T12:25:02.103247309Z {"timestamp": 1786796702.1028717, "severity": "INFO", "name": "recommendationservice-server", "message": "[Recv ListRecommendations] product_ids=['2ZYFJ3GM2N', '0PUK6V6EV0', '1YMWWN1N4O', 'LS4PSXUNUM', 'L9ECAV7KIM']"}
2026-08-15T12:25:02.213167586Z {"timestamp": 1786796702.2128322, "severity": "INFO", "name": "recommendationservice-server", "message": "[Recv ListRecommendations] product_ids=['L9ECAV7KIM', '1YMWWN1N4O', 'LS4PSXUNUM', '6E92ZMYYFZ', '66VCHSJNUP']"}
2026-08-15T12:25:02.230156133Z {"timestamp": 1786796702.2298112, "severity": "INFO", "name": "recommendationservice-server", "message": "[Recv ListRecommendations] product_ids=['LS4PSXUNUM', '6E92ZMYYFZ', '66VCHSJNUP', '1YMWWN1N4O', 'OLJCESPC7Z']"}
2026-08-15T12:25:02.641793938Z {"timestamp": 1786796702.6414661, "severity": "INFO", "name": "recommendationservice-server", "message": "[Recv ListRecommendations] product_ids=['OLJCESPC7Z', 'LS4PSXUNUM', '66VCHSJNUP', '9SIQT8TOJO', '0PUK6V6EV0']"}
2026-08-15T12:25:02.651278159Z {"timestamp": 1786796702.6510022, "severity": "INFO", "name": "recommendationservice-server", "message": "[Recv ListRecommendations] product_ids=['2ZYFJ3GM2N', '0PUK6V6EV0', '1YMWWN1N4O', 'L9ECAV7KIM', '9SIQT8TOJO']"}
2026-08-15T12:25:03.048608519Z {"timestamp": 1786796703.048127, "severity": "INFO", "name": "recommendationservice-server", "message": "[Recv ListRecommendations] product_ids=['66VCHSJNUP', 'LS4PSXUNUM', '2ZYFJ3GM2N', 'L9ECAV7KIM', '0PUK6V6EV0']"}
2026-08-15T12:25:03.221394920Z {"timestamp": 1786796703.2200913, "severity": "INFO", "name": "recommendationservice-server", "message": "[Recv ListRecommendations] product_ids=['66VCHSJNUP', '9SIQT8TOJO', '0PUK6V6EV0', '1YMWWN1N4O', '6E92ZMYYFZ']"}
2026-08-15T12:25:03.428905926Z {"timestamp": 1786796703.427464, "severity": "INFO", "name": "recommendationservice-server", "message": "[Recv ListRecommendations] product_ids=['L9ECAV7KIM', '0PUK6V6EV0', '9SIQT8TOJO', '1YMWWN1N4O']"}
2026-08-15T12:25:04.451699844Z {"timestamp": 1786796704.450574, "severity": "INFO", "name": "recommendationservice-server", "message": "[Recv ListRecommendations] product_ids=['2ZYFJ3GM2N', '6E92ZMYYFZ', '0PUK6V6EV0', '9SIQT8TOJO', 'OLJCESPC7Z']"}
2026-08-15T12:25:04.676732277Z {"timestamp": 1786796704.675487, "severity": "INFO", "name": "recommendationservice-server", "message": "[Recv ListRecommendations] product_ids=['1YMWWN1N4O', '2ZYFJ3GM2N', '9SIQT8TOJO', '66VCHSJNUP', 'OLJCESPC7Z']"}
2026-08-15T12:25:04.793661004Z {"timestamp": 1786796704.7921503, "severity": "INFO", "name": "recommendationservice-server", "message": "[Recv ListRecommendations] product_ids=['2ZYFJ3GM2N', '0PUK6V6EV0', '66VCHSJNUP', '6E92ZMYYFZ', 'LS4PSXUNUM']"}
2026-08-15T12:25:04.842175677Z {"timestamp": 1786796704.8408864, "severity": "INFO", "name": "recommendationservice-server", "message": "[Recv ListRecommendations] product_ids=['9SIQT8TOJO', '2ZYFJ3GM2N', '66VCHSJNUP', 'L9ECAV7KIM', '6E92ZMYYFZ']"}
2026-08-15T12:25:04.892555229Z {"timestamp": 1786796704.8913896, "severity": "INFO", "name": "recommendationservice-server", "message": "[Recv ListRecommendations] product_ids=['9SIQT8TOJO', '1YMWWN1N4O', '6E92ZMYYFZ', 'OLJCESPC7Z', 'L9ECAV7KIM']"}
2026-08-15T12:25:05.193853994Z {"timestamp": 1786796705.1922097, "severity": "INFO", "name": "recommendationservice-server", "message": "[Recv ListRecommendations] product_ids=['1YMWWN1N4O', '9SIQT8TOJO', '66VCHSJNUP', '0PUK6V6EV0', 'LS4PSXUNUM']"}
2026-08-15T12:25:05.286087019Z {"timestamp": 1786796705.2857227, "severity": "INFO", "name": "recommendationservice-server", "message": "[Recv ListRecommendations] product_ids=['OLJCESPC7Z', '2ZYFJ3GM2N', '6E92ZMYYFZ', '0PUK6V6EV0', '1YMWWN1N4O']"}
2026-08-15T12:25:05.399358999Z {"timestamp": 1786796705.398015, "severity": "INFO", "name": "recommendationservice-server", "message": "[Recv ListRecommendations] product_ids=['1YMWWN1N4O', '0PUK6V6EV0', 'OLJCESPC7Z', '9SIQT8TOJO', '66VCHSJNUP']"}
2026-08-15T12:25:05.429148464Z {"timestamp": 1786796705.4275434, "severity": "INFO", "name": "recommendationservice-server", "message": "[Recv ListRecommendations] product_ids=['1YMWWN1N4O', '66VCHSJNUP', 'OLJCESPC7Z', '0PUK6V6EV0']"}
2026-08-15T12:25:05.744757475Z {"timestamp": 1786796705.7435555, "severity": "INFO", "name": "recommendationservice-server", "message": "[Recv ListRecommendations] product_ids=['2ZYFJ3GM2N', 'LS4PSXUNUM', '6E92ZMYYFZ', '1YMWWN1N4O', 'L9ECAV7KIM']"}
2026-08-15T12:25:05.867494873Z {"timestamp": 1786796705.8662615, "severity": "INFO", "name": "recommendationservice-server", "message": "[Recv ListRecommendations] product_ids=['0PUK6V6EV0', '66VCHSJNUP', '9SIQT8TOJO', '6E92ZMYYFZ', 'LS4PSXUNUM']"}
2026-08-15T12:25:05.903074706Z {"timestamp": 1786796705.9017508, "severity": "INFO", "name": "recommendationservice-server", "message": "[Recv ListRecommendations] product_ids=['0PUK6V6EV0', 'OLJCESPC7Z', '66VCHSJNUP', '2ZYFJ3GM2N', 'LS4PSXUNUM']"}
2026-08-15T12:25:05.998829860Z {"timestamp": 1786796705.9978642, "severity": "INFO", "name": "recommendationservice-server", "message": "[Recv ListRecommendations] product_ids=['66VCHSJNUP', '1YMWWN1N4O', 'LS4PSXUNUM', 'OLJCESPC7Z', 'L9ECAV7KIM']"}
2026-08-15T12:25:06.195712273Z {"timestamp": 1786796706.194668, "severity": "INFO", "name": "recommendationservice-server", "message": "[Recv ListRecommendations] product_ids=['9SIQT8TOJO', 'L9ECAV7KIM', '66VCHSJNUP', 'LS4PSXUNUM', '2ZYFJ3GM2N']"}
2026-08-15T12:25:06.292621600Z {"timestamp": 1786796706.2918665, "severity": "INFO", "name": "recommendationservice-server", "message": "[Recv ListRecommendations] product_ids=['1YMWWN1N4O', 'L9ECAV7KIM', 'LS4PSXUNUM', '9SIQT8TOJO', 'OLJCESPC7Z']"}
2026-08-15T12:25:06.847266342Z {"timestamp": 1786796706.8462186, "severity": "INFO", "name": "recommendationservice-server", "message": "[Recv ListRecommendations] product_ids=['66VCHSJNUP', '9SIQT8TOJO', 'LS4PSXUNUM', 'OLJCESPC7Z', '2ZYFJ3GM2N']"}
2026-08-15T12:25:07.075876610Z {"timestamp": 1786796707.0746887, "severity": "INFO", "name": "recommendationservice-server", "message": "[Recv ListRecommendations] product_ids=['L9ECAV7KIM', '2ZYFJ3GM2N', '0PUK6V6EV0', 'LS4PSXUNUM', '1YMWWN1N4O']"}
2026-08-15T12:25:07.592785896Z {"timestamp": 1786796707.5916128, "severity": "INFO", "name": "recommendationservice-server", "message": "[Recv ListRecommendations] product_ids=['LS4PSXUNUM', '2ZYFJ3GM2N', '6E92ZMYYFZ', '9SIQT8TOJO', '0PUK6V6EV0']"}
2026-08-15T12:25:07.636774990Z {"timestamp": 1786796707.635488, "severity": "INFO", "name": "recommendationservice-server", "message": "[Recv ListRecommendations] product_ids=['1YMWWN1N4O', '66VCHSJNUP', 'LS4PSXUNUM']"}
2026-08-15T12:25:08.111173902Z {"timestamp": 1786796708.1105344, "severity": "INFO", "name": "recommendationservice-server", "message": "[Recv ListRecommendations] product_ids=['0PUK6V6EV0', '2ZYFJ3GM2N', '1YMWWN1N4O', '6E92ZMYYFZ', 'L9ECAV7KIM']"}
2026-08-15T12:25:08.357301397Z {"timestamp": 1786796708.3569667, "severity": "INFO", "name": "recommendationservice-server", "message": "[Recv ListRecommendations] product_ids=['2ZYFJ3GM2N', 'OLJCESPC7Z', '1YMWWN1N4O', '9SIQT8TOJO', '0PUK6V6EV0']"}
2026-08-15T12:25:09.500583499Z {"timestamp": 1786796709.5002503, "severity": "INFO", "name": "recommendationservice-server", "message": "[Recv ListRecommendations] product_ids=['1YMWWN1N4O', '9SIQT8TOJO', '6E92ZMYYFZ', '2ZYFJ3GM2N', '0PUK6V6EV0']"}
2026-08-15T12:25:09.932007994Z {"timestamp": 1786796709.9306521, "severity": "INFO", "name": "recommendationservice-server", "message": "[Recv ListRecommendations] product_ids=['L9ECAV7KIM', 'OLJCESPC7Z', '9SIQT8TOJO', '2ZYFJ3GM2N', '1YMWWN1N4O']"}
2026-08-15T12:25:10.454106366Z {"timestamp": 1786796710.4537349, "severity": "INFO", "name": "recommendationservice-server", "message": "[Recv ListRecommendations] product_ids=['6E92ZMYYFZ', '9SIQT8TOJO', 'L9ECAV7KIM', '1YMWWN1N4O', '0PUK6V6EV0']"}
2026-08-15T12:25:10.658161618Z {"timestamp": 1786796710.6568065, "severity": "INFO", "name": "recommendationservice-server", "message": "[Recv ListRecommendations] product_ids=['6E92ZMYYFZ', '0PUK6V6EV0', '9SIQT8TOJO', 'OLJCESPC7Z', '66VCHSJNUP']"}
2026-08-15T12:25:12.398356911Z {"timestamp": 1786796712.3969584, "severity": "INFO", "name": "recommendationservice-server", "message": "[Recv ListRecommendations] product_ids=['6E92ZMYYFZ', '1YMWWN1N4O', 'LS4PSXUNUM', '9SIQT8TOJO', 'OLJCESPC7Z']"}
2026-08-15T12:25:13.182871273Z {"timestamp": 1786796713.1818006, "severity": "INFO", "name": "recommendationservice-server", "message": "[Recv ListRecommendations] product_ids=['1YMWWN1N4O', '9SIQT8TOJO', '6E92ZMYYFZ', '66VCHSJNUP', 'LS4PSXUNUM']"}
2026-08-15T12:25:13.501383263Z {"timestamp": 1786796713.4064076, "severity": "INFO", "name": "recommendationservice-server", "message": "[Recv ListRecommendations] product_ids=['66VCHSJNUP', 'LS4PSXUNUM', '6E92ZMYYFZ', '9SIQT8TOJO', '2ZYFJ3GM2N']"}
2026-08-15T12:25:13.608846253Z {"timestamp": 1786796713.60823, "severity": "INFO", "name": "recommendationservice-server", "message": "[Recv ListRecommendations] product_ids=['1YMWWN1N4O', '9SIQT8TOJO', '6E92ZMYYFZ', 'LS4PSXUNUM', '2ZYFJ3GM2N']"}
2026-08-15T12:25:13.718352649Z {"timestamp": 1786796713.717, "severity": "INFO", "name": "recommendationservice-server", "message": "[Recv ListRecommendations] product_ids=['L9ECAV7KIM', '1YMWWN1N4O', '9SIQT8TOJO']"}
2026-08-15T12:25:13.800785691Z {"timestamp": 1786796713.7975643, "severity": "INFO", "name": "recommendationservice-server", "message": "[Recv ListRecommendations] product_ids=['0PUK6V6EV0', '6E92ZMYYFZ', '2ZYFJ3GM2N', 'LS4PSXUNUM', 'L9ECAV7KIM']"}
2026-08-15T12:25:14.493743345Z {"timestamp": 1786796714.4931383, "severity": "INFO", "name": "recommendationservice-server", "message": "[Recv ListRecommendations] product_ids=['66VCHSJNUP', '6E92ZMYYFZ', '2ZYFJ3GM2N', '0PUK6V6EV0', 'LS4PSXUNUM']"}
2026-08-15T12:25:14.521434291Z {"timestamp": 1786796714.520794, "severity": "INFO", "name": "recommendationservice-server", "message": "[Recv ListRecommendations] product_ids=['LS4PSXUNUM', '0PUK6V6EV0', 'L9ECAV7KIM', '66VCHSJNUP', 'OLJCESPC7Z']"}
2026-08-15T12:25:15.325130425Z {"timestamp": 1786796715.3248498, "severity": "INFO", "name": "recommendationservice-server", "message": "[Recv ListRecommendations] product_ids=['9SIQT8TOJO', 'LS4PSXUNUM', '1YMWWN1N4O', '0PUK6V6EV0', '2ZYFJ3GM2N']"}
2026-08-15T12:25:15.464110434Z {"timestamp": 1786796715.4628918, "severity": "INFO", "name": "recommendationservice-server", "message": "[Recv ListRecommendations] product_ids=['0PUK6V6EV0', 'LS4PSXUNUM', '2ZYFJ3GM2N', '6E92ZMYYFZ', '9SIQT8TOJO']"}
2026-08-15T12:25:15.837944207Z {"timestamp": 1786796715.8365195, "severity": "INFO", "name": "recommendationservice-server", "message": "[Recv ListRecommendations] product_ids=['1YMWWN1N4O', 'OLJCESPC7Z', '2ZYFJ3GM2N', 'LS4PSXUNUM', '66VCHSJNUP']"}
2026-08-15T12:25:15.938051896Z {"timestamp": 1786796715.9359322, "severity": "INFO", "name": "recommendationservice-server", "message": "[Recv ListRecommendations] product_ids=['2ZYFJ3GM2N', 'OLJCESPC7Z', '0PUK6V6EV0', '6E92ZMYYFZ', '9SIQT8TOJO']"}
2026-08-15T12:25:16.040067570Z {"timestamp": 1786796716.039622, "severity": "INFO", "name": "recommendationservice-server", "message": "[Recv ListRecommendations] product_ids=['66VCHSJNUP', '6E92ZMYYFZ', '2ZYFJ3GM2N', '9SIQT8TOJO', 'OLJCESPC7Z']"}
2026-08-15T12:25:16.192794037Z {"timestamp": 1786796716.1916153, "severity": "INFO", "name": "recommendationservice-server", "message": "[Recv ListRecommendations] product_ids=['9SIQT8TOJO', '66VCHSJNUP', '2ZYFJ3GM2N', 'L9ECAV7KIM', '1YMWWN1N4O']"}
2026-08-15T12:25:16.340200608Z {"timestamp": 1786796716.3381143, "severity": "INFO", "name": "recommendationservice-server", "message": "[Recv ListRecommendations] product_ids=['66VCHSJNUP', '9SIQT8TOJO', '0PUK6V6EV0', 'LS4PSXUNUM', 'L9ECAV7KIM']"}
2026-08-15T12:25:16.409858737Z {"timestamp": 1786796716.4042964, "severity": "INFO", "name": "recommendationservice-server", "message": "[Recv ListRecommendations] product_ids=['6E92ZMYYFZ', 'OLJCESPC7Z', 'L9ECAV7KIM', '9SIQT8TOJO', '2ZYFJ3GM2N']"}
2026-08-15T12:25:16.633768662Z {"timestamp": 1786796716.6322117, "severity": "INFO", "name": "recommendationservice-server", "message": "[Recv ListRecommendations] product_ids=['2ZYFJ3GM2N', 'L9ECAV7KIM', '66VCHSJNUP', 'LS4PSXUNUM', 'OLJCESPC7Z']"}
2026-08-15T12:25:16.700688882Z {"timestamp": 1786796716.699442, "severity": "INFO", "name": "recommendationservice-server", "message": "[Recv ListRecommendations] product_ids=['LS4PSXUNUM', '1YMWWN1N4O', 'OLJCESPC7Z', '0PUK6V6EV0', '6E92ZMYYFZ']"}
2026-08-15T12:25:18.714831650Z {"timestamp": 1786796718.7141204, "severity": "INFO", "name": "recommendationservice-server", "message": "[Recv ListRecommendations] product_ids=['1YMWWN1N4O', '66VCHSJNUP', '6E92ZMYYFZ', '0PUK6V6EV0', 'LS4PSXUNUM']"}
2026-08-15T12:25:19.848629377Z {"timestamp": 1786796719.8471718, "severity": "INFO", "name": "recommendationservice-server", "message": "[Recv ListRecommendations] product_ids=['9SIQT8TOJO', 'OLJCESPC7Z', 'LS4PSXUNUM', '1YMWWN1N4O', '2ZYFJ3GM2N']"}
2026-08-15T12:25:20.140584807Z {"timestamp": 1786796720.1393468, "severity": "INFO", "name": "recommendationservice-server", "message": "[Recv ListRecommendations] product_ids=['0PUK6V6EV0', 'LS4PSXUNUM', 'OLJCESPC7Z', 'L9ECAV7KIM', '9SIQT8TOJO']"}
2026-08-15T12:25:20.371364275Z {"timestamp": 1786796720.371102, "severity": "INFO", "name": "recommendationservice-server", "message": "[Recv ListRecommendations] product_ids=['9SIQT8TOJO', '6E92ZMYYFZ', 'L9ECAV7KIM', 'LS4PSXUNUM', '0PUK6V6EV0']"}
2026-08-15T12:25:20.985412051Z {"timestamp": 1786796720.984405, "severity": "INFO", "name": "recommendationservice-server", "message": "[Recv ListRecommendations] product_ids=['6E92ZMYYFZ', '2ZYFJ3GM2N', '0PUK6V6EV0', '66VCHSJNUP', 'OLJCESPC7Z']"}
2026-08-15T12:25:21.184678298Z {"timestamp": 1786796721.1836734, "severity": "INFO", "name": "recommendationservice-server", "message": "[Recv ListRecommendations] product_ids=['L9ECAV7KIM', '2ZYFJ3GM2N', '0PUK6V6EV0', '1YMWWN1N4O', 'LS4PSXUNUM']"}
2026-08-15T12:25:21.363281650Z {"timestamp": 1786796721.3619475, "severity": "INFO", "name": "recommendationservice-server", "message": "[Recv ListRecommendations] product_ids=['66VCHSJNUP', 'L9ECAV7KIM', 'OLJCESPC7Z', '1YMWWN1N4O', '2ZYFJ3GM2N']"}
2026-08-15T12:25:21.851925142Z {"timestamp": 1786796721.8505323, "severity": "INFO", "name": "recommendationservice-server", "message": "[Recv ListRecommendations] product_ids=['LS4PSXUNUM', '9SIQT8TOJO', '66VCHSJNUP', 'L9ECAV7KIM', '6E92ZMYYFZ']"}
2026-08-15T12:25:22.588938436Z {"timestamp": 1786796722.5879385, "severity": "INFO", "name": "recommendationservice-server", "message": "[Recv ListRecommendations] product_ids=['1YMWWN1N4O', '2ZYFJ3GM2N', 'OLJCESPC7Z', 'L9ECAV7KIM', '0PUK6V6EV0']"}
2026-08-15T12:25:22.705978467Z {"timestamp": 1786796722.7047331, "severity": "INFO", "name": "recommendationservice-server", "message": "[Recv ListRecommendations] product_ids=['LS4PSXUNUM', '66VCHSJNUP', '9SIQT8TOJO', '1YMWWN1N4O', 'L9ECAV7KIM']"}
2026-08-15T12:25:22.954004118Z {"timestamp": 1786796722.9536245, "severity": "INFO", "name": "recommendationservice-server", "message": "[Recv ListRecommendations] product_ids=['LS4PSXUNUM', 'OLJCESPC7Z', '9SIQT8TOJO', '1YMWWN1N4O', '0PUK6V6EV0']"}
2026-08-15T12:25:24.214581434Z {"timestamp": 1786796724.2136683, "severity": "INFO", "name": "recommendationservice-server", "message": "[Recv ListRecommendations] product_ids=['2ZYFJ3GM2N', 'OLJCESPC7Z', '0PUK6V6EV0', '6E92ZMYYFZ', 'L9ECAV7KIM']"}
2026-08-15T12:25:24.406454374Z {"timestamp": 1786796724.4054682, "severity": "INFO", "name": "recommendationservice-server", "message": "[Recv ListRecommendations] product_ids=['1YMWWN1N4O', 'L9ECAV7KIM', '2ZYFJ3GM2N', '9SIQT8TOJO', '0PUK6V6EV0']"}
2026-08-15T12:25:24.665673702Z {"timestamp": 1786796724.6648972, "severity": "INFO", "name": "recommendationservice-server", "message": "[Recv ListRecommendations] product_ids=['LS4PSXUNUM', '6E92ZMYYFZ', '0PUK6V6EV0', '66VCHSJNUP', '1YMWWN1N4O']"}
2026-08-15T12:25:24.760137051Z {"timestamp": 1786796724.7592673, "severity": "INFO", "name": "recommendationservice-server", "message": "[Recv ListRecommendations] product_ids=['LS4PSXUNUM', '6E92ZMYYFZ', 'L9ECAV7KIM', '0PUK6V6EV0', 'OLJCESPC7Z']"}
2026-08-15T12:25:24.765581066Z {"timestamp": 1786796724.7644656, "severity": "INFO", "name": "recommendationservice-server", "message": "[Recv ListRecommendations] product_ids=['66VCHSJNUP', '1YMWWN1N4O', 'LS4PSXUNUM']"}
2026-08-15T12:25:24.900571686Z {"timestamp": 1786796724.899498, "severity": "INFO", "name": "recommendationservice-server", "message": "[Recv ListRecommendations] product_ids=['OLJCESPC7Z', '0PUK6V6EV0', '9SIQT8TOJO', '6E92ZMYYFZ', 'L9ECAV7KIM']"}
2026-08-15T12:25:25.161900097Z {"timestamp": 1786796725.1604981, "severity": "INFO", "name": "recommendationservice-server", "message": "[Recv ListRecommendations] product_ids=['LS4PSXUNUM', '2ZYFJ3GM2N', 'L9ECAV7KIM', '9SIQT8TOJO', '1YMWWN1N4O']"}
2026-08-15T12:25:25.192056245Z {"timestamp": 1786796725.191249, "severity": "INFO", "name": "recommendationservice-server", "message": "[Recv ListRecommendations] product_ids=['0PUK6V6EV0', '66VCHSJNUP', '9SIQT8TOJO', '2ZYFJ3GM2N', 'L9ECAV7KIM']"}
2026-08-15T12:25:25.638038399Z {"timestamp": 1786796725.636644, "severity": "INFO", "name": "recommendationservice-server", "message": "[Recv ListRecommendations] product_ids=['66VCHSJNUP', 'OLJCESPC7Z', 'LS4PSXUNUM', 'L9ECAV7KIM', '6E92ZMYYFZ']"}
2026-08-15T12:25:25.671312116Z {"timestamp": 1786796725.6697044, "severity": "INFO", "name": "recommendationservice-server", "message": "[Recv ListRecommendations] product_ids=['LS4PSXUNUM', '0PUK6V6EV0', 'OLJCESPC7Z', '9SIQT8TOJO', 'L9ECAV7KIM']"}
2026-08-15T12:25:25.848588349Z {"timestamp": 1786796725.848038, "severity": "INFO", "name": "recommendationservice-server", "message": "[Recv ListRecommendations] product_ids=['9SIQT8TOJO', '66VCHSJNUP', 'OLJCESPC7Z', '0PUK6V6EV0', '1YMWWN1N4O']"}
2026-08-15T12:25:25.877388492Z {"timestamp": 1786796725.876948, "severity": "INFO", "name": "recommendationservice-server", "message": "[Recv ListRecommendations] product_ids=['2ZYFJ3GM2N', '1YMWWN1N4O', 'L9ECAV7KIM', '0PUK6V6EV0', '66VCHSJNUP']"}
2026-08-15T12:25:26.075484265Z {"timestamp": 1786796726.0744, "severity": "INFO", "name": "recommendationservice-server", "message": "[Recv ListRecommendations] product_ids=['6E92ZMYYFZ', 'OLJCESPC7Z', 'LS4PSXUNUM', '2ZYFJ3GM2N', '1YMWWN1N4O']"}
2026-08-15T12:25:26.395258186Z {"timestamp": 1786796726.3872707, "severity": "INFO", "name": "recommendationservice-server", "message": "[Recv ListRecommendations] product_ids=['9SIQT8TOJO', '1YMWWN1N4O', '66VCHSJNUP', '6E92ZMYYFZ', '0PUK6V6EV0']"}
2026-08-15T12:25:27.962300394Z {"timestamp": 1786796727.9609282, "severity": "INFO", "name": "recommendationservice-server", "message": "[Recv ListRecommendations] product_ids=['1YMWWN1N4O', 'OLJCESPC7Z', 'L9ECAV7KIM', 'LS4PSXUNUM', '0PUK6V6EV0']"}
2026-08-15T12:25:29.415225494Z {"timestamp": 1786796729.413167, "severity": "INFO", "name": "recommendationservice-server", "message": "[Recv ListRecommendations] product_ids=['L9ECAV7KIM', '1YMWWN1N4O', '9SIQT8TOJO', '6E92ZMYYFZ', 'OLJCESPC7Z']"}
2026-08-15T12:25:30.166250147Z {"timestamp": 1786796730.1648884, "severity": "INFO", "name": "recommendationservice-server", "message": "[Recv ListRecommendations] product_ids=['1YMWWN1N4O', '0PUK6V6EV0', 'L9ECAV7KIM', '2ZYFJ3GM2N', 'OLJCESPC7Z']"}
2026-08-15T12:25:31.284013105Z {"timestamp": 1786796731.282587, "severity": "INFO", "name": "recommendationservice-server", "message": "[Recv ListRecommendations] product_ids=['66VCHSJNUP', '0PUK6V6EV0', 'L9ECAV7KIM', '9SIQT8TOJO', 'OLJCESPC7Z']"}
2026-08-15T12:25:31.847081615Z {"timestamp": 1786796731.8434212, "severity": "INFO", "name": "recommendationservice-server", "message": "[Recv ListRecommendations] product_ids=['66VCHSJNUP', 'L9ECAV7KIM', '2ZYFJ3GM2N', '9SIQT8TOJO', '6E92ZMYYFZ']"}
2026-08-15T12:25:32.890895321Z {"timestamp": 1786796732.8905008, "severity": "INFO", "name": "recommendationservice-server", "message": "[Recv ListRecommendations] product_ids=['6E92ZMYYFZ', 'LS4PSXUNUM', '66VCHSJNUP', '0PUK6V6EV0', 'OLJCESPC7Z']"}
2026-08-15T12:25:33.909379283Z {"timestamp": 1786796733.9089923, "severity": "INFO", "name": "recommendationservice-server", "message": "[Recv ListRecommendations] product_ids=['9SIQT8TOJO', 'OLJCESPC7Z', '1YMWWN1N4O', '66VCHSJNUP', 'L9ECAV7KIM']"}
2026-08-15T12:25:34.332590949Z {"timestamp": 1786796734.3316433, "severity": "INFO", "name": "recommendationservice-server", "message": "[Recv ListRecommendations] product_ids=['OLJCESPC7Z', 'LS4PSXUNUM', '2ZYFJ3GM2N', '9SIQT8TOJO', '66VCHSJNUP']"}
2026-08-15T12:25:35.110409312Z {"timestamp": 1786796735.109402, "severity": "INFO", "name": "recommendationservice-server", "message": "[Recv ListRecommendations] product_ids=['1YMWWN1N4O', 'LS4PSXUNUM', '66VCHSJNUP', '0PUK6V6EV0', 'L9ECAV7KIM']"}
2026-08-15T12:25:35.250441177Z {"timestamp": 1786796735.2497401, "severity": "INFO", "name": "recommendationservice-server", "message": "[Recv ListRecommendations] product_ids=['1YMWWN1N4O', '6E92ZMYYFZ', 'OLJCESPC7Z', '9SIQT8TOJO', '2ZYFJ3GM2N']"}
2026-08-15T12:25:35.431043774Z {"timestamp": 1786796735.4283698, "severity": "INFO", "name": "recommendationservice-server", "message": "[Recv ListRecommendations] product_ids=['OLJCESPC7Z', '2ZYFJ3GM2N', '0PUK6V6EV0', 'L9ECAV7KIM', '1YMWWN1N4O']"}
2026-08-15T12:25:35.487668933Z {"timestamp": 1786796735.4864051, "severity": "INFO", "name": "recommendationservice-server", "message": "[Recv ListRecommendations] product_ids=['66VCHSJNUP', 'LS4PSXUNUM', 'OLJCESPC7Z', '6E92ZMYYFZ', '0PUK6V6EV0']"}
2026-08-15T12:25:35.684212839Z {"timestamp": 1786796735.6835353, "severity": "INFO", "name": "recommendationservice-server", "message": "[Recv ListRecommendations] product_ids=['6E92ZMYYFZ', 'LS4PSXUNUM', 'L9ECAV7KIM', 'OLJCESPC7Z', '1YMWWN1N4O']"}
2026-08-15T12:25:35.957190098Z {"timestamp": 1786796735.9565644, "severity": "INFO", "name": "recommendationservice-server", "message": "[Recv ListRecommendations] product_ids=['OLJCESPC7Z', '9SIQT8TOJO', '2ZYFJ3GM2N', 'LS4PSXUNUM', '6E92ZMYYFZ']"}
2026-08-15T12:25:36.019411702Z {"timestamp": 1786796736.0189486, "severity": "INFO", "name": "recommendationservice-server", "message": "[Recv ListRecommendations] product_ids=['1YMWWN1N4O', 'L9ECAV7KIM', '2ZYFJ3GM2N', '6E92ZMYYFZ', 'LS4PSXUNUM']"}
2026-08-15T12:25:36.296615700Z {"timestamp": 1786796736.296289, "severity": "INFO", "name": "recommendationservice-server", "message": "[Recv ListRecommendations] product_ids=['L9ECAV7KIM', '9SIQT8TOJO']"}
2026-08-15T12:25:37.307396774Z {"timestamp": 1786796737.3063545, "severity": "INFO", "name": "recommendationservice-server", "message": "[Recv ListRecommendations] product_ids=['LS4PSXUNUM', '1YMWWN1N4O', '66VCHSJNUP', '6E92ZMYYFZ', 'OLJCESPC7Z']"}
2026-08-15T12:25:39.272395572Z {"timestamp": 1786796739.2713451, "severity": "INFO", "name": "recommendationservice-server", "message": "[Recv ListRecommendations] product_ids=['L9ECAV7KIM', '66VCHSJNUP', 'LS4PSXUNUM', '6E92ZMYYFZ', '0PUK6V6EV0']"}
2026-08-15T12:25:39.332522260Z {"timestamp": 1786796739.3313282, "severity": "INFO", "name": "recommendationservice-server", "message": "[Recv ListRecommendations] product_ids=['OLJCESPC7Z', '66VCHSJNUP', '2ZYFJ3GM2N', '6E92ZMYYFZ', '0PUK6V6EV0']"}
2026-08-15T12:25:39.388025249Z {"timestamp": 1786796739.3868039, "severity": "INFO", "name": "recommendationservice-server", "message": "[Recv ListRecommendations] product_ids=['9SIQT8TOJO', 'L9ECAV7KIM']"}
2026-08-15T12:25:40.208853612Z {"timestamp": 1786796740.2082818, "severity": "INFO", "name": "recommendationservice-server", "message": "[Recv ListRecommendations] product_ids=['0PUK6V6EV0', '6E92ZMYYFZ', '2ZYFJ3GM2N', '9SIQT8TOJO', 'OLJCESPC7Z']"}
2026-08-15T12:25:41.308645519Z {"timestamp": 1786796741.307386, "severity": "INFO", "name": "recommendationservice-server", "message": "[Recv ListRecommendations] product_ids=['9SIQT8TOJO', 'L9ECAV7KIM', 'OLJCESPC7Z', '66VCHSJNUP', '0PUK6V6EV0']"}
2026-08-15T12:25:41.516661312Z {"timestamp": 1786796741.5158038, "severity": "INFO", "name": "recommendationservice-server", "message": "[Recv ListRecommendations] product_ids=['1YMWWN1N4O', 'OLJCESPC7Z', '9SIQT8TOJO', '66VCHSJNUP', 'L9ECAV7KIM']"}
2026-08-15T12:25:41.660678009Z {"timestamp": 1786796741.6597936, "severity": "INFO", "name": "recommendationservice-server", "message": "[Recv ListRecommendations] product_ids=['0PUK6V6EV0', '1YMWWN1N4O', '2ZYFJ3GM2N', 'OLJCESPC7Z', 'L9ECAV7KIM']"}
2026-08-15T12:25:41.806086714Z {"timestamp": 1786796741.8049083, "severity": "INFO", "name": "recommendationservice-server", "message": "[Recv ListRecommendations] product_ids=['66VCHSJNUP', '0PUK6V6EV0', 'LS4PSXUNUM', '1YMWWN1N4O', '2ZYFJ3GM2N']"}
2026-08-15T12:25:41.974534774Z {"timestamp": 1786796741.9734104, "severity": "INFO", "name": "recommendationservice-server", "message": "[Recv ListRecommendations] product_ids=['LS4PSXUNUM', '66VCHSJNUP', '9SIQT8TOJO', '0PUK6V6EV0', 'OLJCESPC7Z']"}
2026-08-15T12:25:42.382948785Z {"timestamp": 1786796742.3822935, "severity": "INFO", "name": "recommendationservice-server", "message": "[Recv ListRecommendations] product_ids=['OLJCESPC7Z', 'L9ECAV7KIM', '0PUK6V6EV0', '66VCHSJNUP', '9SIQT8TOJO']"}
2026-08-15T12:25:42.585106200Z {"timestamp": 1786796742.5839705, "severity": "INFO", "name": "recommendationservice-server", "message": "[Recv ListRecommendations] product_ids=['1YMWWN1N4O', '9SIQT8TOJO', 'L9ECAV7KIM', '2ZYFJ3GM2N', 'OLJCESPC7Z']"}
2026-08-15T12:25:42.714625223Z {"timestamp": 1786796742.713381, "severity": "INFO", "name": "recommendationservice-server", "message": "[Recv ListRecommendations] product_ids=['2ZYFJ3GM2N', '9SIQT8TOJO', 'LS4PSXUNUM', 'OLJCESPC7Z', '0PUK6V6EV0']"}
2026-08-15T12:25:42.811384232Z {"timestamp": 1786796742.8102572, "severity": "INFO", "name": "recommendationservice-server", "message": "[Recv ListRecommendations] product_ids=['1YMWWN1N4O', 'L9ECAV7KIM', 'OLJCESPC7Z', '2ZYFJ3GM2N', '66VCHSJNUP']"}
2026-08-15T12:25:43.112308458Z {"timestamp": 1786796743.1118963, "severity": "INFO", "name": "recommendationservice-server", "message": "[Recv ListRecommendations] product_ids=['OLJCESPC7Z', 'L9ECAV7KIM', '1YMWWN1N4O', '66VCHSJNUP', '2ZYFJ3GM2N']"}
2026-08-15T12:25:43.278922043Z {"timestamp": 1786796743.2775307, "severity": "INFO", "name": "recommendationservice-server", "message": "[Recv ListRecommendations] product_ids=['1YMWWN1N4O', '9SIQT8TOJO', '2ZYFJ3GM2N', 'OLJCESPC7Z', '6E92ZMYYFZ']"}
2026-08-15T12:25:43.462400857Z {"timestamp": 1786796743.4619932, "severity": "INFO", "name": "recommendationservice-server", "message": "[Recv ListRecommendations] product_ids=['9SIQT8TOJO', 'LS4PSXUNUM', '2ZYFJ3GM2N', '6E92ZMYYFZ', '0PUK6V6EV0']"}
2026-08-15T12:25:43.891982376Z {"timestamp": 1786796743.8908346, "severity": "INFO", "name": "recommendationservice-server", "message": "[Recv ListRecommendations] product_ids=['9SIQT8TOJO', 'OLJCESPC7Z', '66VCHSJNUP', '2ZYFJ3GM2N', '6E92ZMYYFZ']"}
2026-08-15T12:25:44.251740425Z {"timestamp": 1786796744.2497768, "severity": "INFO", "name": "recommendationservice-server", "message": "[Recv ListRecommendations] product_ids=['9SIQT8TOJO', 'L9ECAV7KIM', '6E92ZMYYFZ', 'LS4PSXUNUM', 'OLJCESPC7Z']"}
2026-08-15T12:25:44.620540729Z {"timestamp": 1786796744.6191661, "severity": "INFO", "name": "recommendationservice-server", "message": "[Recv ListRecommendations] product_ids=['LS4PSXUNUM', 'OLJCESPC7Z', '9SIQT8TOJO', '0PUK6V6EV0', '2ZYFJ3GM2N']"}
2026-08-15T12:25:44.709739105Z {"timestamp": 1786796744.7085733, "severity": "INFO", "name": "recommendationservice-server", "message": "[Recv ListRecommendations] product_ids=['0PUK6V6EV0', '6E92ZMYYFZ', 'LS4PSXUNUM', '1YMWWN1N4O', 'OLJCESPC7Z']"}
2026-08-15T12:25:45.893389903Z {"timestamp": 1786796745.8921404, "severity": "INFO", "name": "recommendationservice-server", "message": "[Recv ListRecommendations] product_ids=['0PUK6V6EV0', '2ZYFJ3GM2N', 'LS4PSXUNUM', '9SIQT8TOJO', '66VCHSJNUP']"}
2026-08-15T12:25:46.369464094Z {"timestamp": 1786796746.368645, "severity": "INFO", "name": "recommendationservice-server", "message": "[Recv ListRecommendations] product_ids=['9SIQT8TOJO', 'OLJCESPC7Z', '66VCHSJNUP', '2ZYFJ3GM2N', '1YMWWN1N4O']"}
2026-08-15T12:25:46.497230653Z {"timestamp": 1786796746.4961038, "severity": "INFO", "name": "recommendationservice-server", "message": "[Recv ListRecommendations] product_ids=['OLJCESPC7Z', '1YMWWN1N4O', 'LS4PSXUNUM', '0PUK6V6EV0', '9SIQT8TOJO']"}
2026-08-15T12:25:46.863826627Z {"timestamp": 1786796746.8634, "severity": "INFO", "name": "recommendationservice-server", "message": "[Recv ListRecommendations] product_ids=['6E92ZMYYFZ', '9SIQT8TOJO', 'LS4PSXUNUM', '2ZYFJ3GM2N', 'OLJCESPC7Z']"}
2026-08-15T12:25:46.908063861Z {"timestamp": 1786796746.9076214, "severity": "INFO", "name": "recommendationservice-server", "message": "[Recv ListRecommendations] product_ids=['L9ECAV7KIM', '66VCHSJNUP', '0PUK6V6EV0', 'LS4PSXUNUM', 'OLJCESPC7Z']"}
2026-08-15T12:25:47.213892822Z {"timestamp": 1786796747.212824, "severity": "INFO", "name": "recommendationservice-server", "message": "[Recv ListRecommendations] product_ids=['2ZYFJ3GM2N', '1YMWWN1N4O', '6E92ZMYYFZ', '0PUK6V6EV0', 'OLJCESPC7Z']"}
2026-08-15T12:25:47.911117577Z {"timestamp": 1786796747.9101524, "severity": "INFO", "name": "recommendationservice-server", "message": "[Recv ListRecommendations] product_ids=['2ZYFJ3GM2N', '0PUK6V6EV0', '66VCHSJNUP', '9SIQT8TOJO', '1YMWWN1N4O']"}
2026-08-15T12:25:47.983026960Z {"timestamp": 1786796747.9822185, "severity": "INFO", "name": "recommendationservice-server", "message": "[Recv ListRecommendations] product_ids=['1YMWWN1N4O', '0PUK6V6EV0', '6E92ZMYYFZ', 'L9ECAV7KIM', 'OLJCESPC7Z']"}
2026-08-15T12:25:48.034611695Z {"timestamp": 1786796748.0338101, "severity": "INFO", "name": "recommendationservice-server", "message": "[Recv ListRecommendations] product_ids=['L9ECAV7KIM', '0PUK6V6EV0', '2ZYFJ3GM2N', '6E92ZMYYFZ', 'LS4PSXUNUM']"}
2026-08-15T12:25:48.149329998Z {"timestamp": 1786796748.1484518, "severity": "INFO", "name": "recommendationservice-server", "message": "[Recv ListRecommendations] product_ids=['OLJCESPC7Z', '0PUK6V6EV0', '2ZYFJ3GM2N', '9SIQT8TOJO', 'L9ECAV7KIM']"}
2026-08-15T12:25:48.465071046Z {"timestamp": 1786796748.4645226, "severity": "INFO", "name": "recommendationservice-server", "message": "[Recv ListRecommendations] product_ids=['6E92ZMYYFZ', 'OLJCESPC7Z', '9SIQT8TOJO', 'L9ECAV7KIM', 'LS4PSXUNUM']"}
2026-08-15T12:25:48.476089598Z {"timestamp": 1786796748.4755383, "severity": "INFO", "name": "recommendationservice-server", "message": "[Recv ListRecommendations] product_ids=['0PUK6V6EV0', '6E92ZMYYFZ', '66VCHSJNUP', 'OLJCESPC7Z', '9SIQT8TOJO']"}
2026-08-15T12:25:48.580822604Z {"timestamp": 1786796748.5797346, "severity": "INFO", "name": "recommendationservice-server", "message": "[Recv ListRecommendations] product_ids=['LS4PSXUNUM', '66VCHSJNUP', 'L9ECAV7KIM', '1YMWWN1N4O', 'OLJCESPC7Z']"}
2026-08-15T12:25:49.847784724Z {"timestamp": 1786796749.846401, "severity": "INFO", "name": "recommendationservice-server", "message": "[Recv ListRecommendations] product_ids=['0PUK6V6EV0', '2ZYFJ3GM2N', '66VCHSJNUP', 'L9ECAV7KIM', '1YMWWN1N4O']"}
2026-08-15T12:25:49.904039499Z {"timestamp": 1786796749.902297, "severity": "INFO", "name": "recommendationservice-server", "message": "[Recv ListRecommendations] product_ids=['0PUK6V6EV0', '2ZYFJ3GM2N', '6E92ZMYYFZ', '66VCHSJNUP', 'OLJCESPC7Z']"}
2026-08-15T12:25:50.131279062Z {"timestamp": 1786796750.1301222, "severity": "INFO", "name": "recommendationservice-server", "message": "[Recv ListRecommendations] product_ids=['66VCHSJNUP', 'OLJCESPC7Z', '6E92ZMYYFZ', 'LS4PSXUNUM', '0PUK6V6EV0']"}
2026-08-15T12:25:50.343768019Z {"timestamp": 1786796750.3425014, "severity": "INFO", "name": "recommendationservice-server", "message": "[Recv ListRecommendations] product_ids=['LS4PSXUNUM', '2ZYFJ3GM2N', '9SIQT8TOJO', '1YMWWN1N4O', '66VCHSJNUP']"}
2026-08-15T12:25:50.394526897Z {"timestamp": 1786796750.392719, "severity": "INFO", "name": "recommendationservice-server", "message": "[Recv ListRecommendations] product_ids=['L9ECAV7KIM', '2ZYFJ3GM2N', '6E92ZMYYFZ', 'LS4PSXUNUM', '9SIQT8TOJO']"}
2026-08-15T12:25:51.580790277Z {"timestamp": 1786796751.5797107, "severity": "INFO", "name": "recommendationservice-server", "message": "[Recv ListRecommendations] product_ids=['0PUK6V6EV0', '1YMWWN1N4O', '66VCHSJNUP', '2ZYFJ3GM2N', '9SIQT8TOJO']"}
2026-08-15T12:25:51.792793455Z {"timestamp": 1786796751.7918003, "severity": "INFO", "name": "recommendationservice-server", "message": "[Recv ListRecommendations] product_ids=['1YMWWN1N4O', '9SIQT8TOJO', 'L9ECAV7KIM', '66VCHSJNUP', 'OLJCESPC7Z']"}
2026-08-15T12:25:51.874175628Z {"timestamp": 1786796751.873229, "severity": "INFO", "name": "recommendationservice-server", "message": "[Recv ListRecommendations] product_ids=['LS4PSXUNUM', '0PUK6V6EV0', '9SIQT8TOJO', '6E92ZMYYFZ', '2ZYFJ3GM2N']"}
2026-08-15T12:25:53.946206476Z {"timestamp": 1786796753.9456198, "severity": "INFO", "name": "recommendationservice-server", "message": "[Recv ListRecommendations] product_ids=['9SIQT8TOJO', '2ZYFJ3GM2N', '66VCHSJNUP', '0PUK6V6EV0', '1YMWWN1N4O']"}
2026-08-15T12:25:54.245265352Z {"timestamp": 1786796754.2444642, "severity": "INFO", "name": "recommendationservice-server", "message": "[Recv ListRecommendations] product_ids=['OLJCESPC7Z', '6E92ZMYYFZ', '1YMWWN1N4O', '9SIQT8TOJO', 'L9ECAV7KIM']"}
2026-08-15T12:25:55.265990533Z {"timestamp": 1786796755.2646887, "severity": "INFO", "name": "recommendationservice-server", "message": "[Recv ListRecommendations] product_ids=['0PUK6V6EV0', 'OLJCESPC7Z', '2ZYFJ3GM2N', '6E92ZMYYFZ', 'L9ECAV7KIM']"}
2026-08-15T12:25:55.326371781Z {"timestamp": 1786796755.3258438, "severity": "INFO", "name": "recommendationservice-server", "message": "[Recv ListRecommendations] product_ids=['66VCHSJNUP', '0PUK6V6EV0', '9SIQT8TOJO', 'LS4PSXUNUM', '6E92ZMYYFZ']"}
2026-08-15T12:25:55.919002239Z {"timestamp": 1786796755.917835, "severity": "INFO", "name": "recommendationservice-server", "message": "[Recv ListRecommendations] product_ids=['1YMWWN1N4O', '66VCHSJNUP', 'OLJCESPC7Z', 'L9ECAV7KIM', '6E92ZMYYFZ']"}
2026-08-15T12:25:56.235707693Z {"timestamp": 1786796756.235237, "severity": "INFO", "name": "recommendationservice-server", "message": "[Recv ListRecommendations] product_ids=['LS4PSXUNUM', '1YMWWN1N4O', '66VCHSJNUP']"}
2026-08-15T12:25:56.434881279Z {"timestamp": 1786796756.4334836, "severity": "INFO", "name": "recommendationservice-server", "message": "[Recv ListRecommendations] product_ids=['LS4PSXUNUM', '2ZYFJ3GM2N', '1YMWWN1N4O', '66VCHSJNUP', 'OLJCESPC7Z']"}
2026-08-15T12:25:56.889799076Z {"timestamp": 1786796756.8884928, "severity": "INFO", "name": "recommendationservice-server", "message": "[Recv ListRecommendations] product_ids=['2ZYFJ3GM2N', '66VCHSJNUP', '1YMWWN1N4O', '9SIQT8TOJO', '0PUK6V6EV0']"}
2026-08-15T12:25:58.475453179Z {"timestamp": 1786796758.4749427, "severity": "INFO", "name": "recommendationservice-server", "message": "[Recv ListRecommendations] product_ids=['L9ECAV7KIM', '66VCHSJNUP', 'OLJCESPC7Z', '6E92ZMYYFZ', 'LS4PSXUNUM']"}
2026-08-15T12:25:58.762748495Z {"timestamp": 1786796758.7616084, "severity": "INFO", "name": "recommendationservice-server", "message": "[Recv ListRecommendations] product_ids=['0PUK6V6EV0', '1YMWWN1N4O', 'L9ECAV7KIM', 'OLJCESPC7Z', 'LS4PSXUNUM']"}
2026-08-15T12:25:58.887979561Z {"timestamp": 1786796758.886785, "severity": "INFO", "name": "recommendationservice-server", "message": "[Recv ListRecommendations] product_ids=['OLJCESPC7Z', '66VCHSJNUP', 'LS4PSXUNUM', '6E92ZMYYFZ', '0PUK6V6EV0']"}
2026-08-15T12:25:59.171743628Z {"timestamp": 1786796759.1704712, "severity": "INFO", "name": "recommendationservice-server", "message": "[Recv ListRecommendations] product_ids=['2ZYFJ3GM2N', 'L9ECAV7KIM', '66VCHSJNUP', 'OLJCESPC7Z', '1YMWWN1N4O']"}
2026-08-15T12:25:59.282329226Z {"timestamp": 1786796759.2814224, "severity": "INFO", "name": "recommendationservice-server", "message": "[Recv ListRecommendations] product_ids=['L9ECAV7KIM', 'OLJCESPC7Z', '1YMWWN1N4O', '2ZYFJ3GM2N', 'LS4PSXUNUM']"}
2026-08-15T12:25:59.945589581Z {"timestamp": 1786796759.9444883, "severity": "INFO", "name": "recommendationservice-server", "message": "[Recv ListRecommendations] product_ids=['2ZYFJ3GM2N', '0PUK6V6EV0', '9SIQT8TOJO', 'LS4PSXUNUM', '66VCHSJNUP']"}
2026-08-15T12:26:00.180120872Z {"timestamp": 1786796760.1793892, "severity": "INFO", "name": "recommendationservice-server", "message": "[Recv ListRecommendations] product_ids=['2ZYFJ3GM2N', '0PUK6V6EV0', '9SIQT8TOJO', '1YMWWN1N4O', '66VCHSJNUP']"}
2026-08-15T12:26:00.698273255Z {"timestamp": 1786796760.6964808, "severity": "INFO", "name": "recommendationservice-server", "message": "[Recv ListRecommendations] product_ids=['9SIQT8TOJO', '1YMWWN1N4O', 'OLJCESPC7Z', '0PUK6V6EV0', '6E92ZMYYFZ']"}
2026-08-15T12:26:01.179334318Z {"timestamp": 1786796761.1781979, "severity": "INFO", "name": "recommendationservice-server", "message": "[Recv ListRecommendations] product_ids=['L9ECAV7KIM', '66VCHSJNUP', 'OLJCESPC7Z', 'LS4PSXUNUM', '1YMWWN1N4O']"}
2026-08-15T12:26:01.404456083Z {"timestamp": 1786796761.4033127, "severity": "INFO", "name": "recommendationservice-server", "message": "[Recv ListRecommendations] product_ids=['OLJCESPC7Z', 'LS4PSXUNUM', 'L9ECAV7KIM', '9SIQT8TOJO', '0PUK6V6EV0']"}
2026-08-15T12:26:02.489080747Z {"timestamp": 1786796762.4887714, "severity": "INFO", "name": "recommendationservice-server", "message": "[Recv ListRecommendations] product_ids=['6E92ZMYYFZ', '9SIQT8TOJO', '2ZYFJ3GM2N', 'L9ECAV7KIM', '1YMWWN1N4O']"}
2026-08-15T12:26:02.908628155Z {"timestamp": 1786796762.908329, "severity": "INFO", "name": "recommendationservice-server", "message": "[Recv ListRecommendations] product_ids=['1YMWWN1N4O', 'OLJCESPC7Z', '0PUK6V6EV0', '6E92ZMYYFZ', '2ZYFJ3GM2N']"}
2026-08-15T12:26:03.471535388Z {"timestamp": 1786796763.4710011, "severity": "INFO", "name": "recommendationservice-server", "message": "[Recv ListRecommendations] product_ids=['LS4PSXUNUM', '2ZYFJ3GM2N', '9SIQT8TOJO', '66VCHSJNUP', '6E92ZMYYFZ']"}
2026-08-15T12:26:04.221714711Z {"timestamp": 1786796764.2204905, "severity": "INFO", "name": "recommendationservice-server", "message": "[Recv ListRecommendations] product_ids=['66VCHSJNUP', 'L9ECAV7KIM', '6E92ZMYYFZ', '1YMWWN1N4O', 'LS4PSXUNUM']"}
2026-08-15T12:26:04.417256250Z {"timestamp": 1786796764.4161026, "severity": "INFO", "name": "recommendationservice-server", "message": "[Recv ListRecommendations] product_ids=['6E92ZMYYFZ', 'OLJCESPC7Z', 'L9ECAV7KIM', 'LS4PSXUNUM', '1YMWWN1N4O']"}
2026-08-15T12:26:04.903247464Z {"timestamp": 1786796764.9021592, "severity": "INFO", "name": "recommendationservice-server", "message": "[Recv ListRecommendations] product_ids=['OLJCESPC7Z', '1YMWWN1N4O', '6E92ZMYYFZ', '2ZYFJ3GM2N', 'L9ECAV7KIM']"}
2026-08-15T12:26:05.678974579Z {"timestamp": 1786796765.6775625, "severity": "INFO", "name": "recommendationservice-server", "message": "[Recv ListRecommendations] product_ids=['2ZYFJ3GM2N', 'L9ECAV7KIM', '9SIQT8TOJO', '66VCHSJNUP', '6E92ZMYYFZ']"}
2026-08-15T12:26:06.415125991Z {"timestamp": 1786796766.4137342, "severity": "INFO", "name": "recommendationservice-server", "message": "[Recv ListRecommendations] product_ids=['0PUK6V6EV0', 'OLJCESPC7Z', '66VCHSJNUP', '1YMWWN1N4O', '9SIQT8TOJO']"}
2026-08-15T12:26:07.216309690Z {"timestamp": 1786796767.2148547, "severity": "INFO", "name": "recommendationservice-server", "message": "[Recv ListRecommendations] product_ids=['6E92ZMYYFZ', '9SIQT8TOJO', '66VCHSJNUP', 'L9ECAV7KIM', '2ZYFJ3GM2N']"}
2026-08-15T12:26:07.914008178Z {"timestamp": 1786796767.9126823, "severity": "INFO", "name": "recommendationservice-server", "message": "[Recv ListRecommendations] product_ids=['1YMWWN1N4O', '6E92ZMYYFZ', '66VCHSJNUP', '0PUK6V6EV0', '9SIQT8TOJO']"}
2026-08-15T12:26:08.054960357Z {"timestamp": 1786796768.054393, "severity": "INFO", "name": "recommendationservice-server", "message": "[Recv ListRecommendations] product_ids=['6E92ZMYYFZ', '2ZYFJ3GM2N', 'OLJCESPC7Z', '1YMWWN1N4O', '9SIQT8TOJO']"}
2026-08-15T12:26:08.135471369Z {"timestamp": 1786796768.1347992, "severity": "INFO", "name": "recommendationservice-server", "message": "[Recv ListRecommendations] product_ids=['L9ECAV7KIM', '6E92ZMYYFZ', '1YMWWN1N4O', '9SIQT8TOJO', '0PUK6V6EV0']"}
2026-08-15T12:26:08.225925737Z {"timestamp": 1786796768.225233, "severity": "INFO", "name": "recommendationservice-server", "message": "[Recv ListRecommendations] product_ids=['L9ECAV7KIM', '66VCHSJNUP', 'LS4PSXUNUM', '9SIQT8TOJO', '0PUK6V6EV0']"}
2026-08-15T12:26:08.497567488Z {"timestamp": 1786796768.4967723, "severity": "INFO", "name": "recommendationservice-server", "message": "[Recv ListRecommendations] product_ids=['L9ECAV7KIM', '2ZYFJ3GM2N', '6E92ZMYYFZ', '9SIQT8TOJO', '0PUK6V6EV0']"}
2026-08-15T12:26:08.533605833Z {"timestamp": 1786796768.5328217, "severity": "INFO", "name": "recommendationservice-server", "message": "[Recv ListRecommendations] product_ids=['66VCHSJNUP', 'LS4PSXUNUM', '6E92ZMYYFZ', 'OLJCESPC7Z', '9SIQT8TOJO']"}
2026-08-15T12:26:08.596020310Z {"timestamp": 1786796768.595372, "severity": "INFO", "name": "recommendationservice-server", "message": "[Recv ListRecommendations] product_ids=['OLJCESPC7Z', '2ZYFJ3GM2N', '0PUK6V6EV0', 'LS4PSXUNUM', '9SIQT8TOJO']"}
2026-08-15T12:26:09.047591644Z {"timestamp": 1786796769.045791, "severity": "INFO", "name": "recommendationservice-server", "message": "[Recv ListRecommendations] product_ids=['2ZYFJ3GM2N', 'LS4PSXUNUM', '9SIQT8TOJO', '66VCHSJNUP', 'OLJCESPC7Z']"}
2026-08-15T12:26:09.188948587Z {"timestamp": 1786796769.188102, "severity": "INFO", "name": "recommendationservice-server", "message": "[Recv ListRecommendations] product_ids=['LS4PSXUNUM', '2ZYFJ3GM2N', 'OLJCESPC7Z', 'L9ECAV7KIM', '66VCHSJNUP']"}
2026-08-15T12:26:09.701928741Z {"timestamp": 1786796769.7006953, "severity": "INFO", "name": "recommendationservice-server", "message": "[Recv ListRecommendations] product_ids=['1YMWWN1N4O', '9SIQT8TOJO', '2ZYFJ3GM2N', '6E92ZMYYFZ', 'L9ECAV7KIM']"}
2026-08-15T12:26:09.865582276Z {"timestamp": 1786796769.8620877, "severity": "INFO", "name": "recommendationservice-server", "message": "[Recv ListRecommendations] product_ids=['66VCHSJNUP', 'LS4PSXUNUM', '9SIQT8TOJO', '2ZYFJ3GM2N', 'L9ECAV7KIM']"}
2026-08-15T12:26:10.399038437Z {"timestamp": 1786796770.3976705, "severity": "INFO", "name": "recommendationservice-server", "message": "[Recv ListRecommendations] product_ids=['66VCHSJNUP', '1YMWWN1N4O', 'LS4PSXUNUM']"}
2026-08-15T12:26:10.770176773Z {"timestamp": 1786796770.7691138, "severity": "INFO", "name": "recommendationservice-server", "message": "[Recv ListRecommendations] product_ids=['0PUK6V6EV0', '2ZYFJ3GM2N', '66VCHSJNUP', 'LS4PSXUNUM', '1YMWWN1N4O']"}
2026-08-15T12:26:11.199519926Z {"timestamp": 1786796771.1987922, "severity": "INFO", "name": "recommendationservice-server", "message": "[Recv ListRecommendations] product_ids=['6E92ZMYYFZ', '9SIQT8TOJO', '0PUK6V6EV0', 'LS4PSXUNUM', 'L9ECAV7KIM']"}
2026-08-15T12:26:11.407399988Z {"timestamp": 1786796771.4064143, "severity": "INFO", "name": "recommendationservice-server", "message": "[Recv ListRecommendations] product_ids=['OLJCESPC7Z', 'LS4PSXUNUM', '1YMWWN1N4O', '2ZYFJ3GM2N', 'L9ECAV7KIM']"}
2026-08-15T12:26:12.415052375Z {"timestamp": 1786796772.414253, "severity": "INFO", "name": "recommendationservice-server", "message": "[Recv ListRecommendations] product_ids=['9SIQT8TOJO', 'L9ECAV7KIM', 'OLJCESPC7Z', 'LS4PSXUNUM', '0PUK6V6EV0']"}
2026-08-15T12:26:13.002048523Z {"timestamp": 1786796773.0006323, "severity": "INFO", "name": "recommendationservice-server", "message": "[Recv ListRecommendations] product_ids=['6E92ZMYYFZ', 'OLJCESPC7Z', '9SIQT8TOJO', '66VCHSJNUP', 'LS4PSXUNUM']"}
2026-08-15T12:26:13.741049971Z {"timestamp": 1786796773.7400086, "severity": "INFO", "name": "recommendationservice-server", "message": "[Recv ListRecommendations] product_ids=['66VCHSJNUP', '6E92ZMYYFZ', 'LS4PSXUNUM', 'OLJCESPC7Z', '9SIQT8TOJO']"}
2026-08-15T12:26:14.409742707Z {"timestamp": 1786796774.4083703, "severity": "INFO", "name": "recommendationservice-server", "message": "[Recv ListRecommendations] product_ids=['LS4PSXUNUM', '2ZYFJ3GM2N', 'OLJCESPC7Z', 'L9ECAV7KIM', '9SIQT8TOJO']"}
2026-08-15T12:26:15.448461832Z {"timestamp": 1786796775.447591, "severity": "INFO", "name": "recommendationservice-server", "message": "[Recv ListRecommendations] product_ids=['1YMWWN1N4O', '0PUK6V6EV0', 'L9ECAV7KIM', '66VCHSJNUP', '9SIQT8TOJO']"}
2026-08-15T12:26:15.583325677Z {"timestamp": 1786796775.5821977, "severity": "INFO", "name": "recommendationservice-server", "message": "[Recv ListRecommendations] product_ids=['0PUK6V6EV0', 'L9ECAV7KIM', '6E92ZMYYFZ', '2ZYFJ3GM2N', '9SIQT8TOJO']"}
2026-08-15T12:26:16.192231695Z {"timestamp": 1786796776.1920009, "severity": "INFO", "name": "recommendationservice-server", "message": "[Recv ListRecommendations] product_ids=['0PUK6V6EV0', '2ZYFJ3GM2N', 'OLJCESPC7Z', 'L9ECAV7KIM', '6E92ZMYYFZ']"}
2026-08-15T12:26:16.525654718Z {"timestamp": 1786796776.5246596, "severity": "INFO", "name": "recommendationservice-server", "message": "[Recv ListRecommendations] product_ids=['LS4PSXUNUM', '6E92ZMYYFZ', 'L9ECAV7KIM', '9SIQT8TOJO', '2ZYFJ3GM2N']"}
2026-08-15T12:26:16.771232103Z {"timestamp": 1786796776.7701433, "severity": "INFO", "name": "recommendationservice-server", "message": "[Recv ListRecommendations] product_ids=['9SIQT8TOJO', 'LS4PSXUNUM', '0PUK6V6EV0', '2ZYFJ3GM2N', '1YMWWN1N4O']"}
2026-08-15T12:26:17.506289693Z {"timestamp": 1786796777.5057802, "severity": "INFO", "name": "recommendationservice-server", "message": "[Recv ListRecommendations] product_ids=['6E92ZMYYFZ', '1YMWWN1N4O', 'LS4PSXUNUM', 'L9ECAV7KIM', '66VCHSJNUP']"}
2026-08-15T12:26:18.069096150Z {"timestamp": 1786796778.068584, "severity": "INFO", "name": "recommendationservice-server", "message": "[Recv ListRecommendations] product_ids=['LS4PSXUNUM', '6E92ZMYYFZ', 'L9ECAV7KIM', 'OLJCESPC7Z', '2ZYFJ3GM2N']"}
2026-08-15T12:26:18.071659554Z {"timestamp": 1786796778.0709538, "severity": "INFO", "name": "recommendationservice-server", "message": "[Recv ListRecommendations] product_ids=['9SIQT8TOJO', 'L9ECAV7KIM']"}
2026-08-15T12:26:18.535186371Z {"timestamp": 1786796778.5341353, "severity": "INFO", "name": "recommendationservice-server", "message": "[Recv ListRecommendations] product_ids=['OLJCESPC7Z', '66VCHSJNUP', '1YMWWN1N4O', '2ZYFJ3GM2N', '6E92ZMYYFZ']"}
2026-08-15T12:26:18.748166921Z {"timestamp": 1786796778.746917, "severity": "INFO", "name": "recommendationservice-server", "message": "[Recv ListRecommendations] product_ids=['66VCHSJNUP', '1YMWWN1N4O', '0PUK6V6EV0', '2ZYFJ3GM2N', 'L9ECAV7KIM']"}
2026-08-15T12:26:19.021183428Z {"timestamp": 1786796779.0207152, "severity": "INFO", "name": "recommendationservice-server", "message": "[Recv ListRecommendations] product_ids=['L9ECAV7KIM', 'LS4PSXUNUM', '2ZYFJ3GM2N', '9SIQT8TOJO', 'OLJCESPC7Z']"}
2026-08-15T12:26:19.215809287Z {"timestamp": 1786796779.2148721, "severity": "INFO", "name": "recommendationservice-server", "message": "[Recv ListRecommendations] product_ids=['LS4PSXUNUM', '9SIQT8TOJO', '2ZYFJ3GM2N', 'L9ECAV7KIM', '66VCHSJNUP']"}
2026-08-15T12:26:19.451772757Z {"timestamp": 1786796779.4504626, "severity": "INFO", "name": "recommendationservice-server", "message": "[Recv ListRecommendations] product_ids=['6E92ZMYYFZ', '0PUK6V6EV0', '66VCHSJNUP', 'LS4PSXUNUM', '2ZYFJ3GM2N']"}
2026-08-15T12:26:19.457136902Z {"timestamp": 1786796779.4559634, "severity": "INFO", "name": "recommendationservice-server", "message": "[Recv ListRecommendations] product_ids=['9SIQT8TOJO', '2ZYFJ3GM2N', 'L9ECAV7KIM', 'LS4PSXUNUM', '66VCHSJNUP']"}
2026-08-15T12:26:20.011351506Z {"timestamp": 1786796780.010268, "severity": "INFO", "name": "recommendationservice-server", "message": "[Recv ListRecommendations] product_ids=['66VCHSJNUP', '1YMWWN1N4O', 'LS4PSXUNUM']"}
2026-08-15T12:26:20.149470263Z {"timestamp": 1786796780.149187, "severity": "INFO", "name": "recommendationservice-server", "message": "[Recv ListRecommendations] product_ids=['L9ECAV7KIM', '2ZYFJ3GM2N', 'LS4PSXUNUM', '0PUK6V6EV0', 'OLJCESPC7Z']"}
2026-08-15T12:26:20.404927904Z {"timestamp": 1786796780.3983157, "severity": "INFO", "name": "recommendationservice-server", "message": "[Recv ListRecommendations] product_ids=['6E92ZMYYFZ', 'L9ECAV7KIM', '66VCHSJNUP', 'LS4PSXUNUM', '0PUK6V6EV0']"}
2026-08-15T12:26:21.313039693Z {"timestamp": 1786796781.3117273, "severity": "INFO", "name": "recommendationservice-server", "message": "[Recv ListRecommendations] product_ids=['0PUK6V6EV0', '9SIQT8TOJO', '1YMWWN1N4O', 'OLJCESPC7Z', 'LS4PSXUNUM']"}
2026-08-15T12:26:21.490055568Z {"timestamp": 1786796781.4895735, "severity": "INFO", "name": "recommendationservice-server", "message": "[Recv ListRecommendations] product_ids=['9SIQT8TOJO', '66VCHSJNUP', 'OLJCESPC7Z', 'L9ECAV7KIM', '2ZYFJ3GM2N']"}
2026-08-15T12:26:22.600083956Z {"timestamp": 1786796782.5988007, "severity": "INFO", "name": "recommendationservice-server", "message": "[Recv ListRecommendations] product_ids=['LS4PSXUNUM', '2ZYFJ3GM2N', 'OLJCESPC7Z', '66VCHSJNUP', 'L9ECAV7KIM']"}
2026-08-15T12:26:23.099632826Z {"timestamp": 1786796783.098161, "severity": "INFO", "name": "recommendationservice-server", "message": "[Recv ListRecommendations] product_ids=['6E92ZMYYFZ', 'OLJCESPC7Z', '0PUK6V6EV0', 'LS4PSXUNUM', '9SIQT8TOJO']"}
2026-08-15T12:26:23.426456152Z {"timestamp": 1786796783.4224284, "severity": "INFO", "name": "recommendationservice-server", "message": "[Recv ListRecommendations] product_ids=['0PUK6V6EV0', '6E92ZMYYFZ', 'LS4PSXUNUM', 'OLJCESPC7Z', '66VCHSJNUP']"}
2026-08-15T12:26:23.491050626Z {"timestamp": 1786796783.4904728, "severity": "INFO", "name": "recommendationservice-server", "message": "[Recv ListRecommendations] product_ids=['2ZYFJ3GM2N', 'LS4PSXUNUM', 'OLJCESPC7Z', '1YMWWN1N4O', '66VCHSJNUP']"}
2026-08-15T12:26:23.550954104Z {"timestamp": 1786796783.5502884, "severity": "INFO", "name": "recommendationservice-server", "message": "[Recv ListRecommendations] product_ids=['L9ECAV7KIM', '0PUK6V6EV0', '2ZYFJ3GM2N', '6E92ZMYYFZ', 'OLJCESPC7Z']"}
2026-08-15T12:26:23.573392116Z {"timestamp": 1786796783.5726933, "severity": "INFO", "name": "recommendationservice-server", "message": "[Recv ListRecommendations] product_ids=['LS4PSXUNUM', '6E92ZMYYFZ', 'OLJCESPC7Z', 'L9ECAV7KIM', '1YMWWN1N4O']"}
2026-08-15T12:26:23.823825763Z {"timestamp": 1786796783.8224623, "severity": "INFO", "name": "recommendationservice-server", "message": "[Recv ListRecommendations] product_ids=['LS4PSXUNUM', '1YMWWN1N4O']"}
2026-08-15T12:26:23.946305972Z {"timestamp": 1786796783.941063, "severity": "INFO", "name": "recommendationservice-server", "message": "[Recv ListRecommendations] product_ids=['9SIQT8TOJO', '0PUK6V6EV0', '6E92ZMYYFZ', '2ZYFJ3GM2N', '1YMWWN1N4O']"}
2026-08-15T12:26:24.781314035Z {"timestamp": 1786796784.780018, "severity": "INFO", "name": "recommendationservice-server", "message": "[Recv ListRecommendations] product_ids=['6E92ZMYYFZ', '2ZYFJ3GM2N', '66VCHSJNUP', '1YMWWN1N4O', 'L9ECAV7KIM']"}
2026-08-15T12:26:25.108605240Z {"timestamp": 1786796785.107273, "severity": "INFO", "name": "recommendationservice-server", "message": "[Recv ListRecommendations] product_ids=['L9ECAV7KIM', '0PUK6V6EV0', '1YMWWN1N4O', '9SIQT8TOJO', '2ZYFJ3GM2N']"}
2026-08-15T12:26:25.322325450Z {"timestamp": 1786796785.3218627, "severity": "INFO", "name": "recommendationservice-server", "message": "[Recv ListRecommendations] product_ids=['2ZYFJ3GM2N', 'L9ECAV7KIM', '0PUK6V6EV0', '9SIQT8TOJO', '1YMWWN1N4O']"}
2026-08-15T12:26:25.907705803Z {"timestamp": 1786796785.906195, "severity": "INFO", "name": "recommendationservice-server", "message": "[Recv ListRecommendations] product_ids=['2ZYFJ3GM2N', '6E92ZMYYFZ', '0PUK6V6EV0', 'LS4PSXUNUM', 'L9ECAV7KIM']"}
2026-08-15T12:26:26.609609053Z {"timestamp": 1786796786.6088781, "severity": "INFO", "name": "recommendationservice-server", "message": "[Recv ListRecommendations] product_ids=['2ZYFJ3GM2N', 'LS4PSXUNUM', '0PUK6V6EV0', '66VCHSJNUP', '1YMWWN1N4O']"}
2026-08-15T12:26:26.657837447Z {"timestamp": 1786796786.656777, "severity": "INFO", "name": "recommendationservice-server", "message": "[Recv ListRecommendations] product_ids=['6E92ZMYYFZ', 'LS4PSXUNUM', 'OLJCESPC7Z', '1YMWWN1N4O', '0PUK6V6EV0']"}
2026-08-15T12:26:26.730058617Z {"timestamp": 1786796786.7297533, "severity": "INFO", "name": "recommendationservice-server", "message": "[Recv ListRecommendations] product_ids=['9SIQT8TOJO', '0PUK6V6EV0', '1YMWWN1N4O', 'L9ECAV7KIM', '66VCHSJNUP']"}
2026-08-15T12:26:27.315790430Z {"timestamp": 1786796787.3123784, "severity": "INFO", "name": "recommendationservice-server", "message": "[Recv ListRecommendations] product_ids=['9SIQT8TOJO', '1YMWWN1N4O', '2ZYFJ3GM2N', 'LS4PSXUNUM', '66VCHSJNUP']"}
2026-08-15T12:26:27.370311493Z {"timestamp": 1786796787.3697715, "severity": "INFO", "name": "recommendationservice-server", "message": "[Recv ListRecommendations] product_ids=['OLJCESPC7Z', '6E92ZMYYFZ', 'L9ECAV7KIM', '9SIQT8TOJO', 'LS4PSXUNUM']"}
2026-08-15T12:26:28.749961188Z {"timestamp": 1786796788.748999, "severity": "INFO", "name": "recommendationservice-server", "message": "[Recv ListRecommendations] product_ids=['2ZYFJ3GM2N', 'OLJCESPC7Z', '66VCHSJNUP', '9SIQT8TOJO', '6E92ZMYYFZ']"}
2026-08-15T12:26:29.476790952Z {"timestamp": 1786796789.475948, "severity": "INFO", "name": "recommendationservice-server", "message": "[Recv ListRecommendations] product_ids=['9SIQT8TOJO', '66VCHSJNUP', '6E92ZMYYFZ', 'OLJCESPC7Z', 'LS4PSXUNUM']"}
2026-08-15T12:26:29.703684009Z {"timestamp": 1786796789.702623, "severity": "INFO", "name": "recommendationservice-server", "message": "[Recv ListRecommendations] product_ids=['1YMWWN1N4O', 'L9ECAV7KIM', '66VCHSJNUP', 'OLJCESPC7Z', '2ZYFJ3GM2N']"}
2026-08-15T12:26:29.762386045Z {"timestamp": 1786796789.7611282, "severity": "INFO", "name": "recommendationservice-server", "message": "[Recv ListRecommendations] product_ids=['OLJCESPC7Z', 'LS4PSXUNUM', '9SIQT8TOJO', '0PUK6V6EV0', '1YMWWN1N4O']"}
2026-08-15T12:26:29.800216290Z {"timestamp": 1786796789.7992191, "severity": "INFO", "name": "recommendationservice-server", "message": "[Recv ListRecommendations] product_ids=['LS4PSXUNUM', 'L9ECAV7KIM', '9SIQT8TOJO', '2ZYFJ3GM2N', '66VCHSJNUP']"}
2026-08-15T12:26:30.373539522Z {"timestamp": 1786796790.3730466, "severity": "INFO", "name": "recommendationservice-server", "message": "[Recv ListRecommendations] product_ids=['0PUK6V6EV0', '6E92ZMYYFZ', 'OLJCESPC7Z', 'L9ECAV7KIM', 'LS4PSXUNUM']"}
2026-08-15T12:26:30.582241524Z {"timestamp": 1786796790.5815847, "severity": "INFO", "name": "recommendationservice-server", "message": "[Recv ListRecommendations] product_ids=['0PUK6V6EV0', '66VCHSJNUP', '1YMWWN1N4O', 'LS4PSXUNUM', '2ZYFJ3GM2N']"}
2026-08-15T12:26:30.584927560Z {"timestamp": 1786796790.5842283, "severity": "INFO", "name": "recommendationservice-server", "message": "[Recv ListRecommendations] product_ids=['OLJCESPC7Z', '1YMWWN1N4O', '0PUK6V6EV0', 'LS4PSXUNUM', 'L9ECAV7KIM']"}
2026-08-15T12:26:31.377530512Z {"timestamp": 1786796791.3762884, "severity": "INFO", "name": "recommendationservice-server", "message": "[Recv ListRecommendations] product_ids=['1YMWWN1N4O', 'L9ECAV7KIM', 'OLJCESPC7Z', '9SIQT8TOJO', '66VCHSJNUP']"}
2026-08-15T12:26:31.610702389Z {"timestamp": 1786796791.6092317, "severity": "INFO", "name": "recommendationservice-server", "message": "[Recv ListRecommendations] product_ids=['L9ECAV7KIM', '9SIQT8TOJO', 'OLJCESPC7Z', '66VCHSJNUP', 'LS4PSXUNUM']"}
2026-08-15T12:26:31.625258254Z {"timestamp": 1786796791.624117, "severity": "INFO", "name": "recommendationservice-server", "message": "[Recv ListRecommendations] product_ids=['OLJCESPC7Z', '0PUK6V6EV0', '6E92ZMYYFZ', '9SIQT8TOJO', 'L9ECAV7KIM']"}
2026-08-15T12:26:31.692064906Z {"timestamp": 1786796791.6592443, "severity": "INFO", "name": "recommendationservice-server", "message": "[Recv ListRecommendations] product_ids=['9SIQT8TOJO', '1YMWWN1N4O', 'LS4PSXUNUM', '6E92ZMYYFZ', 'OLJCESPC7Z']"}
2026-08-15T12:26:32.187855743Z {"timestamp": 1786796792.1874564, "severity": "INFO", "name": "recommendationservice-server", "message": "[Recv ListRecommendations] product_ids=['66VCHSJNUP', 'LS4PSXUNUM', '2ZYFJ3GM2N', '0PUK6V6EV0', '9SIQT8TOJO']"}
2026-08-15T12:26:32.893581183Z {"timestamp": 1786796792.8932571, "severity": "INFO", "name": "recommendationservice-server", "message": "[Recv ListRecommendations] product_ids=['2ZYFJ3GM2N', '0PUK6V6EV0', '66VCHSJNUP', 'LS4PSXUNUM', 'L9ECAV7KIM']"}
2026-08-15T12:26:33.590105328Z {"timestamp": 1786796793.588939, "severity": "INFO", "name": "recommendationservice-server", "message": "[Recv ListRecommendations] product_ids=['L9ECAV7KIM', '9SIQT8TOJO', 'LS4PSXUNUM', '2ZYFJ3GM2N', 'OLJCESPC7Z']"}
2026-08-15T12:26:34.164659660Z {"timestamp": 1786796794.1631138, "severity": "INFO", "name": "recommendationservice-server", "message": "[Recv ListRecommendations] product_ids=['9SIQT8TOJO', '6E92ZMYYFZ', 'L9ECAV7KIM', 'LS4PSXUNUM', '66VCHSJNUP']"}
2026-08-15T12:26:34.188779578Z {"timestamp": 1786796794.1877093, "severity": "INFO", "name": "recommendationservice-server", "message": "[Recv ListRecommendations] product_ids=['1YMWWN1N4O', 'L9ECAV7KIM', '6E92ZMYYFZ', '66VCHSJNUP', '2ZYFJ3GM2N']"}
2026-08-15T12:26:34.699293407Z {"timestamp": 1786796794.6981003, "severity": "INFO", "name": "recommendationservice-server", "message": "[Recv ListRecommendations] product_ids=['9SIQT8TOJO', '1YMWWN1N4O', '0PUK6V6EV0', 'OLJCESPC7Z', 'LS4PSXUNUM']"}
2026-08-15T12:26:35.140341051Z {"timestamp": 1786796795.1392274, "severity": "INFO", "name": "recommendationservice-server", "message": "[Recv ListRecommendations] product_ids=['9SIQT8TOJO', '2ZYFJ3GM2N', 'L9ECAV7KIM', 'OLJCESPC7Z', '1YMWWN1N4O']"}
2026-08-15T12:26:35.487841400Z {"timestamp": 1786796795.486954, "severity": "INFO", "name": "recommendationservice-server", "message": "[Recv ListRecommendations] product_ids=['L9ECAV7KIM', '9SIQT8TOJO', 'LS4PSXUNUM', '0PUK6V6EV0', '6E92ZMYYFZ']"}
2026-08-15T12:26:35.929281808Z {"timestamp": 1786796795.9281397, "severity": "INFO", "name": "recommendationservice-server", "message": "[Recv ListRecommendations] product_ids=['9SIQT8TOJO', 'OLJCESPC7Z', '66VCHSJNUP', 'LS4PSXUNUM', '6E92ZMYYFZ']"}
2026-08-15T12:26:36.272949735Z {"timestamp": 1786796796.2726111, "severity": "INFO", "name": "recommendationservice-server", "message": "[Recv ListRecommendations] product_ids=['6E92ZMYYFZ', '0PUK6V6EV0', '2ZYFJ3GM2N', '9SIQT8TOJO', 'LS4PSXUNUM']"}
2026-08-15T12:26:36.738994340Z {"timestamp": 1786796796.738092, "severity": "INFO", "name": "recommendationservice-server", "message": "[Recv ListRecommendations] product_ids=['L9ECAV7KIM', 'LS4PSXUNUM', '9SIQT8TOJO', '6E92ZMYYFZ', '2ZYFJ3GM2N']"}
2026-08-15T12:26:37.124206014Z {"timestamp": 1786796797.1232681, "severity": "INFO", "name": "recommendationservice-server", "message": "[Recv ListRecommendations] product_ids=['6E92ZMYYFZ', '1YMWWN1N4O', 'L9ECAV7KIM', 'LS4PSXUNUM', 'OLJCESPC7Z']"}
2026-08-15T12:26:37.257935230Z {"timestamp": 1786796797.257519, "severity": "INFO", "name": "recommendationservice-server", "message": "[Recv ListRecommendations] product_ids=['LS4PSXUNUM', '1YMWWN1N4O']"}
2026-08-15T12:26:38.106144498Z {"timestamp": 1786796798.1050355, "severity": "INFO", "name": "recommendationservice-server", "message": "[Recv ListRecommendations] product_ids=['66VCHSJNUP', '0PUK6V6EV0', 'OLJCESPC7Z', 'LS4PSXUNUM', 'L9ECAV7KIM']"}
2026-08-15T12:26:38.391545168Z {"timestamp": 1786796798.391097, "severity": "INFO", "name": "recommendationservice-server", "message": "[Recv ListRecommendations] product_ids=['LS4PSXUNUM', '6E92ZMYYFZ', '0PUK6V6EV0', 'OLJCESPC7Z', '9SIQT8TOJO']"}
2026-08-15T12:26:38.802921998Z {"timestamp": 1786796798.8025556, "severity": "INFO", "name": "recommendationservice-server", "message": "[Recv ListRecommendations] product_ids=['66VCHSJNUP', '9SIQT8TOJO', '1YMWWN1N4O', 'OLJCESPC7Z', '0PUK6V6EV0']"}
2026-08-15T12:26:39.095511866Z {"timestamp": 1786796799.095181, "severity": "INFO", "name": "recommendationservice-server", "message": "[Recv ListRecommendations] product_ids=['9SIQT8TOJO', '6E92ZMYYFZ', '0PUK6V6EV0', 'LS4PSXUNUM', 'OLJCESPC7Z']"}
2026-08-15T12:26:39.216607657Z {"timestamp": 1786796799.2163856, "severity": "INFO", "name": "recommendationservice-server", "message": "[Recv ListRecommendations] product_ids=['L9ECAV7KIM', '1YMWWN1N4O', 'OLJCESPC7Z', '0PUK6V6EV0', '66VCHSJNUP']"}
2026-08-15T12:26:39.446424855Z {"timestamp": 1786796799.4453077, "severity": "INFO", "name": "recommendationservice-server", "message": "[Recv ListRecommendations] product_ids=['LS4PSXUNUM', 'L9ECAV7KIM', '2ZYFJ3GM2N', '1YMWWN1N4O', 'OLJCESPC7Z']"}
2026-08-15T12:26:39.494462010Z {"timestamp": 1786796799.493352, "severity": "INFO", "name": "recommendationservice-server", "message": "[Recv ListRecommendations] product_ids=['6E92ZMYYFZ', '66VCHSJNUP', '9SIQT8TOJO', 'L9ECAV7KIM', '1YMWWN1N4O']"}
2026-08-15T12:26:39.926192665Z {"timestamp": 1786796799.9251487, "severity": "INFO", "name": "recommendationservice-server", "message": "[Recv ListRecommendations] product_ids=['6E92ZMYYFZ', '1YMWWN1N4O', '2ZYFJ3GM2N', 'LS4PSXUNUM', '66VCHSJNUP']"}
2026-08-15T12:26:39.931780674Z {"timestamp": 1786796799.9306664, "severity": "INFO", "name": "recommendationservice-server", "message": "[Recv ListRecommendations] product_ids=['6E92ZMYYFZ', 'L9ECAV7KIM', '9SIQT8TOJO', '1YMWWN1N4O', 'OLJCESPC7Z']"}
2026-08-15T12:26:40.392555334Z {"timestamp": 1786796800.391113, "severity": "INFO", "name": "recommendationservice-server", "message": "[Recv ListRecommendations] product_ids=['LS4PSXUNUM', '2ZYFJ3GM2N', '1YMWWN1N4O', 'L9ECAV7KIM', '6E92ZMYYFZ']"}
2026-08-15T12:26:40.584472038Z {"timestamp": 1786796800.5840802, "severity": "INFO", "name": "recommendationservice-server", "message": "[Recv ListRecommendations] product_ids=['L9ECAV7KIM', 'OLJCESPC7Z', 'LS4PSXUNUM', '6E92ZMYYFZ', '1YMWWN1N4O']"}
2026-08-15T12:26:40.797470908Z {"timestamp": 1786796800.7971957, "severity": "INFO", "name": "recommendationservice-server", "message": "[Recv ListRecommendations] product_ids=['0PUK6V6EV0', '66VCHSJNUP', '1YMWWN1N4O', 'OLJCESPC7Z', '6E92ZMYYFZ']"}
2026-08-15T12:26:41.087774249Z {"timestamp": 1786796801.0874586, "severity": "INFO", "name": "recommendationservice-server", "message": "[Recv ListRecommendations] product_ids=['9SIQT8TOJO', '0PUK6V6EV0', '2ZYFJ3GM2N', '6E92ZMYYFZ', 'LS4PSXUNUM']"}
2026-08-15T12:26:41.103452915Z {"timestamp": 1786796801.1031504, "severity": "INFO", "name": "recommendationservice-server", "message": "[Recv ListRecommendations] product_ids=['1YMWWN1N4O', '9SIQT8TOJO', '2ZYFJ3GM2N', 'OLJCESPC7Z', 'LS4PSXUNUM']"}
