2026-08-15T12:14:39.467361976Z {"message":"[GetQuote] received request","severity":"info","timestamp":"2026-08-15T12:14:39.46660384Z"}
2026-08-15T12:14:39.467446580Z {"message":"[GetQuote] completed request","severity":"info","timestamp":"2026-08-15T12:14:39.466775848Z"}
2026-08-15T12:14:40.288095841Z {"message":"[GetQuote] received request","severity":"info","timestamp":"2026-08-15T12:14:40.287811727Z"}
2026-08-15T12:14:40.288128342Z {"message":"[GetQuote] completed request","severity":"info","timestamp":"2026-08-15T12:14:40.28787623Z"}
2026-08-15T12:14:42.334304083Z {"message":"[GetQuote] received request","severity":"info","timestamp":"2026-08-15T12:14:42.333419938Z"}
2026-08-15T12:14:42.334371294Z {"message":"[GetQuote] completed request","severity":"info","timestamp":"2026-08-15T12:14:42.333544959Z"}
2026-08-15T12:14:42.995854364Z {"message":"[GetQuote] received request","severity":"info","timestamp":"2026-08-15T12:14:42.995248865Z"}
2026-08-15T12:14:42.995921975Z {"message":"[GetQuote] completed request","severity":"info","timestamp":"2026-08-15T12:14:42.995379886Z"}
2026-08-15T12:14:43.225839307Z {"message":"[GetQuote] received request","severity":"info","timestamp":"2026-08-15T12:14:43.225337625Z"}
2026-08-15T12:14:43.225896917Z {"message":"[GetQuote] completed request","severity":"info","timestamp":"2026-08-15T12:14:43.225462546Z"}
2026-08-15T12:14:44.481513639Z {"message":"[GetQuote] received request","severity":"info","timestamp":"2026-08-15T12:14:44.480937245Z"}
2026-08-15T12:14:44.481565347Z {"message":"[GetQuote] completed request","severity":"info","timestamp":"2026-08-15T12:14:44.481018758Z"}
2026-08-15T12:14:45.109405802Z {"message":"[GetQuote] received request","severity":"info","timestamp":"2026-08-15T12:14:45.109123456Z"}
2026-08-15T12:14:45.109453609Z {"message":"[GetQuote] completed request","severity":"info","timestamp":"2026-08-15T12:14:45.109182665Z"}
2026-08-15T12:14:45.779190474Z {"message":"[GetQuote] received request","severity":"info","timestamp":"2026-08-15T12:14:45.778997043Z"}
2026-08-15T12:14:45.779209377Z {"message":"[GetQuote] completed request","severity":"info","timestamp":"2026-08-15T12:14:45.779070955Z"}
2026-08-15T12:14:45.822794862Z {"message":"[GetQuote] received request","severity":"info","timestamp":"2026-08-15T12:14:45.822625135Z"}
2026-08-15T12:14:45.822818766Z {"message":"[GetQuote] completed request","severity":"info","timestamp":"2026-08-15T12:14:45.822663141Z"}
2026-08-15T12:14:48.162376358Z {"message":"[GetQuote] received request","severity":"info","timestamp":"2026-08-15T12:14:48.162075509Z"}
2026-08-15T12:14:48.162423766Z {"message":"[GetQuote] completed request","severity":"info","timestamp":"2026-08-15T12:14:48.162145621Z"}
2026-08-15T12:14:48.241485117Z {"message":"[GetQuote] received request","severity":"info","timestamp":"2026-08-15T12:14:48.241121658Z"}
2026-08-15T12:14:48.241511521Z {"message":"[GetQuote] completed request","severity":"info","timestamp":"2026-08-15T12:14:48.241219574Z"}
2026-08-15T12:14:48.246249792Z {"message":"[ShipOrder] received request","severity":"info","timestamp":"2026-08-15T12:14:48.246063961Z"}
2026-08-15T12:14:48.246270895Z {"message":"[ShipOrder] completed request","severity":"info","timestamp":"2026-08-15T12:14:48.246131072Z"}
2026-08-15T12:14:49.748109217Z {"message":"[GetQuote] received request","severity":"info","timestamp":"2026-08-15T12:14:49.747552526Z"}
2026-08-15T12:14:49.748338654Z {"message":"[GetQuote] completed request","severity":"info","timestamp":"2026-08-15T12:14:49.747632839Z"}
2026-08-15T12:14:50.401512027Z {"message":"[GetQuote] received request","severity":"info","timestamp":"2026-08-15T12:14:50.401300092Z"}
2026-08-15T12:14:50.401531230Z {"message":"[GetQuote] completed request","severity":"info","timestamp":"2026-08-15T12:14:50.401333798Z"}
2026-08-15T12:14:52.432801008Z {"message":"[GetQuote] received request","severity":"info","timestamp":"2026-08-15T12:14:52.430904592Z"}
2026-08-15T12:14:52.432883722Z {"message":"[GetQuote] completed request","severity":"info","timestamp":"2026-08-15T12:14:52.431097424Z"}
2026-08-15T12:14:56.383577821Z {"message":"[GetQuote] received request","severity":"info","timestamp":"2026-08-15T12:14:56.383134247Z"}
2026-08-15T12:14:56.383630430Z {"message":"[GetQuote] completed request","severity":"info","timestamp":"2026-08-15T12:14:56.383241965Z"}
2026-08-15T12:14:56.444229936Z {"message":"[GetQuote] received request","severity":"info","timestamp":"2026-08-15T12:14:56.443861575Z"}
2026-08-15T12:14:56.444272143Z {"message":"[GetQuote] completed request","severity":"info","timestamp":"2026-08-15T12:14:56.443944589Z"}
2026-08-15T12:14:56.451614668Z {"message":"[ShipOrder] received request","severity":"info","timestamp":"2026-08-15T12:14:56.45132772Z"}
2026-08-15T12:14:56.451647173Z {"message":"[ShipOrder] completed request","severity":"info","timestamp":"2026-08-15T12:14:56.451382429Z"}
2026-08-15T12:14:57.218954945Z {"message":"[GetQuote] received request","severity":"info","timestamp":"2026-08-15T12:14:57.218162513Z"}
2026-08-15T12:14:57.219019056Z {"message":"[GetQuote] completed request","severity":"info","timestamp":"2026-08-15T12:14:57.218317439Z"}
2026-08-15T12:14:57.768957475Z {"message":"[GetQuote] received request","severity":"info","timestamp":"2026-08-15T12:14:57.766883729Z"}
2026-08-15T12:14:57.768990381Z {"message":"[GetQuote] completed request","severity":"info","timestamp":"2026-08-15T12:14:57.766959842Z"}
2026-08-15T12:14:59.466861852Z {"message":"[GetQuote] received request","severity":"info","timestamp":"2026-08-15T12:14:59.465922096Z"}
2026-08-15T12:14:59.467639782Z {"message":"[GetQuote] completed request","severity":"info","timestamp":"2026-08-15T12:14:59.466111327Z"}
2026-08-15T12:14:59.724285986Z {"message":"[GetQuote] received request","severity":"info","timestamp":"2026-08-15T12:14:59.723365432Z"}
2026-08-15T12:14:59.724362198Z {"message":"[GetQuote] completed request","severity":"info","timestamp":"2026-08-15T12:14:59.723581068Z"}
2026-08-15T12:15:00.136243659Z {"message":"[GetQuote] received request","severity":"info","timestamp":"2026-08-15T12:15:00.135876795Z"}
2026-08-15T12:15:00.136277165Z {"message":"[GetQuote] completed request","severity":"info","timestamp":"2026-08-15T12:15:00.135948107Z"}
2026-08-15T12:15:00.327015456Z {"message":"[GetQuote] received request","severity":"info","timestamp":"2026-08-15T12:15:00.326077691Z"}
2026-08-15T12:15:00.327123274Z {"message":"[GetQuote] completed request","severity":"info","timestamp":"2026-08-15T12:15:00.326211015Z"}
2026-08-15T12:15:00.331442931Z {"message":"[GetQuote] received request","severity":"info","timestamp":"2026-08-15T12:15:00.330509367Z"}
2026-08-15T12:15:00.331515843Z {"message":"[GetQuote] completed request","severity":"info","timestamp":"2026-08-15T12:15:00.330600783Z"}
2026-08-15T12:15:01.039525289Z {"message":"[GetQuote] received request","severity":"info","timestamp":"2026-08-15T12:15:01.038759455Z"}
2026-08-15T12:15:01.039568597Z {"message":"[GetQuote] completed request","severity":"info","timestamp":"2026-08-15T12:15:01.03884547Z"}
2026-08-15T12:15:01.099482985Z {"message":"[GetQuote] received request","severity":"info","timestamp":"2026-08-15T12:15:01.099018204Z"}
2026-08-15T12:15:01.099526393Z {"message":"[GetQuote] completed request","severity":"info","timestamp":"2026-08-15T12:15:01.099115721Z"}
2026-08-15T12:15:01.107005502Z {"message":"[ShipOrder] received request","severity":"info","timestamp":"2026-08-15T12:15:01.106486711Z"}
2026-08-15T12:15:01.107049310Z {"message":"[ShipOrder] completed request","severity":"info","timestamp":"2026-08-15T12:15:01.10659293Z"}
2026-08-15T12:15:02.317766760Z {"message":"[GetQuote] received request","severity":"info","timestamp":"2026-08-15T12:15:02.31759073Z"}
2026-08-15T12:15:02.317792565Z {"message":"[GetQuote] completed request","severity":"info","timestamp":"2026-08-15T12:15:02.317676145Z"}
2026-08-15T12:15:03.260275058Z {"message":"[GetQuote] received request","severity":"info","timestamp":"2026-08-15T12:15:03.26005922Z"}
2026-08-15T12:15:03.260301062Z {"message":"[GetQuote] completed request","severity":"info","timestamp":"2026-08-15T12:15:03.260105628Z"}
2026-08-15T12:15:04.325286001Z {"message":"[GetQuote] received request","severity":"info","timestamp":"2026-08-15T12:15:04.324675094Z"}
2026-08-15T12:15:04.325376616Z {"message":"[GetQuote] completed request","severity":"info","timestamp":"2026-08-15T12:15:04.324984548Z"}
2026-08-15T12:15:04.325389419Z {"message":"[GetQuote] received request","severity":"info","timestamp":"2026-08-15T12:15:04.324703299Z"}
2026-08-15T12:15:04.325395820Z {"message":"[GetQuote] completed request","severity":"info","timestamp":"2026-08-15T12:15:04.325128073Z"}
2026-08-15T12:15:05.404311797Z {"message":"[GetQuote] received request","severity":"info","timestamp":"2026-08-15T12:15:05.403923029Z"}
2026-08-15T12:15:05.404344503Z {"message":"[GetQuote] completed request","severity":"info","timestamp":"2026-08-15T12:15:05.404032448Z"}
2026-08-15T12:15:09.131701208Z {"message":"[GetQuote] received request","severity":"info","timestamp":"2026-08-15T12:15:09.131299439Z"}
2026-08-15T12:15:09.131743715Z {"message":"[GetQuote] completed request","severity":"info","timestamp":"2026-08-15T12:15:09.131360649Z"}
2026-08-15T12:15:09.724207161Z {"message":"[GetQuote] received request","severity":"info","timestamp":"2026-08-15T12:15:09.723060062Z"}
2026-08-15T12:15:09.724310578Z {"message":"[GetQuote] completed request","severity":"info","timestamp":"2026-08-15T12:15:09.723178883Z"}
2026-08-15T12:15:10.881313245Z {"message":"[GetQuote] received request","severity":"info","timestamp":"2026-08-15T12:15:10.88035478Z"}
2026-08-15T12:15:10.881476473Z {"message":"[GetQuote] completed request","severity":"info","timestamp":"2026-08-15T12:15:10.880536911Z"}
2026-08-15T12:15:12.980117541Z {"message":"[GetQuote] received request","severity":"info","timestamp":"2026-08-15T12:15:12.979195882Z"}
2026-08-15T12:15:12.980196754Z {"message":"[GetQuote] completed request","severity":"info","timestamp":"2026-08-15T12:15:12.979391115Z"}
2026-08-15T12:15:14.811896272Z {"message":"[GetQuote] received request","severity":"info","timestamp":"2026-08-15T12:15:14.811433792Z"}
2026-08-15T12:15:14.811938979Z {"message":"[GetQuote] completed request","severity":"info","timestamp":"2026-08-15T12:15:14.811571416Z"}
2026-08-15T12:15:16.080764340Z {"message":"[GetQuote] received request","severity":"info","timestamp":"2026-08-15T12:15:16.0799482Z"}
2026-08-15T12:15:16.080838753Z {"message":"[GetQuote] completed request","severity":"info","timestamp":"2026-08-15T12:15:16.080044816Z"}
2026-08-15T12:15:17.220693372Z {"message":"[GetQuote] received request","severity":"info","timestamp":"2026-08-15T12:15:17.220210389Z"}
2026-08-15T12:15:17.220742180Z {"message":"[GetQuote] completed request","severity":"info","timestamp":"2026-08-15T12:15:17.220289603Z"}
2026-08-15T12:15:17.655195617Z {"message":"[GetQuote] received request","severity":"info","timestamp":"2026-08-15T12:15:17.654524901Z"}
2026-08-15T12:15:17.655362345Z {"message":"[GetQuote] completed request","severity":"info","timestamp":"2026-08-15T12:15:17.654713534Z"}
2026-08-15T12:15:20.800532864Z {"message":"[GetQuote] received request","severity":"info","timestamp":"2026-08-15T12:15:20.799710423Z"}
2026-08-15T12:15:20.800565470Z {"message":"[GetQuote] completed request","severity":"info","timestamp":"2026-08-15T12:15:20.79975393Z"}
2026-08-15T12:15:21.703556197Z {"message":"[GetQuote] received request","severity":"info","timestamp":"2026-08-15T12:15:21.703077315Z"}
2026-08-15T12:15:21.703598705Z {"message":"[GetQuote] completed request","severity":"info","timestamp":"2026-08-15T12:15:21.703145627Z"}
2026-08-15T12:15:23.648575638Z {"message":"[GetQuote] received request","severity":"info","timestamp":"2026-08-15T12:15:23.648067251Z"}
2026-08-15T12:15:23.648633948Z {"message":"[GetQuote] completed request","severity":"info","timestamp":"2026-08-15T12:15:23.648171469Z"}
2026-08-15T12:15:24.253670794Z {"message":"[GetQuote] received request","severity":"info","timestamp":"2026-08-15T12:15:24.25288916Z"}
2026-08-15T12:15:24.253741906Z {"message":"[GetQuote] completed request","severity":"info","timestamp":"2026-08-15T12:15:24.253090395Z"}
2026-08-15T12:15:25.436103228Z {"message":"[GetQuote] received request","severity":"info","timestamp":"2026-08-15T12:15:25.435891591Z"}
2026-08-15T12:15:25.436151636Z {"message":"[GetQuote] completed request","severity":"info","timestamp":"2026-08-15T12:15:25.4359405Z"}
2026-08-15T12:15:25.804679359Z {"message":"[GetQuote] received request","severity":"info","timestamp":"2026-08-15T12:15:25.804202878Z"}
2026-08-15T12:15:25.804707364Z {"message":"[GetQuote] completed request","severity":"info","timestamp":"2026-08-15T12:15:25.804253887Z"}
2026-08-15T12:15:26.300877551Z {"message":"[GetQuote] received request","severity":"info","timestamp":"2026-08-15T12:15:26.300434175Z"}
2026-08-15T12:15:26.300924259Z {"message":"[GetQuote] completed request","severity":"info","timestamp":"2026-08-15T12:15:26.300497886Z"}
2026-08-15T12:15:28.728211118Z {"message":"[GetQuote] received request","severity":"info","timestamp":"2026-08-15T12:15:28.726666754Z"}
2026-08-15T12:15:28.728353143Z {"message":"[GetQuote] completed request","severity":"info","timestamp":"2026-08-15T12:15:28.726952103Z"}
2026-08-15T12:15:29.124599514Z {"message":"[GetQuote] received request","severity":"info","timestamp":"2026-08-15T12:15:29.124312065Z"}
2026-08-15T12:15:29.126348313Z {"message":"[GetQuote] completed request","severity":"info","timestamp":"2026-08-15T12:15:29.124393679Z"}
2026-08-15T12:15:32.031080137Z {"message":"[GetQuote] received request","severity":"info","timestamp":"2026-08-15T12:15:32.030908609Z"}
2026-08-15T12:15:32.031117843Z {"message":"[GetQuote] completed request","severity":"info","timestamp":"2026-08-15T12:15:32.030957517Z"}
2026-08-15T12:15:32.076601487Z {"message":"[GetQuote] received request","severity":"info","timestamp":"2026-08-15T12:15:32.076411356Z"}
2026-08-15T12:15:32.076628492Z {"message":"[GetQuote] completed request","severity":"info","timestamp":"2026-08-15T12:15:32.076438861Z"}
2026-08-15T12:15:32.121539842Z {"message":"[GetQuote] received request","severity":"info","timestamp":"2026-08-15T12:15:32.121383016Z"}
2026-08-15T12:15:32.121561546Z {"message":"[GetQuote] completed request","severity":"info","timestamp":"2026-08-15T12:15:32.121427724Z"}
2026-08-15T12:15:32.138806168Z {"message":"[GetQuote] received request","severity":"info","timestamp":"2026-08-15T12:15:32.138589132Z"}
2026-08-15T12:15:32.138829172Z {"message":"[GetQuote] completed request","severity":"info","timestamp":"2026-08-15T12:15:32.138623238Z"}
2026-08-15T12:15:32.141808259Z {"message":"[ShipOrder] received request","severity":"info","timestamp":"2026-08-15T12:15:32.141574921Z"}
2026-08-15T12:15:32.141820761Z {"message":"[ShipOrder] completed request","severity":"info","timestamp":"2026-08-15T12:15:32.141612327Z"}
2026-08-15T12:15:34.422442712Z {"message":"[GetQuote] received request","severity":"info","timestamp":"2026-08-15T12:15:34.421497758Z"}
2026-08-15T12:15:34.422510123Z {"message":"[GetQuote] completed request","severity":"info","timestamp":"2026-08-15T12:15:34.421668686Z"}
2026-08-15T12:15:34.528753511Z {"message":"[GetQuote] received request","severity":"info","timestamp":"2026-08-15T12:15:34.527965882Z"}
2026-08-15T12:15:34.528827623Z {"message":"[GetQuote] completed request","severity":"info","timestamp":"2026-08-15T12:15:34.52813311Z"}
2026-08-15T12:15:35.463943466Z {"message":"[GetQuote] received request","severity":"info","timestamp":"2026-08-15T12:15:35.46365892Z"}
2026-08-15T12:15:35.463975572Z {"message":"[GetQuote] completed request","severity":"info","timestamp":"2026-08-15T12:15:35.463710028Z"}
2026-08-15T12:15:37.001335579Z {"message":"[GetQuote] received request","severity":"info","timestamp":"2026-08-15T12:15:37.001184254Z"}
2026-08-15T12:15:37.001356482Z {"message":"[GetQuote] completed request","severity":"info","timestamp":"2026-08-15T12:15:37.001256966Z"}
2026-08-15T12:15:37.083199777Z {"message":"[GetQuote] received request","severity":"info","timestamp":"2026-08-15T12:15:37.082758505Z"}
2026-08-15T12:15:37.083346901Z {"message":"[GetQuote] completed request","severity":"info","timestamp":"2026-08-15T12:15:37.08285472Z"}
2026-08-15T12:15:37.133496508Z {"message":"[GetQuote] received request","severity":"info","timestamp":"2026-08-15T12:15:37.133098243Z"}
2026-08-15T12:15:37.133558519Z {"message":"[GetQuote] completed request","severity":"info","timestamp":"2026-08-15T12:15:37.13319776Z"}
2026-08-15T12:15:37.146053764Z {"message":"[ShipOrder] received request","severity":"info","timestamp":"2026-08-15T12:15:37.145671301Z"}
2026-08-15T12:15:37.146090770Z {"message":"[ShipOrder] completed request","severity":"info","timestamp":"2026-08-15T12:15:37.145782719Z"}
2026-08-15T12:15:39.020708273Z {"message":"[GetQuote] received request","severity":"info","timestamp":"2026-08-15T12:15:39.019862735Z"}
2026-08-15T12:15:39.020794687Z {"message":"[GetQuote] completed request","severity":"info","timestamp":"2026-08-15T12:15:39.020032162Z"}
2026-08-15T12:15:40.270038429Z {"message":"[GetQuote] received request","severity":"info","timestamp":"2026-08-15T12:15:40.269792018Z"}
2026-08-15T12:15:40.270115433Z {"message":"[GetQuote] completed request","severity":"info","timestamp":"2026-08-15T12:15:40.26983972Z"}
2026-08-15T12:15:41.320294274Z {"message":"[GetQuote] received request","severity":"info","timestamp":"2026-08-15T12:15:41.319204923Z"}
2026-08-15T12:15:41.320365477Z {"message":"[GetQuote] completed request","severity":"info","timestamp":"2026-08-15T12:15:41.319435434Z"}
2026-08-15T12:15:42.072735691Z {"message":"[GetQuote] received request","severity":"info","timestamp":"2026-08-15T12:15:42.072469879Z"}
2026-08-15T12:15:42.072993303Z {"message":"[GetQuote] completed request","severity":"info","timestamp":"2026-08-15T12:15:42.07270209Z"}
2026-08-15T12:15:42.115926400Z {"message":"[GetQuote] received request","severity":"info","timestamp":"2026-08-15T12:15:42.115598085Z"}
2026-08-15T12:15:42.115956101Z {"message":"[GetQuote] completed request","severity":"info","timestamp":"2026-08-15T12:15:42.115673588Z"}
2026-08-15T12:15:44.225086492Z {"message":"[GetQuote] received request","severity":"info","timestamp":"2026-08-15T12:15:44.224371759Z"}
2026-08-15T12:15:44.225184397Z {"message":"[GetQuote] completed request","severity":"info","timestamp":"2026-08-15T12:15:44.224472064Z"}
2026-08-15T12:15:45.046332687Z {"message":"[GetQuote] received request","severity":"info","timestamp":"2026-08-15T12:15:45.044705811Z"}
2026-08-15T12:15:45.046414790Z {"message":"[GetQuote] completed request","severity":"info","timestamp":"2026-08-15T12:15:45.044805816Z"}
2026-08-15T12:15:45.756543917Z {"message":"[GetQuote] received request","severity":"info","timestamp":"2026-08-15T12:15:45.756295205Z"}
2026-08-15T12:15:45.756598119Z {"message":"[GetQuote] completed request","severity":"info","timestamp":"2026-08-15T12:15:45.756346308Z"}
2026-08-15T12:15:46.698551928Z {"message":"[GetQuote] received request","severity":"info","timestamp":"2026-08-15T12:15:46.698155509Z"}
2026-08-15T12:15:46.698590629Z {"message":"[GetQuote] completed request","severity":"info","timestamp":"2026-08-15T12:15:46.698221912Z"}
2026-08-15T12:15:46.730313905Z {"message":"[GetQuote] received request","severity":"info","timestamp":"2026-08-15T12:15:46.729917686Z"}
2026-08-15T12:15:46.730339406Z {"message":"[GetQuote] completed request","severity":"info","timestamp":"2026-08-15T12:15:46.72998669Z"}
2026-08-15T12:15:46.737398234Z {"message":"[ShipOrder] received request","severity":"info","timestamp":"2026-08-15T12:15:46.737111821Z"}
2026-08-15T12:15:46.737422835Z {"message":"[ShipOrder] completed request","severity":"info","timestamp":"2026-08-15T12:15:46.737198025Z"}
2026-08-15T12:15:47.287776231Z {"message":"[GetQuote] received request","severity":"info","timestamp":"2026-08-15T12:15:47.286520273Z"}
2026-08-15T12:15:47.287826834Z {"message":"[GetQuote] completed request","severity":"info","timestamp":"2026-08-15T12:15:47.286621777Z"}
2026-08-15T12:15:47.442042306Z {"message":"[GetQuote] received request","severity":"info","timestamp":"2026-08-15T12:15:47.441102362Z"}
2026-08-15T12:15:47.442092808Z {"message":"[GetQuote] completed request","severity":"info","timestamp":"2026-08-15T12:15:47.441150564Z"}
2026-08-15T12:15:47.533188245Z {"message":"[GetQuote] received request","severity":"info","timestamp":"2026-08-15T12:15:47.532690722Z"}
2026-08-15T12:15:47.533238347Z {"message":"[GetQuote] completed request","severity":"info","timestamp":"2026-08-15T12:15:47.532775526Z"}
2026-08-15T12:15:47.540768097Z {"message":"[ShipOrder] received request","severity":"info","timestamp":"2026-08-15T12:15:47.540233772Z"}
2026-08-15T12:15:47.540801799Z {"message":"[ShipOrder] completed request","severity":"info","timestamp":"2026-08-15T12:15:47.54040198Z"}
2026-08-15T12:15:47.647055140Z {"message":"[GetQuote] received request","severity":"info","timestamp":"2026-08-15T12:15:47.646436712Z"}
2026-08-15T12:15:47.647097142Z {"message":"[GetQuote] completed request","severity":"info","timestamp":"2026-08-15T12:15:47.646536916Z"}
2026-08-15T12:15:49.379803875Z {"message":"[GetQuote] received request","severity":"info","timestamp":"2026-08-15T12:15:49.379286992Z"}
2026-08-15T12:15:49.379861584Z {"message":"[GetQuote] completed request","severity":"info","timestamp":"2026-08-15T12:15:49.379430115Z"}
2026-08-15T12:15:49.439285889Z {"message":"[GetQuote] received request","severity":"info","timestamp":"2026-08-15T12:15:49.438668391Z"}
2026-08-15T12:15:49.439334797Z {"message":"[GetQuote] completed request","severity":"info","timestamp":"2026-08-15T12:15:49.438770507Z"}
2026-08-15T12:15:49.497093936Z {"message":"[ShipOrder] received request","severity":"info","timestamp":"2026-08-15T12:15:49.496416228Z"}
2026-08-15T12:15:49.497142444Z {"message":"[ShipOrder] completed request","severity":"info","timestamp":"2026-08-15T12:15:49.496557951Z"}
2026-08-15T12:15:51.013465894Z {"message":"[GetQuote] received request","severity":"info","timestamp":"2026-08-15T12:15:51.01312844Z"}
2026-08-15T12:15:51.013504900Z {"message":"[GetQuote] completed request","severity":"info","timestamp":"2026-08-15T12:15:51.013172247Z"}
2026-08-15T12:15:51.041147022Z {"message":"[GetQuote] received request","severity":"info","timestamp":"2026-08-15T12:15:51.040942989Z"}
2026-08-15T12:15:51.041168525Z {"message":"[GetQuote] completed request","severity":"info","timestamp":"2026-08-15T12:15:51.040977795Z"}
2026-08-15T12:15:51.044798806Z {"message":"[ShipOrder] received request","severity":"info","timestamp":"2026-08-15T12:15:51.044593973Z"}
2026-08-15T12:15:51.044819909Z {"message":"[ShipOrder] completed request","severity":"info","timestamp":"2026-08-15T12:15:51.044646081Z"}
2026-08-15T12:15:52.203676279Z {"message":"[GetQuote] received request","severity":"info","timestamp":"2026-08-15T12:15:52.20324281Z"}
2026-08-15T12:15:52.203726787Z {"message":"[GetQuote] completed request","severity":"info","timestamp":"2026-08-15T12:15:52.203321622Z"}
2026-08-15T12:15:53.103052742Z {"message":"[GetQuote] received request","severity":"info","timestamp":"2026-08-15T12:15:53.102402738Z"}
2026-08-15T12:15:53.103097450Z {"message":"[GetQuote] completed request","severity":"info","timestamp":"2026-08-15T12:15:53.102497154Z"}
2026-08-15T12:15:53.545733853Z {"message":"[GetQuote] received request","severity":"info","timestamp":"2026-08-15T12:15:53.545064346Z"}
2026-08-15T12:15:53.545791363Z {"message":"[GetQuote] completed request","severity":"info","timestamp":"2026-08-15T12:15:53.545154561Z"}
2026-08-15T12:15:55.221788354Z {"message":"[GetQuote] received request","severity":"info","timestamp":"2026-08-15T12:15:55.22107944Z"}
2026-08-15T12:15:55.221867366Z {"message":"[GetQuote] completed request","severity":"info","timestamp":"2026-08-15T12:15:55.221219363Z"}
2026-08-15T12:15:57.179266755Z {"message":"[GetQuote] received request","severity":"info","timestamp":"2026-08-15T12:15:57.177883136Z"}
2026-08-15T12:15:57.179345968Z {"message":"[GetQuote] completed request","severity":"info","timestamp":"2026-08-15T12:15:57.178261696Z"}
2026-08-15T12:15:58.973915517Z {"message":"[GetQuote] received request","severity":"info","timestamp":"2026-08-15T12:15:58.973693781Z"}
2026-08-15T12:15:58.973948822Z {"message":"[GetQuote] completed request","severity":"info","timestamp":"2026-08-15T12:15:58.973736388Z"}
2026-08-15T12:15:59.622292988Z {"message":"[GetQuote] received request","severity":"info","timestamp":"2026-08-15T12:15:59.621981439Z"}
2026-08-15T12:15:59.622330294Z {"message":"[GetQuote] completed request","severity":"info","timestamp":"2026-08-15T12:15:59.622044849Z"}
2026-08-15T12:16:00.099499428Z {"message":"[GetQuote] received request","severity":"info","timestamp":"2026-08-15T12:16:00.099062959Z"}
2026-08-15T12:16:00.099544435Z {"message":"[GetQuote] completed request","severity":"info","timestamp":"2026-08-15T12:16:00.099172376Z"}
2026-08-15T12:16:00.766423139Z {"message":"[GetQuote] received request","severity":"info","timestamp":"2026-08-15T12:16:00.765457386Z"}
2026-08-15T12:16:00.766500651Z {"message":"[GetQuote] completed request","severity":"info","timestamp":"2026-08-15T12:16:00.76567382Z"}
2026-08-15T12:16:02.836858314Z {"message":"[GetQuote] received request","severity":"info","timestamp":"2026-08-15T12:16:02.836668484Z"}
2026-08-15T12:16:02.836883618Z {"message":"[GetQuote] completed request","severity":"info","timestamp":"2026-08-15T12:16:02.836699289Z"}
2026-08-15T12:16:04.512635522Z {"message":"[GetQuote] received request","severity":"info","timestamp":"2026-08-15T12:16:04.511111489Z"}
2026-08-15T12:16:04.512677029Z {"message":"[GetQuote] completed request","severity":"info","timestamp":"2026-08-15T12:16:04.511173899Z"}
2026-08-15T12:16:04.594440740Z {"message":"[GetQuote] received request","severity":"info","timestamp":"2026-08-15T12:16:04.594290317Z"}
2026-08-15T12:16:04.594458543Z {"message":"[GetQuote] completed request","severity":"info","timestamp":"2026-08-15T12:16:04.594334524Z"}
2026-08-15T12:16:05.133644751Z {"message":"[GetQuote] received request","severity":"info","timestamp":"2026-08-15T12:16:05.131128266Z"}
2026-08-15T12:16:05.133743666Z {"message":"[GetQuote] completed request","severity":"info","timestamp":"2026-08-15T12:16:05.131305993Z"}
2026-08-15T12:16:05.234145030Z {"message":"[GetQuote] received request","severity":"info","timestamp":"2026-08-15T12:16:05.233224389Z"}
2026-08-15T12:16:05.234171534Z {"message":"[GetQuote] completed request","severity":"info","timestamp":"2026-08-15T12:16:05.233255494Z"}
2026-08-15T12:16:05.238256159Z {"message":"[ShipOrder] received request","severity":"info","timestamp":"2026-08-15T12:16:05.238034125Z"}
2026-08-15T12:16:05.238272061Z {"message":"[ShipOrder] completed request","severity":"info","timestamp":"2026-08-15T12:16:05.238083433Z"}
2026-08-15T12:16:05.733336518Z {"message":"[GetQuote] received request","severity":"info","timestamp":"2026-08-15T12:16:05.733137987Z"}
2026-08-15T12:16:05.733368623Z {"message":"[GetQuote] completed request","severity":"info","timestamp":"2026-08-15T12:16:05.733190896Z"}
2026-08-15T12:16:05.780601050Z {"message":"[GetQuote] received request","severity":"info","timestamp":"2026-08-15T12:16:05.780193488Z"}
2026-08-15T12:16:05.780626354Z {"message":"[GetQuote] completed request","severity":"info","timestamp":"2026-08-15T12:16:05.780223193Z"}
2026-08-15T12:16:05.785010925Z {"message":"[ShipOrder] received request","severity":"info","timestamp":"2026-08-15T12:16:05.784821296Z"}
2026-08-15T12:16:05.785033529Z {"message":"[ShipOrder] completed request","severity":"info","timestamp":"2026-08-15T12:16:05.784875705Z"}
2026-08-15T12:16:06.217557115Z {"message":"[GetQuote] received request","severity":"info","timestamp":"2026-08-15T12:16:06.216647376Z"}
2026-08-15T12:16:06.217633427Z {"message":"[GetQuote] completed request","severity":"info","timestamp":"2026-08-15T12:16:06.216833104Z"}
2026-08-15T12:16:07.070150281Z {"message":"[GetQuote] received request","severity":"info","timestamp":"2026-08-15T12:16:07.069407668Z"}
2026-08-15T12:16:07.070217092Z {"message":"[GetQuote] completed request","severity":"info","timestamp":"2026-08-15T12:16:07.069564292Z"}
2026-08-15T12:16:07.184935946Z {"message":"[GetQuote] received request","severity":"info","timestamp":"2026-08-15T12:16:07.18417483Z"}
2026-08-15T12:16:07.184994155Z {"message":"[GetQuote] completed request","severity":"info","timestamp":"2026-08-15T12:16:07.184292948Z"}
2026-08-15T12:16:07.195636684Z {"message":"[ShipOrder] received request","severity":"info","timestamp":"2026-08-15T12:16:07.195270328Z"}
2026-08-15T12:16:07.195674490Z {"message":"[ShipOrder] completed request","severity":"info","timestamp":"2026-08-15T12:16:07.195367443Z"}
2026-08-15T12:16:10.824027812Z {"message":"[GetQuote] received request","severity":"info","timestamp":"2026-08-15T12:16:10.823156579Z"}
2026-08-15T12:16:10.824122427Z {"message":"[GetQuote] completed request","severity":"info","timestamp":"2026-08-15T12:16:10.823318804Z"}
2026-08-15T12:16:11.321651660Z {"message":"[GetQuote] received request","severity":"info","timestamp":"2026-08-15T12:16:11.321273002Z"}
2026-08-15T12:16:11.321688766Z {"message":"[GetQuote] completed request","severity":"info","timestamp":"2026-08-15T12:16:11.321433127Z"}
2026-08-15T12:16:11.924210866Z {"message":"[GetQuote] received request","severity":"info","timestamp":"2026-08-15T12:16:11.923472353Z"}
2026-08-15T12:16:11.925425752Z {"message":"[GetQuote] completed request","severity":"info","timestamp":"2026-08-15T12:16:11.924494909Z"}
2026-08-15T12:16:12.029849640Z {"message":"[GetQuote] received request","severity":"info","timestamp":"2026-08-15T12:16:12.028768737Z"}
2026-08-15T12:16:12.029903745Z {"message":"[GetQuote] completed request","severity":"info","timestamp":"2026-08-15T12:16:12.028857245Z"}
2026-08-15T12:16:12.036199444Z {"message":"[ShipOrder] received request","severity":"info","timestamp":"2026-08-15T12:16:12.035832309Z"}
2026-08-15T12:16:12.036232247Z {"message":"[ShipOrder] completed request","severity":"info","timestamp":"2026-08-15T12:16:12.035888915Z"}
2026-08-15T12:16:14.443268700Z {"message":"[GetQuote] received request","severity":"info","timestamp":"2026-08-15T12:16:14.44263714Z"}
2026-08-15T12:16:14.443324006Z {"message":"[GetQuote] completed request","severity":"info","timestamp":"2026-08-15T12:16:14.442747751Z"}
2026-08-15T12:16:19.062355135Z {"message":"[GetQuote] received request","severity":"info","timestamp":"2026-08-15T12:16:19.061969298Z"}
2026-08-15T12:16:19.062396039Z {"message":"[GetQuote] completed request","severity":"info","timestamp":"2026-08-15T12:16:19.062033804Z"}
2026-08-15T12:16:21.114112005Z {"message":"[GetQuote] received request","severity":"info","timestamp":"2026-08-15T12:16:21.113453691Z"}
2026-08-15T12:16:21.114182417Z {"message":"[GetQuote] completed request","severity":"info","timestamp":"2026-08-15T12:16:21.113581013Z"}
2026-08-15T12:16:22.036348058Z {"message":"[GetQuote] received request","severity":"info","timestamp":"2026-08-15T12:16:22.035950489Z"}
2026-08-15T12:16:22.036389765Z {"message":"[GetQuote] completed request","severity":"info","timestamp":"2026-08-15T12:16:22.036078311Z"}
2026-08-15T12:16:24.743433863Z {"message":"[GetQuote] received request","severity":"info","timestamp":"2026-08-15T12:16:24.742577914Z"}
2026-08-15T12:16:24.743531480Z {"message":"[GetQuote] completed request","severity":"info","timestamp":"2026-08-15T12:16:24.742761446Z"}
2026-08-15T12:16:25.819421016Z {"message":"[GetQuote] received request","severity":"info","timestamp":"2026-08-15T12:16:25.819237384Z"}
2026-08-15T12:16:25.819450021Z {"message":"[GetQuote] completed request","severity":"info","timestamp":"2026-08-15T12:16:25.819262388Z"}
2026-08-15T12:16:25.828674323Z {"message":"[GetQuote] received request","severity":"info","timestamp":"2026-08-15T12:16:25.828502993Z"}
2026-08-15T12:16:25.828688025Z {"message":"[GetQuote] completed request","severity":"info","timestamp":"2026-08-15T12:16:25.828535198Z"}
2026-08-15T12:16:25.832730327Z {"message":"[ShipOrder] received request","severity":"info","timestamp":"2026-08-15T12:16:25.832409371Z"}
2026-08-15T12:16:25.832757032Z {"message":"[ShipOrder] completed request","severity":"info","timestamp":"2026-08-15T12:16:25.832447778Z"}
2026-08-15T12:16:29.294261166Z {"message":"[GetQuote] received request","severity":"info","timestamp":"2026-08-15T12:16:29.293783086Z"}
2026-08-15T12:16:29.294377385Z {"message":"[GetQuote] completed request","severity":"info","timestamp":"2026-08-15T12:16:29.293878202Z"}
2026-08-15T12:16:30.678516793Z {"message":"[GetQuote] received request","severity":"info","timestamp":"2026-08-15T12:16:30.677629045Z"}
2026-08-15T12:16:30.678579103Z {"message":"[GetQuote] completed request","severity":"info","timestamp":"2026-08-15T12:16:30.677773569Z"}
2026-08-15T12:16:32.534773425Z {"message":"[GetQuote] received request","severity":"info","timestamp":"2026-08-15T12:16:32.534574892Z"}
2026-08-15T12:16:32.534795628Z {"message":"[GetQuote] completed request","severity":"info","timestamp":"2026-08-15T12:16:32.534607597Z"}
2026-08-15T12:16:34.399781514Z {"message":"[GetQuote] received request","severity":"info","timestamp":"2026-08-15T12:16:34.399119204Z"}
2026-08-15T12:16:34.399826521Z {"message":"[GetQuote] completed request","severity":"info","timestamp":"2026-08-15T12:16:34.399174213Z"}
2026-08-15T12:16:36.664491356Z {"message":"[GetQuote] received request","severity":"info","timestamp":"2026-08-15T12:16:36.663514815Z"}
2026-08-15T12:16:36.664571768Z {"message":"[GetQuote] completed request","severity":"info","timestamp":"2026-08-15T12:16:36.663750049Z"}
2026-08-15T12:16:37.272169267Z {"message":"[GetQuote] received request","severity":"info","timestamp":"2026-08-15T12:16:37.271706901Z"}
2026-08-15T12:16:37.272209873Z {"message":"[GetQuote] completed request","severity":"info","timestamp":"2026-08-15T12:16:37.271783212Z"}
2026-08-15T12:16:37.819497658Z {"message":"[GetQuote] received request","severity":"info","timestamp":"2026-08-15T12:16:37.819209816Z"}
2026-08-15T12:16:37.819564267Z {"message":"[GetQuote] completed request","severity":"info","timestamp":"2026-08-15T12:16:37.819263424Z"}
2026-08-15T12:16:44.828517490Z {"message":"[GetQuote] received request","severity":"info","timestamp":"2026-08-15T12:16:44.827757378Z"}
2026-08-15T12:16:44.828589300Z {"message":"[GetQuote] completed request","severity":"info","timestamp":"2026-08-15T12:16:44.827915601Z"}
2026-08-15T12:16:45.008547998Z {"message":"[GetQuote] received request","severity":"info","timestamp":"2026-08-15T12:16:45.007921005Z"}
2026-08-15T12:16:45.008602106Z {"message":"[GetQuote] completed request","severity":"info","timestamp":"2026-08-15T12:16:45.008017519Z"}
2026-08-15T12:16:46.409707485Z {"message":"[GetQuote] received request","severity":"info","timestamp":"2026-08-15T12:16:46.408979778Z"}
2026-08-15T12:16:46.409779096Z {"message":"[GetQuote] completed request","severity":"info","timestamp":"2026-08-15T12:16:46.409067691Z"}
2026-08-15T12:16:49.683920905Z {"message":"[GetQuote] received request","severity":"info","timestamp":"2026-08-15T12:16:49.683423631Z"}
2026-08-15T12:16:49.683990115Z {"message":"[GetQuote] completed request","severity":"info","timestamp":"2026-08-15T12:16:49.683566352Z"}
2026-08-15T12:16:50.517084444Z {"message":"[GetQuote] received request","severity":"info","timestamp":"2026-08-15T12:16:50.516036689Z"}
2026-08-15T12:16:50.517165156Z {"message":"[GetQuote] completed request","severity":"info","timestamp":"2026-08-15T12:16:50.516167808Z"}
2026-08-15T12:16:51.536377692Z {"message":"[GetQuote] received request","severity":"info","timestamp":"2026-08-15T12:16:51.53561638Z"}
2026-08-15T12:16:51.536461805Z {"message":"[GetQuote] completed request","severity":"info","timestamp":"2026-08-15T12:16:51.535799207Z"}
2026-08-15T12:16:51.818194044Z {"message":"[GetQuote] received request","severity":"info","timestamp":"2026-08-15T12:16:51.817663066Z"}
2026-08-15T12:16:51.818212347Z {"message":"[GetQuote] completed request","severity":"info","timestamp":"2026-08-15T12:16:51.817716574Z"}
2026-08-15T12:16:51.821893491Z {"message":"[ShipOrder] received request","severity":"info","timestamp":"2026-08-15T12:16:51.821678259Z"}
2026-08-15T12:16:51.821914094Z {"message":"[ShipOrder] completed request","severity":"info","timestamp":"2026-08-15T12:16:51.821733267Z"}
2026-08-15T12:16:55.731567892Z {"message":"[GetQuote] received request","severity":"info","timestamp":"2026-08-15T12:16:55.731286349Z"}
2026-08-15T12:16:55.731611699Z {"message":"[GetQuote] completed request","severity":"info","timestamp":"2026-08-15T12:16:55.73135486Z"}
2026-08-15T12:16:55.831004688Z {"message":"[GetQuote] received request","severity":"info","timestamp":"2026-08-15T12:16:55.830726546Z"}
2026-08-15T12:16:55.831039594Z {"message":"[GetQuote] completed request","severity":"info","timestamp":"2026-08-15T12:16:55.830751149Z"}
2026-08-15T12:16:55.842913820Z {"message":"[GetQuote] received request","severity":"info","timestamp":"2026-08-15T12:16:55.842698387Z"}
2026-08-15T12:16:55.842939624Z {"message":"[GetQuote] completed request","severity":"info","timestamp":"2026-08-15T12:16:55.842742694Z"}
2026-08-15T12:16:55.845995594Z {"message":"[ShipOrder] received request","severity":"info","timestamp":"2026-08-15T12:16:55.845800764Z"}
2026-08-15T12:16:55.846009597Z {"message":"[ShipOrder] completed request","severity":"info","timestamp":"2026-08-15T12:16:55.84583727Z"}
2026-08-15T12:16:56.926098243Z {"message":"[GetQuote] received request","severity":"info","timestamp":"2026-08-15T12:16:56.925612768Z"}
2026-08-15T12:16:56.926150751Z {"message":"[GetQuote] completed request","severity":"info","timestamp":"2026-08-15T12:16:56.925701982Z"}
2026-08-15T12:16:58.052598928Z {"message":"[GetQuote] received request","severity":"info","timestamp":"2026-08-15T12:16:58.052363492Z"}
2026-08-15T12:16:58.052629133Z {"message":"[GetQuote] completed request","severity":"info","timestamp":"2026-08-15T12:16:58.052399297Z"}
2026-08-15T12:16:58.119347996Z {"message":"[GetQuote] received request","severity":"info","timestamp":"2026-08-15T12:16:58.118992441Z"}
2026-08-15T12:16:58.119377700Z {"message":"[GetQuote] completed request","severity":"info","timestamp":"2026-08-15T12:16:58.119045649Z"}
2026-08-15T12:16:58.125087779Z {"message":"[ShipOrder] received request","severity":"info","timestamp":"2026-08-15T12:16:58.124864044Z"}
2026-08-15T12:16:58.125113883Z {"message":"[ShipOrder] completed request","severity":"info","timestamp":"2026-08-15T12:16:58.12490235Z"}
2026-08-15T12:16:58.516681316Z {"message":"[GetQuote] received request","severity":"info","timestamp":"2026-08-15T12:16:58.516284155Z"}
2026-08-15T12:16:58.516712821Z {"message":"[GetQuote] completed request","severity":"info","timestamp":"2026-08-15T12:16:58.516345164Z"}
2026-08-15T12:17:00.023136849Z {"message":"[GetQuote] received request","severity":"info","timestamp":"2026-08-15T12:17:00.022313122Z"}
2026-08-15T12:17:00.023228963Z {"message":"[GetQuote] completed request","severity":"info","timestamp":"2026-08-15T12:17:00.022471646Z"}
2026-08-15T12:17:02.701090771Z {"message":"[GetQuote] received request","severity":"info","timestamp":"2026-08-15T12:17:02.70088904Z"}
2026-08-15T12:17:02.701123276Z {"message":"[GetQuote] completed request","severity":"info","timestamp":"2026-08-15T12:17:02.700935147Z"}
2026-08-15T12:17:02.999785263Z {"message":"[GetQuote] received request","severity":"info","timestamp":"2026-08-15T12:17:02.999554627Z"}
2026-08-15T12:17:02.999834270Z {"message":"[GetQuote] completed request","severity":"info","timestamp":"2026-08-15T12:17:02.999602135Z"}
2026-08-15T12:17:03.014436124Z {"message":"[GetQuote] received request","severity":"info","timestamp":"2026-08-15T12:17:03.014168182Z"}
2026-08-15T12:17:03.014465528Z {"message":"[GetQuote] completed request","severity":"info","timestamp":"2026-08-15T12:17:03.014209289Z"}
2026-08-15T12:17:03.019832056Z {"message":"[ShipOrder] received request","severity":"info","timestamp":"2026-08-15T12:17:03.019653329Z"}
2026-08-15T12:17:03.019871162Z {"message":"[ShipOrder] completed request","severity":"info","timestamp":"2026-08-15T12:17:03.019710938Z"}
2026-08-15T12:17:03.258391168Z {"message":"[GetQuote] received request","severity":"info","timestamp":"2026-08-15T12:17:03.258008309Z"}
2026-08-15T12:17:03.258428674Z {"message":"[GetQuote] completed request","severity":"info","timestamp":"2026-08-15T12:17:03.25807812Z"}
2026-08-15T12:17:04.907449236Z {"message":"[GetQuote] received request","severity":"info","timestamp":"2026-08-15T12:17:04.907044774Z"}
2026-08-15T12:17:04.907492643Z {"message":"[GetQuote] completed request","severity":"info","timestamp":"2026-08-15T12:17:04.907127887Z"}
2026-08-15T12:17:05.242460432Z {"message":"[GetQuote] received request","severity":"info","timestamp":"2026-08-15T12:17:05.242102077Z"}
2026-08-15T12:17:05.242497738Z {"message":"[GetQuote] completed request","severity":"info","timestamp":"2026-08-15T12:17:05.24219089Z"}
2026-08-15T12:17:05.716188233Z {"message":"[GetQuote] received request","severity":"info","timestamp":"2026-08-15T12:17:05.715220984Z"}
2026-08-15T12:17:05.716252743Z {"message":"[GetQuote] completed request","severity":"info","timestamp":"2026-08-15T12:17:05.7153234Z"}
2026-08-15T12:17:05.812604812Z {"message":"[GetQuote] received request","severity":"info","timestamp":"2026-08-15T12:17:05.812376276Z"}
2026-08-15T12:17:05.812633716Z {"message":"[GetQuote] completed request","severity":"info","timestamp":"2026-08-15T12:17:05.812424284Z"}
2026-08-15T12:17:05.817514269Z {"message":"[ShipOrder] received request","severity":"info","timestamp":"2026-08-15T12:17:05.817307137Z"}
2026-08-15T12:17:05.817535772Z {"message":"[ShipOrder] completed request","severity":"info","timestamp":"2026-08-15T12:17:05.817369047Z"}
2026-08-15T12:17:07.641928496Z {"message":"[GetQuote] received request","severity":"info","timestamp":"2026-08-15T12:17:07.641098868Z"}
2026-08-15T12:17:07.642000407Z {"message":"[GetQuote] completed request","severity":"info","timestamp":"2026-08-15T12:17:07.641186682Z"}
2026-08-15T12:17:08.168104956Z {"message":"[GetQuote] received request","severity":"info","timestamp":"2026-08-15T12:17:08.167582477Z"}
2026-08-15T12:17:08.168150463Z {"message":"[GetQuote] completed request","severity":"info","timestamp":"2026-08-15T12:17:08.16767019Z"}
2026-08-15T12:17:08.220935784Z {"message":"[GetQuote] received request","severity":"info","timestamp":"2026-08-15T12:17:08.220526321Z"}
2026-08-15T12:17:08.220979990Z {"message":"[GetQuote] completed request","severity":"info","timestamp":"2026-08-15T12:17:08.220679845Z"}
2026-08-15T12:17:08.230332612Z {"message":"[ShipOrder] received request","severity":"info","timestamp":"2026-08-15T12:17:08.229764425Z"}
2026-08-15T12:17:08.230370517Z {"message":"[ShipOrder] completed request","severity":"info","timestamp":"2026-08-15T12:17:08.229819634Z"}
2026-08-15T12:17:10.399303084Z {"message":"[GetQuote] received request","severity":"info","timestamp":"2026-08-15T12:17:10.399101053Z"}
2026-08-15T12:17:10.399330588Z {"message":"[GetQuote] completed request","severity":"info","timestamp":"2026-08-15T12:17:10.399143159Z"}
2026-08-15T12:17:11.072657199Z {"message":"[GetQuote] received request","severity":"info","timestamp":"2026-08-15T12:17:11.072176726Z"}
2026-08-15T12:17:11.072711507Z {"message":"[GetQuote] completed request","severity":"info","timestamp":"2026-08-15T12:17:11.072258638Z"}
2026-08-15T12:17:11.771211043Z {"message":"[GetQuote] received request","severity":"info","timestamp":"2026-08-15T12:17:11.770846188Z"}
2026-08-15T12:17:11.771236947Z {"message":"[GetQuote] completed request","severity":"info","timestamp":"2026-08-15T12:17:11.770900696Z"}
2026-08-15T12:17:11.788976543Z {"message":"[GetQuote] received request","severity":"info","timestamp":"2026-08-15T12:17:11.788183722Z"}
2026-08-15T12:17:11.789071257Z {"message":"[GetQuote] completed request","severity":"info","timestamp":"2026-08-15T12:17:11.788238831Z"}
2026-08-15T12:17:12.559605559Z {"message":"[GetQuote] received request","severity":"info","timestamp":"2026-08-15T12:17:12.559007268Z"}
2026-08-15T12:17:12.559657967Z {"message":"[GetQuote] completed request","severity":"info","timestamp":"2026-08-15T12:17:12.55914769Z"}
2026-08-15T12:17:12.575437865Z {"message":"[GetQuote] received request","severity":"info","timestamp":"2026-08-15T12:17:12.57230869Z"}
2026-08-15T12:17:12.575510676Z {"message":"[GetQuote] completed request","severity":"info","timestamp":"2026-08-15T12:17:12.572449311Z"}
2026-08-15T12:17:13.811202838Z {"message":"[GetQuote] received request","severity":"info","timestamp":"2026-08-15T12:17:13.810107871Z"}
2026-08-15T12:17:13.811280550Z {"message":"[GetQuote] completed request","severity":"info","timestamp":"2026-08-15T12:17:13.810205986Z"}
2026-08-15T12:17:14.876673835Z {"message":"[GetQuote] received request","severity":"info","timestamp":"2026-08-15T12:17:14.875628176Z"}
2026-08-15T12:17:14.876754947Z {"message":"[GetQuote] completed request","severity":"info","timestamp":"2026-08-15T12:17:14.875800402Z"}
2026-08-15T12:17:16.958672618Z {"message":"[GetQuote] received request","severity":"info","timestamp":"2026-08-15T12:17:16.958264056Z"}
2026-08-15T12:17:16.958722526Z {"message":"[GetQuote] completed request","severity":"info","timestamp":"2026-08-15T12:17:16.958339967Z"}
2026-08-15T12:17:17.691520668Z {"message":"[GetQuote] received request","severity":"info","timestamp":"2026-08-15T12:17:17.690607228Z"}
2026-08-15T12:17:17.691597579Z {"message":"[GetQuote] completed request","severity":"info","timestamp":"2026-08-15T12:17:17.690766352Z"}
2026-08-15T12:17:18.081706825Z {"message":"[GetQuote] received request","severity":"info","timestamp":"2026-08-15T12:17:18.08141058Z"}
2026-08-15T12:17:18.081731729Z {"message":"[GetQuote] completed request","severity":"info","timestamp":"2026-08-15T12:17:18.081445986Z"}
2026-08-15T12:17:18.096183939Z {"message":"[GetQuote] received request","severity":"info","timestamp":"2026-08-15T12:17:18.095999111Z"}
2026-08-15T12:17:18.096207243Z {"message":"[GetQuote] completed request","severity":"info","timestamp":"2026-08-15T12:17:18.096044318Z"}
2026-08-15T12:17:18.457144828Z {"message":"[GetQuote] received request","severity":"info","timestamp":"2026-08-15T12:17:18.456252292Z"}
2026-08-15T12:17:18.457211338Z {"message":"[GetQuote] completed request","severity":"info","timestamp":"2026-08-15T12:17:18.456366509Z"}
2026-08-15T12:17:19.802867284Z {"message":"[GetQuote] received request","severity":"info","timestamp":"2026-08-15T12:17:19.802658452Z"}
2026-08-15T12:17:19.802895388Z {"message":"[GetQuote] completed request","severity":"info","timestamp":"2026-08-15T12:17:19.802692457Z"}
2026-08-15T12:17:20.257821444Z {"message":"[GetQuote] received request","severity":"info","timestamp":"2026-08-15T12:17:20.257604911Z"}
2026-08-15T12:17:20.257850649Z {"message":"[GetQuote] completed request","severity":"info","timestamp":"2026-08-15T12:17:20.257653118Z"}
2026-08-15T12:17:24.567011840Z {"message":"[GetQuote] received request","severity":"info","timestamp":"2026-08-15T12:17:24.566146404Z"}
2026-08-15T12:17:24.567106355Z {"message":"[GetQuote] completed request","severity":"info","timestamp":"2026-08-15T12:17:24.566318431Z"}
2026-08-15T12:17:24.951345538Z {"message":"[GetQuote] received request","severity":"info","timestamp":"2026-08-15T12:17:24.950105444Z"}
2026-08-15T12:17:24.951974537Z {"message":"[GetQuote] completed request","severity":"info","timestamp":"2026-08-15T12:17:24.950276371Z"}
2026-08-15T12:17:25.302313911Z {"message":"[GetQuote] received request","severity":"info","timestamp":"2026-08-15T12:17:25.301982159Z"}
2026-08-15T12:17:25.302411226Z {"message":"[GetQuote] completed request","severity":"info","timestamp":"2026-08-15T12:17:25.302031867Z"}
2026-08-15T12:17:26.565210820Z {"message":"[GetQuote] received request","severity":"info","timestamp":"2026-08-15T12:17:26.564787954Z"}
2026-08-15T12:17:26.565256827Z {"message":"[GetQuote] completed request","severity":"info","timestamp":"2026-08-15T12:17:26.564887569Z"}
2026-08-15T12:17:27.461459100Z {"message":"[GetQuote] received request","severity":"info","timestamp":"2026-08-15T12:17:27.46107284Z"}
2026-08-15T12:17:27.461508908Z {"message":"[GetQuote] completed request","severity":"info","timestamp":"2026-08-15T12:17:27.46113875Z"}
2026-08-15T12:17:28.068039010Z {"message":"[GetQuote] received request","severity":"info","timestamp":"2026-08-15T12:17:28.067772868Z"}
2026-08-15T12:17:28.068065214Z {"message":"[GetQuote] completed request","severity":"info","timestamp":"2026-08-15T12:17:28.067824076Z"}
2026-08-15T12:17:30.961867273Z {"message":"[GetQuote] received request","severity":"info","timestamp":"2026-08-15T12:17:30.961030642Z"}
2026-08-15T12:17:30.961947286Z {"message":"[GetQuote] completed request","severity":"info","timestamp":"2026-08-15T12:17:30.961128657Z"}
2026-08-15T12:17:32.959172521Z {"message":"[GetQuote] received request","severity":"info","timestamp":"2026-08-15T12:17:32.958947486Z"}
2026-08-15T12:17:32.959196925Z {"message":"[GetQuote] completed request","severity":"info","timestamp":"2026-08-15T12:17:32.958984792Z"}
2026-08-15T12:17:33.407204421Z {"message":"[GetQuote] received request","severity":"info","timestamp":"2026-08-15T12:17:33.406286977Z"}
2026-08-15T12:17:33.407277833Z {"message":"[GetQuote] completed request","severity":"info","timestamp":"2026-08-15T12:17:33.406484408Z"}
2026-08-15T12:17:33.466527556Z {"message":"[GetQuote] received request","severity":"info","timestamp":"2026-08-15T12:17:33.466260014Z"}
2026-08-15T12:17:33.466553260Z {"message":"[GetQuote] completed request","severity":"info","timestamp":"2026-08-15T12:17:33.466305821Z"}
2026-08-15T12:17:34.090118581Z {"message":"[GetQuote] received request","severity":"info","timestamp":"2026-08-15T12:17:34.089747022Z"}
2026-08-15T12:17:34.090162688Z {"message":"[GetQuote] completed request","severity":"info","timestamp":"2026-08-15T12:17:34.089798731Z"}
2026-08-15T12:17:35.709574710Z {"message":"[GetQuote] received request","severity":"info","timestamp":"2026-08-15T12:17:35.708616159Z"}
2026-08-15T12:17:35.709656823Z {"message":"[GetQuote] completed request","severity":"info","timestamp":"2026-08-15T12:17:35.708763382Z"}
2026-08-15T12:17:40.693644783Z {"message":"[GetQuote] received request","severity":"info","timestamp":"2026-08-15T12:17:40.692796954Z"}
2026-08-15T12:17:40.693749099Z {"message":"[GetQuote] completed request","severity":"info","timestamp":"2026-08-15T12:17:40.692996585Z"}
2026-08-15T12:17:41.309982988Z {"message":"[GetQuote] received request","severity":"info","timestamp":"2026-08-15T12:17:41.30894673Z"}
2026-08-15T12:17:41.310115808Z {"message":"[GetQuote] completed request","severity":"info","timestamp":"2026-08-15T12:17:41.309096753Z"}
2026-08-15T12:17:41.504457918Z {"message":"[GetQuote] received request","severity":"info","timestamp":"2026-08-15T12:17:41.50387963Z"}
2026-08-15T12:17:41.504528729Z {"message":"[GetQuote] completed request","severity":"info","timestamp":"2026-08-15T12:17:41.503965443Z"}
2026-08-15T12:17:41.533321516Z {"message":"[GetQuote] received request","severity":"info","timestamp":"2026-08-15T12:17:41.532463285Z"}
2026-08-15T12:17:41.533375124Z {"message":"[GetQuote] completed request","severity":"info","timestamp":"2026-08-15T12:17:41.532602406Z"}
2026-08-15T12:17:41.541361541Z {"message":"[ShipOrder] received request","severity":"info","timestamp":"2026-08-15T12:17:41.540819258Z"}
2026-08-15T12:17:41.541695392Z {"message":"[ShipOrder] completed request","severity":"info","timestamp":"2026-08-15T12:17:41.540938376Z"}
2026-08-15T12:17:42.338761374Z {"message":"[GetQuote] received request","severity":"info","timestamp":"2026-08-15T12:17:42.338310905Z"}
2026-08-15T12:17:42.338812482Z {"message":"[GetQuote] completed request","severity":"info","timestamp":"2026-08-15T12:17:42.338400419Z"}
2026-08-15T12:17:43.203297294Z {"message":"[GetQuote] received request","severity":"info","timestamp":"2026-08-15T12:17:43.20274931Z"}
2026-08-15T12:17:43.203344501Z {"message":"[GetQuote] completed request","severity":"info","timestamp":"2026-08-15T12:17:43.202844625Z"}
2026-08-15T12:17:43.339758785Z {"message":"[GetQuote] received request","severity":"info","timestamp":"2026-08-15T12:17:43.339092283Z"}
2026-08-15T12:17:43.339848699Z {"message":"[GetQuote] completed request","severity":"info","timestamp":"2026-08-15T12:17:43.339217002Z"}
2026-08-15T12:17:43.388519614Z {"message":"[ShipOrder] received request","severity":"info","timestamp":"2026-08-15T12:17:43.387725293Z"}
2026-08-15T12:17:43.388572922Z {"message":"[ShipOrder] completed request","severity":"info","timestamp":"2026-08-15T12:17:43.387959329Z"}
2026-08-15T12:17:43.530161095Z {"message":"[GetQuote] received request","severity":"info","timestamp":"2026-08-15T12:17:43.529284661Z"}
2026-08-15T12:17:43.530237806Z {"message":"[GetQuote] completed request","severity":"info","timestamp":"2026-08-15T12:17:43.529416881Z"}
2026-08-15T12:17:45.082210464Z {"message":"[GetQuote] received request","severity":"info","timestamp":"2026-08-15T12:17:45.081747693Z"}
2026-08-15T12:17:45.082259971Z {"message":"[GetQuote] completed request","severity":"info","timestamp":"2026-08-15T12:17:45.081831106Z"}
2026-08-15T12:17:46.205086144Z {"message":"[GetQuote] received request","severity":"info","timestamp":"2026-08-15T12:17:46.204176705Z"}
2026-08-15T12:17:46.205155555Z {"message":"[GetQuote] completed request","severity":"info","timestamp":"2026-08-15T12:17:46.204319927Z"}
2026-08-15T12:17:46.334058094Z {"message":"[GetQuote] received request","severity":"info","timestamp":"2026-08-15T12:17:46.333517612Z"}
2026-08-15T12:17:46.334101901Z {"message":"[GetQuote] completed request","severity":"info","timestamp":"2026-08-15T12:17:46.333631229Z"}
2026-08-15T12:17:46.340865931Z {"message":"[ShipOrder] received request","severity":"info","timestamp":"2026-08-15T12:17:46.340560585Z"}
2026-08-15T12:17:46.340901137Z {"message":"[ShipOrder] completed request","severity":"info","timestamp":"2026-08-15T12:17:46.340668101Z"}
2026-08-15T12:17:46.865898725Z {"message":"[GetQuote] received request","severity":"info","timestamp":"2026-08-15T12:17:46.865600179Z"}
2026-08-15T12:17:46.865928429Z {"message":"[GetQuote] completed request","severity":"info","timestamp":"2026-08-15T12:17:46.865658088Z"}
2026-08-15T12:17:48.801471227Z {"message":"[GetQuote] received request","severity":"info","timestamp":"2026-08-15T12:17:48.800856233Z"}
2026-08-15T12:17:48.801515934Z {"message":"[GetQuote] completed request","severity":"info","timestamp":"2026-08-15T12:17:48.800990753Z"}
2026-08-15T12:17:50.077302087Z {"message":"[GetQuote] received request","severity":"info","timestamp":"2026-08-15T12:17:50.077118159Z"}
2026-08-15T12:17:50.077328691Z {"message":"[GetQuote] completed request","severity":"info","timestamp":"2026-08-15T12:17:50.077162166Z"}
2026-08-15T12:17:50.210793891Z {"message":"[GetQuote] received request","severity":"info","timestamp":"2026-08-15T12:17:50.210449238Z"}
2026-08-15T12:17:50.210823195Z {"message":"[GetQuote] completed request","severity":"info","timestamp":"2026-08-15T12:17:50.210520449Z"}
2026-08-15T12:17:50.221182187Z {"message":"[GetQuote] received request","severity":"info","timestamp":"2026-08-15T12:17:50.221018461Z"}
2026-08-15T12:17:50.221242596Z {"message":"[GetQuote] completed request","severity":"info","timestamp":"2026-08-15T12:17:50.221062168Z"}
2026-08-15T12:17:50.286575731Z {"message":"[ShipOrder] received request","severity":"info","timestamp":"2026-08-15T12:17:50.286160067Z"}
2026-08-15T12:17:50.286592633Z {"message":"[ShipOrder] completed request","severity":"info","timestamp":"2026-08-15T12:17:50.286205474Z"}
2026-08-15T12:17:50.962810897Z {"message":"[GetQuote] received request","severity":"info","timestamp":"2026-08-15T12:17:50.961810043Z"}
2026-08-15T12:17:50.962882708Z {"message":"[GetQuote] completed request","severity":"info","timestamp":"2026-08-15T12:17:50.961903957Z"}
2026-08-15T12:17:51.664295341Z {"message":"[GetQuote] received request","severity":"info","timestamp":"2026-08-15T12:17:51.663073853Z"}
2026-08-15T12:17:51.664366852Z {"message":"[GetQuote] completed request","severity":"info","timestamp":"2026-08-15T12:17:51.663230177Z"}
2026-08-15T12:17:52.059042672Z {"message":"[GetQuote] received request","severity":"info","timestamp":"2026-08-15T12:17:52.058634409Z"}
2026-08-15T12:17:52.059085678Z {"message":"[GetQuote] completed request","severity":"info","timestamp":"2026-08-15T12:17:52.058720022Z"}
2026-08-15T12:17:52.095399656Z {"message":"[GetQuote] received request","severity":"info","timestamp":"2026-08-15T12:17:52.094740355Z"}
2026-08-15T12:17:52.095457265Z {"message":"[GetQuote] completed request","severity":"info","timestamp":"2026-08-15T12:17:52.094815666Z"}
2026-08-15T12:17:52.179365853Z {"message":"[ShipOrder] received request","severity":"info","timestamp":"2026-08-15T12:17:52.178870276Z"}
2026-08-15T12:17:52.179415160Z {"message":"[ShipOrder] completed request","severity":"info","timestamp":"2026-08-15T12:17:52.178967591Z"}
2026-08-15T12:17:52.191428705Z {"message":"[GetQuote] received request","severity":"info","timestamp":"2026-08-15T12:17:52.190833914Z"}
2026-08-15T12:17:52.191486314Z {"message":"[GetQuote] completed request","severity":"info","timestamp":"2026-08-15T12:17:52.190910126Z"}
2026-08-15T12:17:52.279770974Z {"message":"[ShipOrder] received request","severity":"info","timestamp":"2026-08-15T12:17:52.278668105Z"}
2026-08-15T12:17:52.279832184Z {"message":"[ShipOrder] completed request","severity":"info","timestamp":"2026-08-15T12:17:52.278779722Z"}
2026-08-15T12:17:53.818392898Z {"message":"[GetQuote] received request","severity":"info","timestamp":"2026-08-15T12:17:53.817258224Z"}
2026-08-15T12:17:53.818687543Z {"message":"[GetQuote] completed request","severity":"info","timestamp":"2026-08-15T12:17:53.817478057Z"}
2026-08-15T12:17:57.856606373Z {"message":"[GetQuote] received request","severity":"info","timestamp":"2026-08-15T12:17:57.856372937Z"}
2026-08-15T12:17:57.856640879Z {"message":"[GetQuote] completed request","severity":"info","timestamp":"2026-08-15T12:17:57.856421745Z"}
2026-08-15T12:17:58.000423108Z {"message":"[GetQuote] received request","severity":"info","timestamp":"2026-08-15T12:17:58.000066553Z"}
2026-08-15T12:17:58.000473516Z {"message":"[GetQuote] completed request","severity":"info","timestamp":"2026-08-15T12:17:58.000139164Z"}
2026-08-15T12:17:58.466114481Z {"message":"[GetQuote] received request","severity":"info","timestamp":"2026-08-15T12:17:58.464877191Z"}
2026-08-15T12:17:58.466188493Z {"message":"[GetQuote] completed request","severity":"info","timestamp":"2026-08-15T12:17:58.465049317Z"}
2026-08-15T12:17:58.862324661Z {"message":"[GetQuote] received request","severity":"info","timestamp":"2026-08-15T12:17:58.861395518Z"}
2026-08-15T12:17:58.862403673Z {"message":"[GetQuote] completed request","severity":"info","timestamp":"2026-08-15T12:17:58.861559043Z"}
2026-08-15T12:18:00.032086797Z {"message":"[GetQuote] received request","severity":"info","timestamp":"2026-08-15T12:18:00.031242667Z"}
2026-08-15T12:18:00.032223118Z {"message":"[GetQuote] completed request","severity":"info","timestamp":"2026-08-15T12:18:00.0314614Z"}
2026-08-15T12:18:00.599653350Z {"message":"[GetQuote] received request","severity":"info","timestamp":"2026-08-15T12:18:00.599144571Z"}
2026-08-15T12:18:00.599695756Z {"message":"[GetQuote] completed request","severity":"info","timestamp":"2026-08-15T12:18:00.599182177Z"}
2026-08-15T12:18:00.678131428Z {"message":"[GetQuote] received request","severity":"info","timestamp":"2026-08-15T12:18:00.677683659Z"}
2026-08-15T12:18:00.678173034Z {"message":"[GetQuote] completed request","severity":"info","timestamp":"2026-08-15T12:18:00.677780874Z"}
2026-08-15T12:18:05.253534107Z {"message":"[GetQuote] received request","severity":"info","timestamp":"2026-08-15T12:18:05.253256966Z"}
2026-08-15T12:18:05.253558810Z {"message":"[GetQuote] completed request","severity":"info","timestamp":"2026-08-15T12:18:05.253276769Z"}
2026-08-15T12:18:07.058942923Z {"message":"[GetQuote] received request","severity":"info","timestamp":"2026-08-15T12:18:07.058396043Z"}
2026-08-15T12:18:07.058990130Z {"message":"[GetQuote] completed request","severity":"info","timestamp":"2026-08-15T12:18:07.05844615Z"}
2026-08-15T12:18:08.961011268Z {"message":"[GetQuote] received request","severity":"info","timestamp":"2026-08-15T12:18:08.960617311Z"}
2026-08-15T12:18:08.961064776Z {"message":"[GetQuote] completed request","severity":"info","timestamp":"2026-08-15T12:18:08.960713725Z"}
2026-08-15T12:18:09.104797287Z {"message":"[GetQuote] received request","severity":"info","timestamp":"2026-08-15T12:18:09.104280011Z"}
2026-08-15T12:18:09.104838893Z {"message":"[GetQuote] completed request","severity":"info","timestamp":"2026-08-15T12:18:09.104367024Z"}
2026-08-15T12:18:09.356561090Z {"message":"[GetQuote] received request","severity":"info","timestamp":"2026-08-15T12:18:09.355801379Z"}
2026-08-15T12:18:09.356630100Z {"message":"[GetQuote] completed request","severity":"info","timestamp":"2026-08-15T12:18:09.355989106Z"}
2026-08-15T12:18:12.081211359Z {"message":"[GetQuote] received request","severity":"info","timestamp":"2026-08-15T12:18:12.080791598Z"}
2026-08-15T12:18:12.081261766Z {"message":"[GetQuote] completed request","severity":"info","timestamp":"2026-08-15T12:18:12.080870009Z"}
2026-08-15T12:18:16.906173680Z {"message":"[GetQuote] received request","severity":"info","timestamp":"2026-08-15T12:18:16.905819646Z"}
2026-08-15T12:18:16.906256188Z {"message":"[GetQuote] completed request","severity":"info","timestamp":"2026-08-15T12:18:16.905881952Z"}
2026-08-15T12:18:22.769953461Z {"message":"[GetQuote] received request","severity":"info","timestamp":"2026-08-15T12:18:22.769124224Z"}
2026-08-15T12:18:22.770008070Z {"message":"[GetQuote] completed request","severity":"info","timestamp":"2026-08-15T12:18:22.769215039Z"}
2026-08-15T12:18:23.783809662Z {"message":"[GetQuote] received request","severity":"info","timestamp":"2026-08-15T12:18:23.780812867Z"}
2026-08-15T12:18:23.783856169Z {"message":"[GetQuote] completed request","severity":"info","timestamp":"2026-08-15T12:18:23.780909383Z"}
2026-08-15T12:18:24.818823752Z {"message":"[GetQuote] received request","severity":"info","timestamp":"2026-08-15T12:18:24.818401482Z"}
2026-08-15T12:18:24.818870359Z {"message":"[GetQuote] completed request","severity":"info","timestamp":"2026-08-15T12:18:24.818484696Z"}
2026-08-15T12:18:28.604315608Z {"message":"[GetQuote] received request","severity":"info","timestamp":"2026-08-15T12:18:28.603806228Z"}
2026-08-15T12:18:28.604351313Z {"message":"[GetQuote] completed request","severity":"info","timestamp":"2026-08-15T12:18:28.603871739Z"}
2026-08-15T12:18:30.009135848Z {"message":"[GetQuote] received request","severity":"info","timestamp":"2026-08-15T12:18:30.008873007Z"}
2026-08-15T12:18:30.009173154Z {"message":"[GetQuote] completed request","severity":"info","timestamp":"2026-08-15T12:18:30.008921915Z"}
2026-08-15T12:18:30.121659485Z {"message":"[GetQuote] received request","severity":"info","timestamp":"2026-08-15T12:18:30.121324733Z"}
2026-08-15T12:18:30.121690090Z {"message":"[GetQuote] completed request","severity":"info","timestamp":"2026-08-15T12:18:30.121381742Z"}
2026-08-15T12:18:31.900777159Z {"message":"[GetQuote] received request","severity":"info","timestamp":"2026-08-15T12:18:31.90052922Z"}
2026-08-15T12:18:31.900806364Z {"message":"[GetQuote] completed request","severity":"info","timestamp":"2026-08-15T12:18:31.900574527Z"}
2026-08-15T12:18:32.426509194Z {"message":"[GetQuote] received request","severity":"info","timestamp":"2026-08-15T12:18:32.426327666Z"}
2026-08-15T12:18:32.426529897Z {"message":"[GetQuote] completed request","severity":"info","timestamp":"2026-08-15T12:18:32.426365672Z"}
2026-08-15T12:18:32.581157496Z {"message":"[GetQuote] received request","severity":"info","timestamp":"2026-08-15T12:18:32.580912958Z"}
2026-08-15T12:18:32.581188801Z {"message":"[GetQuote] completed request","severity":"info","timestamp":"2026-08-15T12:18:32.580963866Z"}
2026-08-15T12:18:33.476411621Z {"message":"[GetQuote] received request","severity":"info","timestamp":"2026-08-15T12:18:33.475794924Z"}
2026-08-15T12:18:33.476471430Z {"message":"[GetQuote] completed request","severity":"info","timestamp":"2026-08-15T12:18:33.475928045Z"}
2026-08-15T12:18:35.433829683Z {"message":"[GetQuote] received request","severity":"info","timestamp":"2026-08-15T12:18:35.433532737Z"}
2026-08-15T12:18:35.433859287Z {"message":"[GetQuote] completed request","severity":"info","timestamp":"2026-08-15T12:18:35.433585745Z"}
2026-08-15T12:18:36.099269791Z {"message":"[GetQuote] received request","severity":"info","timestamp":"2026-08-15T12:18:36.098311442Z"}
2026-08-15T12:18:36.099388710Z {"message":"[GetQuote] completed request","severity":"info","timestamp":"2026-08-15T12:18:36.098902634Z"}
2026-08-15T12:18:38.926987530Z {"message":"[GetQuote] received request","severity":"info","timestamp":"2026-08-15T12:18:38.926257131Z"}
2026-08-15T12:18:38.927048638Z {"message":"[GetQuote] completed request","severity":"info","timestamp":"2026-08-15T12:18:38.92639515Z"}
2026-08-15T12:18:39.050248380Z {"message":"[GetQuote] received request","severity":"info","timestamp":"2026-08-15T12:18:39.049670601Z"}
2026-08-15T12:18:39.050292886Z {"message":"[GetQuote] completed request","severity":"info","timestamp":"2026-08-15T12:18:39.049794118Z"}
2026-08-15T12:18:39.058879953Z {"message":"[ShipOrder] received request","severity":"info","timestamp":"2026-08-15T12:18:39.058514803Z"}
2026-08-15T12:18:39.058908857Z {"message":"[ShipOrder] completed request","severity":"info","timestamp":"2026-08-15T12:18:39.058600015Z"}
2026-08-15T12:18:39.251613543Z {"message":"[GetQuote] received request","severity":"info","timestamp":"2026-08-15T12:18:39.250765228Z"}
2026-08-15T12:18:39.251667650Z {"message":"[GetQuote] completed request","severity":"info","timestamp":"2026-08-15T12:18:39.250937651Z"}
2026-08-15T12:18:41.652897048Z {"message":"[GetQuote] received request","severity":"info","timestamp":"2026-08-15T12:18:41.652571804Z"}
2026-08-15T12:18:41.652947755Z {"message":"[GetQuote] completed request","severity":"info","timestamp":"2026-08-15T12:18:41.652654715Z"}
2026-08-15T12:18:42.590021928Z {"message":"[GetQuote] received request","severity":"info","timestamp":"2026-08-15T12:18:42.589476054Z"}
2026-08-15T12:18:42.590077536Z {"message":"[GetQuote] completed request","severity":"info","timestamp":"2026-08-15T12:18:42.589573668Z"}
2026-08-15T12:18:42.619101880Z {"message":"[GetQuote] received request","severity":"info","timestamp":"2026-08-15T12:18:42.618596011Z"}
2026-08-15T12:18:42.619144986Z {"message":"[GetQuote] completed request","severity":"info","timestamp":"2026-08-15T12:18:42.618683423Z"}
2026-08-15T12:18:42.626523589Z {"message":"[ShipOrder] received request","severity":"info","timestamp":"2026-08-15T12:18:42.626055525Z"}
2026-08-15T12:18:42.626562594Z {"message":"[ShipOrder] completed request","severity":"info","timestamp":"2026-08-15T12:18:42.626175141Z"}
2026-08-15T12:18:44.553065647Z {"message":"[GetQuote] received request","severity":"info","timestamp":"2026-08-15T12:18:44.551531923Z"}
2026-08-15T12:18:44.553141658Z {"message":"[GetQuote] completed request","severity":"info","timestamp":"2026-08-15T12:18:44.551680745Z"}
2026-08-15T12:18:44.597320708Z {"message":"[GetQuote] received request","severity":"info","timestamp":"2026-08-15T12:18:44.596664012Z"}
2026-08-15T12:18:44.597382417Z {"message":"[GetQuote] completed request","severity":"info","timestamp":"2026-08-15T12:18:44.596814234Z"}
2026-08-15T12:18:44.608540346Z {"message":"[ShipOrder] received request","severity":"info","timestamp":"2026-08-15T12:18:44.607955761Z"}
2026-08-15T12:18:44.608593854Z {"message":"[ShipOrder] completed request","severity":"info","timestamp":"2026-08-15T12:18:44.608130486Z"}
2026-08-15T12:18:47.371795381Z {"message":"[GetQuote] received request","severity":"info","timestamp":"2026-08-15T12:18:47.371128183Z"}
2026-08-15T12:18:47.371857290Z {"message":"[GetQuote] completed request","severity":"info","timestamp":"2026-08-15T12:18:47.371258202Z"}
2026-08-15T12:18:47.676780008Z {"message":"[GetQuote] received request","severity":"info","timestamp":"2026-08-15T12:18:47.675856974Z"}
2026-08-15T12:18:47.676964135Z {"message":"[GetQuote] completed request","severity":"info","timestamp":"2026-08-15T12:18:47.676022998Z"}
2026-08-15T12:18:47.715899920Z {"message":"[ShipOrder] received request","severity":"info","timestamp":"2026-08-15T12:18:47.715343639Z"}
2026-08-15T12:18:47.715958828Z {"message":"[ShipOrder] completed request","severity":"info","timestamp":"2026-08-15T12:18:47.71549066Z"}
2026-08-15T12:18:49.174284343Z {"message":"[GetQuote] received request","severity":"info","timestamp":"2026-08-15T12:18:49.173511231Z"}
2026-08-15T12:18:49.174366355Z {"message":"[GetQuote] completed request","severity":"info","timestamp":"2026-08-15T12:18:49.173687256Z"}
2026-08-15T12:18:49.180292721Z {"message":"[GetQuote] received request","severity":"info","timestamp":"2026-08-15T12:18:49.179413692Z"}
2026-08-15T12:18:49.180360631Z {"message":"[GetQuote] completed request","severity":"info","timestamp":"2026-08-15T12:18:49.179664229Z"}
2026-08-15T12:18:49.368295769Z {"message":"[GetQuote] received request","severity":"info","timestamp":"2026-08-15T12:18:49.36741314Z"}
2026-08-15T12:18:49.368367180Z {"message":"[GetQuote] completed request","severity":"info","timestamp":"2026-08-15T12:18:49.367585265Z"}
2026-08-15T12:18:49.415463956Z {"message":"[ShipOrder] received request","severity":"info","timestamp":"2026-08-15T12:18:49.414640835Z"}
2026-08-15T12:18:49.415519864Z {"message":"[ShipOrder] completed request","severity":"info","timestamp":"2026-08-15T12:18:49.414794858Z"}
2026-08-15T12:18:50.001290686Z {"message":"[GetQuote] received request","severity":"info","timestamp":"2026-08-15T12:18:50.000979841Z"}
2026-08-15T12:18:50.001326691Z {"message":"[GetQuote] completed request","severity":"info","timestamp":"2026-08-15T12:18:50.001054052Z"}
2026-08-15T12:18:53.471451693Z {"message":"[GetQuote] received request","severity":"info","timestamp":"2026-08-15T12:18:53.47063417Z"}
2026-08-15T12:18:53.471502100Z {"message":"[GetQuote] completed request","severity":"info","timestamp":"2026-08-15T12:18:53.47076449Z"}
2026-08-15T12:18:54.915965708Z {"message":"[GetQuote] received request","severity":"info","timestamp":"2026-08-15T12:18:54.914760827Z"}
2026-08-15T12:18:54.916050821Z {"message":"[GetQuote] completed request","severity":"info","timestamp":"2026-08-15T12:18:54.915120281Z"}
2026-08-15T12:18:56.807515390Z {"message":"[GetQuote] received request","severity":"info","timestamp":"2026-08-15T12:18:56.805125232Z"}
2026-08-15T12:18:56.807595603Z {"message":"[GetQuote] completed request","severity":"info","timestamp":"2026-08-15T12:18:56.805228347Z"}
2026-08-15T12:18:56.994586856Z {"message":"[GetQuote] received request","severity":"info","timestamp":"2026-08-15T12:18:56.994033273Z"}
2026-08-15T12:18:56.994611560Z {"message":"[GetQuote] completed request","severity":"info","timestamp":"2026-08-15T12:18:56.994098383Z"}
2026-08-15T12:18:57.091375977Z {"message":"[GetQuote] received request","severity":"info","timestamp":"2026-08-15T12:18:57.091014623Z"}
2026-08-15T12:18:57.091401981Z {"message":"[GetQuote] completed request","severity":"info","timestamp":"2026-08-15T12:18:57.091096235Z"}
2026-08-15T12:18:57.112612863Z {"message":"[GetQuote] received request","severity":"info","timestamp":"2026-08-15T12:18:57.11192746Z"}
2026-08-15T12:18:57.112670772Z {"message":"[GetQuote] completed request","severity":"info","timestamp":"2026-08-15T12:18:57.11205648Z"}
2026-08-15T12:18:57.122373027Z {"message":"[ShipOrder] received request","severity":"info","timestamp":"2026-08-15T12:18:57.121772837Z"}
2026-08-15T12:18:57.122426536Z {"message":"[ShipOrder] completed request","severity":"info","timestamp":"2026-08-15T12:18:57.12192286Z"}
2026-08-15T12:18:57.191072934Z {"message":"[GetQuote] received request","severity":"info","timestamp":"2026-08-15T12:18:57.190500848Z"}
2026-08-15T12:18:57.191881556Z {"message":"[GetQuote] completed request","severity":"info","timestamp":"2026-08-15T12:18:57.191479595Z"}
2026-08-15T12:18:57.199004224Z {"message":"[GetQuote] received request","severity":"info","timestamp":"2026-08-15T12:18:57.198450141Z"}
2026-08-15T12:18:57.199062833Z {"message":"[GetQuote] completed request","severity":"info","timestamp":"2026-08-15T12:18:57.198557057Z"}
2026-08-15T12:18:57.449156954Z {"message":"[GetQuote] received request","severity":"info","timestamp":"2026-08-15T12:18:57.448341831Z"}
2026-08-15T12:18:57.449221063Z {"message":"[GetQuote] completed request","severity":"info","timestamp":"2026-08-15T12:18:57.448410742Z"}
2026-08-15T12:18:58.721334514Z {"message":"[GetQuote] received request","severity":"info","timestamp":"2026-08-15T12:18:58.719933604Z"}
2026-08-15T12:18:58.721406325Z {"message":"[GetQuote] completed request","severity":"info","timestamp":"2026-08-15T12:18:58.720098829Z"}
2026-08-15T12:18:59.994220481Z {"message":"[GetQuote] received request","severity":"info","timestamp":"2026-08-15T12:18:59.993736508Z"}
2026-08-15T12:18:59.994266988Z {"message":"[GetQuote] completed request","severity":"info","timestamp":"2026-08-15T12:18:59.993825921Z"}
2026-08-15T12:19:01.084502374Z {"message":"[GetQuote] received request","severity":"info","timestamp":"2026-08-15T12:19:01.083950892Z"}
2026-08-15T12:19:01.084549081Z {"message":"[GetQuote] completed request","severity":"info","timestamp":"2026-08-15T12:19:01.084017202Z"}
2026-08-15T12:19:01.196162271Z {"message":"[ShipOrder] received request","severity":"info","timestamp":"2026-08-15T12:19:01.190283297Z"}
2026-08-15T12:19:01.196246284Z {"message":"[ShipOrder] completed request","severity":"info","timestamp":"2026-08-15T12:19:01.190460124Z"}
2026-08-15T12:19:01.548889702Z {"message":"[GetQuote] received request","severity":"info","timestamp":"2026-08-15T12:19:01.548283412Z"}
2026-08-15T12:19:01.548937809Z {"message":"[GetQuote] completed request","severity":"info","timestamp":"2026-08-15T12:19:01.548385727Z"}
2026-08-15T12:19:01.836167704Z {"message":"[GetQuote] received request","severity":"info","timestamp":"2026-08-15T12:19:01.835984377Z"}
2026-08-15T12:19:01.836249416Z {"message":"[GetQuote] completed request","severity":"info","timestamp":"2026-08-15T12:19:01.836036385Z"}
2026-08-15T12:19:01.840970618Z {"message":"[GetQuote] received request","severity":"info","timestamp":"2026-08-15T12:19:01.840763787Z"}
2026-08-15T12:19:01.841001623Z {"message":"[GetQuote] completed request","severity":"info","timestamp":"2026-08-15T12:19:01.840794992Z"}
2026-08-15T12:19:03.550720362Z {"message":"[GetQuote] received request","severity":"info","timestamp":"2026-08-15T12:19:03.550214487Z"}
2026-08-15T12:19:03.550763368Z {"message":"[GetQuote] completed request","severity":"info","timestamp":"2026-08-15T12:19:03.550250292Z"}
2026-08-15T12:19:03.649006571Z {"message":"[GetQuote] received request","severity":"info","timestamp":"2026-08-15T12:19:03.648733331Z"}
2026-08-15T12:19:03.649035676Z {"message":"[GetQuote] completed request","severity":"info","timestamp":"2026-08-15T12:19:03.648784038Z"}
2026-08-15T12:19:04.694555786Z {"message":"[GetQuote] received request","severity":"info","timestamp":"2026-08-15T12:19:04.694137724Z"}
2026-08-15T12:19:04.694599192Z {"message":"[GetQuote] completed request","severity":"info","timestamp":"2026-08-15T12:19:04.694209234Z"}
2026-08-15T12:19:05.082303922Z {"message":"[GetQuote] received request","severity":"info","timestamp":"2026-08-15T12:19:05.081593016Z"}
2026-08-15T12:19:05.082364531Z {"message":"[GetQuote] completed request","severity":"info","timestamp":"2026-08-15T12:19:05.081720935Z"}
2026-08-15T12:19:11.819876553Z {"message":"[GetQuote] received request","severity":"info","timestamp":"2026-08-15T12:19:11.81926307Z"}
2026-08-15T12:19:11.819939761Z {"message":"[GetQuote] completed request","severity":"info","timestamp":"2026-08-15T12:19:11.819375385Z"}
2026-08-15T12:19:11.904118606Z {"message":"[GetQuote] received request","severity":"info","timestamp":"2026-08-15T12:19:11.901365335Z"}
2026-08-15T12:19:11.904161012Z {"message":"[GetQuote] completed request","severity":"info","timestamp":"2026-08-15T12:19:11.901437545Z"}
2026-08-15T12:19:12.794213627Z {"message":"[GetQuote] received request","severity":"info","timestamp":"2026-08-15T12:19:12.793025267Z"}
2026-08-15T12:19:12.794292138Z {"message":"[GetQuote] completed request","severity":"info","timestamp":"2026-08-15T12:19:12.79312388Z"}
2026-08-15T12:19:17.014519966Z {"message":"[GetQuote] received request","severity":"info","timestamp":"2026-08-15T12:19:17.012793815Z"}
2026-08-15T12:19:17.014587976Z {"message":"[GetQuote] completed request","severity":"info","timestamp":"2026-08-15T12:19:17.012932535Z"}
2026-08-15T12:19:18.013776137Z {"message":"[GetQuote] received request","severity":"info","timestamp":"2026-08-15T12:19:18.013441488Z"}
2026-08-15T12:19:18.013815342Z {"message":"[GetQuote] completed request","severity":"info","timestamp":"2026-08-15T12:19:18.013511198Z"}
2026-08-15T12:19:19.546761853Z {"message":"[GetQuote] received request","severity":"info","timestamp":"2026-08-15T12:19:19.545680096Z"}
2026-08-15T12:19:19.546845165Z {"message":"[GetQuote] completed request","severity":"info","timestamp":"2026-08-15T12:19:19.545865123Z"}
2026-08-15T12:19:20.681822280Z {"message":"[GetQuote] received request","severity":"info","timestamp":"2026-08-15T12:19:20.674998187Z"}
2026-08-15T12:19:20.681880789Z {"message":"[GetQuote] completed request","severity":"info","timestamp":"2026-08-15T12:19:20.675256425Z"}
2026-08-15T12:19:20.781049215Z {"message":"[GetQuote] received request","severity":"info","timestamp":"2026-08-15T12:19:20.77998086Z"}
2026-08-15T12:19:20.781119926Z {"message":"[GetQuote] completed request","severity":"info","timestamp":"2026-08-15T12:19:20.780316609Z"}
2026-08-15T12:19:20.794395457Z {"message":"[ShipOrder] received request","severity":"info","timestamp":"2026-08-15T12:19:20.793815473Z"}
2026-08-15T12:19:20.794432962Z {"message":"[ShipOrder] completed request","severity":"info","timestamp":"2026-08-15T12:19:20.793941891Z"}
2026-08-15T12:19:20.851069002Z {"message":"[GetQuote] received request","severity":"info","timestamp":"2026-08-15T12:19:20.850677945Z"}
2026-08-15T12:19:20.851116509Z {"message":"[GetQuote] completed request","severity":"info","timestamp":"2026-08-15T12:19:20.850742654Z"}
2026-08-15T12:19:21.705172656Z {"message":"[GetQuote] received request","severity":"info","timestamp":"2026-08-15T12:19:21.704565567Z"}
2026-08-15T12:19:21.705208861Z {"message":"[GetQuote] completed request","severity":"info","timestamp":"2026-08-15T12:19:21.704818204Z"}
2026-08-15T12:19:21.798103675Z {"message":"[GetQuote] received request","severity":"info","timestamp":"2026-08-15T12:19:21.797706617Z"}
2026-08-15T12:19:21.798153582Z {"message":"[GetQuote] completed request","severity":"info","timestamp":"2026-08-15T12:19:21.797762625Z"}
2026-08-15T12:19:21.807372823Z {"message":"[ShipOrder] received request","severity":"info","timestamp":"2026-08-15T12:19:21.807124287Z"}
2026-08-15T12:19:21.807400427Z {"message":"[ShipOrder] completed request","severity":"info","timestamp":"2026-08-15T12:19:21.8072104Z"}
2026-08-15T12:19:25.398835754Z {"message":"[GetQuote] received request","severity":"info","timestamp":"2026-08-15T12:19:25.398623423Z"}
2026-08-15T12:19:25.398867359Z {"message":"[GetQuote] completed request","severity":"info","timestamp":"2026-08-15T12:19:25.398653828Z"}
2026-08-15T12:19:25.410351449Z {"message":"[GetQuote] received request","severity":"info","timestamp":"2026-08-15T12:19:25.410175323Z"}
2026-08-15T12:19:25.410369652Z {"message":"[GetQuote] completed request","severity":"info","timestamp":"2026-08-15T12:19:25.410209528Z"}
2026-08-15T12:19:25.414015588Z {"message":"[ShipOrder] received request","severity":"info","timestamp":"2026-08-15T12:19:25.413866766Z"}
2026-08-15T12:19:25.414033691Z {"message":"[ShipOrder] completed request","severity":"info","timestamp":"2026-08-15T12:19:25.413909272Z"}
2026-08-15T12:19:26.270087955Z {"message":"[GetQuote] received request","severity":"info","timestamp":"2026-08-15T12:19:26.269816215Z"}
2026-08-15T12:19:26.270133162Z {"message":"[GetQuote] completed request","severity":"info","timestamp":"2026-08-15T12:19:26.269863823Z"}
2026-08-15T12:19:28.146671487Z {"message":"[GetQuote] received request","severity":"info","timestamp":"2026-08-15T12:19:28.146068198Z"}
2026-08-15T12:19:28.146716394Z {"message":"[GetQuote] completed request","severity":"info","timestamp":"2026-08-15T12:19:28.146228422Z"}
2026-08-15T12:19:28.210730513Z {"message":"[GetQuote] received request","severity":"info","timestamp":"2026-08-15T12:19:28.209969801Z"}
2026-08-15T12:19:28.210790322Z {"message":"[GetQuote] completed request","severity":"info","timestamp":"2026-08-15T12:19:28.210087818Z"}
2026-08-15T12:19:28.221567508Z {"message":"[ShipOrder] received request","severity":"info","timestamp":"2026-08-15T12:19:28.221092738Z"}
2026-08-15T12:19:28.221627916Z {"message":"[ShipOrder] completed request","severity":"info","timestamp":"2026-08-15T12:19:28.221264463Z"}
2026-08-15T12:19:29.746662019Z {"message":"[GetQuote] received request","severity":"info","timestamp":"2026-08-15T12:19:29.745554556Z"}
2026-08-15T12:19:29.746749132Z {"message":"[GetQuote] completed request","severity":"info","timestamp":"2026-08-15T12:19:29.745779589Z"}
2026-08-15T12:19:29.878589131Z {"message":"[GetQuote] received request","severity":"info","timestamp":"2026-08-15T12:19:29.877654294Z"}
2026-08-15T12:19:29.878663542Z {"message":"[GetQuote] completed request","severity":"info","timestamp":"2026-08-15T12:19:29.877785813Z"}
2026-08-15T12:19:29.912018450Z {"message":"[ShipOrder] received request","severity":"info","timestamp":"2026-08-15T12:19:29.910984898Z"}
2026-08-15T12:19:29.912086060Z {"message":"[ShipOrder] completed request","severity":"info","timestamp":"2026-08-15T12:19:29.911111817Z"}
2026-08-15T12:19:32.498015075Z {"message":"[GetQuote] received request","severity":"info","timestamp":"2026-08-15T12:19:32.497757139Z"}
2026-08-15T12:19:32.498044079Z {"message":"[GetQuote] completed request","severity":"info","timestamp":"2026-08-15T12:19:32.497821848Z"}
2026-08-15T12:19:36.584345058Z {"message":"[GetQuote] received request","severity":"info","timestamp":"2026-08-15T12:19:36.584060919Z"}
2026-08-15T12:19:36.584376662Z {"message":"[GetQuote] completed request","severity":"info","timestamp":"2026-08-15T12:19:36.584117826Z"}
2026-08-15T12:19:38.023344452Z {"message":"[GetQuote] received request","severity":"info","timestamp":"2026-08-15T12:19:38.023150525Z"}
2026-08-15T12:19:38.023368255Z {"message":"[GetQuote] completed request","severity":"info","timestamp":"2026-08-15T12:19:38.02319213Z"}
2026-08-15T12:19:38.030127289Z {"message":"[GetQuote] received request","severity":"info","timestamp":"2026-08-15T12:19:38.029886656Z"}
2026-08-15T12:19:38.030156093Z {"message":"[GetQuote] completed request","severity":"info","timestamp":"2026-08-15T12:19:38.029922461Z"}
2026-08-15T12:19:39.445856265Z {"message":"[GetQuote] received request","severity":"info","timestamp":"2026-08-15T12:19:39.445058355Z"}
2026-08-15T12:19:39.446032290Z {"message":"[GetQuote] completed request","severity":"info","timestamp":"2026-08-15T12:19:39.445235579Z"}
2026-08-15T12:19:40.725565995Z {"message":"[GetQuote] received request","severity":"info","timestamp":"2026-08-15T12:19:40.725335771Z"}
2026-08-15T12:19:40.725598499Z {"message":"[GetQuote] completed request","severity":"info","timestamp":"2026-08-15T12:19:40.725377676Z"}
2026-08-15T12:19:43.761319361Z {"message":"[GetQuote] received request","severity":"info","timestamp":"2026-08-15T12:19:43.760378662Z"}
2026-08-15T12:19:43.761393769Z {"message":"[GetQuote] completed request","severity":"info","timestamp":"2026-08-15T12:19:43.760522377Z"}
2026-08-15T12:19:44.093848130Z {"message":"[GetQuote] received request","severity":"info","timestamp":"2026-08-15T12:19:44.093444087Z"}
2026-08-15T12:19:44.093890034Z {"message":"[GetQuote] completed request","severity":"info","timestamp":"2026-08-15T12:19:44.093518995Z"}
2026-08-15T12:19:46.671067475Z {"message":"[GetQuote] received request","severity":"info","timestamp":"2026-08-15T12:19:46.670121876Z"}
2026-08-15T12:19:46.671156984Z {"message":"[GetQuote] completed request","severity":"info","timestamp":"2026-08-15T12:19:46.670380603Z"}
2026-08-15T12:19:49.485662580Z {"message":"[GetQuote] received request","severity":"info","timestamp":"2026-08-15T12:19:49.485188905Z"}
2026-08-15T12:19:49.485700086Z {"message":"[GetQuote] completed request","severity":"info","timestamp":"2026-08-15T12:19:49.485336928Z"}
2026-08-15T12:19:51.242646904Z {"message":"[GetQuote] received request","severity":"info","timestamp":"2026-08-15T12:19:51.242061311Z"}
2026-08-15T12:19:51.242730317Z {"message":"[GetQuote] completed request","severity":"info","timestamp":"2026-08-15T12:19:51.242211835Z"}
2026-08-15T12:19:51.417695443Z {"message":"[GetQuote] received request","severity":"info","timestamp":"2026-08-15T12:19:51.416813203Z"}
2026-08-15T12:19:51.417770655Z {"message":"[GetQuote] completed request","severity":"info","timestamp":"2026-08-15T12:19:51.416966727Z"}
2026-08-15T12:19:51.430950551Z {"message":"[ShipOrder] received request","severity":"info","timestamp":"2026-08-15T12:19:51.429354497Z"}
2026-08-15T12:19:51.431012661Z {"message":"[ShipOrder] completed request","severity":"info","timestamp":"2026-08-15T12:19:51.430094715Z"}
2026-08-15T12:19:52.030930370Z {"message":"[GetQuote] received request","severity":"info","timestamp":"2026-08-15T12:19:52.030381582Z"}
2026-08-15T12:19:52.030991379Z {"message":"[GetQuote] completed request","severity":"info","timestamp":"2026-08-15T12:19:52.0304935Z"}
2026-08-15T12:19:53.901487156Z {"message":"[GetQuote] received request","severity":"info","timestamp":"2026-08-15T12:19:53.901178407Z"}
2026-08-15T12:19:53.903158022Z {"message":"[GetQuote] completed request","severity":"info","timestamp":"2026-08-15T12:19:53.902865675Z"}
2026-08-15T12:19:57.226733959Z {"message":"[GetQuote] received request","severity":"info","timestamp":"2026-08-15T12:19:57.226099556Z"}
2026-08-15T12:19:57.226827074Z {"message":"[GetQuote] completed request","severity":"info","timestamp":"2026-08-15T12:19:57.2263701Z"}
2026-08-15T12:19:57.692133951Z {"message":"[GetQuote] received request","severity":"info","timestamp":"2026-08-15T12:19:57.69157516Z"}
2026-08-15T12:19:57.692213364Z {"message":"[GetQuote] completed request","severity":"info","timestamp":"2026-08-15T12:19:57.691741787Z"}
2026-08-15T12:20:01.363510266Z {"message":"[GetQuote] received request","severity":"info","timestamp":"2026-08-15T12:20:01.362680732Z"}
2026-08-15T12:20:01.363593680Z {"message":"[GetQuote] completed request","severity":"info","timestamp":"2026-08-15T12:20:01.362822955Z"}
2026-08-15T12:20:01.513712763Z {"message":"[GetQuote] received request","severity":"info","timestamp":"2026-08-15T12:20:01.51308076Z"}
2026-08-15T12:20:01.513767972Z {"message":"[GetQuote] completed request","severity":"info","timestamp":"2026-08-15T12:20:01.513162173Z"}
2026-08-15T12:20:02.554724647Z {"message":"[GetQuote] received request","severity":"info","timestamp":"2026-08-15T12:20:02.554522914Z"}
2026-08-15T12:20:02.554751351Z {"message":"[GetQuote] completed request","severity":"info","timestamp":"2026-08-15T12:20:02.554566621Z"}
2026-08-15T12:20:02.563428861Z {"message":"[GetQuote] received request","severity":"info","timestamp":"2026-08-15T12:20:02.563207925Z"}
2026-08-15T12:20:02.563450164Z {"message":"[GetQuote] completed request","severity":"info","timestamp":"2026-08-15T12:20:02.563242631Z"}
2026-08-15T12:20:02.566846216Z {"message":"[ShipOrder] received request","severity":"info","timestamp":"2026-08-15T12:20:02.566643683Z"}
2026-08-15T12:20:02.566866319Z {"message":"[ShipOrder] completed request","severity":"info","timestamp":"2026-08-15T12:20:02.566692691Z"}
2026-08-15T12:20:09.215201491Z {"message":"[GetQuote] received request","severity":"info","timestamp":"2026-08-15T12:20:09.214704217Z"}
2026-08-15T12:20:09.215255499Z {"message":"[GetQuote] completed request","severity":"info","timestamp":"2026-08-15T12:20:09.214796431Z"}
2026-08-15T12:20:09.314684358Z {"message":"[GetQuote] received request","severity":"info","timestamp":"2026-08-15T12:20:09.314220389Z"}
2026-08-15T12:20:09.314721463Z {"message":"[GetQuote] completed request","severity":"info","timestamp":"2026-08-15T12:20:09.3142955Z"}
2026-08-15T12:20:12.479247140Z {"message":"[GetQuote] received request","severity":"info","timestamp":"2026-08-15T12:20:12.478174245Z"}
2026-08-15T12:20:12.479330347Z {"message":"[GetQuote] completed request","severity":"info","timestamp":"2026-08-15T12:20:12.478320358Z"}
2026-08-15T12:20:13.137516613Z {"message":"[GetQuote] received request","severity":"info","timestamp":"2026-08-15T12:20:13.136869656Z"}
2026-08-15T12:20:13.137567317Z {"message":"[GetQuote] completed request","severity":"info","timestamp":"2026-08-15T12:20:13.136997767Z"}
2026-08-15T12:20:13.138083463Z {"message":"[GetQuote] received request","severity":"info","timestamp":"2026-08-15T12:20:13.137846242Z"}
2026-08-15T12:20:13.138115566Z {"message":"[GetQuote] completed request","severity":"info","timestamp":"2026-08-15T12:20:13.137892246Z"}
2026-08-15T12:20:14.750969319Z {"message":"[GetQuote] received request","severity":"info","timestamp":"2026-08-15T12:20:14.75018895Z"}
2026-08-15T12:20:14.751041625Z {"message":"[GetQuote] completed request","severity":"info","timestamp":"2026-08-15T12:20:14.750323162Z"}
2026-08-15T12:20:14.972335647Z {"message":"[GetQuote] received request","severity":"info","timestamp":"2026-08-15T12:20:14.97157788Z"}
2026-08-15T12:20:14.972438556Z {"message":"[GetQuote] completed request","severity":"info","timestamp":"2026-08-15T12:20:14.971813901Z"}
2026-08-15T12:20:14.983457623Z {"message":"[ShipOrder] received request","severity":"info","timestamp":"2026-08-15T12:20:14.982759862Z"}
2026-08-15T12:20:14.983507127Z {"message":"[ShipOrder] completed request","severity":"info","timestamp":"2026-08-15T12:20:14.982892673Z"}
2026-08-15T12:20:18.248388372Z {"message":"[GetQuote] received request","severity":"info","timestamp":"2026-08-15T12:20:18.248203455Z"}
2026-08-15T12:20:18.248410974Z {"message":"[GetQuote] completed request","severity":"info","timestamp":"2026-08-15T12:20:18.248236058Z"}
2026-08-15T12:20:19.759743998Z {"message":"[GetQuote] received request","severity":"info","timestamp":"2026-08-15T12:20:19.758981385Z"}
2026-08-15T12:20:19.759816008Z {"message":"[GetQuote] completed request","severity":"info","timestamp":"2026-08-15T12:20:19.759125606Z"}
2026-08-15T12:20:19.964256738Z {"message":"[GetQuote] received request","severity":"info","timestamp":"2026-08-15T12:20:19.96359904Z"}
2026-08-15T12:20:19.964317347Z {"message":"[GetQuote] completed request","severity":"info","timestamp":"2026-08-15T12:20:19.963737961Z"}
2026-08-15T12:20:20.419623869Z {"message":"[GetQuote] received request","severity":"info","timestamp":"2026-08-15T12:20:20.41942704Z"}
2026-08-15T12:20:20.419649973Z {"message":"[GetQuote] completed request","severity":"info","timestamp":"2026-08-15T12:20:20.419469747Z"}
2026-08-15T12:20:22.904520524Z {"message":"[GetQuote] received request","severity":"info","timestamp":"2026-08-15T12:20:22.90322431Z"}
2026-08-15T12:20:22.904607345Z {"message":"[GetQuote] completed request","severity":"info","timestamp":"2026-08-15T12:20:22.903419358Z"}
2026-08-15T12:20:25.456661528Z {"message":"[GetQuote] received request","severity":"info","timestamp":"2026-08-15T12:20:25.456407066Z"}
2026-08-15T12:20:25.456698537Z {"message":"[GetQuote] completed request","severity":"info","timestamp":"2026-08-15T12:20:25.456480984Z"}
2026-08-15T12:20:25.557925173Z {"message":"[GetQuote] received request","severity":"info","timestamp":"2026-08-15T12:20:25.557285117Z"}
2026-08-15T12:20:25.557980386Z {"message":"[GetQuote] completed request","severity":"info","timestamp":"2026-08-15T12:20:25.55737684Z"}
2026-08-15T12:20:25.601140047Z {"message":"[ShipOrder] received request","severity":"info","timestamp":"2026-08-15T12:20:25.600639626Z"}
2026-08-15T12:20:25.601185358Z {"message":"[ShipOrder] completed request","severity":"info","timestamp":"2026-08-15T12:20:25.600766057Z"}
2026-08-15T12:20:25.639564261Z {"message":"[GetQuote] received request","severity":"info","timestamp":"2026-08-15T12:20:25.638867692Z"}
2026-08-15T12:20:25.639617774Z {"message":"[GetQuote] completed request","severity":"info","timestamp":"2026-08-15T12:20:25.638990422Z"}
2026-08-15T12:20:25.804954549Z {"message":"[GetQuote] received request","severity":"info","timestamp":"2026-08-15T12:20:25.804335299Z"}
2026-08-15T12:20:25.805001660Z {"message":"[GetQuote] completed request","severity":"info","timestamp":"2026-08-15T12:20:25.804436223Z"}
2026-08-15T12:20:25.817107695Z {"message":"[ShipOrder] received request","severity":"info","timestamp":"2026-08-15T12:20:25.816301399Z"}
2026-08-15T12:20:25.817156307Z {"message":"[ShipOrder] completed request","severity":"info","timestamp":"2026-08-15T12:20:25.816417928Z"}
2026-08-15T12:20:25.878447163Z {"message":"[GetQuote] received request","severity":"info","timestamp":"2026-08-15T12:20:25.878178898Z"}
2026-08-15T12:20:25.878494374Z {"message":"[GetQuote] completed request","severity":"info","timestamp":"2026-08-15T12:20:25.878249915Z"}
2026-08-15T12:20:25.947565616Z {"message":"[GetQuote] received request","severity":"info","timestamp":"2026-08-15T12:20:25.947109705Z"}
2026-08-15T12:20:25.947627531Z {"message":"[GetQuote] completed request","severity":"info","timestamp":"2026-08-15T12:20:25.947135512Z"}
2026-08-15T12:20:27.033565542Z {"message":"[GetQuote] received request","severity":"info","timestamp":"2026-08-15T12:20:27.033357511Z"}
2026-08-15T12:20:27.033597947Z {"message":"[GetQuote] completed request","severity":"info","timestamp":"2026-08-15T12:20:27.033406618Z"}
2026-08-15T12:20:31.385689519Z {"message":"[GetQuote] received request","severity":"info","timestamp":"2026-08-15T12:20:31.384587248Z"}
2026-08-15T12:20:31.385776733Z {"message":"[GetQuote] completed request","severity":"info","timestamp":"2026-08-15T12:20:31.384734671Z"}
2026-08-15T12:20:31.602352415Z {"message":"[GetQuote] received request","severity":"info","timestamp":"2026-08-15T12:20:31.601735619Z"}
2026-08-15T12:20:31.602423126Z {"message":"[GetQuote] completed request","severity":"info","timestamp":"2026-08-15T12:20:31.601893443Z"}
2026-08-15T12:20:32.441632039Z {"message":"[GetQuote] received request","severity":"info","timestamp":"2026-08-15T12:20:32.441376499Z"}
2026-08-15T12:20:32.441661943Z {"message":"[GetQuote] completed request","severity":"info","timestamp":"2026-08-15T12:20:32.441442609Z"}
2026-08-15T12:20:32.508448330Z {"message":"[GetQuote] received request","severity":"info","timestamp":"2026-08-15T12:20:32.508162386Z"}
2026-08-15T12:20:32.508475234Z {"message":"[GetQuote] completed request","severity":"info","timestamp":"2026-08-15T12:20:32.508199991Z"}
2026-08-15T12:20:37.089233181Z {"message":"[GetQuote] received request","severity":"info","timestamp":"2026-08-15T12:20:37.089046755Z"}
2026-08-15T12:20:37.089263185Z {"message":"[GetQuote] completed request","severity":"info","timestamp":"2026-08-15T12:20:37.08908426Z"}
2026-08-15T12:20:38.029534887Z {"message":"[GetQuote] received request","severity":"info","timestamp":"2026-08-15T12:20:38.029435573Z"}
2026-08-15T12:20:38.029559890Z {"message":"[GetQuote] completed request","severity":"info","timestamp":"2026-08-15T12:20:38.029481179Z"}
2026-08-15T12:20:38.039909338Z {"message":"[GetQuote] received request","severity":"info","timestamp":"2026-08-15T12:20:38.039663303Z"}
2026-08-15T12:20:38.039940942Z {"message":"[GetQuote] completed request","severity":"info","timestamp":"2026-08-15T12:20:38.039686307Z"}
2026-08-15T12:20:38.044168833Z {"message":"[ShipOrder] received request","severity":"info","timestamp":"2026-08-15T12:20:38.043917398Z"}
2026-08-15T12:20:38.044187536Z {"message":"[ShipOrder] completed request","severity":"info","timestamp":"2026-08-15T12:20:38.043953703Z"}
2026-08-15T12:20:38.476803640Z {"message":"[GetQuote] received request","severity":"info","timestamp":"2026-08-15T12:20:38.476533902Z"}
2026-08-15T12:20:38.476839645Z {"message":"[GetQuote] completed request","severity":"info","timestamp":"2026-08-15T12:20:38.476597011Z"}
2026-08-15T12:20:38.492864886Z {"message":"[GetQuote] received request","severity":"info","timestamp":"2026-08-15T12:20:38.492593348Z"}
2026-08-15T12:20:38.492891490Z {"message":"[GetQuote] completed request","severity":"info","timestamp":"2026-08-15T12:20:38.492644455Z"}
2026-08-15T12:20:38.496907351Z {"message":"[ShipOrder] received request","severity":"info","timestamp":"2026-08-15T12:20:38.496402681Z"}
2026-08-15T12:20:38.496931355Z {"message":"[ShipOrder] completed request","severity":"info","timestamp":"2026-08-15T12:20:38.496460589Z"}
2026-08-15T12:20:41.679658876Z {"message":"[GetQuote] received request","severity":"info","timestamp":"2026-08-15T12:20:41.678912072Z"}
2026-08-15T12:20:41.680701022Z {"message":"[GetQuote] completed request","severity":"info","timestamp":"2026-08-15T12:20:41.679066794Z"}
2026-08-15T12:20:47.874696403Z {"message":"[GetQuote] received request","severity":"info","timestamp":"2026-08-15T12:20:47.874347151Z"}
2026-08-15T12:20:47.874745610Z {"message":"[GetQuote] completed request","severity":"info","timestamp":"2026-08-15T12:20:47.874424763Z"}
2026-08-15T12:20:47.874748410Z {"message":"[GetQuote] received request","severity":"info","timestamp":"2026-08-15T12:20:47.874460468Z"}
2026-08-15T12:20:47.874749810Z {"message":"[GetQuote] completed request","severity":"info","timestamp":"2026-08-15T12:20:47.874478371Z"}
2026-08-15T12:20:49.471786645Z {"message":"[GetQuote] received request","severity":"info","timestamp":"2026-08-15T12:20:49.471223962Z"}
2026-08-15T12:20:49.471846954Z {"message":"[GetQuote] completed request","severity":"info","timestamp":"2026-08-15T12:20:49.471296273Z"}
2026-08-15T12:20:49.843711148Z {"message":"[GetQuote] received request","severity":"info","timestamp":"2026-08-15T12:20:49.843226277Z"}
2026-08-15T12:20:49.843764356Z {"message":"[GetQuote] completed request","severity":"info","timestamp":"2026-08-15T12:20:49.843334093Z"}
2026-08-15T12:20:54.231485005Z {"message":"[GetQuote] received request","severity":"info","timestamp":"2026-08-15T12:20:54.23064488Z"}
2026-08-15T12:20:54.231641929Z {"message":"[GetQuote] completed request","severity":"info","timestamp":"2026-08-15T12:20:54.230819306Z"}
2026-08-15T12:20:55.271696912Z {"message":"[GetQuote] received request","severity":"info","timestamp":"2026-08-15T12:20:55.271235844Z"}
2026-08-15T12:20:55.271740719Z {"message":"[GetQuote] completed request","severity":"info","timestamp":"2026-08-15T12:20:55.271309254Z"}
2026-08-15T12:20:59.830380769Z {"message":"[GetQuote] received request","severity":"info","timestamp":"2026-08-15T12:20:59.829617356Z"}
2026-08-15T12:20:59.830478784Z {"message":"[GetQuote] completed request","severity":"info","timestamp":"2026-08-15T12:20:59.82971397Z"}
2026-08-15T12:21:01.587519304Z {"message":"[GetQuote] received request","severity":"info","timestamp":"2026-08-15T12:21:01.586826801Z"}
2026-08-15T12:21:01.587591015Z {"message":"[GetQuote] completed request","severity":"info","timestamp":"2026-08-15T12:21:01.58702393Z"}
2026-08-15T12:21:02.030424291Z {"message":"[GetQuote] received request","severity":"info","timestamp":"2026-08-15T12:21:02.030051135Z"}
2026-08-15T12:21:02.030468498Z {"message":"[GetQuote] completed request","severity":"info","timestamp":"2026-08-15T12:21:02.030136448Z"}
2026-08-15T12:21:02.059539929Z {"message":"[GetQuote] received request","severity":"info","timestamp":"2026-08-15T12:21:02.059085961Z"}
2026-08-15T12:21:02.059583835Z {"message":"[GetQuote] completed request","severity":"info","timestamp":"2026-08-15T12:21:02.059153171Z"}
2026-08-15T12:21:02.068928928Z {"message":"[ShipOrder] received request","severity":"info","timestamp":"2026-08-15T12:21:02.068448756Z"}
2026-08-15T12:21:02.068967033Z {"message":"[ShipOrder] completed request","severity":"info","timestamp":"2026-08-15T12:21:02.068550971Z"}
2026-08-15T12:21:02.970818797Z {"message":"[GetQuote] received request","severity":"info","timestamp":"2026-08-15T12:21:02.97063607Z"}
2026-08-15T12:21:02.970845101Z {"message":"[GetQuote] completed request","severity":"info","timestamp":"2026-08-15T12:21:02.970671275Z"}
2026-08-15T12:21:04.484857969Z {"message":"[GetQuote] received request","severity":"info","timestamp":"2026-08-15T12:21:04.484187869Z"}
2026-08-15T12:21:04.484940081Z {"message":"[GetQuote] completed request","severity":"info","timestamp":"2026-08-15T12:21:04.484384098Z"}
2026-08-15T12:21:06.651881827Z {"message":"[GetQuote] received request","severity":"info","timestamp":"2026-08-15T12:21:06.651264335Z"}
2026-08-15T12:21:06.651942236Z {"message":"[GetQuote] completed request","severity":"info","timestamp":"2026-08-15T12:21:06.651361049Z"}
2026-08-15T12:21:08.121990654Z {"message":"[GetQuote] received request","severity":"info","timestamp":"2026-08-15T12:21:08.121725314Z"}
2026-08-15T12:21:08.122044261Z {"message":"[GetQuote] completed request","severity":"info","timestamp":"2026-08-15T12:21:08.121780522Z"}
2026-08-15T12:21:09.674844603Z {"message":"[GetQuote] received request","severity":"info","timestamp":"2026-08-15T12:21:09.674577864Z"}
2026-08-15T12:21:09.674875308Z {"message":"[GetQuote] completed request","severity":"info","timestamp":"2026-08-15T12:21:09.674624971Z"}
2026-08-15T12:21:09.742972510Z {"message":"[GetQuote] received request","severity":"info","timestamp":"2026-08-15T12:21:09.742325814Z"}
2026-08-15T12:21:09.743028119Z {"message":"[GetQuote] completed request","severity":"info","timestamp":"2026-08-15T12:21:09.742452433Z"}
2026-08-15T12:21:09.752372605Z {"message":"[ShipOrder] received request","severity":"info","timestamp":"2026-08-15T12:21:09.751648197Z"}
2026-08-15T12:21:09.752411111Z {"message":"[ShipOrder] completed request","severity":"info","timestamp":"2026-08-15T12:21:09.751779717Z"}
2026-08-15T12:21:10.184725346Z {"message":"[GetQuote] received request","severity":"info","timestamp":"2026-08-15T12:21:10.18367399Z"}
2026-08-15T12:21:10.184796556Z {"message":"[GetQuote] completed request","severity":"info","timestamp":"2026-08-15T12:21:10.183817311Z"}
2026-08-15T12:21:11.487034348Z {"message":"[GetQuote] received request","severity":"info","timestamp":"2026-08-15T12:21:11.486412256Z"}
2026-08-15T12:21:11.487105359Z {"message":"[GetQuote] completed request","severity":"info","timestamp":"2026-08-15T12:21:11.486611585Z"}
2026-08-15T12:21:12.172686672Z {"message":"[GetQuote] received request","severity":"info","timestamp":"2026-08-15T12:21:12.170970517Z"}
2026-08-15T12:21:12.172763983Z {"message":"[GetQuote] completed request","severity":"info","timestamp":"2026-08-15T12:21:12.171134542Z"}
2026-08-15T12:21:12.388768528Z {"message":"[GetQuote] received request","severity":"info","timestamp":"2026-08-15T12:21:12.385666968Z"}
2026-08-15T12:21:12.388867843Z {"message":"[GetQuote] completed request","severity":"info","timestamp":"2026-08-15T12:21:12.387958208Z"}
2026-08-15T12:21:12.563414238Z {"message":"[GetQuote] received request","severity":"info","timestamp":"2026-08-15T12:21:12.562943468Z"}
2026-08-15T12:21:12.563465745Z {"message":"[GetQuote] completed request","severity":"info","timestamp":"2026-08-15T12:21:12.563009478Z"}
2026-08-15T12:21:13.261728535Z {"message":"[GetQuote] received request","severity":"info","timestamp":"2026-08-15T12:21:13.261010428Z"}
2026-08-15T12:21:13.261808947Z {"message":"[GetQuote] completed request","severity":"info","timestamp":"2026-08-15T12:21:13.261183654Z"}
2026-08-15T12:21:13.646028947Z {"message":"[GetQuote] received request","severity":"info","timestamp":"2026-08-15T12:21:13.645819116Z"}
2026-08-15T12:21:13.646056651Z {"message":"[GetQuote] completed request","severity":"info","timestamp":"2026-08-15T12:21:13.645873724Z"}
2026-08-15T12:21:17.073967381Z {"message":"[GetQuote] received request","severity":"info","timestamp":"2026-08-15T12:21:17.073724045Z"}
2026-08-15T12:21:17.073997885Z {"message":"[GetQuote] completed request","severity":"info","timestamp":"2026-08-15T12:21:17.073783254Z"}
2026-08-15T12:21:19.215084330Z {"message":"[GetQuote] received request","severity":"info","timestamp":"2026-08-15T12:21:19.214254806Z"}
2026-08-15T12:21:19.215181244Z {"message":"[GetQuote] completed request","severity":"info","timestamp":"2026-08-15T12:21:19.214429532Z"}
2026-08-15T12:21:20.366966349Z {"message":"[GetQuote] received request","severity":"info","timestamp":"2026-08-15T12:21:20.366744216Z"}
2026-08-15T12:21:20.367001054Z {"message":"[GetQuote] completed request","severity":"info","timestamp":"2026-08-15T12:21:20.366809826Z"}
2026-08-15T12:21:20.371856977Z {"message":"[GetQuote] received request","severity":"info","timestamp":"2026-08-15T12:21:20.371597238Z"}
2026-08-15T12:21:20.371892982Z {"message":"[GetQuote] completed request","severity":"info","timestamp":"2026-08-15T12:21:20.371651746Z"}
2026-08-15T12:21:22.069368148Z {"message":"[GetQuote] received request","severity":"info","timestamp":"2026-08-15T12:21:22.069022296Z"}
2026-08-15T12:21:22.069410154Z {"message":"[GetQuote] completed request","severity":"info","timestamp":"2026-08-15T12:21:22.069086806Z"}
2026-08-15T12:21:22.586840911Z {"message":"[GetQuote] received request","severity":"info","timestamp":"2026-08-15T12:21:22.586487459Z"}
2026-08-15T12:21:22.586876617Z {"message":"[GetQuote] completed request","severity":"info","timestamp":"2026-08-15T12:21:22.586540267Z"}
2026-08-15T12:21:23.467744028Z {"message":"[GetQuote] received request","severity":"info","timestamp":"2026-08-15T12:21:23.467476488Z"}
2026-08-15T12:21:23.467777533Z {"message":"[GetQuote] completed request","severity":"info","timestamp":"2026-08-15T12:21:23.467530096Z"}
2026-08-15T12:21:25.866821176Z {"message":"[GetQuote] received request","severity":"info","timestamp":"2026-08-15T12:21:25.866432718Z"}
2026-08-15T12:21:25.866866383Z {"message":"[GetQuote] completed request","severity":"info","timestamp":"2026-08-15T12:21:25.866536933Z"}
2026-08-15T12:21:25.979095339Z {"message":"[GetQuote] received request","severity":"info","timestamp":"2026-08-15T12:21:25.978538456Z"}
2026-08-15T12:21:25.979126844Z {"message":"[GetQuote] completed request","severity":"info","timestamp":"2026-08-15T12:21:25.978569961Z"}
2026-08-15T12:21:25.984931311Z {"message":"[ShipOrder] received request","severity":"info","timestamp":"2026-08-15T12:21:25.984788989Z"}
2026-08-15T12:21:25.984951914Z {"message":"[ShipOrder] completed request","severity":"info","timestamp":"2026-08-15T12:21:25.984848298Z"}
2026-08-15T12:21:30.231619172Z {"message":"[GetQuote] received request","severity":"info","timestamp":"2026-08-15T12:21:30.231161003Z"}
2026-08-15T12:21:30.231662078Z {"message":"[GetQuote] completed request","severity":"info","timestamp":"2026-08-15T12:21:30.231193708Z"}
2026-08-15T12:21:31.528535611Z {"message":"[GetQuote] received request","severity":"info","timestamp":"2026-08-15T12:21:31.527731091Z"}
2026-08-15T12:21:31.528609822Z {"message":"[GetQuote] completed request","severity":"info","timestamp":"2026-08-15T12:21:31.527948223Z"}
2026-08-15T12:21:32.797334897Z {"message":"[GetQuote] received request","severity":"info","timestamp":"2026-08-15T12:21:32.797145169Z"}
2026-08-15T12:21:32.797361001Z {"message":"[GetQuote] completed request","severity":"info","timestamp":"2026-08-15T12:21:32.797180674Z"}
2026-08-15T12:21:34.855002442Z {"message":"[GetQuote] received request","severity":"info","timestamp":"2026-08-15T12:21:34.854178519Z"}
2026-08-15T12:21:34.855074553Z {"message":"[GetQuote] completed request","severity":"info","timestamp":"2026-08-15T12:21:34.854331642Z"}
2026-08-15T12:21:36.623588553Z {"message":"[GetQuote] received request","severity":"info","timestamp":"2026-08-15T12:21:36.622824339Z"}
2026-08-15T12:21:36.623681767Z {"message":"[GetQuote] completed request","severity":"info","timestamp":"2026-08-15T12:21:36.622933855Z"}
2026-08-15T12:21:39.138182436Z {"message":"[GetQuote] received request","severity":"info","timestamp":"2026-08-15T12:21:39.137839485Z"}
2026-08-15T12:21:39.138221042Z {"message":"[GetQuote] completed request","severity":"info","timestamp":"2026-08-15T12:21:39.137900994Z"}
2026-08-15T12:21:41.634272615Z {"message":"[GetQuote] received request","severity":"info","timestamp":"2026-08-15T12:21:41.633848752Z"}
2026-08-15T12:21:41.634315121Z {"message":"[GetQuote] completed request","severity":"info","timestamp":"2026-08-15T12:21:41.633917862Z"}
2026-08-15T12:21:43.284952447Z {"message":"[GetQuote] received request","severity":"info","timestamp":"2026-08-15T12:21:43.284627299Z"}
2026-08-15T12:21:43.284999254Z {"message":"[GetQuote] completed request","severity":"info","timestamp":"2026-08-15T12:21:43.284694709Z"}
2026-08-15T12:21:43.369754936Z {"message":"[GetQuote] received request","severity":"info","timestamp":"2026-08-15T12:21:43.369434688Z"}
2026-08-15T12:21:43.369797142Z {"message":"[GetQuote] completed request","severity":"info","timestamp":"2026-08-15T12:21:43.369558206Z"}
2026-08-15T12:21:43.372973317Z {"message":"[GetQuote] received request","severity":"info","timestamp":"2026-08-15T12:21:43.372518049Z"}
2026-08-15T12:21:43.373013723Z {"message":"[GetQuote] completed request","severity":"info","timestamp":"2026-08-15T12:21:43.372584359Z"}
2026-08-15T12:21:43.458883071Z {"message":"[GetQuote] received request","severity":"info","timestamp":"2026-08-15T12:21:43.458167464Z"}
2026-08-15T12:21:43.458931778Z {"message":"[GetQuote] completed request","severity":"info","timestamp":"2026-08-15T12:21:43.458287782Z"}
2026-08-15T12:21:43.470729244Z {"message":"[ShipOrder] received request","severity":"info","timestamp":"2026-08-15T12:21:43.47023657Z"}
2026-08-15T12:21:43.470762049Z {"message":"[ShipOrder] completed request","severity":"info","timestamp":"2026-08-15T12:21:43.47037089Z"}
2026-08-15T12:21:43.684245291Z {"message":"[GetQuote] received request","severity":"info","timestamp":"2026-08-15T12:21:43.68330685Z"}
2026-08-15T12:21:43.684301099Z {"message":"[GetQuote] completed request","severity":"info","timestamp":"2026-08-15T12:21:43.683715011Z"}
2026-08-15T12:21:44.053692668Z {"message":"[GetQuote] received request","severity":"info","timestamp":"2026-08-15T12:21:44.05337172Z"}
2026-08-15T12:21:44.053720773Z {"message":"[GetQuote] completed request","severity":"info","timestamp":"2026-08-15T12:21:44.053400925Z"}
2026-08-15T12:21:44.057114480Z {"message":"[ShipOrder] received request","severity":"info","timestamp":"2026-08-15T12:21:44.05691465Z"}
2026-08-15T12:21:44.057137484Z {"message":"[ShipOrder] completed request","severity":"info","timestamp":"2026-08-15T12:21:44.056974759Z"}
2026-08-15T12:21:44.071747470Z {"message":"[GetQuote] received request","severity":"info","timestamp":"2026-08-15T12:21:44.071538339Z"}
2026-08-15T12:21:44.071791076Z {"message":"[GetQuote] completed request","severity":"info","timestamp":"2026-08-15T12:21:44.071595647Z"}
2026-08-15T12:21:44.127792855Z {"message":"[GetQuote] received request","severity":"info","timestamp":"2026-08-15T12:21:44.127331386Z"}
2026-08-15T12:21:44.127856165Z {"message":"[GetQuote] completed request","severity":"info","timestamp":"2026-08-15T12:21:44.127431801Z"}
2026-08-15T12:21:44.456999012Z {"message":"[GetQuote] received request","severity":"info","timestamp":"2026-08-15T12:21:44.45618029Z"}
2026-08-15T12:21:44.457074924Z {"message":"[GetQuote] completed request","severity":"info","timestamp":"2026-08-15T12:21:44.456349515Z"}
2026-08-15T12:21:44.472726566Z {"message":"[ShipOrder] received request","severity":"info","timestamp":"2026-08-15T12:21:44.472065767Z"}
2026-08-15T12:21:44.472781874Z {"message":"[ShipOrder] completed request","severity":"info","timestamp":"2026-08-15T12:21:44.472184084Z"}
2026-08-15T12:21:45.016020555Z {"message":"[GetQuote] received request","severity":"info","timestamp":"2026-08-15T12:21:45.015692506Z"}
2026-08-15T12:21:45.016071062Z {"message":"[GetQuote] completed request","severity":"info","timestamp":"2026-08-15T12:21:45.015742613Z"}
2026-08-15T12:21:45.942769318Z {"message":"[GetQuote] received request","severity":"info","timestamp":"2026-08-15T12:21:45.942444969Z"}
2026-08-15T12:21:45.942846229Z {"message":"[GetQuote] completed request","severity":"info","timestamp":"2026-08-15T12:21:45.942511079Z"}
2026-08-15T12:21:48.854467183Z {"message":"[GetQuote] received request","severity":"info","timestamp":"2026-08-15T12:21:48.85317789Z"}
2026-08-15T12:21:48.854555696Z {"message":"[GetQuote] completed request","severity":"info","timestamp":"2026-08-15T12:21:48.853605954Z"}
2026-08-15T12:21:49.049419360Z {"message":"[GetQuote] received request","severity":"info","timestamp":"2026-08-15T12:21:49.048544429Z"}
2026-08-15T12:21:49.049503972Z {"message":"[GetQuote] completed request","severity":"info","timestamp":"2026-08-15T12:21:49.048695751Z"}
2026-08-15T12:21:49.089167509Z {"message":"[ShipOrder] received request","severity":"info","timestamp":"2026-08-15T12:21:49.088610625Z"}
2026-08-15T12:21:49.089209315Z {"message":"[ShipOrder] completed request","severity":"info","timestamp":"2026-08-15T12:21:49.088704539Z"}
2026-08-15T12:21:49.163266498Z {"message":"[GetQuote] received request","severity":"info","timestamp":"2026-08-15T12:21:49.162796428Z"}
2026-08-15T12:21:49.163302104Z {"message":"[GetQuote] completed request","severity":"info","timestamp":"2026-08-15T12:21:49.162883441Z"}
2026-08-15T12:21:51.065461586Z {"message":"[GetQuote] received request","severity":"info","timestamp":"2026-08-15T12:21:51.063598507Z"}
2026-08-15T12:21:51.065509093Z {"message":"[GetQuote] completed request","severity":"info","timestamp":"2026-08-15T12:21:51.063679919Z"}
2026-08-15T12:21:52.166932235Z {"message":"[GetQuote] received request","severity":"info","timestamp":"2026-08-15T12:21:52.166454263Z"}
2026-08-15T12:21:52.166984343Z {"message":"[GetQuote] completed request","severity":"info","timestamp":"2026-08-15T12:21:52.166568981Z"}
2026-08-15T12:21:54.633272354Z {"message":"[GetQuote] received request","severity":"info","timestamp":"2026-08-15T12:21:54.633026717Z"}
2026-08-15T12:21:54.633304759Z {"message":"[GetQuote] completed request","severity":"info","timestamp":"2026-08-15T12:21:54.633081425Z"}
2026-08-15T12:21:54.668898186Z {"message":"[GetQuote] received request","severity":"info","timestamp":"2026-08-15T12:21:54.668698956Z"}
2026-08-15T12:21:54.668916288Z {"message":"[GetQuote] completed request","severity":"info","timestamp":"2026-08-15T12:21:54.668721559Z"}
2026-08-15T12:21:54.673418062Z {"message":"[ShipOrder] received request","severity":"info","timestamp":"2026-08-15T12:21:54.673185727Z"}
2026-08-15T12:21:54.673436065Z {"message":"[ShipOrder] completed request","severity":"info","timestamp":"2026-08-15T12:21:54.673236635Z"}
2026-08-15T12:21:58.730632622Z {"message":"[GetQuote] received request","severity":"info","timestamp":"2026-08-15T12:21:58.730041334Z"}
2026-08-15T12:21:58.730728737Z {"message":"[GetQuote] completed request","severity":"info","timestamp":"2026-08-15T12:21:58.730186256Z"}
2026-08-15T12:21:59.666404141Z {"message":"[GetQuote] received request","severity":"info","timestamp":"2026-08-15T12:21:59.66593327Z"}
2026-08-15T12:21:59.666447447Z {"message":"[GetQuote] completed request","severity":"info","timestamp":"2026-08-15T12:21:59.666014883Z"}
2026-08-15T12:22:00.111749887Z {"message":"[GetQuote] received request","severity":"info","timestamp":"2026-08-15T12:22:00.11150305Z"}
2026-08-15T12:22:00.111778191Z {"message":"[GetQuote] completed request","severity":"info","timestamp":"2026-08-15T12:22:00.111548757Z"}
2026-08-15T12:22:01.136646502Z {"message":"[GetQuote] received request","severity":"info","timestamp":"2026-08-15T12:22:01.136111323Z"}
2026-08-15T12:22:01.136698410Z {"message":"[GetQuote] completed request","severity":"info","timestamp":"2026-08-15T12:22:01.136211338Z"}
2026-08-15T12:22:02.399310193Z {"message":"[GetQuote] received request","severity":"info","timestamp":"2026-08-15T12:22:02.399115264Z"}
2026-08-15T12:22:02.399350699Z {"message":"[GetQuote] completed request","severity":"info","timestamp":"2026-08-15T12:22:02.399149769Z"}
2026-08-15T12:22:02.408977936Z {"message":"[GetQuote] received request","severity":"info","timestamp":"2026-08-15T12:22:02.408755703Z"}
2026-08-15T12:22:02.408999039Z {"message":"[GetQuote] completed request","severity":"info","timestamp":"2026-08-15T12:22:02.408793408Z"}
2026-08-15T12:22:02.412978733Z {"message":"[ShipOrder] received request","severity":"info","timestamp":"2026-08-15T12:22:02.412789604Z"}
2026-08-15T12:22:02.412993635Z {"message":"[ShipOrder] completed request","severity":"info","timestamp":"2026-08-15T12:22:02.412830511Z"}
2026-08-15T12:22:04.269282295Z {"message":"[GetQuote] received request","severity":"info","timestamp":"2026-08-15T12:22:04.26850858Z"}
2026-08-15T12:22:04.269352806Z {"message":"[GetQuote] completed request","severity":"info","timestamp":"2026-08-15T12:22:04.268647101Z"}
2026-08-15T12:22:06.080377958Z {"message":"[GetQuote] received request","severity":"info","timestamp":"2026-08-15T12:22:06.080189432Z"}
2026-08-15T12:22:06.080410163Z {"message":"[GetQuote] completed request","severity":"info","timestamp":"2026-08-15T12:22:06.080221736Z"}
2026-08-15T12:22:10.206558938Z {"message":"[GetQuote] received request","severity":"info","timestamp":"2026-08-15T12:22:10.205744223Z"}
2026-08-15T12:22:10.206617147Z {"message":"[GetQuote] completed request","severity":"info","timestamp":"2026-08-15T12:22:10.205920148Z"}
2026-08-15T12:22:11.624542989Z {"message":"[GetQuote] received request","severity":"info","timestamp":"2026-08-15T12:22:11.623440233Z"}
2026-08-15T12:22:11.624627201Z {"message":"[GetQuote] completed request","severity":"info","timestamp":"2026-08-15T12:22:11.623625859Z"}
2026-08-15T12:22:13.319110915Z {"message":"[GetQuote] received request","severity":"info","timestamp":"2026-08-15T12:22:13.318811784Z"}
2026-08-15T12:22:13.319145219Z {"message":"[GetQuote] completed request","severity":"info","timestamp":"2026-08-15T12:22:13.318877891Z"}
2026-08-15T12:22:13.914972673Z {"message":"[GetQuote] received request","severity":"info","timestamp":"2026-08-15T12:22:13.914670142Z"}
2026-08-15T12:22:13.915004377Z {"message":"[GetQuote] completed request","severity":"info","timestamp":"2026-08-15T12:22:13.914741649Z"}
2026-08-15T12:22:13.965097110Z {"message":"[GetQuote] received request","severity":"info","timestamp":"2026-08-15T12:22:13.964159012Z"}
2026-08-15T12:22:13.965168518Z {"message":"[GetQuote] completed request","severity":"info","timestamp":"2026-08-15T12:22:13.964262523Z"}
2026-08-15T12:22:14.461400166Z {"message":"[GetQuote] received request","severity":"info","timestamp":"2026-08-15T12:22:14.46086261Z"}
2026-08-15T12:22:14.461467673Z {"message":"[GetQuote] completed request","severity":"info","timestamp":"2026-08-15T12:22:14.460991023Z"}
2026-08-15T12:22:18.063152791Z {"message":"[GetQuote] received request","severity":"info","timestamp":"2026-08-15T12:22:18.062947669Z"}
2026-08-15T12:22:18.063177493Z {"message":"[GetQuote] completed request","severity":"info","timestamp":"2026-08-15T12:22:18.062992074Z"}
2026-08-15T12:22:21.065315577Z {"message":"[GetQuote] received request","severity":"info","timestamp":"2026-08-15T12:22:21.064773591Z"}
2026-08-15T12:22:21.065594121Z {"message":"[GetQuote] completed request","severity":"info","timestamp":"2026-08-15T12:22:21.064948319Z"}
2026-08-15T12:22:21.823980118Z {"message":"[GetQuote] received request","severity":"info","timestamp":"2026-08-15T12:22:21.823015265Z"}
2026-08-15T12:22:21.824063631Z {"message":"[GetQuote] completed request","severity":"info","timestamp":"2026-08-15T12:22:21.823285308Z"}
2026-08-15T12:22:22.336958720Z {"message":"[GetQuote] received request","severity":"info","timestamp":"2026-08-15T12:22:22.336193599Z"}
2026-08-15T12:22:22.337020930Z {"message":"[GetQuote] completed request","severity":"info","timestamp":"2026-08-15T12:22:22.33632532Z"}
2026-08-15T12:22:23.146726561Z {"message":"[GetQuote] received request","severity":"info","timestamp":"2026-08-15T12:22:23.146453517Z"}
2026-08-15T12:22:23.146756565Z {"message":"[GetQuote] completed request","severity":"info","timestamp":"2026-08-15T12:22:23.146500925Z"}
2026-08-15T12:22:25.565162359Z {"message":"[GetQuote] received request","severity":"info","timestamp":"2026-08-15T12:22:25.564580767Z"}
2026-08-15T12:22:25.565218268Z {"message":"[GetQuote] completed request","severity":"info","timestamp":"2026-08-15T12:22:25.564682283Z"}
2026-08-15T12:22:25.597535990Z {"message":"[GetQuote] received request","severity":"info","timestamp":"2026-08-15T12:22:25.595937037Z"}
2026-08-15T12:22:25.597571696Z {"message":"[GetQuote] completed request","severity":"info","timestamp":"2026-08-15T12:22:25.59602225Z"}
2026-08-15T12:22:25.651295510Z {"message":"[ShipOrder] received request","severity":"info","timestamp":"2026-08-15T12:22:25.650933853Z"}
2026-08-15T12:22:25.651323315Z {"message":"[ShipOrder] completed request","severity":"info","timestamp":"2026-08-15T12:22:25.65097716Z"}
2026-08-15T12:22:27.820362886Z {"message":"[GetQuote] received request","severity":"info","timestamp":"2026-08-15T12:22:27.819745589Z"}
2026-08-15T12:22:27.820438098Z {"message":"[GetQuote] completed request","severity":"info","timestamp":"2026-08-15T12:22:27.819927117Z"}
2026-08-15T12:22:27.970938151Z {"message":"[GetQuote] received request","severity":"info","timestamp":"2026-08-15T12:22:27.963854828Z"}
2026-08-15T12:22:27.971015363Z {"message":"[GetQuote] completed request","severity":"info","timestamp":"2026-08-15T12:22:27.963968647Z"}
2026-08-15T12:22:28.818491329Z {"message":"[GetQuote] received request","severity":"info","timestamp":"2026-08-15T12:22:28.817516574Z"}
2026-08-15T12:22:28.818596346Z {"message":"[GetQuote] completed request","severity":"info","timestamp":"2026-08-15T12:22:28.817698703Z"}
2026-08-15T12:22:29.238909696Z {"message":"[GetQuote] received request","severity":"info","timestamp":"2026-08-15T12:22:29.237835625Z"}
2026-08-15T12:22:29.238989908Z {"message":"[GetQuote] completed request","severity":"info","timestamp":"2026-08-15T12:22:29.238049959Z"}
2026-08-15T12:22:29.618015891Z {"message":"[GetQuote] received request","severity":"info","timestamp":"2026-08-15T12:22:29.617264572Z"}
2026-08-15T12:22:29.618091503Z {"message":"[GetQuote] completed request","severity":"info","timestamp":"2026-08-15T12:22:29.6174426Z"}
2026-08-15T12:22:31.260165470Z {"message":"[GetQuote] received request","severity":"info","timestamp":"2026-08-15T12:22:31.259166311Z"}
2026-08-15T12:22:31.260249483Z {"message":"[GetQuote] completed request","severity":"info","timestamp":"2026-08-15T12:22:31.259343539Z"}
2026-08-15T12:22:31.662435550Z {"message":"[GetQuote] received request","severity":"info","timestamp":"2026-08-15T12:22:31.661661027Z"}
2026-08-15T12:22:31.662516063Z {"message":"[GetQuote] completed request","severity":"info","timestamp":"2026-08-15T12:22:31.661853957Z"}
2026-08-15T12:22:33.008419324Z {"message":"[GetQuote] received request","severity":"info","timestamp":"2026-08-15T12:22:33.008232695Z"}
2026-08-15T12:22:33.008444128Z {"message":"[GetQuote] completed request","severity":"info","timestamp":"2026-08-15T12:22:33.008274701Z"}
2026-08-15T12:22:36.501704820Z {"message":"[GetQuote] received request","severity":"info","timestamp":"2026-08-15T12:22:36.500545536Z"}
2026-08-15T12:22:36.501792134Z {"message":"[GetQuote] completed request","severity":"info","timestamp":"2026-08-15T12:22:36.50069706Z"}
2026-08-15T12:22:37.691647314Z {"message":"[GetQuote] received request","severity":"info","timestamp":"2026-08-15T12:22:37.690998718Z"}
2026-08-15T12:22:37.691716924Z {"message":"[GetQuote] completed request","severity":"info","timestamp":"2026-08-15T12:22:37.691132937Z"}
2026-08-15T12:22:39.818310539Z {"message":"[GetQuote] received request","severity":"info","timestamp":"2026-08-15T12:22:39.817418207Z"}
2026-08-15T12:22:39.818392651Z {"message":"[GetQuote] completed request","severity":"info","timestamp":"2026-08-15T12:22:39.817589432Z"}
2026-08-15T12:22:40.406913547Z {"message":"[GetQuote] received request","severity":"info","timestamp":"2026-08-15T12:22:40.406449078Z"}
2026-08-15T12:22:40.406996059Z {"message":"[GetQuote] completed request","severity":"info","timestamp":"2026-08-15T12:22:40.406594199Z"}
2026-08-15T12:22:41.083593289Z {"message":"[GetQuote] received request","severity":"info","timestamp":"2026-08-15T12:22:41.08292449Z"}
2026-08-15T12:22:41.083679702Z {"message":"[GetQuote] completed request","severity":"info","timestamp":"2026-08-15T12:22:41.083138021Z"}
2026-08-15T12:22:41.719848948Z {"message":"[GetQuote] received request","severity":"info","timestamp":"2026-08-15T12:22:41.719414184Z"}
2026-08-15T12:22:41.719903757Z {"message":"[GetQuote] completed request","severity":"info","timestamp":"2026-08-15T12:22:41.719499997Z"}
2026-08-15T12:22:43.025294753Z {"message":"[GetQuote] received request","severity":"info","timestamp":"2026-08-15T12:22:43.024607451Z"}
2026-08-15T12:22:43.025344960Z {"message":"[GetQuote] completed request","severity":"info","timestamp":"2026-08-15T12:22:43.024725868Z"}
2026-08-15T12:22:43.511695135Z {"message":"[GetQuote] received request","severity":"info","timestamp":"2026-08-15T12:22:43.51064518Z"}
2026-08-15T12:22:43.511770046Z {"message":"[GetQuote] completed request","severity":"info","timestamp":"2026-08-15T12:22:43.510909919Z"}
2026-08-15T12:22:44.554922323Z {"message":"[GetQuote] received request","severity":"info","timestamp":"2026-08-15T12:22:44.554612877Z"}
2026-08-15T12:22:44.554954327Z {"message":"[GetQuote] completed request","severity":"info","timestamp":"2026-08-15T12:22:44.554658484Z"}
2026-08-15T12:22:46.955564932Z {"message":"[GetQuote] received request","severity":"info","timestamp":"2026-08-15T12:22:46.954614994Z"}
2026-08-15T12:22:46.955645944Z {"message":"[GetQuote] completed request","severity":"info","timestamp":"2026-08-15T12:22:46.954752814Z"}
2026-08-15T12:22:49.314417908Z {"message":"[GetQuote] received request","severity":"info","timestamp":"2026-08-15T12:22:49.313852625Z"}
2026-08-15T12:22:49.314494219Z {"message":"[GetQuote] completed request","severity":"info","timestamp":"2026-08-15T12:22:49.314009948Z"}
2026-08-15T12:22:50.223921473Z {"message":"[GetQuote] received request","severity":"info","timestamp":"2026-08-15T12:22:50.22355722Z"}
2026-08-15T12:22:50.223959378Z {"message":"[GetQuote] completed request","severity":"info","timestamp":"2026-08-15T12:22:50.223631831Z"}
2026-08-15T12:22:52.012274132Z {"message":"[GetQuote] received request","severity":"info","timestamp":"2026-08-15T12:22:52.011332194Z"}
2026-08-15T12:22:52.012345942Z {"message":"[GetQuote] completed request","severity":"info","timestamp":"2026-08-15T12:22:52.011420307Z"}
2026-08-15T12:22:52.224246151Z {"message":"[GetQuote] received request","severity":"info","timestamp":"2026-08-15T12:22:52.223302114Z"}
2026-08-15T12:22:52.224325963Z {"message":"[GetQuote] completed request","severity":"info","timestamp":"2026-08-15T12:22:52.223441634Z"}
2026-08-15T12:22:54.144356735Z {"message":"[GetQuote] received request","severity":"info","timestamp":"2026-08-15T12:22:54.144083895Z"}
2026-08-15T12:22:54.144384740Z {"message":"[GetQuote] completed request","severity":"info","timestamp":"2026-08-15T12:22:54.144120701Z"}
2026-08-15T12:22:54.276624320Z {"message":"[GetQuote] received request","severity":"info","timestamp":"2026-08-15T12:22:54.276310673Z"}
2026-08-15T12:22:54.276659425Z {"message":"[GetQuote] completed request","severity":"info","timestamp":"2026-08-15T12:22:54.276377383Z"}
2026-08-15T12:22:54.354445943Z {"message":"[GetQuote] received request","severity":"info","timestamp":"2026-08-15T12:22:54.354191405Z"}
2026-08-15T12:22:54.354474347Z {"message":"[GetQuote] completed request","severity":"info","timestamp":"2026-08-15T12:22:54.354233311Z"}
2026-08-15T12:22:55.639380397Z {"message":"[GetQuote] received request","severity":"info","timestamp":"2026-08-15T12:22:55.638774508Z"}
2026-08-15T12:22:55.639453908Z {"message":"[GetQuote] completed request","severity":"info","timestamp":"2026-08-15T12:22:55.638933331Z"}
2026-08-15T12:22:59.072123069Z {"message":"[GetQuote] received request","severity":"info","timestamp":"2026-08-15T12:22:59.070902389Z"}
2026-08-15T12:22:59.072430615Z {"message":"[GetQuote] completed request","severity":"info","timestamp":"2026-08-15T12:22:59.071071814Z"}
2026-08-15T12:22:59.975920391Z {"message":"[GetQuote] received request","severity":"info","timestamp":"2026-08-15T12:22:59.975183682Z"}
2026-08-15T12:22:59.975970198Z {"message":"[GetQuote] completed request","severity":"info","timestamp":"2026-08-15T12:22:59.975314001Z"}
2026-08-15T12:23:04.331515256Z {"message":"[GetQuote] received request","severity":"info","timestamp":"2026-08-15T12:23:04.331218512Z"}
2026-08-15T12:23:04.331547661Z {"message":"[GetQuote] completed request","severity":"info","timestamp":"2026-08-15T12:23:04.331264619Z"}
2026-08-15T12:23:04.958467060Z {"message":"[GetQuote] received request","severity":"info","timestamp":"2026-08-15T12:23:04.957469212Z"}
2026-08-15T12:23:04.958550072Z {"message":"[GetQuote] completed request","severity":"info","timestamp":"2026-08-15T12:23:04.957705647Z"}
2026-08-15T12:23:05.659398114Z {"message":"[GetQuote] received request","severity":"info","timestamp":"2026-08-15T12:23:05.658475978Z"}
2026-08-15T12:23:05.659465124Z {"message":"[GetQuote] completed request","severity":"info","timestamp":"2026-08-15T12:23:05.658644003Z"}
2026-08-15T12:23:05.816756307Z {"message":"[GetQuote] received request","severity":"info","timestamp":"2026-08-15T12:23:05.815813767Z"}
2026-08-15T12:23:05.816835319Z {"message":"[GetQuote] completed request","severity":"info","timestamp":"2026-08-15T12:23:05.816003395Z"}
2026-08-15T12:23:06.723282094Z {"message":"[GetQuote] received request","severity":"info","timestamp":"2026-08-15T12:23:06.720585595Z"}
2026-08-15T12:23:06.723358405Z {"message":"[GetQuote] completed request","severity":"info","timestamp":"2026-08-15T12:23:06.720662606Z"}
2026-08-15T12:23:06.776570882Z {"message":"[GetQuote] received request","severity":"info","timestamp":"2026-08-15T12:23:06.775497723Z"}
2026-08-15T12:23:06.776648294Z {"message":"[GetQuote] completed request","severity":"info","timestamp":"2026-08-15T12:23:06.775670849Z"}
2026-08-15T12:23:06.789026726Z {"message":"[ShipOrder] received request","severity":"info","timestamp":"2026-08-15T12:23:06.788023677Z"}
2026-08-15T12:23:06.789093536Z {"message":"[ShipOrder] completed request","severity":"info","timestamp":"2026-08-15T12:23:06.788287416Z"}
2026-08-15T12:23:07.680498385Z {"message":"[GetQuote] received request","severity":"info","timestamp":"2026-08-15T12:23:07.679608753Z"}
2026-08-15T12:23:07.680577396Z {"message":"[GetQuote] completed request","severity":"info","timestamp":"2026-08-15T12:23:07.679844588Z"}
2026-08-15T12:23:09.112546889Z {"message":"[GetQuote] received request","severity":"info","timestamp":"2026-08-15T12:23:09.112007514Z"}
2026-08-15T12:23:09.112585195Z {"message":"[GetQuote] completed request","severity":"info","timestamp":"2026-08-15T12:23:09.112099727Z"}
2026-08-15T12:23:09.565459097Z {"message":"[GetQuote] received request","severity":"info","timestamp":"2026-08-15T12:23:09.563999392Z"}
2026-08-15T12:23:09.565532307Z {"message":"[GetQuote] completed request","severity":"info","timestamp":"2026-08-15T12:23:09.564205521Z"}
2026-08-15T12:23:10.253784014Z {"message":"[GetQuote] received request","severity":"info","timestamp":"2026-08-15T12:23:10.253347353Z"}
2026-08-15T12:23:10.253839722Z {"message":"[GetQuote] completed request","severity":"info","timestamp":"2026-08-15T12:23:10.253448767Z"}
2026-08-15T12:23:12.407414835Z {"message":"[GetQuote] received request","severity":"info","timestamp":"2026-08-15T12:23:12.407156198Z"}
2026-08-15T12:23:12.407463842Z {"message":"[GetQuote] completed request","severity":"info","timestamp":"2026-08-15T12:23:12.407208606Z"}
2026-08-15T12:23:12.635396602Z {"message":"[GetQuote] received request","severity":"info","timestamp":"2026-08-15T12:23:12.634268444Z"}
2026-08-15T12:23:12.635483515Z {"message":"[GetQuote] completed request","severity":"info","timestamp":"2026-08-15T12:23:12.63445347Z"}
2026-08-15T12:23:14.008059778Z {"message":"[GetQuote] received request","severity":"info","timestamp":"2026-08-15T12:23:14.007745334Z"}
2026-08-15T12:23:14.008109585Z {"message":"[GetQuote] completed request","severity":"info","timestamp":"2026-08-15T12:23:14.007826645Z"}
2026-08-15T12:23:17.879796484Z {"message":"[GetQuote] received request","severity":"info","timestamp":"2026-08-15T12:23:17.879035874Z"}
2026-08-15T12:23:17.879868395Z {"message":"[GetQuote] completed request","severity":"info","timestamp":"2026-08-15T12:23:17.879175095Z"}
2026-08-15T12:23:19.077903391Z {"message":"[GetQuote] received request","severity":"info","timestamp":"2026-08-15T12:23:19.077437023Z"}
2026-08-15T12:23:19.077952098Z {"message":"[GetQuote] completed request","severity":"info","timestamp":"2026-08-15T12:23:19.077533637Z"}
2026-08-15T12:23:19.851747569Z {"message":"[GetQuote] received request","severity":"info","timestamp":"2026-08-15T12:23:19.850733523Z"}
2026-08-15T12:23:19.851833782Z {"message":"[GetQuote] completed request","severity":"info","timestamp":"2026-08-15T12:23:19.851095775Z"}
2026-08-15T12:23:23.163154859Z {"message":"[GetQuote] received request","severity":"info","timestamp":"2026-08-15T12:23:23.162736999Z"}
2026-08-15T12:23:23.163197966Z {"message":"[GetQuote] completed request","severity":"info","timestamp":"2026-08-15T12:23:23.162844015Z"}
2026-08-15T12:23:24.272039090Z {"message":"[GetQuote] received request","severity":"info","timestamp":"2026-08-15T12:23:24.271362292Z"}
2026-08-15T12:23:24.272104799Z {"message":"[GetQuote] completed request","severity":"info","timestamp":"2026-08-15T12:23:24.271477108Z"}
2026-08-15T12:23:25.251739013Z {"message":"[GetQuote] received request","severity":"info","timestamp":"2026-08-15T12:23:25.250864485Z"}
2026-08-15T12:23:25.251802622Z {"message":"[GetQuote] completed request","severity":"info","timestamp":"2026-08-15T12:23:25.250981502Z"}
2026-08-15T12:23:26.093305788Z {"message":"[GetQuote] received request","severity":"info","timestamp":"2026-08-15T12:23:26.093015446Z"}
2026-08-15T12:23:26.093337593Z {"message":"[GetQuote] completed request","severity":"info","timestamp":"2026-08-15T12:23:26.09304435Z"}
2026-08-15T12:23:26.558932950Z {"message":"[GetQuote] received request","severity":"info","timestamp":"2026-08-15T12:23:26.558314159Z"}
2026-08-15T12:23:26.558996959Z {"message":"[GetQuote] completed request","severity":"info","timestamp":"2026-08-15T12:23:26.558440578Z"}
2026-08-15T12:23:27.751229943Z {"message":"[GetQuote] received request","severity":"info","timestamp":"2026-08-15T12:23:27.750812382Z"}
2026-08-15T12:23:27.751264748Z {"message":"[GetQuote] completed request","severity":"info","timestamp":"2026-08-15T12:23:27.750887993Z"}
2026-08-15T12:23:30.029010271Z {"message":"[GetQuote] received request","severity":"info","timestamp":"2026-08-15T12:23:30.026783244Z"}
2026-08-15T12:23:30.030680716Z {"message":"[GetQuote] completed request","severity":"info","timestamp":"2026-08-15T12:23:30.026916264Z"}
2026-08-15T12:23:30.054395492Z {"message":"[GetQuote] received request","severity":"info","timestamp":"2026-08-15T12:23:30.054061643Z"}
2026-08-15T12:23:30.054423196Z {"message":"[GetQuote] completed request","severity":"info","timestamp":"2026-08-15T12:23:30.054126653Z"}
2026-08-15T12:23:31.051694598Z {"message":"[GetQuote] received request","severity":"info","timestamp":"2026-08-15T12:23:31.051001497Z"}
2026-08-15T12:23:31.051825117Z {"message":"[GetQuote] completed request","severity":"info","timestamp":"2026-08-15T12:23:31.051175222Z"}
2026-08-15T12:23:31.312035165Z {"message":"[GetQuote] received request","severity":"info","timestamp":"2026-08-15T12:23:31.311669811Z"}
2026-08-15T12:23:31.312084272Z {"message":"[GetQuote] completed request","severity":"info","timestamp":"2026-08-15T12:23:31.311773426Z"}
2026-08-15T12:23:31.362620181Z {"message":"[GetQuote] received request","severity":"info","timestamp":"2026-08-15T12:23:31.36227223Z"}
2026-08-15T12:23:31.362650685Z {"message":"[GetQuote] completed request","severity":"info","timestamp":"2026-08-15T12:23:31.362322137Z"}
2026-08-15T12:23:31.368560652Z {"message":"[ShipOrder] received request","severity":"info","timestamp":"2026-08-15T12:23:31.368162493Z"}
2026-08-15T12:23:31.368590856Z {"message":"[ShipOrder] completed request","severity":"info","timestamp":"2026-08-15T12:23:31.368233004Z"}
2026-08-15T12:23:33.583491976Z {"message":"[GetQuote] received request","severity":"info","timestamp":"2026-08-15T12:23:33.58303761Z"}
2026-08-15T12:23:33.583528181Z {"message":"[GetQuote] completed request","severity":"info","timestamp":"2026-08-15T12:23:33.583128823Z"}
2026-08-15T12:23:34.412393710Z {"message":"[GetQuote] received request","severity":"info","timestamp":"2026-08-15T12:23:34.41191334Z"}
2026-08-15T12:23:34.412438317Z {"message":"[GetQuote] completed request","severity":"info","timestamp":"2026-08-15T12:23:34.412009654Z"}
2026-08-15T12:23:34.636961520Z {"message":"[GetQuote] received request","severity":"info","timestamp":"2026-08-15T12:23:34.636177506Z"}
2026-08-15T12:23:34.637020328Z {"message":"[GetQuote] completed request","severity":"info","timestamp":"2026-08-15T12:23:34.636322727Z"}
2026-08-15T12:23:34.683528202Z {"message":"[ShipOrder] received request","severity":"info","timestamp":"2026-08-15T12:23:34.682609369Z"}
2026-08-15T12:23:34.683596112Z {"message":"[ShipOrder] completed request","severity":"info","timestamp":"2026-08-15T12:23:34.682771092Z"}
2026-08-15T12:23:38.132909723Z {"message":"[GetQuote] received request","severity":"info","timestamp":"2026-08-15T12:23:38.132640384Z"}
2026-08-15T12:23:38.132946029Z {"message":"[GetQuote] completed request","severity":"info","timestamp":"2026-08-15T12:23:38.132696392Z"}
2026-08-15T12:23:38.227730034Z {"message":"[GetQuote] received request","severity":"info","timestamp":"2026-08-15T12:23:38.227567211Z"}
2026-08-15T12:23:38.227749837Z {"message":"[GetQuote] completed request","severity":"info","timestamp":"2026-08-15T12:23:38.227614017Z"}
2026-08-15T12:23:38.230216196Z {"message":"[ShipOrder] received request","severity":"info","timestamp":"2026-08-15T12:23:38.230053873Z"}
2026-08-15T12:23:38.230228198Z {"message":"[ShipOrder] completed request","severity":"info","timestamp":"2026-08-15T12:23:38.230097279Z"}
2026-08-15T12:23:38.604290782Z {"message":"[GetQuote] received request","severity":"info","timestamp":"2026-08-15T12:23:38.603635987Z"}
2026-08-15T12:23:38.604347391Z {"message":"[GetQuote] completed request","severity":"info","timestamp":"2026-08-15T12:23:38.603763606Z"}
2026-08-15T12:23:41.569065064Z {"message":"[GetQuote] received request","severity":"info","timestamp":"2026-08-15T12:23:41.568616503Z"}
2026-08-15T12:23:41.569125072Z {"message":"[GetQuote] completed request","severity":"info","timestamp":"2026-08-15T12:23:41.568774625Z"}
2026-08-15T12:23:43.857235207Z {"message":"[GetQuote] received request","severity":"info","timestamp":"2026-08-15T12:23:43.856475704Z"}
2026-08-15T12:23:43.857310917Z {"message":"[GetQuote] completed request","severity":"info","timestamp":"2026-08-15T12:23:43.85667143Z"}
2026-08-15T12:23:45.348344512Z {"message":"[GetQuote] received request","severity":"info","timestamp":"2026-08-15T12:23:45.348142985Z"}
2026-08-15T12:23:45.348394419Z {"message":"[GetQuote] completed request","severity":"info","timestamp":"2026-08-15T12:23:45.348183591Z"}
2026-08-15T12:23:48.678277809Z {"message":"[GetQuote] received request","severity":"info","timestamp":"2026-08-15T12:23:48.67762952Z"}
2026-08-15T12:23:48.678336117Z {"message":"[GetQuote] completed request","severity":"info","timestamp":"2026-08-15T12:23:48.677741336Z"}
2026-08-15T12:23:48.973955557Z {"message":"[GetQuote] received request","severity":"info","timestamp":"2026-08-15T12:23:48.973294155Z"}
2026-08-15T12:23:48.974010565Z {"message":"[GetQuote] completed request","severity":"info","timestamp":"2026-08-15T12:23:48.97339417Z"}
2026-08-15T12:23:49.029658627Z {"message":"[ShipOrder] received request","severity":"info","timestamp":"2026-08-15T12:23:49.029071637Z"}
2026-08-15T12:23:49.030656781Z {"message":"[ShipOrder] completed request","severity":"info","timestamp":"2026-08-15T12:23:49.029853758Z"}
2026-08-15T12:23:49.248423788Z {"message":"[GetQuote] received request","severity":"info","timestamp":"2026-08-15T12:23:49.247676273Z"}
2026-08-15T12:23:49.248498299Z {"message":"[GetQuote] completed request","severity":"info","timestamp":"2026-08-15T12:23:49.247881404Z"}
2026-08-15T12:23:49.405002280Z {"message":"[GetQuote] received request","severity":"info","timestamp":"2026-08-15T12:23:49.404249064Z"}
2026-08-15T12:23:49.405077891Z {"message":"[GetQuote] completed request","severity":"info","timestamp":"2026-08-15T12:23:49.404343078Z"}
2026-08-15T12:23:50.157447154Z {"message":"[GetQuote] received request","severity":"info","timestamp":"2026-08-15T12:23:50.156685437Z"}
2026-08-15T12:23:50.157510264Z {"message":"[GetQuote] completed request","severity":"info","timestamp":"2026-08-15T12:23:50.156818858Z"}
2026-08-15T12:23:50.726877469Z {"message":"[GetQuote] received request","severity":"info","timestamp":"2026-08-15T12:23:50.725987332Z"}
2026-08-15T12:23:50.726956282Z {"message":"[GetQuote] completed request","severity":"info","timestamp":"2026-08-15T12:23:50.72616326Z"}
2026-08-15T12:23:51.876207111Z {"message":"[GetQuote] received request","severity":"info","timestamp":"2026-08-15T12:23:51.875475198Z"}
2026-08-15T12:23:51.876277321Z {"message":"[GetQuote] completed request","severity":"info","timestamp":"2026-08-15T12:23:51.875568112Z"}
2026-08-15T12:23:52.836537071Z {"message":"[GetQuote] received request","severity":"info","timestamp":"2026-08-15T12:23:52.835731948Z"}
2026-08-15T12:23:52.836609083Z {"message":"[GetQuote] completed request","severity":"info","timestamp":"2026-08-15T12:23:52.835908575Z"}
2026-08-15T12:23:53.282256152Z {"message":"[GetQuote] received request","severity":"info","timestamp":"2026-08-15T12:23:53.281389519Z"}
2026-08-15T12:23:53.282326763Z {"message":"[GetQuote] completed request","severity":"info","timestamp":"2026-08-15T12:23:53.281561745Z"}
2026-08-15T12:23:55.350156129Z {"message":"[GetQuote] received request","severity":"info","timestamp":"2026-08-15T12:23:55.349398412Z"}
2026-08-15T12:23:55.350183033Z {"message":"[GetQuote] completed request","severity":"info","timestamp":"2026-08-15T12:23:55.349429717Z"}
2026-08-15T12:23:55.357749897Z {"message":"[GetQuote] received request","severity":"info","timestamp":"2026-08-15T12:23:55.35757747Z"}
2026-08-15T12:23:55.357765899Z {"message":"[GetQuote] completed request","severity":"info","timestamp":"2026-08-15T12:23:55.357616877Z"}
2026-08-15T12:23:55.360310691Z {"message":"[ShipOrder] received request","severity":"info","timestamp":"2026-08-15T12:23:55.360143165Z"}
2026-08-15T12:23:55.360320693Z {"message":"[ShipOrder] completed request","severity":"info","timestamp":"2026-08-15T12:23:55.360187172Z"}
2026-08-15T12:23:57.430857823Z {"message":"[GetQuote] received request","severity":"info","timestamp":"2026-08-15T12:23:57.43026732Z"}
2026-08-15T12:23:57.430941538Z {"message":"[GetQuote] completed request","severity":"info","timestamp":"2026-08-15T12:23:57.430369738Z"}
2026-08-15T12:23:57.618464946Z {"message":"[GetQuote] received request","severity":"info","timestamp":"2026-08-15T12:23:57.617931153Z"}
2026-08-15T12:23:57.618499452Z {"message":"[GetQuote] completed request","severity":"info","timestamp":"2026-08-15T12:23:57.61802807Z"}
2026-08-15T12:23:57.736636259Z {"message":"[GetQuote] received request","severity":"info","timestamp":"2026-08-15T12:23:57.736085062Z"}
2026-08-15T12:23:57.736679566Z {"message":"[GetQuote] completed request","severity":"info","timestamp":"2026-08-15T12:23:57.73618398Z"}
2026-08-15T12:23:57.743545064Z {"message":"[ShipOrder] received request","severity":"info","timestamp":"2026-08-15T12:23:57.74306848Z"}
2026-08-15T12:23:57.743581470Z {"message":"[ShipOrder] completed request","severity":"info","timestamp":"2026-08-15T12:23:57.7431791Z"}
2026-08-15T12:23:57.805300335Z {"message":"[GetQuote] received request","severity":"info","timestamp":"2026-08-15T12:23:57.804728736Z"}
2026-08-15T12:23:57.805350144Z {"message":"[GetQuote] completed request","severity":"info","timestamp":"2026-08-15T12:23:57.804841455Z"}
2026-08-15T12:23:58.306280419Z {"message":"[GetQuote] received request","severity":"info","timestamp":"2026-08-15T12:23:58.306042677Z"}
2026-08-15T12:23:58.306309724Z {"message":"[GetQuote] completed request","severity":"info","timestamp":"2026-08-15T12:23:58.306090186Z"}
2026-08-15T12:23:59.049730795Z {"message":"[GetQuote] received request","severity":"info","timestamp":"2026-08-15T12:23:59.049489253Z"}
2026-08-15T12:23:59.049765001Z {"message":"[GetQuote] completed request","severity":"info","timestamp":"2026-08-15T12:23:59.049541062Z"}
2026-08-15T12:23:59.246520321Z {"message":"[GetQuote] received request","severity":"info","timestamp":"2026-08-15T12:23:59.246067242Z"}
2026-08-15T12:23:59.246585332Z {"message":"[GetQuote] completed request","severity":"info","timestamp":"2026-08-15T12:23:59.246149556Z"}
2026-08-15T12:24:01.651758355Z {"message":"[GetQuote] received request","severity":"info","timestamp":"2026-08-15T12:24:01.65110004Z"}
2026-08-15T12:24:01.651813765Z {"message":"[GetQuote] completed request","severity":"info","timestamp":"2026-08-15T12:24:01.651247466Z"}
2026-08-15T12:24:02.232661379Z {"message":"[GetQuote] received request","severity":"info","timestamp":"2026-08-15T12:24:02.232398633Z"}
2026-08-15T12:24:02.232705087Z {"message":"[GetQuote] completed request","severity":"info","timestamp":"2026-08-15T12:24:02.23243934Z"}
2026-08-15T12:24:02.488038923Z {"message":"[GetQuote] received request","severity":"info","timestamp":"2026-08-15T12:24:02.487758275Z"}
2026-08-15T12:24:02.488072029Z {"message":"[GetQuote] completed request","severity":"info","timestamp":"2026-08-15T12:24:02.487807883Z"}
2026-08-15T12:24:02.666941029Z {"message":"[GetQuote] received request","severity":"info","timestamp":"2026-08-15T12:24:02.666760897Z"}
2026-08-15T12:24:02.666964933Z {"message":"[GetQuote] completed request","severity":"info","timestamp":"2026-08-15T12:24:02.666803004Z"}
2026-08-15T12:24:03.527356807Z {"message":"[GetQuote] received request","severity":"info","timestamp":"2026-08-15T12:24:03.526927532Z"}
2026-08-15T12:24:03.527393213Z {"message":"[GetQuote] completed request","severity":"info","timestamp":"2026-08-15T12:24:03.527022549Z"}
2026-08-15T12:24:04.385735830Z {"message":"[GetQuote] received request","severity":"info","timestamp":"2026-08-15T12:24:04.385304855Z"}
2026-08-15T12:24:04.385786539Z {"message":"[GetQuote] completed request","severity":"info","timestamp":"2026-08-15T12:24:04.385410173Z"}
2026-08-15T12:24:06.648484368Z {"message":"[GetQuote] received request","severity":"info","timestamp":"2026-08-15T12:24:06.646465756Z"}
2026-08-15T12:24:06.648608488Z {"message":"[GetQuote] completed request","severity":"info","timestamp":"2026-08-15T12:24:06.646600577Z"}
2026-08-15T12:24:10.281254729Z {"message":"[GetQuote] received request","severity":"info","timestamp":"2026-08-15T12:24:10.28094098Z"}
2026-08-15T12:24:10.281297935Z {"message":"[GetQuote] completed request","severity":"info","timestamp":"2026-08-15T12:24:10.281022693Z"}
2026-08-15T12:24:11.408861340Z {"message":"[GetQuote] received request","severity":"info","timestamp":"2026-08-15T12:24:11.40847868Z"}
2026-08-15T12:24:11.408900446Z {"message":"[GetQuote] completed request","severity":"info","timestamp":"2026-08-15T12:24:11.408569594Z"}
2026-08-15T12:24:14.230089025Z {"message":"[GetQuote] received request","severity":"info","timestamp":"2026-08-15T12:24:14.22950774Z"}
2026-08-15T12:24:14.230158135Z {"message":"[GetQuote] completed request","severity":"info","timestamp":"2026-08-15T12:24:14.229638859Z"}
2026-08-15T12:24:14.552137008Z {"message":"[GetQuote] received request","severity":"info","timestamp":"2026-08-15T12:24:14.551577626Z"}
2026-08-15T12:24:14.552202317Z {"message":"[GetQuote] completed request","severity":"info","timestamp":"2026-08-15T12:24:14.551657037Z"}
2026-08-15T12:24:14.666069135Z {"message":"[GetQuote] received request","severity":"info","timestamp":"2026-08-15T12:24:14.665618269Z"}
2026-08-15T12:24:14.666120343Z {"message":"[GetQuote] completed request","severity":"info","timestamp":"2026-08-15T12:24:14.665722384Z"}
2026-08-15T12:24:14.673981197Z {"message":"[ShipOrder] received request","severity":"info","timestamp":"2026-08-15T12:24:14.673541132Z"}
2026-08-15T12:24:14.674024603Z {"message":"[ShipOrder] completed request","severity":"info","timestamp":"2026-08-15T12:24:14.67366315Z"}
2026-08-15T12:24:14.900205411Z {"message":"[GetQuote] received request","severity":"info","timestamp":"2026-08-15T12:24:14.899787249Z"}
2026-08-15T12:24:14.900243616Z {"message":"[GetQuote] completed request","severity":"info","timestamp":"2026-08-15T12:24:14.899866761Z"}
2026-08-15T12:24:15.027437291Z {"message":"[GetQuote] received request","severity":"info","timestamp":"2026-08-15T12:24:15.026785995Z"}
2026-08-15T12:24:15.027488698Z {"message":"[GetQuote] completed request","severity":"info","timestamp":"2026-08-15T12:24:15.026897411Z"}
2026-08-15T12:24:15.034624646Z {"message":"[ShipOrder] received request","severity":"info","timestamp":"2026-08-15T12:24:15.034226087Z"}
2026-08-15T12:24:15.034663352Z {"message":"[ShipOrder] completed request","severity":"info","timestamp":"2026-08-15T12:24:15.034289597Z"}
2026-08-15T12:24:15.144037810Z {"message":"[GetQuote] received request","severity":"info","timestamp":"2026-08-15T12:24:15.143806576Z"}
2026-08-15T12:24:15.144085317Z {"message":"[GetQuote] completed request","severity":"info","timestamp":"2026-08-15T12:24:15.143858783Z"}
2026-08-15T12:24:15.217254859Z {"message":"[GetQuote] received request","severity":"info","timestamp":"2026-08-15T12:24:15.2168529Z"}
2026-08-15T12:24:15.217277763Z {"message":"[GetQuote] completed request","severity":"info","timestamp":"2026-08-15T12:24:15.216898707Z"}
2026-08-15T12:24:15.227610280Z {"message":"[ShipOrder] received request","severity":"info","timestamp":"2026-08-15T12:24:15.227094404Z"}
2026-08-15T12:24:15.227629683Z {"message":"[ShipOrder] completed request","severity":"info","timestamp":"2026-08-15T12:24:15.22713661Z"}
2026-08-15T12:24:18.059302325Z {"message":"[GetQuote] received request","severity":"info","timestamp":"2026-08-15T12:24:18.058754244Z"}
2026-08-15T12:24:18.059380736Z {"message":"[GetQuote] completed request","severity":"info","timestamp":"2026-08-15T12:24:18.058869161Z"}
2026-08-15T12:24:20.130684742Z {"message":"[GetQuote] received request","severity":"info","timestamp":"2026-08-15T12:24:20.129874023Z"}
2026-08-15T12:24:20.131866315Z {"message":"[GetQuote] completed request","severity":"info","timestamp":"2026-08-15T12:24:20.130033746Z"}
2026-08-15T12:24:20.300958541Z {"message":"[GetQuote] received request","severity":"info","timestamp":"2026-08-15T12:24:20.299960795Z"}
2026-08-15T12:24:20.301041253Z {"message":"[GetQuote] completed request","severity":"info","timestamp":"2026-08-15T12:24:20.300126319Z"}
2026-08-15T12:24:20.337044439Z {"message":"[GetQuote] received request","severity":"info","timestamp":"2026-08-15T12:24:20.336198815Z"}
2026-08-15T12:24:20.337116050Z {"message":"[GetQuote] completed request","severity":"info","timestamp":"2026-08-15T12:24:20.336356838Z"}
2026-08-15T12:24:20.351695490Z {"message":"[ShipOrder] received request","severity":"info","timestamp":"2026-08-15T12:24:20.350290884Z"}
2026-08-15T12:24:20.351747798Z {"message":"[ShipOrder] completed request","severity":"info","timestamp":"2026-08-15T12:24:20.350493714Z"}
2026-08-15T12:24:24.847980466Z {"message":"[GetQuote] received request","severity":"info","timestamp":"2026-08-15T12:24:24.847129405Z"}
2026-08-15T12:24:24.848040877Z {"message":"[GetQuote] completed request","severity":"info","timestamp":"2026-08-15T12:24:24.847302937Z"}
2026-08-15T12:24:25.523993828Z {"message":"[GetQuote] received request","severity":"info","timestamp":"2026-08-15T12:24:25.523184575Z"}
2026-08-15T12:24:25.524063842Z {"message":"[GetQuote] completed request","severity":"info","timestamp":"2026-08-15T12:24:25.5233177Z"}
2026-08-15T12:24:26.145691209Z {"message":"[GetQuote] received request","severity":"info","timestamp":"2026-08-15T12:24:26.145523078Z"}
2026-08-15T12:24:26.145711613Z {"message":"[GetQuote] completed request","severity":"info","timestamp":"2026-08-15T12:24:26.145555584Z"}
2026-08-15T12:24:27.855857327Z {"message":"[GetQuote] received request","severity":"info","timestamp":"2026-08-15T12:24:27.853165017Z"}
2026-08-15T12:24:27.855922839Z {"message":"[GetQuote] completed request","severity":"info","timestamp":"2026-08-15T12:24:27.853267237Z"}
2026-08-15T12:24:28.300043607Z {"message":"[GetQuote] received request","severity":"info","timestamp":"2026-08-15T12:24:28.299526909Z"}
2026-08-15T12:24:28.300098017Z {"message":"[GetQuote] completed request","severity":"info","timestamp":"2026-08-15T12:24:28.299630229Z"}
2026-08-15T12:24:28.397777707Z {"message":"[GetQuote] received request","severity":"info","timestamp":"2026-08-15T12:24:28.397416039Z"}
2026-08-15T12:24:28.397809213Z {"message":"[GetQuote] completed request","severity":"info","timestamp":"2026-08-15T12:24:28.397486552Z"}
2026-08-15T12:24:31.245358561Z {"message":"[GetQuote] received request","severity":"info","timestamp":"2026-08-15T12:24:31.244717858Z"}
2026-08-15T12:24:31.245444774Z {"message":"[GetQuote] completed request","severity":"info","timestamp":"2026-08-15T12:24:31.244809272Z"}
2026-08-15T12:24:31.248718101Z {"message":"[GetQuote] received request","severity":"info","timestamp":"2026-08-15T12:24:31.248050793Z"}
2026-08-15T12:24:31.248812616Z {"message":"[GetQuote] completed request","severity":"info","timestamp":"2026-08-15T12:24:31.248259127Z"}
2026-08-15T12:24:32.312801827Z {"message":"[GetQuote] received request","severity":"info","timestamp":"2026-08-15T12:24:32.312607095Z"}
2026-08-15T12:24:32.312827831Z {"message":"[GetQuote] completed request","severity":"info","timestamp":"2026-08-15T12:24:32.312649702Z"}
2026-08-15T12:24:35.042518563Z {"message":"[GetQuote] received request","severity":"info","timestamp":"2026-08-15T12:24:35.042092295Z"}
2026-08-15T12:24:35.042674889Z {"message":"[GetQuote] completed request","severity":"info","timestamp":"2026-08-15T12:24:35.042160006Z"}
2026-08-15T12:24:37.069067121Z {"message":"[GetQuote] received request","severity":"info","timestamp":"2026-08-15T12:24:37.067768531Z"}
2026-08-15T12:24:37.069150933Z {"message":"[GetQuote] completed request","severity":"info","timestamp":"2026-08-15T12:24:37.067998665Z"}
2026-08-15T12:24:38.066735706Z {"message":"[GetQuote] received request","severity":"info","timestamp":"2026-08-15T12:24:38.065896284Z"}
2026-08-15T12:24:38.066798115Z {"message":"[GetQuote] completed request","severity":"info","timestamp":"2026-08-15T12:24:38.066040305Z"}
2026-08-15T12:24:38.165585631Z {"message":"[GetQuote] received request","severity":"info","timestamp":"2026-08-15T12:24:38.163399712Z"}
2026-08-15T12:24:38.165635138Z {"message":"[GetQuote] completed request","severity":"info","timestamp":"2026-08-15T12:24:38.163495326Z"}
2026-08-15T12:24:38.298816673Z {"message":"[GetQuote] received request","severity":"info","timestamp":"2026-08-15T12:24:38.298369007Z"}
2026-08-15T12:24:38.298857779Z {"message":"[GetQuote] completed request","severity":"info","timestamp":"2026-08-15T12:24:38.298534032Z"}
2026-08-15T12:24:38.945916401Z {"message":"[GetQuote] received request","severity":"info","timestamp":"2026-08-15T12:24:38.945418729Z"}
2026-08-15T12:24:38.945962608Z {"message":"[GetQuote] completed request","severity":"info","timestamp":"2026-08-15T12:24:38.945507742Z"}
2026-08-15T12:24:39.018277261Z {"message":"[GetQuote] received request","severity":"info","timestamp":"2026-08-15T12:24:39.017782188Z"}
2026-08-15T12:24:39.018322067Z {"message":"[GetQuote] completed request","severity":"info","timestamp":"2026-08-15T12:24:39.017891204Z"}
2026-08-15T12:24:39.025434605Z {"message":"[ShipOrder] received request","severity":"info","timestamp":"2026-08-15T12:24:39.025065951Z"}
2026-08-15T12:24:39.025473411Z {"message":"[ShipOrder] completed request","severity":"info","timestamp":"2026-08-15T12:24:39.025177568Z"}
2026-08-15T12:24:40.041953942Z {"message":"[GetQuote] received request","severity":"info","timestamp":"2026-08-15T12:24:40.041620893Z"}
2026-08-15T12:24:40.041991947Z {"message":"[GetQuote] completed request","severity":"info","timestamp":"2026-08-15T12:24:40.041696904Z"}
2026-08-15T12:24:40.219060586Z {"message":"[GetQuote] received request","severity":"info","timestamp":"2026-08-15T12:24:40.218759542Z"}
2026-08-15T12:24:40.219091791Z {"message":"[GetQuote] completed request","severity":"info","timestamp":"2026-08-15T12:24:40.218822251Z"}
2026-08-15T12:24:40.977345639Z {"message":"[GetQuote] received request","severity":"info","timestamp":"2026-08-15T12:24:40.977086702Z"}
2026-08-15T12:24:40.977375344Z {"message":"[GetQuote] completed request","severity":"info","timestamp":"2026-08-15T12:24:40.977132108Z"}
2026-08-15T12:24:42.293423952Z {"message":"[GetQuote] received request","severity":"info","timestamp":"2026-08-15T12:24:42.293117607Z"}
2026-08-15T12:24:42.293453456Z {"message":"[GetQuote] completed request","severity":"info","timestamp":"2026-08-15T12:24:42.293172915Z"}
2026-08-15T12:24:46.927119489Z {"message":"[GetQuote] received request","severity":"info","timestamp":"2026-08-15T12:24:46.926358778Z"}
2026-08-15T12:24:46.927212003Z {"message":"[GetQuote] completed request","severity":"info","timestamp":"2026-08-15T12:24:46.926529403Z"}
2026-08-15T12:24:47.218715787Z {"message":"[GetQuote] received request","severity":"info","timestamp":"2026-08-15T12:24:47.217391493Z"}
2026-08-15T12:24:47.218774795Z {"message":"[GetQuote] completed request","severity":"info","timestamp":"2026-08-15T12:24:47.217524412Z"}
2026-08-15T12:24:48.302788723Z {"message":"[GetQuote] received request","severity":"info","timestamp":"2026-08-15T12:24:48.302539487Z"}
2026-08-15T12:24:48.302819028Z {"message":"[GetQuote] completed request","severity":"info","timestamp":"2026-08-15T12:24:48.302589194Z"}
2026-08-15T12:24:48.399970653Z {"message":"[GetQuote] received request","severity":"info","timestamp":"2026-08-15T12:24:48.399393969Z"}
2026-08-15T12:24:48.400026461Z {"message":"[GetQuote] completed request","severity":"info","timestamp":"2026-08-15T12:24:48.399511286Z"}
2026-08-15T12:24:50.864954292Z {"message":"[GetQuote] received request","severity":"info","timestamp":"2026-08-15T12:24:50.86439871Z"}
2026-08-15T12:24:50.865141419Z {"message":"[GetQuote] completed request","severity":"info","timestamp":"2026-08-15T12:24:50.864527529Z"}
2026-08-15T12:24:55.197128626Z {"message":"[GetQuote] received request","severity":"info","timestamp":"2026-08-15T12:24:55.196335607Z"}
2026-08-15T12:24:55.197194935Z {"message":"[GetQuote] completed request","severity":"info","timestamp":"2026-08-15T12:24:55.196504332Z"}
2026-08-15T12:24:55.691475287Z {"message":"[GetQuote] received request","severity":"info","timestamp":"2026-08-15T12:24:55.690901902Z"}
2026-08-15T12:24:55.691612908Z {"message":"[GetQuote] completed request","severity":"info","timestamp":"2026-08-15T12:24:55.690997316Z"}
2026-08-15T12:24:56.768716341Z {"message":"[GetQuote] received request","severity":"info","timestamp":"2026-08-15T12:24:56.767811706Z"}
2026-08-15T12:24:56.768784552Z {"message":"[GetQuote] completed request","severity":"info","timestamp":"2026-08-15T12:24:56.767929724Z"}
2026-08-15T12:24:58.559581820Z {"message":"[GetQuote] received request","severity":"info","timestamp":"2026-08-15T12:24:58.559286276Z"}
2026-08-15T12:24:58.559610724Z {"message":"[GetQuote] completed request","severity":"info","timestamp":"2026-08-15T12:24:58.559371789Z"}
2026-08-15T12:24:58.568278820Z {"message":"[GetQuote] received request","severity":"info","timestamp":"2026-08-15T12:24:58.568075489Z"}
2026-08-15T12:24:58.568298422Z {"message":"[GetQuote] completed request","severity":"info","timestamp":"2026-08-15T12:24:58.568112695Z"}
2026-08-15T12:24:58.571519904Z {"message":"[ShipOrder] received request","severity":"info","timestamp":"2026-08-15T12:24:58.571258965Z"}
2026-08-15T12:24:58.571537006Z {"message":"[ShipOrder] completed request","severity":"info","timestamp":"2026-08-15T12:24:58.571317474Z"}
2026-08-15T12:24:59.415295375Z {"message":"[GetQuote] received request","severity":"info","timestamp":"2026-08-15T12:24:59.414574467Z"}
2026-08-15T12:24:59.415412592Z {"message":"[GetQuote] completed request","severity":"info","timestamp":"2026-08-15T12:24:59.414665681Z"}
2026-08-15T12:25:02.233210391Z {"message":"[GetQuote] received request","severity":"info","timestamp":"2026-08-15T12:25:02.232972255Z"}
2026-08-15T12:25:02.233243896Z {"message":"[GetQuote] completed request","severity":"info","timestamp":"2026-08-15T12:25:02.233040065Z"}
2026-08-15T12:25:03.439816162Z {"message":"[GetQuote] received request","severity":"info","timestamp":"2026-08-15T12:25:03.439377496Z"}
2026-08-15T12:25:03.439893773Z {"message":"[GetQuote] completed request","severity":"info","timestamp":"2026-08-15T12:25:03.439541121Z"}
2026-08-15T12:25:04.737741322Z {"message":"[GetQuote] received request","severity":"info","timestamp":"2026-08-15T12:25:04.737170836Z"}
2026-08-15T12:25:04.737817433Z {"message":"[GetQuote] completed request","severity":"info","timestamp":"2026-08-15T12:25:04.73726085Z"}
2026-08-15T12:25:04.843381257Z {"message":"[GetQuote] received request","severity":"info","timestamp":"2026-08-15T12:25:04.842880482Z"}
2026-08-15T12:25:04.843443167Z {"message":"[GetQuote] completed request","severity":"info","timestamp":"2026-08-15T12:25:04.843048007Z"}
2026-08-15T12:25:05.209910100Z {"message":"[GetQuote] received request","severity":"info","timestamp":"2026-08-15T12:25:05.209611256Z"}
2026-08-15T12:25:05.209948306Z {"message":"[GetQuote] completed request","severity":"info","timestamp":"2026-08-15T12:25:05.209656162Z"}
2026-08-15T12:25:05.256620302Z {"message":"[GetQuote] received request","severity":"info","timestamp":"2026-08-15T12:25:05.256437675Z"}
2026-08-15T12:25:05.256642106Z {"message":"[GetQuote] completed request","severity":"info","timestamp":"2026-08-15T12:25:05.256513086Z"}
2026-08-15T12:25:05.261351011Z {"message":"[ShipOrder] received request","severity":"info","timestamp":"2026-08-15T12:25:05.261178586Z"}
2026-08-15T12:25:05.261364413Z {"message":"[ShipOrder] completed request","severity":"info","timestamp":"2026-08-15T12:25:05.261219492Z"}
2026-08-15T12:25:05.492883018Z {"message":"[GetQuote] received request","severity":"info","timestamp":"2026-08-15T12:25:05.492514063Z"}
2026-08-15T12:25:05.492913923Z {"message":"[GetQuote] completed request","severity":"info","timestamp":"2026-08-15T12:25:05.492591075Z"}
2026-08-15T12:25:05.666260708Z {"message":"[GetQuote] received request","severity":"info","timestamp":"2026-08-15T12:25:05.665427883Z"}
2026-08-15T12:25:05.666337619Z {"message":"[GetQuote] completed request","severity":"info","timestamp":"2026-08-15T12:25:05.665595708Z"}
2026-08-15T12:25:05.715495088Z {"message":"[ShipOrder] received request","severity":"info","timestamp":"2026-08-15T12:25:05.714648361Z"}
2026-08-15T12:25:05.715541895Z {"message":"[ShipOrder] completed request","severity":"info","timestamp":"2026-08-15T12:25:05.714801484Z"}
2026-08-15T12:25:05.947873622Z {"message":"[GetQuote] received request","severity":"info","timestamp":"2026-08-15T12:25:05.946437406Z"}
2026-08-15T12:25:05.947933931Z {"message":"[GetQuote] completed request","severity":"info","timestamp":"2026-08-15T12:25:05.946907277Z"}
2026-08-15T12:25:06.037917619Z {"message":"[GetQuote] received request","severity":"info","timestamp":"2026-08-15T12:25:06.037740393Z"}
2026-08-15T12:25:06.037944924Z {"message":"[GetQuote] completed request","severity":"info","timestamp":"2026-08-15T12:25:06.037803202Z"}
2026-08-15T12:25:06.052128850Z {"message":"[GetQuote] received request","severity":"info","timestamp":"2026-08-15T12:25:06.051911117Z"}
2026-08-15T12:25:06.052152053Z {"message":"[GetQuote] completed request","severity":"info","timestamp":"2026-08-15T12:25:06.051965925Z"}
2026-08-15T12:25:06.057568365Z {"message":"[ShipOrder] received request","severity":"info","timestamp":"2026-08-15T12:25:06.057328729Z"}
2026-08-15T12:25:06.057586868Z {"message":"[ShipOrder] completed request","severity":"info","timestamp":"2026-08-15T12:25:06.057383937Z"}
2026-08-15T12:25:06.861111417Z {"message":"[GetQuote] received request","severity":"info","timestamp":"2026-08-15T12:25:06.860391709Z"}
2026-08-15T12:25:06.861188728Z {"message":"[GetQuote] completed request","severity":"info","timestamp":"2026-08-15T12:25:06.860476822Z"}
2026-08-15T12:25:07.088326877Z {"message":"[GetQuote] received request","severity":"info","timestamp":"2026-08-15T12:25:07.087666678Z"}
2026-08-15T12:25:07.088396487Z {"message":"[GetQuote] completed request","severity":"info","timestamp":"2026-08-15T12:25:07.087844104Z"}
2026-08-15T12:25:07.697654115Z {"message":"[GetQuote] received request","severity":"info","timestamp":"2026-08-15T12:25:07.697077329Z"}
2026-08-15T12:25:07.697849445Z {"message":"[GetQuote] completed request","severity":"info","timestamp":"2026-08-15T12:25:07.697167142Z"}
2026-08-15T12:25:08.117725384Z {"message":"[GetQuote] received request","severity":"info","timestamp":"2026-08-15T12:25:08.117234011Z"}
2026-08-15T12:25:08.117771991Z {"message":"[GetQuote] completed request","severity":"info","timestamp":"2026-08-15T12:25:08.117287619Z"}
2026-08-15T12:25:08.221976712Z {"message":"[GetQuote] received request","severity":"info","timestamp":"2026-08-15T12:25:08.221727874Z"}
2026-08-15T12:25:08.221999715Z {"message":"[GetQuote] completed request","severity":"info","timestamp":"2026-08-15T12:25:08.221776682Z"}
2026-08-15T12:25:08.225940206Z {"message":"[ShipOrder] received request","severity":"info","timestamp":"2026-08-15T12:25:08.225719173Z"}
2026-08-15T12:25:08.225958909Z {"message":"[ShipOrder] completed request","severity":"info","timestamp":"2026-08-15T12:25:08.22577068Z"}
2026-08-15T12:25:10.673463109Z {"message":"[GetQuote] received request","severity":"info","timestamp":"2026-08-15T12:25:10.672610882Z"}
2026-08-15T12:25:10.673539321Z {"message":"[GetQuote] completed request","severity":"info","timestamp":"2026-08-15T12:25:10.672755904Z"}
2026-08-15T12:25:13.728135713Z {"message":"[GetQuote] received request","severity":"info","timestamp":"2026-08-15T12:25:13.727073854Z"}
2026-08-15T12:25:13.728247330Z {"message":"[GetQuote] completed request","severity":"info","timestamp":"2026-08-15T12:25:13.727250881Z"}
2026-08-15T12:25:15.889050759Z {"message":"[GetQuote] received request","severity":"info","timestamp":"2026-08-15T12:25:15.888077413Z"}
2026-08-15T12:25:15.890101016Z {"message":"[GetQuote] completed request","severity":"info","timestamp":"2026-08-15T12:25:15.888340652Z"}
2026-08-15T12:25:21.397985448Z {"message":"[GetQuote] received request","severity":"info","timestamp":"2026-08-15T12:25:21.396950093Z"}
2026-08-15T12:25:21.398066460Z {"message":"[GetQuote] completed request","severity":"info","timestamp":"2026-08-15T12:25:21.397115818Z"}
2026-08-15T12:25:22.720044674Z {"message":"[GetQuote] received request","severity":"info","timestamp":"2026-08-15T12:25:22.719193046Z"}
2026-08-15T12:25:22.720119085Z {"message":"[GetQuote] completed request","severity":"info","timestamp":"2026-08-15T12:25:22.719398677Z"}
2026-08-15T12:25:22.956889650Z {"message":"[GetQuote] received request","severity":"info","timestamp":"2026-08-15T12:25:22.956647414Z"}
2026-08-15T12:25:22.956915654Z {"message":"[GetQuote] completed request","severity":"info","timestamp":"2026-08-15T12:25:22.956702322Z"}
2026-08-15T12:25:24.225048902Z {"message":"[GetQuote] received request","severity":"info","timestamp":"2026-08-15T12:25:24.224717253Z"}
2026-08-15T12:25:24.225096509Z {"message":"[GetQuote] completed request","severity":"info","timestamp":"2026-08-15T12:25:24.224801365Z"}
2026-08-15T12:25:24.675581486Z {"message":"[GetQuote] received request","severity":"info","timestamp":"2026-08-15T12:25:24.674729258Z"}
2026-08-15T12:25:24.675651396Z {"message":"[GetQuote] completed request","severity":"info","timestamp":"2026-08-15T12:25:24.674803169Z"}
2026-08-15T12:25:24.792749236Z {"message":"[GetQuote] received request","severity":"info","timestamp":"2026-08-15T12:25:24.792142645Z"}
2026-08-15T12:25:24.792815846Z {"message":"[GetQuote] completed request","severity":"info","timestamp":"2026-08-15T12:25:24.792218056Z"}
2026-08-15T12:25:25.202414307Z {"message":"[GetQuote] received request","severity":"info","timestamp":"2026-08-15T12:25:25.201874125Z"}
2026-08-15T12:25:25.202478717Z {"message":"[GetQuote] completed request","severity":"info","timestamp":"2026-08-15T12:25:25.202007346Z"}
2026-08-15T12:25:25.853150237Z {"message":"[GetQuote] received request","severity":"info","timestamp":"2026-08-15T12:25:25.852844291Z"}
2026-08-15T12:25:25.853184442Z {"message":"[GetQuote] completed request","severity":"info","timestamp":"2026-08-15T12:25:25.852907701Z"}
2026-08-15T12:25:26.091126424Z {"message":"[GetQuote] received request","severity":"info","timestamp":"2026-08-15T12:25:26.090578741Z"}
2026-08-15T12:25:26.091173731Z {"message":"[GetQuote] completed request","severity":"info","timestamp":"2026-08-15T12:25:26.09063645Z"}
2026-08-15T12:25:26.117832151Z {"message":"[GetQuote] received request","severity":"info","timestamp":"2026-08-15T12:25:26.11755961Z"}
2026-08-15T12:25:26.117864056Z {"message":"[GetQuote] completed request","severity":"info","timestamp":"2026-08-15T12:25:26.117605317Z"}
2026-08-15T12:25:26.123512908Z {"message":"[ShipOrder] received request","severity":"info","timestamp":"2026-08-15T12:25:26.123210962Z"}
2026-08-15T12:25:26.123537011Z {"message":"[ShipOrder] completed request","severity":"info","timestamp":"2026-08-15T12:25:26.123269571Z"}
2026-08-15T12:25:27.973110825Z {"message":"[GetQuote] received request","severity":"info","timestamp":"2026-08-15T12:25:27.972378514Z"}
2026-08-15T12:25:27.973179035Z {"message":"[GetQuote] completed request","severity":"info","timestamp":"2026-08-15T12:25:27.972487631Z"}
2026-08-15T12:25:30.257919171Z {"message":"[GetQuote] received request","severity":"info","timestamp":"2026-08-15T12:25:30.257559417Z"}
2026-08-15T12:25:30.257971979Z {"message":"[GetQuote] completed request","severity":"info","timestamp":"2026-08-15T12:25:30.257613325Z"}
2026-08-15T12:25:31.295122180Z {"message":"[GetQuote] received request","severity":"info","timestamp":"2026-08-15T12:25:31.294484384Z"}
2026-08-15T12:25:31.295209993Z {"message":"[GetQuote] completed request","severity":"info","timestamp":"2026-08-15T12:25:31.294650809Z"}
2026-08-15T12:25:32.893697943Z {"message":"[GetQuote] received request","severity":"info","timestamp":"2026-08-15T12:25:32.893457007Z"}
2026-08-15T12:25:32.893724247Z {"message":"[GetQuote] completed request","severity":"info","timestamp":"2026-08-15T12:25:32.893501214Z"}
2026-08-15T12:25:34.341511198Z {"message":"[GetQuote] received request","severity":"info","timestamp":"2026-08-15T12:25:34.340842596Z"}
2026-08-15T12:25:34.341602011Z {"message":"[GetQuote] completed request","severity":"info","timestamp":"2026-08-15T12:25:34.340983318Z"}
2026-08-15T12:25:35.132136196Z {"message":"[GetQuote] received request","severity":"info","timestamp":"2026-08-15T12:25:35.131798745Z"}
2026-08-15T12:25:35.132212007Z {"message":"[GetQuote] completed request","severity":"info","timestamp":"2026-08-15T12:25:35.131890159Z"}
2026-08-15T12:25:35.437840201Z {"message":"[GetQuote] received request","severity":"info","timestamp":"2026-08-15T12:25:35.436744836Z"}
2026-08-15T12:25:35.437874506Z {"message":"[GetQuote] completed request","severity":"info","timestamp":"2026-08-15T12:25:35.43683835Z"}
2026-08-15T12:25:35.502445566Z {"message":"[GetQuote] received request","severity":"info","timestamp":"2026-08-15T12:25:35.500632692Z"}
2026-08-15T12:25:35.502532979Z {"message":"[GetQuote] completed request","severity":"info","timestamp":"2026-08-15T12:25:35.500827521Z"}
2026-08-15T12:25:36.023565330Z {"message":"[GetQuote] received request","severity":"info","timestamp":"2026-08-15T12:25:36.023160669Z"}
2026-08-15T12:25:36.023925085Z {"message":"[GetQuote] completed request","severity":"info","timestamp":"2026-08-15T12:25:36.023252283Z"}
2026-08-15T12:25:36.298492484Z {"message":"[GetQuote] received request","severity":"info","timestamp":"2026-08-15T12:25:36.298230844Z"}
2026-08-15T12:25:36.298517988Z {"message":"[GetQuote] completed request","severity":"info","timestamp":"2026-08-15T12:25:36.298278352Z"}
2026-08-15T12:25:39.345190775Z {"message":"[GetQuote] received request","severity":"info","timestamp":"2026-08-15T12:25:39.344288938Z"}
2026-08-15T12:25:39.345369002Z {"message":"[GetQuote] completed request","severity":"info","timestamp":"2026-08-15T12:25:39.344453163Z"}
2026-08-15T12:25:39.434652196Z {"message":"[GetQuote] received request","severity":"info","timestamp":"2026-08-15T12:25:39.433756561Z"}
2026-08-15T12:25:39.434707705Z {"message":"[GetQuote] completed request","severity":"info","timestamp":"2026-08-15T12:25:39.433918685Z"}
2026-08-15T12:25:41.669655355Z {"message":"[GetQuote] received request","severity":"info","timestamp":"2026-08-15T12:25:41.669171882Z"}
2026-08-15T12:25:41.669703462Z {"message":"[GetQuote] completed request","severity":"info","timestamp":"2026-08-15T12:25:41.669394516Z"}
2026-08-15T12:25:41.818933640Z {"message":"[GetQuote] received request","severity":"info","timestamp":"2026-08-15T12:25:41.818179127Z"}
2026-08-15T12:25:41.819018853Z {"message":"[GetQuote] completed request","severity":"info","timestamp":"2026-08-15T12:25:41.818349653Z"}
2026-08-15T12:25:41.996422056Z {"message":"[GetQuote] received request","severity":"info","timestamp":"2026-08-15T12:25:41.995574829Z"}
2026-08-15T12:25:41.996492467Z {"message":"[GetQuote] completed request","severity":"info","timestamp":"2026-08-15T12:25:41.99571275Z"}
2026-08-15T12:25:42.986333867Z {"message":"[GetQuote] received request","severity":"info","timestamp":"2026-08-15T12:25:42.985762082Z"}
2026-08-15T12:25:42.986393076Z {"message":"[GetQuote] completed request","severity":"info","timestamp":"2026-08-15T12:25:42.985876999Z"}
2026-08-15T12:25:43.024439482Z {"message":"[GetQuote] received request","severity":"info","timestamp":"2026-08-15T12:25:43.023743077Z"}
2026-08-15T12:25:43.024496490Z {"message":"[GetQuote] completed request","severity":"info","timestamp":"2026-08-15T12:25:43.023880798Z"}
2026-08-15T12:25:43.032374072Z {"message":"[ShipOrder] received request","severity":"info","timestamp":"2026-08-15T12:25:43.031853693Z"}
2026-08-15T12:25:43.032407076Z {"message":"[ShipOrder] completed request","severity":"info","timestamp":"2026-08-15T12:25:43.03196591Z"}
2026-08-15T12:25:43.296723813Z {"message":"[GetQuote] received request","severity":"info","timestamp":"2026-08-15T12:25:43.293878086Z"}
2026-08-15T12:25:43.296799824Z {"message":"[GetQuote] completed request","severity":"info","timestamp":"2026-08-15T12:25:43.294052612Z"}
2026-08-15T12:25:43.435684151Z {"message":"[GetQuote] received request","severity":"info","timestamp":"2026-08-15T12:25:43.435300493Z"}
2026-08-15T12:25:43.435729258Z {"message":"[GetQuote] completed request","severity":"info","timestamp":"2026-08-15T12:25:43.435391007Z"}
2026-08-15T12:25:43.445486721Z {"message":"[ShipOrder] received request","severity":"info","timestamp":"2026-08-15T12:25:43.444496772Z"}
2026-08-15T12:25:43.447495922Z {"message":"[ShipOrder] completed request","severity":"info","timestamp":"2026-08-15T12:25:43.447159572Z"}
2026-08-15T12:25:46.380746386Z {"message":"[GetQuote] received request","severity":"info","timestamp":"2026-08-15T12:25:46.379922762Z"}
2026-08-15T12:25:46.380834899Z {"message":"[GetQuote] completed request","severity":"info","timestamp":"2026-08-15T12:25:46.380093788Z"}
2026-08-15T12:25:46.456226204Z {"message":"[GetQuote] received request","severity":"info","timestamp":"2026-08-15T12:25:46.455284363Z"}
2026-08-15T12:25:46.456304016Z {"message":"[GetQuote] completed request","severity":"info","timestamp":"2026-08-15T12:25:46.455428385Z"}
2026-08-15T12:25:46.469159444Z {"message":"[ShipOrder] received request","severity":"info","timestamp":"2026-08-15T12:25:46.467784038Z"}
2026-08-15T12:25:46.469223153Z {"message":"[ShipOrder] completed request","severity":"info","timestamp":"2026-08-15T12:25:46.467879652Z"}
2026-08-15T12:25:47.227174714Z {"message":"[GetQuote] received request","severity":"info","timestamp":"2026-08-15T12:25:47.226440204Z"}
2026-08-15T12:25:47.227256526Z {"message":"[GetQuote] completed request","severity":"info","timestamp":"2026-08-15T12:25:47.226740549Z"}
2026-08-15T12:25:48.481649632Z {"message":"[GetQuote] received request","severity":"info","timestamp":"2026-08-15T12:25:48.481350187Z"}
2026-08-15T12:25:48.481684137Z {"message":"[GetQuote] completed request","severity":"info","timestamp":"2026-08-15T12:25:48.481414197Z"}
2026-08-15T12:25:48.592056789Z {"message":"[GetQuote] received request","severity":"info","timestamp":"2026-08-15T12:25:48.591379687Z"}
2026-08-15T12:25:48.592136200Z {"message":"[GetQuote] completed request","severity":"info","timestamp":"2026-08-15T12:25:48.591519408Z"}
2026-08-15T12:25:50.144833973Z {"message":"[GetQuote] received request","severity":"info","timestamp":"2026-08-15T12:25:50.143572867Z"}
2026-08-15T12:25:50.144905284Z {"message":"[GetQuote] completed request","severity":"info","timestamp":"2026-08-15T12:25:50.143710189Z"}
2026-08-15T12:25:54.281630584Z {"message":"[GetQuote] received request","severity":"info","timestamp":"2026-08-15T12:25:54.281356239Z"}
2026-08-15T12:25:54.281681692Z {"message":"[GetQuote] completed request","severity":"info","timestamp":"2026-08-15T12:25:54.28142555Z"}
2026-08-15T12:25:55.987787558Z {"message":"[GetQuote] received request","severity":"info","timestamp":"2026-08-15T12:25:55.987113748Z"}
2026-08-15T12:25:55.987856869Z {"message":"[GetQuote] completed request","severity":"info","timestamp":"2026-08-15T12:25:55.987331083Z"}
2026-08-15T12:25:56.237730723Z {"message":"[GetQuote] received request","severity":"info","timestamp":"2026-08-15T12:25:56.237490684Z"}
2026-08-15T12:25:56.237754027Z {"message":"[GetQuote] completed request","severity":"info","timestamp":"2026-08-15T12:25:56.237537992Z"}
2026-08-15T12:25:59.294397844Z {"message":"[GetQuote] received request","severity":"info","timestamp":"2026-08-15T12:25:59.293461354Z"}
2026-08-15T12:25:59.294473884Z {"message":"[GetQuote] completed request","severity":"info","timestamp":"2026-08-15T12:25:59.293634445Z"}
2026-08-15T12:26:01.496844353Z {"message":"[GetQuote] received request","severity":"info","timestamp":"2026-08-15T12:26:01.496573612Z"}
2026-08-15T12:26:01.496886475Z {"message":"[GetQuote] completed request","severity":"info","timestamp":"2026-08-15T12:26:01.496632743Z"}
2026-08-15T12:26:08.503748056Z {"message":"[GetQuote] received request","severity":"info","timestamp":"2026-08-15T12:26:08.503297385Z"}
2026-08-15T12:26:08.503805565Z {"message":"[GetQuote] completed request","severity":"info","timestamp":"2026-08-15T12:26:08.503395901Z"}
2026-08-15T12:26:08.522731830Z {"message":"[GetQuote] received request","severity":"info","timestamp":"2026-08-15T12:26:08.522178543Z"}
2026-08-15T12:26:08.522805141Z {"message":"[GetQuote] completed request","severity":"info","timestamp":"2026-08-15T12:26:08.522272658Z"}
2026-08-15T12:26:08.529101327Z {"message":"[ShipOrder] received request","severity":"info","timestamp":"2026-08-15T12:26:08.528746072Z"}
2026-08-15T12:26:08.529135633Z {"message":"[ShipOrder] completed request","severity":"info","timestamp":"2026-08-15T12:26:08.528849688Z"}
2026-08-15T12:26:09.199064871Z {"message":"[GetQuote] received request","severity":"info","timestamp":"2026-08-15T12:26:09.197427015Z"}
2026-08-15T12:26:09.199128181Z {"message":"[GetQuote] completed request","severity":"info","timestamp":"2026-08-15T12:26:09.197545933Z"}
2026-08-15T12:26:09.315761151Z {"message":"[GetQuote] received request","severity":"info","timestamp":"2026-08-15T12:26:09.315104048Z"}
2026-08-15T12:26:09.315826161Z {"message":"[GetQuote] completed request","severity":"info","timestamp":"2026-08-15T12:26:09.315263973Z"}
2026-08-15T12:26:09.327663215Z {"message":"[ShipOrder] received request","severity":"info","timestamp":"2026-08-15T12:26:09.32686659Z"}
2026-08-15T12:26:09.327722825Z {"message":"[ShipOrder] completed request","severity":"info","timestamp":"2026-08-15T12:26:09.327034617Z"}
2026-08-15T12:26:10.407811211Z {"message":"[GetQuote] received request","severity":"info","timestamp":"2026-08-15T12:26:10.407118203Z"}
2026-08-15T12:26:10.407892024Z {"message":"[GetQuote] completed request","severity":"info","timestamp":"2026-08-15T12:26:10.407280028Z"}
2026-08-15T12:26:12.427892486Z {"message":"[GetQuote] received request","severity":"info","timestamp":"2026-08-15T12:26:12.42740341Z"}
2026-08-15T12:26:12.427950296Z {"message":"[GetQuote] completed request","severity":"info","timestamp":"2026-08-15T12:26:12.427541932Z"}
2026-08-15T12:26:13.016056217Z {"message":"[GetQuote] received request","severity":"info","timestamp":"2026-08-15T12:26:13.013354294Z"}
2026-08-15T12:26:13.018029526Z {"message":"[GetQuote] completed request","severity":"info","timestamp":"2026-08-15T12:26:13.016012911Z"}
2026-08-15T12:26:13.753985908Z {"message":"[GetQuote] received request","severity":"info","timestamp":"2026-08-15T12:26:13.752668701Z"}
2026-08-15T12:26:13.754118629Z {"message":"[GetQuote] completed request","severity":"info","timestamp":"2026-08-15T12:26:13.752780418Z"}
2026-08-15T12:26:16.782628098Z {"message":"[GetQuote] received request","severity":"info","timestamp":"2026-08-15T12:26:16.781852276Z"}
2026-08-15T12:26:16.782710611Z {"message":"[GetQuote] completed request","severity":"info","timestamp":"2026-08-15T12:26:16.782018202Z"}
2026-08-15T12:26:18.079378970Z {"message":"[GetQuote] received request","severity":"info","timestamp":"2026-08-15T12:26:18.078820982Z"}
2026-08-15T12:26:18.079515491Z {"message":"[GetQuote] completed request","severity":"info","timestamp":"2026-08-15T12:26:18.078879191Z"}
2026-08-15T12:26:18.758762690Z {"message":"[GetQuote] received request","severity":"info","timestamp":"2026-08-15T12:26:18.758079783Z"}
2026-08-15T12:26:18.758835202Z {"message":"[GetQuote] completed request","severity":"info","timestamp":"2026-08-15T12:26:18.758244809Z"}
2026-08-15T12:26:18.841061855Z {"message":"[GetQuote] received request","severity":"info","timestamp":"2026-08-15T12:26:18.840416653Z"}
2026-08-15T12:26:18.841140167Z {"message":"[GetQuote] completed request","severity":"info","timestamp":"2026-08-15T12:26:18.840505267Z"}
2026-08-15T12:26:18.860523120Z {"message":"[ShipOrder] received request","severity":"info","timestamp":"2026-08-15T12:26:18.860111555Z"}
2026-08-15T12:26:18.860563327Z {"message":"[ShipOrder] completed request","severity":"info","timestamp":"2026-08-15T12:26:18.860176566Z"}
2026-08-15T12:26:19.229046772Z {"message":"[GetQuote] received request","severity":"info","timestamp":"2026-08-15T12:26:19.228255148Z"}
2026-08-15T12:26:19.229128985Z {"message":"[GetQuote] completed request","severity":"info","timestamp":"2026-08-15T12:26:19.228409772Z"}
2026-08-15T12:26:20.021373284Z {"message":"[GetQuote] received request","severity":"info","timestamp":"2026-08-15T12:26:20.02058426Z"}
2026-08-15T12:26:20.021435194Z {"message":"[GetQuote] completed request","severity":"info","timestamp":"2026-08-15T12:26:20.02064747Z"}
2026-08-15T12:26:20.152110379Z {"message":"[GetQuote] received request","severity":"info","timestamp":"2026-08-15T12:26:20.151841836Z"}
2026-08-15T12:26:20.152134583Z {"message":"[GetQuote] completed request","severity":"info","timestamp":"2026-08-15T12:26:20.151882443Z"}
2026-08-15T12:26:23.830957675Z {"message":"[GetQuote] received request","severity":"info","timestamp":"2026-08-15T12:26:23.830298763Z"}
2026-08-15T12:26:23.831038688Z {"message":"[GetQuote] completed request","severity":"info","timestamp":"2026-08-15T12:26:23.830444888Z"}
2026-08-15T12:26:24.796032836Z {"message":"[GetQuote] received request","severity":"info","timestamp":"2026-08-15T12:26:24.795132783Z"}
2026-08-15T12:26:24.796116050Z {"message":"[GetQuote] completed request","severity":"info","timestamp":"2026-08-15T12:26:24.795303512Z"}
2026-08-15T12:26:26.616088054Z {"message":"[GetQuote] received request","severity":"info","timestamp":"2026-08-15T12:26:26.615626676Z"}
2026-08-15T12:26:26.616138263Z {"message":"[GetQuote] completed request","severity":"info","timestamp":"2026-08-15T12:26:26.61571149Z"}
2026-08-15T12:26:26.656644344Z {"message":"[GetQuote] received request","severity":"info","timestamp":"2026-08-15T12:26:26.656335692Z"}
2026-08-15T12:26:26.656688952Z {"message":"[GetQuote] completed request","severity":"info","timestamp":"2026-08-15T12:26:26.65644161Z"}
2026-08-15T12:26:26.664739720Z {"message":"[ShipOrder] received request","severity":"info","timestamp":"2026-08-15T12:26:26.664261538Z"}
2026-08-15T12:26:26.664779926Z {"message":"[ShipOrder] completed request","severity":"info","timestamp":"2026-08-15T12:26:26.664353754Z"}
2026-08-15T12:26:27.374949381Z {"message":"[GetQuote] received request","severity":"info","timestamp":"2026-08-15T12:26:27.374627626Z"}
2026-08-15T12:26:27.375003890Z {"message":"[GetQuote] completed request","severity":"info","timestamp":"2026-08-15T12:26:27.374679435Z"}
2026-08-15T12:26:29.484541811Z {"message":"[GetQuote] received request","severity":"info","timestamp":"2026-08-15T12:26:29.484127844Z"}
2026-08-15T12:26:29.484588719Z {"message":"[GetQuote] completed request","severity":"info","timestamp":"2026-08-15T12:26:29.484210157Z"}
2026-08-15T12:26:30.593731390Z {"message":"[GetQuote] received request","severity":"info","timestamp":"2026-08-15T12:26:30.593248412Z"}
2026-08-15T12:26:30.593786699Z {"message":"[GetQuote] completed request","severity":"info","timestamp":"2026-08-15T12:26:30.593372532Z"}
2026-08-15T12:26:30.619492075Z {"message":"[GetQuote] received request","severity":"info","timestamp":"2026-08-15T12:26:30.618945186Z"}
2026-08-15T12:26:30.619537082Z {"message":"[GetQuote] completed request","severity":"info","timestamp":"2026-08-15T12:26:30.619046703Z"}
2026-08-15T12:26:30.628588353Z {"message":"[ShipOrder] received request","severity":"info","timestamp":"2026-08-15T12:26:30.627948249Z"}
2026-08-15T12:26:30.628637061Z {"message":"[ShipOrder] completed request","severity":"info","timestamp":"2026-08-15T12:26:30.628101073Z"}
2026-08-15T12:26:31.730470145Z {"message":"[GetQuote] received request","severity":"info","timestamp":"2026-08-15T12:26:31.729812538Z"}
2026-08-15T12:26:31.730584563Z {"message":"[GetQuote] completed request","severity":"info","timestamp":"2026-08-15T12:26:31.729975364Z"}
2026-08-15T12:26:32.896672285Z {"message":"[GetQuote] received request","severity":"info","timestamp":"2026-08-15T12:26:32.89645695Z"}
2026-08-15T12:26:32.896701090Z {"message":"[GetQuote] completed request","severity":"info","timestamp":"2026-08-15T12:26:32.896495856Z"}
2026-08-15T12:26:35.496462700Z {"message":"[GetQuote] received request","severity":"info","timestamp":"2026-08-15T12:26:35.495768188Z"}
2026-08-15T12:26:35.496534012Z {"message":"[GetQuote] completed request","severity":"info","timestamp":"2026-08-15T12:26:35.495917112Z"}
2026-08-15T12:26:35.532119493Z {"message":"[GetQuote] received request","severity":"info","timestamp":"2026-08-15T12:26:35.531530097Z"}
2026-08-15T12:26:35.532176202Z {"message":"[GetQuote] completed request","severity":"info","timestamp":"2026-08-15T12:26:35.531662518Z"}
2026-08-15T12:26:35.542876040Z {"message":"[ShipOrder] received request","severity":"info","timestamp":"2026-08-15T12:26:35.541915484Z"}
2026-08-15T12:26:35.543817293Z {"message":"[ShipOrder] completed request","severity":"info","timestamp":"2026-08-15T12:26:35.542904645Z"}
2026-08-15T12:26:35.941974870Z {"message":"[GetQuote] received request","severity":"info","timestamp":"2026-08-15T12:26:35.94104832Z"}
2026-08-15T12:26:35.942057284Z {"message":"[GetQuote] completed request","severity":"info","timestamp":"2026-08-15T12:26:35.941224348Z"}
2026-08-15T12:26:37.134234544Z {"message":"[GetQuote] received request","severity":"info","timestamp":"2026-08-15T12:26:37.133587638Z"}
2026-08-15T12:26:37.134295453Z {"message":"[GetQuote] completed request","severity":"info","timestamp":"2026-08-15T12:26:37.133693056Z"}
2026-08-15T12:26:37.260590876Z {"message":"[GetQuote] received request","severity":"info","timestamp":"2026-08-15T12:26:37.260322262Z"}
2026-08-15T12:26:37.260624978Z {"message":"[GetQuote] completed request","severity":"info","timestamp":"2026-08-15T12:26:37.260390865Z"}
2026-08-15T12:26:39.097951400Z {"message":"[GetQuote] received request","severity":"info","timestamp":"2026-08-15T12:26:39.097735088Z"}
2026-08-15T12:26:39.097974502Z {"message":"[GetQuote] completed request","severity":"info","timestamp":"2026-08-15T12:26:39.09777069Z"}
2026-08-15T12:26:39.944724089Z {"message":"[GetQuote] received request","severity":"info","timestamp":"2026-08-15T12:26:39.943065097Z"}
2026-08-15T12:26:39.944873597Z {"message":"[GetQuote] completed request","severity":"info","timestamp":"2026-08-15T12:26:39.943418417Z"}
2026-08-15T12:26:40.133893742Z {"message":"[GetQuote] received request","severity":"info","timestamp":"2026-08-15T12:26:40.133297109Z"}
2026-08-15T12:26:40.133950045Z {"message":"[GetQuote] completed request","severity":"info","timestamp":"2026-08-15T12:26:40.133467118Z"}
2026-08-15T12:26:40.422240274Z {"message":"[GetQuote] received request","severity":"info","timestamp":"2026-08-15T12:26:40.421571937Z"}
2026-08-15T12:26:40.422304778Z {"message":"[GetQuote] completed request","severity":"info","timestamp":"2026-08-15T12:26:40.421669243Z"}
2026-08-15T12:26:41.106674593Z {"message":"[GetQuote] received request","severity":"info","timestamp":"2026-08-15T12:26:41.10644538Z"}
2026-08-15T12:26:41.106703795Z {"message":"[GetQuote] completed request","severity":"info","timestamp":"2026-08-15T12:26:41.106531185Z"}
